policy,chunk_id,episode,win,draw,loss,sap,sbf,mecha,cv
GKBug_v0,0,0,1,0,0,51.79166666666667,19.0,0.05831887076564026,0.007725693656034731
GKBug_v0,0,1,0,1,0,99.55833333333334,2.0,0.0,9.699734088300598e-05
GKBug_v0,0,2,1,0,0,55.65,27.75,0.05015065397879838,0.005863674160577005
GKBug_v0,0,3,1,0,0,48.425000000000004,27.0,0.07795976348974128,0.007509194367236857
GKBug_v0,0,4,0,1,0,50.349999999999994,6.75,0.04673286971102872,0.0007163932398767739
GKBug_v0,0,5,1,0,0,54.675,53.25,0.05267903200203764,0.015757178174632
GKBug_v0,0,6,1,0,0,84.91666666666666,15.5,0.06439905915316159,0.010658825866700092
GKBug_v0,0,7,0,1,0,99.44166666666666,2.5,0.0,0.00013433224670497898
GKBug_v0,0,8,1,0,0,63.23333333333333,48.5,0.056329361194266285,0.016998043567347264
GKBug_v0,0,9,1,0,0,54.833333333333336,59.0,0.06363305673119886,0.012645482026934041
GKBug_v0,0,10,0,1,0,49.833333333333336,1.0,0.052775213965335854,0.0003421893235339256
GKBug_v0,0,11,1,0,0,56.791666666666664,25.75,0.04041045776643525,0.011800151297566707
GKBug_v0,0,12,1,0,0,56.225,22.25,0.06667249236018685,0.012303050701903007
GKBug_v0,0,13,1,0,0,57.025000000000006,67.25,0.07024233914879503,0.008182162509758957
GKBug_v0,0,14,1,0,0,57.91666666666667,61.25,0.08077768044526969,0.016403680672629282
GKBug_v0,0,15,1,0,0,67.15,39.5,0.05651449084011173,0.015205938139668189
GKBug_v0,0,16,0,1,0,49.525000000000006,4.0,0.041421670125998684,0.0007922084899063897
GKBug_v0,0,17,1,0,0,59.30833333333333,49.5,0.05206122215834681,0.010544013506024418
GKBug_v0,0,18,1,0,0,47.81666666666667,37.0,0.04815489750679266,0.004891070184325445
GKBug_v0,0,19,1,0,0,52.53333333333333,51.75,0.07617153743610537,0.01255073013519275
GKBug_v0,0,20,1,0,0,55.708333333333336,61.0,0.0687030128353873,0.009916558209248062
GKBug_v0,0,21,0,1,0,77.44166666666666,12.0,0.033469137656393595,0.005621989647265541
GKBug_v0,0,22,1,0,0,29.349999999999998,14.25,0.055138552726250775,0.003670836421487477
GKBug_v0,0,23,1,0,0,45.55833333333334,31.0,0.0541811568789717,0.014486846617589689
GKBug_v0,0,24,1,0,0,51.583333333333336,45.25,0.07680280699880869,0.016225459035955996
GKBug_v0,1,0,1,0,0,41.325,33.0,0.04842346875480688,0.010871338590868605
GKBug_v0,1,1,1,0,0,56.49166666666666,54.25,0.06247014745593701,0.014587850869005544
GKBug_v0,1,2,1,0,0,57.425000000000004,30.75,0.06020279428051539,0.0066639291435013626
GKBug_v0,1,3,0,1,0,74.93333333333332,4.25,0.05861981825500522,0.00014479433351906093
GKBug_v0,1,4,0,1,0,49.583333333333336,5.25,0.0646100657017432,0.002401627136414761
GKBug_v0,1,5,1,0,0,67.16666666666666,48.25,0.05106033868246673,0.012960701017019152
GKBug_v0,1,6,0,1,0,45.824999999999996,13.25,0.05525564405887711,0.006478138330215963
GKBug_v0,1,7,1,0,0,61.633333333333326,35.25,0.05479731875319733,0.016674812914943094
GKBug_v0,1,8,1,0,0,49.166666666666664,24.75,0.052996810538367876,0.007138127914625505
GKBug_v0,1,9,1,0,0,53.98333333333334,73.0,0.060618546305559406,0.017458868688860905
GKBug_v0,1,10,1,0,0,52.43333333333333,51.25,0.05846978558012639,0.011835439896745868
GKBug_v0,1,11,1,0,0,61.18333333333334,56.0,0.05762795188076321,0.020549421270773745
GKBug_v0,1,12,1,0,0,61.175000000000004,48.5,0.07093516135035507,0.011981248977291492
GKBug_v0,1,13,1,0,0,69.58333333333333,60.0,0.08550327196932982,0.01024871913640726
GKBug_v0,1,14,1,0,0,63.74166666666666,23.75,0.06156694640394781,0.010500495200332957
GKBug_v0,1,15,0,1,0,57.45,19.5,0.04106323528092403,0.0045959101245
GKBug_v0,1,16,1,0,0,60.25,43.25,0.08132242278880845,0.013514452415943264
GKBug_v0,1,17,1,0,0,63.075,58.5,0.0673744336548695,0.01873987044954479
GKBug_v0,1,18,1,0,0,43.99166666666667,8.25,0.06438758650766799,0.006603182351670384
GKBug_v0,1,19,1,0,0,60.31666666666666,50.25,0.06630013013402496,0.010533837220135992
GKBug_v0,1,20,0,1,0,49.858333333333334,1.0,0.04579986960896025,0.00021319615922512963
GKBug_v0,1,21,1,0,0,51.43333333333333,25.25,0.05895331848729291,0.010451632957533883
GKBug_v0,1,22,1,0,0,58.58333333333333,48.5,0.06671167932125796,0.008529734890520325
GKBug_v0,1,23,1,0,0,51.66666666666667,49.5,0.05760437398736843,0.02046080459845755
GKBug_v0,1,24,1,0,0,50.16666666666667,4.75,0.05676502014648185,0.0009726589435436177
GKBug_v0,2,0,0,1,0,50.175000000000004,6.0,0.04375772290388321,0.001799412291011461
GKBug_v0,2,1,1,0,0,61.625,49.0,0.08078736450491462,0.01345073980275367
GKBug_v0,2,2,1,0,0,54.34166666666667,28.75,0.06532026787290057,0.011163046434229848
GKBug_v0,2,3,1,0,0,59.99166666666667,53.0,0.06933247723077104,0.010002173222403354
GKBug_v0,2,4,1,0,0,59.12500000000001,45.5,0.06245095358091309,0.01827723734001045
GKBug_v0,2,5,1,0,0,96.74166666666667,6.5,0.05276607183159907,0.0007547857593059508
GKBug_v0,2,6,1,0,0,59.233333333333334,50.25,0.07196745756716501,0.008459088799475656
GKBug_v0,2,7,1,0,0,57.266666666666666,63.75,0.07911938204771363,0.016890518968208274
GKBug_v0,2,8,1,0,0,56.38333333333333,34.75,0.050404309853721664,0.00872628978490057
GKBug_v0,2,9,1,0,0,55.08333333333333,71.25,0.08165371017673184,0.010463757122642385
GKBug_v0,2,10,1,0,0,48.88333333333333,18.75,0.05802391672121266,0.0036507880045631652
GKBug_v0,2,11,1,0,0,57.65,57.25,0.06790472346284496,0.012322177349942898
GKBug_v0,2,12,1,0,0,54.641666666666666,55.5,0.06892712317207501,0.015596302704127235
GKBug_v0,2,13,1,0,0,60.75000000000001,59.0,0.07049996217764713,0.011495561176111033
GKBug_v0,2,14,0,1,0,49.733333333333334,2.5,0.05167730576594886,0.00039499646987838273
GKBug_v0,2,15,1,0,0,62.2,55.5,0.07956520721339144,0.015109851444481348
GKBug_v0,2,16,1,0,0,58.15833333333333,48.0,0.06778028652153559,0.029616877207043847
GKBug_v0,2,17,1,0,0,50.025,59.5,0.06392999593015293,0.014872919141179256
GKBug_v0,2,18,1,0,0,56.55833333333333,52.25,0.07234760266938928,0.009492451931598964
GKBug_v0,2,19,1,0,0,51.65833333333333,62.0,0.0746758849680956,0.020676132020036056
GKBug_v0,2,20,1,0,0,52.21666666666667,23.75,0.0516158597125883,0.008432126346688105
GKBug_v0,2,21,1,0,0,55.766666666666666,50.5,0.05429270368546464,0.007909357082619558
GKBug_v0,2,22,1,0,0,50.15833333333334,31.5,0.05574867810084917,0.007024839487151194
GKBug_v0,2,23,1,0,0,64.53333333333333,41.25,0.06967488523881485,0.013663334143711991
GKBug_v0,2,24,1,0,0,54.833333333333336,49.5,0.0753202162647698,0.007159960107482089
GKBug_v0,3,0,1,0,0,62.458333333333336,42.25,0.08790507576340657,0.02021821274289202
GKBug_v0,3,1,1,0,0,47.9,29.25,0.07422475872036711,0.0070329835853023505
GKBug_v0,3,2,1,0,0,58.766666666666666,23.75,0.06081393720139484,0.007416806664170724
GKBug_v0,3,3,0,1,0,65.38333333333334,36.25,0.07426836924131876,0.01706244666234357
GKBug_v0,3,4,1,0,0,61.31666666666666,47.0,0.0734344132922372,0.02406204313063568
GKBug_v0,3,5,1,0,0,67.39166666666667,62.25,0.08170039740605585,0.01834201683422198
GKBug_v0,3,6,1,0,0,60.00833333333333,54.25,0.08715715694057259,0.02622239396380211
GKBug_v0,3,7,1,0,0,60.04166666666667,32.5,0.06197083811920773,0.00815456645355735
GKBug_v0,3,8,1,0,0,53.41666666666667,38.75,0.07278364654264828,0.016120994574690982
GKBug_v0,3,9,1,0,0,57.69166666666666,56.75,0.07359030352694286,0.0134270905339339
GKBug_v0,3,10,0,1,0,54.39166666666667,20.75,0.058662405273781214,0.00744889683087531
GKBug_v0,3,11,0,1,0,95.175,10.5,0.12967360283778695,0.0018678844361630276
GKBug_v0,3,12,1,0,0,77.20833333333333,20.5,0.07291021011301668,0.007684426533473303
GKBug_v0,3,13,1,0,0,69.88333333333333,32.75,0.08287698379959416,0.0217662544128302
GKBug_v0,3,14,0,0,1,42.34166666666667,20.5,0.0464729414980896,0.010082870352881468
GKBug_v0,3,15,1,0,0,62.55,44.5,0.07396283808522319,0.021347143051462205
GKBug_v0,3,16,1,0,0,51.24166666666666,17.25,0.06396016220034331,0.018966949504183355
GKBug_v0,3,17,1,0,0,62.375,43.75,0.06162406025850777,0.007835469714239547
GKBug_v0,3,18,1,0,0,61.425,50.75,0.06534300610243622,0.011566829905722038
GKBug_v0,3,19,0,1,0,51.94166666666666,13.0,0.06838239370325021,0.0044484169375450175
GKBug_v0,3,20,1,0,0,58.01666666666667,25.5,0.05981623390967071,0.015133666393439018
GKBug_v0,3,21,0,1,0,72.95,9.75,0.0696087139070284,0.0033620335078051473
GKBug_v0,3,22,1,0,0,66.00833333333334,42.0,0.07826867743247803,0.011264127559983838
GKBug_v0,3,23,0,1,0,89.15833333333333,13.5,0.04681692101476965,0.005232103412864801
GKBug_v0,3,24,1,0,0,69.85,38.75,0.062107019288784926,0.0172813459766028
GKBug_v0,4,0,0,1,0,71.81666666666666,5.25,0.05699157774013751,0.0024568401968073244
GKBug_v0,4,1,0,1,0,87.13333333333333,3.5,0.0,0.0001307131959423012
GKBug_v0,4,2,1,0,0,59.891666666666666,47.5,0.06314603498938645,0.012039825886367338
GKBug_v0,4,3,1,0,0,59.375,46.75,0.0530115344240677,0.02035466792686087
GKBug_v0,4,4,0,1,0,90.375,16.0,0.10916636255214189,0.01335322179775678
GKBug_v0,4,5,0,1,0,75.10833333333333,3.25,0.0,0.0001259751788644867
GKBug_v0,4,6,1,0,0,61.44166666666667,43.25,0.07313931399338026,0.022055578723531442
GKBug_v0,4,7,1,0,0,61.81666666666666,45.25,0.08984023689460371,0.023180884650371613
GKBug_v0,4,8,1,0,0,58.12500000000001,49.5,0.06696756474301242,0.012492618856226295
GKBug_v0,4,9,0,0,1,66.45833333333333,49.25,0.08170392654436232,0.015129275371708906
GKBug_v0,4,10,0,1,0,73.79166666666667,2.75,0.07108402868272673,0.00024513508595048263
GKBug_v0,4,11,1,0,0,60.775,31.25,0.09169818266500818,0.01640031768006167
GKBug_v0,4,12,1,0,0,67.71666666666667,46.5,0.10447021758753848,0.012814977926743184
GKBug_v0,4,13,0,1,0,69.64166666666667,15.25,0.0570774752235973,0.004386639467199709
GKBug_v0,4,14,1,0,0,57.08333333333333,54.0,0.06151401718317202,0.013240888548459864
GKBug_v0,4,15,0,1,0,71.10833333333333,45.5,0.0689838007052307,0.010240940890647476
GKBug_v0,4,16,0,1,0,73.56666666666666,3.25,0.10024852510282266,0.000286993435109174
GKBug_v0,4,17,1,0,0,70.39999999999999,53.25,0.07460912600170543,0.018332227026499955
GKBug_v0,4,18,0,1,0,57.425000000000004,20.0,0.04775008341521799,0.004822741585853038
GKBug_v0,4,19,1,0,0,68.44166666666666,35.5,0.07317267025743537,0.009571911740525015
GKBug_v0,4,20,1,0,0,44.29166666666667,20.25,0.06998174644960281,0.011264751765873444
GKBug_v0,4,21,1,0,0,65.77499999999999,52.75,0.07726960151478589,0.0104969858605784
GKBug_v0,4,22,0,1,0,62.291666666666664,9.0,0.04851345742274738,0.018734502400368377
GKBug_v0,4,23,1,0,0,65.88333333333334,51.75,0.08610026508346677,0.009888675692472723
GKBug_v0,4,24,1,0,0,74.25,40.0,0.08555553164163514,0.012377660545363232
GKBug_v0,5,0,1,0,0,47.94166666666666,25.25,0.05438852364503411,0.013861298537117012
GKBug_v0,5,1,1,0,0,72.75,41.5,0.07028610420078381,0.02709281046363434
GKBug_v0,5,2,1,0,0,61.55833333333334,41.75,0.0769288590866941,0.019138743785365238
GKBug_v0,5,3,1,0,0,64.45,52.25,0.06668700047657242,0.008738739103478724
GKBug_v0,5,4,1,0,0,64.59166666666667,47.0,0.0703320119159703,0.013821017847317202
GKBug_v0,5,5,0,1,0,94.6,7.5,0.11840546892290067,0.0012542050399072817
GKBug_v0,5,6,1,0,0,64.53333333333333,55.25,0.07341540906101736,0.00823430580748876
GKBug_v0,5,7,0,1,0,72.0,25.75,0.08614428165912558,0.01317168894670468
GKBug_v0,5,8,1,0,0,56.54166666666667,52.5,0.07285087872834756,0.013031836606026899
GKBug_v0,5,9,1,0,0,72.36666666666667,25.5,0.04913900529816245,0.00800574536130424
GKBug_v0,5,10,1,0,0,52.76666666666666,16.25,0.05153485483456692,0.006100400861803849
GKBug_v0,5,11,1,0,0,60.95,59.0,0.09641010902356119,0.016195849972598233
GKBug_v0,5,12,1,0,0,64.90833333333333,62.25,0.08548675554627438,0.01881141161214424
GKBug_v0,5,13,0,1,0,96.13333333333334,5.0,0.058375512202294186,0.0008955777605226421
GKBug_v0,5,14,1,0,0,66.475,40.5,0.05524736221399495,0.014007351927015549
GKBug_v0,5,15,0,1,0,67.875,46.25,0.07746145986875007,0.019573435809678807
GKBug_v0,5,16,1,0,0,66.90833333333333,43.25,0.07529796085202095,0.022644366107988364
GKBug_v0,5,17,0,1,0,99.38333333333334,5.0,0.0,2.4075204284628597e-05
GKBug_v0,5,18,1,0,0,52.016666666666666,37.0,0.0705800597004552,0.018546421771096482
GKBug_v0,5,19,0,1,0,92.31666666666666,9.5,0.10769309330060249,0.002294550618948425
GKBug_v0,5,20,0,1,0,49.74166666666667,2.0,0.05546486532588446,0.0004593658277830667
GKBug_v0,5,21,1,0,0,67.26666666666667,34.5,0.06581556792996143,0.01168686259944719
GKBug_v0,5,22,1,0,0,39.375,25.25,0.06668764585068854,0.007431290052866285
GKBug_v0,5,23,0,1,0,99.41666666666666,4.5,0.0,0.00025527101631467243
GKBug_v0,5,24,1,0,0,52.55833333333333,45.75,0.08465335487224043,0.022167328946727682
GKBug_v0,6,0,1,0,0,58.61666666666666,40.75,0.06001688763087195,0.016516548227848635
GKBug_v0,6,1,1,0,0,51.725,55.5,0.07281822130928615,0.008685717897679147
GKBug_v0,6,2,0,1,0,37.61666666666667,1.25,0.04074148156032463,0.0004895400047664194
GKBug_v0,6,3,1,0,0,66.51666666666667,47.25,0.06617614951530215,0.011093757379089794
GKBug_v0,6,4,1,0,0,52.725,60.25,0.07346950538488653,0.012637718031898327
GKBug_v0,6,5,1,0,0,59.333333333333336,46.5,0.05736272229505558,0.010411746812451632
GKBug_v0,6,6,1,0,0,49.291666666666664,33.75,0.06589700227602314,0.015158447310816687
GKBug_v0,6,7,1,0,0,58.58333333333333,45.25,0.05218220000123108,0.011153993568348093
GKBug_v0,6,8,0,1,0,48.9,9.25,0.06600588490060945,0.0065759582416559
GKBug_v0,6,9,0,1,0,26.224999999999998,2.75,0.10658539404710463,0.00017239798941440676
GKBug_v0,6,10,1,0,0,54.19166666666667,50.5,0.07501702480136643,0.014869011771343477
GKBug_v0,6,11,1,0,0,51.2,54.0,0.07372989009506556,0.012371555239492139
GKBug_v0,6,12,1,0,0,62.26666666666667,49.75,0.05705811771166513,0.009059818109564074
GKBug_v0,6,13,1,0,0,59.84166666666667,55.5,0.07833209182173834,0.00762210418275701
GKBug_v0,6,14,0,1,0,49.85,1.0,0.048266199512796315,0.0002791061739230832
GKBug_v0,6,15,1,0,0,55.266666666666666,58.5,0.06792729065549828,0.011091474592384166
GKBug_v0,6,16,1,0,0,54.53333333333333,48.5,0.07437621726839658,0.016263064843357246
GKBug_v0,6,17,1,0,0,54.50000000000001,49.5,0.05617467217806773,0.011733833566358504
GKBug_v0,6,18,0,1,0,54.31666666666667,10.5,0.05133866578141305,0.004034797358160817
GKBug_v0,6,19,1,0,0,96.00833333333333,4.5,0.04717779004037183,0.0005389360672995917
GKBug_v0,6,20,0,1,0,49.38333333333333,3.25,0.051802451512619335,0.0007397944170427853
GKBug_v0,6,21,1,0,0,59.8,58.75,0.07064120607764182,0.02394341115800758
GKBug_v0,6,22,1,0,0,51.71666666666667,33.5,0.06297157814572955,0.012650654564738174
GKBug_v0,6,23,1,0,0,61.83333333333333,54.0,0.05686524099472619,0.011686815704173
GKBug_v0,6,24,1,0,0,59.54166666666667,43.25,0.061589796902106406,0.012040021224521382
GKBug_v0,7,0,0,1,0,27.166666666666668,4.25,0.113674528576996,0.0011351465367852398
GKBug_v0,7,1,1,0,0,49.3,23.5,0.044429974229749904,0.007120877905626101
GKBug_v0,7,2,1,0,0,63.583333333333336,38.5,0.07198532983604669,0.020754077165003777
GKBug_v0,7,3,1,0,0,58.86666666666667,13.0,0.040879609277461856,0.006831574425341093
GKBug_v0,7,4,1,0,0,63.90833333333333,32.25,0.07157592751258557,0.022359103394311495
GKBug_v0,7,5,0,1,0,67.375,34.75,0.06763509680738279,0.01871193608973253
GKBug_v0,7,6,0,1,0,49.86666666666667,2.75,0.04958139524815961,0.00019204428975589988
GKBug_v0,7,7,1,0,0,59.53333333333334,40.75,0.06538607524761282,0.015218786131421757
GKBug_v0,7,8,0,1,0,82.25,14.0,0.09588426520374403,0.011429502674707177
GKBug_v0,7,9,0,1,0,58.08333333333333,47.0,0.07182682330091865,0.023642464636943278
GKBug_v0,7,10,1,0,0,65.08333333333334,47.25,0.07052419376234281,0.011525462552831559
GKBug_v0,7,11,0,1,0,73.3,9.25,0.11877536653469957,0.00047117733742833184
GKBug_v0,7,12,1,0,0,69.63333333333334,42.5,0.07150926390107853,0.013033738473987174
GKBug_v0,7,13,1,0,0,64.51666666666667,47.5,0.08093708941502921,0.015697582114449354
GKBug_v0,7,14,0,1,0,49.925000000000004,3.5,0.03197842556994057,0.00015411792468667754
GKBug_v0,7,15,1,0,0,67.79166666666666,49.25,0.07508220229252213,0.008943199313962555
GKBug_v0,7,16,0,1,0,39.108333333333334,10.5,0.059459106124470425,0.011894665839626305
GKBug_v0,7,17,0,0,1,64.74166666666666,52.75,0.06662559280818721,0.019896935643980762
GKBug_v0,7,18,0,1,0,89.65833333333333,16.0,0.0876098026099964,0.0033237745273123555
GKBug_v0,7,19,0,1,0,75.29166666666667,4.75,0.0,0.00030008728319432616
GKBug_v0,7,20,1,0,0,61.083333333333336,43.0,0.08567002263852558,0.02628298455749771
GKBug_v0,7,21,1,0,0,67.05833333333334,43.25,0.07874391884125612,0.026408096013497015
GKBug_v0,7,22,0,1,0,68.65,8.75,0.08271709268205041,0.006797811486716022
GKBug_v0,7,23,1,0,0,68.51666666666667,49.75,0.09193548148345804,0.018754034275900403
GKBug_v0,7,24,1,0,0,66.925,37.5,0.0683659769961462,0.01327032051315021
GKBug_v0,8,0,0,1,0,37.625,16.25,0.05408481757997858,0.009841833087152396
GKBug_v0,8,1,0,1,0,99.24166666666666,3.5,0.0,4.649803431827401e-05
GKBug_v0,8,2,0,1,0,47.30833333333334,12.25,0.07905564832997695,0.010172770607474742
GKBug_v0,8,3,0,1,0,99.66666666666667,2.5,0.0,0.00020013845968341513
GKBug_v0,8,4,1,0,0,63.35833333333334,49.0,0.08239868130214363,0.016564633712673752
GKBug_v0,8,5,1,0,0,56.733333333333334,27.0,0.04214513562879161,0.014419815262439482
GKBug_v0,8,6,0,1,0,97.06666666666666,3.0,0.0759254755635307,0.0013337458119276372
GKBug_v0,8,7,1,0,0,64.70833333333333,47.25,0.05700803537454676,0.028980862240040164
GKBug_v0,8,8,1,0,0,59.583333333333336,46.5,0.07328480811779814,0.03798228507336582
GKBug_v0,8,9,1,0,0,65.68333333333334,39.75,0.06492042277413347,0.012571203663383459
GKBug_v0,8,10,1,0,0,64.99166666666667,26.75,0.06933934071720237,0.028224244442913805
GKBug_v0,8,11,1,0,0,70.48333333333333,40.5,0.06498419253037611,0.012815866111513351
GKBug_v0,8,12,1,0,0,63.891666666666666,45.5,0.06933110612735525,0.031466315163310006
GKBug_v0,8,13,1,0,0,65.29166666666667,56.25,0.08636567247367215,0.02079737695727073
GKBug_v0,8,14,1,0,0,42.86666666666667,22.75,0.05851238009419088,0.011314514557051923
GKBug_v0,8,15,0,0,1,68.48333333333333,38.5,0.07662618768595232,0.013228179305128391
GKBug_v0,8,16,0,1,0,58.20833333333333,43.5,0.09870424811141341,0.030806563180534464
GKBug_v0,8,17,0,1,0,55.21666666666667,12.25,0.054026084512172425,0.01030505870982994
GKBug_v0,8,18,0,0,1,60.8,7.75,0.0541080077507368,0.003430683791189993
GKBug_v0,8,19,1,0,0,63.59166666666667,45.25,0.06946585863292969,0.009767747597444023
GKBug_v0,8,20,1,0,0,57.95,36.5,0.09404965780719247,0.02444825533662334
GKBug_v0,8,21,0,0,1,56.01666666666667,10.75,0.04537583850138884,0.003342750355237697
GKBug_v0,8,22,0,1,0,67.95833333333333,28.0,0.06225257213423178,0.013389652274981487
GKBug_v0,8,23,0,1,0,99.10833333333333,4.5,0.0,0.00012278496865839928
GKBug_v0,8,24,0,1,0,68.73333333333333,33.25,0.07208675017252718,0.00945637693135877
GKBug_v0,9,0,0,1,0,49.2,5.25,0.0325082971990724,0.000977603420758416
GKBug_v0,9,1,1,0,0,58.3,57.25,0.07184336281676881,0.01837723820021231
GKBug_v0,9,2,1,0,0,49.666666666666664,63.25,0.07209007160242199,0.013217769165138305
GKBug_v0,9,3,1,0,0,89.11666666666666,13.5,0.06396078891212988,0.0021201329949715212
GKBug_v0,9,4,1,0,0,53.266666666666666,24.0,0.06021611874140451,0.007672468816292551
GKBug_v0,9,5,0,1,0,99.575,1.5,0.0,3.318384670815606e-05
GKBug_v0,9,6,1,0,0,54.45833333333333,43.75,0.060220063535969544,0.011691878050847199
GKBug_v0,9,7,1,0,0,45.800000000000004,46.75,0.06456613421641935,0.015047796460019913
GKBug_v0,9,8,0,1,0,48.775,2.5,0.039592417247902134,0.00028727415900046987
GKBug_v0,9,9,1,0,0,54.858333333333334,60.0,0.09560655537572009,0.019182522119184923
GKBug_v0,9,10,1,0,0,53.78333333333334,28.25,0.0560394437827896,0.007752626258181471
GKBug_v0,9,11,1,0,0,53.55833333333333,51.75,0.06609973833598982,0.019517267396696694
GKBug_v0,9,12,1,0,0,51.18333333333334,51.0,0.07527000900381473,0.016399497862106035
GKBug_v0,9,13,1,0,0,59.25833333333333,33.0,0.059738141935637354,0.0074391575525431
GKBug_v0,9,14,1,0,0,80.58333333333333,17.0,0.04390510505738923,0.007659829882298339
GKBug_v0,9,15,1,0,0,54.358333333333334,64.5,0.08528212786012489,0.014051730471982323
GKBug_v0,9,16,1,0,0,65.55,39.25,0.08399329980528239,0.013986766344711793
GKBug_v0,9,17,1,0,0,61.983333333333334,51.0,0.06543287103195676,0.016834085354773078
GKBug_v0,9,18,1,0,0,63.625,58.25,0.06339554425995446,0.019431537750750783
GKBug_v0,9,19,1,0,0,84.725,17.5,0.07880399959922088,0.005945596994528191
GKBug_v0,9,20,0,1,0,49.85,1.0,0.050997813526011446,0.00028324003718591584
GKBug_v0,9,21,1,0,0,54.949999999999996,20.75,0.04942856964190992,0.00394263994462358
GKBug_v0,9,22,1,0,0,54.55833333333333,25.25,0.062288334366907,0.00848913475875084
GKBug_v0,9,23,1,0,0,62.09166666666667,59.25,0.05952146333005567,0.011816880182401039
GKBug_v0,9,24,1,0,0,49.40833333333333,24.0,0.06036793825348531,0.009395137070039002
GKBug_v0,10,0,0,1,0,49.875,4.75,0.06496033910877298,0.0009454820082163958
GKBug_v0,10,1,1,0,0,54.78333333333333,42.0,0.07054870469682366,0.018691296543099693
GKBug_v0,10,2,1,0,0,54.41666666666667,44.5,0.060072973517347306,0.014807268007858015
GKBug_v0,10,3,1,0,0,51.49166666666667,51.0,0.05893249116527492,0.009841210634590963
GKBug_v0,10,4,1,0,0,27.108333333333334,4.75,0.04069834413424303,0.0011240891702168207
GKBug_v0,10,5,0,1,0,62.83333333333333,19.5,0.06973044297646183,0.008432768108601319
GKBug_v0,10,6,1,0,0,40.75,27.75,0.051514000257596976,0.008831590251485522
GKBug_v0,10,7,1,0,0,60.275,39.0,0.054033141467129744,0.014723518964516315
GKBug_v0,10,8,1,0,0,61.525,23.0,0.06454296044369441,0.006851774045610836
GKBug_v0,10,9,1,0,0,65.59166666666667,53.25,0.09328191241268204,0.01570197761518043
GKBug_v0,10,10,1,0,0,53.71666666666667,63.25,0.06747957889882687,0.009425087012195585
GKBug_v0,10,11,0,1,0,49.0,19.0,0.04820444538413295,0.009379552970171665
GKBug_v0,10,12,1,0,0,54.36666666666666,40.75,0.05611381261543691,0.013907346882505913
GKBug_v0,10,13,1,0,0,55.608333333333334,40.0,0.06697212472146587,0.016053667686141145
GKBug_v0,10,14,0,1,0,49.25833333333333,1.25,0.0461609094269673,0.0003579468425836705
GKBug_v0,10,15,1,0,0,59.550000000000004,55.75,0.06494202361731272,0.010823346650052895
GKBug_v0,10,16,1,0,0,47.349999999999994,35.25,0.061461340229368465,0.013590651535250473
GKBug_v0,10,17,1,0,0,52.541666666666664,56.75,0.08525597311871082,0.01712893492200369
GKBug_v0,10,18,0,1,0,48.975,5.25,0.05669518015111283,0.0010493479869141896
GKBug_v0,10,19,1,0,0,60.12499999999999,48.75,0.06798180880187416,0.01661017724329763
GKBug_v0,10,20,1,0,0,56.45,25.25,0.046953527462265957,0.00672676751407724
GKBug_v0,10,21,1,0,0,54.175,50.5,0.07788976616002029,0.017330664949555857
GKBug_v0,10,22,1,0,0,50.93333333333333,20.75,0.06013904625819048,0.020475760583575642
GKBug_v0,10,23,1,0,0,61.21666666666666,59.75,0.07218369313810744,0.021328392360318894
GKBug_v0,10,24,1,0,0,43.916666666666664,13.75,0.055212849551942084,0.003061339968252248
GKBug_v0,11,0,0,1,0,61.425,41.5,0.062115799177447126,0.009169981183975643
GKBug_v0,11,1,0,1,0,60.55833333333334,39.75,0.07517505484288631,0.016533884345325957
GKBug_v0,11,2,1,0,0,67.38333333333333,50.75,0.0670517125067142,0.016859377801484474
GKBug_v0,11,3,0,0,1,72.33333333333334,10.25,0.07788748204063721,0.0018180570092632049
GKBug_v0,11,4,0,1,0,54.50833333333334,22.5,0.07617892384064512,0.0136214588259819
GKBug_v0,11,5,1,0,0,62.708333333333336,50.75,0.06741720562229953,0.01676284074225588
GKBug_v0,11,6,1,0,0,52.925,5.0,0.046087947378463556,0.0018659905180387344
GKBug_v0,11,7,0,1,0,67.025,9.75,0.08252079523375007,0.0059569716995094
GKBug_v0,11,8,0,1,0,48.41666666666667,21.25,0.06883653220855543,0.02610726327349449
GKBug_v0,11,9,0,1,0,61.958333333333336,32.25,0.06883222394734685,0.015322520490079844
GKBug_v0,11,10,1,0,0,68.50833333333334,37.75,0.05186753657107218,0.02384527144366624
GKBug_v0,11,11,1,0,0,59.325,50.0,0.06819700958745004,0.013453991317170302
GKBug_v0,11,12,0,1,0,70.075,32.25,0.06772108934936366,0.011298241950255947
GKBug_v0,11,13,1,0,0,61.69166666666667,42.75,0.08251164758901501,0.022274107188687248
GKBug_v0,11,14,1,0,0,63.95833333333333,34.5,0.06681468440887957,0.008327306214206603
GKBug_v0,11,15,1,0,0,58.03333333333334,45.5,0.06195716816192846,0.019673077339446492
GKBug_v0,11,16,1,0,0,75.60833333333333,44.75,0.05948007769052755,0.010307461641943544
GKBug_v0,11,17,0,1,0,98.04166666666667,6.5,0.04970276153563602,0.00028070416206394424
GKBug_v0,11,18,1,0,0,66.15833333333333,50.25,0.08423115334178408,0.018475823570974954
GKBug_v0,11,19,1,0,0,65.09166666666667,51.25,0.07661838492841526,0.014324197153769386
GKBug_v0,11,20,0,1,0,48.983333333333334,4.25,0.05335956043003667,0.0020391039850844008
GKBug_v0,11,21,1,0,0,77.54166666666666,48.5,0.06801788922635271,0.008788690389860689
GKBug_v0,11,22,1,0,0,64.925,56.75,0.08159262062354761,0.007108655495082222
GKBug_v0,11,23,0,1,0,99.45,3.0,0.0,8.606322947588494e-05
GKBug_v0,11,24,1,0,0,63.50833333333333,50.25,0.07724607613772355,0.013826789753104926
GKBug_v0,12,0,0,1,0,72.29166666666667,4.25,0.07820357742490491,0.0002253008569290962
GKBug_v0,12,1,0,1,0,71.70833333333333,10.25,0.0910282935274028,0.0017159982008904152
GKBug_v0,12,2,1,0,0,72.82499999999999,18.25,0.07966350317732832,0.0028889930485193147
GKBug_v0,12,3,0,1,0,71.56666666666666,32.0,0.06832910206643111,0.017575008727844052
GKBug_v0,12,4,0,1,0,54.666666666666664,11.25,0.0610584599198269,0.0074784255545742384
GKBug_v0,12,5,0,1,0,98.63333333333333,4.0,0.0,2.7772678156894123e-05
GKBug_v0,12,6,1,0,0,56.15833333333333,24.5,0.05525993893289074,0.01347720891651467
GKBug_v0,12,7,0,1,0,63.74166666666666,48.5,0.0951593947102363,0.013123476044062252
GKBug_v0,12,8,0,1,0,57.15,24.5,0.06868395294804541,0.021377080760306984
GKBug_v0,12,9,1,0,0,61.18333333333334,49.75,0.08173870540421248,0.018534307247097478
GKBug_v0,12,10,0,1,0,97.875,2.5,0.07674082161693792,0.0004748808201956991
GKBug_v0,12,11,1,0,0,72.82499999999999,33.0,0.07031020465064888,0.01997758303792385
GKBug_v0,12,12,1,0,0,69.89166666666667,24.25,0.067009905538142,0.004881267755824094
GKBug_v0,12,13,0,1,0,58.75,32.25,0.071883062023744,0.008022954654462502
GKBug_v0,12,14,1,0,0,61.016666666666666,39.5,0.05944673421800083,0.011713114534281808
GKBug_v0,12,15,1,0,0,66.54166666666667,26.75,0.07535673594819363,0.01219032314164969
GKBug_v0,12,16,1,0,0,56.05833333333333,44.0,0.06035514430594314,0.024871008494834795
GKBug_v0,12,17,1,0,0,67.525,42.0,0.06693376083900636,0.013717383954529441
GKBug_v0,12,18,0,1,0,60.44166666666667,21.75,0.05877038150592492,0.014463222933883722
GKBug_v0,12,19,1,0,0,48.525,28.0,0.07222341227621847,0.016483747956533828
GKBug_v0,12,20,0,1,0,71.50833333333333,41.75,0.074143739481833,0.015198553148131802
GKBug_v0,12,21,0,0,1,53.641666666666666,29.0,0.05428305118280201,0.013703981539649144
GKBug_v0,12,22,1,0,0,64.41666666666667,45.25,0.07840920280624016,0.017824452843825812
GKBug_v0,12,23,0,0,1,46.44166666666666,19.5,0.06595831367411355,0.014686182209880532
GKBug_v0,12,24,1,0,0,59.73333333333334,41.25,0.07745210091703131,0.01847571342498901
GKBug_v0,13,0,1,0,0,54.833333333333336,43.0,0.06065800928354203,0.014018909661227421
GKBug_v0,13,1,0,1,0,65.225,9.75,0.05891415911244056,0.0024162761333426683
GKBug_v0,13,2,1,0,0,63.74999999999999,34.75,0.057310209083382704,0.015734897589244658
GKBug_v0,13,3,1,0,0,47.90833333333334,27.75,0.06105808321655095,0.010312640506048116
GKBug_v0,13,4,0,1,0,94.69999999999999,6.5,0.07265978221162002,0.0015850769254018991
GKBug_v0,13,5,1,0,0,65.55,47.25,0.06687770080945261,0.012584417906334949
GKBug_v0,13,6,1,0,0,57.54166666666667,25.5,0.08562708652704176,0.018694625619605332
GKBug_v0,13,7,0,1,0,83.19166666666666,13.5,0.09610286250874328,0.006813392066610177
GKBug_v0,13,8,1,0,0,62.849999999999994,30.75,0.077898280524761,0.024378839919208046
GKBug_v0,13,9,0,1,0,74.95,3.25,0.0,1.1702357073924249e-05
GKBug_v0,13,10,0,1,0,62.14166666666666,11.0,0.08364009204216587,0.007013370234560664
GKBug_v0,13,11,1,0,0,47.61666666666667,32.0,0.06675395999741612,0.021309448160258374
GKBug_v0,13,12,1,0,0,69.89999999999999,7.0,0.06351966469957641,0.004038345388806801
GKBug_v0,13,13,1,0,0,65.44166666666666,45.25,0.08780429622852283,0.021054125646592512
GKBug_v0,13,14,1,0,0,41.5,41.5,0.06371792262318482,0.00939637016379825
GKBug_v0,13,15,1,0,0,66.95,45.25,0.08237712387867431,0.02445218300907349
GKBug_v0,13,16,0,1,0,59.34166666666667,36.75,0.06565490103815838,0.01200166535281641
GKBug_v0,13,17,0,1,0,65.60000000000001,44.25,0.10218355376358318,0.023946594237450564
GKBug_v0,13,18,1,0,0,59.50833333333333,49.25,0.06408412057629663,0.013982157079262971
GKBug_v0,13,19,0,0,1,43.275000000000006,19.25,0.05758949966689015,0.008955576396128886
GKBug_v0,13,20,1,0,0,49.0,21.75,0.04780186534599893,0.00481865305194522
GKBug_v0,13,21,1,0,0,62.775000000000006,47.5,0.07619289267500268,0.012716734819515567
GKBug_v0,13,22,1,0,0,68.29166666666666,34.0,0.07694492045765804,0.02871571118882692
GKBug_v0,13,23,1,0,0,68.76666666666667,22.25,0.04862259796871049,0.0065783054580441196
GKBug_v0,13,24,1,0,0,46.1,14.0,0.053239111211941526,0.0048479749676072015
GKBug_v0,14,0,1,0,0,71.15,35.75,0.06352002871136672,0.02324083881084774
GKBug_v0,14,1,1,0,0,61.4,58.5,0.0719153567540465,0.009919879858656075
GKBug_v0,14,2,0,1,0,19.625,5.75,0.05964159913726067,0.0032773300740556012
GKBug_v0,14,3,0,1,0,62.63333333333333,43.75,0.08364280003033413,0.017731330961136178
GKBug_v0,14,4,1,0,0,57.04166666666667,32.0,0.07371813805430712,0.018532754769784728
GKBug_v0,14,5,0,1,0,73.20833333333333,5.25,0.10496888621387059,0.0014283208797155134
GKBug_v0,14,6,0,1,0,37.541666666666664,26.0,0.06518193591827448,0.013316251008575516
GKBug_v0,14,7,1,0,0,63.849999999999994,46.25,0.07628687505751366,0.012601275361960828
GKBug_v0,14,8,0,1,0,72.35833333333333,2.75,0.07061601707344946,0.0001483004366197251
GKBug_v0,14,9,1,0,0,72.65833333333333,40.0,0.07650795791537025,0.020718017067578174
GKBug_v0,14,10,1,0,0,62.083333333333336,12.25,0.05228639254694735,0.004235480266537693
GKBug_v0,14,11,1,0,0,66.725,43.75,0.0833086356512809,0.028807772615507866
GKBug_v0,14,12,1,0,0,39.975,7.25,0.06460403740570078,0.0010405005858328382
GKBug_v0,14,13,0,1,0,97.51666666666667,6.0,0.0,0.0004798797229376544
GKBug_v0,14,14,0,1,0,72.08333333333333,8.25,0.07181849200096181,0.00036004651293864353
GKBug_v0,14,15,0,1,0,54.383333333333326,16.5,0.061400574015644346,0.006453654512378467
GKBug_v0,14,16,1,0,0,56.025000000000006,14.5,0.04026656132321776,0.011422591694152719
GKBug_v0,14,17,0,1,0,58.68333333333333,39.5,0.06433701452860549,0.014607825457119228
GKBug_v0,14,18,1,0,0,68.55833333333334,40.5,0.06690480111858553,0.014055457273362297
GKBug_v0,14,19,0,1,0,71.775,6.75,0.13017398917391812,0.0010670879894246075
GKBug_v0,14,20,1,0,0,68.2,44.5,0.07811630555604686,0.02241400718565203
GKBug_v0,14,21,1,0,0,60.56666666666667,48.0,0.07056848468255993,0.01851448373883402
GKBug_v0,14,22,1,0,0,61.3,46.0,0.08421164857058391,0.011813874393860599
GKBug_v0,14,23,1,0,0,69.20833333333334,41.25,0.0610278619867542,0.017780629368136975
GKBug_v0,14,24,0,1,0,69.33333333333334,16.75,0.06479390303790751,0.007023314229719812
GKBug_v0,15,0,1,0,0,48.25,12.25,0.04337471743836143,0.0018487703712482487
GKBug_v0,15,1,1,0,0,53.24166666666667,54.0,0.06405530527162058,0.011572674824076553
GKBug_v0,15,2,1,0,0,52.45833333333333,49.25,0.06685706709408637,0.014437909864720298
GKBug_v0,15,3,1,0,0,57.791666666666664,66.25,0.06686349291737348,0.014941398521877949
GKBug_v0,15,4,0,1,0,49.8,0.5,0.042376903451936725,0.00023927909974307232
GKBug_v0,15,5,1,0,0,52.849999999999994,52.0,0.07190416503528017,0.012582321304789312
GKBug_v0,15,6,0,1,0,49.291666666666664,2.5,0.03555591156506136,0.00018685644191339574
GKBug_v0,15,7,1,0,0,58.791666666666664,55.75,0.042147265549299096,0.020870047461945734
GKBug_v0,15,8,0,1,0,49.65833333333333,1.25,0.03682268335525684,0.0001423216230657231
GKBug_v0,15,9,1,0,0,54.41666666666667,58.0,0.07316430834504872,0.014755887311874542
GKBug_v0,15,10,1,0,0,49.825,31.5,0.06783362678115872,0.012225056015385186
GKBug_v0,15,11,1,0,0,55.56666666666666,26.25,0.046369448320156215,0.014936697003027142
GKBug_v0,15,12,1,0,0,94.72500000000001,6.0,0.06741942106836404,0.0008344512919281821
GKBug_v0,15,13,1,0,0,59.96666666666667,55.75,0.06823729667512066,0.014373534070838665
GKBug_v0,15,14,1,0,0,53.79166666666667,29.75,0.05892876092475046,0.008498014946452071
GKBug_v0,15,15,1,0,0,57.358333333333334,52.25,0.07538486089184458,0.01705468094529149
GKBug_v0,15,16,1,0,0,61.625,61.0,0.07782488152057968,0.009507628215595254
GKBug_v0,15,17,1,0,0,48.03333333333333,60.25,0.08663765072611447,0.008757797001182996
GKBug_v0,15,18,1,0,0,73.33333333333333,4.5,0.050887448317450304,0.005416053568094388
GKBug_v0,15,19,1,0,0,60.275,28.0,0.04052990629564363,0.007851573493728784
GKBug_v0,15,20,1,0,0,50.46666666666667,27.5,0.04078772778274864,0.010954637723083156
GKBug_v0,15,21,1,0,0,61.99166666666667,55.25,0.06618374011032041,0.00923835955649822
GKBug_v0,15,22,1,0,0,60.0,60.75,0.06402771999137219,0.015584966178719921
GKBug_v0,15,23,1,0,0,56.875,51.75,0.06278966215014317,0.013168918442118278
GKBug_v0,15,24,1,0,0,49.983333333333334,5.5,0.05665024851017355,0.0007076904973119036
GKBug_v0,16,0,0,1,0,50.23333333333333,4.5,0.05928960499456815,0.0008168464240666715
GKBug_v0,16,1,1,0,0,53.25,27.25,0.04338636043982414,0.004863994719917847
GKBug_v0,16,2,0,1,0,48.59166666666667,6.5,0.07446283625571766,0.0008950730497518018
GKBug_v0,16,3,0,1,0,99.80833333333334,3.0,0.0,9.376682822380823e-05
GKBug_v0,16,4,1,0,0,78.68333333333334,6.0,0.07371637331953144,0.0021091960446741444
GKBug_v0,16,5,1,0,0,55.75,55.5,0.07413202567545675,0.01066890727813237
GKBug_v0,16,6,1,0,0,51.9,18.25,0.06881183563982697,0.010527422954107548
GKBug_v0,16,7,0,1,0,72.775,6.75,0.06674958447571981,0.0042736811328389825
GKBug_v0,16,8,1,0,0,44.34166666666667,37.0,0.05252322476941753,0.008863420779220803
GKBug_v0,16,9,1,0,0,52.15,43.25,0.06593015986608572,0.01612406316180284
GKBug_v0,16,10,1,0,0,30.891666666666666,4.25,0.09581368171333662,0.0027076716193884026
GKBug_v0,16,11,1,0,0,55.36666666666667,56.75,0.06778976110220097,0.012617032365609578
GKBug_v0,16,12,1,0,0,51.55,24.5,0.06083371340366846,0.0054881254841666425
GKBug_v0,16,13,1,0,0,64.48333333333333,54.75,0.07564561016189267,0.011400703466686379
GKBug_v0,16,14,1,0,0,55.49166666666666,31.0,0.04854456813470492,0.007738860708500163
GKBug_v0,16,15,1,0,0,54.25833333333333,48.5,0.06146205487332344,0.01650789516186858
GKBug_v0,16,16,1,0,0,63.11666666666667,26.0,0.051841050322138316,0.006395898933576623
GKBug_v0,16,17,1,0,0,63.93333333333333,65.0,0.07177497550714121,0.01805190746022347
GKBug_v0,16,18,1,0,0,43.483333333333334,4.75,0.03374210864231638,0.0023325616238140095
GKBug_v0,16,19,1,0,0,56.99999999999999,56.75,0.06372058204860132,0.010080213907447613
GKBug_v0,16,20,1,0,0,52.325,38.0,0.06647280076553,0.005922507255503573
GKBug_v0,16,21,1,0,0,61.53333333333333,48.25,0.09178625736179734,0.009536571541673769
GKBug_v0,16,22,0,1,0,49.416666666666664,2.5,0.06083388197960988,0.00032558565229933844
GKBug_v0,16,23,1,0,0,60.06666666666667,59.5,0.07362854680012389,0.009859530004693483
GKBug_v0,16,24,0,1,0,49.65833333333333,1.5,0.05245391437937836,0.00023203904149748166
GKBug_v0,17,0,0,1,0,49.24166666666667,2.25,0.05023100478483363,0.00029844079388647096
GKBug_v0,17,1,1,0,0,55.50000000000001,31.5,0.041158777626622296,0.01693627913401672
GKBug_v0,17,2,1,0,0,57.9,43.25,0.062139716471841716,0.006719930561712576
GKBug_v0,17,3,1,0,0,34.141666666666666,7.75,0.12642976785454196,0.0033264345455850525
GKBug_v0,17,4,0,1,0,28.791666666666664,8.0,0.06202751007736259,0.0025661455304805984
GKBug_v0,17,5,0,1,0,99.24166666666666,2.0,0.0,9.525009254065072e-05
GKBug_v0,17,6,1,0,0,25.383333333333336,3.5,0.04434904341725829,0.0003359916093840811
GKBug_v0,17,7,1,0,0,57.508333333333326,61.25,0.07377739670011983,0.011844051730709213
GKBug_v0,17,8,1,0,0,60.45,54.0,0.08034181791883982,0.017789610788280594
GKBug_v0,17,9,0,1,0,25.791666666666668,2.75,0.12258767389972343,0.00014557222418134938
GKBug_v0,17,10,1,0,0,64.45,47.75,0.07679597523372778,0.01073315040956549
GKBug_v0,17,11,1,0,0,60.85,53.75,0.054550285363710704,0.011389270613915464
GKBug_v0,17,12,1,0,0,95.88333333333333,3.0,0.06516994898797769,0.0009247144416167372
GKBug_v0,17,13,1,0,0,55.800000000000004,55.25,0.07738355422593288,0.022734697936440153
GKBug_v0,17,14,1,0,0,58.46666666666667,53.5,0.06952515276612138,0.012474692128318973
GKBug_v0,17,15,1,0,0,50.59166666666667,58.5,0.07875535815566695,0.009912899379403785
GKBug_v0,17,16,0,1,0,49.85,1.0,0.042105908619758284,0.00033391436595700465
GKBug_v0,17,17,1,0,0,53.333333333333336,52.75,0.07319320031158612,0.02143904100650982
GKBug_v0,17,18,1,0,0,57.88333333333333,47.5,0.06695666219474049,0.01531410861802638
GKBug_v0,17,19,1,0,0,48.983333333333334,40.5,0.07137909461244762,0.01516038889067852
GKBug_v0,17,20,0,1,0,49.34166666666667,2.0,0.04260170465617665,0.000225013474530753
GKBug_v0,17,21,1,0,0,72.19166666666666,14.5,0.049418671746874976,0.005014631441656053
GKBug_v0,17,22,0,1,0,56.333333333333336,7.75,0.052405132744546334,0.004403821109721092
GKBug_v0,17,23,1,0,0,82.08333333333333,32.5,0.06196865286269889,0.006319648821345669
GKBug_v0,17,24,1,0,0,54.15,14.5,0.05942122387201763,0.005154225778275266
GKBug_v0,18,0,1,0,0,54.89166666666667,19.75,0.06616091300835183,0.007797540116933544
GKBug_v0,18,1,1,0,0,56.74166666666667,57.25,0.07775655346343407,0.013184987954290224
GKBug_v0,18,2,1,0,0,50.849999999999994,8.25,0.04914930938044155,0.0019743513732900448
GKBug_v0,18,3,1,0,0,55.09166666666667,43.25,0.0654767549681286,0.011813442519412973
GKBug_v0,18,4,0,1,0,50.83333333333333,2.75,0.05341491347850295,0.0012973706097478281
GKBug_v0,18,5,1,0,0,61.416666666666664,62.0,0.05657835601202746,0.015282841260033209
GKBug_v0,18,6,1,0,0,51.37500000000001,35.75,0.07549628912920905,0.009378922594485247
GKBug_v0,18,7,1,0,0,47.28333333333333,51.25,0.08889187092018005,0.014050295830953288
GKBug_v0,18,8,0,1,0,62.125,3.75,0.050491369623595427,0.0030220718766144376
GKBug_v0,18,9,0,1,0,99.46666666666667,2.5,0.0,0.00014268002696195796
GKBug_v0,18,10,1,0,0,56.68333333333333,22.25,0.07589872445034238,0.0099967545711759
GKBug_v0,18,11,1,0,0,50.18333333333334,50.75,0.052573986673899495,0.013738671845308567
GKBug_v0,18,12,0,1,0,49.85,1.0,0.04612790151703131,0.0002567526784498878
GKBug_v0,18,13,1,0,0,31.708333333333332,25.0,0.08166751510843258,0.014199029392075957
GKBug_v0,18,14,1,0,0,54.19166666666667,39.5,0.060013858115279844,0.007057617077654977
GKBug_v0,18,15,1,0,0,53.40833333333334,56.25,0.0832871359573852,0.01589001970089026
GKBug_v0,18,16,1,0,0,56.291666666666664,54.75,0.07070082879137174,0.014249448847904325
GKBug_v0,18,17,1,0,0,56.81666666666667,57.75,0.05574005048189028,0.011443815868744359
GKBug_v0,18,18,1,0,0,66.44166666666666,51.0,0.07049848062625608,0.009591349197921439
GKBug_v0,18,19,1,0,0,65.21666666666667,57.5,0.06863682127125105,0.007877640638940107
GKBug_v0,18,20,1,0,0,57.99166666666666,45.25,0.05112747710638691,0.011353941314133429
GKBug_v0,18,21,1,0,0,66.68333333333332,50.5,0.07748245628464043,0.020177665102721797
GKBug_v0,18,22,1,0,0,74.91666666666667,3.75,0.07252009077835418,0.00017447650543925335
GKBug_v0,18,23,0,1,0,99.65833333333333,3.5,0.0,0.0001410682411854904
GKBug_v0,18,24,0,1,0,49.86666666666667,1.25,0.05576915698254099,0.0002676367716743824
GKBug_v0,19,0,1,0,0,59.28333333333333,50.0,0.09049003489870595,0.014527489162143196
GKBug_v0,19,1,1,0,0,66.59166666666667,38.5,0.05669880201031936,0.012508490847887918
GKBug_v0,19,2,0,1,0,84.83333333333334,19.5,0.08376389787607318,0.005477898469252002
GKBug_v0,19,3,1,0,0,70.18333333333334,44.25,0.065603783117037,0.010076386379944792
GKBug_v0,19,4,0,1,0,49.75,19.25,0.05245520814192642,0.006818945093299403
GKBug_v0,19,5,0,1,0,88.44166666666666,12.5,0.048425066001144275,0.002122804750137426
GKBug_v0,19,6,0,1,0,83.73333333333333,2.0,0.04718233610968722,0.0004545556791191788
GKBug_v0,19,7,0,1,0,71.00833333333333,37.25,0.08280810882534889,0.020210004182897288
GKBug_v0,19,8,1,0,0,58.49166666666667,46.5,0.07043266045198941,0.019449363080394265
GKBug_v0,19,9,1,0,0,80.175,37.75,0.07444539141179567,0.013716338721218595
GKBug_v0,19,10,0,1,0,57.8,19.5,0.06447170830272717,0.013442258398046235
GKBug_v0,19,11,1,0,0,79.2,21.25,0.10943413012288503,0.006081553976616343
GKBug_v0,19,12,1,0,0,65.66666666666666,45.75,0.06458696992408991,0.010689930685014394
GKBug_v0,19,13,0,1,0,75.2,11.25,0.09572699109949018,0.0006423303608069066
GKBug_v0,19,14,0,1,0,66.07499999999999,34.5,0.06492497356910916,0.022275784095864615
GKBug_v0,19,15,1,0,0,66.60833333333333,49.75,0.060474096573095416,0.020642861624504405
GKBug_v0,19,16,1,0,0,69.71666666666667,38.25,0.06585299769333114,0.01477263584907887
GKBug_v0,19,17,0,1,0,68.35,46.5,0.06624818229498168,0.021183489794672855
GKBug_v0,19,18,1,0,0,46.233333333333334,27.75,0.039034974406068824,0.009899121635819984
GKBug_v0,19,19,0,1,0,82.875,28.0,0.05952292502522224,0.0042796744823738525
GKBug_v0,19,20,1,0,0,58.81666666666666,38.0,0.05502302737338551,0.019726679616052966
GKBug_v0,19,21,0,1,0,99.45,3.0,0.0,2.5613579875093893e-05
GKBug_v0,19,22,1,0,0,68.22500000000001,39.5,0.07760381274442885,0.019147785815449615
GKBug_v0,19,23,1,0,0,63.1,41.0,0.062058636032035014,0.02259427198948015
GKBug_v0,19,24,0,1,0,51.37500000000001,3.5,0.05212224892364997,0.0017415966731361234
GKBug_v2,0,0,1,0,0,63.075,47.75,0.06854642415730049,0.014066424156211624
GKBug_v2,0,1,0,1,0,8.883333333333333,7.0,0.05591109609975181,0.001534687731167948
GKBug_v2,0,2,1,0,0,70.03333333333333,39.25,0.06520561086143174,0.012031366567790504
GKBug_v2,0,3,1,0,0,59.54166666666667,63.5,0.06858639128613066,0.014050508241052273
GKBug_v2,0,4,1,0,0,43.325,27.0,0.0792875613056807,0.009021718494985488
GKBug_v2,0,5,1,0,0,59.333333333333336,52.5,0.057329423603165806,0.009209536152777828
GKBug_v2,0,6,1,0,0,63.141666666666666,20.75,0.060070486410463114,0.008854973878319992
GKBug_v2,0,7,1,0,0,61.95,57.75,0.07012800081466466,0.008571987526850813
GKBug_v2,0,8,1,0,0,88.35833333333333,10.5,0.04525473058909068,0.0037623069598582684
GKBug_v2,0,9,1,0,0,45.891666666666666,29.25,0.0725705809721706,0.015348550264769424
GKBug_v2,0,10,1,0,0,89.55,12.0,0.060420842905790154,0.003933927334664743
GKBug_v2,0,11,1,0,0,56.36666666666667,42.75,0.08634675840455146,0.011850840583794833
GKBug_v2,0,12,1,0,0,61.70833333333333,42.75,0.06385459794813997,0.012033558902920868
GKBug_v2,0,13,1,0,0,26.724999999999998,14.75,0.07601165591111737,0.009463990311021802
GKBug_v2,0,14,1,0,0,48.41666666666667,24.5,0.04074080135845057,0.00841400862521746
GKBug_v2,0,15,0,1,0,97.59166666666667,4.0,0.08521190157159457,0.00015292028508301624
GKBug_v2,0,16,1,0,0,38.13333333333333,38.25,0.07321850767523486,0.007607687615419864
GKBug_v2,0,17,1,0,0,70.825,45.25,0.06623185460454435,0.012541121911384356
GKBug_v2,0,18,0,1,0,33.46666666666667,15.25,0.044648792466544206,0.003369311416347152
GKBug_v2,0,19,0,1,0,1.9666666666666666,2.5,0.03454144452247674,0.0002409685123075102
GKBug_v2,0,20,1,0,0,57.62500000000001,47.25,0.0664689514114979,0.02742165116437448
GKBug_v2,0,21,1,0,0,31.3,28.75,0.12112139597628924,0.01657266277241926
GKBug_v2,0,22,0,1,0,73.175,8.75,0.07238104470057917,0.009118713750385142
GKBug_v2,0,23,1,0,0,30.083333333333336,9.25,0.05290921387417914,0.0020632294741594944
GKBug_v2,0,24,1,0,0,59.53333333333334,57.25,0.0649461731344658,0.020907339449532665
GKBug_v2,1,0,1,0,0,39.483333333333334,8.75,0.04920050770079335,0.004020962509629692
GKBug_v2,1,1,1,0,0,91.20833333333334,10.5,0.09722312690080057,0.0051444407590718125
GKBug_v2,1,2,1,0,0,53.80833333333334,40.75,0.04715586495506441,0.011183760161190735
GKBug_v2,1,3,1,0,0,25.124999999999996,27.25,0.051494979872567674,0.008845332784232926
GKBug_v2,1,4,1,0,0,38.58333333333333,35.25,0.08410544662117658,0.00686880318013113
GKBug_v2,1,5,1,0,0,76.825,18.75,0.07771176560665868,0.0036683079161746873
GKBug_v2,1,6,1,0,0,32.391666666666666,9.75,0.043108074001696375,0.0016791125777157294
GKBug_v2,1,7,1,0,0,64.84166666666667,46.5,0.07537775077186977,0.017751833348611454
GKBug_v2,1,8,1,0,0,51.63333333333333,31.5,0.07742434177685073,0.021306017463015442
GKBug_v2,1,9,1,0,0,64.71666666666667,60.5,0.09339033865814203,0.021648358816287374
GKBug_v2,1,10,1,0,0,9.175,11.5,0.05095428508601458,0.019502923520325316
GKBug_v2,1,11,1,0,0,51.33333333333333,45.5,0.11506134789597819,0.009129340453566287
GKBug_v2,1,12,1,0,0,13.458333333333334,6.0,0.08871953595096305,0.002328918836962985
GKBug_v2,1,13,1,0,0,54.29166666666667,29.75,0.08409644950613551,0.009080940185894774
GKBug_v2,1,14,1,0,0,69.26666666666667,20.25,0.06930269711600968,0.004746912048978643
GKBug_v2,1,15,1,0,0,56.333333333333336,53.25,0.06537699553822182,0.0117201431400493
GKBug_v2,1,16,1,0,0,43.38333333333333,40.75,0.057703973353139766,0.011799858619227617
GKBug_v2,1,17,1,0,0,62.19166666666667,54.5,0.056976942956769076,0.010671751090270592
GKBug_v2,1,18,1,0,0,64.25,62.5,0.08020796590591577,0.012005163450369415
GKBug_v2,1,19,1,0,0,67.375,54.75,0.06391633391296828,0.009566119515898678
GKBug_v2,1,20,1,0,0,61.28333333333333,48.25,0.10069997257560752,0.010187412836268082
GKBug_v2,1,21,1,0,0,54.05833333333333,35.75,0.12662292102863654,0.011180246856739165
GKBug_v2,1,22,0,1,0,69.875,10.25,0.06655215577982254,0.0030035264990068943
GKBug_v2,1,23,1,0,0,81.125,24.5,0.06654837624482184,0.006851809825809178
GKBug_v2,1,24,1,0,0,81.13333333333334,27.0,0.08103675404902778,0.007870472339919212
GKBug_v2,2,0,1,0,0,25.733333333333334,20.5,0.11670061260937109,0.0048577679742766704
GKBug_v2,2,1,0,1,0,98.88333333333334,2.5,0.0,0.00026069600762048984
GKBug_v2,2,2,0,1,0,22.883333333333333,15.5,0.09943877423215529,0.006066366305742377
GKBug_v2,2,3,1,0,0,73.2,36.0,0.06058826295473298,0.009046939104309013
GKBug_v2,2,4,1,0,0,62.55,51.25,0.06016428135577094,0.014813370140761619
GKBug_v2,2,5,1,0,0,71.99166666666666,39.0,0.08246530063543274,0.014970877554641843
GKBug_v2,2,6,1,0,0,6.841666666666667,11.0,0.05957299776424289,0.0023495874306989056
GKBug_v2,2,7,1,0,0,62.416666666666664,33.25,0.0697233337191571,0.02987238135221159
GKBug_v2,2,8,1,0,0,44.55,27.75,0.04295697193052159,0.006555487294154115
GKBug_v2,2,9,0,1,0,11.316666666666666,8.0,0.05707959768707972,0.009529951527434122
GKBug_v2,2,10,1,0,0,66.425,37.75,0.06116092135493755,0.010745197765547538
GKBug_v2,2,11,0,1,0,54.641666666666666,6.0,0.09102753812449714,0.004646280500106077
GKBug_v2,2,12,0,1,0,65.45,33.75,0.0606434868672859,0.01852957899877111
GKBug_v2,2,13,0,1,0,39.56666666666667,18.25,0.052927520026743315,0.012752910021127219
GKBug_v2,2,14,1,0,0,60.175,34.0,0.0837638352662536,0.011461616738403601
GKBug_v2,2,15,0,0,1,70.03333333333333,20.25,0.07442780749031983,0.012735724388837796
GKBug_v2,2,16,1,0,0,72.10833333333333,38.5,0.0542500514700209,0.007964206019359594
GKBug_v2,2,17,1,0,0,62.083333333333336,44.75,0.06943609648516276,0.010047760454302187
GKBug_v2,2,18,0,1,0,30.599999999999998,8.25,0.08149013813482396,0.003737064206084742
GKBug_v2,2,19,1,0,0,64.20833333333333,55.5,0.09123239232790735,0.023855705259900942
GKBug_v2,2,20,0,1,0,65.55,28.75,0.05207461388140685,0.028067122467110604
GKBug_v2,2,21,0,1,0,99.75,1.5,0.0,0.0003995814118756162
GKBug_v2,2,22,1,0,0,63.40833333333333,43.25,0.06212454424797693,0.010955283972488586
GKBug_v2,2,23,0,1,0,43.28333333333333,15.25,0.09783784806065833,0.005783841223391636
GKBug_v2,2,24,0,1,0,98.21666666666667,3.5,0.07249135894592279,0.0004661921642769126
GKBug_v2,3,0,0,1,0,71.35833333333333,11.75,0.055382004511065855,0.006690010566467322
GKBug_v2,3,1,0,1,0,66.73333333333333,31.5,0.07949997151044248,0.008432466158539938
GKBug_v2,3,2,0,1,0,25.483333333333334,0.75,0.04885689452642768,0.000490995947241307
GKBug_v2,3,3,0,1,0,99.10833333333333,3.5,0.0,0.00028341682845651637
GKBug_v2,3,4,1,0,0,68.55,39.25,0.08816291285790359,0.021427398689224577
GKBug_v2,3,5,1,0,0,67.825,42.5,0.060457498610967574,0.02612376416025297
GKBug_v2,3,6,1,0,0,50.21666666666667,34.25,0.0710742455979561,0.01816814607232698
GKBug_v2,3,7,0,1,0,72.16666666666667,52.0,0.06321149109338012,0.026703591718953715
GKBug_v2,3,8,0,1,0,70.70833333333333,39.0,0.08379008372105991,0.013079378236823399
GKBug_v2,3,9,1,0,0,44.141666666666666,21.25,0.06114000971218583,0.0073047796413462296
GKBug_v2,3,10,1,0,0,65.9,46.75,0.08928388526069751,0.03955300124056353
GKBug_v2,3,11,0,1,0,54.525,25.75,0.036371548200693764,0.01254766959133471
GKBug_v2,3,12,0,1,0,48.516666666666666,23.75,0.058971024641676785,0.008015696596649533
GKBug_v2,3,13,0,1,0,26.450000000000003,1.75,0.10018012833771796,0.0010586037924234038
GKBug_v2,3,14,1,0,0,40.96666666666667,16.25,0.04564357438018266,0.014043321462802343
GKBug_v2,3,15,0,1,0,75.01666666666667,3.75,0.0,0.000296008558906486
GKBug_v2,3,16,0,0,1,29.775000000000002,10.75,0.09486231591767481,0.006290211707144515
GKBug_v2,3,17,0,1,0,39.1,16.75,0.05323913377590521,0.004134947881453213
GKBug_v2,3,18,0,0,1,36.975,16.75,0.0835132531304613,0.009684220614453867
GKBug_v2,3,19,0,1,0,30.808333333333334,6.75,0.06190749518568264,0.002316568319126863
GKBug_v2,3,20,1,0,0,43.55833333333333,23.5,0.0522100545144095,0.008862423549506941
GKBug_v2,3,21,0,1,0,75.10833333333333,2.25,0.0,0.00010795823712838049
GKBug_v2,3,22,0,1,0,57.766666666666666,21.75,0.0682677786901451,0.010451185745941186
GKBug_v2,3,23,0,1,0,53.474999999999994,25.75,0.09072570742557824,0.01261544217861884
GKBug_v2,3,24,1,0,0,50.05833333333334,28.25,0.06634626724383293,0.008572192384441636
GKBug_v2,4,0,1,0,0,30.233333333333334,12.25,0.031145182860774518,0.005314419410695323
GKBug_v2,4,1,1,0,0,47.141666666666666,26.25,0.05912872279902493,0.0094266009217203
GKBug_v2,4,2,1,0,0,58.53333333333334,58.75,0.06673476185984244,0.015596391101694643
GKBug_v2,4,3,1,0,0,44.93333333333333,42.0,0.049584778215712146,0.01325881786068967
GKBug_v2,4,4,1,0,0,55.025,57.75,0.04731021783087682,0.008663715809891457
GKBug_v2,4,5,1,0,0,72.26666666666667,42.75,0.07112112925745089,0.007724665369089627
GKBug_v2,4,6,1,0,0,65.31666666666666,47.0,0.06691124969856017,0.008870845917794874
GKBug_v2,4,7,0,0,1,31.883333333333336,10.75,0.03940882993331451,0.00453492341102579
GKBug_v2,4,8,1,0,0,30.508333333333333,3.25,0.057562707170729074,0.0020136143469608003
GKBug_v2,4,9,0,1,0,29.341666666666665,4.25,0.0798699503214609,0.0025508740276672546
GKBug_v2,4,10,1,0,0,90.31666666666666,12.5,0.05616234681720411,0.0019077056292437814
GKBug_v2,4,11,0,1,0,42.525,21.75,0.07103887386125594,0.015892080373433818
GKBug_v2,4,12,1,0,0,58.40833333333333,52.5,0.06653560634635712,0.029274202742250358
GKBug_v2,4,13,1,0,0,69.33333333333334,43.25,0.05469973312186816,0.00856858015768885
GKBug_v2,4,14,0,1,0,32.1,8.25,0.0889286041740441,0.00504754758112654
GKBug_v2,4,15,1,0,0,71.64166666666667,13.75,0.04063875116164048,0.00811198243596995
GKBug_v2,4,16,1,0,0,44.858333333333334,29.75,0.08007585015169333,0.013333044608606072
GKBug_v2,4,17,1,0,0,59.03333333333334,47.5,0.06775297958318892,0.009116165600092076
GKBug_v2,4,18,1,0,0,30.533333333333335,8.25,0.046585822961755445,0.0014679978699881054
GKBug_v2,4,19,0,1,0,98.34166666666667,3.0,0.10370651446151014,0.0007057559010543506
GKBug_v2,4,20,1,0,0,81.76666666666667,32.0,0.059570429528967093,0.00794376801710891
GKBug_v2,4,21,1,0,0,40.88333333333333,36.75,0.053660797552009656,0.006877040683765379
GKBug_v2,4,22,1,0,0,7.433333333333334,5.5,0.07194490350030064,0.0032160857251869804
GKBug_v2,4,23,1,0,0,61.4,50.5,0.06492098668209619,0.010708041446148758
GKBug_v2,4,24,1,0,0,38.79166666666667,31.0,0.06419419664941868,0.0069784655704782424
GKBug_v2,5,0,1,0,0,37.79166666666667,14.75,0.04958134807516657,0.007501980065898454
GKBug_v2,5,1,1,0,0,43.5,34.25,0.08326989981218721,0.011943584746874417
GKBug_v2,5,2,0,0,1,56.54166666666667,25.25,0.05337453858385212,0.012039456498339745
GKBug_v2,5,3,0,1,0,40.525,19.5,0.09635824402967423,0.008213764695060454
GKBug_v2,5,4,0,1,0,4.516666666666667,3.5,0.09069352807232388,0.0013297010037149348
GKBug_v2,5,5,0,0,1,59.62499999999999,18.75,0.09850906877945427,0.009215267739779525
GKBug_v2,5,6,0,1,0,38.11666666666667,23.75,0.060354828862189805,0.015608722280338362
GKBug_v2,5,7,0,0,1,89.56666666666668,18.5,0.06622378620780288,0.008388311802944172
GKBug_v2,5,8,0,1,0,60.5,40.0,0.06589478448928986,0.017120934179440016
GKBug_v2,5,9,1,0,0,61.14166666666667,48.0,0.06400030764639145,0.02490820069542524
GKBug_v2,5,10,0,1,0,73.89166666666667,3.75,0.05727594132765679,0.0021877514472948977
GKBug_v2,5,11,1,0,0,55.86666666666667,33.5,0.03599188563034745,0.007518354598718405
GKBug_v2,5,12,0,0,1,48.266666666666666,14.25,0.04108067800468947,0.011730410493236141
GKBug_v2,5,13,0,0,1,27.85,13.0,0.07452542351713523,0.004009938046076442
GKBug_v2,5,14,0,1,0,33.25833333333333,4.75,0.10865260117977485,0.0028607972366599317
GKBug_v2,5,15,1,0,0,39.875,23.75,0.03411129940696666,0.016555019374802377
GKBug_v2,5,16,0,0,1,41.625,13.25,0.0508586670504424,0.005615890806409531
GKBug_v2,5,17,1,0,0,63.516666666666666,41.0,0.08839594779086422,0.014489573107352632
GKBug_v2,5,18,0,0,1,75.30833333333334,33.25,0.09037767192304406,0.009861288107948596
GKBug_v2,5,19,0,0,1,49.93333333333334,31.25,0.06247246843466162,0.013290150749597641
GKBug_v2,5,20,1,0,0,66.325,38.75,0.06367093659836623,0.01854194656556796
GKBug_v2,5,21,0,1,0,33.30833333333334,3.75,0.10051982107230481,0.004677094481518775
GKBug_v2,5,22,1,0,0,85.2,14.0,0.06585189737628487,0.010716900233313542
GKBug_v2,5,23,0,1,0,98.81666666666666,2.0,0.0,5.887647998393031e-05
GKBug_v2,5,24,1,0,0,58.550000000000004,38.25,0.056619115300526233,0.023230595580969834
GKBug_v2,6,0,1,0,0,66.40833333333333,48.0,0.06938771378572417,0.024699721421067463
GKBug_v2,6,1,1,0,0,29.533333333333335,7.5,0.08793444077147627,0.001880878714624053
GKBug_v2,6,2,1,0,0,53.98333333333334,40.75,0.0628058833042655,0.011204180351342973
GKBug_v2,6,3,0,1,0,26.700000000000003,2.75,0.07855668196641268,0.0019053999119845208
GKBug_v2,6,4,1,0,0,91.77499999999999,5.5,0.057524873805374035,0.0053904280867348815
GKBug_v2,6,5,1,0,0,69.28333333333333,41.75,0.059515105777674576,0.017333464388176872
GKBug_v2,6,6,1,0,0,27.991666666666664,28.75,0.08072757436716627,0.007641466650560876
GKBug_v2,6,7,1,0,0,32.550000000000004,12.25,0.07429325268831258,0.004073802712736467
GKBug_v2,6,8,1,0,0,44.95,19.25,0.09523426666917172,0.012519480664248003
GKBug_v2,6,9,0,1,0,17.633333333333333,14.5,0.05346665427474793,0.006812622633803681
GKBug_v2,6,10,0,1,0,92.78333333333333,5.0,0.041066394235877664,0.003186352948480804
GKBug_v2,6,11,1,0,0,60.16666666666667,58.25,0.05200226586340094,0.011080457280435146
GKBug_v2,6,12,1,0,0,82.025,25.5,0.05151667513444196,0.005268705159105563
GKBug_v2,6,13,0,1,0,1.7916666666666667,2.0,0.06341659829873764,0.0012502424360383737
GKBug_v2,6,14,1,0,0,60.59166666666667,55.0,0.07484029765704846,0.024404206297413876
GKBug_v2,6,15,1,0,0,93.26666666666667,13.5,0.0998206843091761,0.003040017716126692
GKBug_v2,6,16,1,0,0,78.81666666666666,34.0,0.0758999334398732,0.010905666796821227
GKBug_v2,6,17,1,0,0,31.166666666666664,8.25,0.07198114793873227,0.002763305677901396
GKBug_v2,6,18,1,0,0,62.983333333333334,47.0,0.060067689505676695,0.007882125465242727
GKBug_v2,6,19,1,0,0,38.108333333333334,25.5,0.07244244785204475,0.004810471963371514
GKBug_v2,6,20,1,0,0,69.55,13.25,0.08084369826034869,0.004458080652756122
GKBug_v2,6,21,1,0,0,83.6,18.0,0.08261536934800595,0.004924958595275778
GKBug_v2,6,22,1,0,0,40.175,17.25,0.032179780257446784,0.01121891487127788
GKBug_v2,6,23,1,0,0,64.86666666666666,56.0,0.05556780309666202,0.014572028015675911
GKBug_v2,6,24,0,1,0,71.15,7.0,0.0547660858527674,0.001825917411255069
GKBug_v2,7,0,1,0,0,17.566666666666666,13.5,0.057068914415002836,0.007934724398093097
GKBug_v2,7,1,1,0,0,11.008333333333335,10.5,0.05804698459619768,0.002490296853515846
GKBug_v2,7,2,0,1,0,29.075,3.5,0.03506967586574024,0.001875742037808523
GKBug_v2,7,3,0,1,0,29.833333333333336,3.75,0.08844757156236105,0.002856968042642605
GKBug_v2,7,4,1,0,0,61.66666666666667,53.75,0.05625868321280353,0.009822103120949253
GKBug_v2,7,5,1,0,0,41.825,29.75,0.04002912777350795,0.006620356065313916
GKBug_v2,7,6,1,0,0,40.8,16.25,0.04178274116682258,0.010577783898821984
GKBug_v2,7,7,1,0,0,45.33333333333333,15.25,0.09521982883723157,0.004972022783929287
GKBug_v2,7,8,1,0,0,64.78333333333333,41.5,0.07135313380160625,0.009419690954391567
GKBug_v2,7,9,0,1,0,28.891666666666666,2.75,0.08706874258607016,0.0017879814654776774
GKBug_v2,7,10,1,0,0,63.53333333333333,47.5,0.05974765523321678,0.013307491745487746
GKBug_v2,7,11,1,0,0,56.13333333333333,46.5,0.07307715532169258,0.009977529699586023
GKBug_v2,7,12,1,0,0,78.40833333333333,31.5,0.07350748901298813,0.008579882396433536
GKBug_v2,7,13,0,1,0,27.616666666666667,20.5,0.02984003551544849,0.010719858923421918
GKBug_v2,7,14,1,0,0,68.675,38.0,0.06381231657491311,0.007438828042616148
GKBug_v2,7,15,1,0,0,46.875,37.25,0.10122074789701384,0.007610279811769357
GKBug_v2,7,16,1,0,0,53.79166666666667,24.25,0.08289297178801949,0.007613506836201833
GKBug_v2,7,17,1,0,0,52.575,60.25,0.08460577199652504,0.016687319961518836
GKBug_v2,7,18,1,0,0,30.641666666666666,23.0,0.05190521751388467,0.005270546980005847
GKBug_v2,7,19,0,1,0,73.52499999999999,6.5,0.10039905898108945,0.0010862143609599553
GKBug_v2,7,20,1,0,0,51.15833333333333,45.25,0.06267893378326751,0.020430887001717767
GKBug_v2,7,21,1,0,0,50.66666666666667,44.0,0.06551090664154657,0.011824434004744578
GKBug_v2,7,22,1,0,0,78.0,28.5,0.07079410099591339,0.005921889222063366
GKBug_v2,7,23,1,0,0,53.41666666666667,57.0,0.08612222456123886,0.010499791843182435
GKBug_v2,7,24,1,0,0,67.35833333333333,58.5,0.06346375158577056,0.008211646490495137
GKBug_v2,8,0,0,1,0,38.925,17.25,0.07299243302326608,0.015022285613666517
GKBug_v2,8,1,1,0,0,62.83333333333333,39.5,0.06515800036372127,0.015372979171039969
GKBug_v2,8,2,1,0,0,53.75833333333333,28.25,0.03860274879606382,0.012431094974289564
GKBug_v2,8,3,0,1,0,99.11666666666666,2.5,0.0,4.393303761570534e-05
GKBug_v2,8,4,1,0,0,41.96666666666667,23.0,0.054557822788067194,0.012539977641854015
GKBug_v2,8,5,0,1,0,67.34166666666667,35.0,0.06716019687284455,0.012532009265298173
GKBug_v2,8,6,1,0,0,51.55833333333333,25.25,0.0619672407188303,0.009315040670324907
GKBug_v2,8,7,0,0,1,7.75,8.5,0.05586645514913278,0.007599370406407317
GKBug_v2,8,8,1,0,0,73.05833333333334,19.0,0.05642843705061021,0.003788363070605996
GKBug_v2,8,9,0,1,0,40.5,3.25,0.04518623404970279,0.0008373562095894317
GKBug_v2,8,10,1,0,0,36.71666666666666,26.25,0.08349639274855647,0.026275875802774004
GKBug_v2,8,11,0,1,0,74.88333333333334,2.75,0.0,0.0005415938161299838
GKBug_v2,8,12,1,0,0,66.90833333333333,44.0,0.07913574412259493,0.021131450135941122
GKBug_v2,8,13,0,1,0,69.325,24.25,0.09324199774560374,0.020779192215773047
GKBug_v2,8,14,1,0,0,32.54166666666667,9.75,0.07032388383324413,0.00880005293569429
GKBug_v2,8,15,0,1,0,33.675,19.25,0.061024739271953087,0.019778905475954282
GKBug_v2,8,16,1,0,0,62.40833333333333,42.25,0.06908233071296292,0.022102251308692786
GKBug_v2,8,17,0,1,0,33.525,6.75,0.07520286456328007,0.004313471413214078
GKBug_v2,8,18,0,1,0,8.924999999999999,4.5,0.07081782672183122,0.002308732664758639
GKBug_v2,8,19,1,0,0,83.89166666666667,23.0,0.09509449471763784,0.007995117364994706
GKBug_v2,8,20,0,0,1,28.76666666666667,5.25,0.046357116101073015,0.0009790746306334785
GKBug_v2,8,21,1,0,0,64.025,35.25,0.07255121903830726,0.013055921115553464
GKBug_v2,8,22,0,0,1,31.900000000000002,17.75,0.07756414607927031,0.004921136586206406
GKBug_v2,8,23,0,1,0,48.25833333333333,20.75,0.09771396853572889,0.009591210308060068
GKBug_v2,8,24,1,0,0,39.35,14.75,0.03220076009881616,0.004271706065337196
GKBug_v2,9,0,1,0,0,57.725,47.25,0.07769247321859817,0.01798145615843161
GKBug_v2,9,1,0,0,1,50.608333333333334,27.5,0.059720583844358466,0.010120285118907947
GKBug_v2,9,2,1,0,0,59.9,48.25,0.06845014746324385,0.020021749887631057
GKBug_v2,9,3,1,0,0,52.541666666666664,37.5,0.055319256031924974,0.01768516654603864
GKBug_v2,9,4,0,1,0,57.49999999999999,17.5,0.11245331227865175,0.021398615054144296
GKBug_v2,9,5,1,0,0,72.23333333333333,35.0,0.06949829705777455,0.013731539780670975
GKBug_v2,9,6,0,1,0,75.925,4.75,0.11677335971515777,0.00724473143829758
GKBug_v2,9,7,0,1,0,74.19166666666666,1.75,0.0,0.0003935821368351688
GKBug_v2,9,8,1,0,0,20.833333333333336,10.0,0.04966849983182425,0.005203700377831572
GKBug_v2,9,9,0,0,1,66.38333333333334,40.0,0.08962276439525362,0.02632551828362221
GKBug_v2,9,10,1,0,0,64.075,34.25,0.09987438629291982,0.02288491646357603
GKBug_v2,9,11,0,1,0,51.95833333333333,12.0,0.08782093653932237,0.013710959372353455
GKBug_v2,9,12,0,1,0,50.80833333333333,22.5,0.04374865389808465,0.010591455817143927
GKBug_v2,9,13,0,1,0,71.93333333333334,32.5,0.06109194893442434,0.011316778035230703
GKBug_v2,9,14,1,0,0,64.49166666666667,42.75,0.08802457134200474,0.02403139204549485
GKBug_v2,9,15,0,1,0,94.36666666666666,7.5,0.0634996979532948,0.00811824969080409
GKBug_v2,9,16,0,1,0,27.408333333333335,16.0,0.07063561642038473,0.0070490467871624
GKBug_v2,9,17,0,1,0,73.24166666666667,6.25,0.03571515178292974,0.0019701760770957887
GKBug_v2,9,18,0,1,0,65.31666666666666,40.75,0.08064045894593294,0.01634239727895319
GKBug_v2,9,19,0,1,0,57.675,26.75,0.05122214944613993,0.011466050859622599
GKBug_v2,9,20,1,0,0,64.55833333333332,46.75,0.07175545310384725,0.015605754754504821
GKBug_v2,9,21,0,1,0,62.416666666666664,35.75,0.07994511413600962,0.01279684208452478
GKBug_v2,9,22,0,1,0,72.55833333333334,17.25,0.07381098742536948,0.002273156745119942
GKBug_v2,9,23,0,1,0,11.583333333333332,7.0,0.06786214663009504,0.003891183235798652
GKBug_v2,9,24,1,0,0,70.25,46.75,0.08151403350608419,0.013746659916853428
GKBug_v2,10,0,0,0,1,36.016666666666666,14.75,0.060773191111034554,0.0055995986471329825
GKBug_v2,10,1,0,0,1,50.16666666666667,15.75,0.06899827552778905,0.00824951479077423
GKBug_v2,10,2,0,1,0,60.14166666666667,45.75,0.07489685698971958,0.0330102842785961
GKBug_v2,10,3,1,0,0,28.541666666666664,26.5,0.07858894953289418,0.014934924282414604
GKBug_v2,10,4,0,1,0,87.05000000000001,8.5,0.10250745424455962,0.01096802498534287
GKBug_v2,10,5,0,1,0,59.69166666666666,34.75,0.04623974581729946,0.01835646627922991
GKBug_v2,10,6,0,1,0,76.925,15.0,0.062477437298509644,0.009155940276412597
GKBug_v2,10,7,0,1,0,50.641666666666666,2.5,0.0,0.0005837358341582223
GKBug_v2,10,8,1,0,0,68.10833333333333,34.0,0.0816920068494336,0.016736189431278588
GKBug_v2,10,9,1,0,0,54.89166666666667,23.25,0.08842574788391595,0.007525064866336138
GKBug_v2,10,10,0,0,1,73.475,7.25,0.059214345082907086,0.002302312930363474
GKBug_v2,10,11,1,0,0,50.849999999999994,23.25,0.06358588504837444,0.012779063010127774
GKBug_v2,10,12,1,0,0,64.88333333333334,48.5,0.07637264142713698,0.013795218637242312
GKBug_v2,10,13,0,1,0,69.125,28.25,0.07589839475603002,0.0069077074417486315
GKBug_v2,10,14,1,0,0,86.1,18.5,0.09241544067551129,0.02130347196857921
GKBug_v2,10,15,0,1,0,65.94166666666666,54.0,0.06831665820274244,0.017112829710799877
GKBug_v2,10,16,1,0,0,72.625,41.75,0.11031536821640796,0.02160665832122462
GKBug_v2,10,17,0,0,1,64.125,29.0,0.03528787823796581,0.01813681182350885
GKBug_v2,10,18,0,1,0,49.825,14.25,0.07736708289277137,0.006542527312285339
GKBug_v2,10,19,0,1,0,76.09166666666667,4.25,0.0,0.0011936568479196223
GKBug_v2,10,20,0,1,0,6.166666666666667,7.0,0.05448824663411575,0.002109413842731506
GKBug_v2,10,21,0,1,0,51.625,24.25,0.07777769176792623,0.013848996188728507
GKBug_v2,10,22,0,1,0,7.008333333333333,7.5,0.03424159762326431,0.011199056304019664
GKBug_v2,10,23,0,0,1,65.10000000000001,43.5,0.060338129390405344,0.011794286705737648
GKBug_v2,10,24,0,0,1,47.18333333333333,17.75,0.071377064171611,0.006003816298569598
GKBug_v2,11,0,0,1,0,43.25,31.5,0.0596166736210522,0.02515417987478115
GKBug_v2,11,1,0,1,0,62.25833333333334,34.75,0.07775016836966768,0.011631490225425542
GKBug_v2,11,2,0,1,0,84.68333333333334,20.5,0.07780294895068648,0.004741152878537209
GKBug_v2,11,3,0,0,1,55.625,12.5,0.09703724511283955,0.006713879743814059
GKBug_v2,11,4,1,0,0,49.9,27.5,0.05496376344315264,0.014031882299382263
GKBug_v2,11,5,1,0,0,70.64166666666667,14.75,0.09599437007510861,0.007028580528866229
GKBug_v2,11,6,1,0,0,67.23333333333333,42.25,0.0484396252027438,0.015700199618453828
GKBug_v2,11,7,0,0,1,44.78333333333334,11.75,0.06226717003678106,0.00918846091228872
GKBug_v2,11,8,1,0,0,46.291666666666664,19.25,0.07613453302488242,0.005024733130018524
GKBug_v2,11,9,0,1,0,54.55,26.75,0.07042515125375833,0.02175635226265834
GKBug_v2,11,10,0,1,0,3.7249999999999996,3.5,0.0991146211041725,0.0022456520916089495
GKBug_v2,11,11,0,1,0,75.74166666666666,3.25,0.0,0.00017697891104119688
GKBug_v2,11,12,0,1,0,30.258333333333333,10.0,0.09477655196297945,0.009427621352907017
GKBug_v2,11,13,0,1,0,95.03333333333333,9.5,0.038226610379327466,0.0044020092710703625
GKBug_v2,11,14,1,0,0,43.03333333333333,16.75,0.08501502125128989,0.003439008445007283
GKBug_v2,11,15,1,0,0,54.266666666666666,18.0,0.03378256719857914,0.007742508235042345
GKBug_v2,11,16,0,0,1,61.75000000000001,39.75,0.08782828148151275,0.03466401153481294
GKBug_v2,11,17,0,0,1,33.85,9.75,0.06247304898147121,0.0035736451399847186
GKBug_v2,11,18,0,0,1,77.01666666666667,17.0,0.09132749183067988,0.005750997317526544
GKBug_v2,11,19,0,1,0,35.75,5.25,0.09760459920971089,0.003061826736549491
GKBug_v2,11,20,1,0,0,63.541666666666664,35.75,0.05749422173164769,0.011519228139784177
GKBug_v2,11,21,1,0,0,49.00833333333333,29.75,0.06680209655163621,0.008084172044245648
GKBug_v2,11,22,1,0,0,96.72500000000001,4.0,0.06619015280876622,0.0007094151493396109
GKBug_v2,11,23,1,0,0,65.54166666666667,42.0,0.07644643821731241,0.024731256532168365
GKBug_v2,11,24,1,0,0,67.40833333333333,24.25,0.10495366462860811,0.010157512918306199
GKBug_v2,12,0,1,0,0,95.23333333333333,8.0,0.07655962063668437,0.0024424854204594102
GKBug_v2,12,1,0,1,0,70.71666666666667,6.25,0.09735876705698637,0.0009880964959433898
GKBug_v2,12,2,0,1,0,94.90833333333333,3.0,0.0453226836273116,0.00031912265677429833
GKBug_v2,12,3,0,1,0,33.575,17.75,0.09848411118290501,0.016734403380243307
GKBug_v2,12,4,1,0,0,36.13333333333333,18.25,0.11172201927907989,0.006031845551357664
GKBug_v2,12,5,1,0,0,64.55833333333332,53.25,0.05866387650468043,0.008538955241028687
GKBug_v2,12,6,1,0,0,63.983333333333334,56.75,0.07254527403867539,0.009615773503632179
GKBug_v2,12,7,1,0,0,30.175,17.0,0.03459297164341477,0.005920064784014282
GKBug_v2,12,8,1,0,0,36.93333333333334,11.5,0.044246215024556404,0.005299456850849717
GKBug_v2,12,9,1,0,0,47.475,34.25,0.12271517040155898,0.006499750787047334
GKBug_v2,12,10,1,0,0,57.63333333333334,54.75,0.06497974278751503,0.013950374099053498
GKBug_v2,12,11,1,0,0,80.65833333333333,31.5,0.07111147153981116,0.01331451390837218
GKBug_v2,12,12,1,0,0,54.39166666666667,57.75,0.05885415107316289,0.01180951931197625
GKBug_v2,12,13,1,0,0,68.51666666666667,18.5,0.04200858861001325,0.004989070017600592
GKBug_v2,12,14,1,0,0,45.916666666666664,36.0,0.07456037757863698,0.011209209501670618
GKBug_v2,12,15,1,0,0,74.11666666666666,21.5,0.04398910101278233,0.006344679060726741
GKBug_v2,12,16,1,0,0,55.61666666666667,35.25,0.04619214879311468,0.010480748951767508
GKBug_v2,12,17,1,0,0,57.291666666666664,48.5,0.06803604425630394,0.021001223366057635
GKBug_v2,12,18,1,0,0,34.75833333333333,12.25,0.15293883888718574,0.0038004091520793246
GKBug_v2,12,19,1,0,0,61.70833333333333,55.75,0.059915808470197215,0.01854376784109439
GKBug_v2,12,20,1,0,0,56.34166666666667,55.0,0.06950279813743286,0.02067491057452973
GKBug_v2,12,21,1,0,0,41.44166666666666,28.5,0.1014238933034459,0.007932288343110909
GKBug_v2,12,22,1,0,0,38.7,27.5,0.09623516144720091,0.008655638071713186
GKBug_v2,12,23,1,0,0,54.03333333333333,35.25,0.06304561552790161,0.013237497995020404
GKBug_v2,12,24,1,0,0,58.72500000000001,45.5,0.06886017233814604,0.009340320291963265
GKBug_v2,13,0,0,1,0,43.824999999999996,17.75,0.04491747925091685,0.011556057299021313
GKBug_v2,13,1,0,1,0,68.075,35.75,0.0922587682592889,0.026857065212550636
GKBug_v2,13,2,0,0,1,64.56666666666668,46.0,0.08058144871844306,0.016345340603447833
GKBug_v2,13,3,1,0,0,88.16666666666667,15.5,0.057210029464517226,0.005044625770424094
GKBug_v2,13,4,0,1,0,30.825000000000003,3.25,0.09621489748296058,0.002895245911299341
GKBug_v2,13,5,0,1,0,20.041666666666664,7.75,0.038911052803661084,0.004556481755280773
GKBug_v2,13,6,1,0,0,38.5,18.25,0.07027599226708811,0.007478092854016849
GKBug_v2,13,7,1,0,0,52.13333333333333,31.75,0.07208569240362805,0.014466377164229105
GKBug_v2,13,8,1,0,0,55.15833333333333,30.5,0.06498057316228198,0.017336923103370653
GKBug_v2,13,9,1,0,0,94.13333333333334,9.5,0.09579386246061351,0.001782984698601056
GKBug_v2,13,10,0,1,0,72.25833333333334,39.25,0.08766636753458873,0.009676555043961702
GKBug_v2,13,11,1,0,0,64.96666666666667,46.0,0.09587526912367242,0.019339825530637397
GKBug_v2,13,12,1,0,0,62.21666666666666,41.5,0.06352028380749676,0.02703151743419931
GKBug_v2,13,13,0,1,0,45.15833333333333,17.0,0.05256995381243733,0.004806549284367236
GKBug_v2,13,14,0,1,0,69.0,13.25,0.07260931721181936,0.00841324873012199
GKBug_v2,13,15,1,0,0,53.79166666666667,37.0,0.05482153393531215,0.03276798841228292
GKBug_v2,13,16,0,1,0,97.16666666666667,5.5,0.06465129856947519,0.0027500922507041076
GKBug_v2,13,17,0,1,0,74.425,2.75,0.0,0.0005179042887406011
GKBug_v2,13,18,0,1,0,96.65,2.5,0.055507489176572784,0.0006834462074397448
GKBug_v2,13,19,0,1,0,32.65833333333333,6.75,0.032854402887960626,0.006710826608583539
GKBug_v2,13,20,1,0,0,60.53333333333333,37.0,0.07064883324703669,0.021915178742119394
GKBug_v2,13,21,1,0,0,36.825,26.25,0.10588561513052773,0.008527767508334795
GKBug_v2,13,22,1,0,0,33.43333333333333,21.75,0.07157983961872369,0.012937846611586909
GKBug_v2,13,23,1,0,0,95.18333333333334,6.0,0.07298961305283272,0.003959593125223891
GKBug_v2,13,24,1,0,0,55.05,33.75,0.08205093473123061,0.024677174002527787
GKBug_v2,14,0,0,1,0,50.2,18.5,0.07450871990152048,0.010204797871870192
GKBug_v2,14,1,0,1,0,74.73333333333333,1.75,0.0,0.0003858153309268795
GKBug_v2,14,2,1,0,0,67.84166666666667,39.75,0.08758098322989,0.0174446557904997
GKBug_v2,14,3,1,0,0,42.775,20.25,0.1153235750634445,0.005248494135320114
GKBug_v2,14,4,0,1,0,73.90833333333333,32.5,0.062121888619992745,0.016962332462604483
GKBug_v2,14,5,0,1,0,28.316666666666666,8.25,0.0793809576111101,0.011367478501948832
GKBug_v2,14,6,0,1,0,51.68333333333334,16.0,0.056903432743361834,0.008152537400275925
GKBug_v2,14,7,0,1,0,37.06666666666666,4.25,0.08096161658706773,0.003947108712437546
GKBug_v2,14,8,0,0,1,67.30000000000001,46.25,0.08853181652016019,0.01907163232242839
GKBug_v2,14,9,0,1,0,33.108333333333334,12.75,0.03337855281928006,0.004810849847793305
GKBug_v2,14,10,0,1,0,77.075,15.75,0.07472698975252953,0.015153636105317822
GKBug_v2,14,11,0,0,1,39.891666666666666,7.25,0.1733481114410819,0.003737577457493319
GKBug_v2,14,12,0,1,0,16.425,10.0,0.08027132890702512,0.009043433127058603
GKBug_v2,14,13,1,0,0,75.9,9.25,0.059028652090486494,0.0016653302994531483
GKBug_v2,14,14,0,1,0,54.93333333333334,24.5,0.07472649228127828,0.01486261050105665
GKBug_v2,14,15,0,1,0,67.80000000000001,35.75,0.06972993407009734,0.009224589771784007
GKBug_v2,14,16,0,0,1,46.475,23.75,0.0730046141995143,0.0120833586989102
GKBug_v2,14,17,1,0,0,66.93333333333334,36.25,0.060750018512386574,0.010628691705175332
GKBug_v2,14,18,1,0,0,70.90833333333333,41.0,0.08624984738201065,0.009186994018125626
GKBug_v2,14,19,1,0,0,44.11666666666667,16.5,0.07194456207426358,0.008056861858982543
GKBug_v2,14,20,0,0,1,46.24166666666667,23.0,0.07716208780678432,0.013196411512089458
GKBug_v2,14,21,0,1,0,89.275,16.0,0.06835485727642002,0.010127367193564508
GKBug_v2,14,22,1,0,0,29.391666666666666,6.5,0.05131051677605872,0.0033872283333151697
GKBug_v2,14,23,0,1,0,28.758333333333336,1.75,0.06355462284286917,0.0017251670423444308
GKBug_v2,14,24,0,1,0,61.133333333333326,28.25,0.04299826367660928,0.008883975378365013
GKBug_v2,15,0,0,1,0,50.4,30.5,0.05280489656088954,0.01139403960537271
GKBug_v2,15,1,0,0,1,57.025000000000006,21.25,0.04621742383220796,0.011439898298354392
GKBug_v2,15,2,0,1,0,5.375,7.0,0.04695052497553633,0.010980628419243445
GKBug_v2,15,3,0,0,1,91.94166666666666,12.0,0.08155454492124892,0.006043753983082345
GKBug_v2,15,4,1,0,0,31.116666666666664,3.75,0.08789511587393699,0.0015206915118036565
GKBug_v2,15,5,0,1,0,99.48333333333333,3.0,0.0,0.0004397187517690552
GKBug_v2,15,6,0,1,0,33.650000000000006,9.75,0.05500513244507945,0.004892944749045802
GKBug_v2,15,7,0,0,1,39.5,14.25,0.04534797352023523,0.016672912260034443
GKBug_v2,15,8,1,0,0,55.03333333333333,27.75,0.06309103723665696,0.010639996429699422
GKBug_v2,15,9,0,1,0,71.75833333333334,7.75,0.06837764822298928,0.006306048226957415
GKBug_v2,15,10,0,1,0,44.824999999999996,24.5,0.04176919199406391,0.016668985378433025
GKBug_v2,15,11,0,1,0,74.75833333333334,2.25,0.0,0.00041654048505375673
GKBug_v2,15,12,0,0,1,68.39166666666667,39.0,0.07497914645385921,0.015722982075745184
GKBug_v2,15,13,1,0,0,56.333333333333336,42.75,0.0790925820779665,0.009714420659955128
GKBug_v2,15,14,0,1,0,97.70833333333333,2.0,0.06594652921827308,0.0004206071641559724
GKBug_v2,15,15,0,1,0,91.81666666666666,16.0,0.05883363516240965,0.003309968104275802
GKBug_v2,15,16,0,1,0,47.208333333333336,23.25,0.08032285368218578,0.02423723313997559
GKBug_v2,15,17,0,0,1,58.008333333333326,35.25,0.11636825126718094,0.012964263936256966
GKBug_v2,15,18,1,0,0,59.84166666666667,47.25,0.07259875358699631,0.013079214089218614
GKBug_v2,15,19,0,1,0,73.275,7.75,0.10978218562960958,0.001093594998608039
GKBug_v2,15,20,1,0,0,29.175,3.25,0.05540196060770159,0.0034944653059830947
GKBug_v2,15,21,0,0,1,60.333333333333336,38.5,0.0646785248522751,0.028433918768676996
GKBug_v2,15,22,0,0,1,33.074999999999996,12.75,0.060015359322197544,0.016013062197076953
GKBug_v2,15,23,1,0,0,61.90833333333333,42.75,0.0788149434306457,0.022806593386031575
GKBug_v2,15,24,0,1,0,30.508333333333333,3.25,0.08807357884148317,0.0022550526366048283
GKBug_v2,16,0,1,0,0,35.541666666666664,21.75,0.06086094656501705,0.015053635257726286
GKBug_v2,16,1,1,0,0,44.375,24.25,0.07063060710846397,0.011711804615092292
GKBug_v2,16,2,1,0,0,40.525,42.5,0.07081099586441461,0.01858508019962264
GKBug_v2,16,3,1,0,0,66.75,36.5,0.07794733519012424,0.007979372856245167
GKBug_v2,16,4,1,0,0,45.46666666666667,43.5,0.049821156130211465,0.007239116346216426
GKBug_v2,16,5,1,0,0,91.325,11.0,0.0958820801281205,0.004961128794095021
GKBug_v2,16,6,0,1,0,30.633333333333333,3.25,0.11316449330924566,0.0027510984434637063
GKBug_v2,16,7,1,0,0,58.03333333333334,48.75,0.06038064178140225,0.01695571020043502
GKBug_v2,16,8,0,1,0,25.758333333333333,1.25,0.04357385763408224,0.0008063662003381149
GKBug_v2,16,9,1,0,0,66.29166666666667,50.0,0.058772827090608715,0.01252033271547728
GKBug_v2,16,10,1,0,0,87.64999999999999,14.0,0.06102564897924192,0.005084945592593509
GKBug_v2,16,11,0,1,0,7.441666666666667,3.5,0.04902998060639469,0.00177803154057189
GKBug_v2,16,12,1,0,0,59.08333333333333,53.5,0.07727962282301003,0.01465269199423825
GKBug_v2,16,13,1,0,0,34.266666666666666,10.25,0.14587480404334288,0.0033156371050757642
GKBug_v2,16,14,1,0,0,61.958333333333336,50.75,0.05599538139498328,0.010752259722856088
GKBug_v2,16,15,1,0,0,68.35,47.25,0.07384804651230052,0.015524209315815779
GKBug_v2,16,16,1,0,0,56.974999999999994,12.5,0.0677249676703192,0.003285415159591858
GKBug_v2,16,17,1,0,0,66.2,13.25,0.05384067090340725,0.004056823342366452
GKBug_v2,16,18,1,0,0,32.03333333333334,14.0,0.15126193400262752,0.004385775463184609
GKBug_v2,16,19,1,0,0,58.599999999999994,69.75,0.06831540876395291,0.006838390231014238
GKBug_v2,16,20,1,0,0,65.50833333333334,58.75,0.0658773515809696,0.020453765853276035
GKBug_v2,16,21,1,0,0,87.90833333333333,10.0,0.050818236854728235,0.003147491533563255
GKBug_v2,16,22,1,0,0,53.75,59.0,0.06256188208669601,0.010734757706656712
GKBug_v2,16,23,1,0,0,52.29166666666667,46.75,0.07563564827584025,0.015614009917864255
GKBug_v2,16,24,1,0,0,38.666666666666664,20.75,0.03210366483818824,0.005859895280630262
GKBug_v2,17,0,0,0,1,54.78333333333333,25.25,0.046388786615902726,0.015104153451692637
GKBug_v2,17,1,0,1,0,68.01666666666667,25.25,0.09858391478698572,0.0071831087772366645
GKBug_v2,17,2,1,0,0,82.09166666666667,20.5,0.08098224320528072,0.010751083062340587
GKBug_v2,17,3,0,0,1,54.59166666666667,27.0,0.07925680278870291,0.017451290106551047
GKBug_v2,17,4,1,0,0,35.28333333333333,15.0,0.028149359989965563,0.003246550367807302
GKBug_v2,17,5,0,1,0,63.641666666666666,47.0,0.09255035532742945,0.029028930045827725
GKBug_v2,17,6,1,0,0,97.18333333333334,3.0,0.07328569854647503,0.0012548360882058255
GKBug_v2,17,7,0,1,0,35.099999999999994,9.25,0.06234213580858041,0.006225332700988536
GKBug_v2,17,8,0,1,0,46.766666666666666,39.0,0.05423449222768963,0.014877547335707907
GKBug_v2,17,9,1,0,0,63.725,41.75,0.10770670516751907,0.020128276167833463
GKBug_v2,17,10,0,0,1,69.89999999999999,42.5,0.07173886840226035,0.017360357376508914
GKBug_v2,17,11,0,0,1,56.474999999999994,32.75,0.07046936958270478,0.01579653738476148
GKBug_v2,17,12,0,0,1,64.14166666666667,20.5,0.07378568086249149,0.010887382219408492
GKBug_v2,17,13,0,1,0,68.85833333333333,41.5,0.0752954790789657,0.008990144297248901
GKBug_v2,17,14,0,1,0,80.00833333333334,17.0,0.07391850768145478,0.008378699865995312
GKBug_v2,17,15,0,0,1,63.324999999999996,33.25,0.07615546608188835,0.006641566813732612
GKBug_v2,17,16,0,1,0,41.349999999999994,3.0,0.030062347230253937,0.0007470091198879718
GKBug_v2,17,17,0,0,1,70.14166666666667,11.25,0.062272386781621884,0.0031689680138634164
GKBug_v2,17,18,0,1,0,63.69166666666667,39.75,0.0641362669534104,0.00875611395674844
GKBug_v2,17,19,0,1,0,64.90833333333333,31.75,0.07005031457459804,0.019556186908779274
GKBug_v2,17,20,1,0,0,51.5,28.25,0.09341321523745791,0.01399160462579488
GKBug_v2,17,21,0,1,0,47.99166666666667,29.0,0.07607467073559303,0.011683191327008216
GKBug_v2,17,22,0,0,1,51.61666666666667,19.5,0.04927128370580406,0.0061176704008835655
GKBug_v2,17,23,0,1,0,89.625,16.0,0.08096188610060372,0.003155145928108581
GKBug_v2,17,24,0,1,0,16.625,11.0,0.07221009086982724,0.004014669454461569
GKBug_v2,18,0,1,0,0,62.84166666666666,50.0,0.06713946213358338,0.02332993028926042
GKBug_v2,18,1,0,1,0,99.575,4.0,0.0,0.00025610978189427483
GKBug_v2,18,2,1,0,0,78.93333333333334,28.5,0.09019706732042429,0.014006604023183884
GKBug_v2,18,3,0,0,1,82.08333333333333,20.0,0.09818931074253187,0.005792910404483164
GKBug_v2,18,4,0,1,0,63.21666666666667,15.5,0.08860244072177209,0.017305429152103414
GKBug_v2,18,5,0,1,0,70.59166666666667,7.25,0.06805883525655321,0.004895637854908612
GKBug_v2,18,6,1,0,0,66.55833333333334,27.75,0.08467625460798793,0.016591830085662108
GKBug_v2,18,7,0,1,0,59.64166666666667,41.0,0.08626208059404136,0.039413160085180136
GKBug_v2,18,8,1,0,0,94.23333333333333,7.0,0.057486550797802155,0.002863400929759439
GKBug_v2,18,9,0,1,0,40.208333333333336,10.75,0.07903555440682537,0.016287024613241524
GKBug_v2,18,10,1,0,0,64.35833333333333,29.75,0.06737061252590086,0.011650471486139046
GKBug_v2,18,11,1,0,0,64.98333333333333,27.0,0.08008207586134329,0.01941802821050803
GKBug_v2,18,12,1,0,0,91.375,13.0,0.07507689961532735,0.005919190976844765
GKBug_v2,18,13,0,1,0,96.275,7.5,0.07599537209376664,0.0003357861780208807
GKBug_v2,18,14,1,0,0,64.75833333333333,38.25,0.060790149024165845,0.010895932959870468
GKBug_v2,18,15,1,0,0,73.6,44.0,0.057253960228908767,0.010803221188957445
GKBug_v2,18,16,1,0,0,89.55833333333332,16.5,0.05703095174658284,0.0023331379833693646
GKBug_v2,18,17,0,1,0,79.45,21.0,0.06296439037128486,0.015523355398520886
GKBug_v2,18,18,1,0,0,53.766666666666666,44.25,0.05583018430555696,0.02253603592763011
GKBug_v2,18,19,0,1,0,63.18333333333334,36.75,0.06460019323308748,0.013178774063205357
GKBug_v2,18,20,1,0,0,55.15,36.75,0.061901525272042845,0.01797207309063659
GKBug_v2,18,21,0,1,0,63.541666666666664,19.0,0.035342560052937226,0.006692322690913383
GKBug_v2,18,22,0,1,0,55.99166666666666,46.25,0.06351084712996895,0.023948035188242303
GKBug_v2,18,23,0,0,1,95.28333333333333,9.5,0.05914335144261219,0.0005796555835803357
GKBug_v2,18,24,1,0,0,41.975,30.25,0.07933291744797169,0.020065446293435547
GKBug_v2,19,0,1,0,0,11.091666666666667,16.0,0.06954771618997853,0.002907618720817738
GKBug_v2,19,1,1,0,0,50.56666666666667,69.0,0.09201879702868998,0.010722968609211445
GKBug_v2,19,2,1,0,0,47.108333333333334,13.5,0.034993268909626334,0.005211539419358308
GKBug_v2,19,3,1,0,0,72.11666666666666,6.75,0.0673651184928882,0.0009744412005275143
GKBug_v2,19,4,1,0,0,39.33333333333333,35.0,0.08338695469665433,0.008836253715164492
GKBug_v2,19,5,0,1,0,73.14166666666667,7.75,0.12480537536868336,0.0005434484081661833
GKBug_v2,19,6,1,0,0,58.85,41.25,0.04393376941925619,0.013217243445613402
GKBug_v2,19,7,0,1,0,30.816666666666663,5.25,0.08703769548338722,0.0027489743379561296
GKBug_v2,19,8,1,0,0,47.30833333333334,28.0,0.09859651572997613,0.009004706387182952
GKBug_v2,19,9,1,0,0,58.141666666666666,49.5,0.06504562068101793,0.027983419359748393
GKBug_v2,19,10,1,0,0,53.725,56.25,0.055464384283706716,0.007287789394428951
GKBug_v2,19,11,1,0,0,55.708333333333336,46.0,0.06308740345233312,0.009250743252494652
GKBug_v2,19,12,1,0,0,52.06666666666667,58.5,0.0527102119653456,0.01126784764386196
GKBug_v2,19,13,0,1,0,30.525000000000002,6.25,0.11064528081383718,0.0016743562187202725
GKBug_v2,19,14,1,0,0,21.016666666666666,16.5,0.08565361467591874,0.007828180871536843
GKBug_v2,19,15,1,0,0,51.108333333333334,34.25,0.040603716253818006,0.009515759885599502
GKBug_v2,19,16,1,0,0,53.15833333333333,52.25,0.06089170074105051,0.009201515202389588
GKBug_v2,19,17,1,0,0,27.633333333333333,6.25,0.04161789038571187,0.0009741637169287136
GKBug_v2,19,18,1,0,0,49.766666666666666,36.5,0.032948537642077114,0.017354170216430924
GKBug_v2,19,19,1,0,0,59.08333333333333,63.75,0.06286889105331457,0.009366221747162264
GKBug_v2,19,20,1,0,0,58.31666666666667,53.75,0.06813824587940401,0.012508007544876215
GKBug_v2,19,21,1,0,0,61.38333333333333,45.0,0.06800347717737604,0.011803336464936361
GKBug_v2,19,22,1,0,0,53.2,37.0,0.06800623812853945,0.01704644585777218
GKBug_v2,19,23,1,0,0,42.61666666666667,19.75,0.09042842082665728,0.007037156732743096
GKBug_v2,19,24,1,0,0,66.26666666666667,48.5,0.055064812329577405,0.014866527242700664
GKBug_v3,0,0,1,0,0,58.333333333333336,21.0,0.07837742382248437,0.012416915481593068
GKBug_v3,0,1,0,1,0,85.31666666666666,26.0,0.0831698101802339,0.018683218160894324
GKBug_v3,0,2,0,0,1,61.0,27.0,0.0629994232807246,0.009031179030886956
GKBug_v3,0,3,1,0,0,53.708333333333336,34.75,0.08201354270109838,0.016648318493527117
GKBug_v3,0,4,0,1,0,65.10000000000001,46.25,0.08129091111394204,0.014392316557343
GKBug_v3,0,5,0,0,1,24.916666666666668,14.5,0.0862661885548698,0.011995188303679502
GKBug_v3,0,6,1,0,0,67.125,41.5,0.060674210077069454,0.012324007110382883
GKBug_v3,0,7,0,1,0,75.34166666666667,2.25,0.0,0.0001019007187528185
GKBug_v3,0,8,0,1,0,35.11666666666667,23.25,0.03465055341255359,0.00615794065314645
GKBug_v3,0,9,0,1,0,63.30833333333333,32.25,0.09900225352710003,0.010615058988278633
GKBug_v3,0,10,1,0,0,68.14166666666667,47.5,0.08371989855660633,0.00907741787410655
GKBug_v3,0,11,0,1,0,32.983333333333334,5.75,0.07981857692403067,0.004200556482713654
GKBug_v3,0,12,0,0,1,32.416666666666664,4.75,0.03970796379951995,0.0031553175340660925
GKBug_v3,0,13,0,1,0,38.475,18.25,0.07900437432941698,0.007466354116407982
GKBug_v3,0,14,1,0,0,64.25,47.0,0.07699542141948852,0.012022980335368893
GKBug_v3,0,15,0,1,0,30.11666666666667,5.75,0.042547845647823615,0.0026371433089242024
GKBug_v3,0,16,0,1,0,74.81666666666666,14.75,0.07424079599995317,0.002947694237808821
GKBug_v3,0,17,0,1,0,39.33333333333333,17.5,0.056643186631528716,0.025149075346984955
GKBug_v3,0,18,0,1,0,59.0,27.5,0.0514550337771854,0.011303466237398271
GKBug_v3,0,19,0,1,0,97.93333333333332,4.0,0.0,0.0007395193767686313
GKBug_v3,0,20,1,0,0,44.141666666666666,21.25,0.087239172184232,0.008700055502339083
GKBug_v3,0,21,0,1,0,95.75,13.0,0.10583201695970444,0.0008974085261212137
GKBug_v3,0,22,0,1,0,39.71666666666667,19.25,0.06561406681089173,0.008674734838067757
GKBug_v3,0,23,1,0,0,68.66666666666667,50.75,0.07202497198724755,0.014901458193357538
GKBug_v3,0,24,0,1,0,70.00833333333333,15.25,0.05801673899057152,0.012002617960370613
GKBug_v3,1,0,1,0,0,56.858333333333334,56.0,0.06102994318820191,0.017500286515227947
GKBug_v3,1,1,0,1,0,31.374999999999996,5.25,0.05452347423894765,0.001259599729078543
GKBug_v3,1,2,0,1,0,30.9,10.0,0.04128432423837439,0.004300060465419321
GKBug_v3,1,3,1,0,0,43.13333333333333,38.0,0.08125358161916522,0.011260692382465284
GKBug_v3,1,4,1,0,0,56.616666666666674,50.5,0.07775327912171727,0.016936779713812928
GKBug_v3,1,5,1,0,0,53.98333333333334,24.0,0.07761889831263154,0.011114918994568082
GKBug_v3,1,6,1,0,0,42.766666666666666,17.5,0.08672518167517564,0.007570176560774217
GKBug_v3,1,7,1,0,0,45.06666666666666,30.25,0.06049653930747612,0.01849531894981659
GKBug_v3,1,8,1,0,0,78.30833333333334,36.25,0.058281846919790575,0.011097677415518793
GKBug_v3,1,9,1,0,0,39.2,18.5,0.04872009269063027,0.005593779052572122
GKBug_v3,1,10,0,1,0,26.458333333333332,3.25,0.04407735192364773,0.0011151461026345324
GKBug_v3,1,11,1,0,0,40.358333333333334,27.25,0.048203810322854194,0.01376099730295203
GKBug_v3,1,12,1,0,0,7.591666666666666,11.0,0.07134748380850134,0.0033656947604578376
GKBug_v3,1,13,1,0,0,60.224999999999994,22.75,0.057753759013094305,0.022052377417458902
GKBug_v3,1,14,1,0,0,46.525,34.5,0.06375663047508853,0.005797259711619257
GKBug_v3,1,15,0,1,0,27.941666666666663,2.75,0.046615606707474215,0.0007369891948662969
GKBug_v3,1,16,1,0,0,58.291666666666664,58.5,0.07025629790147161,0.011977386359013293
GKBug_v3,1,17,1,0,0,59.49166666666667,59.5,0.061933141135701156,0.00926185123622644
GKBug_v3,1,18,1,0,0,28.041666666666664,11.75,0.07311298013051684,0.004922373554488357
GKBug_v3,1,19,1,0,0,31.216666666666665,13.5,0.06089622510969479,0.005747206943112524
GKBug_v3,1,20,1,0,0,26.174999999999997,20.0,0.062164864706246666,0.00531360437479476
GKBug_v3,1,21,1,0,0,72.82499999999999,57.75,0.07764503742488055,0.017994867816046946
GKBug_v3,1,22,1,0,0,28.633333333333333,4.25,0.07306235732422016,0.00332570518661575
GKBug_v3,1,23,1,0,0,87.15,16.5,0.05775801148120776,0.00527932060724152
GKBug_v3,1,24,1,0,0,56.50833333333334,36.75,0.05785762591381223,0.01094046258986345
GKBug_v3,2,0,1,0,0,16.433333333333334,14.0,0.07443661806394547,0.004100247510623548
GKBug_v3,2,1,1,0,0,28.95,28.5,0.05236644837737219,0.0033505274731702867
GKBug_v3,2,2,1,0,0,54.44166666666666,31.0,0.06948493867409244,0.010373826439628206
GKBug_v3,2,3,1,0,0,30.458333333333332,27.0,0.07179945007588981,0.008801648005631511
GKBug_v3,2,4,1,0,0,56.699999999999996,57.0,0.06553496234909009,0.007791163456132906
GKBug_v3,2,5,1,0,0,53.44166666666666,47.25,0.057820504186138835,0.009703096315952023
GKBug_v3,2,6,1,0,0,56.49166666666666,47.0,0.051487868573996495,0.01808600261884802
GKBug_v3,2,7,1,0,0,65.68333333333334,52.25,0.056077362661505266,0.011779456152001348
GKBug_v3,2,8,1,0,0,38.708333333333336,17.25,0.07486041799130165,0.008443891462795162
GKBug_v3,2,9,1,0,0,26.166666666666664,19.0,0.04897073080770897,0.002767627232648231
GKBug_v3,2,10,1,0,0,57.75,49.0,0.06445815288897729,0.010652072845577367
GKBug_v3,2,11,1,0,0,46.358333333333334,19.75,0.07282614233339495,0.008955735914757013
GKBug_v3,2,12,1,0,0,68.23333333333333,44.5,0.06748369571648474,0.007514548276857734
GKBug_v3,2,13,0,1,0,34.53333333333333,8.75,0.09394619698081633,0.004149663052696422
GKBug_v3,2,14,1,0,0,61.28333333333333,42.0,0.06551986743982371,0.014135511459733834
GKBug_v3,2,15,1,0,0,33.68333333333333,9.75,0.14160903200505917,0.0039616971555000895
GKBug_v3,2,16,1,0,0,62.36666666666667,57.0,0.06089177507599113,0.010416683891193055
GKBug_v3,2,17,1,0,0,48.40833333333333,36.0,0.08580521810054724,0.010343444659102877
GKBug_v3,2,18,1,0,0,56.574999999999996,50.25,0.05832884164403617,0.015476148738692158
GKBug_v3,2,19,0,1,0,8.583333333333334,3.0,0.08905128993531435,0.0012410381272108103
GKBug_v3,2,20,1,0,0,44.79166666666667,31.5,0.08368753191802149,0.016772599394342634
GKBug_v3,2,21,0,1,0,99.21666666666667,3.5,0.0,0.0004926967552708019
GKBug_v3,2,22,1,0,0,15.775,10.75,0.03619285694020296,0.0027046641514403584
GKBug_v3,2,23,1,0,0,59.21666666666666,47.75,0.06009235054799237,0.017573642829635347
GKBug_v3,2,24,1,0,0,54.05,34.25,0.06621834320364588,0.011682101157936855
GKBug_v3,3,0,1,0,0,35.083333333333336,6.75,0.04895550033951,0.004966808520405738
GKBug_v3,3,1,0,1,0,75.2,3.75,0.0,0.0007381851129332648
GKBug_v3,3,2,1,0,0,74.90833333333333,31.0,0.09082606059326279,0.024919220949311982
GKBug_v3,3,3,0,1,0,87.19166666666666,17.0,0.14112366380167107,0.009204422721889807
GKBug_v3,3,4,0,1,0,49.35,18.75,0.05912750492288472,0.008030187319024919
GKBug_v3,3,5,0,1,0,99.04166666666666,3.0,0.0,0.00030439365594688207
GKBug_v3,3,6,1,0,0,65.45833333333333,30.5,0.08652260047356111,0.012909116861115975
GKBug_v3,3,7,0,1,0,96.54166666666667,8.5,0.0678035784713806,0.0018415112292782315
GKBug_v3,3,8,1,0,0,57.24166666666667,9.25,0.08620149242213422,0.009137671773443342
GKBug_v3,3,9,0,1,0,49.175000000000004,25.5,0.07448746705001111,0.018505069192220256
GKBug_v3,3,10,1,0,0,35.775,9.25,0.10059941798230315,0.007082578321239628
GKBug_v3,3,11,0,1,0,78.45833333333333,19.5,0.07275538366580231,0.0061162874596245075
GKBug_v3,3,12,1,0,0,65.5,34.5,0.07915079346663538,0.018411724957882132
GKBug_v3,3,13,0,0,1,84.90833333333333,16.0,0.07445427968657314,0.005687508601592258
GKBug_v3,3,14,1,0,0,62.025,43.75,0.0699946076465368,0.021226482353406892
GKBug_v3,3,15,0,1,0,81.04166666666667,35.75,0.11180588827485917,0.019447304636001292
GKBug_v3,3,16,1,0,0,50.83333333333333,25.0,0.08232583517701317,0.007657636507549859
GKBug_v3,3,17,1,0,0,60.483333333333334,43.5,0.08112936800543377,0.01556547553350108
GKBug_v3,3,18,0,1,0,68.55833333333334,31.5,0.06120385284587673,0.00894247987375564
GKBug_v3,3,19,1,0,0,68.70833333333334,49.5,0.061743452596525784,0.013686998953507244
GKBug_v3,3,20,0,1,0,97.10833333333333,3.5,0.05828791915197498,0.002613134692885522
GKBug_v3,3,21,0,1,0,58.650000000000006,15.75,0.06337676895759309,0.011530240661774535
GKBug_v3,3,22,1,0,0,64.61666666666666,40.25,0.05751735895782117,0.011328835413129942
GKBug_v3,3,23,0,1,0,99.5,2.5,0.0,0.00015555405311182055
GKBug_v3,3,24,1,0,0,64.46666666666667,38.25,0.08559231684594384,0.013345204616289248
GKBug_v3,4,0,1,0,0,83.45833333333333,25.5,0.10502344566488016,0.004959806705602064
GKBug_v3,4,1,1,0,0,51.016666666666666,25.75,0.07987714918111614,0.018867489942365857
GKBug_v3,4,2,1,0,0,40.90833333333334,19.75,0.06825395447862445,0.0075940301121844534
GKBug_v3,4,3,0,1,0,58.766666666666666,29.75,0.0671111406109384,0.009432490817692159
GKBug_v3,4,4,1,0,0,62.83333333333333,35.5,0.059627035900607854,0.010457777598973164
GKBug_v3,4,5,0,1,0,28.725,7.0,0.03626908336127052,0.004123413729527797
GKBug_v3,4,6,0,1,0,69.79166666666666,38.5,0.06965708499726202,0.013452878129336222
GKBug_v3,4,7,1,0,0,70.6,36.0,0.07346444431319141,0.020724922910383182
GKBug_v3,4,8,0,1,0,43.84166666666667,14.25,0.09579618090642222,0.00926736330485628
GKBug_v3,4,9,0,0,1,44.03333333333334,18.25,0.07261530040955747,0.010622416616737145
GKBug_v3,4,10,1,0,0,61.150000000000006,30.0,0.06888340759947985,0.02294936157142289
GKBug_v3,4,11,1,0,0,65.81666666666666,44.75,0.06776203909572438,0.01112612433823662
GKBug_v3,4,12,0,1,0,62.583333333333336,43.5,0.06936551291263239,0.02589360006048884
GKBug_v3,4,13,1,0,0,57.25833333333333,31.25,0.07185323596522303,0.023487491591308442
GKBug_v3,4,14,0,1,0,28.775000000000002,6.25,0.06487212998708962,0.004486444502122708
GKBug_v3,4,15,0,1,0,61.775000000000006,32.25,0.09924774175410163,0.00951277513325868
GKBug_v3,4,16,1,0,0,67.125,44.0,0.07596494720406353,0.008980713648755249
GKBug_v3,4,17,1,0,0,73.84166666666667,42.5,0.06201925617247584,0.012477713073825322
GKBug_v3,4,18,0,1,0,86.4,17.5,0.06048223295931558,0.004421301436395907
GKBug_v3,4,19,0,1,0,50.30833333333333,2.0,0.0,0.00019929908297420772
GKBug_v3,4,20,0,1,0,39.83333333333333,16.0,0.0801269003280442,0.013068848638563545
GKBug_v3,4,21,0,1,0,47.699999999999996,13.25,0.07857686556566391,0.01440180045689397
GKBug_v3,4,22,0,1,0,72.85833333333333,4.25,0.05911942732193152,0.0009402135418492238
GKBug_v3,4,23,1,0,0,92.50833333333334,14.5,0.11076205639011982,0.00481761621219642
GKBug_v3,4,24,1,0,0,49.61666666666667,19.5,0.14648435218577044,0.005070106525267863
GKBug_v3,5,0,0,1,0,22.933333333333334,17.0,0.05787469575813409,0.003062174619628331
GKBug_v3,5,1,0,1,0,40.74166666666667,17.5,0.08483291969276047,0.01348549017142071
GKBug_v3,5,2,0,1,0,42.733333333333334,11.0,0.0400048697962724,0.005311310565710515
GKBug_v3,5,3,1,0,0,74.39166666666667,37.25,0.05922338265401558,0.012075525670720306
GKBug_v3,5,4,0,1,0,64.24166666666666,39.0,0.0446588611088456,0.014854195528267533
GKBug_v3,5,5,0,1,0,30.75,5.75,0.11366358820007771,0.0020076209124114024
GKBug_v3,5,6,0,1,0,83.575,13.25,0.10128810715325663,0.004912105088773936
GKBug_v3,5,7,0,1,0,9.0,6.5,0.0721140190762472,0.004622589006544718
GKBug_v3,5,8,1,0,0,59.30833333333333,34.5,0.08931397929956858,0.016315249341631855
GKBug_v3,5,9,0,0,1,62.43333333333333,35.0,0.05960530088700652,0.012696522430620038
GKBug_v3,5,10,0,1,0,73.0,4.75,0.0628844488286149,0.00029465643654097277
GKBug_v3,5,11,0,1,0,74.81666666666666,3.25,0.0,2.198294942171116e-05
GKBug_v3,5,12,0,1,0,48.275,24.25,0.05083336547260022,0.010094538939658552
GKBug_v3,5,13,0,1,0,74.94166666666666,2.25,0.0,0.0001840093764323945
GKBug_v3,5,14,0,1,0,97.89999999999999,2.0,0.06995197693521907,0.0004458111315493454
GKBug_v3,5,15,0,0,1,43.675000000000004,23.25,0.06406944852338994,0.012810386419145855
GKBug_v3,5,16,1,0,0,61.724999999999994,34.25,0.0833511922007388,0.010415961248149906
GKBug_v3,5,17,0,0,1,65.74166666666666,37.5,0.08232911521998458,0.022155384050108456
GKBug_v3,5,18,1,0,0,60.199999999999996,40.25,0.07176528461011614,0.019595727727392723
GKBug_v3,5,19,0,1,0,61.1,38.25,0.07254958915580693,0.03007433929091557
GKBug_v3,5,20,1,0,0,60.633333333333326,32.0,0.06150307034639198,0.031947242390457424
GKBug_v3,5,21,0,0,1,66.66666666666666,29.75,0.07519839260136711,0.008047952821840145
GKBug_v3,5,22,1,0,0,34.8,21.5,0.034834230292714354,0.005025287363874705
GKBug_v3,5,23,0,1,0,62.75833333333334,43.5,0.07062137958518681,0.011359192029783676
GKBug_v3,5,24,0,1,0,87.125,13.0,0.07005450885245987,0.005370483639882783
GKBug_v3,6,0,1,0,0,16.133333333333333,13.0,0.1857214120580803,0.0044552593003773355
GKBug_v3,6,1,0,1,0,60.04166666666667,42.0,0.08093623605158544,0.020350248984902237
GKBug_v3,6,2,0,1,0,63.68333333333334,37.5,0.070333598359183,0.01961342563313249
GKBug_v3,6,3,1,0,0,46.40833333333333,27.0,0.06429342711484218,0.007814202894111418
GKBug_v3,6,4,0,0,1,52.76666666666666,29.25,0.06112030569187518,0.008238024813161774
GKBug_v3,6,5,1,0,0,94.33333333333334,5.0,0.08708471861491299,0.0022437276636868837
GKBug_v3,6,6,0,0,1,78.70833333333334,26.0,0.06873981702501797,0.009031174637197801
GKBug_v3,6,7,1,0,0,68.28333333333333,39.5,0.07971427183141691,0.009546297441145473
GKBug_v3,6,8,0,1,0,52.725,14.0,0.09025670394322566,0.007052485070674704
GKBug_v3,6,9,0,1,0,50.73333333333333,27.75,0.0649233360703212,0.011187594148895698
GKBug_v3,6,10,0,1,0,71.73333333333333,8.75,0.06546838518408941,0.0015657042020028311
GKBug_v3,6,11,0,1,0,35.24166666666667,12.25,0.0526194344117615,0.006872463880207411
GKBug_v3,6,12,0,1,0,16.483333333333334,16.0,0.03948993089125657,0.0030800522852701966
GKBug_v3,6,13,0,0,1,52.541666666666664,28.75,0.09778676011816864,0.02011238823102402
GKBug_v3,6,14,1,0,0,33.483333333333334,16.0,0.0985401680219798,0.0066765468320338
GKBug_v3,6,15,1,0,0,60.275,50.25,0.0665836025967222,0.01991220860309954
GKBug_v3,6,16,0,1,0,90.25,10.5,0.045224351026672015,0.012617484995554375
GKBug_v3,6,17,1,0,0,69.06666666666666,51.25,0.08046411777752692,0.01936642103813895
GKBug_v3,6,18,0,1,0,84.55833333333334,26.0,0.07993223693450179,0.023642740628987267
GKBug_v3,6,19,0,1,0,28.016666666666666,5.25,0.0368182245833107,0.0016267443224061348
GKBug_v3,6,20,1,0,0,57.358333333333334,36.75,0.07663567106429497,0.013508319561312754
GKBug_v3,6,21,0,1,0,74.89166666666667,2.25,0.0,0.00012956137799975445
GKBug_v3,6,22,0,1,0,30.25,15.75,0.09984996261307345,0.010800009983175861
GKBug_v3,6,23,0,1,0,57.09166666666666,20.5,0.05626085597240031,0.01606271681543437
GKBug_v3,6,24,0,1,0,29.799999999999997,6.5,0.15758644207356162,0.003390517000259982
GKBug_v3,7,0,1,0,0,26.43333333333333,15.0,0.09779608446196297,0.005126062935712253
GKBug_v3,7,1,1,0,0,44.5,34.5,0.08808655144859415,0.005227272841193489
GKBug_v3,7,2,1,0,0,37.65833333333333,16.25,0.0749883319781822,0.0069116891537552416
GKBug_v3,7,3,1,0,0,59.66666666666667,53.75,0.065121895341821,0.014206521289488865
GKBug_v3,7,4,1,0,0,53.68333333333334,42.0,0.07084737676685163,0.011524479636498133
GKBug_v3,7,5,0,1,0,60.175,6.75,0.1375676003427874,0.0031066029078674886
GKBug_v3,7,6,1,0,0,18.3,12.0,0.07339823881854046,0.01123846384529006
GKBug_v3,7,7,1,0,0,57.574999999999996,62.5,0.06893548224267146,0.006705379173690489
GKBug_v3,7,8,1,0,0,28.191666666666666,4.25,0.08218196034981354,0.0019428986229273694
GKBug_v3,7,9,1,0,0,83.89999999999999,21.5,0.09760441451084104,0.009452181551461655
GKBug_v3,7,10,1,0,0,63.85833333333333,50.75,0.05645631097822769,0.013572114217392022
GKBug_v3,7,11,1,0,0,32.94166666666667,13.0,0.14560829337568237,0.0038243857708910433
GKBug_v3,7,12,1,0,0,80.11666666666667,23.5,0.06619351537836177,0.004639294318311133
GKBug_v3,7,13,0,1,0,72.83333333333334,3.25,0.09382098629786784,0.0022306413400127187
GKBug_v3,7,14,1,0,0,32.25,15.75,0.07836838209018224,0.006417283097761558
GKBug_v3,7,15,1,0,0,54.36666666666666,30.0,0.05879876284158294,0.01257513308258079
GKBug_v3,7,16,1,0,0,62.133333333333326,54.0,0.06278378212442198,0.007716941812577
GKBug_v3,7,17,1,0,0,59.28333333333333,51.0,0.07202791729388232,0.011331026841135225
GKBug_v3,7,18,1,0,0,76.55833333333332,33.0,0.07048467310440451,0.008878478124148898
GKBug_v3,7,19,1,0,0,61.199999999999996,59.5,0.061430127151078345,0.011926122892206667
GKBug_v3,7,20,1,0,0,28.53333333333333,18.0,0.05691346424922712,0.009260308233409571
GKBug_v3,7,21,1,0,0,31.65,9.25,0.0832665225649309,0.005140629601167561
GKBug_v3,7,22,1,0,0,88.08333333333334,13.5,0.06866664295903285,0.0012211076386485734
GKBug_v3,7,23,1,0,0,71.31666666666666,37.0,0.05946588228453725,0.007973355471358365
GKBug_v3,7,24,1,0,0,28.983333333333334,25.5,0.03930572935461731,0.0055438722544614814
GKBug_v3,8,0,1,0,0,67.70833333333334,31.0,0.07404851093964085,0.014180012340587595
GKBug_v3,8,1,0,1,0,99.3,2.5,0.0,0.0003064905146035153
GKBug_v3,8,2,1,0,0,57.68333333333333,22.75,0.039829834319083775,0.018769452524244026
GKBug_v3,8,3,0,1,0,51.975,6.5,0.060355714917888104,0.0023710372685188516
GKBug_v3,8,4,0,1,0,66.625,22.25,0.07383746222859917,0.013409543301159505
GKBug_v3,8,5,0,1,0,36.30833333333333,12.75,0.057735321576979366,0.01792763310144323
GKBug_v3,8,6,0,0,1,62.40833333333333,26.25,0.06756180734104361,0.007736963238727449
GKBug_v3,8,7,0,1,0,33.69166666666666,6.5,0.07531288663439312,0.0029658560682603438
GKBug_v3,8,8,0,1,0,29.708333333333332,3.75,0.08924665070450741,0.0024568415130400826
GKBug_v3,8,9,1,0,0,36.36666666666667,17.5,0.06958203483442853,0.01663117915382139
GKBug_v3,8,10,0,1,0,60.90833333333333,31.25,0.05841351368241538,0.008912192525539809
GKBug_v3,8,11,0,1,0,30.45,3.75,0.0892346615580756,0.003453204133115931
GKBug_v3,8,12,1,0,0,54.675,35.25,0.09449950757890332,0.02204012492522546
GKBug_v3,8,13,1,0,0,67.10000000000001,38.75,0.057955918887027814,0.01784672305392166
GKBug_v3,8,14,0,1,0,73.15,31.0,0.07568507222877328,0.017795465650629574
GKBug_v3,8,15,1,0,0,50.5,33.75,0.05948194117593894,0.030279483395830212
GKBug_v3,8,16,0,1,0,95.64166666666667,5.5,0.06224033330764552,0.000955538757177401
GKBug_v3,8,17,0,1,0,55.641666666666666,36.5,0.08965222507299685,0.016028222772511754
GKBug_v3,8,18,0,1,0,97.7,3.5,0.07904400480743926,0.00028081682838755503
GKBug_v3,8,19,0,1,0,60.5,9.5,0.0460113175958367,0.004144528965074758
GKBug_v3,8,20,1,0,0,22.275,18.5,0.0654075210733967,0.004719950216622248
GKBug_v3,8,21,0,1,0,30.025000000000002,24.5,0.06536913035184443,0.011223472873636137
GKBug_v3,8,22,1,0,0,63.11666666666667,47.5,0.061890280289741785,0.02006005247221324
GKBug_v3,8,23,1,0,0,71.875,46.25,0.08875971822645445,0.019760998978916384
GKBug_v3,8,24,0,1,0,48.61666666666667,20.25,0.05998346555691012,0.01761815093926436
GKBug_v3,9,0,1,0,0,63.175000000000004,48.5,0.07036008744782594,0.02462799181927199
GKBug_v3,9,1,0,1,0,33.00833333333333,7.25,0.06933335612717992,0.007780465624925256
GKBug_v3,9,2,1,0,0,50.3,19.75,0.06864669771229498,0.008631135889906731
GKBug_v3,9,3,1,0,0,67.625,43.75,0.07997994265468973,0.02608163711985366
GKBug_v3,9,4,0,1,0,62.775000000000006,29.25,0.06892522048390634,0.01619998014543656
GKBug_v3,9,5,1,0,0,67.06666666666666,48.25,0.07633823226396992,0.013411211632572799
GKBug_v3,9,6,0,0,1,61.391666666666666,23.25,0.040854848162141744,0.008774668737053916
GKBug_v3,9,7,1,0,0,58.15833333333333,46.75,0.0955259443505466,0.023171224963772455
GKBug_v3,9,8,0,1,0,29.625,5.25,0.08434471627495035,0.0019189289661865148
GKBug_v3,9,9,0,0,1,55.666666666666664,36.0,0.06926265964246311,0.017143177815661437
GKBug_v3,9,10,0,1,0,72.06666666666666,26.0,0.06629172775937052,0.012893478340256646
GKBug_v3,9,11,0,1,0,58.925000000000004,34.5,0.08244818596748103,0.020741707203616684
GKBug_v3,9,12,0,0,1,60.891666666666666,34.75,0.07718440617698347,0.008261536621357656
GKBug_v3,9,13,0,1,0,85.95,19.0,0.05731103563405202,0.00972586121395306
GKBug_v3,9,14,0,1,0,30.59166666666667,27.5,0.04533648997461271,0.013556935387432537
GKBug_v3,9,15,0,1,0,71.55,13.75,0.044296256051954926,0.004730854593072853
GKBug_v3,9,16,0,1,0,33.925,5.75,0.08231579802707764,0.002831915461560942
GKBug_v3,9,17,1,0,0,59.44166666666667,34.5,0.06287492014542416,0.026294778665058253
GKBug_v3,9,18,1,0,0,44.574999999999996,24.0,0.05191797808036703,0.009802258684063023
GKBug_v3,9,19,0,1,0,66.18333333333334,30.25,0.07945567163117682,0.011565096140748393
GKBug_v3,9,20,0,0,1,38.775,20.5,0.10822308068426552,0.02314196497583191
GKBug_v3,9,21,0,0,1,26.974999999999998,22.5,0.0962779209395271,0.013637317855283949
GKBug_v3,9,22,0,1,0,51.09166666666667,40.75,0.07847856594966042,0.017391468137178862
GKBug_v3,9,23,0,1,0,39.65833333333333,18.0,0.05566363251540839,0.007080781456614129
GKBug_v3,9,24,0,1,0,31.916666666666664,9.75,0.06832579664580536,0.0029554991397815517
GKBug_v3,10,0,1,0,0,29.491666666666667,5.5,0.04265226935106289,0.002552105300668633
GKBug_v3,10,1,1,0,0,29.375,8.75,0.08608811054320266,0.005695621502865697
GKBug_v3,10,2,1,0,0,43.233333333333334,20.0,0.0918478505067992,0.009274106440272718
GKBug_v3,10,3,0,1,0,1.875,2.5,0.036711793594342165,0.0003655893909194082
GKBug_v3,10,4,1,0,0,52.24166666666667,53.75,0.06511330371426205,0.01959132109319476
GKBug_v3,10,5,1,0,0,59.291666666666664,68.0,0.06813594677390904,0.011682998743647042
GKBug_v3,10,6,1,0,0,56.175,56.75,0.06774773275622464,0.01105599818974988
GKBug_v3,10,7,1,0,0,43.28333333333333,15.75,0.10266528209253316,0.0037759965420902106
GKBug_v3,10,8,1,0,0,51.083333333333336,62.0,0.07264075366651636,0.00897059057437752
GKBug_v3,10,9,0,1,0,29.883333333333333,2.75,0.060732912231396693,0.005000921994925701
GKBug_v3,10,10,1,0,0,50.81666666666666,57.75,0.07366169319885975,0.014023683901523308
GKBug_v3,10,11,1,0,0,60.550000000000004,51.5,0.057948623120976886,0.011572003381136804
GKBug_v3,10,12,0,1,0,45.68333333333333,13.75,0.07937836074135396,0.007786914563098751
GKBug_v3,10,13,1,0,0,63.84166666666666,62.0,0.07379853063596842,0.01052705016515666
GKBug_v3,10,14,1,0,0,80.19166666666668,25.0,0.06582325674345053,0.0036356345228117076
GKBug_v3,10,15,1,0,0,31.783333333333335,9.75,0.14129767679482283,0.007551725892720106
GKBug_v3,10,16,1,0,0,37.74166666666667,33.25,0.06002942026683658,0.00492032840054205
GKBug_v3,10,17,1,0,0,65.34166666666667,61.0,0.0790361561391094,0.013625238260750825
GKBug_v3,10,18,1,0,0,58.59166666666666,54.25,0.06789563507984789,0.020669666031371405
GKBug_v3,10,19,1,0,0,54.300000000000004,43.75,0.060148009924318575,0.02941244309621886
GKBug_v3,10,20,0,1,0,38.074999999999996,16.25,0.09449725898172799,0.005259917911123676
GKBug_v3,10,21,0,1,0,30.7,9.75,0.05539372203530339,0.01335199928752929
GKBug_v3,10,22,1,0,0,50.849999999999994,42.75,0.04393758144041136,0.010396317954801771
GKBug_v3,10,23,0,1,0,93.72500000000001,14.0,0.05509088757303719,0.0030903076093037663
GKBug_v3,10,24,1,0,0,69.05,48.0,0.07131951244941626,0.010008694715974124
GKBug_v3,11,0,0,1,0,14.916666666666668,10.0,0.05489333148374378,0.004497044828905329
GKBug_v3,11,1,1,0,0,71.475,45.0,0.07250238999714088,0.015112752752263786
GKBug_v3,11,2,1,0,0,35.81666666666667,6.75,0.05146505148766053,0.004400436576164776
GKBug_v3,11,3,0,1,0,87.81666666666666,16.0,0.07061694725728161,0.003040599491884683
GKBug_v3,11,4,0,1,0,74.25,36.25,0.08423806063452081,0.009861618954367279
GKBug_v3,11,5,1,0,0,62.525,41.25,0.08126398335889214,0.010809659582525806
GKBug_v3,11,6,0,1,0,91.30833333333334,12.5,0.08369501479418515,0.0023800873366896136
GKBug_v3,11,7,0,1,0,50.5,25.75,0.08951815130785842,0.010308450753254525
GKBug_v3,11,8,0,0,1,60.81666666666666,28.5,0.0698729223630204,0.016488443815639575
GKBug_v3,11,9,1,0,0,49.516666666666666,35.0,0.053861288205353006,0.010602033958889718
GKBug_v3,11,10,0,1,0,51.65,28.5,0.06907424012833138,0.034812354888315966
GKBug_v3,11,11,1,0,0,64.40833333333333,36.75,0.07295951610166525,0.024938332684994395
GKBug_v3,11,12,1,0,0,66.18333333333334,42.75,0.07750467476742275,0.011316345369243643
GKBug_v3,11,13,0,0,1,64.64999999999999,41.0,0.07417964032981259,0.014165335544176018
GKBug_v3,11,14,0,1,0,61.06666666666667,26.75,0.07161899432180605,0.008306437062628895
GKBug_v3,11,15,0,1,0,30.883333333333336,4.25,0.11704524260836194,0.0021900348814318333
GKBug_v3,11,16,0,1,0,57.375,28.25,0.08217364649950301,0.02008737715053204
GKBug_v3,11,17,1,0,0,77.325,27.0,0.09561568523671354,0.010666580554117832
GKBug_v3,11,18,0,1,0,63.26666666666667,43.5,0.06686104072790586,0.024324841590531596
GKBug_v3,11,19,0,1,0,27.48333333333333,7.25,0.09059239857976778,0.0019257978968546773
GKBug_v3,11,20,0,0,1,37.358333333333334,12.75,0.04732821071312496,0.005017814053609181
GKBug_v3,11,21,0,1,0,43.516666666666666,22.25,0.0677944228463776,0.018973697149832706
GKBug_v3,11,22,0,1,0,34.75,9.25,0.06295255436414637,0.005938696861487397
GKBug_v3,11,23,1,0,0,59.25833333333333,43.75,0.05428904129366733,0.010542854961250998
GKBug_v3,11,24,1,0,0,39.00833333333333,11.25,0.051515726747400604,0.009051178543499305
GKBug_v3,12,0,1,0,0,63.175000000000004,51.25,0.06325025125192335,0.00844945554275666
GKBug_v3,12,1,1,0,0,45.025,45.5,0.08549403175069367,0.009186338299824922
GKBug_v3,12,2,1,0,0,77.9,53.25,0.07084549030368605,0.01252973684676988
GKBug_v3,12,3,1,0,0,30.825000000000003,9.25,0.07802887509474633,0.005225948817656414
GKBug_v3,12,4,1,0,0,69.45833333333333,41.0,0.07563057959048906,0.0062840309470213315
GKBug_v3,12,5,1,0,0,64.80833333333334,52.5,0.05422943841088584,0.012724790471207054
GKBug_v3,12,6,1,0,0,57.833333333333336,43.25,0.06615312323507636,0.010849111769604793
GKBug_v3,12,7,1,0,0,17.925,14.0,0.03892259619921917,0.007855795043755748
GKBug_v3,12,8,1,0,0,62.63333333333333,41.5,0.059751012185669534,0.010801868730729601
GKBug_v3,12,9,1,0,0,54.925000000000004,39.5,0.036488765909052374,0.010517251938260712
GKBug_v3,12,10,1,0,0,87.29166666666667,17.0,0.07748520922282609,0.002993420460804008
GKBug_v3,12,11,1,0,0,58.95,56.5,0.06006533669980938,0.010878024641131053
GKBug_v3,12,12,1,0,0,40.325,37.0,0.07432893738656081,0.011151916089076128
GKBug_v3,12,13,1,0,0,49.88333333333333,31.0,0.05766742475428573,0.009025434241912635
GKBug_v3,12,14,1,0,0,63.083333333333336,47.75,0.0612226339785064,0.013698985863513816
GKBug_v3,12,15,1,0,0,42.525,29.0,0.05450077621609784,0.0036908752392163895
GKBug_v3,12,16,1,0,0,33.775,6.25,0.09011191011194246,0.006756680818959752
GKBug_v3,12,17,1,0,0,31.458333333333332,25.5,0.05393266752785129,0.005770325330120797
GKBug_v3,12,18,1,0,0,60.40833333333333,48.75,0.07217740746540673,0.00889660899691816
GKBug_v3,12,19,1,0,0,63.74166666666666,43.5,0.05719135141652579,0.006418647604763182
GKBug_v3,12,20,1,0,0,55.608333333333334,61.0,0.06122157334943194,0.012082349407418055
GKBug_v3,12,21,1,0,0,12.833333333333332,9.0,0.03318905226068967,0.001903209247097505
GKBug_v3,12,22,1,0,0,19.53333333333333,15.0,0.05167649757833327,0.003862205371328222
GKBug_v3,12,23,1,0,0,55.900000000000006,32.25,0.05808172174771346,0.005896405017016149
GKBug_v3,12,24,1,0,0,74.225,12.75,0.05426545353585842,0.002987135826113724
GKBug_v3,13,0,1,0,0,68.575,45.25,0.062257381447336266,0.012198522453972776
GKBug_v3,13,1,1,0,0,56.80833333333334,15.75,0.14960949357780484,0.00987255068269864
GKBug_v3,13,2,0,1,0,62.8,45.75,0.06803734634921303,0.01025205327505647
GKBug_v3,13,3,0,1,0,44.108333333333334,29.5,0.06442765268367785,0.007049404540521184
GKBug_v3,13,4,0,1,0,34.125,16.0,0.10447205519994163,0.014458369158640053
GKBug_v3,13,5,0,0,1,23.849999999999998,19.5,0.060356397662762844,0.010557975653316006
GKBug_v3,13,6,1,0,0,70.61666666666667,28.5,0.07426083824840611,0.03618611276388154
GKBug_v3,13,7,0,1,0,70.13333333333334,35.75,0.061307254643876256,0.010617907211357249
GKBug_v3,13,8,0,1,0,66.75,42.5,0.07698695199453379,0.008777936987417575
GKBug_v3,13,9,1,0,0,64.63333333333333,46.25,0.07163038875700328,0.017117461510310777
GKBug_v3,13,10,1,0,0,49.45,28.25,0.055863269911464064,0.02219892107224831
GKBug_v3,13,11,0,1,0,58.699999999999996,26.0,0.08109065544199975,0.014878352163165116
GKBug_v3,13,12,0,1,0,27.958333333333336,8.75,0.10888696413767354,0.003960811937339502
GKBug_v3,13,13,0,1,0,58.40833333333333,35.75,0.05157180648049201,0.01141167488921461
GKBug_v3,13,14,0,0,1,67.39166666666667,33.0,0.06928173733030853,0.022088722442034935
GKBug_v3,13,15,0,0,1,60.73333333333333,44.5,0.059515735453645593,0.023958667448855324
GKBug_v3,13,16,1,0,0,96.78333333333333,4.0,0.06919469964710136,0.0017262589972771223
GKBug_v3,13,17,0,0,1,63.449999999999996,47.75,0.08175238733023654,0.014197879276358953
GKBug_v3,13,18,0,1,0,75.80833333333334,6.75,0.06453917879070362,0.008919524842741727
GKBug_v3,13,19,1,0,0,24.325,17.0,0.10586447218005954,0.006865304678165425
GKBug_v3,13,20,1,0,0,92.26666666666667,12.5,0.08736609960774533,0.0031052491303734577
GKBug_v3,13,21,0,1,0,69.08333333333333,26.25,0.07103353393246147,0.006701770309729842
GKBug_v3,13,22,0,1,0,39.46666666666667,10.75,0.055734881197557866,0.004165268083006321
GKBug_v3,13,23,0,1,0,75.04166666666666,3.75,0.0,0.00024846756111793265
GKBug_v3,13,24,1,0,0,62.31666666666666,48.75,0.07432646614035335,0.018976084694744075
GKBug_v3,14,0,1,0,0,48.949999999999996,51.0,0.06457464258509592,0.009597056319971483
GKBug_v3,14,1,1,0,0,62.975,48.5,0.07256192987317928,0.028794186685905446
GKBug_v3,14,2,0,1,0,31.991666666666667,6.25,0.05086816834392943,0.0049479575324948575
GKBug_v3,14,3,1,0,0,31.141666666666666,7.25,0.08053591172493399,0.002119261368874001
GKBug_v3,14,4,0,1,0,45.86666666666667,6.75,0.03218889087887971,0.00034780103014014734
GKBug_v3,14,5,1,0,0,55.858333333333334,62.75,0.08155977905667222,0.011267884332627822
GKBug_v3,14,6,1,0,0,60.73333333333333,28.25,0.06891394975512141,0.006434699706099599
GKBug_v3,14,7,1,0,0,63.975,52.0,0.07448825990187179,0.01992236087093624
GKBug_v3,14,8,1,0,0,71.15,31.5,0.07308431239445017,0.008231744747289283
GKBug_v3,14,9,1,0,0,33.81666666666667,14.0,0.036775092580060134,0.003987674581065959
GKBug_v3,14,10,1,0,0,42.86666666666667,26.25,0.06014853319623912,0.01592199046683542
GKBug_v3,14,11,1,0,0,48.61666666666667,30.0,0.0798217977936711,0.009984226408127718
GKBug_v3,14,12,1,0,0,33.08333333333333,11.75,0.06827812033277635,0.008989370737817482
GKBug_v3,14,13,1,0,0,43.108333333333334,14.75,0.07404005312568884,0.005429867707768682
GKBug_v3,14,14,0,1,0,29.058333333333337,1.25,0.03134164290669346,0.00023680460390437545
GKBug_v3,14,15,1,0,0,67.05,52.0,0.052527474885157834,0.010297297722095295
GKBug_v3,14,16,1,0,0,62.80833333333333,58.75,0.06408475255652664,0.014106574383062297
GKBug_v3,14,17,1,0,0,60.43333333333333,49.0,0.06886545871749147,0.008668954327818296
GKBug_v3,14,18,1,0,0,48.15,54.0,0.066977205584589,0.018807146737260336
GKBug_v3,14,19,1,0,0,64.41666666666667,54.5,0.0665699973748354,0.01830626656989795
GKBug_v3,14,20,1,0,0,60.983333333333334,45.25,0.06872184272296919,0.014498827972204547
GKBug_v3,14,21,1,0,0,35.71666666666667,20.0,0.06147328735849123,0.005538530596872279
GKBug_v3,14,22,0,1,0,25.95,3.25,0.04928246556118495,0.0002977978877524174
GKBug_v3,14,23,1,0,0,46.041666666666664,13.25,0.0958679680069781,0.005826890794540653
GKBug_v3,14,24,1,0,0,53.46666666666666,21.5,0.05515250250629925,0.017756024513750798
GKBug_v3,15,0,1,0,0,58.291666666666664,50.0,0.08934679716339962,0.00901344174379632
GKBug_v3,15,1,1,0,0,33.358333333333334,23.75,0.07126306677034736,0.004874728314552375
GKBug_v3,15,2,1,0,0,59.391666666666666,45.75,0.06735081418663522,0.015268928404879322
GKBug_v3,15,3,1,0,0,70.75,22.0,0.02382711404583475,0.01530358326509835
GKBug_v3,15,4,1,0,0,80.75833333333333,24.0,0.0532908463930924,0.006612141635872701
GKBug_v3,15,5,0,0,1,40.766666666666666,15.75,0.07800542044614728,0.010713425763096224
GKBug_v3,15,6,0,1,0,52.7,13.0,0.05616463798092498,0.0015654477604645411
GKBug_v3,15,7,1,0,0,49.166666666666664,24.25,0.0703200255262501,0.006385404577208311
GKBug_v3,15,8,1,0,0,56.98333333333333,34.5,0.07805073389005493,0.007809246824509242
GKBug_v3,15,9,1,0,0,48.05,21.5,0.04267260193680501,0.012057648958103108
GKBug_v3,15,10,0,1,0,44.31666666666666,18.75,0.041195969861378696,0.010524089933140393
GKBug_v3,15,11,1,0,0,67.85,56.25,0.07333260165253115,0.009839471219573223
GKBug_v3,15,12,1,0,0,45.06666666666666,3.5,0.039985665820213165,0.0003684326134129071
GKBug_v3,15,13,1,0,0,44.34166666666667,16.25,0.05816890516779657,0.015609828979799057
GKBug_v3,15,14,1,0,0,61.76666666666667,68.75,0.07535944355832881,0.016348900737589142
GKBug_v3,15,15,1,0,0,67.20833333333334,61.0,0.06780957470378697,0.008339142948553757
GKBug_v3,15,16,1,0,0,52.125,37.25,0.056669191637879535,0.008009876730532144
GKBug_v3,15,17,1,0,0,41.63333333333333,32.0,0.07299718359953257,0.005567292904813809
GKBug_v3,15,18,1,0,0,61.12499999999999,53.5,0.04309166066914007,0.009848078057019654
GKBug_v3,15,19,0,1,0,29.291666666666664,3.25,0.1401448876768182,0.00149566122304838
GKBug_v3,15,20,1,0,0,63.083333333333336,55.5,0.06441024877775814,0.010195403450562527
GKBug_v3,15,21,1,0,0,57.84166666666667,54.0,0.0664227270704705,0.018673592963317803
GKBug_v3,15,22,0,1,0,50.03333333333333,1.25,0.035628101411861283,0.0005838276538456026
GKBug_v3,15,23,0,1,0,28.933333333333334,5.25,0.08119174077001494,0.002453478040871178
GKBug_v3,15,24,1,0,0,56.86666666666667,47.75,0.05975694645344083,0.017489074084552865
GKBug_v3,16,0,1,0,0,50.29166666666667,26.25,0.06635707721531742,0.017642719781263236
GKBug_v3,16,1,1,0,0,66.81666666666666,50.25,0.0657158164400161,0.0165006779993814
GKBug_v3,16,2,1,0,0,53.1,18.5,0.04338387587003646,0.003933895035940566
GKBug_v3,16,3,0,1,0,4.633333333333333,3.5,0.06972291532092251,0.002164313527799186
GKBug_v3,16,4,1,0,0,50.983333333333334,44.5,0.06665057468458581,0.020786537098919054
GKBug_v3,16,5,1,0,0,57.10833333333334,54.75,0.0763931326323423,0.01310484692778391
GKBug_v3,16,6,1,0,0,56.574999999999996,52.25,0.07644988134492817,0.015251674504818383
GKBug_v3,16,7,1,0,0,59.25,54.25,0.07046930478180674,0.00900009886066188
GKBug_v3,16,8,1,0,0,58.375,39.75,0.07194456919260764,0.01579508468680837
GKBug_v3,16,9,1,0,0,90.625,11.0,0.08385030938953833,0.0057377069119831925
GKBug_v3,16,10,1,0,0,80.22500000000001,17.25,0.05272837087443373,0.0054699223435639086
GKBug_v3,16,11,1,0,0,60.45,64.0,0.06728550334898888,0.01311401799002138
GKBug_v3,16,12,1,0,0,19.741666666666667,14.5,0.11598075279410379,0.003285064608878532
GKBug_v3,16,13,1,0,0,12.558333333333332,10.0,0.0636748045671115,0.003915746903780336
GKBug_v3,16,14,1,0,0,61.975,50.5,0.06215392499757625,0.009626635289753722
GKBug_v3,16,15,1,0,0,38.99166666666667,39.0,0.08571160137574058,0.01673534185134489
GKBug_v3,16,16,1,0,0,93.26666666666667,7.5,0.0674764952461856,0.0010945310808935975
GKBug_v3,16,17,1,0,0,67.78333333333333,52.25,0.05791022886833168,0.01114777178412822
GKBug_v3,16,18,1,0,0,62.583333333333336,21.75,0.056571132571638934,0.0038215455281646604
GKBug_v3,16,19,1,0,0,54.016666666666666,52.0,0.11312805212598992,0.006746558297040209
GKBug_v3,16,20,1,0,0,54.541666666666664,53.0,0.06480722305159778,0.019737588690172357
GKBug_v3,16,21,0,1,0,99.69166666666666,2.0,0.0,0.00012524946456643008
GKBug_v3,16,22,1,0,0,58.18333333333333,61.75,0.07544216242135741,0.007559454092722593
GKBug_v3,16,23,1,0,0,60.30833333333333,62.75,0.07073977561640073,0.011200839454815752
GKBug_v3,16,24,0,1,0,32.49166666666667,6.25,0.08998218617929624,0.0033702718201947574
GKBug_v3,17,0,0,0,1,49.025,21.0,0.03942366555884318,0.005688891070326985
GKBug_v3,17,1,0,0,1,55.91666666666667,27.75,0.07684837188052661,0.012061259324288089
GKBug_v3,17,2,0,1,0,62.375,39.75,0.07407768624101667,0.017517478850285262
GKBug_v3,17,3,0,0,1,70.72500000000001,29.25,0.06950104423298713,0.006045504637101961
GKBug_v3,17,4,0,1,0,96.825,4.5,0.08040235854570371,0.0006393453214850091
GKBug_v3,17,5,1,0,0,61.73333333333333,48.0,0.07209077076840399,0.019424312283694383
GKBug_v3,17,6,0,1,0,47.28333333333333,21.75,0.043814908744301086,0.0077767925326151215
GKBug_v3,17,7,0,1,0,89.96666666666667,12.5,0.07731482323617915,0.010354567374547034
GKBug_v3,17,8,1,0,0,46.68333333333333,22.75,0.06557141108823837,0.02008462729432301
GKBug_v3,17,9,0,1,0,97.73333333333333,5.5,0.07776215206645559,0.00033564776484325005
GKBug_v3,17,10,1,0,0,85.95833333333334,24.0,0.091761041220372,0.004862708795085378
GKBug_v3,17,11,0,0,1,22.8,14.5,0.05543414835841433,0.0057153635449369525
GKBug_v3,17,12,0,1,0,96.74166666666667,4.0,0.07409178818323653,0.00036318194721252675
GKBug_v3,17,13,0,1,0,55.11666666666667,22.75,0.07540190453471143,0.01974256682010639
GKBug_v3,17,14,0,1,0,52.65833333333333,24.25,0.07254435395075616,0.010812088800495358
GKBug_v3,17,15,1,0,0,46.891666666666666,19.25,0.07725550359643792,0.015106629937278432
GKBug_v3,17,16,1,0,0,47.891666666666666,30.75,0.06667272040785732,0.011271146184727111
GKBug_v3,17,17,0,0,1,91.84166666666667,11.5,0.061250549108177135,0.002577065876025719
GKBug_v3,17,18,1,0,0,36.6,12.25,0.0509218449451307,0.008587543685492824
GKBug_v3,17,19,0,1,0,35.016666666666666,11.75,0.07366398300364929,0.0032457009324242114
GKBug_v3,17,20,0,1,0,28.175,5.75,0.0482589287610079,0.00850919907231083
GKBug_v3,17,21,0,1,0,75.94166666666666,2.75,0.0,0.001492023871210307
GKBug_v3,17,22,0,1,0,73.15833333333333,2.75,0.06507488051915339,0.0008870364077540921
GKBug_v3,17,23,0,0,1,66.225,32.25,0.09069133067190943,0.010772990581512824
GKBug_v3,17,24,1,0,0,60.824999999999996,45.75,0.0877182880975793,0.022887452202029236
GKBug_v3,18,0,1,0,0,64.24166666666666,53.5,0.06459834083663907,0.011290477679017797
GKBug_v3,18,1,1,0,0,57.31666666666667,49.25,0.06380992665378514,0.012515247704036914
GKBug_v3,18,2,1,0,0,53.05,62.75,0.07063699471551475,0.01768974360703556
GKBug_v3,18,3,1,0,0,59.9,51.5,0.0838309837865035,0.013466382600386906
GKBug_v3,18,4,1,0,0,34.25833333333333,21.25,0.0719897190924161,0.0036171401991143856
GKBug_v3,18,5,1,0,0,71.775,12.5,0.09552636965619318,0.003818714630794724
GKBug_v3,18,6,1,0,0,60.75000000000001,60.75,0.057498448358211225,0.020908641830555626
GKBug_v3,18,7,0,1,0,32.86666666666667,8.25,0.07821213920644418,0.00557625037781588
GKBug_v3,18,8,1,0,0,57.725,29.0,0.04696159956266148,0.00583374025921798
GKBug_v3,18,9,1,0,0,42.05833333333333,29.0,0.1118030113301572,0.007555600129241324
GKBug_v3,18,10,1,0,0,44.45,5.25,0.04608643238556023,0.0029262139280680868
GKBug_v3,18,11,1,0,0,62.66666666666667,41.25,0.06899446601055766,0.009321386637493358
GKBug_v3,18,12,0,1,0,71.99166666666666,2.25,0.0516510857954026,0.0009570860198424111
GKBug_v3,18,13,1,0,0,68.79166666666666,32.25,0.07804228985112993,0.007334222465384985
GKBug_v3,18,14,1,0,0,37.50833333333333,27.5,0.06285278843945681,0.004941436303756387
GKBug_v3,18,15,1,0,0,55.333333333333336,52.0,0.06203824655082452,0.015983612162526764
GKBug_v3,18,16,1,0,0,60.324999999999996,46.0,0.057713858530505834,0.015234459751589833
GKBug_v3,18,17,1,0,0,53.95833333333333,33.25,0.05364630845549684,0.0074406874327280605
GKBug_v3,18,18,1,0,0,60.266666666666666,57.5,0.07648733822873109,0.02317138953143211
GKBug_v3,18,19,1,0,0,41.21666666666667,34.25,0.07330187921891701,0.019427706228676213
GKBug_v3,18,20,1,0,0,65.54166666666667,31.5,0.07480636908759501,0.007400264157006434
GKBug_v3,18,21,1,0,0,81.05833333333334,31.5,0.05747974921758658,0.008670751662448923
GKBug_v3,18,22,1,0,0,28.28333333333333,5.25,0.027055359011103057,0.0008384121819085165
GKBug_v3,18,23,0,1,0,74.65833333333333,3.75,0.0,0.000492774431002676
GKBug_v3,18,24,1,0,0,30.075000000000003,4.25,0.03378171534790575,0.0015905726103988863
GKBug_v3,19,0,0,1,0,44.2,16.25,0.10269483764795251,0.009020344232880673
GKBug_v3,19,1,1,0,0,42.90833333333333,26.0,0.05241647803856225,0.010936988735146945
GKBug_v3,19,2,0,1,0,64.59166666666667,33.25,0.06848871267863124,0.027803307681996358
GKBug_v3,19,3,1,0,0,65.3,48.75,0.06794898155590688,0.016490328553191182
GKBug_v3,19,4,0,0,1,23.0,12.0,0.07680676257125936,0.01607888324055537
GKBug_v3,19,5,0,1,0,74.78333333333333,2.25,0.0,0.0004872420287228422
GKBug_v3,19,6,0,1,0,25.35,0.75,0.055338226973143924,0.0008342805023687269
GKBug_v3,19,7,0,1,0,40.699999999999996,18.5,0.05312292291888547,0.006190418136463869
GKBug_v3,19,8,0,1,0,70.39166666666667,38.75,0.09636277246866204,0.009078213329518685
GKBug_v3,19,9,0,0,1,45.04166666666667,26.0,0.07075589039616009,0.02126424348598922
GKBug_v3,19,10,1,0,0,69.56666666666666,52.25,0.08308373945290265,0.016044959129745205
GKBug_v3,19,11,0,1,0,50.28333333333334,22.75,0.10525884491965753,0.008556678795809625
GKBug_v3,19,12,1,0,0,47.28333333333333,30.75,0.08803372198994346,0.010842371851966183
GKBug_v3,19,13,1,0,0,58.650000000000006,40.75,0.06536962312792978,0.014352185829062735
GKBug_v3,19,14,1,0,0,66.825,50.25,0.06426300956829496,0.02354622914414755
GKBug_v3,19,15,0,1,0,18.21666666666667,21.25,0.03513739851284011,0.010967391567020842
GKBug_v3,19,16,0,1,0,92.95,5.0,0.0974567967585071,0.0019856976100152274
GKBug_v3,19,17,0,0,1,53.06666666666666,8.5,0.026532094136623736,0.002263252983375496
GKBug_v3,19,18,0,1,0,39.85,15.25,0.060795112972515775,0.01179992051869555
GKBug_v3,19,19,1,0,0,54.516666666666666,30.75,0.06263061232284063,0.011625664935547748
GKBug_v3,19,20,0,1,0,71.42500000000001,46.5,0.06791419028438828,0.017196292006496233
GKBug_v3,19,21,0,0,1,55.03333333333333,21.25,0.031859184205038214,0.009055400760351273
GKBug_v3,19,22,1,0,0,64.76666666666667,47.25,0.07081649111111947,0.01465464507159245
GKBug_v3,19,23,0,1,0,71.49166666666666,7.5,0.08153449999420477,0.00887285448204245
GKBug_v3,19,24,1,0,0,64.99166666666667,45.0,0.057343188055018916,0.018603118654181655
PassingMain_v2,0,0,1,0,0,92.74166666666666,22.5,0.1329774784266022,0.08723748004458352
PassingMain_v2,0,1,0,1,0,95.075,12.5,0.11456984888425019,0.06752436956653864
PassingMain_v2,0,2,1,0,0,95.08333333333333,15.0,0.1275000076235358,0.05438935822891819
PassingMain_v2,0,3,1,0,0,95.00833333333333,19.5,0.12209571025992284,0.07450437911412948
PassingMain_v2,0,4,0,1,0,92.13333333333334,21.75,0.13612937657127355,0.09775188512985444
PassingMain_v2,0,5,1,0,0,91.80833333333334,19.75,0.12342586862693937,0.06552821703240334
PassingMain_v2,0,6,1,0,0,94.41666666666667,21.0,0.10635086484386082,0.07388140403196672
PassingMain_v2,0,7,1,0,0,94.08333333333333,14.25,0.10159063467037355,0.0930326211873756
PassingMain_v2,0,8,1,0,0,94.45833333333333,20.25,0.10809242585045159,0.06577536143905872
PassingMain_v2,0,9,1,0,0,95.22500000000001,19.0,0.12596581948162644,0.09968431531307569
PassingMain_v2,0,10,0,1,0,94.26666666666667,20.0,0.13400677074797634,0.08794296135302197
PassingMain_v2,0,11,1,0,0,93.90833333333333,14.0,0.119662248491361,0.08218401342205957
PassingMain_v2,0,12,1,0,0,91.89166666666667,18.5,0.14026414892359357,0.09465403599002518
PassingMain_v2,0,13,0,1,0,92.5,22.5,0.15879328665464845,0.06561640513438753
PassingMain_v2,0,14,1,0,0,94.31666666666668,17.0,0.08682085663182781,0.04177938601864667
PassingMain_v2,0,15,1,0,0,93.7,16.5,0.12301715789875128,0.08077052469282281
PassingMain_v2,0,16,0,1,0,92.15833333333333,20.5,0.14092844002642368,0.07992431655074395
PassingMain_v2,0,17,1,0,0,93.78333333333333,17.5,0.16988021883710974,0.09957156737822755
PassingMain_v2,0,18,1,0,0,94.65833333333333,19.5,0.10337481459942868,0.06371499239812438
PassingMain_v2,0,19,1,0,0,86.98333333333333,17.0,0.24902246129985156,0.06725957874914833
PassingMain_v2,0,20,1,0,0,94.31666666666668,17.0,0.12491512461410828,0.07075377035245049
PassingMain_v2,0,21,1,0,0,88.48333333333333,20.5,0.17960458556769293,0.07032133612980852
PassingMain_v2,0,22,1,0,0,96.21666666666667,20.5,0.11468041885095683,0.06227670651396542
PassingMain_v2,0,23,1,0,0,92.95,20.25,0.11863720580588509,0.06177848150085072
PassingMain_v2,0,24,1,0,0,95.575,16.5,0.0886048440102423,0.09204963678587505
PassingMain_v2,1,0,1,0,0,93.80833333333334,18.75,0.0844796485927678,0.06318186636474384
PassingMain_v2,1,1,1,0,0,93.58333333333333,13.5,0.14361253199416374,0.08834968125973312
PassingMain_v2,1,2,0,1,0,95.44166666666666,12.5,0.1074670582728672,0.07238675403378342
PassingMain_v2,1,3,1,0,0,96.13333333333334,11.0,0.17556475336503855,0.10273122668058965
PassingMain_v2,1,4,1,0,0,93.99166666666666,19.0,0.13467665259227943,0.05938347960383062
PassingMain_v2,1,5,1,0,0,94.38333333333333,13.5,0.11046643396213386,0.08109121192231804
PassingMain_v2,1,6,1,0,0,94.21666666666667,20.5,0.10755093754409524,0.056996024701733906
PassingMain_v2,1,7,1,0,0,94.46666666666667,15.5,0.12576836483661794,0.10657345931676505
PassingMain_v2,1,8,0,1,0,95.75,12.0,0.08848767562014627,0.06848147343619292
PassingMain_v2,1,9,0,1,0,92.74166666666666,19.25,0.15053551645978594,0.08147491744075366
PassingMain_v2,1,10,1,0,0,93.375,22.0,0.16522244668133615,0.0824640333519162
PassingMain_v2,1,11,1,0,0,92.11666666666667,26.0,0.10018583384826198,0.08809595224813424
PassingMain_v2,1,12,1,0,0,93.175,23.5,0.15153098139585508,0.07172156977596347
PassingMain_v2,1,13,1,0,0,92.20833333333334,21.25,0.10902893794209939,0.0931399371259433
PassingMain_v2,1,14,0,1,0,93.90833333333333,16.5,0.1331254225033319,0.09357664773785057
PassingMain_v2,1,15,1,0,0,93.72500000000001,18.25,0.12948342046434166,0.058641028748185935
PassingMain_v2,1,16,1,0,0,91.03333333333333,23.0,0.11215469931041144,0.0716877137536118
PassingMain_v2,1,17,1,0,0,93.8,21.25,0.1327630840228966,0.07476660252459937
PassingMain_v2,1,18,1,0,0,92.38333333333333,23.0,0.10909225300518474,0.07293979327803132
PassingMain_v2,1,19,1,0,0,94.25,13.25,0.10902585833652086,0.06996579184269744
PassingMain_v2,1,20,1,0,0,92.54166666666667,23.0,0.16784920129926637,0.08802369992140854
PassingMain_v2,1,21,0,1,0,95.38333333333333,13.0,0.0936257767850733,0.0703305537947571
PassingMain_v2,1,22,0,1,0,94.25833333333333,13.5,0.1329653866809942,0.09985227309109865
PassingMain_v2,1,23,1,0,0,93.425,23.75,0.18689124186378012,0.10001373682481948
PassingMain_v2,1,24,1,0,0,90.425,22.0,0.16044067158434464,0.08916960967539808
PassingMain_v2,2,0,1,0,0,92.81666666666666,21.5,0.14480669156158474,0.08820595951405777
PassingMain_v2,2,1,0,0,1,94.28333333333333,16.5,0.10803116754744391,0.07146113920323341
PassingMain_v2,2,2,0,0,1,91.95,18.5,0.12931020172543575,0.08682685048483264
PassingMain_v2,2,3,1,0,0,94.45,19.0,0.1371098785403888,0.08339049791923672
PassingMain_v2,2,4,1,0,0,94.34166666666667,13.0,0.10459632503687985,0.06814709808647472
PassingMain_v2,2,5,1,0,0,91.95,21.0,0.14678441182793153,0.08820547376486013
PassingMain_v2,2,6,1,0,0,93.30833333333334,24.5,0.13826527426691768,0.08095939110238058
PassingMain_v2,2,7,1,0,0,94.44166666666666,15.5,0.11363653006189442,0.08419066520850571
PassingMain_v2,2,8,1,0,0,89.0,24.0,0.1495337672729034,0.09215559117082919
PassingMain_v2,2,9,1,0,0,90.35,19.0,0.11220126187828165,0.09276994048277283
PassingMain_v2,2,10,1,0,0,91.81666666666666,27.5,0.12035793137832801,0.0698734198149723
PassingMain_v2,2,11,1,0,0,92.53333333333333,19.5,0.10283345124019323,0.0697583139255727
PassingMain_v2,2,12,1,0,0,94.55,16.0,0.13873157889721935,0.07747950538062143
PassingMain_v2,2,13,1,0,0,93.525,19.5,0.12385791682816305,0.09024410767740332
PassingMain_v2,2,14,1,0,0,92.55833333333334,19.0,0.12761629237589225,0.08904212703222884
PassingMain_v2,2,15,0,0,1,95.43333333333334,15.0,0.12435152225213147,0.07673687138946082
PassingMain_v2,2,16,1,0,0,93.72500000000001,17.25,0.16161984840189753,0.08431284349728525
PassingMain_v2,2,17,1,0,0,92.03333333333333,19.0,0.11806210414606462,0.06568021865196096
PassingMain_v2,2,18,1,0,0,94.10833333333333,19.0,0.13272087206685354,0.07986275738276838
PassingMain_v2,2,19,1,0,0,91.35833333333333,15.5,0.11602684403979398,0.07481844971946613
PassingMain_v2,2,20,1,0,0,94.75833333333334,23.0,0.10783966622102731,0.09124222767907403
PassingMain_v2,2,21,1,0,0,93.625,18.0,0.11250553655553557,0.07696974928527481
PassingMain_v2,2,22,1,0,0,93.35833333333333,21.5,0.12798786832636044,0.10018260883854742
PassingMain_v2,2,23,1,0,0,93.83333333333333,15.5,0.1256820220750386,0.09240980205381805
PassingMain_v2,2,24,1,0,0,95.35833333333333,19.5,0.11964059418044859,0.06445048102961526
PassingMain_v2,3,0,1,0,0,95.86666666666666,14.5,0.1126477994892333,0.0822425459227483
PassingMain_v2,3,1,1,0,0,95.54166666666667,15.5,0.14282295025370265,0.07045665074935988
PassingMain_v2,3,2,1,0,0,93.575,16.0,0.1293211296810163,0.07744530636794711
PassingMain_v2,3,3,1,0,0,92.60000000000001,16.75,0.14225147723709672,0.07380105499528636
PassingMain_v2,3,4,1,0,0,92.40833333333333,23.5,0.12353282519543574,0.08123549298335564
PassingMain_v2,3,5,1,0,0,94.64166666666667,21.75,0.12971846254300473,0.09825699952061838
PassingMain_v2,3,6,0,1,0,94.05833333333334,14.5,0.13300071262483185,0.08070150691613781
PassingMain_v2,3,7,1,0,0,91.63333333333334,16.5,0.17251438717278464,0.07959760776725981
PassingMain_v2,3,8,1,0,0,91.15833333333333,26.0,0.13375931415709666,0.07518057558981397
PassingMain_v2,3,9,1,0,0,92.83333333333333,25.5,0.10981703836356967,0.09348936732369048
PassingMain_v2,3,10,1,0,0,93.81666666666668,13.0,0.1229927817726149,0.06973301570554312
PassingMain_v2,3,11,1,0,0,93.75,17.5,0.1522067891213697,0.09195034480065735
PassingMain_v2,3,12,1,0,0,92.15833333333333,22.75,0.1519500449051841,0.09315143440645571
PassingMain_v2,3,13,1,0,0,92.60000000000001,14.5,0.13471515778559173,0.09548703155117924
PassingMain_v2,3,14,1,0,0,92.925,19.0,0.11608087393553362,0.08673479859979251
PassingMain_v2,3,15,0,0,1,93.625,19.25,0.1363097738049073,0.08305327701132692
PassingMain_v2,3,16,1,0,0,94.39166666666667,18.5,0.1043729193836205,0.07359239153622264
PassingMain_v2,3,17,1,0,0,94.16666666666667,18.0,0.12678660470790132,0.049307329089056925
PassingMain_v2,3,18,1,0,0,95.69166666666666,20.25,0.10162206053912559,0.06814782210033465
PassingMain_v2,3,19,1,0,0,92.925,20.5,0.12819560805147764,0.09403736678286903
PassingMain_v2,3,20,1,0,0,95.99166666666666,17.5,0.13203268377139094,0.06089817722180794
PassingMain_v2,3,21,1,0,0,90.23333333333333,21.5,0.13530356181915693,0.09803280083895523
PassingMain_v2,3,22,1,0,0,93.05833333333334,22.0,0.14063914033052238,0.0874080241739287
PassingMain_v2,3,23,1,0,0,93.13333333333334,16.75,0.10862728045626743,0.07084965854428912
PassingMain_v2,3,24,1,0,0,92.80000000000001,19.5,0.13067582250086665,0.08293895246414673
PassingMain_v2,4,0,0,1,0,91.35,21.0,0.10662296438475773,0.09630111294196607
PassingMain_v2,4,1,0,1,0,93.80833333333334,13.5,0.13072889008757105,0.05722927090970721
PassingMain_v2,4,2,0,1,0,92.06666666666666,17.0,0.13002389511248705,0.06968281384391023
PassingMain_v2,4,3,1,0,0,94.825,17.75,0.1297485825418093,0.07366719320223342
PassingMain_v2,4,4,1,0,0,95.71666666666667,14.5,0.12833303976138136,0.09826487016549806
PassingMain_v2,4,5,1,0,0,92.2,17.75,0.12084758483240109,0.0780970098904713
PassingMain_v2,4,6,1,0,0,91.41666666666667,18.25,0.1502326350299126,0.09137198096586721
PassingMain_v2,4,7,1,0,0,95.16666666666667,18.5,0.12184016092011057,0.09229492777854649
PassingMain_v2,4,8,1,0,0,94.90833333333333,19.5,0.10587079974031065,0.0743254246794097
PassingMain_v2,4,9,1,0,0,94.675,12.5,0.11976180754715993,0.06087507967692814
PassingMain_v2,4,10,1,0,0,96.11666666666666,19.0,0.12847605949038315,0.07682582996375326
PassingMain_v2,4,11,1,0,0,93.525,18.5,0.10637951606940527,0.05819302223725956
PassingMain_v2,4,12,1,0,0,92.4,15.0,0.12613022543963054,0.07969033490706738
PassingMain_v2,4,13,1,0,0,91.79166666666667,26.5,0.15563724255424413,0.11461172775358414
PassingMain_v2,4,14,0,1,0,95.23333333333333,16.0,0.1254241698815935,0.05872167570913289
PassingMain_v2,4,15,0,0,1,92.05833333333334,19.5,0.1450121260007835,0.06857880000080062
PassingMain_v2,4,16,1,0,0,92.325,19.0,0.15459558547811098,0.08710212252505926
PassingMain_v2,4,17,0,0,1,91.35833333333333,21.75,0.14552873537341424,0.06731306811814491
PassingMain_v2,4,18,1,0,0,91.975,19.25,0.1013441141580104,0.061416646569035394
PassingMain_v2,4,19,1,0,0,94.58333333333333,18.0,0.08127104643199697,0.034801662863785346
PassingMain_v2,4,20,0,1,0,97.15,18.5,0.10726348553323863,0.06414288743314726
PassingMain_v2,4,21,0,1,0,95.89166666666667,10.5,0.1195158012130313,0.06130511713241657
PassingMain_v2,4,22,0,1,0,93.44166666666666,14.25,0.1430610179761211,0.06475950961606117
PassingMain_v2,4,23,1,0,0,92.04166666666667,16.5,0.18286679787157584,0.05724448788819053
PassingMain_v2,4,24,1,0,0,96.00833333333333,14.5,0.08078295360857393,0.07855602203168958
PassingMain_v2,5,0,1,0,0,93.45833333333333,10.0,0.11925331570332712,0.06180641023596997
PassingMain_v2,5,1,1,0,0,91.70833333333334,23.5,0.11065824042069515,0.06468889400492864
PassingMain_v2,5,2,0,1,0,93.96666666666667,11.0,0.20084801058042925,0.09710458065040599
PassingMain_v2,5,3,1,0,0,93.35833333333333,20.5,0.10962164449024348,0.06939953008652401
PassingMain_v2,5,4,1,0,0,91.83333333333333,18.0,0.14900989669966083,0.08643142589309184
PassingMain_v2,5,5,1,0,0,91.10000000000001,22.5,0.12469428287108358,0.08759621917631169
PassingMain_v2,5,6,0,0,1,94.36666666666666,13.5,0.08855828356000416,0.06789000478555303
PassingMain_v2,5,7,1,0,0,88.7,34.5,0.14447526747297512,0.07926618515965288
PassingMain_v2,5,8,0,0,1,89.61666666666666,17.5,0.1721062313147753,0.09868255631208281
PassingMain_v2,5,9,0,1,0,95.525,15.0,0.1071849377182475,0.08450465981095276
PassingMain_v2,5,10,0,1,0,94.44166666666666,15.5,0.13596315544878254,0.07369047457135605
PassingMain_v2,5,11,1,0,0,93.51666666666667,22.5,0.13258423447788012,0.07629164034914324
PassingMain_v2,5,12,1,0,0,94.84166666666667,20.5,0.11915773930995638,0.07586949533102724
PassingMain_v2,5,13,0,1,0,81.46666666666667,5.75,0.22085143967240037,0.06457963570907374
PassingMain_v2,5,14,1,0,0,89.43333333333334,39.0,0.1372561179472472,0.06073042558794873
PassingMain_v2,5,15,1,0,0,90.69166666666668,21.0,0.15138880447114308,0.07144733727832508
PassingMain_v2,5,16,1,0,0,92.25833333333333,26.0,0.15310762633636238,0.09866308930992924
PassingMain_v2,5,17,1,0,0,92.80000000000001,14.25,0.15506379798933947,0.07619348584524131
PassingMain_v2,5,18,1,0,0,92.53333333333333,21.0,0.13120093625753407,0.06304414915509626
PassingMain_v2,5,19,1,0,0,94.66666666666667,19.5,0.1270207506773338,0.08948290611634183
PassingMain_v2,5,20,1,0,0,93.09166666666667,12.5,0.1320092672245543,0.09846415460684167
PassingMain_v2,5,21,0,1,0,90.875,28.25,0.14861715716819313,0.06288967635210985
PassingMain_v2,5,22,0,1,0,94.49166666666666,10.5,0.13195478661394514,0.07684002982066034
PassingMain_v2,5,23,1,0,0,92.64166666666667,19.5,0.12938181659115447,0.057939069289149304
PassingMain_v2,5,24,1,0,0,92.08333333333333,17.5,0.13779004928609995,0.08160241704799118
PassingMain_v2,6,0,1,0,0,93.88333333333333,19.0,0.1205170015135818,0.06348603176626391
PassingMain_v2,6,1,1,0,0,93.59166666666667,19.0,0.13346514540122906,0.06833525843680983
PassingMain_v2,6,2,1,0,0,92.51666666666667,22.0,0.11496173289986057,0.08031095918504216
PassingMain_v2,6,3,1,0,0,93.94166666666666,15.5,0.11005825683719694,0.07935904845080147
PassingMain_v2,6,4,0,1,0,93.26666666666667,17.75,0.11647622690739838,0.07323766687516378
PassingMain_v2,6,5,0,1,0,92.925,18.0,0.15032846240519437,0.09217424624518153
PassingMain_v2,6,6,1,0,0,91.55,23.5,0.087422153433843,0.06333966772216165
PassingMain_v2,6,7,1,0,0,91.58333333333334,18.5,0.13148076776840184,0.08935179065573638
PassingMain_v2,6,8,1,0,0,93.63333333333334,19.25,0.10090542303380663,0.07341937461428255
PassingMain_v2,6,9,1,0,0,95.71666666666667,17.0,0.12104159473103474,0.0691504662494177
PassingMain_v2,6,10,1,0,0,93.975,14.75,0.11210464777657389,0.05088549834290662
PassingMain_v2,6,11,1,0,0,92.83333333333333,21.5,0.14522589524714072,0.12566515609882234
PassingMain_v2,6,12,1,0,0,92.81666666666666,20.5,0.11454262121620636,0.07768926553230973
PassingMain_v2,6,13,1,0,0,93.58333333333333,21.5,0.131308512817156,0.074430211350553
PassingMain_v2,6,14,1,0,0,93.43333333333334,20.5,0.12636431082367658,0.0603832722086211
PassingMain_v2,6,15,1,0,0,93.30000000000001,20.0,0.1508199292243666,0.06728221004450072
PassingMain_v2,6,16,1,0,0,92.975,18.0,0.13335596644584743,0.0850429502372806
PassingMain_v2,6,17,0,1,0,87.91666666666667,27.0,0.1727606840371676,0.12105036233794841
PassingMain_v2,6,18,1,0,0,94.325,19.0,0.11311260105864826,0.07722332554394302
PassingMain_v2,6,19,1,0,0,91.08333333333334,24.0,0.11598995958289397,0.0694680863117105
PassingMain_v2,6,20,1,0,0,91.60833333333333,20.5,0.11762280028629161,0.06085255888257402
PassingMain_v2,6,21,1,0,0,94.675,16.0,0.09514995436200073,0.05921064080469258
PassingMain_v2,6,22,0,1,0,91.98333333333333,18.0,0.14170214843122933,0.06492689410760573
PassingMain_v2,6,23,1,0,0,94.53333333333333,17.0,0.1474987397238315,0.0763047084004431
PassingMain_v2,6,24,1,0,0,93.58333333333333,20.25,0.1290602410401037,0.10385184249040282
PassingMain_v2,7,0,1,0,0,93.71666666666667,15.0,0.18665423787747926,0.11969009279517223
PassingMain_v2,7,1,1,0,0,92.76666666666667,15.75,0.15037365232856145,0.0813530620156879
PassingMain_v2,7,2,1,0,0,93.95833333333333,17.0,0.12944939442756273,0.05253925494099167
PassingMain_v2,7,3,0,1,0,91.875,16.5,0.099576446186842,0.04889213886137541
PassingMain_v2,7,4,1,0,0,92.675,20.0,0.12592737165772847,0.07850904339879929
PassingMain_v2,7,5,1,0,0,91.81666666666666,20.5,0.12520931375452107,0.08270904059075178
PassingMain_v2,7,6,1,0,0,95.86666666666666,17.0,0.11789379142500198,0.08153725462401329
PassingMain_v2,7,7,1,0,0,90.85,27.75,0.1405052940075048,0.09837371269600365
PassingMain_v2,7,8,1,0,0,93.29166666666666,18.25,0.14882452978961666,0.06901923815235095
PassingMain_v2,7,9,1,0,0,91.31666666666666,24.5,0.10846215743467096,0.09011543940925222
PassingMain_v2,7,10,1,0,0,95.05,15.75,0.09927561579270616,0.09890392876704632
PassingMain_v2,7,11,1,0,0,92.84166666666667,19.0,0.13790545198740597,0.07617750329318246
PassingMain_v2,7,12,1,0,0,94.25833333333333,21.25,0.12859284918141692,0.08586213734557498
PassingMain_v2,7,13,0,1,0,91.80833333333334,19.5,0.14892605264724681,0.07602759899094183
PassingMain_v2,7,14,1,0,0,90.17500000000001,24.5,0.15552850528518766,0.07943213845172216
PassingMain_v2,7,15,1,0,0,91.24166666666666,16.0,0.14532766928617702,0.06639407303190481
PassingMain_v2,7,16,1,0,0,93.69166666666666,17.0,0.14017237296366242,0.09601706553868213
PassingMain_v2,7,17,0,1,0,92.85,22.5,0.11318560261892005,0.061814687165714796
PassingMain_v2,7,18,0,1,0,93.35,14.5,0.13652235835115653,0.06340194131670394
PassingMain_v2,7,19,0,0,1,89.49166666666667,19.5,0.1429336326468034,0.054624859187532876
PassingMain_v2,7,20,1,0,0,92.44166666666666,20.5,0.12950225467015705,0.06430382444332115
PassingMain_v2,7,21,0,1,0,92.89166666666667,20.0,0.15091599098453598,0.07984892920660147
PassingMain_v2,7,22,0,1,0,91.53333333333333,20.0,0.13827139903509417,0.06672095000706145
PassingMain_v2,7,23,1,0,0,91.55,17.0,0.13743485695694288,0.08807395033949754
PassingMain_v2,7,24,1,0,0,92.53333333333333,16.5,0.13799975567326092,0.09199009226782365
PassingMain_v2,8,0,1,0,0,95.66666666666667,11.5,0.13360805603958784,0.06842587082185411
PassingMain_v2,8,1,0,1,0,93.95833333333333,16.25,0.135397609293678,0.0814984147744232
PassingMain_v2,8,2,0,1,0,93.91666666666667,20.0,0.11267690396720091,0.10618034919819175
PassingMain_v2,8,3,0,1,0,94.675,22.5,0.15679831959898982,0.0810110098002108
PassingMain_v2,8,4,1,0,0,94.23333333333333,18.0,0.09309059524251517,0.0965684820493002
PassingMain_v2,8,5,0,1,0,91.375,19.0,0.1476793324239509,0.08175629126151314
PassingMain_v2,8,6,0,1,0,94.375,13.75,0.1322760513486812,0.07832898208449801
PassingMain_v2,8,7,1,0,0,95.39999999999999,17.25,0.11062192067026129,0.06905039880194311
PassingMain_v2,8,8,1,0,0,92.09166666666667,22.25,0.15272434210538594,0.07938823477522342
PassingMain_v2,8,9,1,0,0,91.45,18.25,0.14023812051348636,0.06960725349541193
PassingMain_v2,8,10,1,0,0,94.575,16.0,0.12057059402771116,0.0849829401782419
PassingMain_v2,8,11,1,0,0,92.46666666666667,23.5,0.12607894770457895,0.10408257843393838
PassingMain_v2,8,12,1,0,0,93.325,25.5,0.1121114652294177,0.08363584871476591
PassingMain_v2,8,13,1,0,0,93.26666666666667,18.0,0.1340692168665834,0.08870668269770773
PassingMain_v2,8,14,1,0,0,93.29166666666666,17.5,0.11821650546467283,0.09465619245019181
PassingMain_v2,8,15,1,0,0,91.425,17.5,0.1215720474812687,0.0855526024759869
PassingMain_v2,8,16,1,0,0,93.55833333333334,16.25,0.14856262831413633,0.07216739684897114
PassingMain_v2,8,17,0,1,0,95.03333333333333,18.0,0.1290441296079015,0.10553392073324845
PassingMain_v2,8,18,1,0,0,94.55833333333334,16.0,0.09805482944172546,0.06093440766881008
PassingMain_v2,8,19,1,0,0,92.93333333333334,20.25,0.13102171173090693,0.0944661582354181
PassingMain_v2,8,20,1,0,0,93.26666666666667,23.0,0.11978665994725848,0.07575512254237847
PassingMain_v2,8,21,1,0,0,94.8,22.25,0.09585453780844846,0.07607080871105323
PassingMain_v2,8,22,0,1,0,93.26666666666667,21.0,0.12858116618957652,0.06679449881330685
PassingMain_v2,8,23,1,0,0,89.86666666666666,19.75,0.13834677412441834,0.08610259936004955
PassingMain_v2,8,24,1,0,0,94.05,21.5,0.1148419837178436,0.07068678900551754
PassingMain_v2,9,0,1,0,0,93.49166666666666,15.5,0.13121385561002383,0.08603115464768454
PassingMain_v2,9,1,0,1,0,93.25833333333333,18.5,0.11200942509167067,0.07541430589244967
PassingMain_v2,9,2,0,1,0,95.06666666666666,14.0,0.15047102113750868,0.08280451339887575
PassingMain_v2,9,3,1,0,0,91.41666666666667,18.5,0.1134756764215759,0.09030569275565943
PassingMain_v2,9,4,1,0,0,93.66666666666667,17.5,0.13515178572633837,0.10957766631974383
PassingMain_v2,9,5,1,0,0,95.29166666666666,23.5,0.0997026379508256,0.07832487576763875
PassingMain_v2,9,6,1,0,0,91.98333333333333,19.0,0.1185457102999632,0.08235203154317662
PassingMain_v2,9,7,0,1,0,94.85,14.0,0.11998846949292157,0.06949307682011596
PassingMain_v2,9,8,1,0,0,94.175,17.75,0.12240952468449796,0.07100879738692194
PassingMain_v2,9,9,1,0,0,90.70833333333333,20.25,0.12696933044009906,0.07081391570545377
PassingMain_v2,9,10,1,0,0,92.90833333333333,18.5,0.12723027075472357,0.06100338285410664
PassingMain_v2,9,11,1,0,0,93.93333333333334,16.5,0.1187099793683907,0.0809605709642104
PassingMain_v2,9,12,1,0,0,93.63333333333334,18.75,0.11297141394438472,0.054968861950293255
PassingMain_v2,9,13,1,0,0,95.93333333333334,14.25,0.12224980584082909,0.07797295101584259
PassingMain_v2,9,14,0,1,0,89.49166666666667,19.0,0.17824189874565705,0.10244213020714985
PassingMain_v2,9,15,1,0,0,94.50833333333334,21.0,0.14531786377478,0.09045362786482106
PassingMain_v2,9,16,1,0,0,92.20833333333334,28.5,0.12368856586917777,0.1026153693685716
PassingMain_v2,9,17,0,0,1,94.78333333333333,15.0,0.10547500850513447,0.1118197795506226
PassingMain_v2,9,18,1,0,0,90.80833333333334,29.5,0.13689259443142274,0.07172325514863669
PassingMain_v2,9,19,0,0,1,93.54166666666667,15.0,0.13472152570311619,0.08328710889216684
PassingMain_v2,9,20,1,0,0,92.89166666666667,17.0,0.16911965553108826,0.08078228670617234
PassingMain_v2,9,21,1,0,0,93.71666666666667,18.5,0.11910636585401858,0.06700650146327655
PassingMain_v2,9,22,1,0,0,92.35,22.5,0.11892689115393175,0.11615448388488979
PassingMain_v2,9,23,1,0,0,94.1,15.5,0.11524926214881355,0.07326621541012455
PassingMain_v2,9,24,1,0,0,92.93333333333334,19.25,0.1232541534413154,0.08224736402623023
PassingMain_v2,10,0,0,1,0,95.625,14.0,0.09361601857546177,0.085105114531371
PassingMain_v2,10,1,1,0,0,94.39999999999999,14.5,0.10667285034413972,0.07291275747962564
PassingMain_v2,10,2,1,0,0,92.25,25.5,0.12671770208811872,0.09409229956384835
PassingMain_v2,10,3,1,0,0,92.04166666666667,18.5,0.11860913756231248,0.07707237594585724
PassingMain_v2,10,4,1,0,0,92.2,23.0,0.12760502053478293,0.0751771647709627
PassingMain_v2,10,5,1,0,0,94.25833333333333,15.75,0.1258215960426717,0.06212074957456455
PassingMain_v2,10,6,1,0,0,94.68333333333334,19.5,0.13951423817339476,0.0887600458365772
PassingMain_v2,10,7,0,0,1,93.89166666666667,17.5,0.11439055305679531,0.07087665900042076
PassingMain_v2,10,8,0,1,0,94.34166666666667,16.5,0.12285798218577247,0.07579911054541424
PassingMain_v2,10,9,0,0,1,96.22500000000001,14.0,0.17404827474959844,0.06563674408754375
PassingMain_v2,10,10,0,1,0,93.80833333333334,18.0,0.15735765981238536,0.07224496799352963
PassingMain_v2,10,11,0,0,1,92.975,17.5,0.1341500661889638,0.06937465104557908
PassingMain_v2,10,12,1,0,0,92.70833333333334,22.5,0.12628704294379364,0.08374314615494512
PassingMain_v2,10,13,1,0,0,93.25,15.0,0.14374509230373253,0.06290364037648605
PassingMain_v2,10,14,1,0,0,92.29166666666667,19.0,0.12487490047159268,0.08556004424351925
PassingMain_v2,10,15,1,0,0,96.13333333333334,16.25,0.11274977684079043,0.08639018525730786
PassingMain_v2,10,16,1,0,0,94.68333333333334,11.5,0.13072369048258115,0.08040725890171589
PassingMain_v2,10,17,0,0,1,89.31666666666666,21.5,0.12392793380367512,0.06414178039095969
PassingMain_v2,10,18,1,0,0,94.45,17.0,0.13853891014683603,0.10316017987831308
PassingMain_v2,10,19,1,0,0,92.05,25.0,0.11023428212628286,0.0918672454088831
PassingMain_v2,10,20,0,1,0,94.16666666666667,19.0,0.13608248961366534,0.08903053290399725
PassingMain_v2,10,21,1,0,0,95.54166666666667,17.5,0.10320614366777682,0.06973524599985932
PassingMain_v2,10,22,1,0,0,92.95833333333333,15.75,0.11466776303954138,0.07065106872821772
PassingMain_v2,10,23,1,0,0,94.38333333333333,14.5,0.13931520002534611,0.0780265954387532
PassingMain_v2,10,24,1,0,0,92.07499999999999,20.0,0.07301574989298203,0.05616518139391897
PassingMain_v2,11,0,0,1,0,93.75,12.0,0.15856245642917677,0.06844874788841243
PassingMain_v2,11,1,1,0,0,93.05,19.5,0.12614891617669902,0.08575366408757801
PassingMain_v2,11,2,1,0,0,90.53333333333333,25.5,0.08207284545437586,0.05498287675724203
PassingMain_v2,11,3,1,0,0,91.94166666666666,15.0,0.13241004881320675,0.07107692503267012
PassingMain_v2,11,4,0,1,0,92.125,19.75,0.17777291288936375,0.09219214080835599
PassingMain_v2,11,5,1,0,0,93.27499999999999,21.75,0.12069452424946481,0.09011995045449962
PassingMain_v2,11,6,1,0,0,93.975,21.75,0.10951483992430465,0.09644702253007896
PassingMain_v2,11,7,0,1,0,93.29166666666666,19.5,0.1271012824653649,0.09680242699258797
PassingMain_v2,11,8,1,0,0,96.51666666666667,12.25,0.11326848245918332,0.056670082246927336
PassingMain_v2,11,9,1,0,0,94.625,17.0,0.1404618834228874,0.0720024282034898
PassingMain_v2,11,10,1,0,0,92.475,16.25,0.12367594730845524,0.08363614921444547
PassingMain_v2,11,11,1,0,0,94.68333333333334,17.25,0.10797621130902849,0.06810123459016576
PassingMain_v2,11,12,1,0,0,94.025,20.25,0.13233985192007464,0.09003031555672308
PassingMain_v2,11,13,1,0,0,94.63333333333334,23.5,0.11123617342852052,0.06343146832841758
PassingMain_v2,11,14,1,0,0,95.025,18.5,0.09833519207191321,0.07674891912386625
PassingMain_v2,11,15,1,0,0,90.25,27.0,0.10277743935401532,0.08064682373611264
PassingMain_v2,11,16,1,0,0,93.64166666666667,12.0,0.1380870801513345,0.048810664396538625
PassingMain_v2,11,17,1,0,0,92.525,16.5,0.14074674995728798,0.08843352117234508
PassingMain_v2,11,18,1,0,0,93.30833333333334,20.0,0.12243627010433267,0.06040158413639375
PassingMain_v2,11,19,1,0,0,93.68333333333332,16.5,0.13065986939835653,0.10518047783468826
PassingMain_v2,11,20,1,0,0,92.98333333333333,22.5,0.1273195323986518,0.08866514818273241
PassingMain_v2,11,21,0,1,0,94.075,21.25,0.13127839835628136,0.09276357340505235
PassingMain_v2,11,22,1,0,0,92.26666666666667,25.0,0.14307495739570616,0.1079936793811453
PassingMain_v2,11,23,1,0,0,94.53333333333333,16.0,0.1252594151798384,0.08559862250881659
PassingMain_v2,11,24,0,1,0,94.15833333333333,16.0,0.13141772825622072,0.06677337258909238
PassingMain_v2,12,0,1,0,0,92.33333333333333,17.75,0.10440157297523718,0.07591046360068437
PassingMain_v2,12,1,1,0,0,94.29166666666666,14.5,0.1176745710716946,0.0761461637871581
PassingMain_v2,12,2,1,0,0,93.26666666666667,22.0,0.11854312469713318,0.10720824222142723
PassingMain_v2,12,3,1,0,0,93.69166666666666,15.75,0.12780632707920958,0.05922715435293406
PassingMain_v2,12,4,0,1,0,95.66666666666667,14.5,0.1315211849929904,0.06145477566052954
PassingMain_v2,12,5,1,0,0,96.13333333333334,16.0,0.08352605286558279,0.08271102345102951
PassingMain_v2,12,6,1,0,0,89.79166666666667,22.5,0.12930563882737534,0.08363437176749995
PassingMain_v2,12,7,1,0,0,92.975,21.0,0.11213396449791384,0.07932077285065464
PassingMain_v2,12,8,1,0,0,94.61666666666667,17.0,0.15370340841159608,0.09984008361259925
PassingMain_v2,12,9,1,0,0,93.86666666666666,17.0,0.08891530881321205,0.08103527811850156
PassingMain_v2,12,10,1,0,0,94.76666666666667,13.75,0.13125865990939292,0.08021938600505767
PassingMain_v2,12,11,1,0,0,94.975,14.5,0.11848004577582463,0.05878121363347356
PassingMain_v2,12,12,1,0,0,93.78333333333333,14.25,0.11567530838904688,0.10953561017076845
PassingMain_v2,12,13,1,0,0,92.28333333333333,19.5,0.12321421194100494,0.07728701116219266
PassingMain_v2,12,14,0,0,1,93.89166666666667,15.5,0.11024568407232734,0.10098321645295394
PassingMain_v2,12,15,0,0,1,93.525,13.25,0.1318275326076604,0.08405035358855509
PassingMain_v2,12,16,0,0,1,94.59166666666667,25.0,0.13698608960309783,0.09837078485896483
PassingMain_v2,12,17,1,0,0,94.5,16.5,0.11958087636330338,0.06225839125494204
PassingMain_v2,12,18,1,0,0,91.25,19.5,0.1162190833021574,0.10710676738099142
PassingMain_v2,12,19,0,1,0,93.51666666666667,19.0,0.1110556330869633,0.0684876775516964
PassingMain_v2,12,20,1,0,0,91.70833333333334,24.25,0.14591704669909664,0.10791957731751768
PassingMain_v2,12,21,1,0,0,94.22500000000001,17.75,0.10462925074487028,0.07539008860730037
PassingMain_v2,12,22,1,0,0,92.05833333333334,15.75,0.13472673869221824,0.07615552988002804
PassingMain_v2,12,23,1,0,0,92.83333333333333,16.5,0.13139969896416412,0.09863532986601294
PassingMain_v2,12,24,1,0,0,94.1,18.5,0.10878315270728339,0.08321203623299842
PassingMain_v2,13,0,1,0,0,93.45,24.0,0.13289189874666885,0.061918777845375916
PassingMain_v2,13,1,1,0,0,90.325,25.75,0.09546832501680748,0.07168855780715275
PassingMain_v2,13,2,1,0,0,94.43333333333334,18.5,0.10119255392320471,0.06967645633901827
PassingMain_v2,13,3,1,0,0,94.175,19.5,0.12841416221308727,0.07279495212529981
PassingMain_v2,13,4,1,0,0,90.69166666666668,27.0,0.13949478985842292,0.08647586883718447
PassingMain_v2,13,5,0,1,0,94.13333333333334,10.5,0.1202944747854043,0.07131592642284719
PassingMain_v2,13,6,1,0,0,95.24166666666667,14.5,0.1048780361068326,0.07242944310013591
PassingMain_v2,13,7,1,0,0,93.06666666666666,18.0,0.12184191517797975,0.07053631594207087
PassingMain_v2,13,8,1,0,0,91.80833333333334,24.5,0.13601906663927846,0.09727725861325583
PassingMain_v2,13,9,1,0,0,93.24166666666667,23.0,0.11955315549422275,0.07198165104048072
PassingMain_v2,13,10,0,0,1,92.25833333333333,23.0,0.1427053567763938,0.11373200174123164
PassingMain_v2,13,11,1,0,0,95.10833333333333,18.0,0.1190826847438448,0.07783386480735172
PassingMain_v2,13,12,1,0,0,95.025,11.0,0.14135689555548764,0.11230344669979285
PassingMain_v2,13,13,1,0,0,92.44166666666666,17.0,0.1434139767203851,0.07294457072321779
PassingMain_v2,13,14,0,0,1,94.10833333333333,17.0,0.13780258853588584,0.09027074874762693
PassingMain_v2,13,15,1,0,0,95.15833333333333,15.5,0.12824195376165692,0.10606614441699767
PassingMain_v2,13,16,1,0,0,93.35,21.0,0.12987118398616412,0.06762966126130461
PassingMain_v2,13,17,0,1,0,94.71666666666667,14.5,0.09440274254229881,0.07970352067158577
PassingMain_v2,13,18,1,0,0,94.81666666666668,16.5,0.08971945159010293,0.05960435210588006
PassingMain_v2,13,19,1,0,0,94.34166666666667,13.75,0.16542547595281526,0.10109825818833991
PassingMain_v2,13,20,1,0,0,92.79166666666666,21.5,0.14425182680622617,0.07598416158637629
PassingMain_v2,13,21,0,1,0,93.09166666666667,18.5,0.15907994966772782,0.10128954295459122
PassingMain_v2,13,22,1,0,0,93.55,24.5,0.12206100616853334,0.08319897803874815
PassingMain_v2,13,23,0,1,0,93.10000000000001,17.25,0.13456373941229188,0.08495552144025235
PassingMain_v2,13,24,1,0,0,93.71666666666667,19.0,0.11340766130377854,0.06638198725746028
PassingMain_v2,14,0,1,0,0,95.09166666666667,13.0,0.1147948913101039,0.059764347955242936
PassingMain_v2,14,1,1,0,0,91.71666666666667,24.75,0.11198599809315994,0.092563381386946
PassingMain_v2,14,2,1,0,0,94.27499999999999,18.0,0.11561519959501872,0.0752419665487929
PassingMain_v2,14,3,1,0,0,94.59166666666667,15.0,0.1324676528137237,0.07597124657941148
PassingMain_v2,14,4,1,0,0,94.65,15.25,0.1451915586397686,0.0769427316752036
PassingMain_v2,14,5,0,1,0,93.2,19.0,0.11690566685955542,0.05847184365574382
PassingMain_v2,14,6,1,0,0,95.15,17.5,0.17146775821039237,0.08636821947905746
PassingMain_v2,14,7,1,0,0,92.49166666666667,19.0,0.14814380629680665,0.06970686849264136
PassingMain_v2,14,8,1,0,0,92.41666666666667,17.0,0.12909682179730345,0.07936199704385882
PassingMain_v2,14,9,1,0,0,91.75,25.5,0.13538498774120467,0.07139036264073151
PassingMain_v2,14,10,1,0,0,92.00833333333334,22.5,0.142809023864093,0.09287634417541624
PassingMain_v2,14,11,1,0,0,94.19999999999999,15.5,0.09915632848098109,0.067660639621185
PassingMain_v2,14,12,1,0,0,91.57499999999999,17.5,0.08954709067335391,0.0936707856371327
PassingMain_v2,14,13,0,1,0,94.33333333333334,14.0,0.15406726699424622,0.07031943421085979
PassingMain_v2,14,14,1,0,0,94.21666666666667,15.5,0.10358220793325225,0.09338971929363522
PassingMain_v2,14,15,0,1,0,95.21666666666667,17.25,0.13584351607462397,0.09135451297225422
PassingMain_v2,14,16,1,0,0,94.22500000000001,13.5,0.140154194571803,0.07566420735541472
PassingMain_v2,14,17,0,1,0,95.09166666666667,16.5,0.10633508559455672,0.09140359456305454
PassingMain_v2,14,18,1,0,0,94.425,19.25,0.111592464261267,0.07332712539758134
PassingMain_v2,14,19,0,1,0,95.85833333333333,13.0,0.12989135318244457,0.0505451015005315
PassingMain_v2,14,20,0,0,1,93.50833333333334,19.5,0.13010751884783509,0.10380850392432639
PassingMain_v2,14,21,1,0,0,93.825,19.0,0.16964401581113084,0.07134748263728811
PassingMain_v2,14,22,1,0,0,91.125,18.5,0.15086119400447381,0.07670227515650727
PassingMain_v2,14,23,1,0,0,95.475,16.5,0.1272564438577313,0.0693798113276127
PassingMain_v2,14,24,1,0,0,93.23333333333333,23.0,0.1298741367613982,0.09281287290542178
PassingMain_v2,15,0,1,0,0,94.93333333333334,14.0,0.12946629584303437,0.08741119536910304
PassingMain_v2,15,1,0,1,0,91.63333333333334,21.5,0.07346778507578572,0.0720519482257885
PassingMain_v2,15,2,0,1,0,93.85833333333333,15.25,0.11076541005783004,0.07668532554418456
PassingMain_v2,15,3,0,1,0,95.69166666666666,13.0,0.14610091468075703,0.126748837301827
PassingMain_v2,15,4,0,0,1,93.98333333333333,20.0,0.0998518471650466,0.10063002300468274
PassingMain_v2,15,5,1,0,0,92.41666666666667,14.0,0.11538241594279154,0.04811849486907588
PassingMain_v2,15,6,1,0,0,94.54166666666667,12.75,0.11951472215764757,0.08066650195929083
PassingMain_v2,15,7,1,0,0,90.25833333333333,18.5,0.11653644000785969,0.07883764262386964
PassingMain_v2,15,8,0,1,0,95.54166666666667,11.5,0.12616619119138778,0.08007306020483015
PassingMain_v2,15,9,1,0,0,94.36666666666666,19.5,0.16789623806581805,0.0779657297089542
PassingMain_v2,15,10,1,0,0,93.22500000000001,17.5,0.11498259728828147,0.08050566267049063
PassingMain_v2,15,11,1,0,0,91.44166666666666,21.5,0.13017973573021668,0.08759018195599796
PassingMain_v2,15,12,1,0,0,92.48333333333333,19.0,0.132985789653236,0.13169282390275633
PassingMain_v2,15,13,0,1,0,90.58333333333334,19.75,0.13287545767492934,0.08091738653433875
PassingMain_v2,15,14,1,0,0,93.93333333333334,16.0,0.15035964397692742,0.08345440611352481
PassingMain_v2,15,15,0,1,0,91.90833333333333,14.5,0.1528569514182733,0.09327874472475259
PassingMain_v2,15,16,1,0,0,89.28333333333333,23.5,0.11781733529922928,0.07907887048147023
PassingMain_v2,15,17,0,1,0,92.35833333333333,18.5,0.16836210187812856,0.09069468233611666
PassingMain_v2,15,18,0,1,0,95.95,9.0,0.10331354902371484,0.06550790268987336
PassingMain_v2,15,19,0,1,0,95.23333333333333,14.5,0.08559791479328177,0.07239690379609989
PassingMain_v2,15,20,1,0,0,93.10833333333333,16.0,0.10606919836760735,0.07414870397752633
PassingMain_v2,15,21,0,0,1,93.45833333333333,13.0,0.12927233815993994,0.05841906508363773
PassingMain_v2,15,22,1,0,0,94.53333333333333,20.5,0.1809442224407109,0.09931811034057317
PassingMain_v2,15,23,1,0,0,91.45833333333333,16.5,0.15645309713487648,0.06103580518322836
PassingMain_v2,15,24,1,0,0,91.85,16.5,0.12198558034097294,0.07717210957775973
PassingMain_v2,16,0,1,0,0,91.57499999999999,31.0,0.12965945400035225,0.08482389621820968
PassingMain_v2,16,1,1,0,0,92.09166666666667,14.0,0.17980769449498224,0.08040705886254024
PassingMain_v2,16,2,1,0,0,94.3,17.0,0.10634357440292588,0.07809589283844577
PassingMain_v2,16,3,1,0,0,90.61666666666667,17.5,0.10811247066202183,0.08465138363672112
PassingMain_v2,16,4,1,0,0,92.90833333333333,18.25,0.14045943207725653,0.0791150667814723
PassingMain_v2,16,5,1,0,0,91.325,23.0,0.14422464759533624,0.07923536766086516
PassingMain_v2,16,6,1,0,0,95.09166666666667,13.0,0.14364463288412502,0.06731605826742001
PassingMain_v2,16,7,1,0,0,92.50833333333334,18.5,0.12029129564711584,0.09460589393140989
PassingMain_v2,16,8,1,0,0,93.475,18.5,0.1368080600453895,0.08361556428630634
PassingMain_v2,16,9,1,0,0,88.35833333333333,25.0,0.12286882337680892,0.0799308355675311
PassingMain_v2,16,10,1,0,0,93.53333333333333,23.5,0.11936368904528756,0.07686111271761432
PassingMain_v2,16,11,1,0,0,96.19166666666666,16.0,0.07303034157008144,0.0614058212602059
PassingMain_v2,16,12,1,0,0,94.18333333333334,19.5,0.11793891986440552,0.0682841776688953
PassingMain_v2,16,13,1,0,0,94.49166666666666,16.5,0.1234112461822803,0.07988119415167075
PassingMain_v2,16,14,1,0,0,92.35833333333333,13.5,0.11735704628601212,0.07801521311451111
PassingMain_v2,16,15,1,0,0,93.08333333333333,28.75,0.12437593662097841,0.09244887846111105
PassingMain_v2,16,16,0,1,0,93.24166666666667,28.0,0.15402001426314063,0.076736356414056
PassingMain_v2,16,17,0,1,0,95.525,22.0,0.11348754042970761,0.07215590468340928
PassingMain_v2,16,18,1,0,0,95.19999999999999,20.5,0.12776309346841067,0.0921599755161792
PassingMain_v2,16,19,1,0,0,96.8,14.0,0.12195741856945316,0.08971605765751585
PassingMain_v2,16,20,1,0,0,90.65833333333333,25.75,0.12880031625112875,0.0918603708942958
PassingMain_v2,16,21,0,1,0,94.85,13.75,0.08934408812948641,0.05882267531854162
PassingMain_v2,16,22,0,0,1,94.125,20.5,0.12699637113574783,0.08080259665757757
PassingMain_v2,16,23,1,0,0,92.33333333333333,21.5,0.13685564102158088,0.10283675403548509
PassingMain_v2,16,24,1,0,0,94.22500000000001,15.0,0.1054637512509587,0.06794219148755923
PassingMain_v2,17,0,1,0,0,89.275,26.5,0.13549930788653308,0.08749855913820606
PassingMain_v2,17,1,0,1,0,91.54166666666667,21.5,0.11315239323840531,0.03529012814056912
PassingMain_v2,17,2,1,0,0,94.95,24.0,0.12589134398025917,0.058505702379675825
PassingMain_v2,17,3,1,0,0,90.44166666666666,30.5,0.13659199528507202,0.06398956305115787
PassingMain_v2,17,4,0,1,0,91.875,25.5,0.1211971694768298,0.10011228263733114
PassingMain_v2,17,5,0,1,0,92.2,18.0,0.13868978591666883,0.0604675439232914
PassingMain_v2,17,6,1,0,0,96.83333333333334,13.0,0.16079934684604885,0.07675144609153278
PassingMain_v2,17,7,1,0,0,93.425,12.0,0.1288802196870629,0.0616893931530775
PassingMain_v2,17,8,1,0,0,93.38333333333333,15.25,0.11020393924348516,0.07918259739408405
PassingMain_v2,17,9,0,1,0,98.35000000000001,12.0,0.19875398349475934,0.0814504214072131
PassingMain_v2,17,10,0,1,0,92.83333333333333,14.5,0.1370838738219578,0.059674506556516016
PassingMain_v2,17,11,1,0,0,89.90833333333333,19.5,0.12710763075906195,0.07742640832910141
PassingMain_v2,17,12,0,0,1,93.65833333333333,17.5,0.14312033534163482,0.08749467919281868
PassingMain_v2,17,13,0,0,1,97.45,12.0,0.22073222397347,0.056727179712327866
PassingMain_v2,17,14,1,0,0,94.36666666666666,13.5,0.14327319877114975,0.06025764597227207
PassingMain_v2,17,15,1,0,0,92.05,18.5,0.08043896257319254,0.08710173756560426
PassingMain_v2,17,16,1,0,0,92.23333333333333,24.75,0.14687598467379254,0.08930276736605616
PassingMain_v2,17,17,1,0,0,95.20833333333333,14.5,0.13796101178981884,0.07807495643783352
PassingMain_v2,17,18,1,0,0,95.44166666666666,16.25,0.1109702117276686,0.0748372487761809
PassingMain_v2,17,19,1,0,0,93.45,19.0,0.12822278910254617,0.06282380419178782
PassingMain_v2,17,20,1,0,0,93.10000000000001,18.5,0.132070792332892,0.07825825246775428
PassingMain_v2,17,21,1,0,0,91.31666666666666,21.0,0.12275014980432424,0.04558729110225342
PassingMain_v2,17,22,1,0,0,94.10833333333333,18.5,0.08803606633720776,0.0911635948908975
PassingMain_v2,17,23,1,0,0,92.325,13.0,0.14722455285682967,0.0659586817329845
PassingMain_v2,17,24,1,0,0,91.3,20.5,0.15606765432888745,0.0842668324299534
PassingMain_v2,18,0,0,1,0,94.925,19.5,0.1220899432982175,0.07960010577061016
PassingMain_v2,18,1,1,0,0,93.88333333333333,22.0,0.16091767349736497,0.08164831603057847
PassingMain_v2,18,2,1,0,0,93.96666666666667,16.5,0.14562690705882697,0.0837694689021339
PassingMain_v2,18,3,1,0,0,92.875,19.5,0.14013577808490063,0.06856133293784428
PassingMain_v2,18,4,1,0,0,95.15,14.0,0.12018226457902056,0.0823335037880559
PassingMain_v2,18,5,1,0,0,93.4,14.0,0.11006857821243543,0.0778691260115226
PassingMain_v2,18,6,0,1,0,92.79166666666666,17.25,0.1418083907998513,0.1000940502288014
PassingMain_v2,18,7,0,1,0,94.78333333333333,14.0,0.11637880657074023,0.10398776530309481
PassingMain_v2,18,8,1,0,0,91.95833333333333,24.0,0.14062295997887503,0.0860723236819065
PassingMain_v2,18,9,1,0,0,91.88333333333333,21.0,0.13196454519727668,0.07856489401993112
PassingMain_v2,18,10,1,0,0,94.98333333333333,14.5,0.10444369984871733,0.06419726016998331
PassingMain_v2,18,11,0,1,0,92.65,16.0,0.08922786364747094,0.045754673569102566
PassingMain_v2,18,12,1,0,0,91.35,22.0,0.1729030692180004,0.07842916258673513
PassingMain_v2,18,13,1,0,0,94.35,16.5,0.1300546381173859,0.10804308778534161
PassingMain_v2,18,14,1,0,0,91.23333333333333,19.25,0.1141884794360521,0.06558943485958982
PassingMain_v2,18,15,1,0,0,94.08333333333333,20.0,0.11231209293119473,0.10294170263460799
PassingMain_v2,18,16,1,0,0,88.64999999999999,23.0,0.12843392108075988,0.08838179121941045
PassingMain_v2,18,17,0,1,0,91.85,20.5,0.13342287920582602,0.1130920130808795
PassingMain_v2,18,18,1,0,0,96.15833333333333,11.75,0.12984391219012503,0.07814474680407515
PassingMain_v2,18,19,1,0,0,92.45833333333333,14.0,0.11199167866774655,0.09667047962895631
PassingMain_v2,18,20,1,0,0,93.94166666666666,20.5,0.1325364908508025,0.07622665805028409
PassingMain_v2,18,21,1,0,0,95.92500000000001,17.0,0.11086310425700976,0.059798755405800416
PassingMain_v2,18,22,1,0,0,94.51666666666667,23.0,0.08715409378369629,0.12054273403477872
PassingMain_v2,18,23,0,1,0,86.02499999999999,22.0,0.1309937974573645,0.08501017603340064
PassingMain_v2,18,24,1,0,0,92.72500000000001,24.5,0.1248830318740631,0.09340170637180929
PassingMain_v2,19,0,0,0,1,93.05833333333334,18.5,0.13161623091412258,0.06988351273348234
PassingMain_v2,19,1,1,0,0,91.025,18.5,0.09517784446821638,0.06892872984956964
PassingMain_v2,19,2,1,0,0,93.4,19.5,0.09183168637407675,0.07794483823837839
PassingMain_v2,19,3,1,0,0,92.99166666666666,20.5,0.13549479256976293,0.09186386924203531
PassingMain_v2,19,4,1,0,0,94.60833333333333,15.0,0.10198156036550107,0.06428568672010218
PassingMain_v2,19,5,0,1,0,89.60000000000001,17.5,0.1398343886854668,0.07781184152108171
PassingMain_v2,19,6,1,0,0,87.94999999999999,27.0,0.13359447953427148,0.06490655819340445
PassingMain_v2,19,7,0,0,1,92.59166666666667,23.0,0.13806718825211522,0.08512375064013382
PassingMain_v2,19,8,1,0,0,93.01666666666667,28.0,0.1500247936884089,0.08458208280081969
PassingMain_v2,19,9,1,0,0,93.56666666666666,18.0,0.16607938246970172,0.12359993379386891
PassingMain_v2,19,10,1,0,0,94.59166666666667,16.75,0.1270550929089153,0.07286234579621714
PassingMain_v2,19,11,1,0,0,93.73333333333333,17.5,0.12115439243870993,0.0904646555556631
PassingMain_v2,19,12,1,0,0,94.8,19.0,0.10352597983452334,0.06487766996767819
PassingMain_v2,19,13,1,0,0,96.15,10.5,0.14132837250441013,0.083138497533791
PassingMain_v2,19,14,1,0,0,95.575,17.5,0.12928322572611814,0.0996186294619599
PassingMain_v2,19,15,1,0,0,90.51666666666667,19.0,0.1277522644075556,0.06384677951118371
PassingMain_v2,19,16,1,0,0,93.36666666666666,17.5,0.14441128705928213,0.08326585160054595
PassingMain_v2,19,17,1,0,0,92.76666666666667,23.5,0.1058780622131992,0.06588240782314835
PassingMain_v2,19,18,1,0,0,93.14166666666667,18.75,0.14061096396172618,0.07147910980383124
PassingMain_v2,19,19,0,1,0,93.20833333333334,18.5,0.11016937516846749,0.10034605891718605
PassingMain_v2,19,20,0,1,0,95.44166666666666,12.5,0.09528759159208021,0.06561801064868175
PassingMain_v2,19,21,0,0,1,94.44166666666666,12.5,0.13923923922187492,0.10191148780259317
PassingMain_v2,19,22,1,0,0,95.01666666666667,18.0,0.0906355517890787,0.07545237326443434
PassingMain_v2,19,23,0,1,0,91.88333333333333,21.25,0.138968839770023,0.08145273124613268
PassingMain_v2,19,24,0,1,0,93.28333333333333,17.75,0.14567880941529338,0.07025108420853375
