policy,chunk_id,episode,win,draw,loss,sap,sbf,mecha,cv
GKBug_v0,0,0,0,1,0,59.975,32.25,0.0825738730318945,0.016214229829679058
GKBug_v0,0,1,1,0,0,69.74166666666667,19.25,0.06310760026582357,0.008737145083476722
GKBug_v0,0,2,1,0,0,57.34166666666667,53.75,0.09193886419512962,0.01992693672444972
GKBug_v0,0,3,0,1,0,99.60833333333333,3.5,0.0,1.3629860427139153e-05
GKBug_v0,0,4,1,0,0,67.95,40.25,0.06144194487897229,0.01702820896174012
GKBug_v0,0,5,0,1,0,68.28333333333333,37.75,0.05692650016962751,0.012946304820714627
GKBug_v0,0,6,1,0,0,72.19166666666666,39.75,0.05995126454469181,0.01470271310383974
GKBug_v0,0,7,1,0,0,69.49166666666666,45.5,0.05754849994076264,0.011820244294074266
GKBug_v0,0,8,0,1,0,62.050000000000004,39.5,0.08067159594614602,0.017810002660059138
GKBug_v0,0,9,0,1,0,74.50833333333333,3.75,0.0,0.00020845926472936905
GKBug_v0,0,10,0,1,0,51.075,30.5,0.07272343726362605,0.02081412121448854
GKBug_v0,0,11,0,1,0,65.375,44.0,0.08451011448449988,0.016367208850035196
GKBug_v0,0,12,0,1,0,43.25,21.0,0.05910607529878782,0.0074131627652940894
GKBug_v0,0,13,1,0,0,65.925,33.75,0.052066839958123286,0.010224425597577911
GKBug_v0,0,14,1,0,0,76.78333333333333,44.0,0.07568751144581813,0.009575474365325808
GKBug_v0,0,15,0,0,1,68.26666666666667,19.75,0.06412410843601447,0.003158375012724463
GKBug_v0,0,16,0,1,0,68.24166666666667,38.75,0.07881837250217999,0.012424907273910548
GKBug_v0,0,17,1,0,0,66.25833333333333,31.5,0.07012013735383464,0.012610980539333575
GKBug_v0,0,18,1,0,0,69.525,36.0,0.06505740961123217,0.01154200595528259
GKBug_v0,0,19,0,1,0,92.60833333333333,10.5,0.03399754006311387,0.004275066170323225
GKBug_v0,0,20,1,0,0,64.725,30.25,0.06706638491038917,0.008256981038495544
GKBug_v0,0,21,0,1,0,75.38333333333334,49.0,0.053609876881109575,0.018528461874911188
GKBug_v0,0,22,0,1,0,48.625,4.5,0.03739509046074553,0.00018577223547400253
GKBug_v0,0,23,1,0,0,74.01666666666667,15.75,0.049911875467969116,0.0006761902619746277
GKBug_v0,0,24,1,0,0,67.04166666666667,44.25,0.05513997760350765,0.013823783501620513
GKBug_v0,1,0,1,0,0,58.791666666666664,51.75,0.06917019025695946,0.012551752584515501
GKBug_v0,1,1,1,0,0,59.64166666666667,46.75,0.06390842092367029,0.012248934256902613
GKBug_v0,1,2,1,0,0,46.916666666666664,56.5,0.05862990701125782,0.012099961193681182
GKBug_v0,1,3,1,0,0,60.25,59.25,0.06783134693669032,0.014026239256726103
GKBug_v0,1,4,0,1,0,49.86666666666667,1.0,0.04566871324499824,0.00038002168010561313
GKBug_v0,1,5,1,0,0,59.63333333333334,52.0,0.07064611963633625,0.010929090230664677
GKBug_v0,1,6,1,0,0,58.95,51.25,0.07726451182219622,0.016586625858831354
GKBug_v0,1,7,1,0,0,55.175,41.75,0.08720198790057337,0.016309585364877584
GKBug_v0,1,8,1,0,0,57.925000000000004,54.5,0.061010575887479726,0.01695747815110622
GKBug_v0,1,9,1,0,0,67.88333333333333,53.75,0.07619274320948868,0.008538165708167652
GKBug_v0,1,10,1,0,0,53.43333333333333,53.0,0.06639386003326436,0.011807559088270917
GKBug_v0,1,11,1,0,0,60.20833333333333,48.25,0.07190294318911424,0.009744130426807551
GKBug_v0,1,12,1,0,0,60.19166666666666,57.75,0.06467640002324038,0.016534464488927963
GKBug_v0,1,13,1,0,0,58.06666666666666,46.0,0.06307825267674655,0.012633228138449757
GKBug_v0,1,14,1,0,0,58.199999999999996,66.75,0.06376286880247588,0.012190196633052972
GKBug_v0,1,15,1,0,0,60.016666666666666,48.25,0.061338205567499665,0.02330859469308491
GKBug_v0,1,16,1,0,0,55.75,51.25,0.07122416960196176,0.01085575915615403
GKBug_v0,1,17,1,0,0,69.48333333333333,47.75,0.06974379424002108,0.014782215961530936
GKBug_v0,1,18,1,0,0,57.733333333333334,52.75,0.07105610308401511,0.016579419736102753
GKBug_v0,1,19,0,1,0,99.55833333333334,3.5,0.0,4.99015482105283e-05
GKBug_v0,1,20,1,0,0,50.141666666666666,19.0,0.06159758315600145,0.004225663120811095
GKBug_v0,1,21,0,1,0,99.78333333333333,2.0,0.0,5.239822454855116e-05
GKBug_v0,1,22,1,0,0,59.22500000000001,50.0,0.07911441547325496,0.01948984557499536
GKBug_v0,1,23,1,0,0,63.6,48.5,0.06170370018847035,0.017658697492967286
GKBug_v0,1,24,1,0,0,54.45833333333333,47.5,0.06318069038601057,0.014612993321555261
GKBug_v0,2,0,1,0,0,60.324999999999996,56.25,0.06606918698381499,0.010554296779637045
GKBug_v0,2,1,1,0,0,55.15,51.0,0.06138483616168311,0.009483041525283356
GKBug_v0,2,2,1,0,0,54.68333333333333,34.0,0.060996802055039066,0.013042200967758495
GKBug_v0,2,3,1,0,0,53.48333333333334,65.25,0.07231471513208945,0.009661633327801546
GKBug_v0,2,4,1,0,0,63.96666666666667,33.5,0.05935847689967347,0.011868970395826281
GKBug_v0,2,5,1,0,0,59.45,54.5,0.06000807855432118,0.012082706591814329
GKBug_v0,2,6,0,1,0,49.06666666666666,2.5,0.03929757721772517,0.00024207638752575045
GKBug_v0,2,7,1,0,0,57.725,53.75,0.055472154565609694,0.012297550609898653
GKBug_v0,2,8,1,0,0,40.958333333333336,32.5,0.055554810683809366,0.007454169599572109
GKBug_v0,2,9,1,0,0,57.06666666666666,63.5,0.07509330452961047,0.008994940280571106
GKBug_v0,2,10,1,0,0,56.358333333333334,45.5,0.08251380343198111,0.01160243097516905
GKBug_v0,2,11,0,1,0,99.74166666666666,2.0,0.0,0.0003010628762258902
GKBug_v0,2,12,0,1,0,49.88333333333333,0.5,0.06521003754616352,0.0003191886812255445
GKBug_v0,2,13,0,1,0,41.8,24.5,0.07258741554421477,0.018816742237163057
GKBug_v0,2,14,1,0,0,60.68333333333334,44.75,0.07566055633094963,0.011393902231252367
GKBug_v0,2,15,1,0,0,58.791666666666664,48.0,0.0601615783735617,0.00943020698118914
GKBug_v0,2,16,1,0,0,54.141666666666666,43.25,0.07480152946985638,0.01175943989265027
GKBug_v0,2,17,1,0,0,61.6,49.25,0.06013634902466327,0.014200514846145339
GKBug_v0,2,18,1,0,0,54.141666666666666,64.0,0.06503908413022884,0.014946552763036976
GKBug_v0,2,19,1,0,0,59.95,51.25,0.06534417050934778,0.0106489021695086
GKBug_v0,2,20,1,0,0,69.69166666666666,37.0,0.0812665613515682,0.026692818260205517
GKBug_v0,2,21,1,0,0,54.09166666666667,52.25,0.07268195301452826,0.015694096390193667
GKBug_v0,2,22,1,0,0,59.9,45.25,0.06645584683283756,0.00942898726019116
GKBug_v0,2,23,1,0,0,61.583333333333336,56.5,0.059654187675784065,0.016822202582334102
GKBug_v0,2,24,1,0,0,64.50833333333334,53.25,0.06761608387937218,0.010498095917565686
GKBug_v0,3,0,0,0,1,45.775,13.75,0.06713667536261955,0.005454461130022315
GKBug_v0,3,1,0,1,0,74.64166666666667,3.75,0.0,2.2535528320300496e-05
GKBug_v0,3,2,1,0,0,66.28333333333333,38.0,0.05892877825554558,0.019334322005196206
GKBug_v0,3,3,0,1,0,61.625,18.5,0.09041232262760107,0.01087174634403136
GKBug_v0,3,4,1,0,0,65.9,35.0,0.07140826048369044,0.03085760770190326
GKBug_v0,3,5,1,0,0,65.30833333333334,48.0,0.07243346476128674,0.011251382215177554
GKBug_v0,3,6,0,1,0,67.48333333333333,29.0,0.06120964543345481,0.011955243657170779
GKBug_v0,3,7,1,0,0,71.01666666666667,53.0,0.07939690347629251,0.01775398853228368
GKBug_v0,3,8,0,1,0,66.05,50.0,0.0830738686982344,0.017119736306450625
GKBug_v0,3,9,1,0,0,79.63333333333334,23.75,0.09318236137485676,0.014452438045350194
GKBug_v0,3,10,0,1,0,49.43333333333334,28.75,0.05244719904328942,0.02404625370576978
GKBug_v0,3,11,1,0,0,58.416666666666664,19.25,0.04754673110881798,0.013977612589389631
GKBug_v0,3,12,1,0,0,52.13333333333333,26.0,0.06455641356366969,0.010034513610869262
GKBug_v0,3,13,1,0,0,80.45833333333333,39.75,0.06562451714048785,0.012037774972101054
GKBug_v0,3,14,0,1,0,73.51666666666667,2.75,0.06912496210188611,0.000593857686147655
GKBug_v0,3,15,0,0,1,63.44166666666666,23.75,0.03984111432801454,0.011440245077308767
GKBug_v0,3,16,0,1,0,72.33333333333334,4.25,0.07234556194076647,0.00020506021583855197
GKBug_v0,3,17,0,1,0,66.86666666666666,39.5,0.0881753259266367,0.011810458961126756
GKBug_v0,3,18,0,1,0,50.775000000000006,4.0,0.03817471229074334,0.0012551709379930434
GKBug_v0,3,19,1,0,0,57.833333333333336,41.75,0.10754107595898617,0.030670403493640135
GKBug_v0,3,20,0,1,0,49.93333333333334,10.0,0.0484626960432377,0.005219760000407119
GKBug_v0,3,21,0,1,0,99.34166666666667,3.5,0.0,3.767486648506406e-05
GKBug_v0,3,22,0,1,0,65.425,26.5,0.06862627645390093,0.013408675235230434
GKBug_v0,3,23,1,0,0,60.475,32.75,0.05920245798609038,0.008600773902607202
GKBug_v0,3,24,0,1,0,51.80833333333334,19.25,0.06971566059975476,0.012487176216668767
GKBug_v0,4,0,1,0,0,52.825,44.0,0.06888411797257596,0.013179610781864682
GKBug_v0,4,1,0,1,0,53.7,15.0,0.07399143969196888,0.012550703017548334
GKBug_v0,4,2,0,1,0,51.78333333333334,3.75,0.03510618570461515,0.007207002788196482
GKBug_v0,4,3,0,1,0,56.99999999999999,15.5,0.04969394061611846,0.015392895188361806
GKBug_v0,4,4,1,0,0,59.50833333333333,44.5,0.07564219256635608,0.016824212832349927
GKBug_v0,4,5,1,0,0,51.1,21.5,0.05259186141466536,0.008041241031499578
GKBug_v0,4,6,0,1,0,57.525000000000006,28.5,0.06186128386470295,0.009051532660083406
GKBug_v0,4,7,1,0,0,70.83333333333334,51.25,0.08907084745382295,0.022694810565299824
GKBug_v0,4,8,0,1,0,86.375,17.0,0.0980960123520699,0.013669809514347132
GKBug_v0,4,9,0,1,0,70.475,36.25,0.07513094729334804,0.010003710267017607
GKBug_v0,4,10,0,1,0,75.70833333333333,27.0,0.07910442417248044,0.007186811077609429
GKBug_v0,4,11,0,1,0,74.225,3.75,0.0,6.748068241276377e-05
GKBug_v0,4,12,1,0,0,62.625,37.75,0.08505551551539352,0.022461786287468272
GKBug_v0,4,13,0,1,0,98.96666666666667,4.0,0.0,0.0002528972702443084
GKBug_v0,4,14,0,1,0,51.65,18.25,0.06458999833467609,0.01489630526512176
GKBug_v0,4,15,1,0,0,67.0,38.75,0.06125154649436861,0.020925218679286692
GKBug_v0,4,16,0,1,0,96.95,3.0,0.08088003758583243,0.001223356456043859
GKBug_v0,4,17,1,0,0,84.19166666666666,32.5,0.0884389743108082,0.008279160019131586
GKBug_v0,4,18,1,0,0,55.275,26.0,0.08831337191149777,0.016479005026111812
GKBug_v0,4,19,0,1,0,99.45833333333334,4.5,0.0,1.8833495283926977e-05
GKBug_v0,4,20,1,0,0,54.166666666666664,27.5,0.05072362785176579,0.010157277071474713
GKBug_v0,4,21,0,1,0,48.641666666666666,19.25,0.05398633175754192,0.004588501741742651
GKBug_v0,4,22,0,1,0,50.14999999999999,6.75,0.043833741359088414,0.0007150818557983001
GKBug_v0,4,23,1,0,0,69.46666666666667,45.25,0.05288517494361153,0.013117608005680865
GKBug_v0,4,24,1,0,0,66.66666666666666,47.75,0.08386801475099741,0.021845609239916474
GKBug_v0,5,0,0,1,0,49.475,4.5,0.037315627156544705,0.0017778287918693524
GKBug_v0,5,1,0,1,0,68.72500000000001,45.0,0.08141932587255513,0.02305791799500649
GKBug_v0,5,2,1,0,0,69.65,44.5,0.08566868419945717,0.017423125852580545
GKBug_v0,5,3,0,1,0,71.43333333333334,14.75,0.06223025707239055,0.0018417111626129411
GKBug_v0,5,4,0,1,0,61.016666666666666,16.0,0.07189325421166087,0.009146332728327017
GKBug_v0,5,5,1,0,0,76.275,40.0,0.07255569769334956,0.014417234218185216
GKBug_v0,5,6,1,0,0,80.75833333333333,10.0,0.07630846664884794,0.004472501886454211
GKBug_v0,5,7,1,0,0,62.324999999999996,45.75,0.07749335622199667,0.00976717302959168
GKBug_v0,5,8,1,0,0,66.75,42.0,0.07124377674505586,0.011131069152127665
GKBug_v0,5,9,0,1,0,71.3,9.75,0.07396469056196998,0.0030576203674624234
GKBug_v0,5,10,1,0,0,57.65833333333333,42.75,0.06513162816319641,0.012552189376698228
GKBug_v0,5,11,0,1,0,47.891666666666666,21.25,0.05546629941613204,0.007032089317037301
GKBug_v0,5,12,0,1,0,46.96666666666667,17.25,0.0572519522663582,0.0156946022014811
GKBug_v0,5,13,0,1,0,63.075,13.75,0.04799244872513943,0.009478769978848623
GKBug_v0,5,14,1,0,0,71.56666666666666,46.0,0.05261340752941938,0.01150723313632148
GKBug_v0,5,15,0,0,1,73.64166666666667,43.75,0.06289874172479148,0.01204282936541505
GKBug_v0,5,16,1,0,0,46.03333333333333,15.5,0.04499505294040435,0.01051107693284815
GKBug_v0,5,17,1,0,0,65.2,52.5,0.07514139306386805,0.017078590746936434
GKBug_v0,5,18,0,1,0,56.58333333333333,20.5,0.07857310963483781,0.015342930073481736
GKBug_v0,5,19,1,0,0,63.725,44.75,0.08120045064307414,0.012138532005593332
GKBug_v0,5,20,0,1,0,89.70833333333333,9.0,0.05570823993719288,0.0016638628707167664
GKBug_v0,5,21,0,1,0,99.24166666666666,6.5,0.0,0.0001031344734813971
GKBug_v0,5,22,0,1,0,96.41666666666666,4.0,0.06773085092283808,0.0001542865243675238
GKBug_v0,5,23,1,0,0,64.39166666666667,43.5,0.06759160214260844,0.019430747078342858
GKBug_v0,5,24,1,0,0,59.25833333333333,25.75,0.047863163374514475,0.01666635827677308
GKBug_v0,6,0,1,0,0,59.62499999999999,53.0,0.06581607128003285,0.0090285013231835
GKBug_v0,6,1,1,0,0,53.15833333333333,48.25,0.060289261484844314,0.011608919750318582
GKBug_v0,6,2,1,0,0,59.03333333333334,57.5,0.06445918405470265,0.007127925625561402
GKBug_v0,6,3,0,1,0,99.73333333333333,2.0,0.0,6.673471974130886e-05
GKBug_v0,6,4,1,0,0,27.316666666666666,4.75,0.03704996356948004,0.0004939291061665924
GKBug_v0,6,5,1,0,0,60.40833333333333,46.0,0.06238475841442979,0.013733696950429367
GKBug_v0,6,6,1,0,0,49.916666666666664,3.0,0.04807815354539594,0.00041803945719143677
GKBug_v0,6,7,1,0,0,57.49999999999999,60.75,0.06835160464166329,0.013489311694846509
GKBug_v0,6,8,0,1,0,51.349999999999994,1.5,0.055973972976136314,0.000453183736357452
GKBug_v0,6,9,1,0,0,54.75,56.75,0.0639559438295148,0.017777189839320043
GKBug_v0,6,10,1,0,0,61.55833333333334,70.75,0.06281696872867165,0.00837542828085336
GKBug_v0,6,11,1,0,0,63.15833333333334,49.5,0.0741751253101886,0.009920769847701065
GKBug_v0,6,12,1,0,0,57.62500000000001,57.25,0.06528558686095193,0.013483082724452833
GKBug_v0,6,13,1,0,0,60.4,48.75,0.07336449882613903,0.014359076450680644
GKBug_v0,6,14,1,0,0,55.233333333333334,41.75,0.050613749761239314,0.011753913444670938
GKBug_v0,6,15,1,0,0,58.891666666666666,53.25,0.06217776943627834,0.013826711796392922
GKBug_v0,6,16,1,0,0,56.625,20.25,0.047583167928869186,0.007293077769302047
GKBug_v0,6,17,1,0,0,57.86666666666667,47.25,0.0741331120917727,0.02029143317803661
GKBug_v0,6,18,1,0,0,59.008333333333326,50.75,0.06606233227056262,0.006605450780989364
GKBug_v0,6,19,1,0,0,57.375,55.25,0.0695431280207149,0.010270640614109303
GKBug_v0,6,20,1,0,0,95.89999999999999,5.0,0.07201672106419266,0.00016059685875094058
GKBug_v0,6,21,1,0,0,60.69166666666666,53.0,0.07782003191867637,0.008433555084685905
GKBug_v0,6,22,1,0,0,96.675,3.5,0.07180209127977023,0.0009162431512018294
GKBug_v0,6,23,1,0,0,56.80833333333334,44.5,0.05048510816773744,0.01520173806120248
GKBug_v0,6,24,1,0,0,40.050000000000004,10.0,0.06079529924412075,0.0014760767700593754
GKBug_v0,7,0,0,1,0,49.35,5.75,0.03680837666370862,0.0009050518255563145
GKBug_v0,7,1,1,0,0,64.81666666666666,49.25,0.07944012477660817,0.012439236574096462
GKBug_v0,7,2,0,1,0,56.733333333333334,40.5,0.06137869028784225,0.009868580554615692
GKBug_v0,7,3,0,0,1,71.41666666666666,39.0,0.06089762581750132,0.014641978256780526
GKBug_v0,7,4,1,0,0,62.09166666666667,41.0,0.054930360238963874,0.01337744124830726
GKBug_v0,7,5,0,1,0,99.35833333333333,3.5,0.0,4.736450540842263e-05
GKBug_v0,7,6,1,0,0,61.94166666666666,54.25,0.07953797491346008,0.021391256145150875
GKBug_v0,7,7,1,0,0,63.96666666666667,54.0,0.05521927677701247,0.014127426676497168
GKBug_v0,7,8,0,0,1,70.85000000000001,41.75,0.08202701707365234,0.021572039825917426
GKBug_v0,7,9,0,1,0,96.09166666666667,7.5,0.07001960801107451,0.0014342698476735613
GKBug_v0,7,10,1,0,0,59.61666666666666,30.75,0.07075654805349334,0.019009260127798452
GKBug_v0,7,11,1,0,0,64.05833333333332,50.5,0.061865167025641765,0.01702795610367094
GKBug_v0,7,12,0,1,0,50.88333333333333,4.75,0.05151596992282769,0.002270778911516857
GKBug_v0,7,13,0,1,0,55.383333333333326,20.25,0.06235173222047184,0.020924198721800014
GKBug_v0,7,14,0,1,0,49.78333333333333,1.0,0.04407307711028437,0.0002150018628461891
GKBug_v0,7,15,1,0,0,64.65833333333333,44.75,0.07384159471095791,0.028154234902129205
GKBug_v0,7,16,1,0,0,64.06666666666668,42.25,0.08649988063178095,0.022922540732059387
GKBug_v0,7,17,1,0,0,67.21666666666667,51.5,0.06149220267200208,0.011831132010264214
GKBug_v0,7,18,1,0,0,60.6,34.25,0.0809705544170833,0.020032485226669425
GKBug_v0,7,19,0,1,0,79.0,12.5,0.08556311294568557,0.007148862589654055
GKBug_v0,7,20,0,1,0,25.816666666666666,3.0,0.05065138401217385,0.00024839455948289337
GKBug_v0,7,21,0,1,0,99.60833333333333,4.5,0.0,3.632832697103146e-05
GKBug_v0,7,22,1,0,0,56.725,14.0,0.09371876697607155,0.013111289304093127
GKBug_v0,7,23,0,1,0,98.91666666666666,3.5,0.0,2.274250138497443e-05
GKBug_v0,7,24,0,1,0,60.93333333333333,24.0,0.062107669789665386,0.013843371528504771
GKBug_v0,8,0,1,0,0,62.19166666666667,45.0,0.04949240668981573,0.015075334716803005
GKBug_v0,8,1,0,1,0,72.55833333333334,5.25,0.09331638460438851,0.00034366835198303787
GKBug_v0,8,2,1,0,0,55.90833333333334,34.25,0.05288173491366123,0.008810771411509708
GKBug_v0,8,3,1,0,0,58.34166666666667,63.5,0.0678530273794672,0.009324268405703912
GKBug_v0,8,4,1,0,0,55.44166666666667,52.5,0.06762966335228654,0.01046146600963168
GKBug_v0,8,5,0,1,0,50.641666666666666,3.5,0.0,9.938305036230083e-05
GKBug_v0,8,6,1,0,0,71.26666666666667,36.25,0.07705956144521248,0.009116491240885517
GKBug_v0,8,7,1,0,0,59.4,60.5,0.06786258093113917,0.014863308148900571
GKBug_v0,8,8,1,0,0,55.65,51.5,0.06268018361108128,0.017846210203266374
GKBug_v0,8,9,1,0,0,57.233333333333334,46.5,0.08803070624272413,0.020398733520047514
GKBug_v0,8,10,1,0,0,59.175,52.25,0.05253613383829479,0.011668673475781651
GKBug_v0,8,11,1,0,0,70.88333333333333,53.0,0.05189260924553015,0.012108090723411544
GKBug_v0,8,12,1,0,0,57.81666666666667,54.0,0.06215546302402773,0.010461945307621718
GKBug_v0,8,13,1,0,0,60.38333333333333,56.5,0.06046823873998705,0.014856229866037489
GKBug_v0,8,14,1,0,0,38.416666666666664,4.75,0.04628067491212741,0.0013575644415682547
GKBug_v0,8,15,0,1,0,71.625,6.75,0.04603210790682775,0.0005285504724223257
GKBug_v0,8,16,1,0,0,60.61666666666666,45.0,0.06564244485052137,0.014519468849467447
GKBug_v0,8,17,1,0,0,60.59166666666667,51.5,0.052272746977714085,0.015238819719999375
GKBug_v0,8,18,1,0,0,53.5,20.25,0.050281030706333295,0.004644390538976842
GKBug_v0,8,19,0,1,0,99.52499999999999,2.5,0.0,0.0001098451716353467
GKBug_v0,8,20,1,0,0,38.83333333333333,31.5,0.05370108099144542,0.010914943196323513
GKBug_v0,8,21,1,0,0,62.74166666666666,64.75,0.07454624885031386,0.016570603658561393
GKBug_v0,8,22,1,0,0,53.825,58.25,0.06967578970169032,0.009229239054583237
GKBug_v0,8,23,1,0,0,56.833333333333336,37.25,0.0597158301470829,0.008454637657651937
GKBug_v0,8,24,0,1,0,49.59166666666667,3.25,0.031781669033170874,0.0004091087552221276
GKBug_v0,9,0,1,0,0,50.55833333333334,5.75,0.03401524050746141,0.0006713517821617081
GKBug_v0,9,1,1,0,0,46.358333333333334,21.25,0.0571519922006925,0.009635501538316556
GKBug_v0,9,2,0,1,0,74.80833333333334,4.5,0.042813475732164596,0.0007619266260494512
GKBug_v0,9,3,0,1,0,70.75833333333334,37.0,0.07770480198326213,0.019365013401541335
GKBug_v0,9,4,1,0,0,57.8,44.75,0.07842543869725155,0.014313113155009646
GKBug_v0,9,5,1,0,0,59.56666666666667,48.75,0.07648065069057117,0.017089904708569293
GKBug_v0,9,6,1,0,0,64.89166666666667,43.75,0.06809399255835,0.011377129636820532
GKBug_v0,9,7,1,0,0,64.60833333333333,38.5,0.06201360639162849,0.01054778091328525
GKBug_v0,9,8,0,1,0,98.04166666666667,3.0,0.08023789034921074,0.0010226758772186682
GKBug_v0,9,9,0,1,0,99.21666666666667,4.0,0.0,7.966933068288509e-05
GKBug_v0,9,10,1,0,0,64.98333333333333,46.75,0.0625756112438682,0.011822392245177785
GKBug_v0,9,11,1,0,0,61.25000000000001,45.5,0.06551100528639224,0.01376693823477659
GKBug_v0,9,12,0,1,0,49.68333333333334,1.0,0.0534271362462498,0.0006912538345434957
GKBug_v0,9,13,0,1,0,68.16666666666666,45.5,0.06916229104801044,0.012957473537293828
GKBug_v0,9,14,0,1,0,56.69166666666666,33.25,0.07168238418421662,0.020167666600194645
GKBug_v0,9,15,1,0,0,65.675,44.75,0.06653188650579737,0.0122508601121066
GKBug_v0,9,16,0,1,0,55.78333333333333,31.5,0.05619927652515082,0.014694531669935344
GKBug_v0,9,17,1,0,0,62.00833333333333,47.75,0.07137081990198131,0.020118329249763353
GKBug_v0,9,18,1,0,0,57.9,28.75,0.062340287428092535,0.008989705827103851
GKBug_v0,9,19,1,0,0,67.50833333333334,48.5,0.08477887096518019,0.014267285939275289
GKBug_v0,9,20,1,0,0,63.14999999999999,43.0,0.09524458943270644,0.031874995311599166
GKBug_v0,9,21,0,1,0,57.03333333333334,15.0,0.07854874859284348,0.003434665920484219
GKBug_v0,9,22,0,1,0,52.71666666666667,33.25,0.06420020638595986,0.019527673536616105
GKBug_v0,9,23,1,0,0,72.53333333333333,40.75,0.07278620808811744,0.020693561411496017
GKBug_v0,9,24,0,1,0,50.375,4.25,0.05440829284504416,0.0006715408478859038
GKBug_v0,10,0,0,1,0,82.79166666666666,8.0,0.0723131036885648,0.00801995473862216
GKBug_v0,10,1,0,1,0,70.05,12.0,0.06748135608089872,0.003616763957854258
GKBug_v0,10,2,1,0,0,28.708333333333336,5.0,0.03873601994768882,0.0004578769633608915
GKBug_v0,10,3,0,1,0,99.675,3.0,0.0,1.5745275544281208e-05
GKBug_v0,10,4,0,1,0,59.73333333333334,41.75,0.08740598618656575,0.015396982761248793
GKBug_v0,10,5,1,0,0,61.175000000000004,55.25,0.06562231179993587,0.01194978987627488
GKBug_v0,10,6,1,0,0,68.05,44.25,0.07337350228998137,0.021218238751320923
GKBug_v0,10,7,1,0,0,65.45,42.5,0.055360544587371614,0.019797294720045707
GKBug_v0,10,8,1,0,0,47.88333333333333,26.75,0.0545182996285137,0.014375711574848602
GKBug_v0,10,9,1,0,0,65.625,44.75,0.07326251398112547,0.016574432098654217
GKBug_v0,10,10,0,1,0,62.63333333333333,24.75,0.06790012368368743,0.017134971098152568
GKBug_v0,10,11,0,1,0,68.54166666666667,45.0,0.08676518610706381,0.01842882876472127
GKBug_v0,10,12,0,1,0,50.00833333333333,1.25,0.057269048396033057,0.0001780588065268891
GKBug_v0,10,13,1,0,0,64.95,48.5,0.07208760909663803,0.012342199611275887
GKBug_v0,10,14,1,0,0,49.68333333333334,10.75,0.10249097727750173,0.005573094707863193
GKBug_v0,10,15,0,0,1,65.74166666666666,41.5,0.06928130045689851,0.017908431875303776
GKBug_v0,10,16,1,0,0,59.550000000000004,18.0,0.05704889151716289,0.012474354524420594
GKBug_v0,10,17,0,1,0,89.425,3.0,0.0,9.219487324736554e-05
GKBug_v0,10,18,1,0,0,70.625,21.75,0.06896667587881246,0.0026869810393796117
GKBug_v0,10,19,0,1,0,70.99166666666666,47.25,0.07085005025415063,0.02195491467517233
GKBug_v0,10,20,1,0,0,67.73333333333333,45.5,0.07298080352376639,0.01181569460091426
GKBug_v0,10,21,1,0,0,66.24166666666666,47.75,0.05810219326968461,0.011309659529582633
GKBug_v0,10,22,1,0,0,51.66666666666667,43.75,0.05962820523879771,0.01107025432088721
GKBug_v0,10,23,0,1,0,61.28333333333333,13.25,0.06996183938953529,0.007977612836547833
GKBug_v0,10,24,1,0,0,59.90833333333333,36.75,0.07905136334265492,0.011415706368398905
GKBug_v0,11,0,1,0,0,68.375,36.75,0.07743217585040689,0.010804149111691483
GKBug_v0,11,1,1,0,0,69.63333333333334,29.0,0.05918673292333764,0.006243061736651378
GKBug_v0,11,2,1,0,0,69.29166666666666,43.25,0.07745233261469424,0.023087614434211905
GKBug_v0,11,3,0,1,0,98.96666666666667,5.0,0.0,2.0246884848768078e-05
GKBug_v0,11,4,1,0,0,57.85,53.0,0.0781909728437868,0.02446592270833395
GKBug_v0,11,5,1,0,0,60.583333333333336,38.0,0.06266037232128255,0.01889166992110084
GKBug_v0,11,6,0,1,0,49.225,7.25,0.05399388800522982,0.005689125920660794
GKBug_v0,11,7,0,1,0,74.55833333333334,2.75,0.05637327852987357,0.00016009004136406988
GKBug_v0,11,8,0,1,0,59.575,21.25,0.057208844451319865,0.005670044213003747
GKBug_v0,11,9,1,0,0,69.77499999999999,51.25,0.08333013307013264,0.020432074943524465
GKBug_v0,11,10,0,1,0,27.516666666666666,5.5,0.038138059184405534,0.0016202723098121968
GKBug_v0,11,11,1,0,0,62.16666666666667,54.75,0.07455237403244216,0.012051709724397546
GKBug_v0,11,12,1,0,0,65.25,48.75,0.08395348621897927,0.023970757952311936
GKBug_v0,11,13,1,0,0,64.375,47.5,0.09769094360650783,0.022461491437980804
GKBug_v0,11,14,0,1,0,50.7,18.0,0.07135623233438823,0.005573535569943829
GKBug_v0,11,15,0,1,0,99.5,5.0,0.0,0.00011159470023607728
GKBug_v0,11,16,0,1,0,97.52499999999999,3.5,0.06468864210965374,0.0011686501608869039
GKBug_v0,11,17,1,0,0,91.51666666666667,10.5,0.056431004877283836,0.002330836172930697
GKBug_v0,11,18,1,0,0,72.25833333333334,45.5,0.07763689030848131,0.009974366859676908
GKBug_v0,11,19,1,0,0,68.65833333333333,53.0,0.07432143903989843,0.012285379901433826
GKBug_v0,11,20,0,1,0,70.19166666666666,39.5,0.0980607898447518,0.017689379257488123
GKBug_v0,11,21,0,1,0,69.71666666666667,44.5,0.0938797531137103,0.014378426929668762
GKBug_v0,11,22,1,0,0,66.5,51.0,0.0741885747611406,0.01176259757056626
GKBug_v0,11,23,1,0,0,69.55833333333334,45.75,0.07604380475614383,0.01776681914968755
GKBug_v0,11,24,1,0,0,45.416666666666664,25.25,0.06193073948458135,0.011243431300057755
GKBug_v0,12,0,1,0,0,60.375,13.75,0.05060977118478149,0.006074367694797791
GKBug_v0,12,1,1,0,0,59.38333333333333,42.75,0.061493814047057054,0.012762616809945183
GKBug_v0,12,2,0,1,0,49.6,4.0,0.040611737558465096,0.0006322880901043909
GKBug_v0,12,3,1,0,0,60.64166666666667,31.25,0.09461335428402408,0.017520884807654825
GKBug_v0,12,4,0,1,0,97.25833333333334,3.5,0.0736312351678496,0.0014904159109081865
GKBug_v0,12,5,0,1,0,61.516666666666666,31.0,0.07392816161229063,0.025676161711938993
GKBug_v0,12,6,1,0,0,66.06666666666666,45.0,0.05727821121222197,0.015916592342958225
GKBug_v0,12,7,0,1,0,57.28333333333333,19.0,0.04630352485347709,0.007968220542389418
GKBug_v0,12,8,0,1,0,40.608333333333334,12.0,0.06509895950335635,0.014693770775157796
GKBug_v0,12,9,0,1,0,99.21666666666667,3.5,0.0,0.00013741072852381932
GKBug_v0,12,10,0,1,0,63.725,36.25,0.07073730083935412,0.013432278229139052
GKBug_v0,12,11,1,0,0,64.53333333333333,57.25,0.06628734768378892,0.01741974344319781
GKBug_v0,12,12,0,1,0,96.26666666666667,2.0,0.06550263514567133,0.001298834907771999
GKBug_v0,12,13,0,1,0,64.36666666666667,37.5,0.06715054783978858,0.011456777525334968
GKBug_v0,12,14,1,0,0,58.225,13.0,0.06252211805528321,0.01142905126740457
GKBug_v0,12,15,1,0,0,66.49166666666667,40.0,0.06133355042287523,0.014772758450011855
GKBug_v0,12,16,0,1,0,59.325,19.25,0.0665296351276182,0.008842964614359357
GKBug_v0,12,17,1,0,0,49.4,37.5,0.08453599071156401,0.014331562139511957
GKBug_v0,12,18,1,0,0,52.916666666666664,26.5,0.048795472810604736,0.011058639778739849
GKBug_v0,12,19,0,0,1,61.050000000000004,17.0,0.05291858519327123,0.00753714199434557
GKBug_v0,12,20,1,0,0,72.44166666666668,36.75,0.06844708535819971,0.014958057055354931
GKBug_v0,12,21,1,0,0,73.86666666666667,46.0,0.07304268885102713,0.018560643482278448
GKBug_v0,12,22,0,1,0,51.35833333333333,22.5,0.04696347790044897,0.006476425914988645
GKBug_v0,12,23,0,1,0,99.45833333333334,4.0,0.0,3.662048974345196e-05
GKBug_v0,12,24,0,1,0,93.83333333333333,6.5,0.06844809010778455,0.005573890179192658
GKBug_v0,13,0,0,1,0,56.225,5.0,0.05128454906502976,0.0014505468211540487
GKBug_v0,13,1,1,0,0,54.84166666666667,41.5,0.074415939026882,0.013502506555790404
GKBug_v0,13,2,1,0,0,58.766666666666666,40.25,0.05578988826926527,0.011804987586232923
GKBug_v0,13,3,1,0,0,55.75,59.25,0.07492923318974218,0.010096575661001223
GKBug_v0,13,4,1,0,0,56.55833333333333,62.25,0.06459410956522482,0.009030779929143036
GKBug_v0,13,5,1,0,0,68.01666666666667,55.75,0.06737636707345045,0.01318404533708357
GKBug_v0,13,6,1,0,0,51.725,27.75,0.054748777821024365,0.012720271322129688
GKBug_v0,13,7,1,0,0,57.825,55.5,0.053886887279560626,0.009679681256600648
GKBug_v0,13,8,1,0,0,56.34166666666667,31.75,0.07279943977443334,0.010789496768086984
GKBug_v0,13,9,1,0,0,55.60000000000001,61.25,0.06790240112595915,0.014009398593473726
GKBug_v0,13,10,0,1,0,49.833333333333336,4.75,0.05070329271600519,0.00101911574287993
GKBug_v0,13,11,1,0,0,57.166666666666664,50.5,0.08842813654028693,0.00991766140639213
GKBug_v0,13,12,1,0,0,48.949999999999996,4.0,0.06320320839730169,0.0005346812785944222
GKBug_v0,13,13,1,0,0,56.09166666666666,45.25,0.06072043071713039,0.029372804887824986
GKBug_v0,13,14,1,0,0,59.19166666666666,30.75,0.057624572732671,0.007932178845789738
GKBug_v0,13,15,1,0,0,61.19166666666666,52.75,0.05661869630025271,0.012488798840557699
GKBug_v0,13,16,1,0,0,27.150000000000002,6.75,0.03807872740589674,0.000298561891292325
GKBug_v0,13,17,0,1,0,98.84166666666667,5.0,0.07068466757720647,0.00015879794222577209
GKBug_v0,13,18,1,0,0,57.09166666666666,38.5,0.039224569898904896,0.007891449688792644
GKBug_v0,13,19,1,0,0,59.65833333333334,52.25,0.07035242101886423,0.012673702311194123
GKBug_v0,13,20,0,1,0,55.50833333333334,3.25,0.05483457929419022,0.0025446216650574435
GKBug_v0,13,21,1,0,0,55.44166666666667,53.0,0.07686895839211141,0.013942097321679621
GKBug_v0,13,22,1,0,0,53.19166666666667,50.25,0.05884800613690648,0.019177995828379275
GKBug_v0,13,23,1,0,0,61.34166666666667,62.0,0.061336661061762665,0.009705649280633498
GKBug_v0,13,24,1,0,0,63.15833333333334,59.5,0.07728525006125037,0.010265679304425322
GKBug_v0,14,0,1,0,0,55.43333333333334,48.75,0.06457543280907306,0.011780366675019312
GKBug_v0,14,1,1,0,0,66.3,62.25,0.07729084381473265,0.007036077474923588
GKBug_v0,14,2,1,0,0,51.625,60.75,0.07950271259188504,0.022473811673830463
GKBug_v0,14,3,1,0,0,53.37499999999999,45.75,0.07762393018205498,0.01108913237314809
GKBug_v0,14,4,1,0,0,53.43333333333333,49.0,0.05655104299792685,0.00885572914109939
GKBug_v0,14,5,1,0,0,62.625,67.25,0.08867811762799938,0.008778289871878094
GKBug_v0,14,6,1,0,0,51.0,40.5,0.0579071541468966,0.011495044864987099
GKBug_v0,14,7,1,0,0,59.22500000000001,67.75,0.07123847337637228,0.009633498205215016
GKBug_v0,14,8,1,0,0,88.88333333333334,7.5,0.05893518638629143,0.001382997184271499
GKBug_v0,14,9,1,0,0,63.18333333333334,58.25,0.06771718099222858,0.011160437969788592
GKBug_v0,14,10,1,0,0,49.90833333333333,50.5,0.07119338807679776,0.022781449680815864
GKBug_v0,14,11,1,0,0,63.68333333333334,46.5,0.06890436833996931,0.01129991735086993
GKBug_v0,14,12,1,0,0,60.50833333333333,45.5,0.054704349354167375,0.012845851733791734
GKBug_v0,14,13,1,0,0,52.80833333333334,57.0,0.06596194909803106,0.010827371194865706
GKBug_v0,14,14,1,0,0,53.88333333333334,15.75,0.05584283768235845,0.005349126781749635
GKBug_v0,14,15,1,0,0,61.93333333333333,56.75,0.05940944254138753,0.009031399844722968
GKBug_v0,14,16,1,0,0,62.11666666666667,39.25,0.06313248172139746,0.012980439661099437
GKBug_v0,14,17,1,0,0,52.06666666666667,47.75,0.06177887537338134,0.014980530636871646
GKBug_v0,14,18,1,0,0,60.73333333333333,46.75,0.05998845023268648,0.011824397937442315
GKBug_v0,14,19,1,0,0,32.958333333333336,10.25,0.05400639884156366,0.004023714655435535
GKBug_v0,14,20,1,0,0,58.63333333333334,53.0,0.06110749398634359,0.010043284240867577
GKBug_v0,14,21,1,0,0,96.75833333333334,8.0,0.05689999926447539,0.0013224444316209797
GKBug_v0,14,22,0,1,0,49.86666666666667,4.25,0.0550142088601659,0.0002582910325426944
GKBug_v0,14,23,1,0,0,59.49166666666667,46.25,0.057704997490473364,0.01344513136102745
GKBug_v0,14,24,1,0,0,52.50833333333333,43.0,0.07903982448351517,0.007888642235066589
GKBug_v0,15,0,1,0,0,65.30833333333334,51.25,0.07164400912260695,0.021200354510825345
GKBug_v0,15,1,0,1,0,99.50833333333333,3.0,0.0,6.072684309966781e-05
GKBug_v0,15,2,1,0,0,57.733333333333334,37.0,0.0744209439578243,0.011775835523374249
GKBug_v0,15,3,1,0,0,57.62500000000001,52.5,0.08115949440906998,0.023420398085430606
GKBug_v0,15,4,1,0,0,59.78333333333333,46.25,0.09975421632536367,0.02077105305885425
GKBug_v0,15,5,0,1,0,68.95,35.5,0.08178518113078727,0.018699916081595287
GKBug_v0,15,6,1,0,0,57.574999999999996,55.0,0.08781565493055973,0.013254953951296989
GKBug_v0,15,7,1,0,0,60.475,44.25,0.08175081371777321,0.011432784113844368
GKBug_v0,15,8,0,1,0,47.15833333333334,11.0,0.05586464990535664,0.008309950084531647
GKBug_v0,15,9,0,1,0,57.775,22.5,0.0639205029385779,0.018309660948644158
GKBug_v0,15,10,1,0,0,64.21666666666667,36.75,0.0765822589463453,0.015831232268100945
GKBug_v0,15,11,0,1,0,67.69166666666668,46.25,0.09519949633621783,0.01726761967217752
GKBug_v0,15,12,0,1,0,53.266666666666666,4.25,0.0544820118351337,0.0017368293017818663
GKBug_v0,15,13,0,1,0,99.125,5.5,0.0,0.0004954121039911486
GKBug_v0,15,14,0,1,0,32.81666666666666,26.5,0.060756641723365985,0.012529117911986517
GKBug_v0,15,15,0,1,0,99.675,3.0,0.0,5.6098515047497385e-05
GKBug_v0,15,16,1,0,0,48.05,21.25,0.06074273822933276,0.014330452016910217
GKBug_v0,15,17,0,1,0,99.50833333333333,3.0,0.0,9.490583814741214e-05
GKBug_v0,15,18,0,0,1,58.458333333333336,38.75,0.0805938361955266,0.018992900824403892
GKBug_v0,15,19,0,1,0,39.21666666666667,32.0,0.06530622068614202,0.018063467514735067
GKBug_v0,15,20,0,1,0,68.35833333333333,43.25,0.07206160765326626,0.017052450725877768
GKBug_v0,15,21,0,1,0,64.40833333333333,32.25,0.06377883224830952,0.018011350825273994
GKBug_v0,15,22,1,0,0,47.25,27.75,0.05503616263061783,0.0110920929933829
GKBug_v0,15,23,0,1,0,63.99166666666667,40.25,0.08007770570634012,0.015298662474102987
GKBug_v0,15,24,0,1,0,98.19166666666666,4.0,0.08445830080958833,8.654032834147218e-05
GKBug_v0,16,0,1,0,0,55.074999999999996,54.5,0.06739798686119092,0.010994565416360277
GKBug_v0,16,1,1,0,0,62.983333333333334,49.0,0.0603870399382729,0.011169972440574537
GKBug_v0,16,2,1,0,0,58.93333333333334,50.25,0.07152171299617412,0.010381678207853604
GKBug_v0,16,3,1,0,0,51.24999999999999,44.75,0.056820459523276814,0.019003467184098462
GKBug_v0,16,4,0,1,0,55.45,18.75,0.05600531534025126,0.012269472719145535
GKBug_v0,16,5,1,0,0,74.825,27.75,0.05789481926899515,0.008494836558752787
GKBug_v0,16,6,1,0,0,59.54166666666667,53.75,0.05807757358947453,0.008524529017936162
GKBug_v0,16,7,1,0,0,57.116666666666674,48.75,0.07213591926017657,0.015305338448114335
GKBug_v0,16,8,0,1,0,49.858333333333334,3.0,0.042006511076251515,0.00021136038902329465
GKBug_v0,16,9,0,1,0,86.51666666666667,2.75,0.0,0.00023625856107123118
GKBug_v0,16,10,1,0,0,71.46666666666667,29.75,0.06684020448387797,0.016228986010830292
GKBug_v0,16,11,1,0,0,59.25833333333333,49.5,0.06555252814946974,0.015376639506642762
GKBug_v0,16,12,1,0,0,59.85,52.25,0.07204340179932009,0.012721861463015975
GKBug_v0,16,13,1,0,0,70.175,43.5,0.08073323053928809,0.007874499786446842
GKBug_v0,16,14,1,0,0,57.84166666666667,44.25,0.06631088371950136,0.01573144759022554
GKBug_v0,16,15,1,0,0,58.4,51.0,0.07662985331958946,0.012004047793994244
GKBug_v0,16,16,1,0,0,64.68333333333334,28.25,0.045831833760654216,0.009020905290088687
GKBug_v0,16,17,1,0,0,61.5,47.75,0.061210642830745864,0.009793194749646982
GKBug_v0,16,18,1,0,0,84.675,17.0,0.05700874181278134,0.003476412933856316
GKBug_v0,16,19,1,0,0,64.325,44.75,0.07131740934299587,0.014778854086376962
GKBug_v0,16,20,1,0,0,57.199999999999996,56.25,0.07581146082885493,0.012143400730997941
GKBug_v0,16,21,1,0,0,55.25833333333333,57.75,0.07995533137721425,0.01818862451270129
GKBug_v0,16,22,1,0,0,48.19166666666666,35.75,0.06269229662136377,0.007888418138336939
GKBug_v0,16,23,0,1,0,51.74999999999999,17.25,0.06517163594906353,0.005265903043061347
GKBug_v0,16,24,1,0,0,96.825,3.5,0.07831628978887183,0.00020391609541197116
GKBug_v0,17,0,0,1,0,97.40833333333333,2.0,0.07588238468602654,0.0013095314569484897
GKBug_v0,17,1,0,1,0,55.95,17.0,0.04241119138632646,0.004962031392750447
GKBug_v0,17,2,0,1,0,97.70833333333333,3.5,0.07886361048776054,0.0010740836891143402
GKBug_v0,17,3,0,1,0,91.375,8.5,0.11795008746875542,0.001980510262720085
GKBug_v0,17,4,1,0,0,57.599999999999994,24.0,0.06208831310811707,0.011370968948425566
GKBug_v0,17,5,0,1,0,99.18333333333334,4.0,0.0,4.975889856500042e-05
GKBug_v0,17,6,0,1,0,48.925000000000004,13.0,0.05587019051925015,0.013624661975260653
GKBug_v0,17,7,0,1,0,95.575,9.5,0.08996637916513614,0.0012400180582701282
GKBug_v0,17,8,0,1,0,69.41666666666667,21.0,0.06240861424354762,0.006877871816859836
GKBug_v0,17,9,0,0,1,57.80833333333333,9.0,0.05819109361494492,0.0047401743321029
GKBug_v0,17,10,0,1,0,97.70833333333333,3.5,0.083187392746971,0.0005550760399184438
GKBug_v0,17,11,0,1,0,50.03333333333333,3.5,0.0,2.510172376486661e-05
GKBug_v0,17,12,0,0,1,55.63333333333333,31.0,0.04611990106808645,0.010789412206553297
GKBug_v0,17,13,0,0,1,56.525000000000006,10.0,0.04911704338154321,0.006643930722629888
GKBug_v0,17,14,0,1,0,50.1,2.5,0.035701170191930386,0.00015883914425483667
GKBug_v0,17,15,0,1,0,70.49166666666666,39.25,0.08340722393818077,0.01694049835061739
GKBug_v0,17,16,0,1,0,65.16666666666666,8.25,0.05872877947317158,0.004502981837599035
GKBug_v0,17,17,0,1,0,99.41666666666666,4.0,0.0,4.4134230417014585e-05
GKBug_v0,17,18,0,1,0,93.5,2.5,0.06073584062831335,0.0011317479193229227
GKBug_v0,17,19,1,0,0,75.25,47.0,0.07892878986147478,0.015500005860147385
GKBug_v0,17,20,0,1,0,68.13333333333334,47.5,0.07830522183646493,0.017874016141284386
GKBug_v0,17,21,0,1,0,68.95833333333333,31.0,0.06315155588703748,0.011634696050770619
GKBug_v0,17,22,0,1,0,72.39999999999999,2.75,0.06940621266874764,0.000435401035720097
GKBug_v0,17,23,1,0,0,70.0,47.75,0.09116736176715656,0.017294857958247346
GKBug_v0,17,24,1,0,0,58.925000000000004,32.75,0.0692802871626099,0.008825540272671201
GKBug_v0,18,0,1,0,0,62.2,42.75,0.06814750269577036,0.014544242215811706
GKBug_v0,18,1,1,0,0,57.93333333333334,51.25,0.07160916908953811,0.009835073837417871
GKBug_v0,18,2,1,0,0,64.7,65.25,0.06903219885803763,0.006904591174146843
GKBug_v0,18,3,1,0,0,54.525,53.25,0.0635741371526333,0.018189996913297687
GKBug_v0,18,4,1,0,0,50.541666666666664,52.5,0.057429601236088916,0.021415262694584825
GKBug_v0,18,5,0,0,1,52.11666666666667,10.0,0.04283582381820772,0.004427903841252403
GKBug_v0,18,6,1,0,0,51.9,6.0,0.040539686598047124,0.0008151660616802533
GKBug_v0,18,7,1,0,0,64.14166666666667,60.0,0.0838945050715365,0.011815865554266877
GKBug_v0,18,8,1,0,0,61.38333333333333,29.75,0.0428092318776683,0.004571157048533445
GKBug_v0,18,9,1,0,0,60.391666666666666,55.0,0.07186245522708569,0.008251884461650682
GKBug_v0,18,10,1,0,0,51.78333333333334,33.5,0.0572780220411214,0.010154191943895836
GKBug_v0,18,11,1,0,0,59.22500000000001,29.75,0.0748249341434521,0.011541187085117678
GKBug_v0,18,12,1,0,0,51.61666666666667,9.25,0.05906590586860837,0.004003899269642228
GKBug_v0,18,13,1,0,0,67.00833333333334,52.5,0.07738058079755554,0.01658306392367108
GKBug_v0,18,14,0,1,0,49.875,2.5,0.047474378632428836,0.0004980967933670497
GKBug_v0,18,15,1,0,0,63.1,53.75,0.09307765916921919,0.02298719903485732
GKBug_v0,18,16,0,1,0,49.88333333333333,1.0,0.05002696512571786,0.00023675549165797546
GKBug_v0,18,17,1,0,0,63.025,48.5,0.06714840537155659,0.019024799377207535
GKBug_v0,18,18,1,0,0,62.33333333333333,46.75,0.06891409027070068,0.006579098775977631
GKBug_v0,18,19,0,1,0,99.44166666666666,2.5,0.0,4.286739372622082e-05
GKBug_v0,18,20,1,0,0,59.40833333333333,54.25,0.07545003110706416,0.00592976700378197
GKBug_v0,18,21,1,0,0,55.025,45.75,0.04927182395265403,0.016316882395828163
GKBug_v0,18,22,1,0,0,57.59166666666666,49.0,0.07574440231913,0.016594816678064464
GKBug_v0,18,23,1,0,0,60.13333333333334,58.0,0.084015066457781,0.008992203328358461
GKBug_v0,18,24,1,0,0,62.59166666666667,55.5,0.06453017964871884,0.011926712153054951
GKBug_v0,19,0,1,0,0,88.34166666666667,12.0,0.06493340798426755,0.008188056025714164
GKBug_v0,19,1,1,0,0,54.29166666666667,56.25,0.05304935107363632,0.009898883681021379
GKBug_v0,19,2,1,0,0,60.36666666666667,31.25,0.046409019690944596,0.007940437842755324
GKBug_v0,19,3,1,0,0,58.63333333333334,37.0,0.06632906266012399,0.013273007680998967
GKBug_v0,19,4,1,0,0,66.54166666666667,12.25,0.061130066464299464,0.002028014622241926
GKBug_v0,19,5,1,0,0,76.05833333333332,31.75,0.048967844356744686,0.015757468269449668
GKBug_v0,19,6,1,0,0,59.416666666666664,53.5,0.06221612521443243,0.01151625887834674
GKBug_v0,19,7,1,0,0,56.34166666666667,30.25,0.07386234693347868,0.011710412699491208
GKBug_v0,19,8,1,0,0,50.641666666666666,45.75,0.06752649969214443,0.01815963464362063
GKBug_v0,19,9,1,0,0,56.733333333333334,51.75,0.05871091558751092,0.01436366395579703
GKBug_v0,19,10,0,1,0,49.68333333333334,1.25,0.05535724669656011,0.0003932021221929466
GKBug_v0,19,11,1,0,0,63.33333333333333,52.0,0.05404297778155802,0.013050901293887359
GKBug_v0,19,12,1,0,0,50.59166666666667,9.5,0.05402186515599951,0.003990146508447636
GKBug_v0,19,13,1,0,0,56.10000000000001,49.0,0.05945364358995031,0.012411362073883802
GKBug_v0,19,14,1,0,0,41.641666666666666,16.75,0.05176170152240822,0.004743036082430242
GKBug_v0,19,15,1,0,0,60.699999999999996,52.5,0.06362139107621104,0.02196288727647685
GKBug_v0,19,16,1,0,0,62.483333333333334,27.75,0.0580748230004811,0.005730321456987163
GKBug_v0,19,17,1,0,0,60.075,53.0,0.051225808490775376,0.009350481898894482
GKBug_v0,19,18,1,0,0,60.34166666666667,57.5,0.06624144926584735,0.015831851016111426
GKBug_v0,19,19,1,0,0,57.43333333333334,49.0,0.06142861508015088,0.015804424148635397
GKBug_v0,19,20,1,0,0,50.11666666666667,18.5,0.050409306199041624,0.0047063365268190886
GKBug_v0,19,21,0,1,0,99.20833333333333,2.5,0.0,9.666705068333562e-05
GKBug_v0,19,22,1,0,0,62.49166666666667,56.25,0.060387465168854806,0.0109925125557235
GKBug_v0,19,23,1,0,0,58.65833333333333,63.5,0.08325339872897468,0.012577324470170709
GKBug_v0,19,24,1,0,0,48.21666666666667,19.25,0.048918049388582185,0.002234784086187616
GKBug_v2,0,0,1,0,0,44.95,25.5,0.052846104837083754,0.01232519668043745
GKBug_v2,0,1,0,1,0,99.53333333333333,2.0,0.0,0.00036094000196963515
GKBug_v2,0,2,0,1,0,96.76666666666667,3.5,0.06447252680672376,0.0005175502425238623
GKBug_v2,0,3,0,1,0,39.900000000000006,8.5,0.04858454035294305,0.004226106711369399
GKBug_v2,0,4,1,0,0,46.916666666666664,20.25,0.07843051861678797,0.018692861801150328
GKBug_v2,0,5,0,0,1,47.55833333333334,17.25,0.05433512767469487,0.0065317585280638595
GKBug_v2,0,6,1,0,0,59.075,39.0,0.07032722020674145,0.023332584385561565
GKBug_v2,0,7,0,1,0,29.458333333333332,3.25,0.12347549330342629,0.0013095964066566217
GKBug_v2,0,8,0,1,0,50.79166666666667,35.0,0.05751390878793515,0.01684034079879318
GKBug_v2,0,9,0,1,0,58.59166666666666,24.75,0.02555592497188206,0.019271369364652357
GKBug_v2,0,10,1,0,0,66.83333333333333,36.75,0.08315596869707206,0.016886588590168304
GKBug_v2,0,11,0,0,1,73.425,38.5,0.08280197265125513,0.01603170037008898
GKBug_v2,0,12,1,0,0,49.875,30.75,0.09061332028183966,0.02155732178511101
GKBug_v2,0,13,0,0,1,61.9,27.75,0.07318498020868831,0.015552091362347774
GKBug_v2,0,14,0,1,0,42.266666666666666,12.75,0.07534026835674437,0.005806136430743385
GKBug_v2,0,15,0,0,1,47.16666666666667,20.75,0.05462694162286836,0.009940092223675692
GKBug_v2,0,16,0,1,0,29.483333333333334,5.25,0.09576232743906231,0.00710952429807327
GKBug_v2,0,17,0,1,0,46.6,28.5,0.04903968817309015,0.012914420721254368
GKBug_v2,0,18,0,1,0,25.525,2.25,0.045859966410698345,0.0004658224729328451
GKBug_v2,0,19,0,1,0,61.43333333333333,39.5,0.07042644167439226,0.017616821533748665
GKBug_v2,0,20,0,1,0,45.233333333333334,29.5,0.06920470333206843,0.013627636237422512
GKBug_v2,0,21,0,1,0,50.29166666666667,3.0,0.0,0.00020835637177067973
GKBug_v2,0,22,0,1,0,97.83333333333334,3.5,0.07559499810341425,0.0003011807157255915
GKBug_v2,0,23,1,0,0,54.275,45.5,0.06740444059574512,0.011812833313917262
GKBug_v2,0,24,0,1,0,35.31666666666667,10.0,0.03316588057296622,0.0053689337541232155
GKBug_v2,1,0,1,0,0,60.81666666666666,49.0,0.05606599239804561,0.011099007758095442
GKBug_v2,1,1,1,0,0,69.3,30.25,0.06157598980789831,0.006448101874779061
GKBug_v2,1,2,1,0,0,46.1,29.5,0.06215556265268774,0.01024939397284632
GKBug_v2,1,3,0,1,0,74.85833333333333,26.25,0.06929642059099515,0.005155153691803182
GKBug_v2,1,4,0,1,0,43.108333333333334,14.0,0.0729078983654589,0.005960939630512642
GKBug_v2,1,5,1,0,0,51.025,42.5,0.0670116289590266,0.007496611266599714
GKBug_v2,1,6,1,0,0,55.00000000000001,52.0,0.08293821364471331,0.01603901910582639
GKBug_v2,1,7,0,1,0,29.049999999999997,1.75,0.03671564540919866,0.0010903032083749993
GKBug_v2,1,8,1,0,0,29.56666666666667,7.25,0.10172181924198265,0.004768436296419324
GKBug_v2,1,9,1,0,0,52.55833333333333,47.75,0.0679968588696208,0.008367286369073036
GKBug_v2,1,10,1,0,0,45.33333333333333,36.25,0.04119609182261993,0.010180862262134865
GKBug_v2,1,11,0,1,0,70.55,8.25,0.05861280899042046,0.0022065138760737684
GKBug_v2,1,12,1,0,0,55.266666666666666,63.5,0.06900788717760319,0.01754670143442698
GKBug_v2,1,13,1,0,0,60.36666666666667,33.0,0.13016447242568996,0.012421919611483364
GKBug_v2,1,14,1,0,0,65.75,55.5,0.06639816380825692,0.009002117338104682
GKBug_v2,1,15,1,0,0,52.96666666666666,46.5,0.037333543944175825,0.011168036956020937
GKBug_v2,1,16,1,0,0,53.75833333333333,53.0,0.057539581712618616,0.020286337355520684
GKBug_v2,1,17,1,0,0,36.141666666666666,16.0,0.1421735967595469,0.0040949814936435385
GKBug_v2,1,18,1,0,0,62.65833333333334,47.5,0.06714453882401482,0.00859743381149001
GKBug_v2,1,19,0,1,0,44.1,19.25,0.053035328346696546,0.007734522503222187
GKBug_v2,1,20,1,0,0,61.11666666666666,73.5,0.07381016700265919,0.008394227397102915
GKBug_v2,1,21,1,0,0,63.449999999999996,14.75,0.07693656151665104,0.004063415258270005
GKBug_v2,1,22,1,0,0,52.400000000000006,67.25,0.06194038212560308,0.011229757434472824
GKBug_v2,1,23,1,0,0,49.541666666666664,31.75,0.09345122749165966,0.007092541824832528
GKBug_v2,1,24,1,0,0,39.78333333333333,20.25,0.09781499511784007,0.009082876960119932
GKBug_v2,2,0,1,0,0,39.2,44.5,0.061082640084078293,0.0069071228697561455
GKBug_v2,2,1,1,0,0,90.45833333333333,12.5,0.06733487082715243,0.007688532113541378
GKBug_v2,2,2,1,0,0,60.241666666666674,46.0,0.06924746873286407,0.02051615871603587
GKBug_v2,2,3,0,1,0,32.61666666666667,6.25,0.03236670831956708,0.0036645338018199795
GKBug_v2,2,4,1,0,0,59.25,69.75,0.07225327159251335,0.010782667357423887
GKBug_v2,2,5,1,0,0,43.6,42.25,0.0487213762347267,0.011256910053177973
GKBug_v2,2,6,1,0,0,26.558333333333334,3.25,0.03510764565507697,0.000676599503658482
GKBug_v2,2,7,1,0,0,57.891666666666666,38.0,0.07336035009043032,0.014451913263090121
GKBug_v2,2,8,1,0,0,59.291666666666664,55.75,0.06357871449102809,0.008151924784390564
GKBug_v2,2,9,0,1,0,8.291666666666666,13.5,0.03683478631161077,0.009872582258056034
GKBug_v2,2,10,1,0,0,52.44166666666666,37.25,0.05421745410982921,0.007931023328206792
GKBug_v2,2,11,1,0,0,88.68333333333334,13.5,0.057674067377726145,0.0024532460356140586
GKBug_v2,2,12,1,0,0,60.650000000000006,47.5,0.05953766380382155,0.017458161423243995
GKBug_v2,2,13,1,0,0,57.18333333333333,46.0,0.05487386852515432,0.012676269739046156
GKBug_v2,2,14,1,0,0,4.324999999999999,7.0,0.034706124375230345,0.0007178245631614499
GKBug_v2,2,15,1,0,0,40.90833333333334,21.0,0.06352170412496805,0.00823870001545057
GKBug_v2,2,16,1,0,0,95.89999999999999,7.0,0.06962540586799132,0.0008976790798032879
GKBug_v2,2,17,0,1,0,71.45,4.75,0.05630308618869206,0.0007028429926180837
GKBug_v2,2,18,1,0,0,29.425,4.75,0.06916202738844315,0.00282933539829052
GKBug_v2,2,19,0,1,0,39.975,10.25,0.0904157394304195,0.007000458381689308
GKBug_v2,2,20,1,0,0,56.24166666666667,52.25,0.055104155897580956,0.012066193282305527
GKBug_v2,2,21,0,1,0,69.85,11.5,0.06502999893811304,0.00489058935335647
GKBug_v2,2,22,0,1,0,45.30833333333334,7.5,0.03726952070693087,0.001588499189210767
GKBug_v2,2,23,1,0,0,88.175,15.0,0.04339972352985204,0.003968448261022159
GKBug_v2,2,24,1,0,0,56.58333333333333,34.0,0.050863890945637674,0.010277799750374893
GKBug_v2,3,0,1,0,0,72.54166666666667,12.25,0.04920587115893042,0.0030225370286344738
GKBug_v2,3,1,1,0,0,46.08333333333333,12.25,0.0807351315884613,0.0058410367968558495
GKBug_v2,3,2,1,0,0,54.7,24.75,0.055330520768175365,0.008964064154709208
GKBug_v2,3,3,0,1,0,40.21666666666667,20.0,0.04023111817114034,0.005037021283454085
GKBug_v2,3,4,1,0,0,72.975,41.5,0.07716033100393842,0.029691365121011074
GKBug_v2,3,5,1,0,0,49.9,25.25,0.07425613040027532,0.011590952704958248
GKBug_v2,3,6,1,0,0,61.8,50.25,0.08046952323111987,0.023676595906117304
GKBug_v2,3,7,0,1,0,25.966666666666665,5.25,0.09741921229020216,0.0008469733263903166
GKBug_v2,3,8,0,1,0,62.9,35.25,0.06603711834024759,0.028903280865961525
GKBug_v2,3,9,1,0,0,45.666666666666664,34.5,0.08982719626865171,0.02415917016470575
GKBug_v2,3,10,0,1,0,63.925,35.75,0.06208835965274811,0.015384994036064794
GKBug_v2,3,11,0,1,0,54.266666666666666,27.0,0.08708639725678076,0.012136055291694186
GKBug_v2,3,12,0,0,1,65.43333333333334,40.25,0.08390382331444084,0.017489847694569887
GKBug_v2,3,13,0,0,1,48.125,28.75,0.12215430556004679,0.02591317930531236
GKBug_v2,3,14,0,1,0,24.975,0.25,0.04129052860794098,0.0003354899068025465
GKBug_v2,3,15,0,1,0,43.38333333333333,17.75,0.1123539586410215,0.010585160019756023
GKBug_v2,3,16,1,0,0,82.09166666666667,20.0,0.06523179290382106,0.013281006072718005
GKBug_v2,3,17,1,0,0,61.8,46.0,0.08460645844680496,0.025952244816915004
GKBug_v2,3,18,0,1,0,47.84166666666667,25.75,0.06810885733448784,0.008168940092151751
GKBug_v2,3,19,0,1,0,33.766666666666666,11.75,0.10265332285776374,0.005197119391103677
GKBug_v2,3,20,0,0,1,67.80000000000001,36.25,0.07132394550522987,0.008411881348697834
GKBug_v2,3,21,0,0,1,51.06666666666667,24.75,0.06980943848953933,0.02138775562332052
GKBug_v2,3,22,0,1,0,56.99166666666666,16.75,0.06303692447642394,0.008469034205587405
GKBug_v2,3,23,0,0,1,55.641666666666666,24.5,0.05246168346446657,0.007232161110692261
GKBug_v2,3,24,1,0,0,44.06666666666666,28.25,0.10737640781669915,0.010658813913840003
GKBug_v2,4,0,0,1,0,85.25833333333334,13.0,0.053223924676033325,0.0035745532177245292
GKBug_v2,4,1,1,0,0,58.199999999999996,45.25,0.06681407345892314,0.017459230351130332
GKBug_v2,4,2,1,0,0,73.56666666666666,3.5,0.06600858061135641,0.0005656801226409734
GKBug_v2,4,3,1,0,0,50.71666666666667,29.75,0.048304071215081935,0.010951497874087847
GKBug_v2,4,4,1,0,0,61.59166666666667,51.75,0.06347676370802945,0.02435502954022788
GKBug_v2,4,5,0,1,0,21.066666666666666,17.5,0.08216016462777498,0.005945347532324277
GKBug_v2,4,6,1,0,0,33.28333333333333,8.75,0.0593812935470425,0.00472503599358518
GKBug_v2,4,7,1,0,0,68.03333333333333,42.5,0.05629844100378211,0.009364068574579236
GKBug_v2,4,8,1,0,0,59.375,52.25,0.0697630546123976,0.01983775893765007
GKBug_v2,4,9,1,0,0,48.05,25.75,0.07030576099590088,0.01682933554167045
GKBug_v2,4,10,1,0,0,61.53333333333333,59.0,0.07178962701545652,0.012987365284458489
GKBug_v2,4,11,1,0,0,54.883333333333326,68.5,0.07059058119363795,0.01366085255199324
GKBug_v2,4,12,1,0,0,83.56666666666666,16.75,0.06659827639426635,0.005699935315074766
GKBug_v2,4,13,1,0,0,54.34166666666667,42.5,0.06761615565046811,0.009920844951750041
GKBug_v2,4,14,1,0,0,66.0,26.25,0.09081076540905063,0.0063745789050488255
GKBug_v2,4,15,1,0,0,59.833333333333336,54.75,0.06003398147790364,0.009970605357594572
GKBug_v2,4,16,0,1,0,54.275,13.5,0.03661965005442958,0.006435834275692609
GKBug_v2,4,17,1,0,0,44.766666666666666,31.0,0.07834948766359728,0.0072806891794345765
GKBug_v2,4,18,1,0,0,54.541666666666664,49.0,0.06112144730554886,0.017432001109945753
GKBug_v2,4,19,0,1,0,32.675,7.25,0.08064017373276744,0.005309693057349555
GKBug_v2,4,20,0,1,0,95.88333333333333,3.0,0.06817039430002297,0.0006767888585351465
GKBug_v2,4,21,1,0,0,61.525,60.5,0.07969074272580402,0.020358669858763785
GKBug_v2,4,22,1,0,0,67.05,61.25,0.07826091651098321,0.009582225733477797
GKBug_v2,4,23,1,0,0,96.20833333333333,5.0,0.06394905616200508,0.002951083584366093
GKBug_v2,4,24,1,0,0,95.78333333333333,4.0,0.07006581725977509,0.002070367477216393
GKBug_v2,5,0,1,0,0,26.608333333333334,3.25,0.04937128215450022,0.0014805149657882344
GKBug_v2,5,1,1,0,0,39.050000000000004,11.5,0.14287983171688112,0.006477177895352473
GKBug_v2,5,2,1,0,0,59.64166666666667,54.75,0.06770431418354027,0.012033923121246539
GKBug_v2,5,3,0,0,1,13.5,8.0,0.041847626251967356,0.0028172506613919884
GKBug_v2,5,4,1,0,0,61.724999999999994,41.75,0.05900891978251207,0.015119779287759972
GKBug_v2,5,5,0,1,0,1.8833333333333333,2.5,0.0590139991818306,0.0023583726696772846
GKBug_v2,5,6,1,0,0,65.525,49.25,0.060521744546143515,0.011856381401545098
GKBug_v2,5,7,1,0,0,60.241666666666674,48.75,0.0636894413160748,0.007692055107487587
GKBug_v2,5,8,1,0,0,63.79166666666667,61.25,0.058503319654462045,0.008962926490875395
GKBug_v2,5,9,1,0,0,61.23333333333333,47.25,0.06905651548036669,0.01259697640391847
GKBug_v2,5,10,0,1,0,25.34166666666667,0.75,0.0497018722487996,0.00045514663809747506
GKBug_v2,5,11,1,0,0,56.974999999999994,37.0,0.0713768336423613,0.010543967148018652
GKBug_v2,5,12,1,0,0,88.38333333333334,19.0,0.06557774587434038,0.004545137668604024
GKBug_v2,5,13,1,0,0,62.80833333333333,53.25,0.06726924084071623,0.01507933547576138
GKBug_v2,5,14,1,0,0,53.675,63.0,0.0522293773266273,0.00861700385389194
GKBug_v2,5,15,1,0,0,62.375,52.0,0.06252129731463008,0.013403004298328759
GKBug_v2,5,16,0,1,0,73.09166666666667,5.25,0.055912976122699576,0.0019719858537270768
GKBug_v2,5,17,1,0,0,64.1,64.25,0.060345205677116646,0.013699145308865453
GKBug_v2,5,18,1,0,0,35.68333333333334,11.25,0.03748504178369868,0.004416464722944301
GKBug_v2,5,19,1,0,0,24.224999999999998,22.0,0.08396788875161286,0.007785375942060617
GKBug_v2,5,20,1,0,0,74.09166666666667,37.75,0.08230845196643374,0.006871568847956358
GKBug_v2,5,21,1,0,0,54.15,54.5,0.06534387153079445,0.01506359171740648
GKBug_v2,5,22,1,0,0,54.858333333333334,33.5,0.05433248763957186,0.010178993199012767
GKBug_v2,5,23,0,1,0,83.74166666666667,18.5,0.08698797901539625,0.0053885330577086304
GKBug_v2,5,24,1,0,0,58.15833333333333,51.0,0.05934338198746867,0.014083452393939008
GKBug_v2,6,0,1,0,0,41.125,22.25,0.037881876971549946,0.008975225610987042
GKBug_v2,6,1,1,0,0,54.91666666666667,45.5,0.07666488099159945,0.01055056278584458
GKBug_v2,6,2,1,0,0,54.125,34.5,0.06501446391942935,0.013312325413479523
GKBug_v2,6,3,0,1,0,42.475,17.25,0.051448987789249674,0.015071234086220825
GKBug_v2,6,4,1,0,0,64.65833333333333,46.75,0.06226908843842108,0.0118019936061954
GKBug_v2,6,5,1,0,0,30.675,13.5,0.023900722379624376,0.007602965020009128
GKBug_v2,6,6,0,1,0,25.1,1.75,0.03535746343896915,0.0001301594490365975
GKBug_v2,6,7,1,0,0,66.96666666666667,53.75,0.07785416708557011,0.019247256407367592
GKBug_v2,6,8,1,0,0,61.608333333333334,57.25,0.08320825878797619,0.012762128136155916
GKBug_v2,6,9,1,0,0,55.13333333333333,54.75,0.06816764955292215,0.011234735994520375
GKBug_v2,6,10,1,0,0,95.20833333333333,7.0,0.09230606903756078,0.002580439530224446
GKBug_v2,6,11,1,0,0,55.383333333333326,25.0,0.07652827820133834,0.012251914886653496
GKBug_v2,6,12,1,0,0,65.35,53.75,0.06901291328311356,0.010054936291606496
GKBug_v2,6,13,1,0,0,34.36666666666667,14.75,0.09117504990511806,0.002528916719136981
GKBug_v2,6,14,1,0,0,63.516666666666666,60.25,0.06784826014473241,0.017221436176024892
GKBug_v2,6,15,1,0,0,42.05,19.75,0.07939848801552635,0.009083118219398152
GKBug_v2,6,16,1,0,0,54.766666666666666,49.0,0.05495201494075561,0.022116359186404318
GKBug_v2,6,17,1,0,0,42.858333333333334,36.25,0.043639603806731035,0.007182369083114591
GKBug_v2,6,18,0,1,0,43.275000000000006,22.25,0.04474123312758205,0.006390743546167554
GKBug_v2,6,19,0,1,0,99.10833333333333,1.5,0.0,0.00037473600755257095
GKBug_v2,6,20,1,0,0,77.15833333333333,33.5,0.05208615508454807,0.012636330255553847
GKBug_v2,6,21,0,1,0,96.89999999999999,4.0,0.06640130167384098,0.0043202786140682185
GKBug_v2,6,22,1,0,0,62.575,43.75,0.07378969581703458,0.020558312259649637
GKBug_v2,6,23,0,1,0,29.383333333333333,2.75,0.0469454823561003,0.002333139313327175
GKBug_v2,6,24,1,0,0,31.316666666666666,4.25,0.08947478236158857,0.0044053986532478495
GKBug_v2,7,0,0,0,1,67.49166666666667,41.5,0.06827784109825293,0.015991520612152497
GKBug_v2,7,1,0,1,0,72.7,47.25,0.07816893670634417,0.017546783157990117
GKBug_v2,7,2,1,0,0,50.525,22.75,0.06522700795354737,0.012889754543740133
GKBug_v2,7,3,0,1,0,56.891666666666666,43.75,0.09754287048745384,0.01564926268703452
GKBug_v2,7,4,0,1,0,34.775,8.25,0.02799363128708702,0.007126285140298613
GKBug_v2,7,5,0,1,0,36.53333333333333,13.5,0.06592567367834153,0.00751082955402303
GKBug_v2,7,6,1,0,0,68.875,43.0,0.07415627946245683,0.02509813237910392
GKBug_v2,7,7,0,1,0,73.14166666666667,36.5,0.09237606616120558,0.01574483437411602
GKBug_v2,7,8,1,0,0,33.38333333333333,17.5,0.053525737553063044,0.0074661048435615066
GKBug_v2,7,9,0,1,0,50.15833333333334,21.25,0.04789590760518727,0.01790071879904279
GKBug_v2,7,10,0,0,1,65.98333333333333,34.25,0.06408722168033133,0.01331970563870581
GKBug_v2,7,11,0,0,1,44.574999999999996,24.0,0.06497976721412596,0.014847868516116088
GKBug_v2,7,12,1,0,0,67.525,45.25,0.08093877977760909,0.01803767092244021
GKBug_v2,7,13,1,0,0,54.800000000000004,27.75,0.03552720717496908,0.009393109579126504
GKBug_v2,7,14,1,0,0,45.6,17.5,0.05755230244908624,0.005732037498258618
GKBug_v2,7,15,0,0,1,30.758333333333333,20.0,0.03701509226136333,0.005556735080451389
GKBug_v2,7,16,0,1,0,29.26666666666667,21.0,0.06108715586988639,0.013997344143350797
GKBug_v2,7,17,1,0,0,63.449999999999996,40.0,0.06189561427336403,0.01983050235536675
GKBug_v2,7,18,0,1,0,35.516666666666666,16.5,0.0489163188169192,0.005894362762664779
GKBug_v2,7,19,1,0,0,79.125,35.75,0.061582652578351105,0.009519480399416906
GKBug_v2,7,20,0,1,0,4.733333333333333,6.0,0.0558743240141228,0.003254405575642238
GKBug_v2,7,21,0,0,1,69.15833333333333,45.5,0.07199639025911377,0.013599411358817242
GKBug_v2,7,22,1,0,0,64.325,40.5,0.0764157295370338,0.01555221755316715
GKBug_v2,7,23,0,1,0,50.324999999999996,3.0,0.0,0.00022752824406377563
GKBug_v2,7,24,1,0,0,44.19166666666667,15.25,0.05409832022042886,0.007191131928611313
GKBug_v2,8,0,0,0,1,52.525,13.75,0.06954485935592869,0.008650176754154377
GKBug_v2,8,1,1,0,0,64.11666666666666,27.75,0.06672096663129747,0.01207353880873722
GKBug_v2,8,2,1,0,0,68.59166666666667,48.75,0.07061074058154762,0.012786413821272144
GKBug_v2,8,3,1,0,0,67.425,19.25,0.06463807367711642,0.010800921402395924
GKBug_v2,8,4,0,1,0,63.74999999999999,13.5,0.057341335215748274,0.004115666149729172
GKBug_v2,8,5,1,0,0,56.01666666666667,28.5,0.1055721255020876,0.010266301489474116
GKBug_v2,8,6,1,0,0,61.083333333333336,37.5,0.06375857044588625,0.018714589746809427
GKBug_v2,8,7,0,1,0,74.54166666666666,5.75,0.07823022178427796,0.003119871892555049
GKBug_v2,8,8,1,0,0,58.06666666666666,44.25,0.08052714216656297,0.030646533739252715
GKBug_v2,8,9,0,1,0,55.11666666666667,18.75,0.05334040926133364,0.01471054565011665
GKBug_v2,8,10,0,1,0,27.21666666666667,4.25,0.026068341572280277,0.006955903345549443
GKBug_v2,8,11,0,1,0,61.324999999999996,32.5,0.05429417680276897,0.013691921224225835
GKBug_v2,8,12,0,1,0,30.791666666666668,8.25,0.06177335059892241,0.014696233955665014
GKBug_v2,8,13,0,1,0,52.05833333333333,4.5,0.056582944028391154,0.0014346835416893795
GKBug_v2,8,14,0,1,0,25.633333333333336,2.5,0.018088851585712176,0.00011657389416022875
GKBug_v2,8,15,1,0,0,63.26666666666667,50.75,0.08114746612792774,0.01571151125054715
GKBug_v2,8,16,0,1,0,46.641666666666666,15.75,0.08456975126044453,0.009697853088045338
GKBug_v2,8,17,0,1,0,69.875,46.25,0.06698408264995742,0.01385526320723356
GKBug_v2,8,18,0,1,0,89.00833333333334,17.5,0.05222717347197419,0.0054501426491448774
GKBug_v2,8,19,0,1,0,98.80833333333334,4.0,0.0,0.0002956226331677172
GKBug_v2,8,20,0,1,0,29.60833333333333,15.5,0.05871690319746292,0.007206043627341278
GKBug_v2,8,21,0,1,0,30.008333333333333,7.75,0.05594738704069483,0.0043739687275558565
GKBug_v2,8,22,0,1,0,46.61666666666667,22.75,0.04735562446273128,0.017964132041996747
GKBug_v2,8,23,0,1,0,98.59166666666667,2.5,0.0,0.0012835093978415704
GKBug_v2,8,24,1,0,0,56.791666666666664,41.75,0.05619635225981958,0.03148861503780777
GKBug_v2,9,0,1,0,0,70.75833333333334,45.0,0.0713820693984338,0.01666253257167042
GKBug_v2,9,1,1,0,0,85.23333333333333,23.5,0.09382795749354987,0.006979727323342811
GKBug_v2,9,2,0,0,1,47.675,29.0,0.08872095966482339,0.016504109018425004
GKBug_v2,9,3,1,0,0,43.30833333333333,19.75,0.07601762133965807,0.005281926294412678
GKBug_v2,9,4,0,0,1,68.41666666666667,38.5,0.08250496383786027,0.025916384497649145
GKBug_v2,9,5,1,0,0,58.01666666666667,32.25,0.0873881297568397,0.01974939983282726
GKBug_v2,9,6,0,1,0,43.65833333333333,20.25,0.06570929845808625,0.009549206099293106
GKBug_v2,9,7,0,1,0,98.69166666666666,5.5,0.06825568462206065,0.0010042929023373487
GKBug_v2,9,8,0,1,0,31.058333333333334,12.5,0.0692088403646894,0.016583627080949667
GKBug_v2,9,9,0,1,0,32.19166666666667,11.25,0.09319809553099039,0.006245227544978003
GKBug_v2,9,10,0,1,0,53.2,4.75,0.03893307261829924,0.003838383430699051
GKBug_v2,9,11,0,1,0,80.03333333333333,23.5,0.08083052246580619,0.020328970034463222
GKBug_v2,9,12,0,1,0,54.43333333333334,6.75,0.056617334951075494,0.0041771998357076085
GKBug_v2,9,13,0,1,0,41.90833333333333,16.25,0.06980715501939891,0.010062690030425533
GKBug_v2,9,14,0,1,0,25.15,1.25,0.04267542065953191,0.0003024609448416468
GKBug_v2,9,15,1,0,0,65.375,29.75,0.06108021726600395,0.017792687468757135
GKBug_v2,9,16,1,0,0,33.358333333333334,15.75,0.07008922951536391,0.0071306705818745125
GKBug_v2,9,17,1,0,0,68.875,36.5,0.10009275871764012,0.036854087276316595
GKBug_v2,9,18,0,1,0,80.80833333333334,23.0,0.09238567666872304,0.00807124385046263
GKBug_v2,9,19,0,0,1,74.95,27.5,0.08888891871241572,0.019403063640277676
GKBug_v2,9,20,0,1,0,46.641666666666666,19.25,0.059283400063723936,0.009364592380145356
GKBug_v2,9,21,0,1,0,28.849999999999998,1.75,0.06589570890624119,0.001277764234885132
GKBug_v2,9,22,0,1,0,66.4,38.75,0.0629715125257257,0.019005160515968355
GKBug_v2,9,23,0,0,1,62.291666666666664,28.5,0.056295738384662924,0.012074137920134925
GKBug_v2,9,24,0,1,0,29.675,4.25,0.06908109303546359,0.0026362370666306147
GKBug_v2,10,0,1,0,0,47.833333333333336,11.75,0.10200564945932948,0.004281456434632016
GKBug_v2,10,1,0,1,0,43.291666666666664,14.25,0.05188506471006651,0.0026609665131460828
GKBug_v2,10,2,1,0,0,63.475,51.75,0.06699907184306046,0.009219837420063265
GKBug_v2,10,3,1,0,0,76.13333333333333,20.5,0.0944670922987431,0.004834078340659116
GKBug_v2,10,4,1,0,0,65.625,60.75,0.07613247982337075,0.008532595735330693
GKBug_v2,10,5,1,0,0,96.89999999999999,5.0,0.06535411090487499,0.0013461092530183383
GKBug_v2,10,6,0,1,0,24.975,0.25,0.04619833256284092,0.00041260774867544835
GKBug_v2,10,7,1,0,0,43.36666666666667,31.25,0.0926023085570937,0.004871084137737373
GKBug_v2,10,8,1,0,0,62.724999999999994,52.0,0.060863687593546316,0.016163377706453125
GKBug_v2,10,9,1,0,0,66.39166666666667,40.0,0.07292627693980151,0.017161640656265326
GKBug_v2,10,10,0,1,0,25.55,1.25,0.0376165890703634,0.00038705889650916483
GKBug_v2,10,11,1,0,0,60.291666666666664,46.0,0.05175898112423723,0.011700935000870355
GKBug_v2,10,12,1,0,0,62.849999999999994,48.0,0.0663964127973213,0.010686289266515651
GKBug_v2,10,13,1,0,0,52.47500000000001,42.0,0.050438296736364276,0.011831498977265372
GKBug_v2,10,14,1,0,0,33.550000000000004,13.75,0.1030508415795301,0.006195718573034073
GKBug_v2,10,15,1,0,0,65.73333333333333,33.25,0.05410533828487343,0.00710235459129346
GKBug_v2,10,16,1,0,0,93.70833333333334,11.5,0.07009570507112917,0.0027674104688405437
GKBug_v2,10,17,1,0,0,38.458333333333336,25.25,0.07303593880619272,0.0029143747836294378
GKBug_v2,10,18,1,0,0,55.99166666666666,63.5,0.06309495037502938,0.009411858440097422
GKBug_v2,10,19,1,0,0,32.725,13.25,0.06741043352517279,0.004170999540772503
GKBug_v2,10,20,1,0,0,54.2,55.0,0.05982899780204266,0.02682687513994803
GKBug_v2,10,21,1,0,0,59.10833333333333,51.75,0.06723782984828153,0.012197699371171048
GKBug_v2,10,22,1,0,0,89.38333333333334,8.0,0.05475560109056668,0.003521888959377406
GKBug_v2,10,23,0,1,0,26.775,6.5,0.12516253369632183,0.0006066340013957976
GKBug_v2,10,24,1,0,0,44.38333333333333,40.75,0.1140829036902698,0.020464280750906987
GKBug_v2,11,0,1,0,0,58.93333333333334,34.5,0.06910270972267593,0.018846926817718032
GKBug_v2,11,1,0,1,0,59.50833333333333,25.25,0.08496341837479988,0.013525230107657722
GKBug_v2,11,2,1,0,0,51.61666666666667,35.75,0.05845320937055323,0.01883449434499256
GKBug_v2,11,3,0,0,1,56.699999999999996,24.75,0.05240323368202759,0.012164474279556647
GKBug_v2,11,4,0,1,0,34.88333333333333,10.75,0.15068856669655786,0.006856034388206852
GKBug_v2,11,5,1,0,0,38.88333333333333,13.25,0.20396873720029193,0.010295615280507112
GKBug_v2,11,6,1,0,0,81.54166666666667,19.0,0.09671003840416682,0.0126487918366544
GKBug_v2,11,7,0,0,1,73.39166666666667,37.0,0.058203963987872004,0.021376727088662208
GKBug_v2,11,8,0,0,1,68.11666666666667,46.5,0.08213114235097001,0.02288432433385323
GKBug_v2,11,9,0,0,1,69.15,40.5,0.06461638219878718,0.015086993636049149
GKBug_v2,11,10,0,1,0,41.858333333333334,17.75,0.10645469215646763,0.01445535033094587
GKBug_v2,11,11,1,0,0,32.0,10.75,0.11718506162530486,0.0028882439435608436
GKBug_v2,11,12,1,0,0,66.54166666666667,35.75,0.0640463516341949,0.01178415495384593
GKBug_v2,11,13,0,1,0,73.09166666666667,15.25,0.0625253070192574,0.005854175094150615
GKBug_v2,11,14,0,1,0,43.55,11.25,0.07669488384667385,0.009171611996608774
GKBug_v2,11,15,0,1,0,61.43333333333333,27.25,0.05654976536137676,0.010646307861927913
GKBug_v2,11,16,0,1,0,68.83333333333333,9.25,0.06326719925094172,0.007091202388517758
GKBug_v2,11,17,1,0,0,49.88333333333333,14.5,0.02702755878925654,0.004973392395553915
GKBug_v2,11,18,0,0,1,52.041666666666664,21.75,0.08148814299189547,0.00942481338932735
GKBug_v2,11,19,1,0,0,57.116666666666674,29.75,0.05697449106814768,0.0071440777032131565
GKBug_v2,11,20,1,0,0,48.69166666666666,35.75,0.061710804363912346,0.010730664134704495
GKBug_v2,11,21,0,1,0,88.09166666666667,18.0,0.08486763776555944,0.007753482590053743
GKBug_v2,11,22,0,0,1,89.56666666666668,12.0,0.07011306436184359,0.005269259186158104
GKBug_v2,11,23,1,0,0,71.43333333333334,35.75,0.08478956027132233,0.01658120844588798
GKBug_v2,11,24,1,0,0,73.7,4.25,0.07469026942797147,0.001076558207660689
GKBug_v2,12,0,0,1,0,41.099999999999994,5.25,0.09226549685433576,0.005325909011159769
GKBug_v2,12,1,1,0,0,56.858333333333334,29.75,0.05193133560353707,0.008346316811036383
GKBug_v2,12,2,1,0,0,61.53333333333333,44.0,0.063644655346246,0.008230682176183644
GKBug_v2,12,3,0,1,0,26.974999999999998,2.25,0.08124746286063053,0.0015666793956731601
GKBug_v2,12,4,1,0,0,59.008333333333326,53.25,0.06325070412827177,0.013868383942015453
GKBug_v2,12,5,1,0,0,20.833333333333336,13.5,0.06521898386370739,0.002130100090865123
GKBug_v2,12,6,1,0,0,45.34166666666667,31.5,0.06571023455367629,0.022063644210632782
GKBug_v2,12,7,1,0,0,56.425000000000004,59.75,0.070198539630965,0.017074423942614936
GKBug_v2,12,8,0,1,0,27.908333333333335,4.25,0.0726245340876516,0.004896605891017847
GKBug_v2,12,9,1,0,0,62.275000000000006,40.25,0.06998142878882935,0.010027294305220646
GKBug_v2,12,10,1,0,0,46.800000000000004,33.5,0.08130932648862069,0.007417249291205956
GKBug_v2,12,11,1,0,0,54.175,43.0,0.07473065613343914,0.017570265597377878
GKBug_v2,12,12,1,0,0,14.316666666666666,12.5,0.04869048871081922,0.004978274702629203
GKBug_v2,12,13,0,1,0,98.775,2.0,0.0,0.000680297234081473
GKBug_v2,12,14,1,0,0,55.541666666666664,56.5,0.07789824927324501,0.010856344605343774
GKBug_v2,12,15,0,1,0,71.91666666666666,20.75,0.078687138523414,0.016325423619486128
GKBug_v2,12,16,1,0,0,88.24166666666666,13.0,0.0659936682261934,0.002128572269159808
GKBug_v2,12,17,0,1,0,32.19166666666667,4.25,0.08501201413601692,0.0024307587621408967
GKBug_v2,12,18,1,0,0,64.96666666666667,63.0,0.06602347559815991,0.009483876589007706
GKBug_v2,12,19,1,0,0,51.71666666666667,25.75,0.04972780110099023,0.005856768147567854
GKBug_v2,12,20,1,0,0,83.71666666666667,17.5,0.04678876152041176,0.004219791071359451
GKBug_v2,12,21,1,0,0,62.608333333333334,50.75,0.06506144559538951,0.010365024080773897
GKBug_v2,12,22,1,0,0,58.508333333333326,19.75,0.03531646025777701,0.00890543904095331
GKBug_v2,12,23,1,0,0,45.766666666666666,61.5,0.06659324272471867,0.013869881049671908
GKBug_v2,12,24,1,0,0,12.933333333333334,11.5,0.049359536146119175,0.004404127077618825
GKBug_v2,13,0,1,0,0,40.666666666666664,11.75,0.11527887598607303,0.005778328119414809
GKBug_v2,13,1,0,1,0,99.58333333333333,4.0,0.0,0.0002206636350153577
GKBug_v2,13,2,1,0,0,59.85,21.25,0.08427908719812809,0.00868771155834739
GKBug_v2,13,3,0,0,1,46.80833333333334,22.75,0.09010678000848024,0.016043676408812674
GKBug_v2,13,4,0,1,0,73.16666666666667,13.5,0.06607423075224296,0.0022918924617085514
GKBug_v2,13,5,0,1,0,72.71666666666667,37.75,0.08706799161182446,0.015516610455728112
GKBug_v2,13,6,0,1,0,84.21666666666667,16.75,0.11837353851192035,0.008542915982078896
GKBug_v2,13,7,0,1,0,41.875,19.75,0.06881521638056212,0.008425972220400726
GKBug_v2,13,8,1,0,0,64.09166666666667,38.25,0.06550604470045929,0.018467815069770938
GKBug_v2,13,9,0,0,1,76.03333333333333,7.75,0.06331940811395832,0.0018086808333636199
GKBug_v2,13,10,0,0,1,70.975,22.0,0.06985681249504562,0.010142366985839237
GKBug_v2,13,11,0,1,0,91.175,13.0,0.09772262865701511,0.01153247005692444
GKBug_v2,13,12,1,0,0,37.49166666666667,18.75,0.05143059680618476,0.0063438895374174475
GKBug_v2,13,13,1,0,0,76.20833333333333,35.75,0.07690885610651622,0.01329601757926232
GKBug_v2,13,14,0,0,1,62.65833333333334,24.75,0.03934205541106667,0.014164914984699694
GKBug_v2,13,15,0,1,0,57.8,24.5,0.04685007767251796,0.005512674899952217
GKBug_v2,13,16,0,0,1,71.53333333333333,37.5,0.07425604353297795,0.0109520250904253
GKBug_v2,13,17,0,1,0,42.55833333333333,26.0,0.05636840594315317,0.01357865860312021
GKBug_v2,13,18,0,0,1,85.80833333333334,9.5,0.07987558293389654,0.014650774618652568
GKBug_v2,13,19,1,0,0,62.849999999999994,38.75,0.05939946887635669,0.010085393796318473
GKBug_v2,13,20,0,1,0,79.29166666666667,18.0,0.08063931464197442,0.012236661920306216
GKBug_v2,13,21,0,1,0,9.325,5.5,0.030729969273299823,0.0013980388880705716
GKBug_v2,13,22,0,1,0,40.71666666666667,18.0,0.07578283584319927,0.005112577547776137
GKBug_v2,13,23,0,1,0,73.675,37.0,0.08070639031152753,0.02280180796165431
GKBug_v2,13,24,0,1,0,50.583333333333336,12.5,0.07301960023657493,0.004128901662143744
GKBug_v2,14,0,1,0,0,53.69166666666667,54.0,0.07903747336041882,0.021430127271703736
GKBug_v2,14,1,1,0,0,58.34166666666667,50.75,0.07057554795012567,0.017713253075923637
GKBug_v2,14,2,1,0,0,30.599999999999998,4.75,0.031033459629969017,0.003467239226995485
GKBug_v2,14,3,1,0,0,68.28333333333333,42.75,0.06830455799758453,0.013517136651462678
GKBug_v2,14,4,1,0,0,65.83333333333333,51.75,0.0730215297358811,0.030968070482211348
GKBug_v2,14,5,0,1,0,31.65833333333333,3.25,0.05056253885776954,0.001976988770939866
GKBug_v2,14,6,1,0,0,62.25833333333334,49.5,0.06599200229726693,0.007952582323611831
GKBug_v2,14,7,0,1,0,99.46666666666667,2.5,0.0,0.00048443106084875194
GKBug_v2,14,8,1,0,0,29.2,4.25,0.0862355281457482,0.00208087170341031
GKBug_v2,14,9,1,0,0,64.36666666666667,39.5,0.08599628886586017,0.003494289683850093
GKBug_v2,14,10,1,0,0,66.375,31.5,0.06357550936661657,0.01660269668607255
GKBug_v2,14,11,1,0,0,83.525,28.25,0.05809033353488404,0.008385111342904714
GKBug_v2,14,12,0,1,0,30.758333333333333,10.75,0.04165456672346802,0.0023762462849890613
GKBug_v2,14,13,1,0,0,47.641666666666666,28.75,0.07360484572287618,0.008802582956166247
GKBug_v2,14,14,1,0,0,66.5,51.0,0.0652397847433383,0.011893015740589841
GKBug_v2,14,15,1,0,0,49.25,36.75,0.040374317298723976,0.008341996255819554
GKBug_v2,14,16,1,0,0,54.974999999999994,52.25,0.07210258677341065,0.02116327755141039
GKBug_v2,14,17,1,0,0,56.98333333333333,47.25,0.05993826795583412,0.012195020782588403
GKBug_v2,14,18,1,0,0,51.78333333333334,53.25,0.04613835626159274,0.010402755389087283
GKBug_v2,14,19,1,0,0,58.28333333333333,41.0,0.06197295763010236,0.00961072541722038
GKBug_v2,14,20,1,0,0,45.06666666666666,14.25,0.08081954128135324,0.015713320449337348
GKBug_v2,14,21,0,1,0,30.55833333333333,11.25,0.18025088026889746,0.020764998069295215
GKBug_v2,14,22,0,1,0,33.300000000000004,11.25,0.07981767570201766,0.012021249248051322
GKBug_v2,14,23,1,0,0,36.641666666666666,21.5,0.07105937074897967,0.005065547741990254
GKBug_v2,14,24,0,1,0,27.266666666666666,5.25,0.04732814149475378,0.0012181022098598701
GKBug_v2,15,0,1,0,0,60.8,47.25,0.04946744955765612,0.021878787611447258
GKBug_v2,15,1,1,0,0,58.775,70.25,0.0610148652788796,0.009965833742753406
GKBug_v2,15,2,1,0,0,52.416666666666664,47.0,0.10690387689162069,0.010120923383456833
GKBug_v2,15,3,1,0,0,62.2,33.25,0.0762056168054533,0.013627822354548291
GKBug_v2,15,4,1,0,0,59.71666666666666,58.5,0.080831731864661,0.008447255406119063
GKBug_v2,15,5,1,0,0,58.94166666666667,50.25,0.060468835900771435,0.01605949740332661
GKBug_v2,15,6,1,0,0,48.99166666666667,50.25,0.061134666693192154,0.012626233560351897
GKBug_v2,15,7,1,0,0,33.916666666666664,16.75,0.14811887366461632,0.00457428221168284
GKBug_v2,15,8,1,0,0,45.208333333333336,21.0,0.04888951831892206,0.011802328164199747
GKBug_v2,15,9,1,0,0,88.29166666666667,13.0,0.12684486550306456,0.004607436864152454
GKBug_v2,15,10,0,1,0,39.96666666666667,13.0,0.04476238030096959,0.009805403261875787
GKBug_v2,15,11,1,0,0,94.94166666666666,10.0,0.12692785457800415,0.0018305009514249628
GKBug_v2,15,12,1,0,0,41.458333333333336,32.25,0.04960283390588523,0.020105817435474595
GKBug_v2,15,13,1,0,0,63.1,53.75,0.0535053371667207,0.012219703295600568
GKBug_v2,15,14,1,0,0,75.675,41.5,0.07532657246402971,0.012423941649935006
GKBug_v2,15,15,0,1,0,21.05,3.5,0.02537700783105303,0.0007751143198702444
GKBug_v2,15,16,1,0,0,30.466666666666665,3.75,0.092194843168904,0.0031904138899202074
GKBug_v2,15,17,1,0,0,62.224999999999994,75.5,0.0662286044994927,0.009238731569732863
GKBug_v2,15,18,1,0,0,26.974999999999998,3.25,0.0715145845528102,0.0014411048046657283
GKBug_v2,15,19,1,0,0,70.83333333333334,54.0,0.059794555220660045,0.014148746649874306
GKBug_v2,15,20,1,0,0,60.19166666666666,50.0,0.06777577569558525,0.019206381342710677
GKBug_v2,15,21,1,0,0,61.75833333333334,46.5,0.07202726411183828,0.014025106815283255
GKBug_v2,15,22,1,0,0,55.61666666666667,61.75,0.07896488002981873,0.017768055417758194
GKBug_v2,15,23,1,0,0,67.875,56.0,0.07191564743518619,0.011903227969710285
GKBug_v2,15,24,1,0,0,79.56666666666666,29.5,0.05949125048728678,0.006595109412175421
GKBug_v2,16,0,0,1,0,26.6,4.25,0.08468378694622034,0.0009325100855252027
GKBug_v2,16,1,0,1,0,50.108333333333334,3.0,0.0,0.0004042804283267419
GKBug_v2,16,2,1,0,0,35.00833333333333,13.5,0.029311260268659756,0.005109096908220017
GKBug_v2,16,3,0,1,0,44.06666666666666,17.25,0.14016260193007415,0.006540385171628035
GKBug_v2,16,4,0,1,0,96.6,3.5,0.052511103001798856,0.0007532144720501097
GKBug_v2,16,5,0,1,0,99.09166666666667,2.5,0.0,0.0003344285263666874
GKBug_v2,16,6,1,0,0,31.39166666666667,7.25,0.06713591690885888,0.005169632176716043
GKBug_v2,16,7,1,0,0,65.71666666666667,40.25,0.07982758055938913,0.013399608468642993
GKBug_v2,16,8,1,0,0,60.875,33.0,0.035371944962396075,0.009841475547858459
GKBug_v2,16,9,0,1,0,75.25,2.75,0.0,0.00019897011699360363
GKBug_v2,16,10,0,1,0,56.833333333333336,20.5,0.08199940794056405,0.008707827518302578
GKBug_v2,16,11,0,1,0,85.80833333333334,21.5,0.047994361653615654,0.003968144484697093
GKBug_v2,16,12,1,0,0,71.125,45.75,0.07347846472288293,0.011059681261089816
GKBug_v2,16,13,0,1,0,99.56666666666666,3.5,0.0,0.00025030328467840694
GKBug_v2,16,14,1,0,0,61.31666666666666,44.25,0.08833188912845284,0.009467830927514555
GKBug_v2,16,15,0,1,0,43.708333333333336,19.25,0.05944942141961965,0.007149626030553949
GKBug_v2,16,16,1,0,0,57.391666666666666,29.25,0.07885252598937793,0.014970741199834985
GKBug_v2,16,17,0,1,0,60.45,40.5,0.08543232934659337,0.014356232952134524
GKBug_v2,16,18,0,1,0,73.55000000000001,4.25,0.07438473407522395,0.0005120874977298104
GKBug_v2,16,19,0,1,0,71.75,45.5,0.07322955751242556,0.01578069490189757
GKBug_v2,16,20,0,0,1,61.12499999999999,25.0,0.09687148980310041,0.00932787119304801
GKBug_v2,16,21,1,0,0,58.3,47.75,0.078612296086258,0.018265804285365988
GKBug_v2,16,22,0,1,0,47.30833333333334,27.75,0.04940772574492427,0.017273427499345212
GKBug_v2,16,23,1,0,0,64.63333333333333,41.25,0.0616720257839046,0.015616458492190566
GKBug_v2,16,24,0,0,1,67.86666666666666,54.5,0.08666941092746024,0.02056679155744773
GKBug_v2,17,0,1,0,0,52.0,58.25,0.08708809364450462,0.02916274295770342
GKBug_v2,17,1,1,0,0,54.383333333333326,46.75,0.07749087474618181,0.016352289412911423
GKBug_v2,17,2,1,0,0,48.975,41.0,0.07945131576275641,0.011407459717894747
GKBug_v2,17,3,1,0,0,44.583333333333336,17.75,0.04423547203215015,0.006221534104128592
GKBug_v2,17,4,1,0,0,63.025,54.5,0.06250878682739654,0.009985102774433277
GKBug_v2,17,5,1,0,0,39.0,15.25,0.023501998953703758,0.006151328625457156
GKBug_v2,17,6,1,0,0,60.6,61.25,0.061507871494277916,0.010057602330942186
GKBug_v2,17,7,1,0,0,88.4,14.5,0.1003993416915672,0.0036102141608107025
GKBug_v2,17,8,1,0,0,31.633333333333336,20.75,0.11417907528163596,0.007708778144850688
GKBug_v2,17,9,1,0,0,37.083333333333336,13.25,0.14931597345570444,0.005144508295239815
GKBug_v2,17,10,1,0,0,50.93333333333333,20.5,0.06721502963853054,0.002401348403703328
GKBug_v2,17,11,0,1,0,5.508333333333333,4.0,0.03766240102546952,0.002148966272062706
GKBug_v2,17,12,0,1,0,31.966666666666665,10.25,0.08336724149306267,0.005551055304188635
GKBug_v2,17,13,0,1,0,84.63333333333334,2.25,0.0,0.00018717976695195368
GKBug_v2,17,14,1,0,0,65.85833333333333,65.5,0.06816382226300616,0.01580750208271921
GKBug_v2,17,15,1,0,0,53.50833333333333,47.5,0.06943576249607931,0.019983743225053762
GKBug_v2,17,16,1,0,0,52.97500000000001,47.5,0.08044347820922186,0.02043103197337172
GKBug_v2,17,17,1,0,0,46.90833333333334,41.5,0.05280636115183961,0.006589991418432988
GKBug_v2,17,18,1,0,0,65.85,55.75,0.07501889037326273,0.018540558509308913
GKBug_v2,17,19,1,0,0,59.84166666666667,55.25,0.07246196869935004,0.020726968664955707
GKBug_v2,17,20,1,0,0,96.89999999999999,4.0,0.0853700519552043,0.0008265705570147555
GKBug_v2,17,21,1,0,0,50.083333333333336,24.75,0.08644499019131771,0.01591091323623914
GKBug_v2,17,22,1,0,0,58.925000000000004,43.5,0.06399790405491498,0.012185521712756449
GKBug_v2,17,23,1,0,0,40.03333333333333,23.75,0.060063522071193844,0.012104079404258877
GKBug_v2,17,24,1,0,0,62.76666666666667,57.0,0.07187611086625778,0.011483185230063107
GKBug_v2,18,0,1,0,0,56.708333333333336,57.5,0.07558573158011433,0.012687449339367097
GKBug_v2,18,1,1,0,0,62.40833333333333,49.75,0.0585805691069776,0.00849894742938539
GKBug_v2,18,2,1,0,0,59.25833333333333,53.25,0.06882506991809685,0.010632390443547957
GKBug_v2,18,3,1,0,0,66.625,78.25,0.06534726232827116,0.007710343079826296
GKBug_v2,18,4,1,0,0,97.19166666666666,4.5,0.06532311725893458,0.00259138102687556
GKBug_v2,18,5,1,0,0,54.98333333333333,58.5,0.07903628077259407,0.012075087452316544
GKBug_v2,18,6,1,0,0,61.38333333333333,48.0,0.057016838805200074,0.01597541183898797
GKBug_v2,18,7,0,1,0,28.425,2.75,0.07785037856020909,0.001727608018777254
GKBug_v2,18,8,0,1,0,27.808333333333334,6.25,0.05881670654953839,0.0012534509762945514
GKBug_v2,18,9,1,0,0,18.916666666666668,21.0,0.06924644795452486,0.006575682493376799
GKBug_v2,18,10,1,0,0,61.4,52.5,0.06852057572298602,0.011366668330720907
GKBug_v2,18,11,1,0,0,56.766666666666666,14.75,0.05733057848378507,0.005216119492955814
GKBug_v2,18,12,0,1,0,25.441666666666666,3.25,0.03969001466276724,0.0005225390735657759
GKBug_v2,18,13,1,0,0,58.666666666666664,44.75,0.06810377251600841,0.011851291873572863
GKBug_v2,18,14,1,0,0,56.39999999999999,64.75,0.03842019655657361,0.007361967557196224
GKBug_v2,18,15,1,0,0,42.45833333333333,26.0,0.06735724441068888,0.006508195866273928
GKBug_v2,18,16,1,0,0,60.73333333333333,46.0,0.06837630666938484,0.01219693948899015
GKBug_v2,18,17,1,0,0,40.36666666666667,30.5,0.045823477924570664,0.015823321311556386
GKBug_v2,18,18,1,0,0,61.05833333333334,48.25,0.0751938565083001,0.028143801364454723
GKBug_v2,18,19,0,1,0,41.199999999999996,20.5,0.02789926785682651,0.00811912190931523
GKBug_v2,18,20,1,0,0,72.425,49.75,0.06668732857124729,0.005026129459173225
GKBug_v2,18,21,1,0,0,70.175,38.0,0.06632310694239954,0.009180254065191266
GKBug_v2,18,22,0,1,0,24.975,0.25,0.04348723874661222,0.0005133932574051739
GKBug_v2,18,23,0,1,0,27.6,5.75,0.041319095602968196,0.0011033977038330714
GKBug_v2,18,24,1,0,0,58.425000000000004,32.0,0.06850242424575145,0.0036531986242195596
GKBug_v2,19,0,1,0,0,39.71666666666667,29.75,0.08831952764849371,0.01719505415373582
GKBug_v2,19,1,0,1,0,89.88333333333334,13.0,0.05969839094677922,0.002719124217385721
GKBug_v2,19,2,1,0,0,59.24166666666667,56.0,0.08224589374989907,0.010507824281528872
GKBug_v2,19,3,1,0,0,39.93333333333333,13.25,0.06940165087826652,0.007047898959777656
GKBug_v2,19,4,1,0,0,79.29166666666667,28.5,0.07683847368459208,0.008651961751320027
GKBug_v2,19,5,1,0,0,30.599999999999998,12.25,0.04601139817749093,0.004993156266630466
GKBug_v2,19,6,1,0,0,51.175000000000004,43.75,0.07673041097299296,0.012529326216512827
GKBug_v2,19,7,1,0,0,62.45,45.75,0.05653910831822019,0.019278419530139847
GKBug_v2,19,8,1,0,0,42.69166666666667,27.75,0.059119847698114084,0.007223256827549585
GKBug_v2,19,9,0,1,0,27.71666666666667,3.75,0.08469000180160544,0.0011474066848709014
GKBug_v2,19,10,1,0,0,68.44166666666666,22.0,0.08202852599707391,0.015083446589381284
GKBug_v2,19,11,1,0,0,59.96666666666667,46.25,0.06952751732342047,0.010694914124670255
GKBug_v2,19,12,1,0,0,21.05,14.0,0.058888040471112346,0.00549989202601835
GKBug_v2,19,13,1,0,0,20.925,17.5,0.09061284945326258,0.0044947958878806
GKBug_v2,19,14,1,0,0,62.30833333333333,53.0,0.08626472410206672,0.01605349889192396
GKBug_v2,19,15,1,0,0,56.51666666666667,46.75,0.04944040481065242,0.013214238566712612
GKBug_v2,19,16,1,0,0,71.025,31.0,0.04902202599436157,0.00848346941448416
GKBug_v2,19,17,1,0,0,29.375,20.5,0.053762104335257674,0.012192577768035194
GKBug_v2,19,18,1,0,0,32.516666666666666,4.75,0.0489070193254027,0.002685726050981182
GKBug_v2,19,19,1,0,0,50.96666666666667,40.0,0.044357689155607304,0.01657200153472112
GKBug_v2,19,20,1,0,0,31.900000000000002,8.5,0.15239409248527655,0.0032486242699439538
GKBug_v2,19,21,1,0,0,58.458333333333336,54.5,0.0621183042526378,0.011575040321734127
GKBug_v2,19,22,1,0,0,36.275,9.25,0.17615614262138451,0.004417287322429199
GKBug_v2,19,23,1,0,0,60.25833333333333,54.0,0.06615925576411275,0.020613642594436658
GKBug_v2,19,24,1,0,0,62.55,45.25,0.06621962404840893,0.010000703022627077
GKBug_v3,0,0,1,0,0,50.025,38.75,0.0776881555579861,0.013993544957603084
GKBug_v3,0,1,1,0,0,54.574999999999996,40.25,0.054318266096121406,0.009852456521041499
GKBug_v3,0,2,1,0,0,60.55833333333334,49.25,0.053704318687934106,0.016742813488989507
GKBug_v3,0,3,0,1,0,36.675000000000004,11.25,0.07993833412853675,0.02101795860094775
GKBug_v3,0,4,1,0,0,79.48333333333333,19.5,0.06626118093473153,0.007550638201862294
GKBug_v3,0,5,1,0,0,57.233333333333334,42.5,0.06098099993621978,0.008040090167356663
GKBug_v3,0,6,1,0,0,51.916666666666664,41.5,0.05257702151791621,0.014973312725593312
GKBug_v3,0,7,1,0,0,38.88333333333333,13.75,0.04666916422667516,0.008551913184030509
GKBug_v3,0,8,0,0,1,34.458333333333336,7.75,0.05706229859280693,0.003724664871310843
GKBug_v3,0,9,1,0,0,83.89999999999999,20.0,0.09179628923595104,0.0062026364355123615
GKBug_v3,0,10,1,0,0,38.141666666666666,24.25,0.04721524191668335,0.005627411652506047
GKBug_v3,0,11,1,0,0,58.10833333333333,24.0,0.06391626579807014,0.006854995143684209
GKBug_v3,0,12,0,1,0,58.03333333333334,14.5,0.028727869141824347,0.00849457267763374
GKBug_v3,0,13,1,0,0,48.266666666666666,25.25,0.08025513958126976,0.010240938037938551
GKBug_v3,0,14,1,0,0,58.30833333333333,34.0,0.07480241365906559,0.007137801264939318
GKBug_v3,0,15,1,0,0,49.825,43.25,0.05552076711292206,0.005929193488915333
GKBug_v3,0,16,1,0,0,51.00833333333333,55.5,0.07936149347774103,0.013085557614889292
GKBug_v3,0,17,1,0,0,40.416666666666664,21.75,0.06543587552114834,0.024018844990828202
GKBug_v3,0,18,1,0,0,53.608333333333334,60.25,0.06761545873323462,0.012702444281627118
GKBug_v3,0,19,1,0,0,62.483333333333334,56.0,0.08832828139215006,0.017699791418326775
GKBug_v3,0,20,1,0,0,27.23333333333333,7.75,0.13791423302528383,0.0026718840978085154
GKBug_v3,0,21,0,1,0,30.275000000000002,17.5,0.06887450400740558,0.007738487468915855
GKBug_v3,0,22,1,0,0,59.34166666666667,45.75,0.0639746032855395,0.028768683761569373
GKBug_v3,0,23,1,0,0,65.30833333333334,23.0,0.05974955148602347,0.006011994061012674
GKBug_v3,0,24,1,0,0,40.25,23.75,0.035221277251451445,0.005556987095481454
GKBug_v3,1,0,1,0,0,53.516666666666666,44.75,0.061011465543727945,0.013269421155350998
GKBug_v3,1,1,1,0,0,50.208333333333336,55.5,0.04707860956066579,0.010924002121961306
GKBug_v3,1,2,1,0,0,58.8,52.5,0.07315430045616199,0.03092036616730212
GKBug_v3,1,3,1,0,0,90.74166666666666,16.5,0.05785157653352155,0.0020640376464196434
GKBug_v3,1,4,1,0,0,41.36666666666667,23.25,0.044158624818522646,0.010105164510481504
GKBug_v3,1,5,0,0,1,35.16666666666667,8.75,0.05304472464252236,0.004284554628064283
GKBug_v3,1,6,1,0,0,31.724999999999998,36.75,0.06155371884072106,0.006209285232390591
GKBug_v3,1,7,0,1,0,72.66666666666667,3.75,0.12063419067314497,0.00017032953704747346
GKBug_v3,1,8,1,0,0,73.68333333333334,3.25,0.07230011252920977,0.0026268732152887548
GKBug_v3,1,9,1,0,0,56.791666666666664,6.5,0.13923944557118795,0.0037891202626969015
GKBug_v3,1,10,1,0,0,51.5,46.0,0.0704411278826543,0.007034958421509278
GKBug_v3,1,11,1,0,0,59.891666666666666,17.25,0.0427327670250515,0.004404415912164166
GKBug_v3,1,12,1,0,0,28.191666666666666,3.75,0.056070810630206816,0.003305201576342849
GKBug_v3,1,13,1,0,0,80.76666666666667,32.75,0.07832051520437487,0.0057865806486107375
GKBug_v3,1,14,1,0,0,69.89166666666667,27.75,0.054213306774472184,0.012655689602546316
GKBug_v3,1,15,1,0,0,66.65833333333333,60.25,0.05845763697594819,0.014123246668371739
GKBug_v3,1,16,0,1,0,24.975,0.25,0.04104747306881276,0.0004260590428187913
GKBug_v3,1,17,1,0,0,57.74166666666667,51.0,0.06401690083871438,0.010716753863632356
GKBug_v3,1,18,1,0,0,85.175,23.5,0.07094630282180439,0.013562435213759641
GKBug_v3,1,19,1,0,0,52.449999999999996,44.25,0.06528514751143982,0.009114192766534633
GKBug_v3,1,20,1,0,0,43.75,13.5,0.056906813852879407,0.005826108825885924
GKBug_v3,1,21,1,0,0,66.35833333333333,54.5,0.06703666575630193,0.007224448768884669
GKBug_v3,1,22,1,0,0,33.5,7.75,0.08320794525901923,0.004364205005075493
GKBug_v3,1,23,1,0,0,68.41666666666667,38.75,0.06197594519144767,0.015251918771504109
GKBug_v3,1,24,1,0,0,54.400000000000006,56.0,0.06274575166738497,0.0134172840548186
GKBug_v3,2,0,1,0,0,54.016666666666666,68.5,0.06005159540354891,0.021118637812521695
GKBug_v3,2,1,1,0,0,56.48333333333333,59.5,0.07068168014405356,0.024431184488518973
GKBug_v3,2,2,1,0,0,58.95,62.25,0.0742048026315357,0.011422486456503672
GKBug_v3,2,3,0,1,0,95.25,7.5,0.11383907324936075,0.0020188503617470303
GKBug_v3,2,4,1,0,0,85.89166666666667,18.5,0.07401621135430207,0.015978242875166665
GKBug_v3,2,5,1,0,0,50.5,19.75,0.05425943217845603,0.00838906832108099
GKBug_v3,2,6,1,0,0,93.70833333333334,10.0,0.056244865168563585,0.0031150630900764324
GKBug_v3,2,7,0,1,0,33.791666666666664,3.75,0.08551062563466168,0.0042041725784922376
GKBug_v3,2,8,1,0,0,67.96666666666667,25.75,0.060071176045543226,0.00963815541087099
GKBug_v3,2,9,0,1,0,26.34166666666667,4.75,0.05516132675559597,0.0015613648063868453
GKBug_v3,2,10,1,0,0,43.55,37.75,0.05681680167503563,0.01574483284798465
GKBug_v3,2,11,0,1,0,31.516666666666666,11.25,0.08039299642216116,0.005879687187990182
GKBug_v3,2,12,1,0,0,84.925,19.5,0.0714346990114468,0.008704611661203966
GKBug_v3,2,13,1,0,0,53.266666666666666,44.5,0.0804990679534383,0.021021197049631426
GKBug_v3,2,14,1,0,0,53.65,51.75,0.06002418982020434,0.01215490367085202
GKBug_v3,2,15,1,0,0,54.45833333333333,57.25,0.05751397691399411,0.01718119230441472
GKBug_v3,2,16,1,0,0,66.14999999999999,21.5,0.07610325296293333,0.005124160932734885
GKBug_v3,2,17,0,1,0,47.333333333333336,23.25,0.05603720082697823,0.0186775082560375
GKBug_v3,2,18,1,0,0,59.66666666666667,51.75,0.06701948522438635,0.027739041064409664
GKBug_v3,2,19,1,0,0,54.675,63.0,0.09058993465676136,0.017995293342122708
GKBug_v3,2,20,1,0,0,33.35,12.75,0.08092165267354777,0.008345331174443782
GKBug_v3,2,21,0,1,0,2.4250000000000003,2.0,0.055812270611217144,0.0004465146112175647
GKBug_v3,2,22,1,0,0,62.7,63.0,0.06545571070721451,0.00873791487535088
GKBug_v3,2,23,0,1,0,39.7,12.25,0.07839059678692845,0.011353561912544894
GKBug_v3,2,24,1,0,0,38.208333333333336,35.0,0.07902386922460504,0.009954398015755674
GKBug_v3,3,0,1,0,0,35.61666666666667,13.0,0.1355654807321877,0.004895259887328497
GKBug_v3,3,1,1,0,0,74.66666666666667,33.0,0.07619331835559501,0.010065098082422447
GKBug_v3,3,2,1,0,0,52.96666666666666,46.5,0.07057008877326676,0.017686643654123105
GKBug_v3,3,3,1,0,0,95.33333333333334,6.25,0.02678524090265013,0.00034226806640207645
GKBug_v3,3,4,0,1,0,68.43333333333334,12.25,0.06593353236927625,0.002412237138748234
GKBug_v3,3,5,1,0,0,24.066666666666666,16.5,0.07040567943619176,0.005530002086911353
GKBug_v3,3,6,1,0,0,57.266666666666666,62.75,0.06680715663203453,0.00794080512464636
GKBug_v3,3,7,1,0,0,35.90833333333333,13.75,0.13369664406343928,0.0022048040744472295
GKBug_v3,3,8,1,0,0,58.61666666666666,48.0,0.06340644201207889,0.007093043835103077
GKBug_v3,3,9,1,0,0,50.175000000000004,35.0,0.08274130659948446,0.009926613702585432
GKBug_v3,3,10,1,0,0,88.1,13.0,0.06508044176859176,0.002063071322403017
GKBug_v3,3,11,1,0,0,60.03333333333334,52.75,0.07321500870524103,0.022060523812764375
GKBug_v3,3,12,1,0,0,65.30833333333334,53.0,0.0697966175024543,0.009413544808145675
GKBug_v3,3,13,1,0,0,59.01666666666666,42.25,0.0701312764354189,0.016115342467048453
GKBug_v3,3,14,1,0,0,27.458333333333336,5.25,0.09130804742190865,0.0027300547513958665
GKBug_v3,3,15,1,0,0,64.775,51.5,0.06515754704743462,0.010522812218077117
GKBug_v3,3,16,1,0,0,48.483333333333334,38.0,0.07684984957470951,0.006567451542765519
GKBug_v3,3,17,1,0,0,46.983333333333334,38.75,0.08139880864713671,0.007616346955262659
GKBug_v3,3,18,0,1,0,49.55,9.5,0.08386169684551412,0.0030228682045057302
GKBug_v3,3,19,1,0,0,57.28333333333333,36.25,0.05519459648317374,0.016953135164452775
GKBug_v3,3,20,1,0,0,61.14166666666667,53.0,0.0755259458859466,0.013941951706092196
GKBug_v3,3,21,1,0,0,61.86666666666667,38.0,0.08214274959632727,0.01727824786532798
GKBug_v3,3,22,1,0,0,67.16666666666666,47.5,0.07121886814684528,0.012709294237954801
GKBug_v3,3,23,1,0,0,44.49166666666667,26.25,0.08282446132353709,0.006326803813604194
GKBug_v3,3,24,1,0,0,62.724999999999994,53.0,0.06436708992866176,0.014452308195766345
GKBug_v3,4,0,1,0,0,57.21666666666667,19.0,0.05126655022580558,0.007014395426317399
GKBug_v3,4,1,1,0,0,57.616666666666674,47.0,0.06609768341304213,0.010929581640427016
GKBug_v3,4,2,1,0,0,55.18333333333333,30.5,0.0764327977663131,0.006907616761696271
GKBug_v3,4,3,1,0,0,36.44166666666667,16.75,0.08711556629106067,0.005734044858688105
GKBug_v3,4,4,1,0,0,82.95,14.5,0.05256524012087281,0.005362519975885174
GKBug_v3,4,5,1,0,0,50.949999999999996,35.5,0.0643177950343981,0.01156194055379627
GKBug_v3,4,6,1,0,0,85.71666666666667,17.0,0.08132006452596502,0.0051266348682522086
GKBug_v3,4,7,1,0,0,59.724999999999994,56.75,0.07479617733963342,0.009639711883010845
GKBug_v3,4,8,1,0,0,24.558333333333334,15.25,0.0522906683591635,0.002931346014448334
GKBug_v3,4,9,1,0,0,50.65833333333334,41.75,0.0742229052963399,0.009519326668907487
GKBug_v3,4,10,1,0,0,84.83333333333334,17.5,0.06242867654413108,0.009274668516588305
GKBug_v3,4,11,1,0,0,88.175,14.5,0.0713932811290521,0.004887480564105845
GKBug_v3,4,12,1,0,0,29.35833333333333,2.75,0.09383421943319056,0.0025780352378687046
GKBug_v3,4,13,0,1,0,49.36666666666667,7.75,0.03291983580879475,0.0022116918201767147
GKBug_v3,4,14,1,0,0,48.175000000000004,43.75,0.04802596830095682,0.00815311022547264
GKBug_v3,4,15,1,0,0,61.99166666666667,57.75,0.06754190020033866,0.009772555170303043
GKBug_v3,4,16,1,0,0,57.53333333333334,4.0,0.05963266815642744,0.0010410025556188381
GKBug_v3,4,17,1,0,0,65.95,41.25,0.0660561949409297,0.010743021361245636
GKBug_v3,4,18,1,0,0,62.61666666666667,49.0,0.0702322419969329,0.02033371600291336
GKBug_v3,4,19,1,0,0,42.175000000000004,17.0,0.07874102225045496,0.008976824670144592
GKBug_v3,4,20,1,0,0,52.983333333333334,32.25,0.08816844947071005,0.013827535690648913
GKBug_v3,4,21,1,0,0,47.65833333333334,37.0,0.07632235259492819,0.013379209026177908
GKBug_v3,4,22,1,0,0,62.275000000000006,64.25,0.05653314089833116,0.016089708892539054
GKBug_v3,4,23,1,0,0,71.49166666666666,30.0,0.0626283995778287,0.006499584394340781
GKBug_v3,4,24,1,0,0,92.175,12.0,0.08172539395625981,0.002116280926604603
GKBug_v3,5,0,1,0,0,59.95,32.25,0.06312268810434382,0.01714862293060235
GKBug_v3,5,1,0,1,0,99.75,1.5,0.0,0.0005022077436224506
GKBug_v3,5,2,1,0,0,68.88333333333333,18.25,0.0862730978340613,0.0014929323894050093
GKBug_v3,5,3,0,1,0,88.86666666666667,20.0,0.07254620539495761,0.008849238186967121
GKBug_v3,5,4,1,0,0,66.80833333333334,40.75,0.08273699100315364,0.018269404997707177
GKBug_v3,5,5,0,1,0,56.88333333333333,26.5,0.07018026724983667,0.012295592886897537
GKBug_v3,5,6,1,0,0,70.20833333333333,39.5,0.06183278192234388,0.017000543481675415
GKBug_v3,5,7,1,0,0,76.73333333333333,33.0,0.07321556605231758,0.014581806327940448
GKBug_v3,5,8,0,1,0,96.1,7.0,0.06842424793399902,0.0021447555995998974
GKBug_v3,5,9,0,0,1,45.7,16.25,0.05126271707016283,0.004805406352849971
GKBug_v3,5,10,0,1,0,72.75,4.25,0.06448312144862074,0.001010904412019852
GKBug_v3,5,11,0,1,0,75.08333333333333,40.25,0.05336448177751322,0.009439207621232593
GKBug_v3,5,12,1,0,0,46.19166666666666,23.25,0.053002144825787835,0.012569526703455637
GKBug_v3,5,13,0,1,0,68.375,48.25,0.11726585815199052,0.0516096273808272
GKBug_v3,5,14,1,0,0,79.03333333333333,26.0,0.0822830558736732,0.010894163540476239
GKBug_v3,5,15,1,0,0,58.416666666666664,39.25,0.053110724655413756,0.010051342928370259
GKBug_v3,5,16,1,0,0,68.83333333333333,43.75,0.07637910698546597,0.03493007265789683
GKBug_v3,5,17,0,1,0,52.37500000000001,15.75,0.04942047887439983,0.0040547529225554825
GKBug_v3,5,18,0,1,0,24.975,0.25,0.047289508749048054,0.00048076227267766314
GKBug_v3,5,19,1,0,0,58.72500000000001,29.25,0.07405342367307029,0.014609117965281249
GKBug_v3,5,20,1,0,0,49.166666666666664,25.25,0.07043440285109759,0.01520837670104143
GKBug_v3,5,21,0,1,0,34.59166666666667,15.25,0.066056413962783,0.005516807440377532
GKBug_v3,5,22,1,0,0,33.483333333333334,16.0,0.05852184325964141,0.01786759472305068
GKBug_v3,5,23,0,1,0,74.64166666666667,3.25,0.0,0.0003731591500950374
GKBug_v3,5,24,0,1,0,27.341666666666665,3.25,0.060777529269074954,0.0012751516336768048
GKBug_v3,6,0,1,0,0,30.025000000000002,8.25,0.13906211427577483,0.0019480295536402016
GKBug_v3,6,1,1,0,0,50.44166666666666,45.75,0.07561705610330152,0.011867954582401022
GKBug_v3,6,2,1,0,0,61.56666666666667,56.0,0.06433194766108387,0.009795571993103372
GKBug_v3,6,3,1,0,0,62.63333333333333,52.25,0.06911847678150479,0.010949842908000173
GKBug_v3,6,4,1,0,0,62.64999999999999,56.0,0.07265544175108242,0.010324609156407228
GKBug_v3,6,5,1,0,0,68.24166666666667,45.75,0.06359905313985241,0.00846216923794707
GKBug_v3,6,6,1,0,0,47.34166666666667,28.75,0.07851956003047625,0.012131416364528776
GKBug_v3,6,7,1,0,0,85.88333333333334,16.5,0.04923655467441931,0.004844749059652121
GKBug_v3,6,8,1,0,0,66.51666666666667,52.0,0.07827615946922802,0.013712421391971855
GKBug_v3,6,9,1,0,0,55.883333333333326,56.0,0.05736005240614505,0.011423064156958975
GKBug_v3,6,10,1,0,0,74.88333333333334,26.0,0.06928113706755916,0.00855759749439746
GKBug_v3,6,11,1,0,0,59.63333333333334,45.0,0.057437977191285475,0.010408354946461282
GKBug_v3,6,12,1,0,0,52.125,56.0,0.07611458411736548,0.009378902171602175
GKBug_v3,6,13,1,0,0,36.31666666666667,8.75,0.06220087023054497,0.00393399152402381
GKBug_v3,6,14,1,0,0,32.58333333333333,8.75,0.05537917078142611,0.0059701097995602925
GKBug_v3,6,15,0,1,0,31.15,2.75,0.08804298729131552,0.0027423914951728552
GKBug_v3,6,16,1,0,0,57.10833333333334,59.5,0.07914139181818655,0.017392139962883604
GKBug_v3,6,17,1,0,0,62.79166666666667,61.25,0.07067329758262814,0.0184614395865515
GKBug_v3,6,18,1,0,0,61.88333333333333,38.75,0.07128078374311325,0.012154004809325169
GKBug_v3,6,19,1,0,0,61.483333333333334,47.25,0.06685934848474455,0.033435738722339306
GKBug_v3,6,20,1,0,0,37.175000000000004,17.25,0.07535350643393832,0.007022243306756426
GKBug_v3,6,21,1,0,0,35.6,17.75,0.13015863552505344,0.007097539423808208
GKBug_v3,6,22,1,0,0,44.99166666666667,14.25,0.03886549075440074,0.004852754206133481
GKBug_v3,6,23,1,0,0,53.974999999999994,64.25,0.0665894576928881,0.01367429569269083
GKBug_v3,6,24,1,0,0,50.916666666666664,42.25,0.07156985522554885,0.014834069693765418
GKBug_v3,7,0,1,0,0,52.38333333333334,50.0,0.054641012703975284,0.02353044198565372
GKBug_v3,7,1,1,0,0,48.675000000000004,46.75,0.07302810864241613,0.007973443788673915
GKBug_v3,7,2,1,0,0,50.74999999999999,41.75,0.08297182587613455,0.008283557131308605
GKBug_v3,7,3,1,0,0,45.016666666666666,39.5,0.055061050948436774,0.0211879015125203
GKBug_v3,7,4,1,0,0,73.64166666666667,29.0,0.05428320184332725,0.007162166737657627
GKBug_v3,7,5,0,1,0,28.133333333333333,2.75,0.05821203355634706,0.0015553135269342397
GKBug_v3,7,6,1,0,0,22.333333333333332,16.0,0.04337404089641321,0.005666608736805305
GKBug_v3,7,7,0,1,0,30.166666666666668,2.5,0.0297289030195855,0.0011015674575113104
GKBug_v3,7,8,1,0,0,36.25,31.5,0.08182423751567958,0.008321580743900691
GKBug_v3,7,9,1,0,0,30.725,12.75,0.029325065001395024,0.009626916789530999
GKBug_v3,7,10,1,0,0,58.58333333333333,29.5,0.07010517737545077,0.011583975483975844
GKBug_v3,7,11,1,0,0,64.99166666666667,40.25,0.06104017030088812,0.013228290523258149
GKBug_v3,7,12,1,0,0,22.733333333333334,17.5,0.05831119251764114,0.00653462580589932
GKBug_v3,7,13,1,0,0,51.11666666666667,17.5,0.04040253830957627,0.0032047028285679324
GKBug_v3,7,14,0,1,0,25.258333333333333,1.25,0.04109421176697116,0.0005543231204941287
GKBug_v3,7,15,1,0,0,38.44166666666667,15.25,0.10263580496128238,0.008514854304338501
GKBug_v3,7,16,1,0,0,60.699999999999996,56.0,0.06699680810887522,0.009471135111921311
GKBug_v3,7,17,0,1,0,11.333333333333332,8.0,0.04805623823766032,0.0026170614480399974
GKBug_v3,7,18,1,0,0,43.65833333333333,23.0,0.14320995922172539,0.0049072858929226915
GKBug_v3,7,19,1,0,0,49.06666666666666,45.0,0.06916537113838366,0.013591492783237026
GKBug_v3,7,20,1,0,0,28.125,4.25,0.05335510759064982,0.0031938025887438947
GKBug_v3,7,21,1,0,0,20.216666666666665,10.0,0.03744343786310091,0.0052231668061901645
GKBug_v3,7,22,1,0,0,62.55833333333334,51.5,0.0664652976972795,0.012822517491147854
GKBug_v3,7,23,1,0,0,61.55833333333334,46.25,0.059701128122312694,0.011266957624494863
GKBug_v3,7,24,1,0,0,31.533333333333335,7.25,0.057809155238003104,0.004993397918676488
GKBug_v3,8,0,1,0,0,50.06666666666667,40.5,0.048660660976208414,0.013668421548549919
GKBug_v3,8,1,1,0,0,59.80833333333333,47.75,0.07559763772571336,0.00937477808555317
GKBug_v3,8,2,1,0,0,32.5,9.75,0.04199120064712047,0.0044032872510942804
GKBug_v3,8,3,1,0,0,53.44166666666666,42.0,0.058034070369413014,0.020069868913947946
GKBug_v3,8,4,1,0,0,62.541666666666664,38.0,0.06222006040586093,0.0064683020889156504
GKBug_v3,8,5,1,0,0,84.36666666666667,37.0,0.06054129361968361,0.005944954771918781
GKBug_v3,8,6,1,0,0,32.65833333333333,11.0,0.15271697289965813,0.004151324308898092
GKBug_v3,8,7,0,1,0,51.55833333333333,5.0,0.05472564309105747,0.0010546697590880798
GKBug_v3,8,8,0,1,0,73.23333333333333,3.75,0.06808114921444003,0.0006106280596453377
GKBug_v3,8,9,1,0,0,56.425000000000004,55.0,0.07303133220053623,0.009882852253534368
GKBug_v3,8,10,1,0,0,44.55833333333333,32.5,0.07142857588874607,0.019110499613118552
GKBug_v3,8,11,1,0,0,66.225,60.5,0.05976373403574105,0.009216027983999907
GKBug_v3,8,12,1,0,0,56.46666666666667,60.75,0.08659065011295496,0.010514668852242177
GKBug_v3,8,13,1,0,0,61.133333333333326,44.0,0.04931402038938443,0.02094010969460723
GKBug_v3,8,14,0,1,0,24.975,0.25,0.04070434736257608,0.0003809246557286758
GKBug_v3,8,15,1,0,0,38.78333333333333,35.0,0.07146284634074387,0.011361098129045375
GKBug_v3,8,16,1,0,0,36.083333333333336,12.25,0.04833040933783852,0.004603060679396916
GKBug_v3,8,17,0,1,0,26.174999999999997,3.25,0.08517056498246992,0.0005648548096546652
GKBug_v3,8,18,1,0,0,45.550000000000004,26.75,0.06831351413744632,0.015766490705938514
GKBug_v3,8,19,1,0,0,60.983333333333334,61.25,0.07085412503267928,0.019499142069578305
GKBug_v3,8,20,1,0,0,37.541666666666664,17.75,0.14534174424786825,0.0039049981471588214
GKBug_v3,8,21,0,1,0,30.866666666666664,3.25,0.08483194121940438,0.0013762507083247212
GKBug_v3,8,22,0,1,0,31.683333333333337,7.75,0.0790949956086415,0.005812531774355846
GKBug_v3,8,23,1,0,0,60.00833333333333,35.5,0.04890541625710802,0.009885773667456868
GKBug_v3,8,24,1,0,0,61.59166666666667,40.5,0.08405496708288607,0.029310641051517553
GKBug_v3,9,0,1,0,0,57.86666666666667,21.0,0.06569450135010116,0.012356287675490282
GKBug_v3,9,1,0,0,1,36.65,11.75,0.03899429217840871,0.005312199930260195
GKBug_v3,9,2,0,1,0,23.275000000000002,12.5,0.08393210713830282,0.010744849073914035
GKBug_v3,9,3,0,1,0,52.75,26.0,0.07001873556189973,0.010494825034861877
GKBug_v3,9,4,1,0,0,60.75000000000001,40.0,0.07863352349896663,0.018566335535068538
GKBug_v3,9,5,0,1,0,30.0,4.75,0.05250817147870344,0.003921765521632854
GKBug_v3,9,6,0,0,1,67.20833333333334,40.0,0.07027317050325647,0.010259519620524592
GKBug_v3,9,7,1,0,0,61.18333333333334,44.0,0.10447682750167755,0.01921725097204612
GKBug_v3,9,8,0,1,0,59.358333333333334,25.0,0.07678892639516947,0.01170348936980655
GKBug_v3,9,9,0,1,0,27.525,9.0,0.06269115239365206,0.0057471843481787235
GKBug_v3,9,10,1,0,0,61.64166666666666,45.5,0.07258000389815926,0.01545393595084529
GKBug_v3,9,11,0,1,0,5.949999999999999,5.0,0.06905045509527599,0.0019884375666412105
GKBug_v3,9,12,1,0,0,22.8,15.5,0.08299748575329784,0.010517070768343318
GKBug_v3,9,13,0,0,1,50.575,26.75,0.07700525312141827,0.011895148297234943
GKBug_v3,9,14,1,0,0,24.84166666666667,20.5,0.057380352232356824,0.011868508351438418
GKBug_v3,9,15,0,1,0,56.525000000000006,8.0,0.04684807841210604,0.007438512117133237
GKBug_v3,9,16,1,0,0,47.516666666666666,35.5,0.05739444510311398,0.02405853692800277
GKBug_v3,9,17,0,1,0,58.51666666666666,25.25,0.06647027452807434,0.016769081727174784
GKBug_v3,9,18,1,0,0,87.74166666666666,13.5,0.06972062933945275,0.004503163721139384
GKBug_v3,9,19,0,1,0,74.5,3.75,0.0,0.0006243050354462898
GKBug_v3,9,20,1,0,0,67.25,32.5,0.05451083540913759,0.012806225090154647
GKBug_v3,9,21,0,1,0,58.325,31.5,0.06126420478132322,0.030619002015634385
GKBug_v3,9,22,1,0,0,53.09166666666667,30.25,0.08302926044670733,0.017666671426512303
GKBug_v3,9,23,0,1,0,58.06666666666666,21.75,0.1243554797601384,0.0069248240978522346
GKBug_v3,9,24,1,0,0,51.49166666666667,33.0,0.07962793057278947,0.013481458671158936
GKBug_v3,10,0,0,0,1,50.50833333333333,25.75,0.06560122905619509,0.020766619444230642
GKBug_v3,10,1,0,0,1,38.68333333333333,11.75,0.11848651995347514,0.0047254609545405
GKBug_v3,10,2,1,0,0,59.516666666666666,34.5,0.10183257609767038,0.02653521841787091
GKBug_v3,10,3,0,1,0,99.325,3.0,0.0,0.0001443930119251197
GKBug_v3,10,4,1,0,0,58.84166666666667,30.0,0.05800686218777841,0.010807980208083184
GKBug_v3,10,5,0,0,1,73.125,8.25,0.05915606753202869,0.003103716602951506
GKBug_v3,10,6,1,0,0,67.09166666666667,49.75,0.09269001849658538,0.028375788586734826
GKBug_v3,10,7,1,0,0,43.84166666666667,27.5,0.05724010702202182,0.01386282977291859
GKBug_v3,10,8,0,1,0,17.183333333333334,14.0,0.05675834414646111,0.008248417177191068
GKBug_v3,10,9,1,0,0,36.03333333333333,15.25,0.04524176841446313,0.006057556999993795
GKBug_v3,10,10,0,1,0,86.65833333333333,11.5,0.07562857428865953,0.0031594264124012467
GKBug_v3,10,11,0,1,0,98.73333333333333,2.5,0.0,0.00034644385742517724
GKBug_v3,10,12,0,1,0,67.75833333333333,8.0,0.05638760102332826,0.0011857388719584763
GKBug_v3,10,13,0,0,1,67.25,34.5,0.06080647145353953,0.010004528430263507
GKBug_v3,10,14,0,1,0,59.38333333333333,25.75,0.05679508174381862,0.011688316016807747
GKBug_v3,10,15,0,1,0,30.833333333333336,7.75,0.06745135200812427,0.01044686202067545
GKBug_v3,10,16,0,1,0,28.999999999999996,3.25,0.08695064568404595,0.0030493352554209186
GKBug_v3,10,17,1,0,0,65.2,41.0,0.08311480548860833,0.025461856953006207
GKBug_v3,10,18,1,0,0,72.225,35.75,0.07812164347784853,0.012503783164026103
GKBug_v3,10,19,0,1,0,79.38333333333333,30.0,0.08150228765820129,0.011923048987242816
GKBug_v3,10,20,1,0,0,73.23333333333333,35.75,0.07048351981797367,0.01697300254720637
GKBug_v3,10,21,1,0,0,54.18333333333333,23.5,0.07094497397021851,0.0061877312657768815
GKBug_v3,10,22,0,0,1,71.16666666666667,28.25,0.07543580323770742,0.009566821717897444
GKBug_v3,10,23,1,0,0,63.849999999999994,45.25,0.07382744868241303,0.011242801636270604
GKBug_v3,10,24,0,1,0,42.00833333333333,26.0,0.07905950708135277,0.006527595094691339
GKBug_v3,11,0,0,0,1,69.21666666666667,12.25,0.07166924398795552,0.004402495751086408
GKBug_v3,11,1,0,1,0,32.25833333333333,9.25,0.10052003715167258,0.00266422349309085
GKBug_v3,11,2,1,0,0,56.041666666666664,35.5,0.07627421485230933,0.011830238385353834
GKBug_v3,11,3,1,0,0,55.425000000000004,15.0,0.09569093789168381,0.006651721699457245
GKBug_v3,11,4,0,1,0,84.54166666666667,17.0,0.10228405753852764,0.0030420437969256734
GKBug_v3,11,5,1,0,0,44.44166666666667,24.25,0.06070319607041379,0.004860252470669612
GKBug_v3,11,6,1,0,0,64.625,26.0,0.07465961057236235,0.01435160526325922
GKBug_v3,11,7,0,1,0,55.05,32.75,0.06927227957087644,0.008953239644830923
GKBug_v3,11,8,0,1,0,31.758333333333333,4.25,0.10120346433510045,0.014153693466918266
GKBug_v3,11,9,0,0,1,52.19166666666667,25.5,0.02379617227667508,0.015950353461006466
GKBug_v3,11,10,0,0,1,66.45833333333333,36.0,0.09043839571113728,0.03019352390784205
GKBug_v3,11,11,0,1,0,99.40833333333333,3.0,0.0,0.0002100249171282355
GKBug_v3,11,12,0,1,0,61.00833333333333,14.0,0.05062220282123876,0.010896794801006086
GKBug_v3,11,13,0,1,0,44.483333333333334,19.75,0.11039912189974609,0.01612204048753603
GKBug_v3,11,14,0,1,0,27.116666666666667,5.25,0.037451281533579586,0.005354289360687153
GKBug_v3,11,15,0,1,0,53.75,32.75,0.06129685150850919,0.008504150010992502
GKBug_v3,11,16,0,1,0,40.09166666666666,22.0,0.04168149894783391,0.014104441293218308
GKBug_v3,11,17,0,0,1,67.70833333333334,43.0,0.05622987036299939,0.012964043288465238
GKBug_v3,11,18,0,0,1,65.35,34.25,0.059748472332144045,0.02390441324437149
GKBug_v3,11,19,0,1,0,34.775,4.25,0.09437586418728112,0.004067998139717026
GKBug_v3,11,20,1,0,0,50.80833333333333,28.25,0.06979958580266134,0.021335539554912145
GKBug_v3,11,21,0,1,0,15.016666666666667,6.75,0.07977161853188014,0.00293580567788995
GKBug_v3,11,22,0,1,0,44.09166666666667,31.5,0.059926076898522654,0.007484939665326238
GKBug_v3,11,23,1,0,0,87.64999999999999,14.5,0.1194419121830607,0.00455192445637298
GKBug_v3,11,24,1,0,0,63.44166666666666,45.0,0.058409785183549424,0.015127617288307688
GKBug_v3,12,0,1,0,0,61.391666666666666,53.0,0.060854195930572466,0.01091162302863029
GKBug_v3,12,1,1,0,0,53.96666666666666,40.5,0.05252592769513749,0.007662603586312545
GKBug_v3,12,2,1,0,0,27.98333333333333,32.75,0.04906951376560035,0.012558368745422708
GKBug_v3,12,3,1,0,0,42.03333333333333,27.5,0.052842420240105964,0.012992452139237724
GKBug_v3,12,4,1,0,0,57.791666666666664,59.75,0.06836407354879724,0.010165335973617021
GKBug_v3,12,5,1,0,0,77.75,23.25,0.07582940051074896,0.006691970010158579
GKBug_v3,12,6,1,0,0,40.775,21.75,0.08466000331141764,0.008018143863065643
GKBug_v3,12,7,1,0,0,64.925,53.75,0.07208231784666178,0.017102414944912856
GKBug_v3,12,8,1,0,0,60.425,43.75,0.060406854691220924,0.019556777318810746
GKBug_v3,12,9,0,1,0,32.516666666666666,5.75,0.08377214308603895,0.002728744349953428
GKBug_v3,12,10,1,0,0,68.45833333333333,40.0,0.06980118256796082,0.01055613707665529
GKBug_v3,12,11,1,0,0,39.80833333333334,43.75,0.037202068356474605,0.006070092641011891
GKBug_v3,12,12,1,0,0,48.8,20.75,0.04723084502535687,0.012448199875791828
GKBug_v3,12,13,1,0,0,52.15,53.75,0.08569527782181187,0.015014646083162522
GKBug_v3,12,14,1,0,0,58.10833333333333,61.5,0.07384774374443734,0.017411665923071157
GKBug_v3,12,15,1,0,0,63.16666666666667,57.0,0.05217146231966065,0.008206924297814038
GKBug_v3,12,16,1,0,0,56.85,58.75,0.06288470108688247,0.0070665741309415145
GKBug_v3,12,17,1,0,0,88.83333333333333,13.5,0.0650567059146481,0.004539151272700445
GKBug_v3,12,18,1,0,0,37.275000000000006,28.5,0.06485491741150862,0.012205413246090932
GKBug_v3,12,19,1,0,0,33.141666666666666,9.25,0.07947619570068527,0.0035536965319347136
GKBug_v3,12,20,1,0,0,52.449999999999996,54.25,0.0872239461326131,0.011479259593426596
GKBug_v3,12,21,1,0,0,43.99166666666667,17.75,0.07644747802940567,0.0068953984593419495
GKBug_v3,12,22,1,0,0,92.7,8.0,0.06123113873009462,0.004321407827253836
GKBug_v3,12,23,1,0,0,33.166666666666664,13.0,0.07905484510205049,0.002940468988674924
GKBug_v3,12,24,1,0,0,29.825000000000003,30.5,0.05422843666636485,0.009497992512635396
GKBug_v3,13,0,1,0,0,67.0,47.0,0.07686432287348825,0.01797717322428152
GKBug_v3,13,1,1,0,0,76.20833333333333,41.25,0.09700301325122422,0.015143762394017539
GKBug_v3,13,2,0,0,1,63.475,29.25,0.06683100287290422,0.015332838932661248
GKBug_v3,13,3,1,0,0,62.74166666666666,45.5,0.08054598908730702,0.00952234620848192
GKBug_v3,13,4,1,0,0,51.975,26.25,0.06735429800505789,0.014609185320399
GKBug_v3,13,5,0,0,1,59.40833333333333,30.25,0.07535296911905418,0.01168144644994329
GKBug_v3,13,6,1,0,0,63.175000000000004,43.25,0.08095315754099451,0.014674512345906124
GKBug_v3,13,7,0,1,0,69.675,12.75,0.07887156713610204,0.011491486927817526
GKBug_v3,13,8,0,1,0,42.858333333333334,17.25,0.061469822452342913,0.02369784067011611
GKBug_v3,13,9,0,1,0,67.77499999999999,42.5,0.10570467943112406,0.01402893615538484
GKBug_v3,13,10,0,0,1,38.475,22.5,0.10450308721031347,0.007697082957981442
GKBug_v3,13,11,0,1,0,57.93333333333334,29.25,0.05604894297407471,0.011463327577829589
GKBug_v3,13,12,1,0,0,67.60000000000001,35.5,0.05342837815363451,0.01953498912416634
GKBug_v3,13,13,1,0,0,55.36666666666667,41.75,0.05545964695261914,0.019420052994192978
GKBug_v3,13,14,1,0,0,69.45833333333333,43.25,0.061698776610831535,0.008525546776805611
GKBug_v3,13,15,0,1,0,99.47500000000001,2.0,0.0,0.000828980993072347
GKBug_v3,13,16,0,1,0,96.25833333333334,2.5,0.03375286049258284,0.0003131780226506073
GKBug_v3,13,17,1,0,0,63.775000000000006,35.0,0.06981006606517211,0.014850444882587193
GKBug_v3,13,18,0,1,0,42.075,9.75,0.08344018307109312,0.00608480478876206
GKBug_v3,13,19,1,0,0,65.56666666666666,56.75,0.09389111747077018,0.02186023663373319
GKBug_v3,13,20,1,0,0,42.90833333333333,22.25,0.0913972095505511,0.01317091481352231
GKBug_v3,13,21,1,0,0,66.98333333333333,50.0,0.10045457436192014,0.011188138558852378
GKBug_v3,13,22,0,1,0,71.99166666666666,9.25,0.10852311719616593,0.0016749997173442558
GKBug_v3,13,23,0,0,1,76.80833333333334,28.5,0.08609860520442675,0.01500498591560595
GKBug_v3,13,24,1,0,0,38.80833333333334,11.0,0.054173497410361746,0.01523640153619193
GKBug_v3,14,0,0,1,0,40.74166666666667,29.25,0.051352562647486215,0.012880234051163593
GKBug_v3,14,1,0,0,1,42.90833333333333,27.5,0.04609999843789254,0.014200693277156897
GKBug_v3,14,2,1,0,0,39.525,11.25,0.05925182449059351,0.011826196831431072
GKBug_v3,14,3,0,1,0,50.21666666666667,10.5,0.039884809815348005,0.0058721587190569
GKBug_v3,14,4,0,1,0,45.983333333333334,15.25,0.11701459026224116,0.023978975976290725
GKBug_v3,14,5,0,1,0,40.300000000000004,9.75,0.04497164614473218,0.009975002831438411
GKBug_v3,14,6,1,0,0,34.86666666666667,12.0,0.07357377227217078,0.005543085810782388
GKBug_v3,14,7,0,0,1,50.49166666666667,30.0,0.07287403272923976,0.014020112975060934
GKBug_v3,14,8,1,0,0,52.65833333333333,17.25,0.047686100125644865,0.009759276700236574
GKBug_v3,14,9,0,1,0,45.75833333333333,20.25,0.05339810982943503,0.01480242855207084
GKBug_v3,14,10,0,0,1,54.11666666666667,6.5,0.049992276563436994,0.012507498024777677
GKBug_v3,14,11,0,1,0,32.35,7.25,0.058554997936978916,0.0024219170517465584
GKBug_v3,14,12,0,1,0,27.266666666666666,7.25,0.05980621760142111,0.0028351669347193263
GKBug_v3,14,13,0,1,0,66.35833333333333,47.75,0.07119356862588894,0.017011003672272824
GKBug_v3,14,14,0,1,0,25.424999999999997,2.25,0.042475148804676045,0.0003958098708089678
GKBug_v3,14,15,0,1,0,36.199999999999996,6.75,0.11208099076397207,0.008650957713010846
GKBug_v3,14,16,0,1,0,63.23333333333333,41.0,0.0641810017710871,0.012588321233930095
GKBug_v3,14,17,0,1,0,29.441666666666666,4.25,0.07485078148187771,0.003207201758226922
GKBug_v3,14,18,0,1,0,34.416666666666664,5.75,0.08852809048166099,0.005232396602230322
GKBug_v3,14,19,0,1,0,99.39166666666667,2.0,0.0,0.0007060085268932243
GKBug_v3,14,20,1,0,0,38.550000000000004,16.75,0.07941939889472037,0.006224562106307813
GKBug_v3,14,21,1,0,0,65.66666666666666,30.0,0.07577361442137416,0.0075457026510390235
GKBug_v3,14,22,1,0,0,36.825,16.25,0.0599322908835743,0.014792281511374714
GKBug_v3,14,23,1,0,0,33.06666666666666,16.0,0.07186611563473164,0.008976857908950739
GKBug_v3,14,24,0,1,0,73.16666666666667,3.75,0.06339549141678819,0.0008976132781204256
GKBug_v3,15,0,1,0,0,62.14166666666666,67.75,0.0661688053298098,0.010218623644525072
GKBug_v3,15,1,1,0,0,27.641666666666666,6.75,0.11363898691068862,0.0007589496014382595
GKBug_v3,15,2,1,0,0,19.55,15.25,0.1310993420104376,0.0032212951035992714
GKBug_v3,15,3,1,0,0,48.11666666666667,37.5,0.07530491325844374,0.013596865820987451
GKBug_v3,15,4,1,0,0,70.83333333333334,58.5,0.0709694701569068,0.012492747877304441
GKBug_v3,15,5,1,0,0,65.94166666666666,37.5,0.06113450568561838,0.033205756005507396
GKBug_v3,15,6,1,0,0,96.35833333333333,3.5,0.06921021410945194,0.0014065670178231462
GKBug_v3,15,7,0,1,0,33.016666666666666,13.5,0.05579447758505296,0.004900149539589784
GKBug_v3,15,8,1,0,0,61.875,29.0,0.06273982436881169,0.006304087695799003
GKBug_v3,15,9,0,1,0,7.2666666666666675,3.5,0.09550113184528954,0.0015071847950321989
GKBug_v3,15,10,1,0,0,34.291666666666664,13.75,0.07288769815194662,0.004031973418943137
GKBug_v3,15,11,1,0,0,48.94166666666667,35.25,0.0714739420976631,0.007573960865942197
GKBug_v3,15,12,1,0,0,29.9,4.75,0.08865823222947586,0.0042175624748462745
GKBug_v3,15,13,1,0,0,62.324999999999996,60.5,0.05936376174804601,0.014151504368965914
GKBug_v3,15,14,1,0,0,56.89999999999999,55.75,0.059231801432485263,0.009744136503588467
GKBug_v3,15,15,0,1,0,33.19166666666667,4.25,0.08865309837121582,0.0031261909970169807
GKBug_v3,15,16,1,0,0,65.8,48.0,0.0737818319567695,0.008347360928700689
GKBug_v3,15,17,0,1,0,29.30833333333333,3.75,0.04521604889689457,0.0014691276032330323
GKBug_v3,15,18,1,0,0,56.06666666666666,35.25,0.09838535492124706,0.01103939148438399
GKBug_v3,15,19,1,0,0,97.26666666666667,7.0,0.07883189503085526,0.0008906751860294627
GKBug_v3,15,20,1,0,0,94.68333333333334,8.5,0.07108456215400467,0.0014714508369524316
GKBug_v3,15,21,1,0,0,51.391666666666666,32.25,0.0637392106251925,0.021623190990745944
GKBug_v3,15,22,1,0,0,24.108333333333334,13.5,0.06658406978152266,0.009666334606460032
GKBug_v3,15,23,1,0,0,52.825,24.25,0.06310257246829735,0.013945294610224025
GKBug_v3,15,24,1,0,0,48.55,31.25,0.0818573123828433,0.007612844577475099
GKBug_v3,16,0,0,1,0,24.975,0.25,0.04697110090670216,0.0006029971391782539
GKBug_v3,16,1,0,1,0,89.81666666666666,10.0,0.07626814551690772,0.00527995335140656
GKBug_v3,16,2,1,0,0,63.824999999999996,53.0,0.07199018022397359,0.021923324946275663
GKBug_v3,16,3,1,0,0,58.40833333333333,56.25,0.07191772403887503,0.012925927282083456
GKBug_v3,16,4,1,0,0,64.85,37.0,0.0713486328643089,0.016523685068789793
GKBug_v3,16,5,1,0,0,39.71666666666667,38.75,0.04373754827972128,0.01685108348296044
GKBug_v3,16,6,1,0,0,51.74166666666666,31.0,0.07041617443626064,0.005430960804098195
GKBug_v3,16,7,1,0,0,60.40833333333333,54.5,0.07932476878023044,0.01645438863656225
GKBug_v3,16,8,0,1,0,25.458333333333332,0.75,0.05154578222888126,0.0005450120095650408
GKBug_v3,16,9,1,0,0,58.791666666666664,56.0,0.08886329254368511,0.012692118319142971
GKBug_v3,16,10,1,0,0,73.89166666666667,8.25,0.06179772661416191,0.0013805204682182447
GKBug_v3,16,11,1,0,0,39.733333333333334,20.75,0.14088174394544728,0.007391550263427922
GKBug_v3,16,12,1,0,0,53.95833333333333,45.75,0.06711484795880615,0.0105664804989068
GKBug_v3,16,13,1,0,0,30.975,12.75,0.017156479147147834,0.005229135422110678
GKBug_v3,16,14,1,0,0,54.53333333333333,59.5,0.06391794000316005,0.010286606717921871
GKBug_v3,16,15,1,0,0,34.94166666666666,13.5,0.047001210151003225,0.0036692484769661896
GKBug_v3,16,16,1,0,0,48.31666666666667,27.25,0.08148420904065434,0.01103754461410433
GKBug_v3,16,17,1,0,0,47.55,32.75,0.07621138431847088,0.009721197026131513
GKBug_v3,16,18,1,0,0,53.108333333333334,42.0,0.07251738479046732,0.01676233862439702
GKBug_v3,16,19,1,0,0,87.71666666666667,18.0,0.07470498827106399,0.005172814690371123
GKBug_v3,16,20,1,0,0,58.9,60.5,0.05865480529490845,0.013531083562802883
GKBug_v3,16,21,1,0,0,39.31666666666666,16.75,0.07522544964973264,0.004343440287248167
GKBug_v3,16,22,1,0,0,36.09166666666667,5.75,0.07975110091015393,0.0044171887264108835
GKBug_v3,16,23,1,0,0,55.141666666666666,51.0,0.06565855613861024,0.008237430850407838
GKBug_v3,16,24,1,0,0,51.93333333333333,51.75,0.06814957827826594,0.009764331453938948
GKBug_v3,17,0,0,1,0,65.8,39.75,0.09523854039344733,0.014648834802658231
GKBug_v3,17,1,0,0,1,54.858333333333334,21.25,0.051357880314856004,0.013631489220280537
GKBug_v3,17,2,0,1,0,27.916666666666668,3.75,0.11661304947339043,0.0016748438611786758
GKBug_v3,17,3,1,0,0,61.241666666666674,35.5,0.06026601942944719,0.009565963879066889
GKBug_v3,17,4,0,1,0,32.416666666666664,6.75,0.04597148365478991,0.008878257533975333
GKBug_v3,17,5,0,1,0,39.50833333333333,19.25,0.07272071243180622,0.012051773655229208
GKBug_v3,17,6,1,0,0,62.5,30.75,0.07950060023218423,0.019850028366653855
GKBug_v3,17,7,0,0,1,48.15,26.75,0.12688891458737964,0.007013190941346651
GKBug_v3,17,8,0,1,0,87.74166666666666,14.5,0.06333128651518648,0.003624298895449847
GKBug_v3,17,9,0,1,0,96.05,7.0,0.03421738164078869,0.0012041766344947386
GKBug_v3,17,10,1,0,0,70.3,40.75,0.07776465376748125,0.013694892348996252
GKBug_v3,17,11,0,1,0,74.58333333333333,2.75,0.0,9.44443649596127e-05
GKBug_v3,17,12,0,1,0,27.35,3.75,0.05202539526748699,0.004601830883048004
GKBug_v3,17,13,0,1,0,68.925,32.25,0.07555825322436904,0.018106101733013205
GKBug_v3,17,14,1,0,0,64.25,38.25,0.06805681802312655,0.011021856887347276
GKBug_v3,17,15,1,0,0,50.6,43.5,0.052002596379228334,0.013018469498504322
GKBug_v3,17,16,0,1,0,56.05833333333333,27.25,0.054877477852409,0.009742603530447671
GKBug_v3,17,17,1,0,0,52.525,24.75,0.08404194475157468,0.009705404442127263
GKBug_v3,17,18,1,0,0,63.93333333333333,32.5,0.06423032592858047,0.01726532212015104
GKBug_v3,17,19,1,0,0,45.18333333333333,49.25,0.08234835138868425,0.023911859637664543
GKBug_v3,17,20,1,0,0,93.99166666666666,12.5,0.0688474328384021,0.0023947712817570022
GKBug_v3,17,21,1,0,0,49.141666666666666,24.5,0.0946456052936681,0.013614832438890574
GKBug_v3,17,22,0,1,0,30.375000000000004,25.5,0.06380562708828998,0.009738033028256847
GKBug_v3,17,23,0,1,0,74.96666666666667,2.75,0.0,0.0007026575044249801
GKBug_v3,17,24,1,0,0,68.85,46.25,0.07072981750060582,0.025585335772975545
GKBug_v3,18,0,1,0,0,37.90833333333333,20.25,0.0674349597883798,0.010886424718219923
GKBug_v3,18,1,1,0,0,11.491666666666667,11.5,0.043264004259593807,0.001923449971593431
GKBug_v3,18,2,1,0,0,48.81666666666667,36.25,0.07592553541803651,0.006808274530108866
GKBug_v3,18,3,1,0,0,26.908333333333335,6.75,0.06112742118694014,0.002071600026921489
GKBug_v3,18,4,1,0,0,52.86666666666666,33.5,0.055585962739080085,0.015250956224634543
GKBug_v3,18,5,1,0,0,46.550000000000004,29.75,0.0843377403286968,0.009671662986961546
GKBug_v3,18,6,1,0,0,60.50833333333333,54.75,0.06754274037013512,0.010815270574312332
GKBug_v3,18,7,1,0,0,60.3,44.25,0.07538185969845598,0.012433568280902594
GKBug_v3,18,8,1,0,0,57.275,47.75,0.054394613590029055,0.015743698928203976
GKBug_v3,18,9,0,0,1,30.575000000000003,3.25,0.0497430048361703,0.003283706219855118
GKBug_v3,18,10,1,0,0,46.90833333333334,44.75,0.04941393088056487,0.0063945172418118056
GKBug_v3,18,11,1,0,0,54.325,60.25,0.07271631065075476,0.015907724583745234
GKBug_v3,18,12,1,0,0,96.80833333333332,2.5,0.0636414703651271,0.001437761875885223
GKBug_v3,18,13,0,1,0,32.516666666666666,3.75,0.07632367110100186,0.004068282849740137
GKBug_v3,18,14,1,0,0,39.59166666666666,16.75,0.0945054078978973,0.006551662843077403
GKBug_v3,18,15,1,0,0,46.949999999999996,14.75,0.04628854030654061,0.012294645507002244
GKBug_v3,18,16,1,0,0,59.983333333333334,61.25,0.06900841371625069,0.009454097852175422
GKBug_v3,18,17,0,1,0,50.43333333333333,13.0,0.08156939590802617,0.002572878545661827
GKBug_v3,18,18,1,0,0,59.69166666666666,52.0,0.05804157903661845,0.01995214132661504
GKBug_v3,18,19,1,0,0,46.08333333333333,34.5,0.06975689241577418,0.018193767449231193
GKBug_v3,18,20,1,0,0,56.78333333333333,51.25,0.06724227502600738,0.014488596386838738
GKBug_v3,18,21,1,0,0,53.166666666666664,37.25,0.06832644709045081,0.022446091374358337
GKBug_v3,18,22,1,0,0,74.94166666666666,12.25,0.08410613569320266,0.0018774930908211577
GKBug_v3,18,23,1,0,0,57.65833333333333,33.75,0.07946351298248958,0.008253335225208297
GKBug_v3,18,24,1,0,0,61.35,49.5,0.07235053439931834,0.010683461533841525
GKBug_v3,19,0,1,0,0,45.458333333333336,40.25,0.09065415915109548,0.011926732376705707
GKBug_v3,19,1,1,0,0,52.39166666666667,51.0,0.08554030706741347,0.009552253314315062
GKBug_v3,19,2,1,0,0,54.166666666666664,63.0,0.07981758880181286,0.009759396096964194
GKBug_v3,19,3,1,0,0,60.483333333333334,43.25,0.06197307234686403,0.011571766328024813
GKBug_v3,19,4,0,1,0,25.324999999999996,1.25,0.03328235855816675,0.000259669020600205
GKBug_v3,19,5,1,0,0,62.866666666666674,60.0,0.06637348701320014,0.012748062163595957
GKBug_v3,19,6,1,0,0,27.725,5.75,0.035660062059143904,0.0024635368265758075
GKBug_v3,19,7,0,1,0,98.69166666666666,2.0,0.0,0.0012673967818366003
GKBug_v3,19,8,1,0,0,55.108333333333334,62.0,0.07268388809802225,0.00993084517892544
GKBug_v3,19,9,1,0,0,39.86666666666667,18.25,0.0758978248720169,0.003939305285136691
GKBug_v3,19,10,1,0,0,35.56666666666667,25.0,0.06215510644433961,0.00676860910424339
GKBug_v3,19,11,1,0,0,25.516666666666666,18.25,0.06163048796126524,0.00515857730432857
GKBug_v3,19,12,1,0,0,27.041666666666668,2.75,0.11701979278843552,0.002939758692890209
GKBug_v3,19,13,1,0,0,47.55,35.75,0.10368211659754184,0.007643583336822095
GKBug_v3,19,14,1,0,0,36.96666666666666,24.5,0.06808954752549527,0.007477505876113399
GKBug_v3,19,15,1,0,0,73.475,6.25,0.0867033994393927,0.00031744230095689366
GKBug_v3,19,16,1,0,0,50.73333333333333,52.0,0.06196566779137095,0.012227160201599141
GKBug_v3,19,17,1,0,0,51.63333333333333,28.25,0.05576584929081055,0.009175923026726058
GKBug_v3,19,18,1,0,0,65.55,52.25,0.05875068417442067,0.011529894353211594
GKBug_v3,19,19,1,0,0,48.65,59.0,0.07441188293336667,0.010018593564761358
GKBug_v3,19,20,1,0,0,30.816666666666663,10.75,0.04631471649489253,0.002732958243955893
GKBug_v3,19,21,1,0,0,32.68333333333333,6.0,0.04768343903173723,0.0010209961751473716
GKBug_v3,19,22,1,0,0,55.775,60.25,0.07631251505894485,0.012625693353290734
GKBug_v3,19,23,1,0,0,62.575,48.0,0.057667720527108106,0.014949753755117041
GKBug_v3,19,24,1,0,0,59.01666666666666,39.25,0.06505670416199413,0.010385024141532966
PassingMain_v2,0,0,1,0,0,93.68333333333332,14.25,0.12507598023013963,0.08743701398945541
PassingMain_v2,0,1,0,1,0,93.85833333333333,19.0,0.1375232832536007,0.05506571426569148
PassingMain_v2,0,2,1,0,0,92.825,23.5,0.11147534938696768,0.07197940809707656
PassingMain_v2,0,3,1,0,0,93.80833333333334,18.0,0.10132307450186885,0.06747948534365975
PassingMain_v2,0,4,0,0,1,94.95,18.5,0.1068504498160381,0.05852969976974985
PassingMain_v2,0,5,0,1,0,92.08333333333333,20.0,0.13813624069655017,0.09223157628228325
PassingMain_v2,0,6,0,0,1,92.86666666666666,25.0,0.15127549442130284,0.08099701025416235
PassingMain_v2,0,7,0,0,1,92.2,19.5,0.14601767985889516,0.06736350671826495
PassingMain_v2,0,8,1,0,0,93.31666666666666,16.5,0.11095977011461809,0.08944873856153449
PassingMain_v2,0,9,1,0,0,92.88333333333333,19.0,0.1609727724145431,0.10109569653666813
PassingMain_v2,0,10,0,1,0,93.55,24.75,0.12387444119604957,0.07834941017241602
PassingMain_v2,0,11,1,0,0,93.75,18.5,0.09792403204968524,0.056180030093276934
PassingMain_v2,0,12,1,0,0,92.93333333333334,21.5,0.11732000094501023,0.09221653680974923
PassingMain_v2,0,13,1,0,0,94.71666666666667,14.5,0.1175716534405344,0.05758594941404164
PassingMain_v2,0,14,0,1,0,94.66666666666667,17.0,0.11457067259501144,0.09062149180180515
PassingMain_v2,0,15,1,0,0,93.40833333333333,17.5,0.1287161449577887,0.06760911631297395
PassingMain_v2,0,16,0,1,0,86.94166666666666,14.5,0.23077108820985642,0.13545526779334158
PassingMain_v2,0,17,1,0,0,94.08333333333333,19.0,0.16485258793332433,0.0759187225237179
PassingMain_v2,0,18,0,1,0,95.175,13.0,0.11351565912269854,0.060661278435926114
PassingMain_v2,0,19,1,0,0,93.975,12.0,0.11835095865694736,0.07561162186588215
PassingMain_v2,0,20,1,0,0,95.38333333333333,14.5,0.12140811218477561,0.07129334066142369
PassingMain_v2,0,21,0,1,0,93.375,18.75,0.11311077143795076,0.08617285699318199
PassingMain_v2,0,22,1,0,0,92.675,22.5,0.15570928304724274,0.07549284972692165
PassingMain_v2,0,23,1,0,0,93.14166666666667,18.5,0.11003642332511854,0.06589282228452512
PassingMain_v2,0,24,1,0,0,93.25,17.75,0.1440094471297693,0.08496167169449245
PassingMain_v2,1,0,1,0,0,93.075,22.5,0.15194509845927595,0.1177796343339938
PassingMain_v2,1,1,1,0,0,94.6,13.0,0.1377228791462854,0.08531231804825
PassingMain_v2,1,2,0,1,0,95.81666666666668,13.0,0.12314314831123602,0.06079852631852863
PassingMain_v2,1,3,0,1,0,93.45,15.5,0.12758772780229277,0.07928845078671198
PassingMain_v2,1,4,1,0,0,90.33333333333333,22.0,0.11176379653848678,0.07252058860916373
PassingMain_v2,1,5,1,0,0,91.79166666666667,23.5,0.13843802290060522,0.08907761210844492
PassingMain_v2,1,6,1,0,0,93.21666666666667,16.5,0.11208896522076739,0.08326392285015059
PassingMain_v2,1,7,1,0,0,91.61666666666667,19.5,0.08671051426810814,0.06740754424388479
PassingMain_v2,1,8,1,0,0,91.125,25.5,0.13336288271889424,0.08296439948004428
PassingMain_v2,1,9,1,0,0,90.89166666666667,26.0,0.15194131613192322,0.08119089615814283
PassingMain_v2,1,10,1,0,0,92.60833333333333,17.0,0.1724830629142521,0.08681318085812838
PassingMain_v2,1,11,1,0,0,92.76666666666667,22.5,0.15528762819658085,0.06814325149819915
PassingMain_v2,1,12,0,1,0,95.09166666666667,12.5,0.12615869075648659,0.05619062966030156
PassingMain_v2,1,13,0,1,0,93.93333333333334,18.75,0.11692975792187742,0.1089866192090847
PassingMain_v2,1,14,0,1,0,93.71666666666667,15.0,0.09515622153064089,0.07316970626276297
PassingMain_v2,1,15,1,0,0,93.10000000000001,14.0,0.11451770941688905,0.04503598799579053
PassingMain_v2,1,16,1,0,0,94.14166666666667,22.0,0.1127214673461595,0.08411495795195148
PassingMain_v2,1,17,1,0,0,89.875,19.0,0.10581938327955369,0.07538915800518756
PassingMain_v2,1,18,1,0,0,91.95,23.5,0.16492539770005735,0.07648449072429345
PassingMain_v2,1,19,0,1,0,95.19999999999999,12.5,0.10694063844477826,0.06811828888198321
PassingMain_v2,1,20,1,0,0,93.60000000000001,17.5,0.1536208404958423,0.07848196480264814
PassingMain_v2,1,21,1,0,0,95.38333333333333,14.75,0.10010345861154318,0.08395631737536723
PassingMain_v2,1,22,0,1,0,93.125,24.5,0.13261133827727195,0.08036490640013742
PassingMain_v2,1,23,1,0,0,93.29166666666666,19.5,0.12922579842739226,0.0752586093731126
PassingMain_v2,1,24,0,1,0,95.775,19.0,0.09681918008689262,0.0657030835976048
PassingMain_v2,2,0,0,1,0,93.03333333333333,20.0,0.11061896315579267,0.07681848687265252
PassingMain_v2,2,1,1,0,0,94.05833333333334,19.5,0.10706128271744103,0.06710117701713667
PassingMain_v2,2,2,1,0,0,93.21666666666667,13.0,0.09354056132601321,0.0773626507292482
PassingMain_v2,2,3,1,0,0,95.08333333333333,15.25,0.13233777366409458,0.07283974714541934
PassingMain_v2,2,4,1,0,0,94.30833333333334,21.0,0.12731152833848222,0.08125034315282093
PassingMain_v2,2,5,0,1,0,95.69166666666666,13.75,0.1400238663852293,0.0819382527103924
PassingMain_v2,2,6,1,0,0,92.59166666666667,21.5,0.10420849281547193,0.08616596295985912
PassingMain_v2,2,7,1,0,0,94.90833333333333,18.5,0.12394027414352118,0.08214727570402637
PassingMain_v2,2,8,1,0,0,92.29166666666667,24.5,0.12681120516220087,0.09513431490233291
PassingMain_v2,2,9,0,1,0,94.05,18.25,0.09764546047544977,0.06764744489427807
PassingMain_v2,2,10,0,1,0,95.175,13.0,0.14079614644852811,0.07322471794765291
PassingMain_v2,2,11,1,0,0,93.66666666666667,23.0,0.09917843091472645,0.061078586694888325
PassingMain_v2,2,12,1,0,0,92.59166666666667,16.0,0.10821976970598073,0.09003554261063111
PassingMain_v2,2,13,1,0,0,94.56666666666666,15.0,0.13050536058377646,0.06006332190534303
PassingMain_v2,2,14,0,1,0,93.49166666666666,16.5,0.10240176033440325,0.0816399555500744
PassingMain_v2,2,15,1,0,0,95.55833333333334,11.0,0.11233704897522899,0.06525458599538281
PassingMain_v2,2,16,1,0,0,93.10833333333333,18.5,0.1215572079595987,0.07777072213507244
PassingMain_v2,2,17,1,0,0,94.09166666666667,20.0,0.14104391299550384,0.05980317993826786
PassingMain_v2,2,18,1,0,0,94.01666666666667,19.5,0.08647578560080078,0.08074356068714261
PassingMain_v2,2,19,1,0,0,93.175,22.5,0.11663472998010282,0.08063951380881136
PassingMain_v2,2,20,0,1,0,92.41666666666667,25.0,0.1078665452411532,0.0703918641492932
PassingMain_v2,2,21,1,0,0,90.675,24.5,0.16330695775462192,0.07682142437115877
PassingMain_v2,2,22,0,1,0,96.11666666666666,11.75,0.11963577795931853,0.09730824314715172
PassingMain_v2,2,23,1,0,0,90.325,22.5,0.16263404419758548,0.07467475576817591
PassingMain_v2,2,24,1,0,0,93.61666666666667,21.0,0.13400489264604262,0.08190560444190223
PassingMain_v2,3,0,1,0,0,95.70833333333333,16.75,0.14009812837406038,0.08949226320716776
PassingMain_v2,3,1,0,1,0,90.69166666666668,20.25,0.11993959393421107,0.07873458642286779
PassingMain_v2,3,2,1,0,0,94.28333333333333,10.5,0.09570715084836963,0.05756893418208309
PassingMain_v2,3,3,1,0,0,90.90833333333333,21.0,0.14367927121781213,0.08329758782680866
PassingMain_v2,3,4,1,0,0,93.025,24.5,0.15224305110296596,0.07757055781706922
PassingMain_v2,3,5,0,0,1,95.63333333333334,15.0,0.08576973315280594,0.05015635859887141
PassingMain_v2,3,6,0,1,0,93.18333333333332,13.0,0.12956783402818675,0.07827726659877177
PassingMain_v2,3,7,0,1,0,92.25833333333333,18.5,0.12820846789658788,0.06880738560050736
PassingMain_v2,3,8,1,0,0,95.63333333333334,11.0,0.1108342057885916,0.07838872074258936
PassingMain_v2,3,9,0,0,1,93.65833333333333,19.25,0.13076691613711866,0.056114593923144336
PassingMain_v2,3,10,1,0,0,94.425,16.0,0.10988369470160363,0.07191787168883752
PassingMain_v2,3,11,1,0,0,93.65,15.5,0.11401223781454578,0.06459823237115882
PassingMain_v2,3,12,1,0,0,95.05,17.5,0.12232769022682605,0.08902037616857592
PassingMain_v2,3,13,0,0,1,94.8,17.0,0.18611612628553123,0.08626392037044357
PassingMain_v2,3,14,1,0,0,93.14166666666667,16.5,0.12090220133422895,0.0673386304724337
PassingMain_v2,3,15,0,1,0,93.89999999999999,17.0,0.1584910513731937,0.08211288819273256
PassingMain_v2,3,16,1,0,0,93.89166666666667,18.5,0.14529584243414645,0.07036476417993899
PassingMain_v2,3,17,1,0,0,94.26666666666667,19.5,0.13018200227459342,0.06546823575405242
PassingMain_v2,3,18,1,0,0,93.99166666666666,19.5,0.12505791795190363,0.09858808860118376
PassingMain_v2,3,19,1,0,0,92.26666666666667,21.0,0.10472515705628058,0.048898930076532454
PassingMain_v2,3,20,1,0,0,94.63333333333334,22.5,0.10686637641164515,0.06814926192720447
PassingMain_v2,3,21,0,1,0,92.475,17.75,0.19363464294212812,0.08920701477389237
PassingMain_v2,3,22,1,0,0,91.57499999999999,25.75,0.1278910880338133,0.08776377299454409
PassingMain_v2,3,23,1,0,0,95.29166666666666,23.0,0.10464077292245523,0.08208983096978495
PassingMain_v2,3,24,0,0,1,93.31666666666666,13.75,0.12319181691400494,0.07653633653779846
PassingMain_v2,4,0,0,1,0,95.42500000000001,19.0,0.1277701432286607,0.0702714210212091
PassingMain_v2,4,1,1,0,0,91.06666666666666,19.5,0.11126766407024813,0.07255218863195899
PassingMain_v2,4,2,0,1,0,89.96666666666667,16.25,0.165395524810288,0.10054070268107204
PassingMain_v2,4,3,1,0,0,94.81666666666668,16.0,0.11521158931668347,0.0613315309938492
PassingMain_v2,4,4,1,0,0,93.675,18.25,0.09669639632021113,0.09302980396104674
PassingMain_v2,4,5,1,0,0,93.7,12.0,0.09091035987621189,0.05544441702260633
PassingMain_v2,4,6,1,0,0,95.48333333333333,16.0,0.1343904054819471,0.08723675045902797
PassingMain_v2,4,7,1,0,0,93.58333333333333,20.0,0.10069499657791464,0.0764772190976646
PassingMain_v2,4,8,0,1,0,93.00833333333334,14.5,0.15309908741444708,0.0654779119818998
PassingMain_v2,4,9,0,1,0,93.34166666666667,18.5,0.1005994268329907,0.061556561671649045
PassingMain_v2,4,10,0,1,0,94.41666666666667,18.5,0.12934122274987087,0.08783455774012841
PassingMain_v2,4,11,0,0,1,92.73333333333333,19.5,0.06271334226883672,0.044566359446929014
PassingMain_v2,4,12,0,1,0,93.79166666666666,14.25,0.11419637272715084,0.055706101900882016
PassingMain_v2,4,13,1,0,0,93.68333333333332,16.0,0.15342469379620913,0.08421408661545013
PassingMain_v2,4,14,1,0,0,93.78333333333333,17.25,0.14113350888145218,0.07457857082370933
PassingMain_v2,4,15,0,0,1,97.44166666666668,9.0,0.1057725961301263,0.060340267315326344
PassingMain_v2,4,16,1,0,0,93.50833333333334,19.5,0.15049517331949233,0.0850918011012236
PassingMain_v2,4,17,1,0,0,88.90833333333333,17.25,0.1970881653637911,0.10725479952433589
PassingMain_v2,4,18,0,0,1,94.18333333333334,16.5,0.10897827851663551,0.07492020497772026
PassingMain_v2,4,19,1,0,0,92.65833333333333,20.5,0.16350945219379437,0.06047565045952875
PassingMain_v2,4,20,1,0,0,93.14166666666667,18.25,0.11738779495791175,0.0676390899197154
PassingMain_v2,4,21,0,1,0,95.275,15.0,0.09343145742768046,0.05473463340008418
PassingMain_v2,4,22,0,1,0,95.35833333333333,16.5,0.12141547953719219,0.07393750920553777
PassingMain_v2,4,23,1,0,0,91.66666666666666,17.5,0.12041430896170865,0.07475864493596487
PassingMain_v2,4,24,0,1,0,94.69166666666666,15.0,0.14572445472844955,0.06260930618429444
PassingMain_v2,5,0,1,0,0,96.36666666666667,14.0,0.11324992915473948,0.07926863831747735
PassingMain_v2,5,1,0,0,1,94.98333333333333,13.5,0.06981103860642536,0.10364078480233928
PassingMain_v2,5,2,0,1,0,92.925,21.0,0.13380025740155285,0.06930071994860115
PassingMain_v2,5,3,1,0,0,92.83333333333333,19.0,0.13361633377624474,0.06083964195813664
PassingMain_v2,5,4,1,0,0,96.19166666666666,15.0,0.10044791757185305,0.06848031967385933
PassingMain_v2,5,5,0,0,1,91.00833333333334,15.0,0.1361805717739013,0.06955761146825351
PassingMain_v2,5,6,0,1,0,91.10000000000001,12.0,0.18423259366764647,0.08146650446071041
PassingMain_v2,5,7,0,0,1,94.60833333333333,15.5,0.126094044673037,0.07488626805688713
PassingMain_v2,5,8,1,0,0,94.55,16.0,0.15144533848066702,0.07258050140269812
PassingMain_v2,5,9,0,1,0,76.4,4.25,0.3156445790235853,0.033622878399990765
PassingMain_v2,5,10,1,0,0,95.15833333333333,15.5,0.12498616647836276,0.07825612270249452
PassingMain_v2,5,11,1,0,0,94.33333333333334,19.5,0.09231838640586967,0.055436800292489784
PassingMain_v2,5,12,1,0,0,94.825,15.5,0.10313676871779175,0.06615062866453224
PassingMain_v2,5,13,1,0,0,94.64166666666667,13.5,0.12560397930434275,0.0958055807702871
PassingMain_v2,5,14,1,0,0,91.15833333333333,22.0,0.18108100105930228,0.08970423054824066
PassingMain_v2,5,15,1,0,0,89.89166666666667,20.5,0.16013308766495116,0.10045950097175393
PassingMain_v2,5,16,1,0,0,93.5,18.5,0.14255929483836707,0.06460303377507387
PassingMain_v2,5,17,1,0,0,93.03333333333333,21.75,0.12399429265826672,0.08913935111821314
PassingMain_v2,5,18,0,1,0,93.21666666666667,15.5,0.09523842763915037,0.06656903086261298
PassingMain_v2,5,19,1,0,0,92.83333333333333,18.0,0.12243340268680221,0.0745831532763585
PassingMain_v2,5,20,1,0,0,93.69166666666666,18.25,0.11613839885911267,0.08340884901800771
PassingMain_v2,5,21,1,0,0,92.45833333333333,18.0,0.13736198195057717,0.05135075541446748
PassingMain_v2,5,22,0,1,0,95.10833333333333,16.0,0.10153685311696661,0.06305814965183379
PassingMain_v2,5,23,0,1,0,91.4,24.5,0.09726702679697759,0.0621730384763041
PassingMain_v2,5,24,1,0,0,96.05,13.5,0.10223054885095517,0.08042302516121917
PassingMain_v2,6,0,1,0,0,91.5,22.5,0.12756393111871506,0.08874002002009518
PassingMain_v2,6,1,1,0,0,91.0,16.5,0.12916662405660348,0.07025678315062416
PassingMain_v2,6,2,1,0,0,95.04166666666667,18.25,0.09871211802460617,0.09737335004306572
PassingMain_v2,6,3,0,1,0,95.33333333333334,18.0,0.09816118038318247,0.06213979541266365
PassingMain_v2,6,4,0,1,0,94.41666666666667,15.25,0.1305352708172773,0.06915359648843358
PassingMain_v2,6,5,1,0,0,92.83333333333333,22.0,0.12194950098602722,0.08982783324027459
PassingMain_v2,6,6,0,1,0,94.26666666666667,13.5,0.13541827824154717,0.08096530049195971
PassingMain_v2,6,7,1,0,0,93.375,18.0,0.10360948969160258,0.08636810620329118
PassingMain_v2,6,8,1,0,0,94.81666666666668,18.5,0.10674332690881978,0.08901166241233255
PassingMain_v2,6,9,0,1,0,93.71666666666667,16.5,0.1174449152117601,0.08852932452112515
PassingMain_v2,6,10,1,0,0,93.325,23.75,0.1143537199350101,0.07808036614666017
PassingMain_v2,6,11,0,1,0,95.04166666666667,11.0,0.07457925887540352,0.038852270240073844
PassingMain_v2,6,12,1,0,0,94.325,21.5,0.14442654134822874,0.050693195913558406
PassingMain_v2,6,13,1,0,0,94.175,22.5,0.11469612238212615,0.09134325372577899
PassingMain_v2,6,14,1,0,0,87.65833333333333,26.75,0.10718519641137003,0.07817456928049014
PassingMain_v2,6,15,0,0,1,91.91666666666667,16.5,0.0916212351653219,0.0811915008772921
PassingMain_v2,6,16,0,1,0,94.86666666666666,12.75,0.1343531391492557,0.08034607312140916
PassingMain_v2,6,17,1,0,0,93.76666666666667,16.25,0.15066657233519185,0.08763092628147327
PassingMain_v2,6,18,1,0,0,95.01666666666667,17.0,0.11587800561679952,0.07003916489584003
PassingMain_v2,6,19,1,0,0,92.68333333333332,22.5,0.13648184900741464,0.0914259140589531
PassingMain_v2,6,20,1,0,0,94.6,21.0,0.13571487603606652,0.08174340023206109
PassingMain_v2,6,21,1,0,0,93.40833333333333,17.25,0.11863461390377483,0.08879568742851177
PassingMain_v2,6,22,0,1,0,94.53333333333333,20.5,0.11956805557753247,0.07625401882851843
PassingMain_v2,6,23,1,0,0,90.525,18.0,0.12340639792364849,0.08675460491485032
PassingMain_v2,6,24,0,1,0,95.40833333333333,11.0,0.1217863158412849,0.07757703565257734
PassingMain_v2,7,0,0,1,0,96.01666666666667,11.0,0.1289901565391786,0.07851367227304817
PassingMain_v2,7,1,0,0,1,94.25833333333333,18.0,0.10400097618996905,0.06573005850178408
PassingMain_v2,7,2,1,0,0,90.90833333333333,21.0,0.13465583328746591,0.08875037648934153
PassingMain_v2,7,3,1,0,0,94.19999999999999,18.0,0.12419258868822765,0.06518623532265393
PassingMain_v2,7,4,1,0,0,87.53333333333333,22.0,0.1275364728909704,0.12193656547120535
PassingMain_v2,7,5,0,1,0,91.99166666666667,22.5,0.1082538132963979,0.07028802091046901
PassingMain_v2,7,6,1,0,0,95.50833333333333,19.5,0.12124681888472352,0.07727036568250628
PassingMain_v2,7,7,1,0,0,91.71666666666667,26.5,0.1244570985682616,0.07123879225484853
PassingMain_v2,7,8,1,0,0,89.88333333333334,21.75,0.12280925555295934,0.09189929589123585
PassingMain_v2,7,9,1,0,0,93.15833333333333,27.5,0.1395359105767848,0.10522338704294473
PassingMain_v2,7,10,0,1,0,94.73333333333333,14.5,0.10663486285020993,0.0944639922014045
PassingMain_v2,7,11,0,1,0,94.54166666666667,14.5,0.13624610045733634,0.0977828381195616
PassingMain_v2,7,12,1,0,0,93.65833333333333,19.25,0.12537457852600867,0.07102120472866132
PassingMain_v2,7,13,1,0,0,92.975,17.0,0.11064286701303848,0.08587245940875475
PassingMain_v2,7,14,0,1,0,93.075,19.0,0.10689295861308967,0.07437757076314352
PassingMain_v2,7,15,1,0,0,92.39166666666667,20.0,0.1333715034839757,0.1064423634831106
PassingMain_v2,7,16,0,1,0,95.775,15.0,0.11694002247634207,0.07798808980139885
PassingMain_v2,7,17,1,0,0,94.27499999999999,17.0,0.1351308112019095,0.07927968998789332
PassingMain_v2,7,18,1,0,0,92.29166666666667,19.0,0.13016168386348184,0.0813944693100635
PassingMain_v2,7,19,1,0,0,97.05,12.25,0.07723631377981409,0.06943703024453
PassingMain_v2,7,20,1,0,0,94.675,16.5,0.10430660337660652,0.07909968786044952
PassingMain_v2,7,21,1,0,0,92.43333333333334,20.25,0.1071723114278066,0.08540645321440245
PassingMain_v2,7,22,1,0,0,93.75833333333333,25.5,0.1166769628154569,0.06995097228867606
PassingMain_v2,7,23,1,0,0,92.34166666666667,19.0,0.14010562302811133,0.12372966123573127
PassingMain_v2,7,24,1,0,0,94.89999999999999,18.0,0.12292270642434293,0.11195802285282734
PassingMain_v2,8,0,1,0,0,94.65,22.0,0.11409305816645994,0.0753006721852158
PassingMain_v2,8,1,0,0,1,92.80833333333334,15.0,0.10630903748240138,0.07127373330917229
PassingMain_v2,8,2,1,0,0,93.31666666666666,22.5,0.11137741145890814,0.07148599241297265
PassingMain_v2,8,3,0,1,0,94.91666666666667,16.0,0.08589887257000581,0.08345324166928492
PassingMain_v2,8,4,1,0,0,93.2,24.0,0.13834006909963698,0.12193390992350349
PassingMain_v2,8,5,0,1,0,93.74166666666667,18.0,0.12664241086676528,0.06037335939759245
PassingMain_v2,8,6,0,0,1,93.35,18.5,0.11992185219857619,0.09630210156360765
PassingMain_v2,8,7,1,0,0,93.625,21.5,0.1396439589298315,0.05797453144228081
PassingMain_v2,8,8,1,0,0,92.875,21.5,0.12380247326065297,0.07810714528710719
PassingMain_v2,8,9,1,0,0,94.65,18.0,0.12787036591578038,0.09395045998020757
PassingMain_v2,8,10,1,0,0,93.30000000000001,14.5,0.11935902713292995,0.07291597958854149
PassingMain_v2,8,11,1,0,0,94.94166666666666,17.0,0.11758014695041635,0.0691796248959951
PassingMain_v2,8,12,1,0,0,95.45833333333333,16.25,0.09467753573480467,0.0649688402600023
PassingMain_v2,8,13,0,0,1,93.38333333333333,21.5,0.13181526643717723,0.1022422736380305
PassingMain_v2,8,14,1,0,0,93.525,19.0,0.09743917393577507,0.06164720703116567
PassingMain_v2,8,15,1,0,0,92.5,23.5,0.1226777079716287,0.08778778202868237
PassingMain_v2,8,16,1,0,0,93.99166666666666,25.0,0.1038530418129198,0.077933706507292
PassingMain_v2,8,17,1,0,0,94.69166666666666,23.0,0.1176448527227124,0.09315034094642533
PassingMain_v2,8,18,1,0,0,94.25833333333333,13.0,0.12263309804707165,0.06299679452971725
PassingMain_v2,8,19,1,0,0,94.53333333333333,22.0,0.10243506095384418,0.07181945140756314
PassingMain_v2,8,20,1,0,0,96.10833333333333,14.25,0.10649731806176044,0.07050380420961047
PassingMain_v2,8,21,1,0,0,92.71666666666667,22.0,0.15646580132889987,0.0809824329698151
PassingMain_v2,8,22,0,1,0,93.46666666666667,17.0,0.10741308162808365,0.08129060065597571
PassingMain_v2,8,23,0,1,0,94.78333333333333,18.0,0.09771219083905901,0.07116617963016336
PassingMain_v2,8,24,0,1,0,95.43333333333334,17.5,0.12508584525039224,0.09269970771742624
PassingMain_v2,9,0,1,0,0,94.5,20.0,0.13730837762644374,0.07747098348178963
PassingMain_v2,9,1,0,1,0,93.575,17.5,0.11756954150189651,0.07104246279473767
PassingMain_v2,9,2,0,1,0,93.325,17.25,0.09246252281099421,0.07583585778017701
PassingMain_v2,9,3,1,0,0,93.35,20.0,0.11283328421400919,0.07514089804109063
PassingMain_v2,9,4,1,0,0,93.20833333333334,17.5,0.13772214561888807,0.07379930422923046
PassingMain_v2,9,5,0,0,1,94.79166666666666,17.25,0.09522223771870193,0.056142274097083895
PassingMain_v2,9,6,1,0,0,95.19166666666666,15.25,0.12496592969081942,0.0684134738456343
PassingMain_v2,9,7,1,0,0,92.75833333333333,20.0,0.13608919822680096,0.06479108071526
PassingMain_v2,9,8,1,0,0,94.15,20.5,0.11950776663455837,0.07178203330177749
PassingMain_v2,9,9,1,0,0,90.75833333333333,17.5,0.1397424933275094,0.07662574854128584
PassingMain_v2,9,10,0,1,0,95.35,12.5,0.10575421540888191,0.07400802237426457
PassingMain_v2,9,11,0,1,0,88.83333333333333,26.75,0.13276612062462406,0.0647313887110469
PassingMain_v2,9,12,1,0,0,92.05833333333334,18.5,0.12004649377027114,0.09363966148017373
PassingMain_v2,9,13,1,0,0,94.78333333333333,16.25,0.11295345682505561,0.04439203412520829
PassingMain_v2,9,14,1,0,0,90.3,19.5,0.11055664760245569,0.07385263170979318
PassingMain_v2,9,15,0,1,0,94.00833333333334,18.0,0.13702440181551998,0.07635413681584577
PassingMain_v2,9,16,1,0,0,94.1,23.5,0.1247079704322466,0.07496097203099633
PassingMain_v2,9,17,1,0,0,92.58333333333333,17.5,0.1231100570337552,0.0822407520123989
PassingMain_v2,9,18,0,1,0,93.55833333333334,24.25,0.13182882300437346,0.09051711454347289
PassingMain_v2,9,19,0,0,1,95.80833333333332,14.5,0.13079814185701333,0.06899689211965143
PassingMain_v2,9,20,0,1,0,93.375,17.0,0.10547550554548625,0.0879615231263118
PassingMain_v2,9,21,1,0,0,93.95833333333333,23.5,0.12472012543135186,0.0964345185703577
PassingMain_v2,9,22,1,0,0,93.95,15.5,0.1094525981771754,0.08405267185480564
PassingMain_v2,9,23,0,1,0,89.60833333333333,21.0,0.14032627656614374,0.09316269438579582
PassingMain_v2,9,24,1,0,0,95.19166666666666,14.5,0.1280798517740558,0.0986650035720326
PassingMain_v2,10,0,1,0,0,92.925,15.25,0.12683889545454366,0.08350545639950643
PassingMain_v2,10,1,0,0,1,89.26666666666667,23.0,0.15584160984964313,0.10928193653424782
PassingMain_v2,10,2,1,0,0,92.39166666666667,17.5,0.11170384186800364,0.07377585125810592
PassingMain_v2,10,3,1,0,0,92.65833333333333,15.0,0.12414972750469803,0.0469580506191833
PassingMain_v2,10,4,1,0,0,93.72500000000001,19.5,0.12721638488600137,0.05754050061443697
PassingMain_v2,10,5,1,0,0,91.61666666666667,21.0,0.15016243185796732,0.08615740598900871
PassingMain_v2,10,6,1,0,0,95.08333333333333,16.0,0.12358085341739704,0.07836594314868314
PassingMain_v2,10,7,0,1,0,95.35833333333333,12.5,0.1575290172937713,0.08901051485499878
PassingMain_v2,10,8,1,0,0,94.15,20.5,0.09363357520011842,0.08294925809333427
PassingMain_v2,10,9,1,0,0,94.075,20.0,0.12135049457959224,0.06556253955489331
PassingMain_v2,10,10,0,1,0,93.40833333333333,17.5,0.12885716870760505,0.08362663619442515
PassingMain_v2,10,11,1,0,0,94.15833333333333,14.0,0.1203528951660609,0.07859032737797574
PassingMain_v2,10,12,1,0,0,92.89166666666667,23.5,0.11385389772989415,0.05037767952056083
PassingMain_v2,10,13,1,0,0,92.99166666666666,17.5,0.11371345226329407,0.05955795042700287
PassingMain_v2,10,14,0,1,0,96.35833333333333,11.75,0.08730148427512044,0.08309947976154747
PassingMain_v2,10,15,1,0,0,93.05833333333334,17.25,0.1052136155060751,0.06485483828587593
PassingMain_v2,10,16,1,0,0,93.69166666666666,16.0,0.13478529620709082,0.09809422758448298
PassingMain_v2,10,17,0,1,0,94.10833333333333,17.5,0.13146941576794502,0.0914553455768679
PassingMain_v2,10,18,0,1,0,93.66666666666667,23.25,0.12022406325500073,0.06740130791064991
PassingMain_v2,10,19,1,0,0,92.60833333333333,17.5,0.11345288517155944,0.07808163918468687
PassingMain_v2,10,20,1,0,0,89.075,25.5,0.11272544173355462,0.059840868334440654
PassingMain_v2,10,21,0,1,0,92.39166666666667,14.0,0.14054853076852072,0.13479914356444928
PassingMain_v2,10,22,0,1,0,94.11666666666667,17.0,0.12760089509839637,0.09947229861975017
PassingMain_v2,10,23,1,0,0,93.83333333333333,21.75,0.12808096715978906,0.06361676666584812
PassingMain_v2,10,24,0,1,0,94.71666666666667,15.5,0.127235180873558,0.09481828747003757
PassingMain_v2,11,0,0,0,1,95.175,13.0,0.08008675661980495,0.0540736957480299
PassingMain_v2,11,1,0,1,0,91.48333333333333,19.75,0.1528612359590905,0.08100568652332492
PassingMain_v2,11,2,1,0,0,96.3,14.5,0.09530559372233739,0.06578571999479284
PassingMain_v2,11,3,1,0,0,91.60833333333333,26.25,0.09954824013540328,0.07446263815207602
PassingMain_v2,11,4,1,0,0,93.43333333333334,28.0,0.10519077596184188,0.08109763828629223
PassingMain_v2,11,5,1,0,0,96.36666666666667,15.0,0.09683934499107723,0.06696204745893444
PassingMain_v2,11,6,0,1,0,93.875,14.0,0.15509836699168933,0.07969395082431197
PassingMain_v2,11,7,0,1,0,95.01666666666667,24.0,0.11493287658818913,0.06238993030670927
PassingMain_v2,11,8,1,0,0,93.875,22.0,0.16531459577276758,0.08315870477349575
PassingMain_v2,11,9,0,0,1,94.14166666666667,15.0,0.12547522670456165,0.0631829351375177
PassingMain_v2,11,10,1,0,0,94.05,19.0,0.1306488580678105,0.0780038975293116
PassingMain_v2,11,11,0,1,0,94.76666666666667,13.0,0.13489503746756945,0.051349590704455494
PassingMain_v2,11,12,0,1,0,93.60000000000001,14.75,0.14076793018628161,0.06198356790659194
PassingMain_v2,11,13,1,0,0,95.44166666666666,16.0,0.16669435064528684,0.05825085731341214
PassingMain_v2,11,14,0,1,0,95.19166666666666,19.0,0.12225730289526231,0.07971489401937142
PassingMain_v2,11,15,0,1,0,91.50833333333334,18.5,0.12667360440737596,0.07453788359649374
PassingMain_v2,11,16,1,0,0,94.75,18.0,0.13037579956486184,0.07852017066897315
PassingMain_v2,11,17,0,1,0,94.49166666666666,21.5,0.10770769727039611,0.05672554365591572
PassingMain_v2,11,18,0,1,0,96.6,15.5,0.11242926179823848,0.06394988126488368
PassingMain_v2,11,19,0,0,1,95.875,17.5,0.11619027567439463,0.09672241794276014
PassingMain_v2,11,20,1,0,0,95.30833333333332,14.5,0.12280266560169947,0.067701461384609
PassingMain_v2,11,21,1,0,0,93.18333333333332,14.0,0.11493155287357515,0.07577645748677753
PassingMain_v2,11,22,1,0,0,95.39166666666667,22.5,0.12159544142346655,0.06975997955207006
PassingMain_v2,11,23,1,0,0,91.25,21.0,0.1098287335075783,0.044436813440446296
PassingMain_v2,11,24,1,0,0,94.46666666666667,23.0,0.12906727377526667,0.07236991183859123
PassingMain_v2,12,0,0,1,0,95.025,22.0,0.12614643507830922,0.05976272284104635
PassingMain_v2,12,1,0,1,0,95.50833333333333,14.0,0.11153759209668179,0.06466828456009178
PassingMain_v2,12,2,1,0,0,91.81666666666666,20.0,0.1391030829689535,0.06779392546727979
PassingMain_v2,12,3,1,0,0,92.20833333333334,22.75,0.14493857621169678,0.08413322782373242
PassingMain_v2,12,4,1,0,0,92.63333333333334,16.0,0.1424850574889771,0.07802193935266213
PassingMain_v2,12,5,1,0,0,92.35833333333333,24.5,0.13324853108557358,0.08728992824852384
PassingMain_v2,12,6,1,0,0,92.925,21.0,0.1031301312252801,0.06621728381868658
PassingMain_v2,12,7,1,0,0,94.425,18.5,0.08767056806940889,0.05922297816202011
PassingMain_v2,12,8,1,0,0,93.325,17.75,0.10554257007591178,0.038886248446782776
PassingMain_v2,12,9,0,1,0,93.98333333333333,15.0,0.12356503914797488,0.08419789631560784
PassingMain_v2,12,10,1,0,0,91.125,22.0,0.1406288301048688,0.09798084230659573
PassingMain_v2,12,11,0,0,1,92.675,18.0,0.12659270780156048,0.09682633394329378
PassingMain_v2,12,12,0,1,0,96.00833333333333,12.0,0.09496006406279942,0.05014197040671242
PassingMain_v2,12,13,1,0,0,94.75833333333334,16.75,0.13181072740655844,0.07546974399809775
PassingMain_v2,12,14,0,1,0,95.72500000000001,16.5,0.12242169884858661,0.09643255718634802
PassingMain_v2,12,15,0,1,0,94.825,16.25,0.08944066339986616,0.0811930721454949
PassingMain_v2,12,16,0,1,0,90.17500000000001,19.75,0.16416078149337177,0.08487219100113128
PassingMain_v2,12,17,1,0,0,93.95,21.25,0.12010400852374595,0.08861000464475434
PassingMain_v2,12,18,0,1,0,94.04166666666667,15.5,0.1166435560635548,0.08362010847002091
PassingMain_v2,12,19,1,0,0,96.19166666666666,17.0,0.09777490557167295,0.06931827015679856
PassingMain_v2,12,20,0,1,0,94.70833333333334,18.5,0.1271304352831541,0.08417069217408561
PassingMain_v2,12,21,1,0,0,94.125,23.5,0.09224845318885647,0.06486982418903832
PassingMain_v2,12,22,1,0,0,94.475,15.25,0.10618000033871781,0.08778034487412943
PassingMain_v2,12,23,0,0,1,95.66666666666667,13.5,0.10261306614936304,0.06901707633314909
PassingMain_v2,12,24,1,0,0,94.33333333333334,16.5,0.13440665454292214,0.05342739226759412
PassingMain_v2,13,0,1,0,0,94.3,13.75,0.10442977119239895,0.08134088686658554
PassingMain_v2,13,1,0,1,0,94.21666666666667,18.5,0.12797392232302993,0.08164521078626363
PassingMain_v2,13,2,1,0,0,94.125,22.75,0.13015931917996085,0.06798333632141053
PassingMain_v2,13,3,1,0,0,94.35,18.75,0.11613503453194043,0.0667465763029396
PassingMain_v2,13,4,1,0,0,90.60000000000001,26.25,0.12178497348029645,0.09380153824590753
PassingMain_v2,13,5,0,1,0,93.19166666666666,11.0,0.11614052253884434,0.06276783825571654
PassingMain_v2,13,6,0,1,0,95.11666666666667,12.5,0.12700842019878572,0.08953861907512654
PassingMain_v2,13,7,1,0,0,92.95833333333333,24.75,0.1129109900505073,0.09715787814489323
PassingMain_v2,13,8,1,0,0,89.31666666666666,28.5,0.14778401834381366,0.09781570842296312
PassingMain_v2,13,9,1,0,0,93.35833333333333,17.5,0.1283437578881315,0.11062265212053013
PassingMain_v2,13,10,1,0,0,91.35833333333333,20.0,0.12717666728600593,0.0981731344963227
PassingMain_v2,13,11,1,0,0,94.89166666666667,16.75,0.11252091802019601,0.07175480398156409
PassingMain_v2,13,12,1,0,0,92.525,17.5,0.09220030421162982,0.08823001799066804
PassingMain_v2,13,13,1,0,0,94.075,19.0,0.11754190690725255,0.06916589398886928
PassingMain_v2,13,14,1,0,0,94.35833333333333,11.0,0.10037622774703708,0.07561949655577188
PassingMain_v2,13,15,0,1,0,96.64166666666667,8.0,0.1225023947456779,0.06136706880260719
PassingMain_v2,13,16,0,1,0,92.51666666666667,23.75,0.12002539987509853,0.06861625852464279
PassingMain_v2,13,17,1,0,0,95.61666666666667,19.0,0.09337133987713016,0.07375146331556903
PassingMain_v2,13,18,1,0,0,94.95833333333333,16.5,0.12244631220603537,0.07309112345562645
PassingMain_v2,13,19,1,0,0,94.64166666666667,19.0,0.11159552593092001,0.06835198620272177
PassingMain_v2,13,20,0,1,0,94.10833333333333,17.75,0.10811690706785314,0.06122425081523949
PassingMain_v2,13,21,1,0,0,94.11666666666667,17.5,0.1121507176880208,0.06490052589545071
PassingMain_v2,13,22,1,0,0,94.0,22.0,0.10281671270723834,0.07928943931857108
PassingMain_v2,13,23,0,1,0,94.325,21.0,0.08355587988755542,0.05551177376515882
PassingMain_v2,13,24,1,0,0,93.49166666666666,20.75,0.13910664907794917,0.06081191179421859
PassingMain_v2,14,0,1,0,0,93.48333333333333,18.5,0.12631729190312602,0.07637306828427035
PassingMain_v2,14,1,1,0,0,89.13333333333333,18.5,0.13769639188362112,0.05322238121211571
PassingMain_v2,14,2,0,1,0,95.23333333333333,16.5,0.11372518396570874,0.05987605648974124
PassingMain_v2,14,3,0,1,0,92.65833333333333,22.5,0.15481740659788656,0.07527211628910098
PassingMain_v2,14,4,1,0,0,94.14166666666667,12.0,0.12502504436292722,0.08620673005494177
PassingMain_v2,14,5,0,1,0,89.75,21.5,0.12210641801582763,0.07090951266122096
PassingMain_v2,14,6,1,0,0,94.61666666666667,19.0,0.1037079173084727,0.06632701961384785
PassingMain_v2,14,7,0,0,1,93.16666666666666,18.0,0.10275223033621682,0.056823660900750694
PassingMain_v2,14,8,0,1,0,94.15,14.5,0.08788835668085318,0.09119316254214686
PassingMain_v2,14,9,1,0,0,90.74166666666666,25.5,0.1382185407365972,0.06035900653795276
PassingMain_v2,14,10,1,0,0,94.43333333333334,16.5,0.08628477929362062,0.06675556563500529
PassingMain_v2,14,11,0,1,0,94.61666666666667,13.0,0.16999288093472287,0.057852712456684566
PassingMain_v2,14,12,1,0,0,90.54166666666667,20.75,0.15725169187815824,0.08435349780620699
PassingMain_v2,14,13,0,1,0,94.41666666666667,16.5,0.11260072923025399,0.07934296896060176
PassingMain_v2,14,14,0,0,1,96.16666666666667,16.25,0.09655856302072495,0.06951053893233042
PassingMain_v2,14,15,1,0,0,94.55,12.0,0.14512301286441476,0.07194109552730901
PassingMain_v2,14,16,1,0,0,96.175,13.0,0.12465574988467186,0.07948507110660269
PassingMain_v2,14,17,1,0,0,94.61666666666667,19.25,0.1316597797247037,0.0689889646534474
PassingMain_v2,14,18,1,0,0,94.15833333333333,15.5,0.12638907138122688,0.07097358074850042
PassingMain_v2,14,19,1,0,0,94.00833333333334,16.25,0.1495293470837843,0.07720245082739371
PassingMain_v2,14,20,1,0,0,94.15833333333333,12.75,0.09674312687532767,0.07426599881842462
PassingMain_v2,14,21,0,0,1,95.25,19.5,0.11293905912130196,0.052331989931323056
PassingMain_v2,14,22,1,0,0,90.23333333333333,16.5,0.14256157860350707,0.08575435658610236
PassingMain_v2,14,23,0,0,1,93.83333333333333,18.5,0.1255922063515082,0.06691858882217044
PassingMain_v2,14,24,1,0,0,92.28333333333333,17.5,0.14195082860868388,0.09078961059219416
PassingMain_v2,15,0,1,0,0,91.49166666666667,28.0,0.11279819680567656,0.07271735982898044
PassingMain_v2,15,1,1,0,0,91.33333333333333,19.5,0.12137988474526219,0.0739210350822825
PassingMain_v2,15,2,1,0,0,92.15833333333333,21.0,0.115279947478932,0.08514574050258202
PassingMain_v2,15,3,1,0,0,92.44166666666666,21.5,0.1402263029715602,0.09573114132251742
PassingMain_v2,15,4,1,0,0,89.91666666666667,23.25,0.10290534119760877,0.06679974168804245
PassingMain_v2,15,5,1,0,0,94.18333333333334,26.75,0.10158928679653985,0.10052640631786029
PassingMain_v2,15,6,1,0,0,94.65,15.5,0.11887373559256546,0.063777529086605
PassingMain_v2,15,7,1,0,0,93.36666666666666,19.5,0.10730181565355865,0.08093570427388688
PassingMain_v2,15,8,1,0,0,91.475,26.5,0.12421594139701163,0.04918026365785283
PassingMain_v2,15,9,1,0,0,92.61666666666667,28.0,0.13352193592950048,0.0975482259537836
PassingMain_v2,15,10,0,1,0,96.25833333333334,15.75,0.12218909400181184,0.09362992853605584
PassingMain_v2,15,11,0,1,0,94.45,18.0,0.13208286684584863,0.08261178660936515
PassingMain_v2,15,12,1,0,0,92.71666666666667,23.5,0.12032502339831685,0.09020679878467056
PassingMain_v2,15,13,1,0,0,91.55,21.75,0.13866054445516915,0.07298531115984092
PassingMain_v2,15,14,1,0,0,94.78333333333333,19.0,0.10473100906794039,0.06452680975193192
PassingMain_v2,15,15,1,0,0,93.45833333333333,17.0,0.11527762060538278,0.09616702462825116
PassingMain_v2,15,16,1,0,0,93.40833333333333,16.5,0.1262072454820288,0.09073736568111287
PassingMain_v2,15,17,1,0,0,92.875,24.5,0.10004492045201267,0.081571898224468
PassingMain_v2,15,18,1,0,0,93.39166666666667,22.0,0.13393814036912677,0.09328664952548643
PassingMain_v2,15,19,1,0,0,93.95,18.0,0.11172135714210998,0.09813148786769811
PassingMain_v2,15,20,1,0,0,92.35833333333333,19.0,0.11064438349405542,0.07759069079258415
PassingMain_v2,15,21,1,0,0,92.08333333333333,20.0,0.10305972127986446,0.0627639090980608
PassingMain_v2,15,22,0,1,0,94.39999999999999,17.0,0.09849842134219801,0.07809141179404092
PassingMain_v2,15,23,1,0,0,93.71666666666667,18.5,0.11138154931330203,0.0848661248018791
PassingMain_v2,15,24,1,0,0,95.78333333333333,18.5,0.1185048289469004,0.0801224644614938
PassingMain_v2,16,0,1,0,0,94.63333333333334,15.0,0.107295943228136,0.05988296997134043
PassingMain_v2,16,1,1,0,0,93.175,19.0,0.15654519546666973,0.07042490520588308
PassingMain_v2,16,2,0,1,0,94.6,22.0,0.12949474856400073,0.08992304214737278
PassingMain_v2,16,3,0,1,0,92.53333333333333,16.5,0.12802891563526822,0.055559833067586425
PassingMain_v2,16,4,1,0,0,90.95833333333333,22.25,0.15627990919682877,0.06056212696725586
PassingMain_v2,16,5,0,0,1,91.65833333333333,26.5,0.12368133610095795,0.08598794366541682
PassingMain_v2,16,6,0,1,0,92.79166666666666,15.0,0.1410877210097169,0.08852062379186869
PassingMain_v2,16,7,0,1,0,92.53333333333333,17.0,0.12090116234868006,0.11579785192319089
PassingMain_v2,16,8,1,0,0,95.48333333333333,19.0,0.1256525468168856,0.08377395951255406
PassingMain_v2,16,9,1,0,0,90.54166666666667,20.0,0.15568311841868726,0.06512302111008526
PassingMain_v2,16,10,1,0,0,93.23333333333333,19.0,0.12253648220776472,0.08008458720381355
PassingMain_v2,16,11,0,1,0,94.25833333333333,12.5,0.10650120321719796,0.07897218318136767
PassingMain_v2,16,12,1,0,0,91.0,16.0,0.10735662872729998,0.09262868934821533
PassingMain_v2,16,13,1,0,0,92.525,20.75,0.10364652114461485,0.05623606233459071
PassingMain_v2,16,14,0,1,0,91.53333333333333,22.0,0.10752017184432262,0.07542951463030143
PassingMain_v2,16,15,0,1,0,95.48333333333333,19.0,0.11017258174642343,0.07700853897873254
PassingMain_v2,16,16,0,1,0,94.325,15.0,0.152188742129678,0.07970920475350772
PassingMain_v2,16,17,1,0,0,89.9,25.0,0.13372525277641237,0.06427455325505826
PassingMain_v2,16,18,0,1,0,93.875,15.0,0.12274004641626242,0.09902626050674783
PassingMain_v2,16,19,1,0,0,90.54166666666667,25.5,0.11733116177061592,0.07487185638314066
PassingMain_v2,16,20,0,0,1,95.25833333333334,21.0,0.14558674454714593,0.0665125365873578
PassingMain_v2,16,21,1,0,0,91.925,13.5,0.11046773019615805,0.07113285768854827
PassingMain_v2,16,22,0,1,0,94.925,15.75,0.11488404073843418,0.08215411330503482
PassingMain_v2,16,23,0,0,1,96.01666666666667,13.5,0.15750428083871781,0.06986513842994253
PassingMain_v2,16,24,1,0,0,94.88333333333333,12.5,0.1277219837442326,0.08505568646576818
PassingMain_v2,17,0,1,0,0,92.75833333333333,20.5,0.10296394793058551,0.07845959263051673
PassingMain_v2,17,1,0,1,0,93.73333333333333,17.5,0.18914448124235797,0.07523790717617877
PassingMain_v2,17,2,1,0,0,95.85833333333333,13.5,0.0936095843239382,0.07563917782402484
PassingMain_v2,17,3,0,1,0,90.64999999999999,21.5,0.11867216320898807,0.09822313761454089
PassingMain_v2,17,4,0,1,0,94.1,18.25,0.08871828850796262,0.06936199623713257
PassingMain_v2,17,5,0,0,1,92.325,21.5,0.11762067022732343,0.08011308295246411
PassingMain_v2,17,6,1,0,0,94.31666666666668,18.5,0.11915098179047506,0.05838516433141148
PassingMain_v2,17,7,1,0,0,92.25,21.75,0.10131748447182416,0.0804096428638911
PassingMain_v2,17,8,1,0,0,94.22500000000001,24.0,0.11767065362709395,0.06950969568251404
PassingMain_v2,17,9,1,0,0,91.90833333333333,23.0,0.1595675392643943,0.08421749952702798
PassingMain_v2,17,10,0,1,0,95.31666666666668,13.0,0.10443058040186713,0.0766333665240651
PassingMain_v2,17,11,1,0,0,95.5,16.5,0.08670762342543326,0.06977840854432492
PassingMain_v2,17,12,0,1,0,94.925,16.5,0.1606918992947801,0.06999706492973022
PassingMain_v2,17,13,0,1,0,94.55,15.5,0.11526544978810827,0.0730912519329955
PassingMain_v2,17,14,0,0,1,96.675,11.0,0.08148330961428636,0.05720316726866115
PassingMain_v2,17,15,1,0,0,93.05,15.0,0.11749291016311052,0.07599152832277152
PassingMain_v2,17,16,0,1,0,95.91666666666666,13.5,0.1489770981024257,0.0769360252947888
PassingMain_v2,17,17,1,0,0,92.95,22.0,0.12966305700446076,0.07670569218785747
PassingMain_v2,17,18,1,0,0,94.19166666666666,17.5,0.15181199766785905,0.10978949290950007
PassingMain_v2,17,19,0,0,1,93.4,17.0,0.11750557191689487,0.07241816715404167
PassingMain_v2,17,20,0,1,0,92.85833333333333,19.0,0.1285163492159749,0.10493626470771293
PassingMain_v2,17,21,0,1,0,92.925,14.5,0.12528197890167994,0.0736928820239684
PassingMain_v2,17,22,0,1,0,94.60833333333333,14.5,0.11989266364142459,0.06931154759049306
PassingMain_v2,17,23,0,0,1,90.66666666666666,16.25,0.12678865256126234,0.08123344249556672
PassingMain_v2,17,24,1,0,0,95.625,18.0,0.12732188545608175,0.07161148490195202
PassingMain_v2,18,0,1,0,0,94.59166666666667,19.5,0.11729944811889186,0.06317409561545163
PassingMain_v2,18,1,1,0,0,93.91666666666667,14.5,0.12877563365228525,0.08472552909706448
PassingMain_v2,18,2,1,0,0,94.8,21.0,0.10527503082519546,0.07163579759945124
PassingMain_v2,18,3,1,0,0,89.51666666666667,21.0,0.16007347868232624,0.08158533418669972
PassingMain_v2,18,4,0,1,0,95.5,16.5,0.10703512821489394,0.09198279841506456
PassingMain_v2,18,5,1,0,0,94.40833333333333,19.0,0.12965658395074897,0.07426784815952267
PassingMain_v2,18,6,1,0,0,93.8,19.25,0.11672154792944532,0.07539113718875272
PassingMain_v2,18,7,0,1,0,95.58333333333333,16.0,0.11868197797860526,0.10204986100991625
PassingMain_v2,18,8,1,0,0,92.16666666666666,24.5,0.13917843764059598,0.05807087170274603
PassingMain_v2,18,9,0,1,0,95.42500000000001,15.5,0.14447720470449246,0.08644934510000928
PassingMain_v2,18,10,0,1,0,94.69999999999999,13.25,0.1274530203569777,0.0700576956053488
PassingMain_v2,18,11,0,1,0,90.28333333333333,22.0,0.1388214572850219,0.08782313783355669
PassingMain_v2,18,12,0,1,0,92.66666666666666,19.0,0.10705865720293421,0.06066363082295854
PassingMain_v2,18,13,1,0,0,94.88333333333333,17.0,0.09294647689770177,0.08357673129700448
PassingMain_v2,18,14,0,1,0,93.06666666666666,18.5,0.11443521749853199,0.09181846135946198
PassingMain_v2,18,15,0,1,0,94.55833333333334,13.5,0.1412808176184702,0.060366764941362394
PassingMain_v2,18,16,1,0,0,91.04166666666667,24.5,0.13175514288147655,0.08639871886584123
PassingMain_v2,18,17,0,0,1,92.0,23.5,0.0769335482167186,0.04813963643166589
PassingMain_v2,18,18,1,0,0,90.35833333333333,22.0,0.16062917746100747,0.08402934706620303
PassingMain_v2,18,19,1,0,0,94.35833333333333,21.5,0.11305412993109115,0.0734058018994177
PassingMain_v2,18,20,1,0,0,95.20833333333333,18.0,0.15552556636723733,0.09644293492933177
PassingMain_v2,18,21,1,0,0,91.875,19.5,0.10782468604335779,0.0641647375192014
PassingMain_v2,18,22,1,0,0,92.21666666666667,20.0,0.1265531558920448,0.07110121899927098
PassingMain_v2,18,23,1,0,0,95.8,12.0,0.10558982506346348,0.07792548585257875
PassingMain_v2,18,24,1,0,0,93.58333333333333,16.25,0.11654297480494968,0.07582304318884918
PassingMain_v2,19,0,0,0,1,95.175,14.0,0.13844489654720024,0.08469955581986281
PassingMain_v2,19,1,1,0,0,91.975,24.75,0.11930621674693333,0.046447454916382816
PassingMain_v2,19,2,1,0,0,92.83333333333333,17.5,0.12869865973127853,0.08336975999071729
PassingMain_v2,19,3,1,0,0,95.41666666666667,16.25,0.10982083311834787,0.08168817605560386
PassingMain_v2,19,4,1,0,0,94.69999999999999,16.5,0.0854767623395617,0.07471097816808585
PassingMain_v2,19,5,0,1,0,96.75,11.0,0.09795115335624147,0.06131991397802515
PassingMain_v2,19,6,1,0,0,93.16666666666666,21.0,0.14590724544409295,0.09211255000495745
PassingMain_v2,19,7,0,0,1,91.425,22.0,0.09584558778800867,0.0656975207190369
PassingMain_v2,19,8,0,1,0,92.84166666666667,15.5,0.11873746236639933,0.07434207362295354
PassingMain_v2,19,9,1,0,0,93.18333333333332,21.0,0.13632426419354585,0.08545152315902496
PassingMain_v2,19,10,0,1,0,97.06666666666666,10.0,0.12641247395667657,0.08083664684659027
PassingMain_v2,19,11,0,1,0,93.78333333333333,14.0,0.12535190613465427,0.07739053002733472
PassingMain_v2,19,12,0,1,0,93.825,22.0,0.14120863786314264,0.11663497177875776
PassingMain_v2,19,13,0,1,0,93.94166666666666,19.5,0.09777978197458548,0.06959214230415318
PassingMain_v2,19,14,1,0,0,93.63333333333334,17.5,0.13117970021567738,0.09138441706442271
PassingMain_v2,19,15,1,0,0,91.25,24.0,0.127501332821229,0.08777274613476672
PassingMain_v2,19,16,1,0,0,92.03333333333333,17.75,0.14228199245567538,0.0915965089691789
PassingMain_v2,19,17,0,0,1,96.23333333333333,11.0,0.12507963293818675,0.0678460859005263
PassingMain_v2,19,18,1,0,0,96.34166666666667,16.5,0.13564226062014287,0.0834279860181558
PassingMain_v2,19,19,1,0,0,91.06666666666666,18.5,0.1515857592703505,0.09338524166386315
PassingMain_v2,19,20,0,1,0,95.01666666666667,23.25,0.1332618981621136,0.09032631551444073
PassingMain_v2,19,21,0,0,1,93.38333333333333,20.5,0.12947259872927305,0.06335711737519512
PassingMain_v2,19,22,1,0,0,92.425,21.0,0.1392023836289812,0.08810236707097477
PassingMain_v2,19,23,1,0,0,88.2,16.5,0.130476441317716,0.06891559837005903
PassingMain_v2,19,24,1,0,0,92.84166666666667,16.5,0.14222728897775952,0.09512757958496189
