context_label,episode_id,step,t_norm,delta_score,sprint_bits,position,possession
early_neutral,3,0,1.0,0,[0],"[[-1.0110293626785278, -0.0], [0.0, 0.02032535709440708], [0.0, -0.02032535709440708], [-0.10110294073820114, -0.10162678360939026], [-0.10110294073820114, 0.10162678360939026]]",False
early_neutral,3,1,0.9996667777407531,0,[0],"[[-1.0110293626785278, -0.0], [3.706086548760368e-10, 0.019467074424028397], [0.0, -0.02032535709440708], [-0.10110294073820114, -0.10162678360939026], [-0.10110294073820114, 0.10162678360939026]]",False
early_neutral,3,2,0.9993335554815062,0,[0],"[[-1.0089819431304932, 1.5643710285506707e-11], [1.2067361554457534e-09, 0.016681566834449768], [0.0, -0.02032535709440708], [-0.10142582654953003, -0.10026010870933533], [-0.1019529327750206, 0.10263324528932571]]",False
early_neutral,3,3,0.9990003332222592,0,[0],"[[-1.0043776035308838, 3.809130788567927e-11], [1.6041908912356462e-09, 0.012883503921329975], [0.0, -0.02032535709440708], [-0.1001933291554451, -0.09788324683904648], [-0.10369766503572464, 0.10502176731824875]]",False
early_neutral,3,4,0.9986671109630123,0,[0],"[[-0.9982317090034485, -8.888172142729189e-11], [1.206063693359738e-09, 0.009168500080704689], [8.489903848385438e-05, -0.02125610038638115], [-0.09529861807823181, -0.09710687398910522], [-0.1056826189160347, 0.10829761624336243]]",False
early_neutral,3,5,0.9983338887037654,0,[0],"[[-0.9906662106513977, -6.615857306435657e-10], [8.842245269313764e-10, 0.005916606169193983], [0.0004492271109484136, -0.023671209812164307], [-0.08922469615936279, -0.09812035411596298], [-0.1079293042421341, 0.11229178309440613]]",True
early_neutral,3,6,0.9980006664445185,0,[0],"[[-0.9818469882011414, -9.425931146722633e-10], [7.500914889213561e-10, 0.004046153277158737], [0.0012983288615942001, -0.026889372617006302], [-0.0836520716547966, -0.1012599989771843], [-0.11039753258228302, 0.11689890176057816]]",True
early_neutral,3,7,0.9976674441852715,0,[0],"[[-0.9724517464637756, -5.787782356492244e-06], [6.838702382161443e-10, 0.002859558677300811], [0.0023432294838130474, -0.030813200399279594], [-0.07815828919410706, -0.10554678738117218], [-0.11292106658220291, 0.12185420840978622]]",True
early_neutral,3,8,0.9973342219260246,0,[0],"[[-0.9623057842254639, -2.6974279535352252e-05], [5.865156693651841e-10, 0.001984542701393366], [0.003461291315034032, -0.03478630632162094], [-0.0721404179930687, -0.1104268878698349], [-0.11568164825439453, 0.12744559347629547]]",True
early_neutral,3,9,0.9970009996667777,0,[0],"[[-0.9514371156692505, -6.558020686497912e-05], [4.856831603561318e-10, 0.0010782668832689524], [0.006900436244904995, -0.03764576464891434], [-0.06572262942790985, -0.11583621054887772], [-0.11870135366916656, 0.13352985680103302]]",True
early_neutral,3,10,0.9966677774075309,0,[0],"[[-0.9404258131980896, -0.00011104519944638014], [-0.00012546223297249526, 0.001406111754477024], [0.011078893207013607, -0.04118826612830162], [-0.05895620211958885, -0.12170317023992538], [-0.12199367582798004, 0.1400921642780304]]",True
early_neutral,3,11,0.996334555148284,0,[0],"[[-0.9287722706794739, -0.00016357666754629463], [-0.00025884900242090225, 0.0020798223558813334], [0.0161376241594553, -0.045240432024002075], [-0.05172894150018692, -0.12790530920028687], [-0.12553629279136658, 0.14678525924682617]]",True
early_neutral,3,12,0.996001332889037,0,[0],"[[-0.9165455102920532, -0.00022083809017203748], [-6.190165731823072e-05, 0.0028080071788281202], [0.02074049971997738, -0.04909895732998848], [-0.04409600421786308, -0.1343536227941513], [-0.12946945428848267, 0.15383434295654297]]",True
early_neutral,3,13,0.9956681106297901,0,[0],"[[-0.9038439989089966, -0.0002814475155901164], [0.00015314982738345861, 0.0034755547530949116], [0.022024065256118774, -0.05317327380180359], [-0.0361064150929451, -0.1409732848405838], [-0.13373282551765442, 0.1612246036529541]]",False
early_neutral,3,14,0.9953348883705432,0,[0],"[[-0.8907768726348877, -0.00033886139863170683], [8.506947051500902e-05, 0.004026169888675213], [0.02309020794928074, -0.056381601840257645], [-0.02776537463068962, -0.1476852297782898], [-0.1383523792028427, 0.1688806712627411]]",False
early_neutral,3,15,0.9950016661112963,0,[0],"[[-0.8774305582046509, -0.0003529671230353415], [1.6982803572318517e-05, 0.004576790612190962], [0.023879829794168472, -0.0588899590075016], [-0.02028423175215721, -0.1545228511095047], [-0.14328928291797638, 0.17673178017139435]]",False
early_neutral,3,16,0.9946684438520493,0,[0],"[[-0.8639687895774841, -0.0003159020561724901], [-4.5995831897016615e-05, 0.005086115095764399], [0.02467968687415123, -0.06077565625309944], [-0.016870955005288124, -0.16056117415428162], [-0.14848022162914276, 0.1847294718027115]]",False
early_neutral,3,17,0.9943352215928024,0,[0],"[[-0.8528265357017517, -0.0002627786889206618], [-0.0006395912496373057, 0.005629943683743477], [0.02558618038892746, -0.06089354678988457], [-0.018041042611002922, -0.1658390611410141], [-0.15391050279140472, 0.1928260773420334]]",True
early_neutral,3,18,0.9940019993335555,0,[0],"[[-0.8427761793136597, -0.00019315902318339795], [-0.003110572462901473, 0.0072941854596138], [0.02635463885962963, -0.06089445948600769], [-0.021229546517133713, -0.17143891751766205], [-0.1593652069568634, 0.2010423243045807]]",True
early_neutral,3,19,0.9936687770743086,0,[0],"[[-0.8350486755371094, -0.0001291570079047233], [-0.0064610871486365795, 0.009672089479863644], [0.02656424790620804, -0.0610278956592083], [-0.025731252506375313, -0.17667622864246368], [-0.16473177075386047, 0.20937877893447876]]",True
early_neutral,3,20,0.9933355548150616,0,[0],"[[-0.8310551643371582, -8.66161790327169e-05], [-0.010740243829786777, 0.012665252201259136], [0.026788638904690742, -0.06117074564099312], [-0.030393071472644806, -0.17994971573352814], [-0.16960406303405762, 0.2170753926038742]]",True
early_neutral,3,21,0.9930023325558147,0,[0],"[[-0.828115701675415, -5.2767070883419365e-05], [-0.015855420380830765, 0.016092119738459587], [0.026847878471016884, -0.06120845302939415], [-0.03630707785487175, -0.18155500292778015], [-0.17331750690937042, 0.22277824580669403]]",True
early_neutral,3,22,0.9926691102965678,0,[0],"[[-0.8276698589324951, -6.173273868625984e-05], [-0.021511351689696312, 0.019720254465937614], [0.026847878471016884, -0.06120845302939415], [-0.04095400869846344, -0.18248775601387024], [-0.17680616676807404, 0.2279868721961975]]",True
early_neutral,3,23,0.9923358880373209,0,[0],"[[-0.8274661302566528, -7.132533937692642e-05], [-0.02805965766310692, 0.023649703711271286], [0.026698844507336617, -0.06025198474526405], [-0.04157138988375664, -0.18265017867088318], [-0.1795354187488556, 0.23180466890335083]]",True
early_neutral,3,24,0.9920026657780739,0,[0],"[[-0.8274661302566528, -7.132533937692642e-05], [-0.03559184819459915, 0.027568507939577103], [0.025186199694871902, -0.05872783064842224], [-0.04157138988375664, -0.18265017867088318], [-0.18239879608154297, 0.23555368185043335]]",True
early_neutral,3,25,0.991669443518827,0,[0],"[[-0.8274661302566528, -7.132533937692642e-05], [-0.04411261901259422, 0.03146457299590111], [0.024032993242144585, -0.05596371367573738], [-0.04157138988375664, -0.18265017867088318], [-0.18388400971889496, 0.23744449019432068]]",True
early_neutral,3,26,0.9913362212595801,0,[0],"[[-0.8274661302566528, -7.132533937692642e-05], [-0.05060362443327904, 0.034059446305036545], [0.022880077362060547, -0.0528385303914547], [-0.04157138988375664, -0.18265017867088318], [-0.18388400971889496, 0.23744449019432068]]",True
early_neutral,3,27,0.9910029990003332,0,[0],"[[-0.8274661302566528, -7.132533937692642e-05], [-0.05646701157093048, 0.035778678953647614], [0.02120083011686802, -0.04886610805988312], [-0.04157138988375664, -0.18265017867088318], [-0.18388400971889496, 0.23744449019432068]]",True
early_neutral,3,28,0.9906697767410862,0,[0],"[[-0.8274661302566528, -7.132533937692642e-05], [-0.06058629974722862, 0.036773860454559326], [0.019974282011389732, -0.04374746233224869], [-0.04157138988375664, -0.18265017867088318], [-0.18388400971889496, 0.23744449019432068]]",True
early_neutral,3,29,0.9903365544818394,0,[0],"[[-0.8274661302566528, -7.132533937692642e-05], [-0.060923248529434204, 0.03684738650918007], [0.01954266056418419, -0.037877406924963], [-0.04157138988375664, -0.18265017867088318], [-0.18388400971889496, 0.23744449019432068]]",True
early_neutral,3,30,0.9900033322225925,0,[0],"[[-0.8274661302566528, -7.132533937692642e-05], [-0.060923248529434204, 0.03684738650918007], [0.019202686846256256, -0.03180092200636864], [-0.04157138988375664, -0.18265017867088318], [-0.18388400971889496, 0.23744449019432068]]",True
early_neutral,3,31,0.9896701099633456,0,[0],"[[-0.8274661302566528, -7.132533937692642e-05], [-0.060623157769441605, 0.03821074590086937], [0.0190021600574255, -0.026071833446621895], [-0.04157138988375664, -0.18265017867088318], [-0.18388400971889496, 0.23744449019432068]]",True
early_neutral,3,32,0.9893368877040987,0,[0],"[[-0.8274661302566528, -7.132533937692642e-05], [-0.06019791215658188, 0.040966831147670746], [0.018893258646130562, -0.020257625728845596], [-0.04157138988375664, -0.18265017867088318], [-0.18388400971889496, 0.23744449019432068]]",True
early_neutral,3,33,0.9890036654448517,0,[0],"[[-0.8274661302566528, -7.132533937692642e-05], [-0.05996839702129364, 0.04465969279408455], [0.018847348168492317, -0.014223795384168625], [-0.04157138988375664, -0.18265017867088318], [-0.18388400971889496, 0.23744449019432068]]",True
early_neutral,3,34,0.9886704431856048,0,[0],"[[-0.8274661302566528, -7.132533937692642e-05], [-0.0602899007499218, 0.048839498311281204], [0.0189500879496336, -0.007542065344750881], [-0.04278229549527168, -0.18315044045448303], [-0.18388400971889496, 0.23744449019432068]]",True
early_neutral,3,35,0.9883372209263579,0,[0],"[[-0.8274661302566528, -7.132533937692642e-05], [-0.059825263917446136, 0.05295479670166969], [0.01898355968296528, -0.0013143629767000675], [-0.04605628550052643, -0.18459340929985046], [-0.18388400971889496, 0.23744449019432068]]",False
early_neutral,3,36,0.988003998667111,0,[0],"[[-0.8253962993621826, 0.0011837161146104336], [-0.05742819607257843, 0.05724156275391579], [0.01897546276450157, 0.0033480962738394737], [-0.05039612948894501, -0.18649756908416748], [-0.18388400971889496, 0.23744449019432068]]",False
early_neutral,3,37,0.987670776407864,0,[0],"[[-0.8217548131942749, 0.0032623910810798407], [-0.05496003478765488, 0.061414241790771484], [0.019269796088337898, 0.0069562457501888275], [-0.05461191013455391, -0.1859636902809143], [-0.1826615035533905, 0.2357807159423828]]",False
early_neutral,3,38,0.9873375541486171,0,[0],"[[-0.81694096326828, 0.005924868397414684], [-0.052634187042713165, 0.06538176536560059], [0.020039308816194534, 0.009541171602904797], [-0.05742998793721199, -0.182855024933815], [-0.18091583251953125, 0.23281334340572357]]",False
early_neutral,3,39,0.9870043318893702,0,[0],"[[-0.81139075756073, 0.009414943866431713], [-0.05099760740995407, 0.06827601045370102], [0.020883148536086082, 0.010108239017426968], [-0.05815701186656952, -0.17854714393615723], [-0.17921370267868042, 0.2288234680891037]]",False
early_neutral,3,40,0.9866711096301233,0,[0],"[[-0.8054733276367188, 0.013759843073785305], [-0.04972802847623825, 0.07053599506616592], [0.023251473903656006, 0.008909281343221664], [-0.05726971477270126, -0.1734374761581421], [-0.17781782150268555, 0.22388309240341187]]",False
early_neutral,3,41,0.9863378873708764,0,[0],"[[-0.799541711807251, 0.018550457432866096], [-0.048382844775915146, 0.07334202527999878], [0.02698918618261814, 0.007244257256388664], [-0.05645526573061943, -0.1676076501607895], [-0.17704850435256958, 0.21811722218990326]]",False
early_neutral,3,42,0.9860046651116294,0,[0],"[[-0.7933571934700012, 0.02393273077905178], [-0.047363486140966415, 0.07705274224281311], [0.032657019793987274, 0.006096929777413607], [-0.05568228289484978, -0.16126951575279236], [-0.17699041962623596, 0.21348868310451508]]",False
early_neutral,3,43,0.9856714428523825,0,[0],"[[-0.7869470715522766, 0.029615873470902443], [-0.04908786714076996, 0.08119653910398483], [0.03968270495533943, 0.00512323621660471], [-0.054827164858579636, -0.15437164902687073], [-0.17755991220474243, 0.2093198150396347]]",False
early_neutral,3,44,0.9853382205931356,0,[0],"[[-0.7800864577293396, 0.03543131425976753], [-0.05334274843335152, 0.08554314821958542], [0.04790966212749481, 0.004072687588632107], [-0.05394633114337921, -0.1473436802625656], [-0.17839761078357697, 0.205936461687088]]",False
early_neutral,3,45,0.9850049983338887,0,[0],"[[-0.7729564905166626, 0.041268132627010345], [-0.05876991152763367, 0.09028260409832001], [0.05696778744459152, 0.0030148588120937347], [-0.053017184138298035, -0.13998878002166748], [-0.1785356104373932, 0.20552657544612885]]",False
early_neutral,3,46,0.9846717760746417,0,[0],"[[-0.7678136229515076, 0.04552927985787392], [-0.06495435535907745, 0.09546393156051636], [0.06670191884040833, 0.001987721538171172], [-0.05202953517436981, -0.1322300285100937], [-0.1798982173204422, 0.20581813156604767]]",False
early_neutral,3,47,0.9843385538153949,0,[0],"[[-0.763446033000946, 0.049253854900598526], [-0.07167818397283554, 0.10088750720024109], [0.07728590071201324, 0.0009834334487095475], [-0.05097617954015732, -0.12411949038505554], [-0.1836349368095398, 0.20665988326072693]]",False
early_neutral,3,48,0.984005331556148,0,[0],"[[-0.7611429691314697, 0.051243435591459274], [-0.0787157341837883, 0.10645056515932083], [0.08862469345331192, 0.0001142926630564034], [-0.04985952377319336, -0.11573383212089539], [-0.1886361986398697, 0.20787149667739868]]",False
early_neutral,3,49,0.9836721092969011,0,[0],"[[-0.7606024146080017, 0.05171291530132294], [-0.08625616878271103, 0.11231479793787003], [0.10067635029554367, 6.289154407568276e-05], [-0.048675887286663055, -0.1071365624666214], [-0.1944943070411682, 0.20954056084156036]]",False
early_neutral,3,50,0.9833388870376542,0,[0],"[[-0.7605915665626526, 0.05172233656048775], [-0.09420807659626007, 0.11846277862787247], [0.11313015222549438, 0.0011564868036657572], [-0.047414083033800125, -0.0983785092830658], [-0.2002069354057312, 0.21146491169929504]]",False
early_neutral,3,51,0.9830056647784072,0,[0],"[[-0.7605915665626526, 0.05172233656048775], [-0.10249697417020798, 0.12483704835176468], [0.12586602568626404, 0.0027532491367310286], [-0.046102236956357956, -0.08949720114469528], [-0.2056763619184494, 0.21366696059703827]]",False
early_neutral,3,52,0.9826724425191603,0,[0],"[[-0.7605915665626526, 0.05172233656048775], [-0.11105126887559891, 0.1313842236995697], [0.1387743502855301, 0.0047762286849319935], [-0.04476969689130783, -0.08052119612693787], [-0.21081885695457458, 0.21618053317070007]]",False
early_neutral,3,53,0.9823392202599134,0,[0],"[[-0.7605915665626526, 0.05172233656048775], [-0.11982397735118866, 0.1380561739206314], [0.15018528699874878, 0.006799853872507811], [-0.04348262771964073, -0.07146984338760376], [-0.21562731266021729, 0.2189611792564392]]",True
early_neutral,3,54,0.9820059980006665,0,[0],"[[-0.7605915665626526, 0.05172233656048775], [-0.12803463637828827, 0.14429304003715515], [0.15885992348194122, 0.008704818785190582], [-0.042573828250169754, -0.062344491481781006], [-0.22024793922901154, 0.22187408804893494]]",True
early_neutral,3,55,0.9816727757414195,0,[0],"[[-0.7605915665626526, 0.05172233656048775], [-0.13504359126091003, 0.15056964755058289], [0.16687709093093872, 0.010594910010695457], [-0.04210055619478226, -0.05316402390599251], [-0.2246973067522049, 0.2248978465795517]]",True
early_neutral,3,56,0.9813395534821726,0,[0],"[[-0.7605915665626526, 0.05172233656048775], [-0.14103548228740692, 0.15625663101673126], [0.17325527966022491, 0.011248030699789524], [-0.04268502816557884, -0.04395849257707596], [-0.2290453314781189, 0.22798366844654083]]",True
early_neutral,3,57,0.9810063312229257,0,[0],"[[-0.7605915665626526, 0.05172233656048775], [-0.14595799148082733, 0.16000421345233917], [0.17954815924167633, 0.011315048672258854], [-0.044680267572402954, -0.03481345251202583], [-0.2333335429430008, 0.23110471665859222]]",True
early_neutral,3,58,0.9806731089636788,0,[0],"[[-0.7605915665626526, 0.05172233656048775], [-0.1509658843278885, 0.16381046175956726], [0.18596428632736206, 0.011568640358746052], [-0.04754510149359703, -0.026180893182754517], [-0.23634661734104156, 0.23416849970817566]]",True
early_neutral,3,59,0.9803398867044318,0,[0],"[[-0.7605915665626526, 0.05172233656048775], [-0.15477009117603302, 0.16683916747570038], [0.19300179183483124, 0.01146062184125185], [-0.04961558058857918, -0.02003534510731697], [-0.23491370677947998, 0.2371443808078766]]",True
early_neutral,3,60,0.9800066644451849,0,[0],"[[-0.7611349821090698, 0.05298158898949623], [-0.15744368731975555, 0.16886933147907257], [0.2006625086069107, 0.010507375933229923], [-0.05093466863036156, -0.01612006686627865], [-0.231722891330719, 0.24056684970855713]]",True
early_neutral,3,61,0.979673442185938,0,[0],"[[-0.7621153593063354, 0.055389489978551865], [-0.15806497633457184, 0.16933782398700714], [0.20849807560443878, 0.009325885213911533], [-0.051774490624666214, -0.013627329841256142], [-0.22852438688278198, 0.24419938027858734]]",True
early_neutral,3,62,0.9793402199266911,0,[0],"[[-0.7630313634872437, 0.05777069181203842], [-0.15890651941299438, 0.16880753636360168], [0.2146015763282776, 0.00800606980919838], [-0.051537755876779556, -0.012787563726305962], [-0.22543539106845856, 0.24787180125713348]]",True
early_neutral,3,63,0.9790069976674441,0,[0],"[[-0.7634783983230591, 0.05891072005033493], [-0.16006949543952942, 0.16772295534610748], [0.22050191462039948, 0.006339902989566326], [-0.04856643080711365, -0.012195046059787273], [-0.22362667322158813, 0.2500918209552765]]",True
early_neutral,3,64,0.9786737754081972,0,[0],"[[-0.7635354399681091, 0.05905155465006828], [-0.16004475951194763, 0.16589033603668213], [0.22637778520584106, 0.0046350895427167416], [-0.044434286653995514, -0.011151735670864582], [-0.22360560297966003, 0.25011780858039856]]",True
early_neutral,3,65,0.9783405531489503,0,[0],"[[-0.7629354596138, 0.057803232222795486], [-0.1600528359413147, 0.16369092464447021], [0.23234164714813232, 0.0030649129766970873], [-0.03906271979212761, -0.009562342427670956], [-0.22360560297966003, 0.25011780858039856]]",True
early_neutral,3,66,0.9780073308897035,0,[0],"[[-0.7617133259773254, 0.055410660803318024], [-0.16021975874900818, 0.16105946898460388], [0.23838244378566742, 0.0016245320439338684], [-0.03258466348052025, -0.007337585557252169], [-0.22360560297966003, 0.25011780858039856]]",True
early_neutral,3,67,0.9776741086304566,0,[0],"[[-0.7599548697471619, 0.05215587839484215], [-0.16051392257213593, 0.15842652320861816], [0.24448493123054504, 0.00029878129134885967], [-0.02529122866690159, -0.004393525887280703], [-0.22360560297966003, 0.25011780858039856]]",True
early_neutral,3,68,0.9773408863712096,0,[0],"[[-0.7579975724220276, 0.04868033528327942], [-0.16121041774749756, 0.15702712535858154], [0.2506425678730011, -0.0009143047500401735], [-0.01761951670050621, -0.0006129132816568017], [-0.22333396971225739, 0.2500476539134979]]",True
early_neutral,3,69,0.9770076641119627,0,[0],"[[-0.7559743523597717, 0.04521990567445755], [-0.16244123876094818, 0.15273982286453247], [0.25683826208114624, -0.0020425128750503063], [-0.009970828890800476, 0.0040301308035850525], [-0.22023224830627441, 0.24915850162506104]]",True
early_neutral,3,70,0.9766744418527158,0,[0],"[[-0.7538885474205017, 0.041742514818906784], [-0.16282440721988678, 0.14757505059242249], [0.2630659341812134, -0.003093643579632044], [-0.005132543388754129, 0.008549789898097515], [-0.21583792567253113, 0.2477043718099594]]",True
early_neutral,3,71,0.9763412195934689,0,[0],"[[-0.7521222829818726, 0.03769084811210632], [-0.16335928440093994, 0.1438673883676529], [0.2668111026287079, -0.00370495836250484], [-0.005026065744459629, 0.012738444842398167], [-0.2105366438627243, 0.24562883377075195]]",True
early_neutral,3,72,0.9760079973342219,0,[0],"[[-0.7512028813362122, 0.033474523574113846], [-0.16352365911006927, 0.14122696220874786], [0.26685482263565063, -0.003712157951667905], [-0.007258974481374025, 0.016698218882083893], [-0.2082870751619339, 0.24469003081321716]]",True
early_neutral,3,73,0.975674775074975,0,[0],"[[-0.7509372234344482, 0.030295712873339653], [-0.16355498135089874, 0.14060848951339722], [0.26685482263565063, -0.003712157951667905], [-0.012229543179273605, 0.020436102524399757], [-0.2082870751619339, 0.24469003081321716]]",True
early_neutral,3,74,0.9753415528157281,0,[0],"[[-0.7507873773574829, 0.028439873829483986], [-0.16353289783000946, 0.14090564846992493], [0.26685482263565063, -0.003712157951667905], [-0.018472526222467422, 0.024441594257950783], [-0.2082870751619339, 0.24469003081321716]]",True
early_neutral,3,75,0.9750083305564812,0,[0],"[[-0.7507674694061279, 0.028042374178767204], [-0.16351701319217682, 0.14145003259181976], [0.26685482263565063, -0.003712157951667905], [-0.02552340179681778, 0.028687773272395134], [-0.2082870751619339, 0.24469003081321716]]",True
early_neutral,3,76,0.9746751082972342,0,[0],"[[-0.7510403990745544, 0.02999776229262352], [-0.16376224160194397, 0.1420525312423706], [0.26685482263565063, -0.003712157951667905], [-0.03354308381676674, 0.03307586908340454], [-0.2082870751619339, 0.24469003081321716]]",True
early_neutral,3,77,0.9743418860379873,0,[0],"[[-0.7514045238494873, 0.03289734199643135], [-0.16416871547698975, 0.14266319572925568], [0.26685482263565063, -0.003712157951667905], [-0.04130510613322258, 0.03681031987071037], [-0.2082870751619339, 0.24469003081321716]]",False
early_neutral,3,78,0.9740086637787404,0,[0],"[[-0.7518059611320496, 0.03634174168109894], [-0.16407227516174316, 0.143204003572464], [0.26627981662750244, -0.004567318130284548], [-0.049203407019376755, 0.03986465930938721], [-0.2082870751619339, 0.24469003081321716]]",False
early_neutral,3,79,0.9736754415194935,0,[0],"[[-0.7519855499267578, 0.03788500279188156], [-0.16397598385810852, 0.1437528431415558], [0.2649730443954468, -0.007005633320659399], [-0.05692308768630028, 0.04225849732756615], [-0.2082870751619339, 0.24469003081321716]]",False
early_neutral,3,80,0.9733422192602466,0,[0],"[[-0.7534130215644836, 0.03716509789228439], [-0.16388213634490967, 0.14428795874118805], [0.26379093527793884, -0.010123063810169697], [-0.06298930197954178, 0.044162362813949585], [-0.2082870751619339, 0.24469003081321716]]",False
early_neutral,3,81,0.9730089970009996,0,[0],"[[-0.7564670443534851, 0.035278450697660446], [-0.1640165150165558, 0.14448416233062744], [0.26357001066207886, -0.010758692398667336], [-0.06960079818964005, 0.04683356359601021], [-0.2086688131093979, 0.2442246526479721]]",False
early_neutral,3,82,0.9726757747417527,0,[0],"[[-0.7608230710029602, 0.03298041969537735], [-0.1659892350435257, 0.14316897094249725], [0.26357001066207886, -0.010758692398667336], [-0.07637738436460495, 0.05008848011493683], [-0.21049334108829498, 0.24210044741630554]]",False
early_neutral,3,83,0.9723425524825058,0,[0],"[[-0.7661473751068115, 0.030239615589380264], [-0.16901232302188873, 0.14089496433734894], [0.26156800985336304, -0.01121959462761879], [-0.0819302424788475, 0.052897412329912186], [-0.21316558122634888, 0.23918047547340393]]",False
early_neutral,3,84,0.9720093302232589,0,[0],"[[-0.7721754908561707, 0.027176963165402412], [-0.17258527874946594, 0.13813379406929016], [0.2574017345905304, -0.011973335407674313], [-0.08656246960163116, 0.0548870712518692], [-0.21656709909439087, 0.23544324934482574]]",False
early_neutral,3,85,0.971676107964012,0,[0],"[[-0.7787799835205078, 0.023865751922130585], [-0.17602352797985077, 0.1355961710214615], [0.25173214077949524, -0.012704461812973022], [-0.09169795364141464, 0.056806597858667374], [-0.22047476470470428, 0.2308860868215561]]",False
early_neutral,3,86,0.9713428857047651,0,[0],"[[-0.7851507663726807, 0.02185668610036373], [-0.17954808473587036, 0.1331084966659546], [0.24463535845279694, -0.013469401746988297], [-0.09673432260751724, 0.05868908390402794], [-0.22443357110023499, 0.22662866115570068]]",False
early_neutral,3,87,0.9710096634455182,0,[0],"[[-0.7892208695411682, 0.023227062076330185], [-0.18296615779399872, 0.1307169646024704], [0.2362474501132965, -0.014206506311893463], [-0.10146031528711319, 0.0604601725935936], [-0.22902420163154602, 0.22576487064361572]]",False
early_neutral,3,88,0.9706764411862713,0,[0],"[[-0.7918094396591187, 0.026723617687821388], [-0.18578869104385376, 0.12861323356628418], [0.22701166570186615, -0.014796603471040726], [-0.10605304688215256, 0.061758607625961304], [-0.23451170325279236, 0.2271396666765213]]",False
early_neutral,3,89,0.9703432189270244,0,[0],"[[-0.7939558625221252, 0.031327057629823685], [-0.18719303607940674, 0.12744762003421783], [0.21694326400756836, -0.01518411934375763], [-0.10869049280881882, 0.062275953590869904], [-0.24046528339385986, 0.2287268042564392]]",False
early_neutral,3,90,0.9700099966677774,0,[0],"[[-0.7950881719589233, 0.03691940754652023], [-0.18780291080474854, 0.1268431842327118], [0.20626483857631683, -0.015436834655702114], [-0.10887034982442856, 0.06117933616042137], [-0.24642916023731232, 0.23029744625091553]]",True
early_neutral,3,91,0.9696767744085305,0,[0],"[[-0.7958521842956543, 0.043231986463069916], [-0.18819402158260345, 0.12657901644706726], [0.19523413479328156, -0.01565130613744259], [-0.10846666246652603, 0.05866096168756485], [-0.25247833132743835, 0.23084068298339844]]",True
early_neutral,3,92,0.9693435521492836,0,[0],"[[-0.7965863943099976, 0.050116896629333496], [-0.18819402158260345, 0.12657901644706726], [0.18381129205226898, -0.0158378966152668], [-0.10759136080741882, 0.05520069599151611], [-0.25486135482788086, 0.23078040778636932]]",True
early_neutral,3,93,0.9690103298900367,0,[0],"[[-0.7967774868011475, 0.056611623615026474], [-0.18787246942520142, 0.12658438086509705], [0.17575833201408386, -0.01596469059586525], [-0.10613122582435608, 0.05087047070264816], [-0.25486135482788086, 0.23078040778636932]]",True
early_neutral,3,94,0.9686771076307897,0,[0],"[[-0.7963796854019165, 0.059908993542194366], [-0.18680989742279053, 0.1266094595193863], [0.17346711456775665, -0.016000766307115555], [-0.10438334196805954, 0.04591500014066696], [-0.25486135482788086, 0.23078040778636932]]",True
early_neutral,3,95,0.9683438853715428,0,[0],"[[-0.7956839203834534, 0.06001196801662445], [-0.1841600090265274, 0.12662895023822784], [0.1755724549293518, -0.015948379412293434], [-0.10263264179229736, 0.040229734033346176], [-0.25486135482788086, 0.23078040778636932]]",True
early_neutral,3,96,0.9680106631122959,0,[0],"[[-0.7920182943344116, 0.05906090885400772], [-0.18092450499534607, 0.12662439048290253], [0.17978838086128235, -0.015871405601501465], [-0.10126714408397675, 0.0349561907351017], [-0.25486135482788086, 0.23078040778636932]]",True
early_neutral,3,97,0.967677440853049,0,[0],"[[-0.7871226072311401, 0.057439178228378296], [-0.17708034813404083, 0.1265420764684677], [0.18428681790828705, -0.015803800895810127], [-0.10077555477619171, 0.030783075839281082], [-0.25486135482788086, 0.23078040778636932]]",True
early_neutral,3,98,0.967344218593802,0,[0],"[[-0.7810840010643005, 0.055183686316013336], [-0.17247149348258972, 0.12636591494083405], [0.1851789355278015, -0.015761161223053932], [-0.10083945095539093, 0.026598164811730385], [-0.25486135482788086, 0.23078040778636932]]",True
early_neutral,3,99,0.9670109963345551,0,[0],"[[-0.7739464044570923, 0.052433498203754425], [-0.1709039807319641, 0.1259661614894867], [0.1851789355278015, -0.015761161223053932], [-0.10167554020881653, 0.02245020680129528], [-0.25486135482788086, 0.23078040778636932]]",True
early_neutral,3,100,0.9666777740753082,0,[0],"[[-0.7660375833511353, 0.049366068094968796], [-0.16513817012310028, 0.12575609982013702], [0.1851789355278015, -0.015761161223053932], [-0.10335764288902283, 0.018412450328469276], [-0.25486135482788086, 0.23078040778636932]]",True
early_neutral,3,101,0.9663445518160613,0,[0],"[[-0.757453441619873, 0.04628509283065796], [-0.1567995846271515, 0.12580841779708862], [0.1851789355278015, -0.015761161223053932], [-0.10487084090709686, 0.015728166326880455], [-0.254401296377182, 0.23021791875362396]]",True
early_neutral,3,102,0.9660113295568143,0,[0],"[[-0.7480493187904358, 0.043197933584451675], [-0.1473483443260193, 0.12596911191940308], [0.1865880787372589, -0.0155899403616786], [-0.10492502897977829, 0.015633145347237587], [-0.25245851278305054, 0.2278643697500229]]",True
early_neutral,3,103,0.9656781072975674,0,[0],"[[-0.7398780584335327, 0.040994882583618164], [-0.1381571888923645, 0.12595802545547485], [0.19050399959087372, -0.01529775746166706], [-0.10492502897977829, 0.015633145347237587], [-0.24975919723510742, 0.22463898360729218]]",True
early_neutral,3,104,0.9653448850383206,0,[0],"[[-0.7315764427185059, 0.03934939578175545], [-0.12851952016353607, 0.12633945047855377], [0.1958031803369522, -0.015206286683678627], [-0.10492502897977829, 0.015633145347237587], [-0.2456047236919403, 0.22180716693401337]]",True
early_neutral,3,105,0.9650116627790737,0,[0],"[[-0.7247194051742554, 0.03836628794670105], [-0.11920338124036789, 0.12644584476947784], [0.2022607922554016, -0.015197280794382095], [-0.10492502897977829, 0.015633145347237587], [-0.2400762438774109, 0.21988394856452942]]",True
early_neutral,3,106,0.9646784405198268,0,[0],"[[-0.7192524075508118, 0.03797798231244087], [-0.10980217903852463, 0.126665398478508], [0.20967797935009003, -0.015210507437586784], [-0.10492502897977829, 0.015633145347237587], [-0.2342410534620285, 0.21842609345912933]]",True
early_neutral,3,107,0.9643452182605798,0,[0],"[[-0.7142729163169861, 0.03790753707289696], [-0.10024958103895187, 0.12704341113567352], [0.21761150658130646, -0.015249968506395817], [-0.10492502897977829, 0.015633145347237587], [-0.22810393571853638, 0.21844005584716797]]",True
early_neutral,3,108,0.9640119960013329,0,[0],"[[-0.7105802893638611, 0.03802798315882683], [-0.0910584032535553, 0.12704338133335114], [0.22493310272693634, -0.015286770649254322], [-0.10492502897977829, 0.015633145347237587], [-0.22170503437519073, 0.2187848687171936]]",True
early_neutral,3,109,0.963678773742086,0,[0],"[[-0.7069067358970642, 0.03830000013113022], [-0.08142073452472687, 0.1275406926870346], [0.22683662176132202, -0.015279935672879219], [-0.10437899082899094, 0.015618009492754936], [-0.21527528762817383, 0.21892355382442474]]",True
early_neutral,3,110,0.9633455514828391,0,[0],"[[-0.7024581432342529, 0.03835517168045044], [-0.07210460305213928, 0.12767983973026276], [0.2271270602941513, -0.015259137377142906], [-0.1012672558426857, 0.015711981803178787], [-0.2088424563407898, 0.21887391805648804]]",True
early_neutral,3,111,0.9630123292235921,0,[0],"[[-0.6990472674369812, 0.03785311430692673], [-0.06284023076295853, 0.1276724487543106], [0.23045849800109863, -0.015080052427947521], [-0.09689972549676895, 0.016193974763154984], [-0.20241501927375793, 0.2186877429485321]]",True
early_neutral,3,112,0.9626791069643452,0,[0],"[[-0.700630247592926, 0.0373072624206543], [-0.05326688289642334, 0.12806567549705505], [0.23521387577056885, -0.014949940145015717], [-0.09131300449371338, 0.017102032899856567], [-0.19612838327884674, 0.21849702298641205]]",True
early_neutral,3,113,0.9623458847050983,0,[0],"[[-0.7037943005561829, 0.03577938303351402], [-0.04530493542551994, 0.12933111190795898], [0.24131286144256592, -0.014894112944602966], [-0.08543664962053299, 0.018172189593315125], [-0.18970178067684174, 0.21829885244369507]]",True
early_neutral,3,114,0.9620126624458514,0,[0],"[[-0.708136260509491, 0.034128982573747635], [-0.03883155807852745, 0.13124123215675354], [0.24830245971679688, -0.014865761622786522], [-0.07929190248250961, 0.019412556663155556], [-0.18409940600395203, 0.21813161671161652]]",True
early_neutral,3,115,0.9616794401866045,0,[0],"[[-0.7139021754264832, 0.03216467797756195], [-0.03367970511317253, 0.1343095898628235], [0.2560160160064697, -0.0148735037073493], [-0.07323424518108368, 0.020785925909876823], [-0.18315279483795166, 0.2181311398744583]]",True
early_neutral,3,116,0.9613462179273575,0,[0],"[[-0.7210158109664917, 0.030005665495991707], [-0.02802235446870327, 0.13800041377544403], [0.2642331123352051, -0.014919436536729336], [-0.06744223088026047, 0.022314803674817085], [-0.1817275434732437, 0.21825434267520905]]",True
early_neutral,3,117,0.9610129956681106,0,[0],"[[-0.7292296886444092, 0.02759372815489769], [-0.021427635103464127, 0.14253759384155273], [0.2707034647464752, -0.014917961321771145], [-0.061611663550138474, 0.024083727970719337], [-0.1777513027191162, 0.21871612966060638]]",True
early_neutral,3,118,0.9606797734088637,0,[0],"[[-0.738375186920166, 0.02496504969894886], [-0.014492519199848175, 0.14470404386520386], [0.2771366834640503, -0.014861187897622585], [-0.05594697222113609, 0.02604617178440094], [-0.17245951294898987, 0.21940866112709045]]",True
early_neutral,3,119,0.9603465511496168,0,[0],"[[-0.7479475736618042, 0.02224089205265045], [-0.007905273698270321, 0.14557848870754242], [0.2841660976409912, -0.014765436761081219], [-0.05064147338271141, 0.028176067396998405], [-0.16898711025714874, 0.21801544725894928]]",True
early_neutral,3,120,0.9600133288903698,0,[0],"[[-0.7581608891487122, 0.01935136690735817], [-0.00034776056418195367, 0.14580143988132477], [0.29244527220726013, -0.014649959281086922], [-0.04541848599910736, 0.03059432841837406], [-0.1680142879486084, 0.21457594633102417]]",True
early_neutral,3,121,0.9596801066311229,0,[0],"[[-0.7689841985702515, 0.01630178838968277], [0.008757371455430984, 0.14679446816444397], [0.3015819489955902, -0.014518373645842075], [-0.04032529518008232, 0.033112529665231705], [-0.16598953306674957, 0.21098819375038147]]",True
early_neutral,3,122,0.9593468843718761,0,[0],"[[-0.7803331613540649, 0.013110720552504063], [0.01798860728740692, 0.1468876153230667], [0.31077051162719727, -0.014376218430697918], [-0.034387558698654175, 0.03411880135536194], [-0.16147392988204956, 0.20822980999946594]]",True
early_neutral,3,123,0.9590136621126292,0,[0],"[[-0.7918906807899475, 0.009868755005300045], [0.02728358842432499, 0.1468736082315445], [0.3199143409729004, -0.014224160462617874], [-0.028013622388243675, 0.0344218872487545], [-0.1560458540916443, 0.20629796385765076]]",True
early_neutral,3,124,0.9586804398533822,0,[0],"[[-0.8020079135894775, 0.007035070098936558], [0.03662736713886261, 0.14680731296539307], [0.32679158449172974, -0.014046992175281048], [-0.02159539796411991, 0.03471323475241661], [-0.14994315803050995, 0.20621609687805176]]",True
early_neutral,3,125,0.9583472175941353,0,[0],"[[-0.8112227916717529, 0.004457256756722927], [0.04586927592754364, 0.14669258892536163], [0.3332110345363617, -0.013768850825726986], [-0.015176527202129364, 0.034998491406440735], [-0.1435970664024353, 0.20684568583965302]]",True
early_neutral,3,126,0.9580139953348884,0,[0],"[[-0.8180064558982849, 0.0025612793397158384], [0.05466422438621521, 0.1465541124343872], [0.339621901512146, -0.013415791094303131], [-0.008757373318076134, 0.03528064489364624], [-0.13719362020492554, 0.20722758769989014]]",True
early_neutral,3,127,0.9576807730756415,0,[0],"[[-0.8221088647842407, 0.0014160905266180634], [0.06353891640901566, 0.14636389911174774], [0.3460317552089691, -0.013054627925157547], [-0.0024798568338155746, 0.03556816652417183], [-0.1307651698589325, 0.2071274071931839]]",True
early_neutral,3,128,0.9573475508163946,0,[0],"[[-0.8252065181732178, 0.0005567152402363718], [0.07067900151014328, 0.14604167640209198], [0.3524412214756012, -0.012690725736320019], [0.0039193835109472275, 0.03587525710463524], [-0.12434100359678268, 0.20742425322532654]]",False
early_neutral,3,129,0.9570143285571476,0,[0],"[[-0.8259967565536499, 0.0003670324513223022], [0.07647578418254852, 0.14528290927410126], [0.35885417461395264, -0.01235403772443533], [0.010242425836622715, 0.03608632832765579], [-0.11770224571228027, 0.2097470611333847]]",False
early_neutral,3,130,0.9566811062979007,0,[0],"[[-0.8261675834655762, 0.0003307045844849199], [0.08215242624282837, 0.14475348591804504], [0.36521267890930176, -0.013259160332381725], [0.014179741032421589, 0.034326791763305664], [-0.11095484346151352, 0.212972491979599]]",False
early_neutral,3,131,0.9563478840386538,0,[0],"[[-0.8261675834655762, 0.0003307045844849199], [0.08738642930984497, 0.1443476527929306], [0.3715030252933502, -0.016141081228852272], [0.01639903523027897, 0.03071039542555809], [-0.10770254582166672, 0.21643947064876556]]",False
early_neutral,3,132,0.9560146617794069,0,[0],"[[-0.8261675834655762, 0.0003307045844849199], [0.09261176735162735, 0.14369402825832367], [0.37797942757606506, -0.02000952512025833], [0.017898069694638252, 0.028097016736865044], [-0.10767623782157898, 0.22060655057430267]]",False
early_neutral,3,133,0.9556814395201599,0,[0],"[[-0.8261675834655762, 0.0003307045844849199], [0.09786272048950195, 0.14248937368392944], [0.38487738370895386, -0.02430063672363758], [0.01838000677525997, 0.027539245784282684], [-0.1070617288351059, 0.22450284659862518]]",False
early_neutral,3,134,0.955348217260913,0,[0],"[[-0.8261675834655762, 0.0003307045844849199], [0.10318752378225327, 0.14067572355270386], [0.3922955095767975, -0.029059913009405136], [0.019007066264748573, 0.02787063829600811], [-0.10490024089813232, 0.22828760743141174]]",False
early_neutral,3,135,0.9550149950016661,0,[0],"[[-0.8261675834655762, 0.0003307045844849199], [0.10861388593912125, 0.13868971168994904], [0.39989426732063293, -0.0340111143887043], [0.021554861217737198, 0.029669268056750298], [-0.10295139253139496, 0.23177918791770935]]",False
early_neutral,3,136,0.9546817727424192,0,[0],"[[-0.8261675834655762, 0.0003307045844849199], [0.11411536484956741, 0.13661053776741028], [0.4078493118286133, -0.039240967482328415], [0.0245671384036541, 0.032492030411958694], [-0.10233716666698456, 0.2329191118478775]]",False
early_neutral,3,137,0.9543485504831722,0,[0],"[[-0.8261675834655762, 0.0003307045844849199], [0.12034696340560913, 0.1341596096754074], [0.41563844680786133, -0.0443977490067482], [0.028147142380475998, 0.03621337562799454], [-0.10228585451841354, 0.23301450908184052]]",False
early_neutral,3,138,0.9540153282239253,0,[0],"[[-0.8261675834655762, 0.0003307045844849199], [0.1277536153793335, 0.1313815712928772], [0.42313382029533386, -0.04937383532524109], [0.03251853212714195, 0.040637824684381485], [-0.10301713645458221, 0.2316170632839203]]",False
early_neutral,3,139,0.9536821059646784,0,[0],"[[-0.8261675834655762, 0.0003307045844849199], [0.1357342004776001, 0.12849025428295135], [0.4269839823246002, -0.05280758813023567], [0.037650369107723236, 0.04551590606570244], [-0.10419734567403793, 0.22923238575458527]]",False
early_neutral,3,140,0.9533488837054315,0,[0],"[[-0.8261675834655762, 0.0003307045844849199], [0.14397940039634705, 0.12584766745567322], [0.42939332127571106, -0.055372994393110275], [0.04334212839603424, 0.05021045729517937], [-0.10515052825212479, 0.22592072188854218]]",False
early_neutral,3,141,0.9530156614461847,0,[0],"[[-0.8261675834655762, 0.0003307045844849199], [0.15232661366462708, 0.12329290062189102], [0.4331650733947754, -0.05830097943544388], [0.049530189484357834, 0.054630834609270096], [-0.10297006368637085, 0.22225630283355713]]",False
early_neutral,3,142,0.9526824391869377,0,[0],"[[-0.8261675834655762, 0.0003307045844849199], [0.16106632351875305, 0.1206861138343811], [0.43805181980133057, -0.06154898181557655], [0.05641971156001091, 0.05879092961549759], [-0.09914979338645935, 0.21897844970226288]]",False
early_neutral,3,143,0.9523492169276908,0,[0],"[[-0.8261675834655762, 0.0003307045844849199], [0.17064644396305084, 0.11788118630647659], [0.44293853640556335, -0.06479698419570923], [0.06450954079627991, 0.06290923804044724], [-0.09558935463428497, 0.21638156473636627]]",False
early_neutral,3,144,0.9520159946684439,0,[0],"[[-0.8261675834655762, 0.0003307045844849199], [0.18062637746334076, 0.11513329297304153], [0.4485926628112793, -0.06826889514923096], [0.07157955318689346, 0.06626158952713013], [-0.09264842420816422, 0.21545998752117157]]",False
early_neutral,3,145,0.951682772409197,0,[0],"[[-0.8261675834655762, 0.0003307045844849199], [0.19110995531082153, 0.11255550384521484], [0.45551106333732605, -0.0722416564822197], [0.07415910065174103, 0.06748471409082413], [-0.08859489113092422, 0.21640442311763763]]",False
early_neutral,3,146,0.95134955014995,0,[0],"[[-0.8261675834655762, 0.0003307045844849199], [0.2023240327835083, 0.11003097146749496], [0.4631626307964325, -0.07663752883672714], [0.07354502379894257, 0.06721900403499603], [-0.08446004986763, 0.2190680056810379]]",True
early_neutral,3,147,0.9510163278907031,0,[0],"[[-0.8261675834655762, 0.0003307045844849199], [0.2140575647354126, 0.10732817649841309], [0.4712991416454315, -0.08138376474380493], [0.07030702382326126, 0.06609443575143814], [-0.07951822131872177, 0.22251248359680176]]",True
early_neutral,3,148,0.9506831056314562,0,[0],"[[-0.8261675834655762, 0.0003307045844849199], [0.22612163424491882, 0.10440662503242493], [0.4785352349281311, -0.0858628898859024], [0.06557673960924149, 0.064961276948452], [-0.0738922730088234, 0.22667424380779266]]",False
early_neutral,3,149,0.9503498833722093,0,[0],"[[-0.8261675834655762, 0.0003307045844849199], [0.23596157133579254, 0.10182022303342819], [0.48382800817489624, -0.0892237052321434], [0.06098610907793045, 0.06372386962175369], [-0.06666672229766846, 0.23060879111289978]]",False
early_neutral,3,150,0.9500166611129623,0,[0],"[[-0.8261675834655762, 0.0003307045844849199], [0.24161706864833832, 0.09962420910596848], [0.4881666600704193, -0.09197927266359329], [0.05909571796655655, 0.06298653036355972], [-0.05750575661659241, 0.2335972934961319]]",False
early_neutral,3,151,0.9496834388537154,0,[0],"[[-0.8261675834655762, 0.0003307045844849199], [0.24602928757667542, 0.09804083406925201], [0.49174603819847107, -0.09465058147907257], [0.059875547885894775, 0.06218431517481804], [-0.047640956938266754, 0.23633845150470734]]",False
early_neutral,3,152,0.9493502165944685,0,[0],"[[-0.8261675834655762, 0.0003307045844849199], [0.25026562809944153, 0.09819039702415466], [0.4938023090362549, -0.09674429148435593], [0.06336568295955658, 0.06086643785238266], [-0.03727668523788452, 0.23876425623893738]]",False
early_neutral,3,153,0.9490169943352216,0,[0],"[[-0.8261675834655762, 0.0003307045844849199], [0.2509208917617798, 0.09807099401950836], [0.49349769949913025, -0.09738431870937347], [0.06821242719888687, 0.059133876115083694], [-0.026095878332853317, 0.2409626692533493]]",False
early_neutral,3,154,0.9486837720759747,0,[0],"[[-0.8261675834655762, 0.0003307045844849199], [0.25068914890289307, 0.0978199914097786], [0.4903101325035095, -0.0975181981921196], [0.07430588454008102, 0.05693936347961426], [-0.014147678390145302, 0.24276764690876007]]",False
early_neutral,3,155,0.9483505498167277,0,[0],"[[-0.8261675834655762, 0.0003307045844849199], [0.25056037306785583, 0.09774493426084518], [0.4855959415435791, -0.09739533811807632], [0.08162341266870499, 0.054426826536655426], [-0.0014867765130475163, 0.2436993569135666]]",False
early_neutral,3,156,0.9480173275574808,0,[0],"[[-0.8261675834655762, 0.0003307045844849199], [0.2514479160308838, 0.09729612618684769], [0.4794573485851288, -0.09711609035730362], [0.08984154462814331, 0.05167514085769653], [0.01162718329578638, 0.24383878707885742]]",False
early_neutral,3,157,0.9476841052982339,0,[0],"[[-0.8261675834655762, 0.0003307045844849199], [0.2524971663951874, 0.09669753164052963], [0.47215867042541504, -0.09664425998926163], [0.09863744676113129, 0.04864001274108887], [0.024958858266472816, 0.242977574467659]]",False
early_neutral,3,158,0.947350883038987,0,[0],"[[-0.8261675834655762, 0.0003307045844849199], [0.2532503306865692, 0.09606245905160904], [0.46377041935920715, -0.0960477888584137], [0.10806058347225189, 0.045272648334503174], [0.03827822580933571, 0.2411259263753891]]",False
early_neutral,3,159,0.94701766077974,0,[0],"[[-0.8261675834655762, 0.0003307045844849199], [0.25326472520828247, 0.0954667404294014], [0.454622745513916, -0.09535566717386246], [0.11745929718017578, 0.041729655116796494], [0.05141592025756836, 0.23840999603271484]]",False
early_neutral,3,160,0.9466844385204932,0,[0],"[[-0.8261675834655762, 0.0003307045844849199], [0.2531530261039734, 0.09492674469947815], [0.445255845785141, -0.09476149827241898], [0.12724530696868896, 0.03784129023551941], [0.06416741758584976, 0.23483791947364807]]",False
early_neutral,3,161,0.9463512162612463,0,[0],"[[-0.8261675834655762, 0.0003307045844849199], [0.25213098526000977, 0.09474866837263107], [0.43504631519317627, -0.09430202841758728], [0.13733148574829102, 0.03352177143096924], [0.07464677095413208, 0.23139630258083344]]",False
early_neutral,3,162,0.9460179940019994,0,[0],"[[-0.8261675834655762, 0.0003307045844849199], [0.2502988278865814, 0.09479053318500519], [0.42438802123069763, -0.09411777555942535], [0.14711834490299225, 0.028367355465888977], [0.08208195865154266, 0.22785426676273346]]",False
early_neutral,3,163,0.9456847717427525,0,[0],"[[-0.8261675834655762, 0.0003307045844849199], [0.24893522262573242, 0.0948120579123497], [0.41335538029670715, -0.09446901828050613], [0.15633037686347961, 0.022397590801119804], [0.08798008412122726, 0.224480539560318]]",False
early_neutral,3,164,0.9453515494835055,0,[0],"[[-0.8261675834655762, 0.0003307045844849199], [0.24745216965675354, 0.09482572227716446], [0.40174537897109985, -0.09531054645776749], [0.16503749787807465, 0.015844134613871574], [0.08975924551486969, 0.2234368771314621]]",False
early_neutral,3,165,0.9450183272242586,0,[0],"[[-0.8261675834655762, 0.0003307045844849199], [0.24741488695144653, 0.09498753398656845], [0.39016225934028625, -0.09746328741312027], [0.17300474643707275, 0.008708539418876171], [0.08946782350540161, 0.2234506905078888]]",True
early_neutral,3,166,0.9446851049650117,0,[0],"[[-0.8261675834655762, 0.0003307045844849199], [0.2471744269132614, 0.09540224820375443], [0.37986594438552856, -0.10192205756902695], [0.18046431243419647, 0.0011999669950455427], [0.08612585067749023, 0.22357571125030518]]",True
early_neutral,3,167,0.9443518827057648,0,[0],"[[-0.8261675834655762, 0.0003307045844849199], [0.2464660108089447, 0.09572067111730576], [0.36953210830688477, -0.1068124920129776], [0.1874489188194275, -0.006604846101254225], [0.08135247230529785, 0.22368399798870087]]",True
early_neutral,3,168,0.9440186604465178,0,[0],"[[-0.8261675834655762, 0.0003307045844849199], [0.24574826657772064, 0.09657833725214005], [0.3586878776550293, -0.11162789911031723], [0.1936948001384735, -0.01407699566334486], [0.07519708573818207, 0.2238721251487732]]",False
early_neutral,3,169,0.9436854381872709,0,[0],"[[-0.8261675834655762, 0.0003307045844849199], [0.245523139834404, 0.09737230092287064], [0.3473951518535614, -0.11632069200277328], [0.19874930381774902, -0.019486701115965843], [0.06773319095373154, 0.2244451493024826]]",False
early_neutral,3,170,0.943352215928024,0,[0],"[[-0.8261675834655762, 0.0003307045844849199], [0.2456400841474533, 0.09780806303024292], [0.3356175422668457, -0.12075278162956238], [0.20388779044151306, -0.024462904781103134], [0.05921284109354019, 0.22559985518455505]]",False
early_neutral,3,171,0.9430189936687771,0,[0],"[[-0.8261675834655762, 0.0003307045844849199], [0.24575701355934143, 0.0982438176870346], [0.32342636585235596, -0.12486571818590164], [0.20697744190692902, -0.030199967324733734], [0.051566231995821, 0.22685861587524414]]",False
early_neutral,3,172,0.9426857714095301,0,[0],"[[-0.8261675834655762, 0.0003307045844849199], [0.2457641214132309, 0.09870897978544235], [0.31318023800849915, -0.1282138079404831], [0.20981214940547943, -0.036035820841789246], [0.046963196247816086, 0.22953906655311584]]",False
early_neutral,3,173,0.9423525491502832,0,[0],"[[-0.8261675834655762, 0.0003307045844849199], [0.24459899961948395, 0.09863561391830444], [0.3075498938560486, -0.13005360960960388], [0.2128039002418518, -0.041794553399086], [0.041954539716243744, 0.2330603450536728]]",False
early_neutral,3,174,0.9420193268910363,0,[0],"[[-0.8261675834655762, 0.0003307045844849199], [0.2414586842060089, 0.09729080647230148], [0.3077298402786255, -0.13057757914066315], [0.21549221873283386, -0.04684283211827278], [0.036216799169778824, 0.23723682761192322]]",False
early_neutral,3,175,0.9416861046317894,0,[0],"[[-0.8261675834655762, 0.0003307045844849199], [0.23723524808883667, 0.09532236307859421], [0.3116069734096527, -0.1309211105108261], [0.21780715882778168, -0.050611671060323715], [0.03049026057124138, 0.24152584373950958]]",False
early_neutral,3,176,0.9413528823725424,0,[0],"[[-0.8261675834655762, 0.0003307045844849199], [0.23175109922885895, 0.09295336902141571], [0.3168830871582031, -0.1310216635465622], [0.21991567313671112, -0.05398975685238838], [0.02604716829955578, 0.24458687007427216]]",False
early_neutral,3,177,0.9410196601132955,0,[0],"[[-0.8261675834655762, 0.0003307045844849199], [0.22494864463806152, 0.09027457982301712], [0.32355809211730957, -0.13106821477413177], [0.2221774011850357, -0.05799511820077896], [0.021401626989245415, 0.24748273193836212]]",False
early_neutral,3,178,0.9406864378540486,0,[0],"[[-0.8261675834655762, 0.0003307045844849199], [0.2169542759656906, 0.08745037764310837], [0.33152174949645996, -0.13111773133277893], [0.2245216965675354, -0.062276944518089294], [0.018985776230692863, 0.2489101141691208]]",False
early_neutral,3,179,0.9403532155948018,0,[0],"[[-0.8261675834655762, 0.0003307045844849199], [0.20808011293411255, 0.08447390794754028], [0.3405870497226715, -0.1311483383178711], [0.22686946392059326, -0.0665578693151474], [0.018985776230692863, 0.2489101141691208]]",False
early_neutral,3,180,0.9400199933355549,0,[0],"[[-0.8261675834655762, 0.0003307045844849199], [0.19839346408843994, 0.08131909370422363], [0.35058385133743286, -0.1311378926038742], [0.22950004041194916, -0.0711706355214119], [0.017947344109416008, 0.2491745948791504]]",False
early_neutral,3,181,0.9396867710763079,0,[0],"[[-0.8261675834655762, 0.0003307045844849199], [0.1880003958940506, 0.07800869643688202], [0.361219197511673, -0.1310722976922989], [0.23155391216278076, -0.07482487708330154], [0.014308642596006393, 0.24991315603256226]]",True
early_neutral,3,182,0.939353548817061,0,[0],"[[-0.8261675834655762, 0.0003307045844849199], [0.17700926959514618, 0.07453311234712601], [0.3720307946205139, -0.13087816536426544], [0.23268377780914307, -0.0769147127866745], [0.009231270290911198, 0.25060296058654785]]",True
early_neutral,3,183,0.9390203265578141,0,[0],"[[-0.8261675834655762, 0.0003307045844849199], [0.16554994881153107, 0.07092417031526566], [0.3832554519176483, -0.1305350363254547], [0.23356036841869354, -0.078541599214077], [0.002930853981524706, 0.25111982226371765]]",True
early_neutral,3,184,0.9386871042985672,0,[0],"[[-0.8261675834655762, 0.0003307045844849199], [0.15389183163642883, 0.06699835509061813], [0.39186933636665344, -0.13006769120693207], [0.23451465368270874, -0.08018241822719574], [-0.0034919336903840303, 0.25134968757629395]]",False
early_neutral,3,185,0.9383538820393202,0,[0],"[[-0.8261675834655762, 0.0003307045844849199], [0.1422393023967743, 0.0626504048705101], [0.400042325258255, -0.1294282227754593], [0.2357347011566162, -0.08227873593568802], [-0.00992531981319189, 0.2513348162174225]]",False
early_neutral,3,186,0.9380206597800733,0,[0],"[[-0.8261675834655762, 0.0003307045844849199], [0.13071110844612122, 0.057876262813806534], [0.40909039974212646, -0.12857481837272644], [0.2383120208978653, -0.08673932403326035], [-0.01635349728167057, 0.2511650621891022]]",True
early_neutral,3,187,0.9376874375208264,0,[0],"[[-0.8261675834655762, 0.0003307045844849199], [0.11955490708351135, 0.052543867379426956], [0.41826900839805603, -0.12759588658809662], [0.2412770837545395, -0.09198486059904099], [-0.022225992754101753, 0.2508804500102997]]",True
early_neutral,3,188,0.9373542152615795,0,[0],"[[-0.8261675834655762, 0.0003307045844849199], [0.10925471782684326, 0.04706782102584839], [0.4274783730506897, -0.12668131291866302], [0.24457985162734985, -0.09806697815656662], [-0.02345585823059082, 0.2508107125759125]]",True
early_neutral,3,189,0.9370209930023325,0,[0],"[[-0.8261675834655762, 0.0003307045844849199], [0.10205486416816711, 0.04309380427002907], [0.43676936626434326, -0.12580552697181702], [0.2477700263261795, -0.10401313751935959], [-0.02345585823059082, 0.2508107125759125]]",True
early_neutral,3,190,0.9366877707430856,0,[0],"[[-0.8261675834655762, 0.0003307045844849199], [0.0975109189748764, 0.04027662053704262], [0.44644051790237427, -0.12500083446502686], [0.25023508071899414, -0.10863617807626724], [-0.02345585823059082, 0.2508107125759125]]",False
early_neutral,3,191,0.9363545484838387,0,[0],"[[-0.8261675834655762, 0.0003307045844849199], [0.09597481042146683, 0.03931046277284622], [0.45414361357688904, -0.12378320842981339], [0.25218072533607483, -0.11213133484125137], [-0.02345585823059082, 0.2508107125759125]]",False
early_neutral,3,192,0.9360213262245918,0,[0],"[[-0.8261675834655762, 0.0003307045844849199], [0.09597481042146683, 0.03931046277284622], [0.4568151533603668, -0.121259406208992], [0.2544451951980591, -0.11619926244020462], [-0.02345585823059082, 0.2508107125759125]]",False
early_neutral,3,193,0.9356881039653449,0,[0],"[[-0.8261675834655762, 0.0003307045844849199], [0.09570426493883133, 0.03816942125558853], [0.45716986060142517, -0.11912599951028824], [0.25683534145355225, -0.12049269676208496], [-0.02345585823059082, 0.2508107125759125]]",False
early_neutral,3,194,0.9353548817060979,0,[0],"[[-0.8261675834655762, 0.0003307045844849199], [0.09550630301237106, 0.035435888916254044], [0.45719677209854126, -0.11968925595283508], [0.25816091895103455, -0.12287386506795883], [-0.02345585823059082, 0.2508107125759125]]",False
early_neutral,3,195,0.935021659446851,0,[0],"[[-0.8261675834655762, 0.0003307045844849199], [0.09595490247011185, 0.03173861280083656], [0.4571952819824219, -0.11983601003885269], [0.2582503855228424, -0.12316974997520447], [-0.02345585823059082, 0.2508107125759125]]",False
early_neutral,3,196,0.9346884371876041,0,[0],"[[-0.8261675834655762, 0.0003307045844849199], [0.0967661440372467, 0.02711346000432968], [0.45683780312538147, -0.11952923983335495], [0.25590676069259644, -0.12244133651256561], [-0.02345585823059082, 0.2508107125759125]]",False
early_neutral,3,197,0.9343552149283573,0,[0],"[[-0.8261675834655762, 0.0003307045844849199], [0.09787986427545547, 0.02165280468761921], [0.45606252551078796, -0.11890143156051636], [0.2519291341304779, -0.12129601091146469], [-0.02494759112596512, 0.2501928508281708]]",False
early_neutral,3,198,0.9340219926691103,0,[0],"[[-0.8261675834655762, 0.0003307045844849199], [0.09923622012138367, 0.015701448544859886], [0.45443493127822876, -0.11749501526355743], [0.24677279591560364, -0.11966069787740707], [-0.028601348400115967, 0.248956561088562]]",False
early_neutral,3,199,0.9336887704098634,0,[0],"[[-0.8261675834655762, 0.0003307045844849199], [0.10083005577325821, 0.009259618818759918], [0.45187050104141235, -0.11520564556121826], [0.241662859916687, -0.11731703579425812], [-0.033057499676942825, 0.24778632819652557]]",True
early_neutral,3,200,0.9333555481506165,0,[0],"[[-0.8261675834655762, 0.0003307045844849199], [0.10264505445957184, 0.0023912969045341015], [0.44846200942993164, -0.11223114281892776], [0.23839940130710602, -0.11472105234861374], [-0.03369852155447006, 0.24762262403964996]]",True
early_neutral,3,201,0.9330223258913696,0,[0],"[[-0.8261675834655762, 0.0003307045844849199], [0.10466669499874115, -0.004648009315133095], [0.44433608651161194, -0.10858024656772614], [0.2378358095884323, -0.11143766343593597], [-0.03369852155447006, 0.24762262403964996]]",True
early_neutral,3,202,0.9326891036321227,0,[0],"[[-0.8261675834655762, 0.0003307045844849199], [0.10694939643144608, -0.012020621448755264], [0.44096267223358154, -0.10547436028718948], [0.23776358366012573, -0.10752733796834946], [-0.03369852155447006, 0.24762262403964996]]",False
early_neutral,3,203,0.9323558813728757,0,[0],"[[-0.8261675834655762, 0.0003307045844849199], [0.1090460941195488, -0.01750139519572258], [0.43738022446632385, -0.10211405903100967], [0.23799000680446625, -0.10359679907560349], [-0.03369852155447006, 0.24762262403964996]]",False
early_neutral,3,204,0.9320226591136288,0,[0],"[[-0.8261675834655762, 0.0003307045844849199], [0.11010809242725372, -0.019343281164765358], [0.4332304000854492, -0.09822486340999603], [0.23852846026420593, -0.09952376037836075], [-0.03369852155447006, 0.24762262403964996]]",False
early_neutral,3,205,0.9316894368543819,0,[0],"[[-0.8245190978050232, 0.00014162562729325145], [0.1116044819355011, -0.01872151903808117], [0.4304794669151306, -0.0951673835515976], [0.23909500241279602, -0.09676557779312134], [-0.03369852155447006, 0.24762262403964996]]",False
early_neutral,3,206,0.931356214595135,0,[0],"[[-0.8202452659606934, -0.0006358000682666898], [0.11508497595787048, -0.017180556431412697], [0.42915844917297363, -0.09321321547031403], [0.23977971076965332, -0.09553162008523941], [-0.03369852155447006, 0.24762262403964996]]",False
early_neutral,3,207,0.931022992335888,0,[0],"[[-0.8147584199905396, -0.0021921235602349043], [0.11974339932203293, -0.015040011145174503], [0.4301951825618744, -0.09284675866365433], [0.24059100449085236, -0.09397495537996292], [-0.03369852155447006, 0.24762262403964996]]",False
early_neutral,3,208,0.9306897700766411,0,[0],"[[-0.8081474304199219, -0.0043686386197805405], [0.1253291368484497, -0.012475110590457916], [0.43378156423568726, -0.09288042038679123], [0.24129848182201385, -0.09286107122898102], [-0.03369852155447006, 0.24762262403964996]]",False
early_neutral,3,209,0.9303565478173942,0,[0],"[[-0.8004781603813171, -0.006993522867560387], [0.13049238920211792, -0.010063312947750092], [0.4387851059436798, -0.09322087466716766], [0.24188703298568726, -0.09052017331123352], [-0.034039974212646484, 0.24648979306221008]]",True
early_neutral,3,210,0.9300233255581473,0,[0],"[[-0.7934991121292114, -0.009445742703974247], [0.13564425706863403, -0.007596261333674192], [0.445100873708725, -0.09398721903562546], [0.24254204332828522, -0.0867035910487175], [-0.03472823277115822, 0.2438017725944519]]",True
early_neutral,3,211,0.9296901032989003,0,[0],"[[-0.7911570072174072, -0.010269769467413425], [0.1407720297574997, -0.005067987367510796], [0.45243045687675476, -0.09519573301076889], [0.243256077170372, -0.08197766542434692], [-0.03545518219470978, 0.24014370143413544]]",True
early_neutral,3,212,0.9293568810396534,0,[0],"[[-0.7912827730178833, -0.010226680897176266], [0.14400672912597656, -0.0017862620297819376], [0.4608362317085266, -0.09669351577758789], [0.24482819437980652, -0.07682380825281143], [-0.03608469292521477, 0.23597733676433563]]",True
early_neutral,3,213,0.9290236587804065,0,[0],"[[-0.794281542301178, -0.009238378144800663], [0.14605897665023804, 0.0020839530043303967], [0.4696662425994873, -0.09835261106491089], [0.2469090223312378, -0.07232211530208588], [-0.03652603551745415, 0.23180073499679565]]",True
early_neutral,3,214,0.9286904365211596,0,[0],"[[-0.7986538410186768, -0.007907557301223278], [0.14687566459178925, 0.005962817929685116], [0.4788072109222412, -0.09995211660861969], [0.2490128129720688, -0.06893329322338104], [-0.03677692636847496, 0.22963523864746094]]",True
early_neutral,3,215,0.9283572142619126,0,[0],"[[-0.8042992353439331, -0.006283420603722334], [0.1446407586336136, 0.00966567825525999], [0.4888087213039398, -0.10156451165676117], [0.25273597240448, -0.06666943430900574], [-0.03677692636847496, 0.22963523864746094]]",True
early_neutral,3,216,0.9280239920026658,0,[0],"[[-0.8108245730400085, -0.004428315907716751], [0.14137619733810425, 0.01300644502043724], [0.49779069423675537, -0.10308746248483658], [0.25844207406044006, -0.06532866507768631], [-0.03677692636847496, 0.22963523864746094]]",True
early_neutral,3,217,0.9276907697434189,0,[0],"[[-0.8179290890693665, -0.0024324494879692793], [0.1404581516981125, 0.013899854384362698], [0.5066072344779968, -0.10457879304885864], [0.2658778131008148, -0.06496424227952957], [-0.03677692636847496, 0.22963523864746094]]",True
early_neutral,3,218,0.927357547484172,0,[0],"[[-0.8249465227127075, -0.0004896484315395355], [0.1404581516981125, 0.013899854384362698], [0.5145158767700195, -0.10590802878141403], [0.2746031880378723, -0.06484424322843552], [-0.03677692636847496, 0.22963523864746094]]",True
early_neutral,3,219,0.9270243252249251,0,[0],"[[-0.8280238509178162, 0.0002839396765921265], [0.1404581516981125, 0.013899854384362698], [0.5207927227020264, -0.10694506019353867], [0.28381162881851196, -0.0647864043712616], [-0.03677692636847496, 0.22963523864746094]]",True
early_neutral,3,220,0.9266911029656781,0,[0],"[[-0.8285956978797913, 0.0003684714902192354], [0.1404581516981125, 0.013899854384362698], [0.5270108580589294, -0.10786636173725128], [0.2934531271457672, -0.06532848626375198], [-0.03677692636847496, 0.22963523864746094]]",True
early_neutral,3,221,0.9263578807064312,0,[0],"[[-0.8285994529724121, 0.00036881977575831115], [0.1404581516981125, 0.013899854384362698], [0.5331380367279053, -0.10865497589111328], [0.30272582173347473, -0.06542125344276428], [-0.03677692636847496, 0.22963523864746094]]",True
early_neutral,3,222,0.9260246584471843,0,[0],"[[-0.8285994529724121, 0.00036881977575831115], [0.1404581516981125, 0.013899854384362698], [0.5390451550483704, -0.10922355204820633], [0.3120052218437195, -0.06540919095277786], [-0.03677692636847496, 0.22963523864746094]]",True
early_neutral,3,223,0.9256914361879374,0,[0],"[[-0.8285994529724121, 0.00036881977575831115], [0.1404581516981125, 0.013899854384362698], [0.5451347827911377, -0.10957755893468857], [0.32078060507774353, -0.06588578224182129], [-0.03677692636847496, 0.22963523864746094]]",True
early_neutral,3,224,0.9253582139286904,0,[0],"[[-0.8285994529724121, 0.00036881977575831115], [0.1404581516981125, 0.013899854384362698], [0.551167368888855, -0.10961662977933884], [0.3279000520706177, -0.0663592740893364], [-0.03677692636847496, 0.22963523864746094]]",True
early_neutral,3,225,0.9250249916694435,0,[0],"[[-0.8285994529724121, 0.00036881977575831115], [0.1404581516981125, 0.013899854384362698], [0.5558843612670898, -0.10924380272626877], [0.3332023620605469, -0.0654202476143837], [-0.03567370027303696, 0.2295238971710205]]",True
early_neutral,3,226,0.9246917694101966,0,[0],"[[-0.8285994529724121, 0.00036881977575831115], [0.1404581516981125, 0.013899854384362698], [0.5599918961524963, -0.10842463374137878], [0.33679014444351196, -0.06309092044830322], [-0.031882692128419876, 0.2289668619632721]]",True
early_neutral,3,227,0.9243585471509497,0,[0],"[[-0.8285994529724121, 0.00036881977575831115], [0.1404581516981125, 0.013899854384362698], [0.564204216003418, -0.10721451789140701], [0.33894380927085876, -0.05942640081048012], [-0.026982003822922707, 0.22793328762054443]]",True
early_neutral,3,228,0.9240253248917027,0,[0],"[[-0.8285994529724121, 0.00036881977575831115], [0.1404581516981125, 0.013899854384362698], [0.5654931664466858, -0.10556431859731674], [0.3386209309101105, -0.05470256507396698], [-0.025549693033099174, 0.22760708630084991]]",True
early_neutral,3,229,0.9236921026324558,0,[0],"[[-0.8285994529724121, 0.00036881977575831115], [0.1404581516981125, 0.013899854384362698], [0.564453125, -0.10454580187797546], [0.3377031087875366, -0.049154192209243774], [-0.025549693033099174, 0.22760708630084991]]",True
early_neutral,3,230,0.9233588803732089,0,[0],"[[-0.8285994529724121, 0.00036881977575831115], [0.1404581516981125, 0.013899854384362698], [0.5636311769485474, -0.10372898727655411], [0.3378812372684479, -0.04318396747112274], [-0.025549693033099174, 0.22760708630084991]]",True
early_neutral,3,231,0.923025658113962,0,[0],"[[-0.8285994529724121, 0.00036881977575831115], [0.1424323320388794, 0.014416126534342766], [0.5634934902191162, -0.10321784764528275], [0.33802172541618347, -0.037104181945323944], [-0.025549693033099174, 0.22760708630084991]]",True
early_neutral,3,232,0.922692435854715,0,[0],"[[-0.8285994529724121, 0.00036881977575831115], [0.1463908553123474, 0.015605435706675053], [0.563340425491333, -0.10280980914831161], [0.3384718894958496, -0.03039374388754368], [-0.025549693033099174, 0.22760708630084991]]",True
early_neutral,3,233,0.9223592135954681,0,[0],"[[-0.8285994529724121, 0.00036881977575831115], [0.15142954885959625, 0.01736939139664173], [0.5647650361061096, -0.10214395821094513], [0.33900126814842224, -0.023745384067296982], [-0.025549693033099174, 0.22760708630084991]]",True
early_neutral,3,234,0.9220259913362212,0,[0],"[[-0.8285994529724121, 0.00036881977575831115], [0.1565457433462143, 0.019363004714250565], [0.5683403015136719, -0.1015281230211258], [0.3394482433795929, -0.018534881994128227], [-0.025549693033099174, 0.22760708630084991]]",False
early_neutral,3,235,0.9216927690769744,0,[0],"[[-0.8285994529724121, 0.00036881977575831115], [0.16190379858016968, 0.0216634850949049], [0.5720012784004211, -0.10117301344871521], [0.3395959138870239, -0.014818759635090828], [-0.025549693033099174, 0.22760708630084991]]",False
early_neutral,3,236,0.9213595468177275,0,[0],"[[-0.8285994529724121, 0.00036881977575831115], [0.16703906655311584, 0.02407943829894066], [0.5730921030044556, -0.09960125386714935], [0.33976781368255615, -0.01049394253641367], [-0.025549693033099174, 0.22760708630084991]]",False
early_neutral,3,237,0.9210263245584805,0,[0],"[[-0.8285994529724121, 0.00036881977575831115], [0.1718331128358841, 0.026541877537965775], [0.5723727345466614, -0.0977955237030983], [0.33968910574913025, -0.005448869429528713], [-0.025549693033099174, 0.22760708630084991]]",False
early_neutral,3,238,0.9206931022992336,0,[0],"[[-0.8285994529724121, 0.00036881977575831115], [0.1766514927148819, 0.028841789811849594], [0.5713629722595215, -0.09608861804008484], [0.3391731381416321, -0.0017382439691573381], [-0.025549693033099174, 0.22760708630084991]]",False
early_neutral,3,239,0.9203598800399867,0,[0],"[[-0.8285994529724121, 0.00036881977575831115], [0.18028251826763153, 0.03017691895365715], [0.5713056325912476, -0.09399016201496124], [0.3379208445549011, -0.00013781007146462798], [-0.025549693033099174, 0.22760708630084991]]",False
early_neutral,3,240,0.9200266577807398,0,[0],"[[-0.8269288539886475, 0.000439563300460577], [0.1824437379837036, 0.030667927116155624], [0.5697683095932007, -0.09246368706226349], [0.33679094910621643, 0.0010058576008304954], [-0.025549693033099174, 0.22760708630084991]]",False
early_neutral,3,241,0.9196934355214929,0,[0],"[[-0.8225418329238892, 0.0008786872494965792], [0.18377818167209625, 0.030909791588783264], [0.5669441223144531, -0.09040951728820801], [0.33311009407043457, -0.0002956115931738168], [-0.025549693033099174, 0.22760708630084991]]",True
early_neutral,3,242,0.9193602132622459,0,[0],"[[-0.8168458342552185, 0.0019269419135525823], [0.1839834600687027, 0.031023496761918068], [0.563998818397522, -0.08847033232450485], [0.32745933532714844, -0.003820666577666998], [-0.025549693033099174, 0.22760708630084991]]",True
early_neutral,3,243,0.919026991002999,0,[0],"[[-0.8138688206672668, 0.0024846496526151896], [0.1839834600687027, 0.031023496761918068], [0.5610743165016174, -0.08647339046001434], [0.3210076093673706, -0.007886452600359917], [-0.025549693033099174, 0.22760708630084991]]",True
early_neutral,3,244,0.9186937687437521,0,[0],"[[-0.8133718371391296, 0.00253642862662673], [0.1839834600687027, 0.031023496761918068], [0.5588691234588623, -0.08359119296073914], [0.31389889121055603, -0.012338366359472275], [-0.025445742532610893, 0.22793830931186676]]",True
early_neutral,3,245,0.9183605464845052,0,[0],"[[-0.8147860765457153, 0.0024378946982324123], [0.18448598682880402, 0.031186304986476898], [0.5548619627952576, -0.08081499487161636], [0.30612871050834656, -0.017135152593255043], [-0.024446286261081696, 0.23014280200004578]]",True
early_neutral,3,246,0.9180273242252582,0,[0],"[[-0.8183901309967041, 0.002032566349953413], [0.18481114506721497, 0.03201872110366821], [0.5499650239944458, -0.07812673598527908], [0.2977619767189026, -0.022213993594050407], [-0.022485826164484024, 0.23306898772716522]]",True
early_neutral,3,247,0.9176941019660113,0,[0],"[[-0.8216743469238281, 0.0014991232892498374], [0.18496860563755035, 0.034349992871284485], [0.5444999933242798, -0.0752478837966919], [0.28874877095222473, -0.027461180463433266], [-0.02146017737686634, 0.2343975454568863]]",True
early_neutral,3,248,0.9173608797067644,0,[0],"[[-0.8233356475830078, 0.0012681110529229045], [0.18532879650592804, 0.037629108875989914], [0.5375507473945618, -0.07228201627731323], [0.2791205644607544, -0.03276057541370392], [-0.02146017737686634, 0.2343975454568863]]",True
early_neutral,3,249,0.9170276574475175,0,[0],"[[-0.8236666917800903, 0.0012336430372670293], [0.18528252840042114, 0.041062865406274796], [0.5294767022132874, -0.06948132067918777], [0.2688477039337158, -0.03795682638883591], [-0.02146017737686634, 0.2343975454568863]]",True
early_neutral,3,250,0.9166944351882705,0,[0],"[[-0.8236686587333679, 0.0012335057836025953], [0.18519847095012665, 0.045242562890052795], [0.52080237865448, -0.06675367802381516], [0.2578290104866028, -0.04282955452799797], [-0.02146017737686634, 0.2343975454568863]]",True
early_neutral,3,251,0.9163612129290236,0,[0],"[[-0.8236686587333679, 0.0012335057836025953], [0.18522076308727264, 0.0510413721203804], [0.5114582180976868, -0.06399783492088318], [0.2460276037454605, -0.047166742384433746], [-0.02146017737686634, 0.2343975454568863]]",True
early_neutral,3,252,0.9160279906697767,0,[0],"[[-0.8236686587333679, 0.0012335057836025953], [0.1852349191904068, 0.05712191015481949], [0.5025232434272766, -0.0613168329000473], [0.23316720128059387, -0.05029614642262459], [-0.02146017737686634, 0.2343975454568863]]",True
early_neutral,3,253,0.9156947684105298,0,[0],"[[-0.8236686587333679, 0.0012335057836025953], [0.18524692952632904, 0.06262989342212677], [0.4953233301639557, -0.05891754478216171], [0.21962402760982513, -0.052194543182849884], [-0.02146017737686634, 0.2343975454568863]]",True
early_neutral,3,254,0.915361546151283,0,[0],"[[-0.8236686587333679, 0.0012335057836025953], [0.18525570631027222, 0.06640878319740295], [0.48891663551330566, -0.057212911546230316], [0.20672643184661865, -0.05221332237124443], [-0.02146017737686634, 0.2343975454568863]]",True
early_neutral,3,255,0.915028323892036,0,[0],"[[-0.8236686587333679, 0.0012335057836025953], [0.18526139855384827, 0.06792395561933517], [0.48144036531448364, -0.056096918880939484], [0.19533461332321167, -0.04976147785782814], [-0.02146017737686634, 0.2343975454568863]]",True
early_neutral,3,256,0.9146951016327891,0,[0],"[[-0.8236686587333679, 0.0012335057836025953], [0.18526145815849304, 0.0679355263710022], [0.47241753339767456, -0.05467235669493675], [0.18632279336452484, -0.04694436863064766], [-0.02146017737686634, 0.2343975454568863]]",True
early_neutral,3,257,0.9143618793735422,0,[0],"[[-0.8236686587333679, 0.0012335057836025953], [0.18470875918865204, 0.06759407371282578], [0.46416953206062317, -0.053671445697546005], [0.1797165423631668, -0.04281673580408096], [-0.02146017737686634, 0.2343975454568863]]",True
early_neutral,3,258,0.9140286571142953,0,[0],"[[-0.8236686587333679, 0.0012335057836025953], [0.18178968131542206, 0.06822628527879715], [0.4549330770969391, -0.053381212055683136], [0.17442110180854797, -0.03896486759185791], [-0.02146017737686634, 0.2343975454568863]]",True
early_neutral,3,259,0.9136954348550483,0,[0],"[[-0.8236686587333679, 0.0012335057836025953], [0.1771722286939621, 0.06840476393699646], [0.4441986680030823, -0.054029956459999084], [0.16966232657432556, -0.03614963963627815], [-0.02146017737686634, 0.2343975454568863]]",True
early_neutral,3,260,0.9133622125958014,0,[0],"[[-0.8236686587333679, 0.0012335057836025953], [0.17120499908924103, 0.06842052191495895], [0.4333067238330841, -0.055290501564741135], [0.16479891538619995, -0.033744070678949356], [-0.02146017737686634, 0.2343975454568863]]",True
early_neutral,3,261,0.9130289903365545,0,[0],"[[-0.8236686587333679, 0.0012335057836025953], [0.16399529576301575, 0.06844044476747513], [0.421943336725235, -0.05713168904185295], [0.16342738270759583, -0.03305671736598015], [-0.02146017737686634, 0.2343975454568863]]",True
early_neutral,3,262,0.9126957680773076,0,[0],"[[-0.8236686587333679, 0.0012335057836025953], [0.15705758333206177, 0.06845656782388687], [0.41015589237213135, -0.059380706399679184], [0.16342738270759583, -0.03305671736598015], [-0.02146017737686634, 0.2343975454568863]]",False
early_neutral,3,263,0.9123625458180606,0,[0],"[[-0.8236686587333679, 0.0012335057836025953], [0.15131133794784546, 0.0684572383761406], [0.3981618285179138, -0.06218340992927551], [0.16342738270759583, -0.03305671736598015], [-0.01963755302131176, 0.23298683762550354]]",False
early_neutral,3,264,0.9120293235588137,0,[0],"[[-0.8230807781219482, 0.0017428257269784808], [0.14451511204242706, 0.06845803558826447], [0.38574889302253723, -0.06490156054496765], [0.1634259670972824, -0.03303616866469383], [-0.01609736867249012, 0.23080433905124664]]",False
early_neutral,3,265,0.9116961012995668,0,[0],"[[-0.8208783864974976, 0.003977634012699127], [0.13645122945308685, 0.06856506317853928], [0.3726178705692291, -0.06653473526239395], [0.16355721652507782, -0.031185537576675415], [-0.011453354731202126, 0.2285507470369339]]",False
early_neutral,3,266,0.9113628790403199,0,[0],"[[-0.818367063999176, 0.00721923029050231], [0.12730258703231812, 0.06919976323843002], [0.35906776785850525, -0.06720346957445145], [0.16440196335315704, -0.028193218633532524], [-0.007379935588687658, 0.2265809029340744]]",False
early_neutral,3,267,0.911029656781073,0,[0],"[[-0.8155020475387573, 0.011396759189665318], [0.11753527820110321, 0.0705348327755928], [0.34532520174980164, -0.06752712279558182], [0.16703049838542938, -0.024667887017130852], [-0.0033745826222002506, 0.22455283999443054]]",False
early_neutral,3,268,0.910696434521826,0,[0],"[[-0.8121992349624634, 0.016389522701501846], [0.10989640653133392, 0.07201743125915527], [0.3314509093761444, -0.06755677610635757], [0.17242270708084106, -0.021414589136838913], [-0.0013015421573072672, 0.22344970703125]]",False
early_neutral,3,269,0.9103632122625791,0,[0],"[[-0.8085477352142334, 0.02208329364657402], [0.1058298796415329, 0.07337243854999542], [0.31748366355895996, -0.06747765094041824], [0.1791536659002304, -0.01798364706337452], [-0.0008386899717152119, 0.22326989471912384]]",False
early_neutral,3,270,0.9100299900033322,0,[0],"[[-0.804598331451416, 0.028341788798570633], [0.104950912296772, 0.07446139305830002], [0.30344676971435547, -0.06736240535974503], [0.18597501516342163, -0.013782118447124958], [-0.0007813932606950402, 0.22334927320480347]]",False
early_neutral,3,271,0.9096967677440853,0,[0],"[[-0.8004338145256042, 0.03504715859889984], [0.10629748553037643, 0.07627598941326141], [0.28944090008735657, -0.06695085763931274], [0.19263549149036407, -0.00869691651314497], [-0.0007664106669835746, 0.2233700305223465]]",True
early_neutral,3,272,0.9093635454848384,0,[0],"[[-0.7972667217254639, 0.04016603156924248], [0.1129971444606781, 0.07722413539886475], [0.27714046835899353, -0.0645369365811348], [0.19880959391593933, -0.0030865424778312445], [-0.0007664106669835746, 0.2233700305223465]]",True
early_neutral,3,273,0.9090303232255915,0,[0],"[[-0.7962605357170105, 0.04179239273071289], [0.12111294269561768, 0.07755734026432037], [0.266449898481369, -0.06064556911587715], [0.20446626842021942, 0.003104552160948515], [-0.000634253432508558, 0.22298258543014526]]",True
early_neutral,3,274,0.9086971009663446,0,[0],"[[-0.79704749584198, 0.040517162531614304], [0.13029704988002777, 0.07820716500282288], [0.2567821145057678, -0.05527162179350853], [0.20977771282196045, 0.009911800734698772], [-0.0004728736821562052, 0.2225094735622406]]",True
early_neutral,3,275,0.9083638787070977,0,[0],"[[-0.7987471222877502, 0.03797192871570587], [0.140425443649292, 0.07899625599384308], [0.2457093596458435, -0.05092652142047882], [0.21495871245861053, 0.017184320837259293], [-0.0004728736821562052, 0.2225094735622406]]",True
early_neutral,3,276,0.9080306564478507,0,[0],"[[-0.8011645674705505, 0.034633561968803406], [0.15135736763477325, 0.07991745322942734], [0.23471654951572418, -0.04767998680472374], [0.21978206932544708, 0.024889564141631126], [-0.0004728736821562052, 0.2225094735622406]]",True
early_neutral,3,277,0.9076974341886038,0,[0],"[[-0.8040634393692017, 0.03069501370191574], [0.16301214694976807, 0.08098696172237396], [0.2227250039577484, -0.04545031860470772], [0.22430121898651123, 0.03292446210980415], [-0.0004728736821562052, 0.2225094735622406]]",True
early_neutral,3,278,0.9073642119293569,0,[0],"[[-0.8073725700378418, 0.026233186945319176], [0.1752338856458664, 0.0822594165802002], [0.2103668451309204, -0.044051654636859894], [0.22834591567516327, 0.04125640168786049], [0.00018775617354549468, 0.22308126091957092]]",True
early_neutral,3,279,0.90703098967011,0,[0],"[[-0.8109722137451172, 0.021416256204247475], [0.18789808452129364, 0.08368774503469467], [0.1975811868906021, -0.04294938966631889], [0.2313895970582962, 0.04966993257403374], [0.0011066999286413193, 0.22386159002780914]]",True
early_neutral,3,280,0.906697767410863,0,[0],"[[-0.8149831295013428, 0.016081523150205612], [0.20089276134967804, 0.08527467399835587], [0.18398526310920715, -0.04231005907058716], [0.23155814409255981, 0.05649571120738983], [0.0017220861045643687, 0.22456620633602142]]",True
early_neutral,3,281,0.9063645451516161,0,[0],"[[-0.819072425365448, 0.010664745233952999], [0.21417251229286194, 0.08686661720275879], [0.17024871706962585, -0.04157698526978493], [0.22832056879997253, 0.0606611929833889], [0.001957051921635866, 0.22516126930713654]]",False
early_neutral,3,282,0.9060313228923692,0,[0],"[[-0.8228664994239807, 0.005656927824020386], [0.22784024477005005, 0.08758896589279175], [0.15643644332885742, -0.04057543724775314], [0.22624394297599792, 0.06352537870407104], [0.0015310130547732115, 0.22563907504081726]]",False
early_neutral,3,283,0.9056981006331223,0,[0],"[[-0.8249110579490662, 0.0029672663658857346], [0.2417145073413849, 0.08730453997850418], [0.1427181363105774, -0.03988555818796158], [0.22499185800552368, 0.06652545928955078], [0.0011049745371565223, 0.2261168658733368]]",False
early_neutral,3,284,0.9053648783738754,0,[0],"[[-0.8264955282211304, 0.0008932797936722636], [0.25571978092193604, 0.08729635179042816], [0.1309395581483841, -0.041240401566028595], [0.22346237301826477, 0.06958169490098953], [0.0007108875433914363, 0.22655881941318512]]",False
early_neutral,3,285,0.9050316561146284,0,[0],"[[-0.8274373412132263, -0.000270952470600605], [0.26976296305656433, 0.08812065422534943], [0.12079375982284546, -0.04494243860244751], [0.2217487394809723, 0.0726524144411087], [-7.494648161809891e-05, 0.22648274898529053]]",False
early_neutral,3,286,0.9046984338553815,0,[0],"[[-0.8276838660240173, -0.0005425332929007709], [0.2838027775287628, 0.0893939658999443], [0.11173972487449646, -0.05005853995680809], [0.2200280725955963, 0.07547983527183533], [-0.0028243442066013813, 0.22512641549110413]]",False
early_neutral,3,287,0.9043652115961346,0,[0],"[[-0.8277612328529358, -0.0006226184777915478], [0.29793429374694824, 0.09047536551952362], [0.10546775162220001, -0.05693498253822327], [0.21932075917720795, 0.07655869424343109], [-0.006752831861376762, 0.22301356494426727]]",False
early_neutral,3,288,0.9040319893368877,0,[0],"[[-0.8277612328529358, -0.0006226184777915478], [0.31184467673301697, 0.09135176986455917], [0.1001678928732872, -0.06445173174142838], [0.21779312193393707, 0.07776553183794022], [-0.011879144236445427, 0.22034747898578644]]",False
early_neutral,3,289,0.9036987670776407,0,[0],"[[-0.8277612328529358, -0.0006226184777915478], [0.3226921558380127, 0.09190887957811356], [0.09647563844919205, -0.07260864973068237], [0.21537134051322937, 0.08029249310493469], [-0.01831391453742981, 0.21734637022018433]]",False
early_neutral,3,290,0.9033655448183938,0,[0],"[[-0.8277612328529358, -0.0006226184777915478], [0.3318760097026825, 0.09214300662279129], [0.0943288654088974, -0.08118871599435806], [0.21307295560836792, 0.08391384035348892], [-0.026014775037765503, 0.21481062471866608]]",False
early_neutral,3,291,0.903032322559147,0,[0],"[[-0.8277612328529358, -0.0006226184777915478], [0.33914580941200256, 0.09146888554096222], [0.0928405374288559, -0.08996952325105667], [0.20938333868980408, 0.08786383271217346], [-0.03269965574145317, 0.21181567013263702]]",False
early_neutral,3,292,0.9026991002999001,0,[0],"[[-0.8278564810752869, 0.0004847971722483635], [0.34170880913734436, 0.08896279335021973], [0.09203433990478516, -0.09887620806694031], [0.20580516755580902, 0.09138420969247818], [-0.037381939589977264, 0.20742477476596832]]",False
early_neutral,3,293,0.9023658780406532,0,[0],"[[-0.8276367783546448, 0.0029015331529080868], [0.34186553955078125, 0.08514716476202011], [0.09198374301195145, -0.10635489225387573], [0.20026665925979614, 0.09385909140110016], [-0.04087475314736366, 0.2033940702676773]]",False
early_neutral,3,294,0.9020326557814062,0,[0],"[[-0.8267508745193481, 0.006239069160073996], [0.3389837145805359, 0.08082899451255798], [0.09225095808506012, -0.11048921197652817], [0.192768856883049, 0.09563463181257248], [-0.043900709599256516, 0.19994188845157623]]",False
early_neutral,3,295,0.9016994335221593,0,[0],"[[-0.8254521489143372, 0.010510534979403019], [0.33448854088783264, 0.07615115493535995], [0.09178314357995987, -0.1106136292219162], [0.18409091234207153, 0.09742067009210587], [-0.04676567763090134, 0.19672279059886932]]",False
early_neutral,3,296,0.9013662112629124,0,[0],"[[-0.8239101767539978, 0.015654725953936577], [0.32953327894210815, 0.0708402767777443], [0.08995464444160461, -0.1084669902920723], [0.1744946539402008, 0.09941040724515915], [-0.04904739558696747, 0.19382041692733765]]",False
early_neutral,3,297,0.9010329890036655,0,[0],"[[-0.8222174644470215, 0.021547891199588776], [0.3243682086467743, 0.06491908431053162], [0.0872146412730217, -0.10553139448165894], [0.16461509466171265, 0.10122648626565933], [-0.05102354660630226, 0.19088314473628998]]",False
early_neutral,3,298,0.9006997667444185,0,[0],"[[-0.8205013871192932, 0.028069965541362762], [0.31959637999534607, 0.058623023331165314], [0.08366812020540237, -0.10182414948940277], [0.1556445211172104, 0.1011955663561821], [-0.05231153964996338, 0.18883201479911804]]",False
early_neutral,3,299,0.9003665444851716,0,[0],"[[-0.8188685178756714, 0.03504366800189018], [0.31568384170532227, 0.05188937485218048], [0.07939586043357849, -0.09741362184286118], [0.1469692587852478, 0.0992090255022049], [-0.05299251899123192, 0.18758229911327362]]",True
early_neutral,3,300,0.9000333222259247,0,[0],"[[-0.8175011277198792, 0.042186494916677475], [0.3124086558818817, 0.04454995319247246], [0.07450268417596817, -0.09239338338375092], [0.13882505893707275, 0.09866446256637573], [-0.053206607699394226, 0.18737177550792694]]",True
early_neutral,3,301,0.8997000999666778,0,[0],"[[-0.8163360357284546, 0.049765851348638535], [0.30908429622650146, 0.03681185841560364], [0.06909771263599396, -0.08685119450092316], [0.13019977509975433, 0.10053116828203201], [-0.053206607699394226, 0.18737177550792694]]",True
early_neutral,3,302,0.8993668777074308,0,[0],"[[-0.8139171600341797, 0.05657384172081947], [0.30560609698295593, 0.028776144608855247], [0.06334587186574936, -0.08095395565032959], [0.12138501554727554, 0.10324370115995407], [-0.053206607699394226, 0.18737177550792694]]",True
early_neutral,3,303,0.8990336554481839,0,[0],"[[-0.8098795413970947, 0.06022581085562706], [0.3014494478702545, 0.020625879988074303], [0.05746133625507355, -0.07491160184144974], [0.1121661588549614, 0.10636197030544281], [-0.053340230137109756, 0.18649140000343323]]",True
early_neutral,3,304,0.898700433188937,0,[0],"[[-0.8036608695983887, 0.06081996485590935], [0.295549601316452, 0.012738981284201145], [0.05125453323125839, -0.06850723177194595], [0.10243431478738785, 0.10992494970560074], [-0.053005386143922806, 0.18480899930000305]]",True
early_neutral,3,305,0.8983672109296901,0,[0],"[[-0.7961945533752441, 0.0596698634326458], [0.28873905539512634, 0.005528867244720459], [0.0469697043299675, -0.062286872416734695], [0.09208674728870392, 0.1137021854519844], [-0.052836667746305466, 0.18225739896297455]]",True
early_neutral,3,306,0.8980339886704432,0,[0],"[[-0.7878175377845764, 0.0578547827899456], [0.2849680781364441, -0.00015333009650930762], [0.04709189385175705, -0.05792292207479477], [0.08117800951004028, 0.11757951974868774], [-0.05285079777240753, 0.17881344258785248]]",True
early_neutral,3,307,0.8977007664111962,0,[0],"[[-0.779889702796936, 0.05419878289103508], [0.2857653796672821, -0.004209422040730715], [0.051446523517370224, -0.054900504648685455], [0.06970240920782089, 0.1213718056678772], [-0.052868131548166275, 0.17445048689842224]]",True
early_neutral,3,308,0.8973675441519493,0,[0],"[[-0.772936999797821, 0.04903937503695488], [0.28464171290397644, -0.007218707352876663], [0.057953815907239914, -0.05227481946349144], [0.057501938194036484, 0.12467124313116074], [-0.0529588907957077, 0.16921775043010712]]",True
early_neutral,3,309,0.8970343218927024,0,[0],"[[-0.7677037715911865, 0.04415053501725197], [0.28011414408683777, -0.009685494937002659], [0.06537654995918274, -0.04920640587806702], [0.04545724019408226, 0.1273777335882187], [-0.05319136008620262, 0.16310186684131622]]",True
early_neutral,3,310,0.8967010996334556,0,[0],"[[-0.7667456865310669, 0.03961069509387016], [0.2744598090648651, -0.012521260417997837], [0.07343874126672745, -0.04559781402349472], [0.036013226956129074, 0.12845104932785034], [-0.053359054028987885, 0.156927227973938]]",True
early_neutral,3,311,0.8963678773742086,0,[0],"[[-0.7675230503082275, 0.035361986607313156], [0.26818016171455383, -0.016172882169485092], [0.08205931633710861, -0.04155271500349045], [0.026898087933659554, 0.12789133191108704], [-0.053456440567970276, 0.15087001025676727]]",True
early_neutral,3,312,0.8960346551149617,0,[0],"[[-0.7712177634239197, 0.0311453714966774], [0.2618156373500824, -0.020519310608506203], [0.09053418040275574, -0.03718103840947151], [0.0200500451028347, 0.12877146899700165], [-0.053715139627456665, 0.14457495510578156]]",True
early_neutral,3,313,0.8957014328557148,0,[0],"[[-0.7758651971817017, 0.026844047009944916], [0.2562718391418457, -0.0255478173494339], [0.09889902174472809, -0.03230031579732895], [0.016901765018701553, 0.13203394412994385], [-0.05376045033335686, 0.13857387006282806]]",True
early_neutral,3,314,0.8953682105964679,0,[0],"[[-0.7792827486991882, 0.023615865036845207], [0.2514367997646332, -0.031549520790576935], [0.10720477998256683, -0.02682618610560894], [0.01611521653831005, 0.13634008169174194], [-0.05548303946852684, 0.13262201845645905]]",True
early_neutral,3,315,0.895034988337221,0,[0],"[[-0.7825789451599121, 0.020542489364743233], [0.24725784361362457, -0.03797408938407898], [0.11285239458084106, -0.02026081643998623], [0.018191475421190262, 0.1412307173013687], [-0.05698129162192345, 0.12669610977172852]]",True
early_neutral,3,316,0.894701766077974,0,[0],"[[-0.7849950194358826, 0.018314464017748833], [0.24352164566516876, -0.04486272856593132], [0.11424019932746887, -0.01287724170833826], [0.021381566300988197, 0.14664305746555328], [-0.05698452889919281, 0.12080004066228867]]",True
early_neutral,3,317,0.8943685438187271,0,[0],"[[-0.7862429022789001, 0.017186706885695457], [0.24069716036319733, -0.05234076827764511], [0.1132320761680603, -0.005191940348595381], [0.024329792708158493, 0.15249770879745483], [-0.056897714734077454, 0.11471980810165405]]",True
early_neutral,3,318,0.8940353215594802,0,[0],"[[-0.7863852977752686, 0.016663921996951103], [0.24040663242340088, -0.05931929126381874], [0.108089379966259, 0.0016961799701675773], [0.027003154158592224, 0.15900692343711853], [-0.05669219419360161, 0.10864077508449554]]",True
early_neutral,3,319,0.8937020993002333,0,[0],"[[-0.7837534546852112, 0.015351622365415096], [0.24269454181194305, -0.06341923028230667], [0.10091175138950348, 0.00817774422466755], [0.028660468757152557, 0.16566281020641327], [-0.05857039615511894, 0.10271453112363815]]",True
early_neutral,3,320,0.8933688770409863,0,[0],"[[-0.7811991572380066, 0.01379653625190258], [0.24834659695625305, -0.06580661237239838], [0.09253145009279251, 0.014415645971894264], [0.028932010754942894, 0.17273294925689697], [-0.05973999574780464, 0.0967789739370346]]",True
early_neutral,3,321,0.8930356547817394,0,[0],"[[-0.7791208028793335, 0.012171491049230099], [0.25603556632995605, -0.0673728808760643], [0.08324235677719116, 0.020087331533432007], [0.028121991083025932, 0.17962270975112915], [-0.05969880148768425, 0.0907706469297409]]",True
early_neutral,3,322,0.8927024325224925,0,[0],"[[-0.7784473896026611, 0.01148628257215023], [0.26479920744895935, -0.06889025121927261], [0.07606671750545502, 0.023983657360076904], [0.02716551162302494, 0.18557098507881165], [-0.05957462266087532, 0.08469069749116898]]",True
early_neutral,3,323,0.8923692102632456,0,[0],"[[-0.7775664329528809, 0.011184895411133766], [0.2743140161037445, -0.07051713019609451], [0.07003001123666763, 0.02529795467853546], [0.025992857292294502, 0.1915224939584732], [-0.05990252271294594, 0.07824629545211792]]",True
early_neutral,3,324,0.8920359880039986,0,[0],"[[-0.7742035984992981, 0.00990444514900446], [0.2842215895652771, -0.07219867408275604], [0.06471499055624008, 0.026247341185808182], [0.02400405891239643, 0.19783686101436615], [-0.059092774987220764, 0.07249851524829865]]",True
early_neutral,3,325,0.8917027657447517,0,[0],"[[-0.7708138823509216, 0.00834750011563301], [0.29310303926467896, -0.07373816519975662], [0.06126640737056732, 0.026278533041477203], [0.02088787406682968, 0.20452581346035004], [-0.05619442090392113, 0.06805387139320374]]",True
early_neutral,3,326,0.8913695434855048,0,[0],"[[-0.7699025869369507, 0.005607190076261759], [0.30195650458335876, -0.07529149949550629], [0.05804792046546936, 0.024542421102523804], [0.01633792370557785, 0.2112300544977188], [-0.05175131559371948, 0.06472384184598923]]",True
early_neutral,3,327,0.8910363212262579,0,[0],"[[-0.7734889388084412, 0.0027611705008894205], [0.3107677400112152, -0.07663393020629883], [0.055491458624601364, 0.021301640197634697], [0.009991521947085857, 0.21562734246253967], [-0.04637221246957779, 0.060701023787260056]]",True
early_neutral,3,328,0.8907030989670109,0,[0],"[[-0.7795190811157227, 0.0009540758328512311], [0.3196241557598114, -0.07783494144678116], [0.05286294221878052, 0.01781057007610798], [0.001828080159612, 0.2172049880027771], [-0.04028153792023659, 0.05611764267086983]]",True
early_neutral,3,329,0.8903698767077641,0,[0],"[[-0.7872783541679382, 0.0005165401962585747], [0.3283918499946594, -0.07893544435501099], [0.05007342994213104, 0.01410394161939621], [-0.007617324590682983, 0.21820640563964844], [-0.03381563350558281, 0.05183050036430359]]",True
early_neutral,3,330,0.8900366544485172,0,[0],"[[-0.7960608601570129, 0.00029719577287323773], [0.337686151266098, -0.08003056049346924], [0.04730083793401718, 0.010312110185623169], [-0.01803695783019066, 0.21878938376903534], [-0.02821056917309761, 0.047049492597579956]]",True
early_neutral,3,331,0.8897034321892703,0,[0],"[[-0.8048371076583862, 6.933268741704524e-05], [0.34765946865081787, -0.0811222642660141], [0.046736206859350204, 0.00577588239684701], [-0.028822749853134155, 0.2191028594970703], [-0.024025151506066322, 0.04248087480664253]]",True
early_neutral,3,332,0.8893702099300234,0,[0],"[[-0.8136173486709595, -8.044176502153277e-05], [0.3565477728843689, -0.08207672834396362], [0.04739868640899658, 0.0004357833822723478], [-0.04008616879582405, 0.2193620651960373], [-0.02154708094894886, 0.03812888637185097]]",True
early_neutral,3,333,0.8890369876707764,0,[0],"[[-0.8207011222839355, -9.572387352818623e-05], [0.3653448522090912, -0.08303435146808624], [0.047539327293634415, -0.005471309646964073], [-0.05197952687740326, 0.2196010798215866], [-0.021274175494909286, 0.03360074386000633]]",True
early_neutral,3,334,0.8887037654115295,0,[0],"[[-0.822521984577179, -3.582134377211332e-05], [0.3732943832874298, -0.08408884704113007], [0.0464501827955246, -0.011343937367200851], [-0.06441882252693176, 0.2199770212173462], [-0.021570958197116852, 0.028316915035247803]]",True
early_neutral,3,335,0.8883705431522826,0,[0],"[[-0.8216298222541809, -0.00017320126062259078], [0.37999099493026733, -0.08564349263906479], [0.044624656438827515, -0.0168493390083313], [-0.0772753655910492, 0.2205570787191391], [-0.022014033049345016, 0.02275676652789116]]",True
early_neutral,3,336,0.8880373208930357,0,[0],"[[-0.8176275491714478, -0.000712784705683589], [0.3864545226097107, -0.08762599527835846], [0.042957767844200134, -0.020905455574393272], [-0.09033092111349106, 0.22029198706150055], [-0.02241785079240799, 0.01810789853334427]]",False
early_neutral,3,337,0.8877040986337887,0,[0],"[[-0.8120551109313965, -0.001337624154984951], [0.38993576169013977, -0.08963287621736526], [0.04180213809013367, -0.024968605488538742], [-0.10244445502758026, 0.21770107746124268], [-0.022388946264982224, 0.014390591531991959]]",False
early_neutral,3,338,0.8873708763745418,0,[0],"[[-0.8080793023109436, -0.00173442461527884], [0.3902446925640106, -0.09097232669591904], [0.03999893367290497, -0.02880663052201271], [-0.11412550508975983, 0.2141444832086563], [-0.022355306893587112, 0.010064516216516495]]",False
early_neutral,3,339,0.8870376541152949,0,[0],"[[-0.8073005080223083, -0.001812157453969121], [0.3899623453617096, -0.09193180501461029], [0.038784418255090714, -0.031373973935842514], [-0.12276563793420792, 0.20912551879882812], [-0.022597698494791985, 0.005021912977099419]]",False
early_neutral,3,340,0.886704431856048,0,[0],"[[-0.8080745339393616, -0.0017192692030221224], [0.3895590305328369, -0.0923658236861229], [0.037979960441589355, -0.032816868275403976], [-0.12827841937541962, 0.20247884094715118], [-0.023274419829249382, 0.00131870002951473]]",False
early_neutral,3,341,0.886371209596801,0,[0],"[[-0.8117002844810486, -0.0013187729055061936], [0.38794422149658203, -0.0924420952796936], [0.03725771978497505, -0.03424534201622009], [-0.1331559121608734, 0.19519203901290894], [-0.024592960253357887, -0.00026049723965115845]]",True
early_neutral,3,342,0.8860379873375541,0,[0],"[[-0.8165530562400818, -0.0008479145471937954], [0.3837500810623169, -0.09227767586708069], [0.036787938326597214, -0.03527110069990158], [-0.13724377751350403, 0.18736591935157776], [-0.025769997388124466, -0.001384023460559547]]",True
early_neutral,3,343,0.8857047650783072,0,[0],"[[-0.8195676803588867, -0.000586166512221098], [0.3780302107334137, -0.09229528903961182], [0.036942221224308014, -0.035684697329998016], [-0.14077423512935638, 0.17916646599769592], [-0.029449056833982468, -5.3197680244920775e-05]]",True
early_neutral,3,344,0.8853715428190603,0,[0],"[[-0.8202556371688843, -0.0005317942122928798], [0.3707442581653595, -0.09255841374397278], [0.037719517946243286, -0.03629576414823532], [-0.14374089241027832, 0.1706772744655609], [-0.03529353439807892, 0.00333387590944767]]",True
early_neutral,3,345,0.8850383205598134,0,[0],"[[-0.8202673196792603, -0.0005309592233970761], [0.36223694682121277, -0.09266818314790726], [0.03799954801797867, -0.03684096783399582], [-0.1461424082517624, 0.16196352243423462], [-0.042317114770412445, 0.0069659254513680935]]",True
early_neutral,3,346,0.8847050983005664,0,[0],"[[-0.8202673196792603, -0.0005309592233970761], [0.35316506028175354, -0.09259498119354248], [0.03742188587784767, -0.03707371652126312], [-0.14793634414672852, 0.15307576954364777], [-0.049083057790994644, 0.011084694415330887]]",False
early_neutral,3,347,0.8843718760413196,0,[0],"[[-0.8202673196792603, -0.0005309592233970761], [0.34360066056251526, -0.09240628778934479], [0.0364527553319931, -0.03698892146348953], [-0.14911668002605438, 0.14405909180641174], [-0.05477553606033325, 0.015841493383049965]]",False
early_neutral,3,348,0.8840386537820727,0,[0],"[[-0.8202673196792603, -0.0005309592233970761], [0.33493274450302124, -0.09130595624446869], [0.035325780510902405, -0.036915555596351624], [-0.1504010558128357, 0.13498364388942719], [-0.05925438553094864, 0.021119194105267525]]",False
early_neutral,3,349,0.8837054315228258,0,[0],"[[-0.8202673196792603, -0.0005309592233970761], [0.3287164568901062, -0.09009892493486404], [0.036619801074266434, -0.03727461025118828], [-0.15207664668560028, 0.12588630616664886], [-0.06240931153297424, 0.02678784169256687]]",False
early_neutral,3,350,0.8833722092635788,0,[0],"[[-0.8202673196792603, -0.0005309592233970761], [0.32529154419898987, -0.08921300619840622], [0.04026619344949722, -0.03827479109168053], [-0.15381307899951935, 0.11752135306596756], [-0.06420484930276871, 0.03273821249604225]]",False
early_neutral,3,351,0.8830389870043319,0,[0],"[[-0.8202673196792603, -0.0005309592233970761], [0.3219723105430603, -0.0883045643568039], [0.04513132572174072, -0.03981252759695053], [-0.15471839904785156, 0.11129695177078247], [-0.06516166776418686, 0.039244070649147034]]",False
early_neutral,3,352,0.882705764745085,0,[0],"[[-0.8202673196792603, -0.0005309592233970761], [0.31785115599632263, -0.0871257483959198], [0.05143871158361435, -0.04153846204280853], [-0.15512453019618988, 0.10561492294073105], [-0.06532669812440872, 0.04630887508392334]]",False
early_neutral,3,353,0.8823725424858381,0,[0],"[[-0.8202673196792603, -0.0005309592233970761], [0.3138423264026642, -0.0862920954823494], [0.05921504646539688, -0.043114807456731796], [-0.15339630842208862, 0.10158304125070572], [-0.06464549899101257, 0.053829532116651535]]",False
early_neutral,3,354,0.8820393202265912,0,[0],"[[-0.8202673196792603, -0.0005309592233970761], [0.3095032870769501, -0.08564632385969162], [0.06822652369737625, -0.044488146901130676], [-0.1498863399028778, 0.09807699918746948], [-0.062492236495018005, 0.06164037436246872]]",False
early_neutral,3,355,0.8817060979673442,0,[0],"[[-0.9908088445663452, -0.0], [-0.48062247037887573, -0.21326690912246704], [-0.6013072729110718, -0.06877248734235764], [-0.6013072729110718, 0.06558691710233688], [-0.4965915083885193, 0.21384085714817047]]",False
early_neutral,3,356,0.8813728757080973,0,[0],"[[-0.9908088445663452, -0.0], [-0.48062247037887573, -0.21326690912246704], [-0.6013072729110718, -0.06877248734235764], [-0.6013072729110718, 0.06558691710233688], [-0.4965915083885193, 0.21384085714817047]]",False
early_neutral,3,357,0.8810396534488504,0,[0],"[[-0.9908088445663452, -0.0], [-0.48062247037887573, -0.21326690912246704], [-0.6013072729110718, -0.06877248734235764], [-0.6013072729110718, 0.06558691710233688], [-0.4965915083885193, 0.21384085714817047]]",False
early_neutral,3,358,0.8807064311896035,0,[0],"[[-0.9908088445663452, -0.0], [-0.48062247037887573, -0.21326690912246704], [-0.6013072729110718, -0.06877248734235764], [-0.6013072729110718, 0.06558691710233688], [-0.4965915083885193, 0.21384085714817047]]",False
early_neutral,3,359,0.8803732089303565,0,[0],"[[-0.9908088445663452, -0.0], [-0.48062247037887573, -0.21326690912246704], [-0.6013072729110718, -0.06877248734235764], [-0.6013072729110718, 0.06558691710233688], [-0.4965915083885193, 0.21384085714817047]]",False
early_neutral,3,360,0.8800399866711096,0,[0],"[[-0.9908088445663452, -0.0], [-0.48062247037887573, -0.21326690912246704], [-0.6013072729110718, -0.06877248734235764], [-0.6013072729110718, 0.06558691710233688], [-0.4965915083885193, 0.21384085714817047]]",False
early_neutral,3,361,0.8797067644118627,0,[0],"[[-0.9908088445663452, -0.0], [-0.48039594292640686, -0.21397779881954193], [-0.6013072729110718, -0.06877248734235764], [-0.6013072729110718, 0.06558691710233688], [-0.4965915083885193, 0.21384085714817047]]",False
early_neutral,3,362,0.8793735421526158,0,[0],"[[-0.9879781007766724, -0.0001459515915485099], [-0.4798726737499237, -0.2164594680070877], [-0.6009126305580139, -0.06878148764371872], [-0.6013072729110718, 0.06558691710233688], [-0.49450260400772095, 0.21408776938915253]]",False
early_neutral,3,363,0.8790403198933688,0,[0],"[[-0.9830678105354309, -0.0002897944359574467], [-0.47964513301849365, -0.21988816559314728], [-0.5971841216087341, -0.06892585009336472], [-0.5985451936721802, 0.06517445296049118], [-0.49018099904060364, 0.21425861120224]]",False
early_neutral,3,364,0.8787070976341219,0,[0],"[[-0.9766363501548767, -0.00032751125399954617], [-0.47956985235214233, -0.2242456078529358], [-0.5918954610824585, -0.06926482170820236], [-0.5937555432319641, 0.06457716971635818], [-0.48439836502075195, 0.21400953829288483]]",False
early_neutral,3,365,0.878373875374875,0,[0],"[[-0.9688172340393066, -0.0003334258799441159], [-0.4795296788215637, -0.22946232557296753], [-0.5851955413818359, -0.06983472406864166], [-0.5874707698822021, 0.06395482271909714], [-0.4772110879421234, 0.21357454359531403]]",False
early_neutral,3,366,0.8780406531156282,0,[0],"[[-0.959810733795166, -0.0003232625313103199], [-0.4795244634151459, -0.23535628616809845], [-0.5772018432617188, -0.07055787742137909], [-0.5798370838165283, 0.0632195696234703], [-0.46876418590545654, 0.2129804641008377]]",False
early_neutral,3,367,0.8777074308563813,0,[0],"[[-0.9503259658813477, -0.0003039641596842557], [-0.4795219302177429, -0.2413371354341507], [-0.5682245492935181, -0.07141470909118652], [-0.5710164308547974, 0.06235501915216446], [-0.4595421254634857, 0.21227656304836273]]",False
early_neutral,3,368,0.8773742085971343,0,[0],"[[-0.9400075078010559, -0.0002812356688082218], [-0.4795214831829071, -0.24731799960136414], [-0.5591397881507874, -0.07232189923524857], [-0.5616927742958069, 0.061418645083904266], [-0.449521541595459, 0.2114749550819397]]",False
early_neutral,3,369,0.8770409863378874,0,[0],"[[-0.929111659526825, -0.00025562921655364335], [-0.4795214831829071, -0.25329887866973877], [-0.550064206123352, -0.07326744496822357], [-0.5515982508659363, 0.060377560555934906], [-0.4389066696166992, 0.21059182286262512]]",False
early_neutral,3,370,0.8767077640786405,0,[0],"[[-0.9179805517196655, -0.00022874541173223406], [-0.4795214831829071, -0.259279727935791], [-0.5409986972808838, -0.07425311952829361], [-0.5409077405929565, 0.05924247205257416], [-0.4279496967792511, 0.2096351981163025]]",False
early_neutral,3,371,0.8763745418193936,0,[0],"[[-0.9062098860740662, -0.00019972027803305537], [-0.47948500514030457, -0.26348361372947693], [-0.5319443345069885, -0.07528113573789597], [-0.5300641059875488, 0.058049362152814865], [-0.41635018587112427, 0.2085820734500885]]",False
early_neutral,3,372,0.8760413195601466,0,[0],"[[-0.8938814401626587, -0.0001690552307991311], [-0.4794703423976898, -0.264154851436615], [-0.5229015350341797, -0.07635129988193512], [-0.5185819864273071, 0.056747373193502426], [-0.40418070554733276, 0.20744234323501587]]",False
early_neutral,3,373,0.8757080973008997,0,[0],"[[-0.881102442741394, -0.00013700358977075666], [-0.4793292284011841, -0.2648751735687256], [-0.5138705968856812, -0.07746303826570511], [-0.5065271854400635, 0.05534931644797325], [-0.39155706763267517, 0.20620273053646088]]",False
early_neutral,3,374,0.8753748750416528,0,[0],"[[-0.8679768443107605, -0.00010386764188297093], [-0.47900399565696716, -0.2673719525337219], [-0.5048518776893616, -0.07861623913049698], [-0.4940111041069031, 0.05384555459022522], [-0.37858206033706665, 0.20488177239894867]]",False
early_neutral,3,375,0.8750416527824059,0,[0],"[[-0.8546484112739563, -7.0104309997987e-05], [-0.4788634479045868, -0.2706657648086548], [-0.49584540724754333, -0.07980914413928986], [-0.48113834857940674, 0.05225372686982155], [-0.3653406798839569, 0.2034814953804016]]",False
early_neutral,3,376,0.8747084305231589,0,[0],"[[-0.841633141040802, -3.7032590626040474e-05], [-0.4788452088832855, -0.27159997820854187], [-0.48685118556022644, -0.08104068785905838], [-0.4679942727088928, 0.05058198422193527], [-0.3518986999988556, 0.20200927555561066]]",False
early_neutral,3,377,0.874375208263912,0,[0],"[[-0.8320456147193909, -1.2638810403586831e-05], [-0.4788452088832855, -0.27159997820854187], [-0.47786957025527954, -0.08231040835380554], [-0.45464614033699036, 0.048836879432201385], [-0.33830615878105164, 0.2004745453596115]]",False
early_neutral,3,378,0.8740419860046651,0,[0],"[[-0.8266823291778564, 1.0648102488630684e-06], [-0.4788452088832855, -0.27159997820854187], [-0.46890056133270264, -0.08361735194921494], [-0.44114476442337036, 0.047029104083776474], [-0.32460272312164307, 0.19888047873973846]]",False
early_neutral,3,379,0.8737087637454182,0,[0],"[[-0.8247760534286499, -3.3113074096036144e-06], [-0.4788452088832855, -0.27159997820854187], [-0.4599123001098633, -0.08496614545583725], [-0.4275311231613159, 0.04516178369522095], [-0.3108176290988922, 0.19723471999168396]]",False
early_neutral,3,380,0.8733755414861712,0,[0],"[[-0.8246498703956604, -1.850652370194439e-05], [-0.4787779450416565, -0.27193528413772583], [-0.45056745409965515, -0.08640401065349579], [-0.4138352572917938, 0.04324191063642502], [-0.29697343707084656, 0.19554102420806885]]",False
early_neutral,3,381,0.8730423192269243,0,[0],"[[-0.8246328830718994, -2.1543675757129677e-05], [-0.47845160961151123, -0.2742430567741394], [-0.4404025077819824, -0.08800330013036728], [-0.4000803232192993, 0.0412730947136879], [-0.2830873727798462, 0.19380199909210205]]",False
early_neutral,3,382,0.8727090969676774,0,[0],"[[-0.8246328830718994, -2.1543675757129677e-05], [-0.47827184200286865, -0.27748948335647583], [-0.4298972487449646, -0.08969696611166], [-0.3862835764884949, 0.039259713143110275], [-0.26917245984077454, 0.19202089309692383]]",False
early_neutral,3,383,0.8723758747084305,0,[0],"[[-0.8246328830718994, -2.1543675757129677e-05], [-0.47824329137802124, -0.2790464162826538], [-0.4190492630004883, -0.09149299561977386], [-0.37245631217956543, 0.03721034154295921], [-0.25523874163627625, 0.19019900262355804]]",False
early_neutral,3,384,0.8720426524491836,0,[0],"[[-0.8246328830718994, -2.1543675757129677e-05], [-0.47824329137802124, -0.2790464162826538], [-0.4076130986213684, -0.09343291074037552], [-0.358608603477478, 0.035127002745866776], [-0.24129337072372437, 0.18833911418914795]]",False
early_neutral,3,385,0.8717094301899367,0,[0],"[[-0.8246328830718994, -2.1543675757129677e-05], [-0.47824329137802124, -0.2790464162826538], [-0.39569514989852905, -0.09559368342161179], [-0.3447474539279938, 0.033013056963682175], [-0.22734202444553375, 0.1864425092935562]]",False
early_neutral,3,386,0.8713762079306898,0,[0],"[[-0.8246328830718994, -2.1543675757129677e-05], [-0.47824329137802124, -0.2790464162826538], [-0.3834441900253296, -0.09803503751754761], [-0.3308783173561096, 0.03087027557194233], [-0.21338911354541779, 0.1845099925994873]]",False
early_neutral,3,387,0.8710429856714429,0,[0],"[[-0.8246328830718994, -2.1543675757129677e-05], [-0.47804877161979675, -0.2790221869945526], [-0.3709173798561096, -0.10064870864152908], [-0.317004919052124, 0.028701232746243477], [-0.19943779706954956, 0.1825423240661621]]",False
early_neutral,3,388,0.870709763412196,0,[0],"[[-0.8246328830718994, -2.1543675757129677e-05], [-0.47459152340888977, -0.2786925733089447], [-0.3581784963607788, -0.10339230298995972], [-0.3031294047832489, 0.026509825140237808], [-0.18549323081970215, 0.1805323213338852]]",False
early_neutral,3,389,0.870376541152949,0,[0],"[[-0.8246328830718994, -2.1543675757129677e-05], [-0.4693935215473175, -0.2784430682659149], [-0.34528276324272156, -0.10624438524246216], [-0.2892540693283081, 0.02429688163101673], [-0.17157068848609924, 0.17844268679618835]]",False
early_neutral,3,390,0.8700433188937021,0,[0],"[[-0.8246328830718994, -2.1543675757129677e-05], [-0.4641565978527069, -0.27839452028274536], [-0.33227208256721497, -0.10918699204921722], [-0.2753796875476837, 0.022065849974751472], [-0.1576746255159378, 0.17626819014549255]]",False
early_neutral,3,391,0.8697100966344552,0,[0],"[[-0.8270608186721802, 0.00028320090495981276], [-0.46355950832366943, -0.27838999032974243], [-0.3191832900047302, -0.11221447587013245], [-0.26150748133659363, 0.01981758140027523], [-0.14382106065750122, 0.17397372424602509]]",False
early_neutral,3,392,0.8693768743752083,0,[0],"[[-0.8314117789268494, 0.0005165440961718559], [-0.4633671045303345, -0.27835944294929504], [-0.3060660660266876, -0.11536015570163727], [-0.2476377934217453, 0.017554186284542084], [-0.13002148270606995, 0.17153960466384888]]",False
early_neutral,3,393,0.8690436521159614,0,[0],"[[-0.8371623158454895, 0.0004314192628953606], [-0.4599326252937317, -0.27794376015663147], [-0.29294922947883606, -0.11863074451684952], [-0.23377081751823425, 0.015277386642992496], [-0.1162954792380333, 0.1689317524433136]]",False
early_neutral,3,394,0.8687104298567144,0,[0],"[[-0.8439547419548035, 0.0002619558363221586], [-0.4547443389892578, -0.2776285409927368], [-0.2798992097377777, -0.12209993600845337], [-0.21991604566574097, 0.012964501976966858], [-0.10269004106521606, 0.1660662144422531]]",False
early_neutral,3,395,0.8683772075974675,0,[0],"[[-0.8515938520431519, 3.121450208709575e-05], [-0.4480844736099243, -0.27756738662719727], [-0.2669973373413086, -0.12585775554180145], [-0.20610643923282623, 0.010536616668105125], [-0.08937235921621323, 0.16299259662628174]]",False
early_neutral,3,396,0.8680439853382206,0,[0],"[[-0.8599177598953247, -0.0002644620544742793], [-0.44008713960647583, -0.2775405943393707], [-0.25434964895248413, -0.13000203669071198], [-0.19234946370124817, 0.007983148097991943], [-0.07882259041070938, 0.1602926403284073]]",False
early_neutral,3,397,0.8677107630789737,0,[0],"[[-0.8691207766532898, -0.0006180930067785084], [-0.43103253841400146, -0.27753230929374695], [-0.24245233833789825, -0.13502083718776703], [-0.178697407245636, 0.00520064914599061], [-0.07069673389196396, 0.1575007140636444]]",False
early_neutral,3,398,0.8673775408197267,0,[0],"[[-0.8792088031768799, -0.0010163342813029885], [-0.4218413531780243, -0.2775307297706604], [-0.23151476681232452, -0.14090925455093384], [-0.16518118977546692, 0.0021491474471986294], [-0.06484933942556381, 0.15466663241386414]]",False
early_neutral,3,399,0.8670443185604798,0,[0],"[[-0.8899561762809753, -0.0014479025267064571], [-0.4126501679420471, -0.2775300443172455], [-0.2210344821214676, -0.1471586972475052], [-0.1518361121416092, -0.0012059530708938837], [-0.06276662647724152, 0.15076303482055664]]",False
early_neutral,3,400,0.8667110963012329,0,[0],"[[-0.9010658264160156, -0.001897070207633078], [-0.40520113706588745, -0.27756333351135254], [-0.2106754034757614, -0.1535019725561142], [-0.13872073590755463, -0.004925301298499107], [-0.0628398209810257, 0.14674784243106842]]",False
early_neutral,3,401,0.866377874041986,0,[0],"[[-0.9128134846687317, -0.0023744218051433563], [-0.4033184349536896, -0.2775972783565521], [-0.2009916454553604, -0.15949776768684387], [-0.1258929818868637, -0.009045826271176338], [-0.06642406433820724, 0.1435818374156952]]",False
early_neutral,3,402,0.866044651782739,0,[0],"[[-0.9251176714897156, -0.002876292448490858], [-0.40271106362342834, -0.27743691205978394], [-0.1937570571899414, -0.1634266972541809], [-0.11365979164838791, -0.013868436217308044], [-0.07169642299413681, 0.14119279384613037]]",False
early_neutral,3,403,0.8657114295234921,0,[0],"[[-0.9378711581230164, -0.0033996098209172487], [-0.3989388644695282, -0.2766694128513336], [-0.18803644180297852, -0.16560086607933044], [-0.10217494517564774, -0.019415969029068947], [-0.07789018750190735, 0.13863809406757355]]",False
early_neutral,3,404,0.8653782072642453,0,[0],"[[-0.9495801329612732, -0.0038824526127427816], [-0.3935103416442871, -0.2760404944419861], [-0.18583351373672485, -0.16639076173305511], [-0.09252995997667313, -0.024610335007309914], [-0.08496087789535522, 0.13545691967010498]]",False
early_neutral,3,405,0.8650449850049984,0,[0],"[[-0.9587839841842651, -0.004266140516847372], [-0.3866129517555237, -0.2755964398384094], [-0.1855175644159317, -0.16650405526161194], [-0.08673949539661407, -0.02802935242652893], [-0.0926605761051178, 0.1318131536245346]]",False
early_neutral,3,406,0.8647117627457515,0,[0],"[[-0.9674974679946899, -0.004631307441741228], [-0.37841835618019104, -0.27497199177742004], [-0.18344970047473907, -0.16616563498973846], [-0.08563900738954544, -0.028949201107025146], [-0.10113362222909927, 0.1279022991657257]]",False
early_neutral,3,407,0.8643785404865045,0,[0],"[[-0.9733931422233582, -0.0048527647741138935], [-0.3692634701728821, -0.2741774916648865], [-0.18123579025268555, -0.16613054275512695], [-0.0887012928724289, -0.028676370158791542], [-0.11031220108270645, 0.1237802654504776]]",False
early_neutral,3,408,0.8640453182272576,0,[0],"[[-0.9789660573005676, -0.0050324383191764355], [-0.3596446216106415, -0.2734047472476959], [-0.18123579025268555, -0.16613054275512695], [-0.0932609960436821, -0.028534693643450737], [-0.12009941786527634, 0.11943800002336502]]",False
early_neutral,3,409,0.8637120959680107,0,[0],"[[-0.9817952513694763, -0.005061280447989702], [-0.34912291169166565, -0.272657573223114], [-0.18084295094013214, -0.16610464453697205], [-0.09929124265909195, -0.028507854789495468], [-0.13039501011371613, 0.11492467671632767]]",False
early_neutral,3,410,0.8633788737087638,0,[0],"[[-0.9825800657272339, -0.00501182209700346], [-0.33834272623062134, -0.2719215452671051], [-0.1801796406507492, -0.16606341302394867], [-0.10672567784786224, -0.028486138209700584], [-0.1411903202533722, 0.1103794276714325]]",False
early_neutral,3,411,0.8630456514495168,0,[0],"[[-0.9825975298881531, -0.005009674001485109], [-0.3271217346191406, -0.27112990617752075], [-0.1801796406507492, -0.16606341302394867], [-0.11539403349161148, -0.02847360074520111], [-0.1526721566915512, 0.10613945871591568]]",False
early_neutral,3,412,0.8627124291902699,0,[0],"[[-0.9825975298881531, -0.005009674001485109], [-0.31526240706443787, -0.2702696919441223], [-0.179207444190979, -0.16598761081695557], [-0.12508445978164673, -0.02846737578511238], [-0.16425706446170807, 0.10237158834934235]]",False
early_neutral,3,413,0.862379206931023,0,[0],"[[-0.9825975298881531, -0.005009674001485109], [-0.3028480112552643, -0.26931798458099365], [-0.1751299947500229, -0.16576150059700012], [-0.1356211155653, -0.02846955694258213], [-0.17322981357574463, 0.09971201419830322]]",False
early_neutral,3,414,0.8620459846717761,0,[0],"[[-0.9825975298881531, -0.005009674001485109], [-0.29000285267829895, -0.26825985312461853], [-0.17286282777786255, -0.16566775739192963], [-0.1464368999004364, -0.028493443503975868], [-0.1817176640033722, 0.09749461710453033]]",False
early_neutral,3,415,0.8617127624125291,0,[0],"[[-0.9825975298881531, -0.005009674001485109], [-0.2768288552761078, -0.26710110902786255], [-0.17286282777786255, -0.16566775739192963], [-0.15783894062042236, -0.028544550761580467], [-0.18797791004180908, 0.09676559269428253]]",False
early_neutral,3,416,0.8613795401532822,0,[0],"[[-0.9825975298881531, -0.005009674001485109], [-0.2634137272834778, -0.26581621170043945], [-0.17286282777786255, -0.16566775739192963], [-0.16985373198986053, -0.02864185720682144], [-0.1911688894033432, 0.09898760914802551]]",False
early_neutral,3,417,0.8610463178940353,0,[0],"[[-0.9825975298881531, -0.005009674001485109], [-0.2498239427804947, -0.2644014060497284], [-0.17286282777786255, -0.16566775739192963], [-0.18239395320415497, -0.028906090185046196], [-0.1927613466978073, 0.10262725502252579]]",False
early_neutral,3,418,0.8607130956347884,0,[0],"[[-0.9825975298881531, -0.005009674001485109], [-0.2361251711845398, -0.2628045380115509], [-0.17286282777786255, -0.16566775739192963], [-0.19533658027648926, -0.029373737052083015], [-0.1938711404800415, 0.10648293048143387]]",False
early_neutral,3,419,0.8603798733755414,0,[0],"[[-0.9825975298881531, -0.005009674001485109], [-0.22236192226409912, -0.2610209882259369], [-0.17286282777786255, -0.16566775739192963], [-0.20857752859592438, -0.030068347230553627], [-0.19322238862514496, 0.11043649911880493]]",False
early_neutral,3,420,0.8600466511162945,0,[0],"[[-0.9825975298881531, -0.005009674001485109], [-0.2086012363433838, -0.2589571475982666], [-0.17286282777786255, -0.16566775739192963], [-0.22202372550964355, -0.031053578481078148], [-0.1920945793390274, 0.11463174223899841]]",False
early_neutral,3,421,0.8597134288570476,0,[0],"[[-0.9825975298881531, -0.005009674001485109], [-0.19488418102264404, -0.2565978765487671], [-0.17148183286190033, -0.1659245789051056], [-0.23561547696590424, -0.03227267786860466], [-0.19036515057086945, 0.11932622641324997]]",False
early_neutral,3,422,0.8593802065978007,0,[0],"[[-0.9825975298881531, -0.005009674001485109], [-0.18127910792827606, -0.25386708974838257], [-0.16752643883228302, -0.16638702154159546], [-0.24929802119731903, -0.03372776880860329], [-0.18804052472114563, 0.12426269054412842]]",False
early_neutral,3,423,0.8590469843385539,0,[0],"[[-0.9825975298881531, -0.005009674001485109], [-0.16785603761672974, -0.2507055103778839], [-0.16206133365631104, -0.16656799614429474], [-0.2630311846733093, -0.03540566563606262], [-0.18560269474983215, 0.1289043426513672]]",False
early_neutral,3,424,0.8587137620793069,0,[0],"[[-0.9825975298881531, -0.005009674001485109], [-0.15519015491008759, -0.24735979735851288], [-0.15552464127540588, -0.16625557839870453], [-0.2767793536186218, -0.03730856627225876], [-0.18390366435050964, 0.13294164836406708]]",False
early_neutral,3,425,0.85838053982006,0,[0],"[[-0.9825975298881531, -0.005009674001485109], [-0.1461525857448578, -0.2446475774049759], [-0.14924538135528564, -0.1637244075536728], [-0.2905137538909912, -0.03943566232919693], [-0.18261848390102386, 0.13704253733158112]]",False
early_neutral,3,426,0.8580473175608131,0,[0],"[[-0.9825975298881531, -0.005009674001485109], [-0.14159929752349854, -0.2417317032814026], [-0.14303581416606903, -0.15988999605178833], [-0.3041941523551941, -0.041825760155916214], [-0.18214942514896393, 0.14121432602405548]]",False
early_neutral,3,427,0.8577140953015662,0,[0],"[[-0.9825975298881531, -0.005009674001485109], [-0.1411222219467163, -0.23895859718322754], [-0.1365262120962143, -0.1556701809167862], [-0.3177902400493622, -0.04449284076690674], [-0.18261787295341492, 0.14538611471652985]]",False
early_neutral,3,428,0.8573808730423192,0,[0],"[[-0.9825975298881531, -0.005009674001485109], [-0.14451037347316742, -0.2362310141324997], [-0.1300213783979416, -0.15144477784633636], [-0.3305886685848236, -0.047684744000434875], [-0.18320852518081665, 0.1478690803050995]]",False
early_neutral,3,429,0.8570476507830723,0,[0],"[[-0.9825975298881531, -0.005009674001485109], [-0.1489707976579666, -0.23341220617294312], [-0.12352144718170166, -0.14721620082855225], [-0.33955296874046326, -0.051459118723869324], [-0.1832154393196106, 0.14789807796478271]]",False
early_neutral,3,430,0.8567144285238254,0,[0],"[[-0.9825975298881531, -0.005009674001485109], [-0.15375083684921265, -0.23097756505012512], [-0.11702197790145874, -0.14298729598522186], [-0.3438931703567505, -0.05586567148566246], [-0.1832154393196106, 0.14789807796478271]]",False
early_neutral,3,431,0.8563812062645785,0,[0],"[[-0.9825975298881531, -0.005009674001485109], [-0.1592046320438385, -0.228760227560997], [-0.11052273958921432, -0.13875825703144073], [-0.34797489643096924, -0.060949768871068954], [-0.1832154393196106, 0.14789807796478271]]",False
early_neutral,3,432,0.8560479840053316,0,[0],"[[-0.9825975298881531, -0.005009674001485109], [-0.16386254131793976, -0.22715792059898376], [-0.1040235310792923, -0.13452918827533722], [-0.35221046209335327, -0.06649940460920334], [-0.18324127793312073, 0.14790990948677063]]",False
early_neutral,3,433,0.8557147617460846,0,[0],"[[-0.9825975298881531, -0.005009674001485109], [-0.16434921324253082, -0.22695253789424896], [-0.09752436727285385, -0.13030008971691132], [-0.35664841532707214, -0.0701041966676712], [-0.18553853034973145, 0.14896997809410095]]",False
early_neutral,3,434,0.8553815394868377,0,[0],"[[-0.9825975298881531, -0.005009674001485109], [-0.16434921324253082, -0.22695253789424896], [-0.09102515131235123, -0.126071035861969], [-0.36018308997154236, -0.07364194095134735], [-0.18919211626052856, 0.15067656338214874]]",False
early_neutral,3,435,0.8550483172275908,0,[0],"[[-0.9825975298881531, -0.005009674001485109], [-0.16434921324253082, -0.22695253789424896], [-0.08452598005533218, -0.12184194475412369], [-0.3625500798225403, -0.07791028916835785], [-0.19396694004535675, 0.1529250144958496]]",False
early_neutral,3,436,0.8547150949683439,0,[0],"[[-0.9825975298881531, -0.005009674001485109], [-0.1646689772605896, -0.22694489359855652], [-0.07855212688446045, -0.11766981333494186], [-0.36404672265052795, -0.08189961314201355], [-0.19918905198574066, 0.15537051856517792]]",False
early_neutral,3,437,0.8543818727090969,0,[0],"[[-0.9825975298881531, -0.005009674001485109], [-0.1676238626241684, -0.22669361531734467], [-0.07693828642368317, -0.11437688767910004], [-0.3678959608078003, -0.08508532494306564], [-0.20443472266197205, 0.15779441595077515]]",False
early_neutral,3,438,0.85404865044985,0,[0],"[[-0.9825975298881531, -0.005009674001485109], [-0.17177751660346985, -0.22596397995948792], [-0.0799446702003479, -0.11184439063072205], [-0.37257179617881775, -0.0876249223947525], [-0.20985108613967896, 0.16005279123783112]]",False
early_neutral,3,439,0.8537154281906031,0,[0],"[[-0.9825975298881531, -0.005009674001485109], [-0.17721423506736755, -0.22467727959156036], [-0.0834401398897171, -0.10914192348718643], [-0.37757375836372375, -0.0879487544298172], [-0.21546421945095062, 0.16209760308265686]]",False
early_neutral,3,440,0.8533822059313562,0,[0],"[[-0.9825975298881531, -0.005009674001485109], [-0.18393529951572418, -0.22293373942375183], [-0.0853976160287857, -0.1071084514260292], [-0.3833845853805542, -0.08708273619413376], [-0.22125625610351562, 0.1639188826084137]]",False
early_neutral,3,441,0.8530489836721094,0,[0],"[[-0.9825975298881531, -0.005009674001485109], [-0.1917673498392105, -0.22071637213230133], [-0.08387690782546997, -0.10715813934803009], [-0.3893885612487793, -0.08594018220901489], [-0.22720834612846375, 0.16550666093826294]]",False
early_neutral,3,442,0.8527157614128624,0,[0],"[[-0.9825975298881531, -0.005009674001485109], [-0.20017537474632263, -0.21830056607723236], [-0.07996439933776855, -0.1070762574672699], [-0.3954089283943176, -0.08488120883703232], [-0.23328198492527008, 0.1668872833251953]]",False
early_neutral,3,443,0.8523825391536155,0,[0],"[[-0.9825975298881531, -0.005009674001485109], [-0.20858310163021088, -0.21588429808616638], [-0.07671863585710526, -0.10692839324474335], [-0.4001178443431854, -0.08318858593702316], [-0.23938186466693878, 0.16821853816509247]]",False
early_neutral,3,444,0.8520493168943686,0,[0],"[[-0.9825975298881531, -0.005009674001485109], [-0.216995969414711, -0.21347565948963165], [-0.07590904831886292, -0.10681474953889847], [-0.4052661657333374, -0.08143847435712814], [-0.24549591541290283, 0.16952191293239594]]",False
early_neutral,3,445,0.8517160946351217,0,[0],"[[-0.9825975298881531, -0.005009674001485109], [-0.22541853785514832, -0.2110813856124878], [-0.07708746194839478, -0.10646103322505951], [-0.41123244166374207, -0.08046754449605942], [-0.25159016251564026, 0.17080295085906982]]",False
early_neutral,3,446,0.8513828723758747,0,[0],"[[-0.9825975298881531, -0.005009674001485109], [-0.2338615357875824, -0.2087179273366928], [-0.08091071993112564, -0.10527709871530533], [-0.4171297252178192, -0.07949855178594589], [-0.2575947046279907, 0.17205442488193512]]",False
early_neutral,3,447,0.8510496501166278,0,[0],"[[-0.9825975298881531, -0.005009674001485109], [-0.24236129224300385, -0.2064422369003296], [-0.08600697666406631, -0.10355451703071594], [-0.423593133687973, -0.07871974259614944], [-0.26372671127319336, 0.1733216494321823]]",False
early_neutral,3,448,0.8507164278573809,0,[0],"[[-0.9825975298881531, -0.005009674001485109], [-0.25091972947120667, -0.20426179468631744], [-0.09232089668512344, -0.10136954486370087], [-0.43105348944664, -0.0783955454826355], [-0.2698694169521332, 0.17454910278320312]]",False
early_neutral,3,449,0.850383205598134,0,[0],"[[-0.9825975298881531, -0.005009674001485109], [-0.25956207513809204, -0.20222660899162292], [-0.09979921579360962, -0.09885386377573013], [-0.43935713171958923, -0.07834552228450775], [-0.27590373158454895, 0.17567667365074158]]",False
early_neutral,3,450,0.850049983338887,0,[0],"[[-0.9825975298881531, -0.005009674001485109], [-0.2682929039001465, -0.2003582864999771], [-0.1081218346953392, -0.09617950022220612], [-0.44803041219711304, -0.07840563356876373], [-0.28211885690689087, 0.17675873637199402]]",False
early_neutral,3,451,0.8497167610796401,0,[0],"[[-0.9825975298881531, -0.005009674001485109], [-0.27562206983566284, -0.1988966315984726], [-0.11710469424724579, -0.09354463219642639], [-0.45685601234436035, -0.07856586575508118], [-0.28874489665031433, 0.17782865464687347]]",False
early_neutral,3,452,0.8493835388203932,0,[0],"[[-0.9825975298881531, -0.005009674001485109], [-0.28178685903549194, -0.1976986676454544], [-0.12698742747306824, -0.09092584252357483], [-0.46583276987075806, -0.07871753722429276], [-0.2966521084308624, 0.17900192737579346]]",False
early_neutral,3,453,0.8490503165611463,0,[0],"[[-0.9825975298881531, -0.005009674001485109], [-0.28796419501304626, -0.19653010368347168], [-0.1371190994977951, -0.08841774612665176], [-0.4749017357826233, -0.07883742451667786], [-0.30555468797683716, 0.18020807206630707]]",False
early_neutral,3,454,0.8487170943018993,0,[0],"[[-0.9825975298881531, -0.005009674001485109], [-0.29406651854515076, -0.19544261693954468], [-0.1478320062160492, -0.0859043300151825], [-0.484056681394577, -0.0789707824587822], [-0.3145744502544403, 0.18135762214660645]]",False
early_neutral,3,455,0.8483838720426524,0,[0],"[[-0.9825975298881531, -0.005009674001485109], [-0.30028995871543884, -0.19440920650959015], [-0.1591578722000122, -0.0833418071269989], [-0.49327853322029114, -0.07907725125551224], [-0.32361146807670593, 0.18244829773902893]]",False
early_neutral,3,456,0.8480506497834055,0,[0],"[[-0.9825975298881531, -0.005009674001485109], [-0.30659380555152893, -0.19344037771224976], [-0.17102350294589996, -0.08075617998838425], [-0.5025691390037537, -0.07919581979513168], [-0.33266404271125793, 0.18348301947116852]]",False
early_neutral,3,457,0.8477174275241586,0,[0],"[[-0.9825975298881531, -0.005009674001485109], [-0.3139258027076721, -0.1924658566713333], [-0.1833287924528122, -0.07818879932165146], [-0.5118873119354248, -0.079293392598629], [-0.34173035621643066, 0.18446530401706696]]",False
early_neutral,3,458,0.8473842052649116,0,[0],"[[-0.9825975298881531, -0.005009674001485109], [-0.3225504159927368, -0.1915401965379715], [-0.1959749460220337, -0.07563942670822144], [-0.5211564898490906, -0.0790894627571106], [-0.3508095145225525, 0.185396209359169]]",False
early_neutral,3,459,0.8470509830056647,0,[0],"[[-0.9825975298881531, -0.005009674001485109], [-0.33165833353996277, -0.19073736667633057], [-0.20889905095100403, -0.07313986867666245], [-0.5291774272918701, -0.07691542059183121], [-0.35989952087402344, 0.18628108501434326]]",False
early_neutral,3,460,0.8467177607464179,0,[0],"[[-0.9825975298881531, -0.005009674001485109], [-0.3407834768295288, -0.19002225995063782], [-0.22202999889850616, -0.07066778093576431], [-0.5362525582313538, -0.07327628135681152], [-0.3689996898174286, 0.1871204674243927]]",False
early_neutral,3,461,0.846384538487171,0,[0],"[[-0.9825975298881531, -0.005009674001485109], [-0.3499220609664917, -0.18938355147838593], [-0.23531696200370789, -0.06821436434984207], [-0.5432018041610718, -0.06961135566234589], [-0.3781110644340515, 0.18790678679943085]]",False
early_neutral,3,462,0.8460513162279241,0,[0],"[[-0.9825975298881531, -0.005009674001485109], [-0.3590608239173889, -0.18874569237232208], [-0.248722106218338, -0.06577490270137787], [-0.5500267744064331, -0.06587006896734238], [-0.387233704328537, 0.1886356770992279]]",False
early_neutral,3,463,0.8457180939686771,0,[0],"[[-0.9825975298881531, -0.005009674001485109], [-0.3681972026824951, -0.1880936324596405], [-0.2622063159942627, -0.0633218064904213], [-0.5566533207893372, -0.06211400032043457], [-0.39636683464050293, 0.18930667638778687]]",False
early_neutral,3,464,0.8453848717094302,0,[0],"[[-0.9828488230705261, -0.0037525787483900785], [-0.3773311674594879, -0.1874273419380188], [-0.2757492959499359, -0.06085601821541786], [-0.5632359385490417, -0.058257654309272766], [-0.40550968050956726, 0.18991900980472565]]",False
early_neutral,3,465,0.8450516494501833,0,[0],"[[-0.9834039807319641, -0.0015974832931533456], [-0.38646265864372253, -0.18674680590629578], [-0.2893376052379608, -0.058382999151945114], [-0.5697587132453918, -0.05405617505311966], [-0.41466113924980164, 0.19047430157661438]]",False
early_neutral,3,466,0.8447184271909364,0,[0],"[[-0.9838541746139526, 0.000701050681527704], [-0.3955934941768646, -0.186062753200531], [-0.3029608428478241, -0.05590590462088585], [-0.5762630105018616, -0.04983040317893028], [-0.4238176643848419, 0.19099292159080505]]",False
early_neutral,3,467,0.8443852049316894,0,[0],"[[-0.9807249307632446, 0.0028767730109393597], [-0.40517908334732056, -0.18537993729114532], [-0.31660595536231995, -0.05341581627726555], [-0.5827641487121582, -0.04560260474681854], [-0.43297821283340454, 0.19148069620132446]]",False
early_neutral,3,468,0.8440519826724425,0,[0],"[[-0.9749408960342407, 0.004001068416982889], [-0.4156471788883209, -0.18466882407665253], [-0.3302588164806366, -0.05089554563164711], [-0.5892634987831116, -0.041373640298843384], [-0.4421408772468567, 0.19195131957530975]]",False
early_neutral,3,469,0.8437187604131956,0,[0],"[[-0.9677494764328003, 0.00509444996714592], [-0.426405668258667, -0.18393489718437195], [-0.34391558170318604, -0.04834822937846184], [-0.5957627296447754, -0.037144605070352554], [-0.4513036608695984, 0.19242128729820251]]",False
early_neutral,3,470,0.8433855381539487,0,[0],"[[-0.9593888521194458, 0.00656264740973711], [-0.43776339292526245, -0.18314510583877563], [-0.35758116841316223, -0.04579410329461098], [-0.6022620797157288, -0.03291558846831322], [-0.46046608686447144, 0.19289378821849823]]",False
early_neutral,3,471,0.8430523158947018,0,[0],"[[-0.9504545331001282, 0.008329504169523716], [-0.44971030950546265, -0.18212153017520905], [-0.37125465273857117, -0.043237585574388504], [-0.6087613701820374, -0.028686586767435074], [-0.4699801206588745, 0.19340313971042633]]",False
early_neutral,3,472,0.8427190936354548,0,[0],"[[-0.9409875869750977, 0.01034667156636715], [-0.46187663078308105, -0.18002863228321075], [-0.3844538927078247, -0.040133196860551834], [-0.6152605414390564, -0.024457504972815514], [-0.4803708791732788, 0.1939803957939148]]",False
early_neutral,3,473,0.8423858713762079,0,[0],"[[-0.9308184385299683, 0.012677677907049656], [-0.4738757908344269, -0.17674429714679718], [-0.39497992396354675, -0.03529589995741844], [-0.6217595934867859, -0.020228367298841476], [-0.491093248128891, 0.19461584091186523]]",False
early_neutral,3,474,0.842052649116961,0,[0],"[[-0.9206187129020691, 0.015232549048960209], [-0.4859846532344818, -0.17308500409126282], [-0.4043675661087036, -0.029528765007853508], [-0.6282587647438049, -0.015999244526028633], [-0.5023660063743591, 0.19533665478229523]]",False
early_neutral,3,475,0.8417194268577141,0,[0],"[[-0.9099912643432617, 0.018128974363207817], [-0.4981990158557892, -0.16918855905532837], [-0.4140947461128235, -0.02369825914502144], [-0.6352292895317078, -0.012360946275293827], [-0.5142510533332825, 0.19613970816135406]]",False
early_neutral,3,476,0.8413862045984671,0,[0],"[[-0.8989734053611755, 0.021394528448581696], [-0.5105428099632263, -0.16517966985702515], [-0.42414841055870056, -0.01786288246512413], [-0.6436079144477844, -0.010998891666531563], [-0.5266649723052979, 0.1970515251159668]]",False
early_neutral,3,477,0.8410529823392202,0,[1],"[[-0.8879437446594238, 0.02536228485405445], [-0.5230437517166138, -0.16116291284561157], [-0.4344872832298279, -0.012052647769451141], [-0.6527766585350037, -0.010902664624154568], [-0.5392701625823975, 0.1980687379837036]]",False
early_neutral,3,478,0.8407197600799733,0,[1],"[[-0.877163290977478, 0.03007974848151207], [-0.5356734395027161, -0.1571533977985382], [-0.44510218501091003, -0.006309372838586569], [-0.6621766686439514, -0.010889898054301739], [-0.5492019057273865, 0.1989395022392273]]",False
early_neutral,3,479,0.8403865378207265,0,[1],"[[-0.8666622042655945, 0.03537605702877045], [-0.5484249591827393, -0.1531829535961151], [-0.45596247911453247, -0.0006494004628621042], [-0.6724428534507751, -0.010883750393986702], [-0.5582902431488037, 0.19983141124248505]]",False
early_neutral,3,480,0.8400533155614796,0,[1],"[[-0.8566559553146362, 0.041284020990133286], [-0.5612825751304626, -0.14926238358020782], [-0.46706217527389526, 0.00489948270842433], [-0.6831709742546082, -0.01088118925690651], [-0.5673644542694092, 0.20078237354755402]]",False
early_neutral,3,481,0.8397200933022326,0,[1],"[[-0.8484546542167664, 0.046713702380657196], [-0.5742745399475098, -0.14545847475528717], [-0.47838351130485535, 0.010324489325284958], [-0.694361686706543, -0.010879741050302982], [-0.5764293670654297, 0.2017703801393509]]",False
early_neutral,3,482,0.8393868710429857,0,[1],"[[-0.844576895236969, 0.050652164965867996], [-0.5874044895172119, -0.14180122315883636], [-0.4899277091026306, 0.015600659884512424], [-0.7061890959739685, -0.010879169218242168], [-0.5854902863502502, 0.20277363061904907]]",False
early_neutral,3,483,0.8390536487837388,0,[1],"[[-0.8455110192298889, 0.05396828055381775], [-0.6006448268890381, -0.13827015459537506], [-0.5016838312149048, 0.020716829225420952], [-0.7185811400413513, -0.010878806933760643], [-0.594574511051178, 0.20368297398090363]]",False
early_neutral,3,484,0.8387204265244919,0,[1],"[[-0.8499480485916138, 0.05496571585536003], [-0.6139601469039917, -0.13482482731342316], [-0.513668954372406, 0.025635486468672752], [-0.7314226627349854, -0.010878664441406727], [-0.6036832332611084, 0.2044815570116043]]",False
early_neutral,3,485,0.8383872042652449,0,[1],"[[-0.8560598492622375, 0.054296284914016724], [-0.6274059414863586, -0.13157838582992554], [-0.5258932709693909, 0.030324475839734077], [-0.7446130514144897, -0.010878615081310272], [-0.6129323840141296, 0.20505398511886597]]",False
early_neutral,3,486,0.838053982005998,0,[1],"[[-0.9711074233055115, 1.0544445525062507e-11], [-0.4135110378265381, -0.2321052849292755], [-0.5055146813392639, -0.07535884529352188], [-0.5055146813392639, 0.07535884529352188], [-0.4135110378265381, 0.23210525512695312]]",False
early_neutral,3,487,0.8377207597467511,0,[1],"[[-0.9668263792991638, 3.440692869505213e-11], [-0.4135110378265381, -0.2321052849292755], [-0.5055146813392639, -0.07535884529352188], [-0.5055146813392639, 0.07535884529352188], [-0.4135110378265381, 0.23210525512695312]]",False
early_neutral,3,488,0.8373875374875042,0,[1],"[[-0.9610153436660767, -2.226840933872154e-06], [-0.4135110378265381, -0.2321052849292755], [-0.5055146813392639, -0.07535884529352188], [-0.5055146813392639, 0.07535884529352188], [-0.4135110378265381, 0.23210525512695312]]",False
early_neutral,3,489,0.8370543152282572,0,[1],"[[-0.9539579749107361, -1.447025624656817e-05], [-0.4135110378265381, -0.2321052849292755], [-0.5055146813392639, -0.07535884529352188], [-0.5055146813392639, 0.07535884529352188], [-0.4135110378265381, 0.23210525512695312]]",False
early_neutral,3,490,0.8367210929690103,0,[0],"[[-0.9457408785820007, -2.766710713331122e-05], [-0.4135110378265381, -0.2321052849292755], [-0.5055146813392639, -0.07535884529352188], [-0.5055146813392639, 0.07535884529352188], [-0.4135110378265381, 0.23210525512695312]]",False
early_neutral,3,491,0.8363878707097634,0,[0],"[[-0.9364414215087891, -3.4594184398883954e-05], [-0.4135110378265381, -0.2321052849292755], [-0.5055786371231079, -0.07534775137901306], [-0.5055146813392639, 0.07535884529352188], [-0.4135110378265381, 0.23210525512695312]]",False
early_neutral,3,492,0.8360546484505165,0,[0],"[[-0.9273071885108948, -3.459515210124664e-05], [-0.41431084275245667, -0.2321913093328476], [-0.5086782574653625, -0.07488058507442474], [-0.5055146813392639, 0.07535884529352188], [-0.4135110378265381, 0.23210525512695312]]",False
early_neutral,3,493,0.8357214261912695,0,[0],"[[-0.9179162979125977, -3.4596145269460976e-05], [-0.41802650690078735, -0.23250995576381683], [-0.5136120915412903, -0.07431964576244354], [-0.5064104795455933, 0.07436279207468033], [-0.41335368156433105, 0.2326226830482483]]",False
early_neutral,3,494,0.8353882039320226,0,[0],"[[-0.9091835021972656, 0.0006547925295308232], [-0.42325475811958313, -0.23279541730880737], [-0.5198414921760559, -0.07382560521364212], [-0.5085756778717041, 0.07203644514083862], [-0.4125462472438812, 0.23495295643806458]]",False
early_neutral,3,495,0.8350549816727757,0,[0],"[[-0.9020578861236572, 0.0030975446570664644], [-0.42921799421310425, -0.2330222725868225], [-0.5262270569801331, -0.07331376522779465], [-0.5117315649986267, 0.06914708763360977], [-0.41125819087028503, 0.2381216585636139]]",False
early_neutral,3,496,0.8347217594135288,0,[0],"[[-0.8958074450492859, 0.007182681933045387], [-0.4354618191719055, -0.23321737349033356], [-0.5325832962989807, -0.07277192920446396], [-0.5162232518196106, 0.06844789534807205], [-0.40955278277397156, 0.24206401407718658]]",False
early_neutral,3,497,0.8343885371542819,0,[0],"[[-0.8894956707954407, 0.012127791531383991], [-0.44189101457595825, -0.2333754450082779], [-0.5359050035476685, -0.07248261570930481], [-0.521878719329834, 0.06938159465789795], [-0.4075784683227539, 0.24658752977848053]]",False
early_neutral,3,498,0.834055314895035,0,[0],"[[-0.8833759427070618, 0.0178476981818676], [-0.44831371307373047, -0.23346878588199615], [-0.5365345478057861, -0.07242777943611145], [-0.5281002521514893, 0.07044781744480133], [-0.4054299294948578, 0.25146719813346863]]",False
early_neutral,3,499,0.8337220926357881,0,[0],"[[-0.8775992393493652, 0.02388070710003376], [-0.45463594794273376, -0.2334708273410797], [-0.5351163148880005, -0.07248113304376602], [-0.5342861413955688, 0.07159866392612457], [-0.4029947817325592, 0.25695541501045227]]",False
early_neutral,3,500,0.8333888703765412,0,[0],"[[-0.8718419671058655, 0.03037254698574543], [-0.46106818318367004, -0.2333821952342987], [-0.5311895608901978, -0.07236163318157196], [-0.5404356122016907, 0.07282939553260803], [-0.4003419280052185, 0.2629225254058838]]",False
early_neutral,3,501,0.8330556481172943,0,[0],"[[-0.8660019040107727, 0.03727240487933159], [-0.4674786329269409, -0.233176127076149], [-0.5259925723075867, -0.07175575196743011], [-0.5465535521507263, 0.07412488013505936], [-0.39744046330451965, 0.26944029331207275]]",False
early_neutral,3,502,0.8327224258580473,0,[0],"[[-0.8600276112556458, 0.04449505731463432], [-0.4737536609172821, -0.2327931970357895], [-0.519492506980896, -0.07080726325511932], [-0.552636444568634, 0.07548846304416656], [-0.3944908380508423, 0.2760624885559082]]",False
early_neutral,3,503,0.8323892035988004,0,[0],"[[-0.8539880514144897, 0.051980242133140564], [-0.4801255464553833, -0.23221616446971893], [-0.5117776989936829, -0.06957369297742844], [-0.5586164593696594, 0.07703131437301636], [-0.3917328119277954, 0.28225329518318176]]",False
early_neutral,3,504,0.8320559813395535,0,[0],"[[-0.8478549122810364, 0.05965099856257439], [-0.48617029190063477, -0.23118452727794647], [-0.5030513405799866, -0.0680803582072258], [-0.5644509792327881, 0.07879447937011719], [-0.3891233205795288, 0.2881096303462982]]",False
early_neutral,3,505,0.8317227590803066,0,[0],"[[-0.8416538238525391, 0.06746383756399155], [-0.4911381006240845, -0.2288336455821991], [-0.49349668622016907, -0.06638646125793457], [-0.5700058937072754, 0.08079661428928375], [-0.3863741457462311, 0.2942792773246765]]",False
early_neutral,3,506,0.8313895368210596,0,[0],"[[-0.835403323173523, 0.07538467645645142], [-0.49604225158691406, -0.22613707184791565], [-0.4832710027694702, -0.06452036648988724], [-0.5750311613082886, 0.08304505795240402], [-0.38340118527412415, 0.30095091462135315]]",False
early_neutral,3,507,0.8310563145618127,0,[0],"[[-0.8291215896606445, 0.08338887989521027], [-0.49844491481781006, -0.22269678115844727], [-0.4728013277053833, -0.06254240870475769], [-0.5799568891525269, 0.08573585748672485], [-0.3803773820400238, 0.3077366352081299]]",False
early_neutral,3,508,0.8307230923025658,0,[0],"[[-0.8228225111961365, 0.09145781397819519], [-0.4980967044830322, -0.21862347424030304], [-0.46173837780952454, -0.06038820371031761], [-0.5836867690086365, 0.08868639916181564], [-0.37729811668395996, 0.3146468698978424]]",False
early_neutral,3,509,0.8303898700433189,0,[0],"[[-0.8165193200111389, 0.0995781347155571], [-0.4957280457019806, -0.21499909460544586], [-0.4501321315765381, -0.058074984699487686], [-0.5829859972000122, 0.09168197959661484], [-0.374306321144104, 0.321360319852829]]",False
early_neutral,3,510,0.830056647784072,0,[0],"[[-0.8102214932441711, 0.10773954540491104], [-0.4910416007041931, -0.21237540245056152], [-0.4380975067615509, -0.055583029985427856], [-0.5800728797912598, 0.09513675421476364], [-0.37147200107574463, 0.327720582485199]]",False
early_neutral,3,511,0.829723425524825,0,[0],"[[-0.8039466738700867, 0.11593780666589737], [-0.48560118675231934, -0.21014681458473206], [-0.42573896050453186, -0.05293317511677742], [-0.5755603909492493, 0.09784886986017227], [-0.36883267760276794, 0.3336435854434967]]",False
early_neutral,3,512,0.8293902032655781,0,[0],"[[-0.7977043390274048, 0.12416847795248032], [-0.48010703921318054, -0.2080957293510437], [-0.41315022110939026, -0.05012456700205803], [-0.570408046245575, 0.10027599334716797], [-0.36707833409309387, 0.33808907866477966]]",False
early_neutral,3,513,0.8290569810063312,0,[0],"[[-0.7916489839553833, 0.1322418749332428], [-0.474431574344635, -0.20617978274822235], [-0.4004040062427521, -0.047160934656858444], [-0.5649294853210449, 0.10304377973079681], [-0.36578303575515747, 0.34155628085136414]]",False
early_neutral,3,514,0.8287237587470843,0,[0],"[[-0.7857071161270142, 0.14028291404247284], [-0.4686027467250824, -0.20440809428691864], [-0.3875584006309509, -0.044044867157936096], [-0.5582910180091858, 0.10620802640914917], [-0.3641609847545624, 0.34544122219085693]]",False
early_neutral,3,515,0.8283905364878373,0,[0],"[[-0.7799624800682068, 0.14816224575042725], [-0.46274733543395996, -0.2027207762002945], [-0.37466391921043396, -0.04077043756842613], [-0.5507815480232239, 0.10959036648273468], [-0.36221563816070557, 0.34980684518814087]]",False
early_neutral,3,516,0.8280573142285905,0,[0],"[[-0.775649905204773, 0.15409135818481445], [-0.4569219946861267, -0.20107750594615936], [-0.3617701530456543, -0.03731939569115639], [-0.5431963205337524, 0.11296793818473816], [-0.36027032136917114, 0.3541724979877472]]",False
early_neutral,3,517,0.8277240919693436,0,[0],"[[-0.7737266421318054, 0.15673547983169556], [-0.45099928975105286, -0.19944217801094055], [-0.3489321172237396, -0.03365618363022804], [-0.5356049537658691, 0.11633969843387604], [-0.3582940399646759, 0.35893604159355164]]",False
early_neutral,3,518,0.8273908697100967,0,[0],"[[-0.7745103240013123, 0.1558176577091217], [-0.4450915455818176, -0.19779647886753082], [-0.33617693185806274, -0.029782868921756744], [-0.5280491709709167, 0.11974508315324783], [-0.35629990696907043, 0.36445361375808716]]",False
early_neutral,3,519,0.8270576474508498,0,[0],"[[-0.7767965793609619, 0.15360406041145325], [-0.43932077288627625, -0.19611473381519318], [-0.3235403597354889, -0.025684451684355736], [-0.5205642580986023, 0.12321607023477554], [-0.3546409010887146, 0.3691263496875763]]",True
early_neutral,3,520,0.8267244251916028,0,[0],"[[-0.7802378535270691, 0.15079589188098907], [-0.43349307775497437, -0.19434083998203278], [-0.3110434412956238, -0.021362818777561188], [-0.5131434202194214, 0.12674488127231598], [-0.3536417484283447, 0.3720000982284546]]",True
early_neutral,3,521,0.8263912029323559,0,[0],"[[-0.7842166423797607, 0.14722777903079987], [-0.427340030670166, -0.19240698218345642], [-0.29871228337287903, -0.016811225563287735], [-0.5054047107696533, 0.13047602772712708], [-0.35336819291114807, 0.37278884649276733]]",True
early_neutral,3,522,0.826057980673109,0,[0],"[[-0.7883607745170593, 0.14304649829864502], [-0.420021653175354, -0.19009391963481903], [-0.28656819462776184, -0.012027997523546219], [-0.49701350927352905, 0.1345735490322113], [-0.35336819291114807, 0.37278884649276733]]",True
early_neutral,3,523,0.8257247584138621,0,[0],"[[-0.7924821972846985, 0.1383325159549713], [-0.4118334949016571, -0.18749724328517914], [-0.27465179562568665, -0.006991886999458075], [-0.48854124546051025, 0.13890357315540314], [-0.35336819291114807, 0.37278884649276733]]",True
early_neutral,3,524,0.8253915361546151,0,[0],"[[-0.796433687210083, 0.133351668715477], [-0.4035516083240509, -0.18490353226661682], [-0.2630460858345032, -0.0016455331351608038], [-0.4797919988632202, 0.14362770318984985], [-0.3525341749191284, 0.37432247400283813]]",True
early_neutral,3,525,0.8250583138953682,0,[0],"[[-0.8001546859741211, 0.12829625606536865], [-0.39524319767951965, -0.182345911860466], [-0.25179389119148254, 0.004019618965685368], [-0.47074654698371887, 0.14874641597270966], [-0.35072851181030273, 0.3747742772102356]]",True
early_neutral,3,526,0.8247250916361213,0,[0],"[[-0.803132176399231, 0.12374388426542282], [-0.3868885934352875, -0.17985312640666962], [-0.24115386605262756, 0.01016938779503107], [-0.46169963479042053, 0.15438048541545868], [-0.34741249680519104, 0.37603050470352173]]",True
early_neutral,3,527,0.8243918693768744,0,[0],"[[-0.8022617697715759, 0.12147457152605057], [-0.378464937210083, -0.1774606555700302], [-0.2312491536140442, 0.016823027282953262], [-0.4528353214263916, 0.16051793098449707], [-0.3431395888328552, 0.37779244780540466]]",True
early_neutral,3,528,0.8240586471176274,0,[0],"[[-0.7986158728599548, 0.12030749768018723], [-0.36997732520103455, -0.17516592144966125], [-0.22243791818618774, 0.023974820971488953], [-0.4439331591129303, 0.16692127287387848], [-0.33869683742523193, 0.3806220293045044]]",True
early_neutral,3,529,0.8237254248583805,0,[0],"[[-0.7952802777290344, 0.12030137330293655], [-0.36143866181373596, -0.17295275628566742], [-0.21721170842647552, 0.03168094530701637], [-0.4350210726261139, 0.17353689670562744], [-0.33158376812934875, 0.3824307918548584]]",True
early_neutral,3,530,0.8233922025991336,0,[0],"[[-0.7918595671653748, 0.12068018317222595], [-0.35285255312919617, -0.1708187758922577], [-0.2144518792629242, 0.03944743052124977], [-0.4260752201080322, 0.18029846251010895], [-0.3232501447200775, 0.3833170235157013]]",True
early_neutral,3,531,0.8230589803398867,0,[0],"[[-0.7877127528190613, 0.12109676748514175], [-0.3442413806915283, -0.16872787475585938], [-0.2142377644777298, 0.04541631415486336], [-0.4170864522457123, 0.18716099858283997], [-0.31400778889656067, 0.384063184261322]]",True
early_neutral,3,532,0.8227257580806397,0,[0],"[[-0.7820884585380554, 0.12154044210910797], [-0.33561742305755615, -0.16665934026241302], [-0.21840545535087585, 0.05034974217414856], [-0.40807366371154785, 0.19410471618175507], [-0.30461588501930237, 0.3848622441291809]]",True
early_neutral,3,533,0.8223925358213928,0,[0],"[[-0.7768011093139648, 0.12185719609260559], [-0.3269824981689453, -0.16461029648780823], [-0.223775714635849, 0.055203165858983994], [-0.399048775434494, 0.20111307501792908], [-0.29517504572868347, 0.38633009791374207]]",True
early_neutral,3,534,0.8220593135621459,0,[0],"[[-0.7740537524223328, 0.12187063694000244], [-0.318340539932251, -0.16257378458976746], [-0.22939251363277435, 0.05993695184588432], [-0.3900253176689148, 0.2081758975982666], [-0.2864401042461395, 0.3874933421611786]]",True
early_neutral,3,535,0.8217260913028991,0,[0],"[[-0.7717099189758301, 0.12176534533500671], [-0.30969175696372986, -0.16054964065551758], [-0.23431412875652313, 0.06399314105510712], [-0.3810267448425293, 0.21529240906238556], [-0.2774847745895386, 0.3877159357070923]]",True
early_neutral,3,536,0.8213928690436522,0,[0],"[[-0.7675214409828186, 0.12161091715097427], [-0.3010352849960327, -0.15853944420814514], [-0.2378683090209961, 0.06748169660568237], [-0.37206631898880005, 0.222459614276886], [-0.26817429065704346, 0.3877805769443512]]",True
early_neutral,3,537,0.8210596467844052,0,[0],"[[-0.7625128030776978, 0.12150633335113525], [-0.29237091541290283, -0.15654367208480835], [-0.24097369611263275, 0.07114650309085846], [-0.3631504774093628, 0.22967299818992615], [-0.2602008879184723, 0.38780659437179565]]",True
early_neutral,3,538,0.8207264245251583,0,[0],"[[-0.7597259879112244, 0.12142664194107056], [-0.28369513154029846, -0.15456904470920563], [-0.24333582818508148, 0.07503705471754074], [-0.35428404808044434, 0.23692916333675385], [-0.2530776560306549, 0.3880266845226288]]",True
early_neutral,3,539,0.8203932022659114,0,[0],"[[-0.7592277526855469, 0.12140513956546783], [-0.2750036418437958, -0.15262392163276672], [-0.24483484029769897, 0.07910491526126862], [-0.34546586871147156, 0.2442229688167572], [-0.2463371902704239, 0.3891518712043762]]",False
early_neutral,3,540,0.8200599800066645,0,[0],"[[-0.759486734867096, 0.12026707082986832], [-0.26629582047462463, -0.15070994198322296], [-0.2459324300289154, 0.08363235741853714], [-0.3376299738883972, 0.2505410611629486], [-0.23997488617897034, 0.39016294479370117]]",False
early_neutral,3,541,0.8197267577474175,0,[0],"[[-0.760398268699646, 0.11765467375516891], [-0.2572236955165863, -0.14876076579093933], [-0.2472020983695984, 0.08898302167654037], [-0.33172276616096497, 0.2540678381919861], [-0.23397216200828552, 0.39099541306495667]]",False
early_neutral,3,542,0.8193935354881706,0,[0],"[[-0.7620974183082581, 0.11423870921134949], [-0.24727536737918854, -0.14666862785816193], [-0.24866677820682526, 0.09492594748735428], [-0.3258657157421112, 0.2547898590564728], [-0.23040692508220673, 0.39135047793388367]]",False
early_neutral,3,543,0.8190603132289237,0,[0],"[[-0.7644466757774353, 0.1102113276720047], [-0.23698456585407257, -0.14456377923488617], [-0.2506324052810669, 0.10114685446023941], [-0.3197879195213318, 0.25520944595336914], [-0.22992286086082458, 0.3913510739803314]]",False
early_neutral,3,544,0.8187270909696768,0,[0],"[[-0.7674198746681213, 0.10568524897098541], [-0.22612302005290985, -0.14241273701190948], [-0.25326859951019287, 0.10782965272665024], [-0.3139902949333191, 0.2555115818977356], [-0.23126433789730072, 0.3907095491886139]]",False
early_neutral,3,545,0.8183938687104299,0,[0],"[[-0.7709184885025024, 0.10091424733400345], [-0.21582193672657013, -0.14041973650455475], [-0.25655466318130493, 0.11451686918735504], [-0.310898095369339, 0.2558403015136719], [-0.2344943732023239, 0.3891666531562805]]",False
early_neutral,3,546,0.8180606464511829,0,[0],"[[-0.7750533819198608, 0.0956718921661377], [-0.20699146389961243, -0.13874849677085876], [-0.26065298914909363, 0.12136755138635635], [-0.307277113199234, 0.2562534809112549], [-0.23886537551879883, 0.3870188891887665]]",False
early_neutral,3,547,0.817727424191936,0,[0],"[[-0.7796618938446045, 0.08995329588651657], [-0.19841572642326355, -0.13715435564517975], [-0.2651943862438202, 0.1276831477880478], [-0.3051582872867584, 0.2566510736942291], [-0.2438667267560959, 0.3839308023452759]]",False
early_neutral,3,548,0.8173942019326891,0,[0],"[[-0.7846874594688416, 0.08380944281816483], [-0.19211964309215546, -0.13595734536647797], [-0.2702786326408386, 0.1326596885919571], [-0.30419352650642395, 0.25697624683380127], [-0.24881096184253693, 0.37968918681144714]]",True
early_neutral,3,549,0.8170609796734422,0,[0],"[[-0.7898685336112976, 0.07748756557703018], [-0.18596132099628448, -0.13474537432193756], [-0.2761782705783844, 0.13701128959655762], [-0.30363038182258606, 0.2569924294948578], [-0.25378626585006714, 0.37457799911499023]]",True
early_neutral,3,550,0.8167277574141952,0,[0],"[[-0.79534912109375, 0.0707981139421463], [-0.1822700947523117, -0.13400843739509583], [-0.28180307149887085, 0.13909085094928741], [-0.30363038182258606, 0.2569924294948578], [-0.2590092718601227, 0.36885014176368713]]",True
early_neutral,3,551,0.8163945351549483,0,[0],"[[-0.7999591827392578, 0.06481602042913437], [-0.1822269707918167, -0.13399985432624817], [-0.2881803810596466, 0.13958707451820374], [-0.3028089106082916, 0.2577701210975647], [-0.263851523399353, 0.36321428418159485]]",True
early_neutral,3,552,0.8160613128957014,0,[0],"[[-0.8022370934486389, 0.06146407499909401], [-0.1822269707918167, -0.13399985432624817], [-0.293876588344574, 0.13887134194374084], [-0.29926928877830505, 0.25814858078956604], [-0.2681708037853241, 0.3579351007938385]]",True
early_neutral,3,553,0.8157280906364545,0,[0],"[[-0.8035407066345215, 0.058976080268621445], [-0.1822269707918167, -0.13399985432624817], [-0.295175164937973, 0.13856622576713562], [-0.2943059504032135, 0.2581470310688019], [-0.2722150385379791, 0.35276246070861816]]",True
early_neutral,3,554,0.8153948683772076,0,[0],"[[-0.8045595288276672, 0.05653375759720802], [-0.1822269707918167, -0.13399985432624817], [-0.295175164937973, 0.13856622576713562], [-0.28799721598625183, 0.25841644406318665], [-0.2749665081501007, 0.34888797998428345]]",True
early_neutral,3,555,0.8150616461179607,0,[0],"[[-0.8051239252090454, 0.05476876720786095], [-0.1822269707918167, -0.13399985432624817], [-0.295175164937973, 0.13856622576713562], [-0.27992871403694153, 0.2591271996498108], [-0.27740317583084106, 0.3450136184692383]]",True
early_neutral,3,556,0.8147284238587138,0,[0],"[[-0.805353045463562, 0.05372168496251106], [-0.1822269707918167, -0.13399985432624817], [-0.295175164937973, 0.13856622576713562], [-0.2711268961429596, 0.2591216564178467], [-0.2788904905319214, 0.3426511883735657]]",True
early_neutral,3,557,0.8143952015994669,0,[0],"[[-0.8038552403450012, 0.05417221039533615], [-0.1822269707918167, -0.13399985432624817], [-0.29469236731529236, 0.13814276456832886], [-0.26180174946784973, 0.25908851623535156], [-0.2792205512523651, 0.342272013425827]]",True
early_neutral,3,558,0.81406197934022,0,[0],"[[-0.800543487071991, 0.05586404725909233], [-0.1822269707918167, -0.13399985432624817], [-0.2927761971950531, 0.13611528277397156], [-0.2524588406085968, 0.2589832544326782], [-0.2792205512523651, 0.342272013425827]]",True
early_neutral,3,559,0.813728757080973,0,[0],"[[-0.7959573864936829, 0.058140698820352554], [-0.1822269707918167, -0.13399985432624817], [-0.2906792163848877, 0.13315719366073608], [-0.24344396591186523, 0.2588236629962921], [-0.2792205512523651, 0.342272013425827]]",True
early_neutral,3,560,0.8133955348217261,0,[0],"[[-0.7901911735534668, 0.060966797173023224], [-0.1822269707918167, -0.13399985432624817], [-0.2867070436477661, 0.13037289679050446], [-0.2346840500831604, 0.25871434807777405], [-0.2792038321495056, 0.34223034977912903]]",True
early_neutral,3,561,0.8130623125624792,0,[0],"[[-0.7833710312843323, 0.06428157538175583], [-0.1822269707918167, -0.13399985432624817], [-0.2814444303512573, 0.12816005945205688], [-0.22549308836460114, 0.25867822766304016], [-0.2782384157180786, 0.3402561545372009]]",True
early_neutral,3,562,0.8127290903032323,0,[0],"[[-0.7756695747375488, 0.06779047846794128], [-0.18052929639816284, -0.13389500975608826], [-0.2758590877056122, 0.12608903646469116], [-0.21979689598083496, 0.2594718039035797], [-0.2762993276119232, 0.3372405171394348]]",True
early_neutral,3,563,0.8123958680439853,0,[0],"[[-0.7669735550880432, 0.0712941512465477], [-0.17698374390602112, -0.13365936279296875], [-0.2699928879737854, 0.12437383830547333], [-0.2152823805809021, 0.25969064235687256], [-0.2733612656593323, 0.33362287282943726]]",True
early_neutral,3,564,0.8120626457847384,0,[0],"[[-0.7579438090324402, 0.07453425973653793], [-0.17197273671627045, -0.13330622017383575], [-0.2639041841030121, 0.12302420288324356], [-0.21334189176559448, 0.2596885561943054], [-0.2703207731246948, 0.33017417788505554]]",True
early_neutral,3,565,0.8117294235254915,0,[0],"[[-0.7527040839195251, 0.07637730985879898], [-0.16603787243366241, -0.13292965292930603], [-0.25784018635749817, 0.12178266048431396], [-0.21334189176559448, 0.2596885561943054], [-0.2694867253303528, 0.3292429447174072]]",True
early_neutral,3,566,0.8113962012662446,0,[0],"[[-0.752088725566864, 0.07661307603120804], [-0.15971529483795166, -0.13259418308734894], [-0.2517751157283783, 0.12055493891239166], [-0.2137511819601059, 0.2600459158420563], [-0.2694867253303528, 0.3292429447174072]]",True
early_neutral,3,567,0.8110629790069976,0,[0],"[[-0.7535192966461182, 0.07820256799459457], [-0.15334823727607727, -0.13232076168060303], [-0.24562802910804749, 0.1193191334605217], [-0.21277357637882233, 0.2619396150112152], [-0.2694867253303528, 0.3292429447174072]]",True
early_neutral,3,568,0.8107297567477507,0,[0],"[[-0.7561119198799133, 0.08065170794725418], [-0.15068073570728302, -0.1322149932384491], [-0.23965010046958923, 0.11777830123901367], [-0.21249353885650635, 0.2649177014827728], [-0.2694867253303528, 0.3292429447174072]]",True
early_neutral,3,569,0.8103965344885038,0,[0],"[[-0.7593964338302612, 0.0835840180516243], [-0.15068073570728302, -0.1322149932384491], [-0.23400762677192688, 0.11577212810516357], [-0.21295665204524994, 0.2687718868255615], [-0.2694867253303528, 0.3292429447174072]]",True
early_neutral,3,570,0.8100633122292569,0,[0],"[[-0.7626318335533142, 0.08719898015260696], [-0.15068073570728302, -0.1322149932384491], [-0.22882141172885895, 0.1133011057972908], [-0.21353264153003693, 0.27238211035728455], [-0.2694867253303528, 0.3292429447174072]]",True
early_neutral,3,571,0.80973008997001,0,[0],"[[-0.7651702165603638, 0.09081709384918213], [-0.15068073570728302, -0.1322149932384491], [-0.2242799699306488, 0.11034142225980759], [-0.21352311968803406, 0.2745736241340637], [-0.2694867253303528, 0.3292429447174072]]",True
early_neutral,3,572,0.809396867710763,0,[0],"[[-0.7659916877746582, 0.09204328805208206], [-0.15068073570728302, -0.1322149932384491], [-0.22040535509586334, 0.10700124502182007], [-0.21352225542068481, 0.2747741937637329], [-0.2694867253303528, 0.3292429447174072]]",True
early_neutral,3,573,0.8090636454515162,0,[0],"[[-0.7661154866218567, 0.0922180563211441], [-0.15068073570728302, -0.1322149932384491], [-0.2161850929260254, 0.10384497791528702], [-0.21359087526798248, 0.27509379386901855], [-0.2694867253303528, 0.3292429447174072]]",True
early_neutral,3,574,0.8087304231922693,0,[0],"[[-0.7661163210868835, 0.09221923351287842], [-0.15068073570728302, -0.1322149932384491], [-0.211375430226326, 0.10106861591339111], [-0.21366648375988007, 0.27544599771499634], [-0.2694867253303528, 0.3292429447174072]]",True
early_neutral,3,575,0.8083972009330224,0,[0],"[[-0.7661163210868835, 0.09221923351287842], [-0.15068073570728302, -0.1322149932384491], [-0.206017404794693, 0.09875836968421936], [-0.21510016918182373, 0.274702787399292], [-0.2694867253303528, 0.3292429447174072]]",True
early_neutral,3,576,0.8080639786737754,0,[0],"[[-0.7661163210868835, 0.09221923351287842], [-0.15068073570728302, -0.1322149932384491], [-0.20017753541469574, 0.0970112532377243], [-0.21605296432971954, 0.27327755093574524], [-0.2694867253303528, 0.3292429447174072]]",True
early_neutral,3,577,0.8077307564145285,0,[0],"[[-0.7661163210868835, 0.09221923351287842], [-0.15068073570728302, -0.1322149932384491], [-0.1948220282793045, 0.09593168646097183], [-0.2158183753490448, 0.27136126160621643], [-0.2694867253303528, 0.3292429447174072]]",True
early_neutral,3,578,0.8073975341552816,0,[0],"[[-0.7661253809928894, 0.09219953417778015], [-0.15068073570728302, -0.1322149932384491], [-0.19398348033428192, 0.09577634930610657], [-0.21565495431423187, 0.2694021761417389], [-0.2694867253303528, 0.3292429447174072]]",True
early_neutral,3,579,0.8070643118960347,0,[0],"[[-0.7667409777641296, 0.09040746092796326], [-0.15065611898899078, -0.13222788274288177], [-0.19398348033428192, 0.09577634930610657], [-0.21554434299468994, 0.26706117391586304], [-0.2694867253303528, 0.3292429447174072]]",True
early_neutral,3,580,0.8067310896367877,0,[0],"[[-0.7672702670097351, 0.08747557550668716], [-0.14841116964817047, -0.13333892822265625], [-0.19398348033428192, 0.09577634930610657], [-0.21557359397411346, 0.26497071981430054], [-0.2694867253303528, 0.3292429447174072]]",True
early_neutral,3,581,0.8063978673775408,0,[0],"[[-0.7673841118812561, 0.08414718508720398], [-0.1447046548128128, -0.1350240409374237], [-0.19398348033428192, 0.09577634930610657], [-0.21570652723312378, 0.26352983713150024], [-0.2694867253303528, 0.3292429447174072]]",True
early_neutral,3,582,0.8060646451182939,0,[0],"[[-0.7673205137252808, 0.08091205358505249], [-0.1414656788110733, -0.1363992989063263], [-0.19306296110153198, 0.09649451076984406], [-0.2156990021467209, 0.25872936844825745], [-0.2694867253303528, 0.3292429447174072]]",True
early_neutral,3,583,0.805731422859047,0,[0],"[[-0.767105758190155, 0.0776137039065361], [-0.14140431582927704, -0.13642531633377075], [-0.19052726030349731, 0.09852389991283417], [-0.2155720442533493, 0.2528981566429138], [-0.26825767755508423, 0.3278788924217224]]",True
early_neutral,3,584,0.8053982005998,0,[0],"[[-0.7668212652206421, 0.07358262687921524], [-0.14140431582927704, -0.13642531633377075], [-0.18733106553554535, 0.10136786848306656], [-0.21551774442195892, 0.24680881202220917], [-0.26553207635879517, 0.3253737688064575]]",True
early_neutral,3,585,0.8050649783405531,0,[0],"[[-0.7665491700172424, 0.06939976662397385], [-0.14140431582927704, -0.13642531633377075], [-0.1868293285369873, 0.10520955920219421], [-0.21539925038814545, 0.24072089791297913], [-0.26149657368659973, 0.32237401604652405]]",True
early_neutral,3,586,0.8047317560813062,0,[0],"[[-0.766318678855896, 0.0654163584113121], [-0.14140431582927704, -0.13642531633377075], [-0.18855662643909454, 0.10916910320520401], [-0.21510693430900574, 0.2344752550125122], [-0.25714847445487976, 0.3192881941795349]]",True
early_neutral,3,587,0.8043985338220593,0,[0],"[[-0.7661247849464417, 0.0614544078707695], [-0.13968099653720856, -0.13722312450408936], [-0.19109994173049927, 0.11246271431446075], [-0.21510690450668335, 0.22849439084529877], [-0.25279051065444946, 0.3162083029747009]]",True
early_neutral,3,588,0.8040653115628124,0,[0],"[[-0.7659816145896912, 0.05796724930405617], [-0.13609391450881958, -0.13869792222976685], [-0.19438257813453674, 0.11346346139907837], [-0.21522873640060425, 0.2222970575094223], [-0.24852798879146576, 0.3130728304386139]]",True
early_neutral,3,589,0.8037320893035654,0,[0],"[[-0.7658872604370117, 0.055309515446424484], [-0.13212093710899353, -0.1401386260986328], [-0.19866736233234406, 0.11220309138298035], [-0.21538300812244415, 0.21646429598331451], [-0.24449554085731506, 0.3098110854625702]]",True
early_neutral,3,590,0.8033988670443185,0,[0],"[[-0.7658053636550903, 0.052641402930021286], [-0.13176462054252625, -0.14026615023612976], [-0.20188947021961212, 0.10889478772878647], [-0.215506911277771, 0.21197709441184998], [-0.24072831869125366, 0.30641818046569824]]",False
early_neutral,3,591,0.8030656447850717,0,[0],"[[-0.7657288312911987, 0.04932992160320282], [-0.13173329830169678, -0.14026348292827606], [-0.20503877103328705, 0.10643142461776733], [-0.215506911277771, 0.20824827253818512], [-0.23737213015556335, 0.30284759402275085]]",False
early_neutral,3,592,0.8027324225258248,0,[0],"[[-0.7656835317611694, 0.04506215080618858], [-0.12891097366809845, -0.14018942415714264], [-0.21028946340084076, 0.1061319038271904], [-0.215506911277771, 0.20438680052757263], [-0.23448523879051208, 0.29914578795433044]]",False
early_neutral,3,593,0.8023992002665779,0,[0],"[[-0.765683114528656, 0.04007000848650932], [-0.12437364459037781, -0.14046096801757812], [-0.2144893854856491, 0.10613396018743515], [-0.215506911277771, 0.20082013309001923], [-0.23237144947052002, 0.2958711087703705]]",False
early_neutral,3,594,0.8020659780073309,0,[0],"[[-0.7656995058059692, 0.03440232574939728], [-0.1205202117562294, -0.14097625017166138], [-0.2133951187133789, 0.10613138228654861], [-0.21531960368156433, 0.1968655288219452], [-0.23238687217235565, 0.2936836779117584]]",False
early_neutral,3,595,0.801732755748084,0,[0],"[[-0.7657320499420166, 0.028351787477731705], [-0.12043400853872299, -0.14098860323429108], [-0.21227338910102844, 0.10639669746160507], [-0.21473225951194763, 0.19269701838493347], [-0.23565097153186798, 0.29187431931495667]]",False
early_neutral,3,596,0.8013995334888371,0,[0],"[[-0.7657716274261475, 0.021797407418489456], [-0.12043400853872299, -0.14098860323429108], [-0.2117684781551361, 0.10656005144119263], [-0.21389079093933105, 0.18881264328956604], [-0.24127258360385895, 0.2909432351589203]]",True
early_neutral,3,597,0.8010663112295902,0,[0],"[[-0.7658154964447021, 0.014712853357195854], [-0.12043400853872299, -0.14098860323429108], [-0.2117684781551361, 0.10656005144119263], [-0.21259500086307526, 0.1847541332244873], [-0.24817736446857452, 0.2895801365375519]]",True
early_neutral,3,598,0.8007330889703432,0,[0],"[[-0.7658534049987793, 0.008608396165072918], [-0.12043400853872299, -0.14098860323429108], [-0.2117300182580948, 0.10654139518737793], [-0.21081289649009705, 0.1807323694229126], [-0.25605764985084534, 0.2875279188156128]]",True
early_neutral,3,599,0.8003998667110963,0,[0],"[[-0.7658693790435791, 0.006031394004821777], [-0.11982851475477219, -0.14230522513389587], [-0.21108786761760712, 0.10638323426246643], [-0.2094525843858719, 0.17805273830890656], [-0.26326611638069153, 0.28418201208114624]]",True
early_neutral,3,600,0.8000666444518494,0,[0],"[[-0.7658518552780151, 0.006293793674558401], [-0.11855529248714447, -0.14491818845272064], [-0.21045348048210144, 0.10617994517087936], [-0.2093556672334671, 0.17786048352718353], [-0.2693207561969757, 0.2798539102077484]]",True
early_neutral,3,601,0.7997334221926025,0,[0],"[[-0.7658045291900635, 0.008383206091821194], [-0.11712952703237534, -0.14768768846988678], [-0.21003542840480804, 0.10573865473270416], [-0.2093556672334671, 0.17786048352718353], [-0.2746014893054962, 0.27599358558654785]]",True
early_neutral,3,602,0.7994001999333555,0,[0],"[[-0.7658465504646301, 0.01138230413198471], [-0.11700773239135742, -0.14792318642139435], [-0.20949390530586243, 0.1053597703576088], [-0.2100675106048584, 0.1783898025751114], [-0.27846968173980713, 0.27264952659606934]]",False
early_neutral,3,603,0.7990669776741086,0,[0],"[[-0.7662032842636108, 0.015337270684540272], [-0.11700773239135742, -0.14792318642139435], [-0.20882129669189453, 0.10502274334430695], [-0.21257303655147552, 0.18026544153690338], [-0.281998872756958, 0.2690845727920532]]",False
early_neutral,3,604,0.7987337554148617,0,[0],"[[-0.7674575448036194, 0.020155003294348717], [-0.11700773239135742, -0.14792318642139435], [-0.20814868807792664, 0.10468573123216629], [-0.21581409871578217, 0.1827133744955063], [-0.2860567569732666, 0.26528671383857727]]",False
early_neutral,3,605,0.7984005331556148,0,[0],"[[-0.7698030471801758, 0.02564682625234127], [-0.11700773239135742, -0.14792318642139435], [-0.20757697522640228, 0.10439926385879517], [-0.21704114973545074, 0.18365661799907684], [-0.2900780439376831, 0.2617276608943939]]",False
early_neutral,3,606,0.7980673108963678,0,[0],"[[-0.7724281549453735, 0.031781718134880066], [-0.11700773239135742, -0.14792318642139435], [-0.2074272185564041, 0.10325897485017776], [-0.2170489877462387, 0.18366274237632751], [-0.29382529854774475, 0.25816911458969116]]",False
early_neutral,3,607,0.7977340886371209,0,[0],"[[-0.7751307487487793, 0.03847888484597206], [-0.11700773239135742, -0.14792318642139435], [-0.2071615308523178, 0.10066285729408264], [-0.2170489877462387, 0.18366274237632751], [-0.29542550444602966, 0.25545012950897217]]",False
early_neutral,3,608,0.797400866377874,0,[0],"[[-0.7778036594390869, 0.04536125063896179], [-0.11700773239135742, -0.14792318642139435], [-0.20666497945785522, 0.09717278182506561], [-0.2170489877462387, 0.18366274237632751], [-0.29634350538253784, 0.25408217310905457]]",False
early_neutral,3,609,0.7970676441186271,0,[0],"[[-0.780555248260498, 0.052603159099817276], [-0.11700773239135742, -0.14792318642139435], [-0.20588189363479614, 0.0929211974143982], [-0.2170489877462387, 0.18366274237632751], [-0.29725444316864014, 0.2529641091823578]]",False
early_neutral,3,610,0.7967344218593803,0,[0],"[[-0.7834092378616333, 0.06022462993860245], [-0.11700773239135742, -0.14792318642139435], [-0.20478555560112, 0.08805843442678452], [-0.2170489877462387, 0.18366274237632751], [-0.29819363355636597, 0.25177815556526184]]",False
early_neutral,3,611,0.7964011996001333,0,[0],"[[-0.7863627672195435, 0.06817137449979782], [-0.11864548176527023, -0.1482323855161667], [-0.2047913521528244, 0.08416392654180527], [-0.21644684672355652, 0.18236571550369263], [-0.3004336357116699, 0.2483835369348526]]",False
early_neutral,3,612,0.7960679773408864,0,[0],"[[-0.7893191576004028, 0.0763106718659401], [-0.12207769602537155, -0.14885689318180084], [-0.2084420770406723, 0.08214414119720459], [-0.2152288854122162, 0.17972980439662933], [-0.3027741014957428, 0.2448367327451706]]",False
early_neutral,3,613,0.7957347550816395,0,[0],"[[-0.7912375926971436, 0.08277510851621628], [-0.1265169084072113, -0.14963538944721222], [-0.21262000501155853, 0.08071009814739227], [-0.21364937722682953, 0.1762402355670929], [-0.30496251583099365, 0.24152033030986786]]",False
early_neutral,3,614,0.7954015328223926,0,[0],"[[-0.7918664813041687, 0.08575363457202911], [-0.12730485200881958, -0.1497722864151001], [-0.2116178274154663, 0.07851219922304153], [-0.21194332838058472, 0.17207303643226624], [-0.30724412202835083, 0.2383652776479721]]",False
early_neutral,3,615,0.7950683105631456,0,[0],"[[-0.7908128499984741, 0.08495733886957169], [-0.12730485200881958, -0.1497722864151001], [-0.20904846489429474, 0.07625488936901093], [-0.21020746231079102, 0.16728748381137848], [-0.3100850284099579, 0.23671896755695343]]",False
early_neutral,3,616,0.7947350883038987,0,[0],"[[-0.7887694835662842, 0.08259271830320358], [-0.12730485200881958, -0.1497722864151001], [-0.20667801797389984, 0.07482197135686874], [-0.2087821513414383, 0.16274842619895935], [-0.31462880969047546, 0.23675887286663055]]",False
early_neutral,3,617,0.7944018660446518,0,[0],"[[-0.7864812016487122, 0.07921626418828964], [-0.12730485200881958, -0.1497722864151001], [-0.20528961718082428, 0.07449532300233841], [-0.20778390765190125, 0.15861287713050842], [-0.31797105073928833, 0.23744158446788788]]",False
early_neutral,3,618,0.7940686437854049,0,[0],"[[-0.7837129831314087, 0.07494251430034637], [-0.12730485200881958, -0.1497722864151001], [-0.20498454570770264, 0.07448245584964752], [-0.20708131790161133, 0.15455645322799683], [-0.31834888458251953, 0.23753474652767181]]",False
early_neutral,3,619,0.793735421526158,0,[0],"[[-0.780494749546051, 0.06987062096595764], [-0.12730485200881958, -0.1497722864151001], [-0.20469598472118378, 0.07456495612859726], [-0.2068747878074646, 0.15317277610301971], [-0.31834888458251953, 0.23753474652767181]]",False
early_neutral,3,620,0.793402199266911,0,[0],"[[-0.7773243188858032, 0.06402987986803055], [-0.12732161581516266, -0.1497897207736969], [-0.20452937483787537, 0.07461713999509811], [-0.2068747878074646, 0.15317277610301971], [-0.31834888458251953, 0.23753474652767181]]",False
early_neutral,3,621,0.7930689770076641,0,[0],"[[-0.7746763825416565, 0.05747026950120926], [-0.12901988625526428, -0.15125243365764618], [-0.20442667603492737, 0.07450888305902481], [-0.2068747878074646, 0.15317277610301971], [-0.31834888458251953, 0.23753474652767181]]",False
early_neutral,3,622,0.7927357547484172,0,[0],"[[-0.7729218006134033, 0.050513725727796555], [-0.13218452036380768, -0.1533488631248474], [-0.203931987285614, 0.07518253475427628], [-0.2068747878074646, 0.15317277610301971], [-0.31834888458251953, 0.23753474652767181]]",False
early_neutral,3,623,0.7924025324891703,0,[0],"[[-0.7722699046134949, 0.04330509155988693], [-0.136018306016922, -0.1562066525220871], [-0.20366333425045013, 0.07576607912778854], [-0.2068747878074646, 0.15317277610301971], [-0.31834888458251953, 0.23753474652767181]]",False
early_neutral,3,624,0.7920693102299233,0,[0],"[[-0.77285236120224, 0.035678789019584656], [-0.13852275907993317, -0.1605929434299469], [-0.2035958617925644, 0.0762062519788742], [-0.2068747878074646, 0.15317277610301971], [-0.3189103603363037, 0.2383868247270584]]",False
early_neutral,3,625,0.7917360879706764,0,[0],"[[-0.775898814201355, 0.02818603813648224], [-0.14056015014648438, -0.16583673655986786], [-0.20352838933467865, 0.07664641737937927], [-0.2068747878074646, 0.15317277610301971], [-0.32041195034980774, 0.24083948135375977]]",False
early_neutral,3,626,0.7914028657114295,0,[0],"[[-0.7827532291412354, 0.021919338032603264], [-0.14023242890834808, -0.17103895545005798], [-0.20330926775932312, 0.07709828019142151], [-0.2068747878074646, 0.15317277610301971], [-0.32222557067871094, 0.24414139986038208]]",False
early_neutral,3,627,0.7910696434521826,0,[0],"[[-0.7911325693130493, 0.01601884886622429], [-0.1381007581949234, -0.17533786594867706], [-0.2017635703086853, 0.07646530121564865], [-0.2068747878074646, 0.15317277610301971], [-0.3239733576774597, 0.24814468622207642]]",False
early_neutral,3,628,0.7907364211929356,0,[0],"[[-0.80052649974823, 0.010371945798397064], [-0.13587655127048492, -0.17931684851646423], [-0.19892005622386932, 0.07459089905023575], [-0.20760780572891235, 0.1536896973848343], [-0.3252669870853424, 0.25224483013153076]]",False
early_neutral,3,629,0.7904031989336888,0,[0],"[[-0.8103942275047302, 0.005283248610794544], [-0.13342277705669403, -0.18358425796031952], [-0.1949358731508255, 0.07220371812582016], [-0.2101425975561142, 0.15554842352867126], [-0.32589080929756165, 0.25472432374954224]]",False
early_neutral,3,630,0.7900699766744419,0,[0],"[[-0.8175158500671387, 0.001895831199362874], [-0.13065408170223236, -0.1882697343826294], [-0.18961405754089355, 0.06948847323656082], [-0.21353161334991455, 0.1580762267112732], [-0.325898140668869, 0.25475332140922546]]",False
early_neutral,3,631,0.789736754415195,0,[0],"[[-0.8229910731315613, -0.00019701843848451972], [-0.12750716507434845, -0.1934596747159958], [-0.183162659406662, 0.06633216887712479], [-0.21749989688396454, 0.1585623174905777], [-0.325898140668869, 0.25475332140922546]]",False
early_neutral,3,632,0.789403532155948,0,[0],"[[-0.825492799282074, -0.00110129255335778], [-0.12402334064245224, -0.1991424411535263], [-0.1756943315267563, 0.06283499300479889], [-0.2209555059671402, 0.1561599224805832], [-0.325898140668869, 0.25475332140922546]]",False
early_neutral,3,633,0.7890703098967011,0,[0],"[[-0.8259724378585815, -0.0012732790783047676], [-0.12018856406211853, -0.20535632967948914], [-0.16740682721138, 0.059055279940366745], [-0.22297722101211548, 0.15220439434051514], [-0.325898140668869, 0.25475332140922546]]",False
early_neutral,3,634,0.7887370876374542,0,[0],"[[-0.8259829878807068, -0.0012770474422723055], [-0.11616817861795425, -0.21184633672237396], [-0.15840770304203033, 0.05504608899354935], [-0.22347182035446167, 0.14718808233737946], [-0.325898140668869, 0.25475332140922546]]",False
early_neutral,3,635,0.7884038653782073,0,[0],"[[-0.8259829878807068, -0.0012770474422723055], [-0.11196677386760712, -0.2186127007007599], [-0.1487988531589508, 0.05080658942461014], [-0.2240464836359024, 0.141449436545372], [-0.325898140668869, 0.25475332140922546]]",False
early_neutral,3,636,0.7880706431189604,0,[0],"[[-0.8259829878807068, -0.0012770474422723055], [-0.1072191372513771, -0.22566553950309753], [-0.13871075212955475, 0.046328846365213394], [-0.22483187913894653, 0.13549044728279114], [-0.32464319467544556, 0.25429701805114746]]",False
early_neutral,3,637,0.7877374208597134,0,[0],"[[-0.8259829878807068, -0.0012770474422723055], [-0.10186673700809479, -0.2329278588294983], [-0.12840445339679718, 0.041547179222106934], [-0.22564569115638733, 0.1295330822467804], [-0.3210846781730652, 0.25306403636932373]]",False
early_neutral,3,638,0.7874041986004665,0,[0],"[[-0.8259829878807068, -0.0012770474422723055], [-0.09644638746976852, -0.24048787355422974], [-0.12055248022079468, 0.035576533526182175], [-0.2282228320837021, 0.12462375313043594], [-0.3161863684654236, 0.2514707148075104]]",False
early_neutral,3,639,0.7870709763412196,0,[0],"[[-0.8259829878807068, -0.0012770474422723055], [-0.09192655235528946, -0.24795249104499817], [-0.11609438806772232, 0.028319062665104866], [-0.23354105651378632, 0.1201246827840805], [-0.31081974506378174, 0.24976271390914917]]",False
early_neutral,3,640,0.7867377540819727,0,[0],"[[-0.8259829878807068, -0.0012770474422723055], [-0.0881897583603859, -0.25435319542884827], [-0.11216052621603012, 0.02059331350028515], [-0.23882032930850983, 0.11550819128751755], [-0.30515408515930176, 0.24797460436820984]]",False
early_neutral,3,641,0.7864045318227257,0,[0],"[[-0.8259829878807068, -0.0012770474422723055], [-0.08561143279075623, -0.2588947117328644], [-0.10840900987386703, 0.012550595216453075], [-0.24115502834320068, 0.11013679951429367], [-0.2993558645248413, 0.24616026878356934]]",False
early_neutral,3,642,0.7860713095634788,0,[0],"[[-0.8259829878807068, -0.0012770474422723055], [-0.08375813066959381, -0.26204705238342285], [-0.104732446372509, 0.0042778667993843555], [-0.24308107793331146, 0.10410952568054199], [-0.29355692863464355, 0.24439583718776703]]",False
early_neutral,3,643,0.7857380873042319,0,[0],"[[-0.8259636759757996, -0.0013182288967072964], [-0.08204888552427292, -0.2647901475429535], [-0.10083258897066116, -0.004117605742067099], [-0.24452903866767883, 0.09820447862148285], [-0.2878061532974243, 0.24271544814109802]]",False
early_neutral,3,644,0.785404865044985,0,[0],"[[-0.8248328566551208, -0.003228133311495185], [-0.08014294505119324, -0.26784443855285645], [-0.09672041982412338, -0.012597817927598953], [-0.24536411464214325, 0.09224946796894073], [-0.28189775347709656, 0.24105848371982574]]",True
early_neutral,3,645,0.785071642785738,0,[0],"[[-0.8225699663162231, -0.006088257301598787], [-0.0777122899889946, -0.2714812457561493], [-0.09244189411401749, -0.021140795201063156], [-0.24571767449378967, 0.08627323806285858], [-0.27830997109413147, 0.24003612995147705]]",True
early_neutral,3,646,0.7847384205264911,0,[0],"[[-0.8191103935241699, -0.009599410928785801], [-0.07555728405714035, -0.27437710762023926], [-0.0880102887749672, -0.029725149273872375], [-0.2458251416683197, 0.0802929624915123], [-0.2782255709171295, 0.24000687897205353]]",True
early_neutral,3,647,0.7844051982672442,0,[0],"[[-0.8147752285003662, -0.013816023245453835], [-0.07321693748235703, -0.2772792875766754], [-0.08351175487041473, -0.03835132718086243], [-0.24567583203315735, 0.07431316375732422], [-0.27589666843414307, 0.23895131051540375]]",True
early_neutral,3,648,0.7840719760079974,0,[0],"[[-0.8096713423728943, -0.01860065758228302], [-0.07094158977270126, -0.2799185514450073], [-0.07901493459939957, -0.04702066630125046], [-0.24516242742538452, 0.06834207475185394], [-0.27235719561576843, 0.23701882362365723]]",True
early_neutral,3,649,0.7837387537487505,0,[0],"[[-0.8041938543319702, -0.02362930215895176], [-0.06831274926662445, -0.2827601730823517], [-0.07452959567308426, -0.0557248555123806], [-0.24426427483558655, 0.0623902752995491], [-0.2681802213191986, 0.2341862916946411]]",True
early_neutral,3,650,0.7834055314895035,0,[0],"[[-0.7981349229812622, -0.029101040214300156], [-0.06465381383895874, -0.2863180935382843], [-0.07007592171430588, -0.06446031481027603], [-0.24305224418640137, 0.056461844593286514], [-0.26427918672561646, 0.2308599054813385]]",True
early_neutral,3,651,0.7830723092302566,0,[0],"[[-0.7919005155563354, -0.03485455363988876], [-0.059760209172964096, -0.2903901934623718], [-0.06565602868795395, -0.07322142273187637], [-0.24158412218093872, 0.05055797100067139], [-0.26097187399864197, 0.2272709310054779]]",True
early_neutral,3,652,0.7827390869710097,0,[0],"[[-0.7856457829475403, -0.040993381291627884], [-0.054538141936063766, -0.2939303517341614], [-0.061221733689308167, -0.08199332654476166], [-0.2398771345615387, 0.04468127712607384], [-0.2581110894680023, 0.22352191805839539]]",True
early_neutral,3,653,0.7824058647117628,0,[0],"[[-0.779273509979248, -0.04755576699972153], [-0.04833998531103134, -0.29818063974380493], [-0.05675412341952324, -0.09076851606369019], [-0.23798801004886627, 0.03882821276783943], [-0.25566011667251587, 0.21965190768241882]]",True
early_neutral,3,654,0.7820726424525158,0,[0],"[[-0.7728080749511719, -0.0544881746172905], [-0.04278850927948952, -0.30168887972831726], [-0.05226733908057213, -0.09954748302698135], [-0.23592694103717804, 0.03299974277615547], [-0.25433051586151123, 0.21729309856891632]]",True
early_neutral,3,655,0.7817394201932689,0,[0],"[[-0.7663961052894592, -0.061757154762744904], [-0.037933409214019775, -0.30347487330436707], [-0.04778498411178589, -0.10833334177732468], [-0.23380780220031738, 0.0271800197660923], [-0.25431501865386963, 0.2172655314207077]]",True
early_neutral,3,656,0.781406197934022,0,[0],"[[-0.7610234022140503, -0.06797129660844803], [-0.03283898904919624, -0.3034727871417999], [-0.043110668659210205, -0.11700475215911865], [-0.23167675733566284, 0.021362142637372017], [-0.25405338406562805, 0.2166515588760376]]",True
early_neutral,3,657,0.7810729756747751,0,[0],"[[-0.7582011818885803, -0.07123557478189468], [-0.02719579078257084, -0.30188676714897156], [-0.03748856857419014, -0.1239008754491806], [-0.22950655221939087, 0.015550418756902218], [-0.25283434987068176, 0.21410517394542694]]",True
early_neutral,3,658,0.7807397534155281,0,[0],"[[-0.758454442024231, -0.07093495875597], [-0.021646106615662575, -0.29912418127059937], [-0.03127075731754303, -0.1275118738412857], [-0.22724954783916473, 0.009752705693244934], [-0.25090789794921875, 0.21066562831401825]]",True
early_neutral,3,659,0.7804065311562812,0,[0],"[[-0.76035475730896, -0.0688108280301094], [-0.015540615655481815, -0.29578697681427], [-0.023976299911737442, -0.1292751431465149], [-0.22488592565059662, 0.003973092883825302], [-0.2483660727739334, 0.20682072639465332]]",True
early_neutral,3,660,0.7800733088970343,0,[0],"[[-0.7630720734596252, -0.0659385472536087], [-0.00912538543343544, -0.29215097427368164], [-0.015321468934416771, -0.1305994689464569], [-0.2222716063261032, -0.0017604681197553873], [-0.24542668461799622, 0.20309749245643616]]",True
early_neutral,3,661,0.7797400866377874,0,[0],"[[-0.7665009498596191, -0.06237160041928291], [-0.003239959478378296, -0.2891654670238495], [-0.005951035302132368, -0.13141196966171265], [-0.21938003599643707, -0.0074373832903802395], [-0.2421015352010727, 0.19951434433460236]]",True
early_neutral,3,662,0.7794068643785405,0,[0],"[[-0.770491361618042, -0.058237239718437195], [0.004207862541079521, -0.28597867488861084], [0.004258402157574892, -0.13223759829998016], [-0.21617522835731506, -0.013042476028203964], [-0.23839640617370605, 0.19609270989894867]]",True
early_neutral,3,663,0.7790736421192935,0,[0],"[[-0.7747725248336792, -0.053819771856069565], [0.010488432832062244, -0.2820384204387665], [0.01522509753704071, -0.13311368227005005], [-0.21263013780117035, -0.018560124561190605], [-0.23436695337295532, 0.19287410378456116]]",True
early_neutral,3,664,0.7787404198600466,0,[0],"[[-0.7795738577842712, -0.0488809198141098], [0.016828948631882668, -0.2778215706348419], [0.026873812079429626, -0.13406264781951904], [-0.20875822007656097, -0.0239840280264616], [-0.23263633251190186, 0.19154879450798035]]",True
early_neutral,3,665,0.7784071976007997,0,[0],"[[-0.784832239151001, -0.0434773787856102], [0.022981038317084312, -0.2736157774925232], [0.03908152133226395, -0.135114386677742], [-0.20459206402301788, -0.029314838349819183], [-0.23263633251190186, 0.19154879450798035]]",True
early_neutral,3,666,0.7780739753415529,0,[0],"[[-0.7905303835868835, -0.03762634098529816], [0.02893156185746193, -0.26955679059028625], [0.051728591322898865, -0.13624486327171326], [-0.20021212100982666, -0.03447285294532776], [-0.23136666417121887, 0.19111037254333496]]",True
early_neutral,3,667,0.777740753082306,0,[0],"[[-0.7963988780975342, -0.031602539122104645], [0.03518272563815117, -0.26528772711753845], [0.064177967607975, -0.13738708198070526], [-0.19674274325370789, -0.038200367242097855], [-0.2279091477394104, 0.1897628754377365]]",False
early_neutral,3,668,0.777407530823059,0,[0],"[[-0.802604615688324, -0.025234324857592583], [0.040122732520103455, -0.2619105577468872], [0.07347990572452545, -0.13888517022132874], [-0.19315072894096375, -0.04167332500219345], [-0.22337569296360016, 0.18773499131202698]]",False
early_neutral,3,669,0.7770743085638121,0,[0],"[[-0.8088489174842834, -0.018827781081199646], [0.04365520924329758, -0.2591315805912018], [0.08182743936777115, -0.1411214917898178], [-0.18884742259979248, -0.04520077258348465], [-0.21802020072937012, 0.18542632460594177]]",False
early_neutral,3,670,0.7767410863045652,0,[0],"[[-0.8150787949562073, -0.012436777353286743], [0.04564642161130905, -0.2568958103656769], [0.09056152403354645, -0.14379452168941498], [-0.18287277221679688, -0.04886079579591751], [-0.21251438558101654, 0.18326090276241302]]",False
early_neutral,3,671,0.7764078640453183,0,[0],"[[-0.821000337600708, -0.006362831685692072], [0.04529270902276039, -0.25626909732818604], [0.09913706034421921, -0.14639371633529663], [-0.1753453016281128, -0.05231047794222832], [-0.20689398050308228, 0.18127994239330292]]",False
early_neutral,3,672,0.7760746417860713,0,[0],"[[-0.824665367603302, -0.0026037797797471285], [0.04193121939897537, -0.2562789022922516], [0.10568373650312424, -0.14824968576431274], [-0.16703514754772186, -0.055541422218084335], [-0.20123189687728882, 0.17953789234161377]]",False
early_neutral,3,673,0.7757414195268244,0,[0],"[[-0.8269768357276917, -0.0002331164141651243], [0.03699643909931183, -0.256693571805954], [0.1104855090379715, -0.14952798187732697], [-0.15766975283622742, -0.05869847908616066], [-0.19527536630630493, 0.17795677483081818]]",False
early_neutral,3,674,0.7754081972675775,0,[0],"[[-0.8275478482246399, 0.0003562926431186497], [0.03066667728126049, -0.2574729919433594], [0.11412138491868973, -0.1504107266664505], [-0.14778272807598114, -0.06147097051143646], [-0.18882282078266144, 0.1765097975730896]]",True
early_neutral,3,675,0.7750749750083306,0,[0],"[[-0.8276399374008179, 0.0004561820242088288], [0.023721598088741302, -0.2584402561187744], [0.11577412486076355, -0.15076829493045807], [-0.13716085255146027, -0.06383320689201355], [-0.1810145229101181, 0.17509761452674866]]",True
early_neutral,3,676,0.7747417527490836,0,[0],"[[-0.827646017074585, 0.0004629521572496742], [0.017337966710329056, -0.25805503129959106], [0.11614026129245758, -0.15083293616771698], [-0.12573502957820892, -0.06590116769075394], [-0.1723947376012802, 0.1738884598016739]]",True
early_neutral,3,677,0.7744085304898367,0,[0],"[[-0.827646017074585, 0.0004629521572496742], [0.01118377223610878, -0.25687262415885925], [0.11683531850576401, -0.15100771188735962], [-0.11359868943691254, -0.06760705262422562], [-0.16593238711357117, 0.17315760254859924]]",True
early_neutral,3,678,0.7740753082305898,0,[0],"[[-0.827646017074585, 0.0004629521572496742], [0.00816367007791996, -0.25496622920036316], [0.1178056001663208, -0.15125903487205505], [-0.10096320509910583, -0.06872324645519257], [-0.15955834090709686, 0.1725897341966629]]",True
early_neutral,3,679,0.7737420859713429,0,[0],"[[-0.827646017074585, 0.0004629521572496742], [0.009358334355056286, -0.2518986463546753], [0.1187681034207344, -0.15151338279247284], [-0.09071202576160431, -0.0693000853061676], [-0.15567642450332642, 0.17225204408168793]]",True
early_neutral,3,680,0.7734088637120959,0,[0],"[[-0.827646017074585, 0.0004629521572496742], [0.012919696047902107, -0.24891869723796844], [0.1199747696518898, -0.1517975926399231], [-0.0815240666270256, -0.06943052262067795], [-0.15561342239379883, 0.1722443401813507]]",True
early_neutral,3,681,0.773075641452849,0,[0],"[[-0.827646017074585, 0.0004629521572496742], [0.01834881491959095, -0.24698761105537415], [0.12220824509859085, -0.15218192338943481], [-0.07405847311019897, -0.06923048943281174], [-0.15561342239379883, 0.1722443401813507]]",False
early_neutral,3,682,0.7727424191936021,0,[0],"[[-0.827646017074585, 0.0004629521572496742], [0.024348288774490356, -0.24552331864833832], [0.12436132878065109, -0.1525370329618454], [-0.0705375075340271, -0.0682704895734787], [-0.15561342239379883, 0.1722443401813507]]",False
early_neutral,3,683,0.7724091969343552,0,[0],"[[-0.8266913890838623, 0.00032127369195222855], [0.031350381672382355, -0.24575980007648468], [0.12607751786708832, -0.15282011032104492], [-0.06794639676809311, -0.0672217309474945], [-0.15561342239379883, 0.1722443401813507]]",False
early_neutral,3,684,0.7720759746751082,0,[0],"[[-0.8226511478424072, -0.00019682700803969055], [0.039392419159412384, -0.24704818427562714], [0.12779368460178375, -0.15310317277908325], [-0.06745916604995728, -0.06701385974884033], [-0.15561342239379883, 0.1722443401813507]]",False
early_neutral,3,685,0.7717427524158614,0,[0],"[[-0.8170362114906311, -0.0007413198472931981], [0.048485979437828064, -0.2485227882862091], [0.12940435111522675, -0.15336881577968597], [-0.06715808063745499, -0.06688050180673599], [-0.15588849782943726, 0.17230844497680664]]",False
early_neutral,3,686,0.7714095301566145,0,[0],"[[-0.8099443316459656, -0.0012131474213674664], [0.058476224541664124, -0.2501756548881531], [0.13080793619155884, -0.15359164774417877], [-0.06715808063745499, -0.06688050180673599], [-0.15898865461349487, 0.17312222719192505]]",False
early_neutral,3,687,0.7710763078973676,0,[0],"[[-0.8018326759338379, -0.0014930207980796695], [0.06854918599128723, -0.25188297033309937], [0.13311313092708588, -0.15284954011440277], [-0.06715808063745499, -0.06688050180673599], [-0.16329346597194672, 0.17444577813148499]]",False
early_neutral,3,688,0.7707430856381207,0,[0],"[[-0.7944036722183228, -0.0015348561573773623], [0.07741298526525497, -0.25348594784736633], [0.13716985285282135, -0.15178842842578888], [-0.06715808063745499, -0.06688050180673599], [-0.16870440542697906, 0.17628242075443268]]",False
early_neutral,3,689,0.7704098633788737,0,[0],"[[-0.7911675572395325, -0.0012847068719565868], [0.08618498593568802, -0.25517216324806213], [0.1426667869091034, -0.15070250630378723], [-0.06766588985919952, -0.06540980935096741], [-0.1748717874288559, 0.17842474579811096]]",False
early_neutral,3,690,0.7700766411196268,0,[0],"[[-0.7907131910324097, -0.0012297341600060463], [0.09283051639795303, -0.2563368082046509], [0.14945533871650696, -0.14941349625587463], [-0.06707623600959778, -0.0641607791185379], [-0.18164193630218506, 0.18083031475543976]]",True
early_neutral,3,691,0.7697434188603799,0,[0],"[[-0.7876437306404114, -0.001855264650657773], [0.09913209080696106, -0.2571786940097809], [0.15741576254367828, -0.14794884622097015], [-0.06447236984968185, -0.06257625669240952], [-0.18911680579185486, 0.18356257677078247]]",True
early_neutral,3,692,0.769410196601133,0,[0],"[[-0.7826446294784546, -0.0024568764492869377], [0.10551445931196213, -0.25769245624542236], [0.16640689969062805, -0.14631745219230652], [-0.06088527292013168, -0.0603819414973259], [-0.19694344699382782, 0.18669719994068146]]",True
early_neutral,3,693,0.769076974341886,0,[0],"[[-0.776075541973114, -0.0027500763535499573], [0.11181028187274933, -0.2577856183052063], [0.17628395557403564, -0.14453944563865662], [-0.056449227035045624, -0.05742976441979408], [-0.20452865958213806, 0.19007378816604614]]",True
early_neutral,3,694,0.7687437520826391,0,[0],"[[-0.7681362628936768, -0.003029613522812724], [0.11668409407138824, -0.256835401058197], [0.18656213581562042, -0.14262069761753082], [-0.051120709627866745, -0.053803909569978714], [-0.2102172076702118, 0.19271191954612732]]",True
early_neutral,3,695,0.7684105298233922,0,[0],"[[-0.7590606808662415, -0.003335704794153571], [0.12046168744564056, -0.25459176301956177], [0.19720543920993805, -0.14047007262706757], [-0.04505724087357521, -0.049207620322704315], [-0.21139530837535858, 0.1932363212108612]]",True
early_neutral,3,696,0.7680773075641453,0,[0],"[[-0.7497278451919556, -0.0036381157115101814], [0.12352795153856277, -0.2517344653606415], [0.20838899910449982, -0.13807177543640137], [-0.039407093077898026, -0.044166117906570435], [-0.21064640581607819, 0.1934380978345871]]",True
early_neutral,3,697,0.7677440853048983,0,[0],"[[-0.7403941750526428, -0.003928634338080883], [0.12146373093128204, -0.2491525411605835], [0.22003859281539917, -0.13543277978897095], [-0.033813051879405975, -0.03982465714216232], [-0.20729146897792816, 0.19443580508232117]]",True
early_neutral,3,698,0.7674108630456514,0,[0],"[[-0.7323827743530273, -0.004170685075223446], [0.11633062362670898, -0.2471747249364853], [0.23200689256191254, -0.1325124353170395], [-0.027179837226867676, -0.03568265214562416], [-0.2027788758277893, 0.1959625482559204]]",True
early_neutral,3,699,0.7670776407864045,0,[0],"[[-0.7296477556228638, -0.004253198392689228], [0.10948403924703598, -0.24541154503822327], [0.2442634105682373, -0.12944860756397247], [-0.02034521847963333, -0.03153621032834053], [-0.19728592038154602, 0.19796666502952576]]",True
early_neutral,3,700,0.7667444185271576,0,[0],"[[-0.729788064956665, -0.004242942668497562], [0.10108751058578491, -0.24409370124340057], [0.2567748427391052, -0.12632988393306732], [-0.013385302387177944, -0.027259405702352524], [-0.19173215329647064, 0.20008011162281036]]",True
early_neutral,3,701,0.7664111962679107,0,[0],"[[-0.7331251502037048, -0.0040799700655043125], [0.0915626809000969, -0.24291084706783295], [0.2695954740047455, -0.12337775528430939], [-0.0066287037916481495, -0.022999480366706848], [-0.18625129759311676, 0.20226608216762543]]",True
early_neutral,3,702,0.7660779740086637,0,[0],"[[-0.7378852963447571, -0.0038614748045802116], [0.08128639310598373, -0.24126659333705902], [0.2830117344856262, -0.12141402065753937], [-3.830872446997091e-05, -0.018718494102358818], [-0.18099536001682281, 0.2044897973537445]]",True
early_neutral,3,703,0.7657447517494168,0,[0],"[[-0.7439900040626526, -0.0035928720608353615], [0.07041987776756287, -0.2391551434993744], [0.2968102693557739, -0.1204591616988182], [0.006681825965642929, -0.014218750409781933], [-0.17569813132286072, 0.20686566829681396]]",True
early_neutral,3,704,0.76541152949017,0,[0],"[[-0.7510920763015747, -0.0032820834312587976], [0.058992575854063034, -0.23671957850456238], [0.3107277750968933, -0.11965979635715485], [0.01318415254354477, -0.009991716593503952], [-0.17115181684494019, 0.2090023159980774]]",True
early_neutral,3,705,0.7650783072309231,0,[0],"[[-0.7588271498680115, -0.002945428481325507], [0.047182392328977585, -0.2339111864566803], [0.32470253109931946, -0.1187768504023552], [0.019990433007478714, -0.004895778372883797], [-0.17044587433338165, 0.2093351185321808]]",True
early_neutral,3,706,0.7647450849716761,0,[0],"[[-0.7674486041069031, -0.002572169527411461], [0.03504959121346474, -0.23086656630039215], [0.3386957049369812, -0.11769359558820724], [0.026876011863350868, -0.0016720204148441553], [-0.17041978240013123, 0.20934556424617767]]",True
early_neutral,3,707,0.7644118627124292,0,[0],"[[-0.7768969535827637, -0.002164136152714491], [0.02267359383404255, -0.2276340276002884], [0.352655827999115, -0.11626724898815155], [0.033557645976543427, -6.10658826190047e-05], [-0.1684408038854599, 0.21006684005260468]]",True
early_neutral,3,708,0.7640786404531823,0,[0],"[[-0.7872376441955566, -0.0017183442832902074], [0.011049067601561546, -0.22446949779987335], [0.3665534555912018, -0.11449875682592392], [0.04050654545426369, 0.00011671281390590593], [-0.1649889200925827, 0.21116425096988678]]",True
early_neutral,3,709,0.7637454181939354,0,[0],"[[-0.7974449992179871, -0.001278756302781403], [0.003493695519864559, -0.22215743362903595], [0.38036105036735535, -0.11238855868577957], [0.04844231531023979, 0.0015356503427028656], [-0.16013695299625397, 0.21255221962928772]]",True
early_neutral,3,710,0.7634121959346885,0,[0],"[[-0.807418942451477, -0.0008495868532918394], [0.0014224492479115725, -0.221387580037117], [0.39366817474365234, -0.1101171001791954], [0.05623450502753258, 0.0009494441328570247], [-0.15477725863456726, 0.21422308683395386]]",True
early_neutral,3,711,0.7630789736754415,0,[0],"[[-0.8161311745643616, -0.00047498958883807063], [0.004084414336830378, -0.2211187183856964], [0.4062890410423279, -0.10766234993934631], [0.06273581832647324, -0.0009658038034103811], [-0.1491418331861496, 0.2161809504032135]]",True
early_neutral,3,712,0.7627457514161946,0,[0],"[[-0.8212835192680359, -0.0002536249521654099], [0.008067241869866848, -0.2203616052865982], [0.4189473092556, -0.10478964447975159], [0.06786800920963287, -0.004019930027425289], [-0.1438722312450409, 0.2181932032108307]]",True
early_neutral,3,713,0.7624125291569477,0,[0],"[[-0.8251368403434753, -8.826476550893858e-05], [0.01329150889068842, -0.21900781989097595], [0.4302220046520233, -0.10187789797782898], [0.07213570922613144, -0.007297585718333721], [-0.14245188236236572, 0.21874792873859406]]",True
early_neutral,3,714,0.7620793068977008,0,[0],"[[-0.8262158632278442, -4.31077933171764e-05], [0.019772831350564957, -0.21715357899665833], [0.4373410642147064, -0.09923470765352249], [0.0776432529091835, -0.011191860772669315], [-0.14245188236236572, 0.21874792873859406]]",True
early_neutral,3,715,0.7617460846384538,0,[0],"[[-0.8266206979751587, -2.7339119696989655e-05], [0.027198389172554016, -0.21471264958381653], [0.44359537959098816, -0.09606129676103592], [0.08418251574039459, -0.015433711931109428], [-0.14245188236236572, 0.21874792873859406]]",True
early_neutral,3,716,0.7614128623792069,0,[0],"[[-0.8266324996948242, -2.690231667656917e-05], [0.03314423933625221, -0.2106586992740631], [0.4485589563846588, -0.09298241138458252], [0.0908246710896492, -0.01971060037612915], [-0.14245188236236572, 0.21874792873859406]]",True
early_neutral,3,717,0.76107964011996,0,[0],"[[-0.8266324996948242, -2.690231667656917e-05], [0.03743701055645943, -0.2054453343153], [0.45261457562446594, -0.08980224281549454], [0.09750436246395111, -0.023962663486599922], [-0.14198218286037445, 0.21892982721328735]]",True
early_neutral,3,718,0.7607464178607131,0,[0],"[[-0.8266324996948242, -2.690231667656917e-05], [0.042640648782253265, -0.20038841664791107], [0.4558742344379425, -0.08673888444900513], [0.10431056469678879, -0.02837447263300419], [-0.13921061158180237, 0.219853937625885]]",True
early_neutral,3,719,0.7604131956014661,0,[0],"[[-0.8266324996948242, -2.690231667656917e-05], [0.05036838725209236, -0.19609366357326508], [0.458080917596817, -0.08360396325588226], [0.1109439805150032, -0.03267290070652962], [-0.13511893153190613, 0.22093889117240906]]",True
early_neutral,3,720,0.7600799733422192,0,[0],"[[-0.8266324996948242, -2.690231667656917e-05], [0.0591311901807785, -0.19199778139591217], [0.4601571559906006, -0.08011476695537567], [0.11753422021865845, -0.03699411824345589], [-0.12967811524868011, 0.22214476764202118]]",True
early_neutral,3,721,0.7597467510829723,0,[0],"[[-0.8266324996948242, -2.690231667656917e-05], [0.06829673051834106, -0.18812771141529083], [0.4622243344783783, -0.07647338509559631], [0.12464883923530579, -0.041948672384023666], [-0.12384834885597229, 0.22331564128398895]]",True
early_neutral,3,722,0.7594135288237254,0,[0],"[[-0.8266324996948242, -2.690231667656917e-05], [0.07830207049846649, -0.18431052565574646], [0.46420949697494507, -0.07286941260099411], [0.13162824511528015, -0.04510180652141571], [-0.11764898896217346, 0.2244350165128708]]",True
early_neutral,3,723,0.7590803065644786,0,[0],"[[-0.8266324996948242, -2.690231667656917e-05], [0.08900196850299835, -0.18048009276390076], [0.4659641981124878, -0.0691382959485054], [0.1383105218410492, -0.04671211913228035], [-0.1129412055015564, 0.225225567817688]]",True
early_neutral,3,724,0.7587470843052316,0,[0],"[[-0.8266324996948242, -2.690231667656917e-05], [0.10036394745111465, -0.17675796151161194], [0.46825525164604187, -0.06543795764446259], [0.14525942504405975, -0.0468895249068737], [-0.11262080073356628, 0.2252800017595291]]",True
early_neutral,3,725,0.7584138620459847,0,[0],"[[-0.8266324996948242, -2.690231667656917e-05], [0.11130079627037048, -0.17347320914268494], [0.4710442125797272, -0.06162165477871895], [0.15372616052627563, -0.04704941064119339], [-0.11233381181955338, 0.2252441644668579]]",True
early_neutral,3,726,0.7580806397867378,0,[0],"[[-0.8266324996948242, -2.690231667656917e-05], [0.11869273334741592, -0.17170514166355133], [0.47390687465667725, -0.05795518681406975], [0.16301390528678894, -0.04714673385024071], [-0.10897394269704819, 0.22499127686023712]]",True
early_neutral,3,727,0.7577474175274909,0,[0],"[[-0.8266324996948242, -2.690231667656917e-05], [0.12499023228883743, -0.17089016735553741], [0.47685378789901733, -0.05447891727089882], [0.17245976626873016, -0.047594912350177765], [-0.10406487435102463, 0.22497804462909698]]",True
early_neutral,3,728,0.7574141952682439,0,[0],"[[-0.8266324996948242, -2.690231667656917e-05], [0.13116659224033356, -0.17045588791370392], [0.4799518883228302, -0.05096575990319252], [0.18192529678344727, -0.0485854297876358], [-0.0981430634856224, 0.2252417653799057]]",True
early_neutral,3,729,0.757080973008997,0,[0],"[[-0.8266324996948242, -2.690231667656917e-05], [0.1375230997800827, -0.17036183178424835], [0.48328062891960144, -0.04745164513587952], [0.18916241824626923, -0.04696241766214371], [-0.09204988926649094, 0.22555163502693176]]",True
early_neutral,3,730,0.7567477507497501,0,[0],"[[-0.8266324996948242, -2.690231667656917e-05], [0.1439436376094818, -0.1706131547689438], [0.4867817759513855, -0.04394891858100891], [0.19460350275039673, -0.044464632868766785], [-0.08564072847366333, 0.22591759264469147]]",True
early_neutral,3,731,0.7564145284905032,0,[0],"[[-0.8266324996948242, -2.690231667656917e-05], [0.15032298862934113, -0.17098207771778107], [0.49040260910987854, -0.040488433092832565], [0.19960035383701324, -0.041337866336107254], [-0.07884417474269867, 0.22632791101932526]]",True
early_neutral,3,732,0.7560813062312562,0,[0],"[[-0.8266324996948242, -2.690231667656917e-05], [0.15664881467819214, -0.17133678495883942], [0.49414196610450745, -0.03708196058869362], [0.2047932893037796, -0.03871344402432442], [-0.0707690492272377, 0.22677934169769287]]",True
early_neutral,3,733,0.7557480839720093,0,[0],"[[-0.8266324996948242, -2.690231667656917e-05], [0.16306032240390778, -0.171685129404068], [0.49808743596076965, -0.033775392919778824], [0.21171849966049194, -0.036556094884872437], [-0.061978161334991455, 0.22722995281219482]]",True
early_neutral,3,734,0.7554148617127624,0,[0],"[[-0.8266324996948242, -2.690231667656917e-05], [0.1694350242614746, -0.17191465198993683], [0.502235472202301, -0.03057565912604332], [0.21829305589199066, -0.035823870450258255], [-0.055435456335544586, 0.22753366827964783]]",True
early_neutral,3,735,0.7550816394535155,0,[0],"[[-0.8266324996948242, -2.690231667656917e-05], [0.17574159801006317, -0.1718970090150833], [0.5065370798110962, -0.027465621009469032], [0.22576040029525757, -0.03576706349849701], [-0.049014635384082794, 0.22779949009418488]]",True
early_neutral,3,736,0.7547484171942686,0,[0],"[[-0.8266324996948242, -2.690231667656917e-05], [0.1821615993976593, -0.17163212597370148], [0.5109713077545166, -0.024452246725559235], [0.2339639961719513, -0.03562517464160919], [-0.042606476694345474, 0.22809123992919922]]",True
early_neutral,3,737,0.7544151949350216,0,[0],"[[-0.8266324996948242, -2.690231667656917e-05], [0.18856005370616913, -0.17121253907680511], [0.5143394470214844, -0.02159987762570381], [0.24306094646453857, -0.03531775251030922], [-0.03635655343532562, 0.22847002744674683]]",True
early_neutral,3,738,0.7540819726757747,0,[0],"[[-0.8266324996948242, -2.690231667656917e-05], [0.1948552131652832, -0.1708717942237854], [0.513207197189331, -0.01922709122300148], [0.2525850832462311, -0.035086531192064285], [-0.029965920373797417, 0.2289534956216812]]",True
early_neutral,3,739,0.7537487504165278,0,[0],"[[-0.8266324996948242, -2.690231667656917e-05], [0.20127607882022858, -0.17060744762420654], [0.5095333456993103, -0.01742449961602688], [0.26053330302238464, -0.03600090742111206], [-0.02511851117014885, 0.22932326793670654]]",True
early_neutral,3,740,0.7534155281572809,0,[0],"[[-0.8266324996948242, -2.690231667656917e-05], [0.2076941877603531, -0.17044731974601746], [0.5039918422698975, -0.016610784456133842], [0.26695704460144043, -0.037752505391836166], [-0.024730974808335304, 0.2293250858783722]]",True
early_neutral,3,741,0.753082305898034,0,[0],"[[-0.8266324996948242, -2.690231667656917e-05], [0.21397563815116882, -0.17049571871757507], [0.4963061511516571, -0.01647753268480301], [0.27240699529647827, -0.04069514945149422], [-0.024730974808335304, 0.2293250858783722]]",True
early_neutral,3,742,0.7527490836387871,0,[0],"[[-0.8266324996948242, -2.690231667656917e-05], [0.22039483487606049, -0.17077046632766724], [0.4875171482563019, -0.016082629561424255], [0.27943000197410583, -0.04497465118765831], [-0.024730974808335304, 0.2293250858783722]]",True
early_neutral,3,743,0.7524158613795402,0,[0],"[[-0.8266324996948242, -2.690231667656917e-05], [0.22655439376831055, -0.17123636603355408], [0.4777701199054718, -0.015413661487400532], [0.2866922616958618, -0.04757695272564888], [-0.024730974808335304, 0.2293250858783722]]",True
early_neutral,3,744,0.7520826391202933,0,[0],"[[-0.8266324996948242, -2.690231667656917e-05], [0.22904923558235168, -0.17144431173801422], [0.46734556555747986, -0.01445018406957388], [0.2934989929199219, -0.04892595112323761], [-0.024730974808335304, 0.2293250858783722]]",True
early_neutral,3,745,0.7517494168610463,0,[0],"[[-0.8266324996948242, -2.690231667656917e-05], [0.22939302027225494, -0.17147296667099], [0.45664653182029724, -0.013304664753377438], [0.3006265461444855, -0.048988476395606995], [-0.024730974808335304, 0.2293250858783722]]",True
early_neutral,3,746,0.7514161946017994,0,[0],"[[-0.8266324996948242, -2.690231667656917e-05], [0.2272828221321106, -0.17138725519180298], [0.44578057527542114, -0.012045835144817829], [0.31089869141578674, -0.04949365556240082], [-0.024730974808335304, 0.2293250858783722]]",True
early_neutral,3,747,0.7510829723425525,0,[0],"[[-0.8266324996948242, -2.690231667656917e-05], [0.22302186489105225, -0.1715536266565323], [0.4389265775680542, -0.011249098926782608], [0.31902235746383667, -0.04834914207458496], [-0.024730974808335304, 0.2293250858783722]]",True
early_neutral,3,748,0.7507497500833056,0,[0],"[[-0.8266324996948242, -2.690231667656917e-05], [0.2174486666917801, -0.1722709983587265], [0.43797415494918823, -0.011135021224617958], [0.32529810070991516, -0.04632475972175598], [-0.024730974808335304, 0.2293250858783722]]",True
early_neutral,3,749,0.7504165278240587,0,[0],"[[-0.8266324996948242, -2.690231667656917e-05], [0.21059073507785797, -0.17342044413089752], [0.44129887223243713, -0.011282053776085377], [0.3304375410079956, -0.043161541223526], [-0.024730974808335304, 0.2293250858783722]]",True
early_neutral,3,750,0.7500833055648117,0,[0],"[[-0.8266324996948242, -2.690231667656917e-05], [0.20262955129146576, -0.17506437003612518], [0.44601941108703613, -0.011077865958213806], [0.3344517648220062, -0.038137394934892654], [-0.024730974808335304, 0.2293250858783722]]",True
early_neutral,3,751,0.7497500833055648,0,[0],"[[-0.8266324996948242, -2.690231667656917e-05], [0.19423848390579224, -0.17745721340179443], [0.45201724767684937, -0.010474574752151966], [0.3409065008163452, -0.03522997349500656], [-0.024730974808335304, 0.2293250858783722]]",True
early_neutral,3,752,0.7494168610463179,0,[0],"[[-0.8266324996948242, -2.690231667656917e-05], [0.18638886511325836, -0.18056011199951172], [0.4589049518108368, -0.009721122682094574], [0.3475540280342102, -0.03377847000956535], [-0.024730974808335304, 0.2293250858783722]]",True
early_neutral,3,753,0.749083638787071,0,[0],"[[-0.8266324996948242, -2.690231667656917e-05], [0.18025173246860504, -0.18385228514671326], [0.46649396419525146, -0.00882436241954565], [0.3546282947063446, -0.03365381434559822], [-0.02337310090661049, 0.2299955189228058]]",True
early_neutral,3,754,0.748750416527824,0,[0],"[[-0.8266324996948242, -2.690231667656917e-05], [0.17712989449501038, -0.1874929964542389], [0.47489258646965027, -0.0077555482275784016], [0.36145198345184326, -0.03360830247402191], [-0.0203165952116251, 0.23116911947727203]]",True
early_neutral,3,755,0.7484171942685771,0,[0],"[[-0.8266324996948242, -2.690231667656917e-05], [0.17505784332752228, -0.19140152633190155], [0.4840792715549469, -0.006484510377049446], [0.36861205101013184, -0.03434816747903824], [-0.016158757731318474, 0.23238509893417358]]",True
early_neutral,3,756,0.7480839720093302,0,[0],"[[-0.8266324996948242, -2.690231667656917e-05], [0.17521491646766663, -0.19530946016311646], [0.49406570196151733, -0.004989455454051495], [0.3754711449146271, -0.036142025142908096], [-0.015431536361575127, 0.23258909583091736]]",True
early_neutral,3,757,0.7477507497500833,0,[0],"[[-0.8266324996948242, -2.690231667656917e-05], [0.17609339952468872, -0.1993982344865799], [0.5044941902160645, -0.003463572822511196], [0.3806295096874237, -0.0389748178422451], [-0.015431536361575127, 0.23258909583091736]]",True
early_neutral,3,758,0.7474175274908363,0,[0],"[[-0.8266324996948242, -2.690231667656917e-05], [0.17645183205604553, -0.20191200077533722], [0.5154188871383667, -0.002048049122095108], [0.38614320755004883, -0.04243484139442444], [-0.015431536361575127, 0.23258909583091736]]",True
early_neutral,3,759,0.7470843052315894,0,[0],"[[-0.8266324996948242, -2.690231667656917e-05], [0.17646369338035583, -0.20206330716609955], [0.5270045399665833, -0.0006980507168918848], [0.3924211263656616, -0.04620501399040222], [-0.015431536361575127, 0.23258909583091736]]",True
early_neutral,3,760,0.7467510829723426,0,[0],"[[-0.8266324996948242, -2.690231667656917e-05], [0.17727401852607727, -0.20206069946289062], [0.5391745567321777, 0.0005926473531872034], [0.39914393424987793, -0.05090472102165222], [-0.015020240098237991, 0.23282329738140106]]",True
early_neutral,3,761,0.7464178607130957,0,[0],"[[-0.8266324996948242, -2.690231667656917e-05], [0.18100209534168243, -0.20226290822029114], [0.5518280267715454, 0.0017503205453976989], [0.4061107337474823, -0.05388937518000603], [-0.012506742030382156, 0.23401866853237152]]",True
early_neutral,3,762,0.7460846384538488,0,[0],"[[-0.8266324996948242, -2.690231667656917e-05], [0.18612024188041687, -0.20297111570835114], [0.5648544430732727, 0.002800572430714965], [0.4129192531108856, -0.05540401116013527], [-0.008654502220451832, 0.2354246973991394]]",True
early_neutral,3,763,0.7457514161946018,0,[0],"[[-0.8266324996948242, -2.690231667656917e-05], [0.19191089272499084, -0.20391812920570374], [0.5781359672546387, 0.003754907986149192], [0.4199103116989136, -0.05552348867058754], [-0.00638376921415329, 0.23614783585071564]]",True
early_neutral,3,764,0.7454181939353549,0,[0],"[[-0.8266324996948242, -2.690231667656917e-05], [0.19800205528736115, -0.20482522249221802], [0.5914575457572937, 0.004819375462830067], [0.4277358949184418, -0.05674027279019356], [-0.00638376921415329, 0.23614783585071564]]",True
early_neutral,3,765,0.745084971676108,0,[0],"[[-0.8266324996948242, -2.690231667656917e-05], [0.20430223643779755, -0.2056737095117569], [0.6046386361122131, 0.005719334818422794], [0.43547192215919495, -0.056069403886795044], [-0.00638376921415329, 0.23614783585071564]]",True
early_neutral,3,766,0.7447517494168611,0,[0],"[[-0.8266324996948242, -2.690231667656917e-05], [0.21059951186180115, -0.2065064013004303], [0.6174929141998291, 0.006391347385942936], [0.44195812940597534, -0.054132167249917984], [-0.00638376921415329, 0.23614783585071564]]",True
early_neutral,3,767,0.7444185271576141,0,[0],"[[-0.8266324996948242, -2.690231667656917e-05], [0.2167724221944809, -0.20739717781543732], [0.6298365592956543, 0.006885475944727659], [0.4470655918121338, -0.05106116458773613], [-0.00638376921415329, 0.23614783585071564]]",True
early_neutral,3,768,0.7440853048983672,0,[0],"[[-0.8266324996948242, -2.690231667656917e-05], [0.2230280339717865, -0.208375483751297], [0.6384674906730652, 0.0062617529183626175], [0.45260632038116455, -0.04748355224728584], [-0.00638376921415329, 0.23614783585071564]]",True
early_neutral,3,769,0.7437520826391203,0,[0],"[[-0.8266324996948242, -2.690231667656917e-05], [0.22775799036026, -0.2091149091720581], [0.646882176399231, 0.004924454260617495], [0.4580451548099518, -0.044308193027973175], [-0.00638376921415329, 0.23614783585071564]]",True
early_neutral,3,770,0.7434188603798734,0,[0],"[[-0.8266324996948242, -2.690231667656917e-05], [0.228091761469841, -0.2091444581747055], [0.6534611582756042, 0.003873225301504135], [0.4629764258861542, -0.042602673172950745], [-0.00638376921415329, 0.23614783585071564]]",True
early_neutral,3,771,0.7430856381206264,0,[0],"[[-0.8266324996948242, -2.690231667656917e-05], [0.228091761469841, -0.2091444581747055], [0.6571335196495056, 0.003428238444030285], [0.4680379629135132, -0.042594920843839645], [-0.00638376921415329, 0.23614783585071564]]",True
early_neutral,3,772,0.7427524158613795,0,[0],"[[-0.8266324996948242, -2.690231667656917e-05], [0.228091761469841, -0.2091444581747055], [0.6589852571487427, 0.0027583371847867966], [0.4735335111618042, -0.044187117367982864], [-0.006092887371778488, 0.23616601526737213]]",True
early_neutral,3,773,0.7424191936021326,0,[0],"[[-0.8266324996948242, -2.690231667656917e-05], [0.22849363088607788, -0.20938555896282196], [0.6595501899719238, 0.0015122275799512863], [0.4790661334991455, -0.047461338341236115], [-0.0027714951429516077, 0.23657582700252533]]",True
early_neutral,3,774,0.7420859713428857,0,[0],"[[-0.8266324996948242, -2.690231667656917e-05], [0.23088358342647552, -0.21068865060806274], [0.6596776843070984, 0.0002870287571568042], [0.48572424054145813, -0.051053233444690704], [0.0018798055825755, 0.23759180307388306]]",True
early_neutral,3,775,0.7417527490836388,0,[0],"[[-0.8266324996948242, -2.690231667656917e-05], [0.2344660758972168, -0.21239762008190155], [0.6597055196762085, -0.0009791507618501782], [0.4929862320423126, -0.05420985817909241], [0.00735175097361207, 0.23908601701259613]]",True
early_neutral,3,776,0.7414195268243918,0,[0],"[[-0.8266324996948242, -2.690231667656917e-05], [0.23932762444019318, -0.21439534425735474], [0.6595316529273987, -0.00230998732149601], [0.5013538599014282, -0.0575714074075222], [0.01303423848003149, 0.24053941667079926]]",True
early_neutral,3,777,0.7410863045651449,0,[0],"[[-0.8266324996948242, -2.690231667656917e-05], [0.24471133947372437, -0.21624676883220673], [0.6593826413154602, -0.0032531556207686663], [0.5091928839683533, -0.060816917568445206], [0.019073445349931717, 0.2419828325510025]]",True
early_neutral,3,778,0.740753082305898,0,[0],"[[-0.8266324996948242, -2.690231667656917e-05], [0.2506099045276642, -0.2179160863161087], [0.6597597599029541, -0.00367526663467288], [0.5156068205833435, -0.06464090943336487], [0.025147564709186554, 0.24325519800186157]]",True
early_neutral,3,779,0.7404198600466512,0,[0],"[[-0.8266324996948242, -2.690231667656917e-05], [0.25662291049957275, -0.21922430396080017], [0.6603003144264221, -0.004094164818525314], [0.5225244164466858, -0.06858062744140625], [0.03110383450984955, 0.24414744973182678]]",True
early_neutral,3,780,0.7400866377874042,0,[0],"[[-0.8266324996948242, -2.690231667656917e-05], [0.2625121474266052, -0.22002626955509186], [0.6624317765235901, -0.0039011866319924593], [0.5297139883041382, -0.07159010320901871], [0.037473466247320175, 0.24472802877426147]]",True
early_neutral,3,781,0.7397534155281573,0,[0],"[[-0.8266324996948242, -2.690231667656917e-05], [0.2689162790775299, -0.22040285170078278], [0.666035532951355, -0.003067145822569728], [0.5365656018257141, -0.07368604093790054], [0.043069027364254, 0.24496722221374512]]",True
early_neutral,3,782,0.7394201932689104,0,[0],"[[-0.8266324996948242, -2.690231667656917e-05], [0.27534088492393494, -0.22033824026584625], [0.6694734692573547, -0.0019153425237163901], [0.5431515574455261, -0.07429369539022446], [0.04401479661464691, 0.24498970806598663]]",True
early_neutral,3,783,0.7390869710096635,0,[0],"[[-0.8266324996948242, -2.690231667656917e-05], [0.2816242277622223, -0.22006894648075104], [0.6722413897514343, -0.0010347759816795588], [0.5505555868148804, -0.07439693808555603], [0.04401479661464691, 0.24498970806598663]]",True
early_neutral,3,784,0.7387537487504166,0,[0],"[[-0.8266324996948242, -2.690231667656917e-05], [0.2880193591117859, -0.21961350739002228], [0.6731870770454407, -0.000749175320379436], [0.5585117340087891, -0.07464761286973953], [0.04401479661464691, 0.24498970806598663]]",True
early_neutral,3,785,0.7384205264911696,0,[0],"[[-0.8266324996948242, -2.690231667656917e-05], [0.29406246542930603, -0.2190268188714981], [0.6746225953102112, -0.0005084818694740534], [0.567291259765625, -0.0750676840543747], [0.04430703818798065, 0.24499064683914185]]",True
early_neutral,3,786,0.7380873042319227,0,[0],"[[-0.8266324996948242, -2.690231667656917e-05], [0.2957167625427246, -0.21891272068023682], [0.678466260433197, -0.0001661119022173807], [0.5750324726104736, -0.0756259560585022], [0.047689083963632584, 0.24491190910339355]]",True
early_neutral,3,787,0.7377540819726758,0,[0],"[[-0.8266324996948242, -2.690231667656917e-05], [0.2960618734359741, -0.21918854117393494], [0.683468222618103, 0.0004064020758960396], [0.5836380124092102, -0.07675843685865402], [0.052577804774045944, 0.2446042001247406]]",True
early_neutral,3,788,0.7374208597134289,0,[0],"[[-0.8266324996948242, -2.690231667656917e-05], [0.2981491684913635, -0.22069573402404785], [0.6896337270736694, 0.0011382726952433586], [0.5922785997390747, -0.07708224654197693], [0.05875362455844879, 0.24408212304115295]]",True
early_neutral,3,789,0.7370876374541819,0,[0],"[[-0.8266324996948242, -2.690231667656917e-05], [0.30134159326553345, -0.22270524501800537], [0.6966814994812012, 0.0018850882770493627], [0.6015574932098389, -0.0770871639251709], [0.06514157354831696, 0.24358318746089935]]",True
early_neutral,3,790,0.736754415194935,0,[0],"[[-0.8266324996948242, -2.690231667656917e-05], [0.30324018001556396, -0.2238253504037857], [0.7041041254997253, 0.0026551776099950075], [0.6110325455665588, -0.07720106095075607], [0.0707165002822876, 0.24318617582321167]]",True
early_neutral,3,791,0.7364211929356881,0,[0],"[[-0.8266324996948242, -2.690231667656917e-05], [0.30324018001556396, -0.2238253504037857], [0.7121801376342773, 0.003532638307660818], [0.6190942525863647, -0.07825995981693268], [0.07166144996881485, 0.24314939975738525]]",True
early_neutral,3,792,0.7360879706764412,0,[0],"[[-0.8266324996948242, -2.690231667656917e-05], [0.30356094241142273, -0.2241133749485016], [0.7190895080566406, 0.004372718743979931], [0.6255991458892822, -0.0801437497138977], [0.07166144996881485, 0.24314939975738525]]",True
early_neutral,3,793,0.7357547484171942,0,[0],"[[-0.8266324996948242, -2.690231667656917e-05], [0.30548369884490967, -0.22571074962615967], [0.723699688911438, 0.004841743037104607], [0.6307602524757385, -0.0831749364733696], [0.07166144996881485, 0.24314939975738525]]",True
early_neutral,3,794,0.7354215261579473,0,[0],"[[-0.8266324996948242, -2.690231667656917e-05], [0.30839741230010986, -0.2278924584388733], [0.7245257496833801, 0.004677967634052038], [0.6368278861045837, -0.0877932533621788], [0.07195338606834412, 0.24315817654132843]]",True
early_neutral,3,795,0.7350883038987004,0,[0],"[[-0.8266324996948242, -2.690231667656917e-05], [0.31315308809280396, -0.22997619211673737], [0.7264881134033203, 0.004526810720562935], [0.6437361836433411, -0.09090346843004227], [0.07533713430166245, 0.24321430921554565]]",True
early_neutral,3,796,0.7347550816394535,0,[0],"[[-0.8266324996948242, -2.690231667656917e-05], [0.3190038502216339, -0.2314765900373459], [0.7303292751312256, 0.0044056568294763565], [0.6504701972007751, -0.0924903005361557], [0.08024941384792328, 0.24319684505462646]]",True
early_neutral,3,797,0.7344218593802065,0,[0],"[[-0.8266324996948242, -2.690231667656917e-05], [0.3249427080154419, -0.23308546841144562], [0.7353243231773376, 0.0038626878522336483], [0.6574318408966064, -0.09265082329511642], [0.08647438883781433, 0.24307577311992645]]",True
early_neutral,3,798,0.7340886371209597,0,[0],"[[-0.8266324996948242, -2.690231667656917e-05], [0.3310076594352722, -0.2344796508550644], [0.7400968074798584, 0.0029365543741732836], [0.6659074425697327, -0.09323586523532867], [0.09290262311697006, 0.24290169775485992]]",True
early_neutral,3,799,0.7337554148617128,0,[0],"[[-0.8266324996948242, -2.690231667656917e-05], [0.3371662199497223, -0.23556268215179443], [0.7412760257720947, 0.0023388206027448177], [0.6751986145973206, -0.09359514713287354], [0.09850381314754486, 0.2427196204662323]]",True
early_neutral,3,800,0.7334221926024659,0,[0],"[[-0.8266324996948242, -2.690231667656917e-05], [0.3397659957408905, -0.2359645962715149], [0.7412760257720947, 0.0023388206027448177], [0.6844320893287659, -0.09359526634216309], [0.09945011883974075, 0.2427079975605011]]",True
early_neutral,3,801,0.733088970343219,0,[0],"[[-0.8266324996948242, -2.690231667656917e-05], [0.3400518000125885, -0.2360043227672577], [0.7412760257720947, 0.0023388206027448177], [0.6937763094902039, -0.09356239438056946], [0.10088641941547394, 0.24274620413780212]]",True
early_neutral,3,802,0.732755748083972,0,[0],"[[-0.8266324996948242, -2.690231667656917e-05], [0.34339261054992676, -0.2363882064819336], [0.7425205111503601, 0.002704070881009102], [0.7031199932098389, -0.0934898778796196], [0.10491575300693512, 0.24278214573860168]]",True
early_neutral,3,803,0.7324225258247251,0,[0],"[[-0.8266324996948242, -2.690231667656917e-05], [0.3482973277568817, -0.2367790788412094], [0.7460980415344238, 0.0034951125271618366], [0.7120220065116882, -0.09340986609458923], [0.1104135513305664, 0.24270904064178467]]",True
early_neutral,3,804,0.7320893035654782,0,[1],"[[-0.8266324996948242, -2.690231667656917e-05], [0.35453394055366516, -0.236946702003479], [0.751121997833252, 0.004186892416328192], [0.7210838198661804, -0.09336750209331512], [0.1168353334069252, 0.24259531497955322]]",True
early_neutral,3,805,0.7317560813062313,0,[1],"[[-0.8266324996948242, -2.690231667656917e-05], [0.3609524071216583, -0.23668637871742249], [0.7573688626289368, 0.004877103958278894], [0.7303199172019958, -0.09335855394601822], [0.12326706945896149, 0.24248848855495453]]",True
early_neutral,3,806,0.7314228590469843,0,[1],"[[-0.8266324996948242, -2.690231667656917e-05], [0.3673205077648163, -0.2360914945602417], [0.7621777057647705, 0.005348061677068472], [0.7400007843971252, -0.09335475414991379], [0.12718333303928375, 0.24245040118694305]]",True
early_neutral,3,807,0.7310896367877374,0,[1],"[[-0.8266324996948242, -2.690231667656917e-05], [0.3737196922302246, -0.23566298186779022], [0.7628415822982788, 0.00538150779902935], [0.7490444183349609, -0.09336361289024353], [0.12724743783473969, 0.24245113134384155]]",True
early_neutral,3,808,0.7307564145284905,0,[0],"[[-0.8266324996948242, -2.690231667656917e-05], [0.3800928294658661, -0.23546768724918365], [0.7628415822982788, 0.00538150779902935], [0.7575618624687195, -0.0934024304151535], [0.12724743783473969, 0.24245113134384155]]",True
early_neutral,3,809,0.7304231922692436,0,[0],"[[-0.8266324996948242, -2.690231667656917e-05], [0.38276487588882446, -0.23542851209640503], [0.7633880376815796, 0.005372219253331423], [0.7678196430206299, -0.09343466907739639], [0.12724743783473969, 0.24245113134384155]]",True
early_neutral,3,810,0.7300899700099966,0,[0],"[[-0.8266324996948242, -2.690231667656917e-05], [0.38276487588882446, -0.23542851209640503], [0.7664999961853027, 0.005352720618247986], [0.7783819437026978, -0.09346936643123627], [0.12867975234985352, 0.24253034591674805]]",True
early_neutral,3,811,0.7297567477507497,0,[0],"[[-0.8266324996948242, -2.690231667656917e-05], [0.38415274024009705, -0.2356739342212677], [0.770898163318634, 0.005389680620282888], [0.7895832061767578, -0.093491330742836], [0.13270285725593567, 0.24267947673797607]]",True
early_neutral,3,812,0.7294235254915028,0,[0],"[[-0.8266324996948242, -2.690231667656917e-05], [0.3880729079246521, -0.23632724583148956], [0.7767335176467896, 0.005476278252899647], [0.8013800382614136, -0.09350228309631348], [0.13820038735866547, 0.24275557696819305]]",True
early_neutral,3,813,0.7290903032322559,0,[0],"[[-0.8266324996948242, -2.690231667656917e-05], [0.39346230030059814, -0.23715336620807648], [0.7839691638946533, 0.005557480733841658], [0.8137350678443909, -0.09350790083408356], [0.14462438225746155, 0.24278326332569122]]",True
early_neutral,3,814,0.728757080973009,0,[0],"[[-0.8266324996948242, -2.690231667656917e-05], [0.3997381329536438, -0.23806090652942657], [0.7924462556838989, 0.005619512405246496], [0.826639711856842, -0.0935199111700058], [0.151058167219162, 0.24277734756469727]]",True
early_neutral,3,815,0.728423858713762,0,[0],"[[-0.8266324996948242, -2.690231667656917e-05], [0.4060329496860504, -0.23892638087272644], [0.8019551038742065, 0.00565848546102643], [0.8388393521308899, -0.09355305135250092], [0.15748761594295502, 0.24275626242160797]]",True
early_neutral,3,816,0.7280906364545152,0,[0],"[[-0.8266324996948242, -2.690231667656917e-05], [0.41233521699905396, -0.2397521436214447], [0.8123347759246826, 0.005665909964591265], [0.8499113321304321, -0.09362725913524628], [0.16376733779907227, 0.24274294078350067]]",True
early_neutral,3,817,0.7277574141952683,0,[0],"[[-0.8266324996948242, -2.690231667656917e-05], [0.418545126914978, -0.24053002893924713], [0.8230463266372681, 0.0056360503658652306], [0.8591418266296387, -0.09440579265356064], [0.1702011674642563, 0.24273665249347687]]",False
early_neutral,3,818,0.7274241919360214,0,[0],"[[-0.8266324996948242, -2.690231667656917e-05], [0.424873024225235, -0.2412865310907364], [0.833884596824646, 0.005445918068289757], [0.8667013645172119, -0.09526647627353668], [0.17663373053073883, 0.24275042116641998]]",False
early_neutral,3,819,0.7270909696767744,0,[0],"[[-0.8266324996948242, -2.690231667656917e-05], [0.4316183030605316, -0.2419874221086502], [0.8436343669891357, 0.004427719861268997], [0.873195469379425, -0.09603479504585266], [0.18290717899799347, 0.24281363189220428]]",False
early_neutral,3,820,0.7267577474175275,0,[0],"[[-0.8266324996948242, -2.690231667656917e-05], [0.4397095739841461, -0.2424892634153366], [0.8529530763626099, 0.0027945798356086016], [0.8778104782104492, -0.09661351889371872], [0.18933843076229095, 0.2429310381412506]]",False
early_neutral,3,821,0.7264245251582806,0,[0],"[[-0.8266324996948242, -2.690231667656917e-05], [0.44890865683555603, -0.24268265068531036], [0.8617965579032898, 0.0015129561070352793], [0.879122793674469, -0.09674624353647232], [0.19494196772575378, 0.2430817037820816]]",False
early_neutral,3,822,0.7260913028990337,0,[0],"[[-0.8266324996948242, -2.690231667656917e-05], [0.458975613117218, -0.24278567731380463], [0.8696798086166382, 0.0005669884267263114], [0.8789407014846802, -0.09703152626752853], [0.1958838850259781, 0.2431442141532898]]",False
early_neutral,3,823,0.7257580806397868,0,[0],"[[-0.8266324996948242, -2.690231667656917e-05], [0.4698697626590729, -0.24286936223506927], [0.8781758546829224, -0.0007385023636743426], [0.8764258027076721, -0.09799912571907043], [0.19728364050388336, 0.24335728585720062]]",True
early_neutral,3,824,0.7254248583805398,0,[0],"[[-0.8266324996948242, -2.690231667656917e-05], [0.47935751080513, -0.24292781949043274], [0.8866839408874512, -0.001934695290401578], [0.8717339634895325, -0.0992763340473175], [0.20121432840824127, 0.24393512308597565]]",True
early_neutral,3,825,0.7250916361212929,0,[0],"[[-0.8266324996948242, -2.690231667656917e-05], [0.48346009850502014, -0.2429530918598175], [0.8957164883613586, -0.0018732069293037057], [0.865722119808197, -0.10085879266262054], [0.2065885215997696, 0.24469225108623505]]",True
early_neutral,3,826,0.724758413862046,0,[0],"[[-0.8266324996948242, -2.690231667656917e-05], [0.48282307386398315, -0.2429441213607788], [0.9050552248954773, -0.001665219897404313], [0.85853111743927, -0.10281216353178024], [0.2128601372241974, 0.24559755623340607]]",True
early_neutral,3,827,0.7244251916027991,0,[0],"[[-0.8266324996948242, -2.690231667656917e-05], [0.47914230823516846, -0.24295124411582947], [0.9143869280815125, -0.0013475891901180148], [0.8502928614616394, -0.10497523099184036], [0.21912796795368195, 0.24654234945774078]]",True
early_neutral,3,828,0.7240919693435521,0,[0],"[[-0.8266324996948242, -2.690231667656917e-05], [0.47415152192115784, -0.2430613785982132], [0.9236984848976135, -0.001075718435458839], [0.8414904475212097, -0.10690686851739883], [0.22537781298160553, 0.24752259254455566]]",True
early_neutral,3,829,0.7237587470843052,0,[0],"[[-0.8266324996948242, -2.690231667656917e-05], [0.47193506360054016, -0.24310287833213806], [0.9323614239692688, -0.0006831004284322262], [0.8322758674621582, -0.10715199261903763], [0.23146994411945343, 0.2485130876302719]]",False
early_neutral,3,830,0.7234255248250583,0,[0],"[[-0.8266324996948242, -2.690231667656917e-05], [0.4719105660915375, -0.24310283362865448], [0.9406641125679016, -0.0002548993506934494], [0.8225623965263367, -0.10707425326108932], [0.23769868910312653, 0.24956157803535461]]",False
early_neutral,3,831,0.7230923025658114,0,[0],"[[-0.8266324996948242, -2.690231667656917e-05], [0.4704793691635132, -0.24304622411727905], [0.9468690156936646, -0.00019416360009927303], [0.8155640363693237, -0.10698013752698898], [0.24435101449489594, 0.25054705142974854]]",False
early_neutral,3,832,0.7227590803065644,0,[0],"[[-0.8266324996948242, -2.690231667656917e-05], [0.46652400493621826, -0.2431197613477707], [0.9508646130561829, -0.00027294145547784865], [0.8141339421272278, -0.10697032511234283], [0.25241076946258545, 0.2510530650615692]]",False
early_neutral,3,833,0.7224258580473175,0,[0],"[[-0.8266324996948242, -2.690231667656917e-05], [0.4612395465373993, -0.24361003935337067], [0.9544321894645691, -0.0003526055079419166], [0.8127196431159973, -0.10707301646471024], [0.2612205743789673, 0.25087979435920715]]",False
early_neutral,3,834,0.7220926357880706,0,[0],"[[-0.8266324996948242, -2.690231667656917e-05], [0.45487180352211, -0.24437221884727478], [0.9567627310752869, -0.0004558994260150939], [0.808772087097168, -0.10718841850757599], [0.2677591145038605, 0.2505406141281128]]",False
early_neutral,3,835,0.7217594135288238,0,[0],"[[-0.8266324996948242, -2.690231667656917e-05], [0.4475942850112915, -0.2453300505876541], [0.9577671885490417, -0.0006605327362194657], [0.8034722208976746, -0.10705677419900894], [0.27415555715560913, 0.25009119510650635]]",False
early_neutral,3,836,0.7214261912695769,0,[0],"[[-0.8266324996948242, -2.690231667656917e-05], [0.4398421347141266, -0.24644377827644348], [0.9575878381729126, -0.0008738687029108405], [0.7967979311943054, -0.10678577423095703], [0.2805458605289459, 0.24960535764694214]]",False
early_neutral,3,837,0.7210929690103299,0,[0],"[[-0.8266324996948242, -2.690231667656917e-05], [0.43251556158065796, -0.24760405719280243], [0.9574123024940491, -0.0010152044706046581], [0.7888437509536743, -0.10642416775226593], [0.28694552183151245, 0.24917468428611755]]",False
early_neutral,3,838,0.720759746751083,0,[0],"[[-0.8266324996948242, -2.690231667656917e-05], [0.4263438582420349, -0.24878562986850739], [0.9586881995201111, -0.0009529648232273757], [0.7798261046409607, -0.10598880797624588], [0.2925340533256531, 0.24886196851730347]]",False
early_neutral,3,839,0.7204265244918361,0,[0],"[[-0.8266324996948242, -2.690231667656917e-05], [0.42024752497673035, -0.25012341141700745], [0.9611968398094177, -0.00042736169416457415], [0.7699446082115173, -0.10551207512617111], [0.29399606585502625, 0.24888606369495392]]",False
early_neutral,3,840,0.7200933022325892,0,[0],"[[-0.8266324996948242, -2.690231667656917e-05], [0.41409870982170105, -0.251354455947876], [0.9643483757972717, -1.0412702067696955e-05], [0.7595361471176147, -0.10485372692346573], [0.2940630316734314, 0.24890445172786713]]",False
early_neutral,3,841,0.7197600799733422,0,[0],"[[-0.8266324996948242, -2.690231667656917e-05], [0.40786996483802795, -0.25240156054496765], [0.9657676815986633, 0.00016080700152087957], [0.7500008344650269, -0.10237748175859451], [0.29151904582977295, 0.249635711312294]]",False
early_neutral,3,842,0.7194268577140953,0,[0],"[[-0.8266324996948242, -2.690231667656917e-05], [0.4018520712852478, -0.25237107276916504], [0.9647910594940186, 0.00022919119510333985], [0.7407497763633728, -0.09859854727983475], [0.2872919738292694, 0.2505742311477661]]",False
early_neutral,3,843,0.7190936354548484,0,[0],"[[-0.8266324996948242, -2.690231667656917e-05], [0.39586740732192993, -0.25129204988479614], [0.9630547761917114, 0.0002824884722940624], [0.7309795022010803, -0.09450393170118332], [0.2816547155380249, 0.2515009641647339]]",False
early_neutral,3,844,0.7187604131956015,0,[0],"[[-0.8266324996948242, -2.690231667656917e-05], [0.3896726369857788, -0.25018006563186646], [0.9614471197128296, 0.0002635256096255034], [0.7206557989120483, -0.09023347496986389], [0.27501845359802246, 0.2524348199367523]]",False
early_neutral,3,845,0.7184271909363545,0,[0],"[[-0.8266324996948242, -2.690231667656917e-05], [0.38349542021751404, -0.24900998175144196], [0.9600241184234619, 0.000181676383363083], [0.7098874449729919, -0.08583350479602814], [0.2675008773803711, 0.25332844257354736]]",False
early_neutral,3,846,0.7180939686771076,0,[0],"[[-0.8266324996948242, -2.690231667656917e-05], [0.37737029790878296, -0.2477291077375412], [0.9592561721801758, 0.000394142116419971], [0.6987612247467041, -0.08134492486715317], [0.25931212306022644, 0.25412583351135254]]",False
early_neutral,3,847,0.7177607464178607,0,[0],"[[-0.8266324996948242, -2.690231667656917e-05], [0.3712787330150604, -0.24638184905052185], [0.9585323333740234, 0.0006991686532273889], [0.6873432397842407, -0.07680409401655197], [0.25266721844673157, 0.25465425848960876]]",False
early_neutral,3,848,0.7174275241586138,0,[0],"[[-0.8266324996948242, -2.690231667656917e-05], [0.36520910263061523, -0.24499335885047913], [0.9577925801277161, 0.0009904807666316628], [0.6756938099861145, -0.07223156094551086], [0.24626179039478302, 0.2550458610057831]]",False
early_neutral,3,849,0.7170943018993668,0,[0],"[[-0.8266324996948242, -2.690231667656917e-05], [0.3591574728488922, -0.2435719072818756], [0.9570796489715576, 0.0012645700480788946], [0.6638511419296265, -0.06765298545360565], [0.2398466020822525, 0.2553642988204956]]",False
early_neutral,3,850,0.7167610796401199,0,[0],"[[-0.8266324996948242, -2.690231667656917e-05], [0.3531128764152527, -0.24213778972625732], [0.9565884470939636, 0.0014516355004161596], [0.6518610119819641, -0.06307028234004974], [0.23343342542648315, 0.25569939613342285]]",False
early_neutral,3,851,0.716427857380873,0,[0],"[[-0.8266324996948242, -2.690231667656917e-05], [0.34705471992492676, -0.24068768322467804], [0.9565884470939636, 0.0014516355004161596], [0.6397605538368225, -0.05848332494497299], [0.22702325880527496, 0.2560579180717468]]",False
early_neutral,3,852,0.7160946351216261,0,[0],"[[-0.8266324996948242, -2.690231667656917e-05], [0.34091320633888245, -0.23921261727809906], [0.9565884470939636, 0.0014516355004161596], [0.6275704503059387, -0.05390029028058052], [0.22062160074710846, 0.2564755082130432]]",False
early_neutral,3,853,0.7157614128623792,0,[0],"[[-0.8266324996948242, -2.690231667656917e-05], [0.3339492976665497, -0.23753681778907776], [0.9565884470939636, 0.0014516355004161596], [0.6153033971786499, -0.049330588430166245], [0.2142314910888672, 0.2569623291492462]]",False
early_neutral,3,854,0.7154281906031323,0,[0],"[[-0.8266324996948242, -2.690231667656917e-05], [0.32650497555732727, -0.2357420176267624], [0.9565884470939636, 0.0014516355004161596], [0.6029680371284485, -0.04478270187973976], [0.20785373449325562, 0.2575136423110962]]",False
early_neutral,3,855,0.7150949683438854,0,[0],"[[-0.8266324996948242, -2.690231667656917e-05], [0.31810468435287476, -0.23370854556560516], [0.9565884470939636, 0.0014516355004161596], [0.5903996229171753, -0.040469810366630554], [0.20148871839046478, 0.2581239938735962]]",False
early_neutral,3,856,0.7147617460846385,0,[0],"[[-0.8266324996948242, -2.690231667656917e-05], [0.3095000684261322, -0.23160621523857117], [0.9565884470939636, 0.0014516355004161596], [0.5775244235992432, -0.03652164340019226], [0.1951369345188141, 0.25879034399986267]]",False
early_neutral,3,857,0.7144285238253916,0,[0],"[[-0.8266324996948242, -2.690231667656917e-05], [0.3011598289012909, -0.22955001890659332], [0.9565884470939636, 0.0014516355004161596], [0.5643118619918823, -0.033050306141376495], [0.18879561126232147, 0.25949758291244507]]",False
early_neutral,3,858,0.7140953015661446,0,[0],"[[-0.8266324996948242, -2.690231667656917e-05], [0.2950339913368225, -0.22802414000034332], [0.9565884470939636, 0.0014516355004161596], [0.5506791472434998, -0.030323896557092667], [0.18246468901634216, 0.26024335622787476]]",False
early_neutral,3,859,0.7137620793068977,0,[0],"[[-0.8266324996948242, -2.690231667656917e-05], [0.2890337109565735, -0.22651328146457672], [0.9565582275390625, 0.0014456731732934713], [0.5367281436920166, -0.028361722826957703], [0.1761379837989807, 0.26100414991378784]]",False
early_neutral,3,860,0.7134288570476508,0,[0],"[[-0.8266324996948242, -2.690231667656917e-05], [0.2825055420398712, -0.22475142776966095], [0.9537992477416992, 0.0010260738199576735], [0.5225976705551147, -0.027009598910808563], [0.16981175541877747, 0.26176655292510986]]",False
early_neutral,3,861,0.7130956347884039,0,[0],"[[-0.8266324996948242, -2.690231667656917e-05], [0.27494654059410095, -0.22240328788757324], [0.9492456316947937, 0.0006271636812016368], [0.5083601474761963, -0.026225410401821136], [0.16435185074806213, 0.2618805766105652]]",False
early_neutral,3,862,0.712762412529157,0,[0],"[[-0.8266324996948242, -2.690231667656917e-05], [0.26746243238449097, -0.2198193520307541], [0.9432249069213867, 0.00041861055069603026], [0.4940783679485321, -0.025822006165981293], [0.16187751293182373, 0.2594901919364929]]",False
early_neutral,3,863,0.71242919026991,0,[0],"[[-0.8266324996948242, -2.690231667656917e-05], [0.26173287630081177, -0.21791499853134155], [0.9358229637145996, 0.00021809582540299743], [0.47978517413139343, -0.025567330420017242], [0.16084624826908112, 0.2556779086589813]]",False
early_neutral,3,864,0.7120959680106631,0,[0],"[[-0.8266324996948242, -2.690231667656917e-05], [0.25594228506088257, -0.21609066426753998], [0.927192211151123, 3.7199122743913904e-05], [0.46548566222190857, -0.025428159162402153], [0.1600656658411026, 0.25093504786491394]]",False
early_neutral,3,865,0.7117627457514162,0,[0],"[[-0.8266324996948242, -2.690231667656917e-05], [0.25012335181236267, -0.21435968577861786], [0.917799711227417, -0.00013015937292948365], [0.45118576288223267, -0.025237789377570152], [0.15971224009990692, 0.24535222351551056]]",False
early_neutral,3,866,0.7114295234921693,0,[0],"[[-0.8266324996948242, -2.690231667656917e-05], [0.24429172277450562, -0.21272818744182587], [0.9075564742088318, -0.00029076336068101227], [0.4368872046470642, -0.024972397834062576], [0.15966537594795227, 0.2393714338541031]]",False
early_neutral,3,867,0.7110963012329223,0,[0],"[[-0.8266324996948242, -2.690231667656917e-05], [0.23832549154758453, -0.2111615687608719], [0.896859884262085, -0.0004395984287839383], [0.4225979745388031, -0.024531565606594086], [0.15964138507843018, 0.23339059948921204]]",False
early_neutral,3,868,0.7107630789736754,0,[0],"[[-0.8266324996948242, -2.690231667656917e-05], [0.23235218226909637, -0.20961813628673553], [0.8857077956199646, -0.0005738661857321858], [0.40832939743995667, -0.023858124390244484], [0.1596369445323944, 0.2274097353219986]]",False
early_neutral,3,869,0.7104298567144285,0,[0],"[[-0.8266324996948242, -2.690231667656917e-05], [0.22651176154613495, -0.2080412656068802], [0.8739283084869385, -0.0006983581115491688], [0.3940924406051636, -0.02294049970805645], [0.15963563323020935, 0.22142887115478516]]",False
early_neutral,3,870,0.7100966344551816,0,[0],"[[-0.8266324996948242, -2.690231667656917e-05], [0.22060741484165192, -0.20637817680835724], [0.8615908622741699, -0.0008136023534461856], [0.3799028694629669, -0.02174985222518444], [0.15963518619537354, 0.21544800698757172]]",False
early_neutral,3,871,0.7097634121959346,0,[0],"[[-0.8266324996948242, -2.690231667656917e-05], [0.2147504687309265, -0.2046510875225067], [0.8488079309463501, -0.0009109681122936308], [0.36577168107032776, -0.0202926117926836], [0.15963506698608398, 0.20946714282035828]]",False
early_neutral,3,872,0.7094301899366877,0,[0],"[[-0.8266324996948242, -2.690231667656917e-05], [0.20905368030071259, -0.2028757929801941], [0.8356783390045166, -0.000992246437817812], [0.3516877293586731, -0.01865100860595703], [0.1596350073814392, 0.20348629355430603]]",False
early_neutral,3,873,0.7090969676774409,0,[0],"[[-0.8266324996948242, -2.690231667656917e-05], [0.20331165194511414, -0.20098741352558136], [0.822281002998352, -0.0010500372154638171], [0.3376500606536865, -0.016848981380462646], [0.1596350073814392, 0.1975053995847702]]",False
early_neutral,3,874,0.708763745418194,0,[0],"[[-0.8266324996948242, -2.690231667656917e-05], [0.1976211667060852, -0.19903402030467987], [0.8086777925491333, -0.0010874534491449594], [0.3236375153064728, -0.014964930713176727], [0.1596350073814392, 0.19152453541755676]]",False
early_neutral,3,875,0.7084305231589471,0,[0],"[[-0.8266324996948242, -2.690231667656917e-05], [0.19202639162540436, -0.19712147116661072], [0.7949174642562866, -0.0011089442996308208], [0.3096206784248352, -0.01309425663203001], [0.1596350073814392, 0.18554368615150452]]",False
early_neutral,3,876,0.7080973008997001,0,[0],"[[-0.8266324996948242, -2.690231667656917e-05], [0.1863178014755249, -0.1951904594898224], [0.7810375690460205, -0.001114172162488103], [0.2955945134162903, -0.011252973228693008], [0.1596350073814392, 0.17956283688545227]]",False
early_neutral,3,877,0.7077640786404532,0,[0],"[[-0.8266324996948242, -2.690231667656917e-05], [0.18059282004833221, -0.1932828575372696], [0.7670668363571167, -0.0010961545631289482], [0.28153538703918457, -0.009521281346678734], [0.1596350073814392, 0.17358197271823883]]",False
early_neutral,3,878,0.7074308563812063,0,[0],"[[-0.8266324996948242, -2.690231667656917e-05], [0.17486810684204102, -0.1915074586868286], [0.7530273199081421, -0.001052756211720407], [0.2674424946308136, -0.00790993683040142], [0.1596350073814392, 0.1676011085510254]]",False
early_neutral,3,879,0.7070976341219594,0,[0],"[[-0.8266324996948242, -2.690231667656917e-05], [0.16900213062763214, -0.18985092639923096], [0.7389354705810547, -0.0009861382422968745], [0.25332167744636536, -0.006405877415090799], [0.1596350073814392, 0.16162024438381195]]",False
early_neutral,3,880,0.7067644118627124,0,[0],"[[-0.8266324996948242, -2.690231667656917e-05], [0.16301608085632324, -0.18831726908683777], [0.7248045206069946, -0.0008990343776531518], [0.23917661607265472, -0.0050016711466014385], [0.15963491797447205, 0.1560937911272049]]",False
early_neutral,3,881,0.7064311896034655,0,[0],"[[-0.8266324996948242, -2.690231667656917e-05], [0.15707971155643463, -0.1867712140083313], [0.7106442451477051, -0.0007922606891952455], [0.22500577569007874, -0.00371182500384748], [0.15963463485240936, 0.15376116335391998]]",False
early_neutral,3,882,0.7060979673442186,0,[0],"[[-0.8266324996948242, -2.690231667656917e-05], [0.15125752985477448, -0.18512696027755737], [0.6964617371559143, -0.0006700821104459465], [0.21080462634563446, -0.0025719248224049807], [0.15970079600811005, 0.15375427901744843]]",False
early_neutral,3,883,0.7057647450849717,0,[0],"[[-0.8266324996948242, -2.690231667656917e-05], [0.14543107151985168, -0.18335160613059998], [0.6822625994682312, -0.0005331163993105292], [0.19657640159130096, -0.0015853309305384755], [0.16288448870182037, 0.15371213853359222]]",False
early_neutral,3,884,0.7054315228257247,0,[0],"[[-0.8266324996948242, -2.690231667656917e-05], [0.13976268470287323, -0.18143492937088013], [0.6680508852005005, -0.0003840052813757211], [0.18232250213623047, -0.0007708442863076925], [0.16463631391525269, 0.1536942720413208]]",False
early_neutral,3,885,0.7050983005664778,0,[0],"[[-0.8266324996948242, -2.690231667656917e-05], [0.13434062898159027, -0.1793365329504013], [0.65382981300354, -0.00022426663781516254], [0.16804727911949158, -0.0001340830058325082], [0.16463631391525269, 0.1536942720413208]]",False
early_neutral,3,886,0.7047650783072309,0,[0],"[[-0.8266324996948242, -2.690231667656917e-05], [0.12900729477405548, -0.1769958734512329], [0.6396016478538513, -5.5337382946163416e-05], [0.1537574678659439, 0.0003457524871919304], [0.16463631391525269, 0.1536942720413208]]",False
early_neutral,3,887,0.704431856047984,0,[0],"[[-0.8266324996948242, -2.690231667656917e-05], [0.12383197993040085, -0.1745089292526245], [0.6253682971000671, 0.00011926583829335868], [0.13945868611335754, 0.0006942444015294313], [0.16463631391525269, 0.1536942720413208]]",False
early_neutral,3,888,0.704098633788737,0,[0],"[[-0.8266324996948242, -2.690231667656917e-05], [0.11877622455358505, -0.17204147577285767], [0.6111308932304382, 0.00029929535230621696], [0.1251545399427414, 0.0009348758612759411], [0.1646871417760849, 0.15507082641124725]]",False
early_neutral,3,889,0.7037654115294901,0,[0],"[[-0.8266324996948242, -2.690231667656917e-05], [0.11365202069282532, -0.16950981318950653], [0.5968906879425049, 0.00048373089521192014], [0.1108507439494133, 0.001185374683700502], [0.16474580764770508, 0.15783613920211792]]",False
early_neutral,3,890,0.7034321892702432,0,[0],"[[-0.8266324996948242, -2.690231667656917e-05], [0.10853564739227295, -0.16697350144386292], [0.5826480984687805, 0.0006722727557644248], [0.09654810279607773, 0.0014622127637267113], [0.16485628485679626, 0.16110117733478546]]",False
early_neutral,3,891,0.7030989670109964,0,[0],"[[-0.8266324996948242, -2.690231667656917e-05], [0.10343892872333527, -0.1645483672618866], [0.5684038996696472, 0.0008624300244264305], [0.08224938064813614, 0.0018141546752303839], [0.16513171792030334, 0.16229084134101868]]",False
early_neutral,3,892,0.7027657447517495,0,[0],"[[-0.8266324996948242, -2.690231667656917e-05], [0.09816091507673264, -0.1621543914079666], [0.5541583299636841, 0.0010511574801057577], [0.06795752048492432, 0.002269029850140214], [0.16519522666931152, 0.16238777339458466]]",False
early_neutral,3,893,0.7024325224925025,0,[0],"[[-0.8266324996948242, -2.690231667656917e-05], [0.09279926121234894, -0.15984384715557098], [0.5399128794670105, 0.0012713833712041378], [0.05366133153438568, 0.002638349076732993], [0.16597430408000946, 0.1606139838695526]]",False
early_neutral,3,894,0.7020993002332556,0,[0],"[[-0.8266324996948242, -2.690231667656917e-05], [0.0873880535364151, -0.1577034741640091], [0.5256772637367249, 0.0016877088928595185], [0.03935724124312401, 0.0024573884438723326], [0.16662462055683136, 0.1576429307460785]]",False
early_neutral,3,895,0.7017660779740087,0,[0],"[[-0.8266324996948242, -2.690231667656917e-05], [0.08178538829088211, -0.155699223279953], [0.51146000623703, 0.0023213427048176527], [0.025093162432312965, 0.0017321797786280513], [0.16678690910339355, 0.15404818952083588]]",False
early_neutral,3,896,0.7014328557147618,0,[0],"[[-0.8266324996948242, -2.690231667656917e-05], [0.07600989192724228, -0.15383367240428925], [0.49726438522338867, 0.0031383074820041656], [0.010860130190849304, 0.0007749332580715418], [0.16659162938594818, 0.15203730762004852]]",False
early_neutral,3,897,0.7010996334555148,0,[0],"[[-0.8266324996948242, -2.690231667656917e-05], [0.06955470889806747, -0.15156006813049316], [0.48309287428855896, 0.004119085147976875], [-0.0033485933672636747, -0.00032459167414344847], [0.16698049008846283, 0.14965273439884186]]",False
early_neutral,3,898,0.7007664111962679,0,[0],"[[-0.8266324996948242, -2.690231667656917e-05], [0.062357913702726364, -0.14847859740257263], [0.46902891993522644, 0.005330152343958616], [-0.01753210462629795, -0.0015544277848675847], [0.1673833727836609, 0.14626678824424744]]",False
early_neutral,3,899,0.700433188937021,0,[0],"[[-0.8266324996948242, -2.690231667656917e-05], [0.05468325316905975, -0.14479923248291016], [0.45526883006095886, 0.006929785944521427], [-0.03169076889753342, -0.0029000358190387487], [0.16738174855709076, 0.14193347096443176]]",False
early_neutral,3,900,0.7000999666777741,0,[0],"[[-0.8266324996948242, -2.690231667656917e-05], [0.04617692530155182, -0.1408890038728714], [0.44163742661476135, 0.008936312980949879], [-0.04582204669713974, -0.004362447187304497], [0.1673807054758072, 0.13673348724842072]]",False
early_neutral,3,901,0.6997667444185272,0,[0],"[[-0.8266324996948242, -2.690231667656917e-05], [0.03701893985271454, -0.13692036271095276], [0.42816901206970215, 0.011346893385052681], [-0.05992202088236809, -0.005947622936218977], [0.16738048195838928, 0.13085070252418518]]",False
early_neutral,3,902,0.6994335221592802,0,[0],"[[-0.8266324996948242, -2.690231667656917e-05], [0.030010443180799484, -0.134417325258255], [0.4148239493370056, 0.014164467342197895], [-0.07398764789104462, -0.007657066453248262], [0.16738037765026093, 0.12486984580755234]]",False
early_neutral,3,903,0.6991002999000333,0,[0],"[[-0.8266324996948242, -2.690231667656917e-05], [0.023907804861664772, -0.1331028938293457], [0.40157151222229004, 0.017171915620565414], [-0.08799712359905243, -0.009551044553518295], [0.16738034784793854, 0.1188889890909195]]",False
early_neutral,3,904,0.6987670776407864,0,[0],"[[-0.8266324996948242, -2.690231667656917e-05], [0.019071996212005615, -0.13320550322532654], [0.388260155916214, 0.02015969343483448], [-0.10193270444869995, -0.011663250625133514], [0.16738034784793854, 0.11290812492370605]]",False
early_neutral,3,905,0.6984338553815395,0,[0],"[[-0.8266324996948242, -2.690231667656917e-05], [0.01757015287876129, -0.13588173687458038], [0.3748938739299774, 0.023082509636878967], [-0.1149912104010582, -0.01376715861260891], [0.16738034784793854, 0.10692726820707321]]",False
early_neutral,3,906,0.6981006331222925,0,[0],"[[-0.8266324996948242, -2.690231667656917e-05], [0.017998293042182922, -0.1396998167037964], [0.3614576458930969, 0.02589014358818531], [-0.12422855943441391, -0.015018362551927567], [0.16738034784793854, 0.10094640403985977]]",False
early_neutral,3,907,0.6977674108630456,0,[0],"[[-0.8266324996948242, -2.690231667656917e-05], [0.019424093887209892, -0.1443333625793457], [0.347957044839859, 0.02855813130736351], [-0.1303378939628601, -0.015247697941958904], [0.16738034784793854, 0.09496554732322693]]",False
early_neutral,3,908,0.6974341886037987,0,[0],"[[-0.8266324996948242, -2.690231667656917e-05], [0.02216491475701332, -0.14957456290721893], [0.3343963027000427, 0.03100011870265007], [-0.1319928765296936, -0.015295577235519886], [0.16738034784793854, 0.08898468315601349]]",False
early_neutral,3,909,0.6971009663445518,0,[0],"[[-0.8266324996948242, -2.690231667656917e-05], [0.025124387815594673, -0.15523333847522736], [0.3208145201206207, 0.033426180481910706], [-0.1319928765296936, -0.015295577235519886], [0.16738034784793854, 0.08300382643938065]]",False
early_neutral,3,910,0.696767744085305,0,[0],"[[-0.8269245624542236, -3.199074853910133e-05], [0.027412226423621178, -0.16102445125579834], [0.307321161031723, 0.035989005118608475], [-0.13286925852298737, -0.01652410812675953], [0.16738034784793854, 0.0770229622721672]]",False
early_neutral,3,911,0.696434521826058,0,[0],"[[-0.8302700519561768, -8.09201956144534e-05], [0.028595998883247375, -0.16613894701004028], [0.29384422302246094, 0.03858988732099533], [-0.13481533527374268, -0.01896190084517002], [0.16738034784793854, 0.07104210555553436]]",False
early_neutral,3,912,0.6961012995668111,0,[0],"[[-0.8350408673286438, -0.00013113627210259438], [0.026089465245604515, -0.16881561279296875], [0.2803068459033966, 0.04113265499472618], [-0.13770988583564758, -0.02207784540951252], [0.16738034784793854, 0.06506124138832092]]",False
early_neutral,3,913,0.6957680773075642,0,[0],"[[-0.8411588668823242, -0.00018006972095463425], [0.020680643618106842, -0.17031677067279816], [0.2667100727558136, 0.043561890721321106], [-0.14162690937519073, -0.025396093726158142], [0.16688525676727295, 0.05915110930800438]]",False
early_neutral,3,914,0.6954348550483173,0,[0],"[[-0.8482762575149536, -0.00023672454699408263], [0.013764618895947933, -0.17169015109539032], [0.25298890471458435, 0.045787326991558075], [-0.14612601697444916, -0.028397267684340477], [0.16309651732444763, 0.05413965880870819]]",False
early_neutral,3,915,0.6951016327890703,0,[0],"[[-0.8560280203819275, -0.000298132945317775], [0.005396982654929161, -0.17257793247699738], [0.2394869029521942, 0.048267751932144165], [-0.15177759528160095, -0.031388476490974426], [0.15684008598327637, 0.049800485372543335]]",False
early_neutral,3,916,0.6947684105298234,0,[0],"[[-0.8646765351295471, -0.00036676257150247693], [-0.0038447421975433826, -0.17278064787387848], [0.2280743569135666, 0.052280493080616], [-0.15897196531295776, -0.0343346893787384], [0.15035587549209595, 0.04556167870759964]]",False
early_neutral,3,917,0.6944351882705765,0,[0],"[[-0.873866856098175, -0.000445368088549003], [-0.013242248445749283, -0.17239123582839966], [0.2178458273410797, 0.05715426802635193], [-0.1671396642923355, -0.03706630319356918], [0.14386358857154846, 0.04132811352610588]]",False
early_neutral,3,918,0.6941019660113296,0,[0],"[[-0.8830571174621582, -0.0005312704015523195], [-0.021403420716524124, -0.17039497196674347], [0.20744067430496216, 0.062126487493515015], [-0.17467568814754486, -0.03965951129794121], [0.13736538589000702, 0.03709840029478073]]",False
early_neutral,3,919,0.6937687437520826,0,[0],"[[-0.892247200012207, -0.0006239920621737838], [-0.027662187814712524, -0.17058917880058289], [0.19726954400539398, 0.06770191341638565], [-0.1774192899465561, -0.04224327579140663], [0.13087153434753418, 0.032897718250751495]]",False
early_neutral,3,920,0.6934355214928357,0,[0],"[[-0.9014371037483215, -0.0007229394395835698], [-0.03343909978866577, -0.1724196821451187], [0.18706652522087097, 0.07353606075048447], [-0.1751507669687271, -0.04486394673585892], [0.12398802489042282, 0.03056671842932701]]",False
early_neutral,3,921,0.6931022992335888,0,[0],"[[-0.9106268882751465, -0.0008278293535113335], [-0.039036720991134644, -0.17448362708091736], [0.17682252824306488, 0.0794987678527832], [-0.17392921447753906, -0.048495713621377945], [0.11536312103271484, 0.030646178871393204]]",False
early_neutral,3,922,0.6927690769743419,0,[0],"[[-0.9198164939880371, -0.000937244447413832], [-0.04459771513938904, -0.17658907175064087], [0.16648414731025696, 0.08551301807165146], [-0.17540067434310913, -0.052393339574337006], [0.10612288117408752, 0.031774237751960754]]",False
early_neutral,3,923,0.692435854715095,0,[0],"[[-0.9290059804916382, -0.001051045604981482], [-0.04877591133117676, -0.17820695042610168], [0.15586315095424652, 0.09140929579734802], [-0.17810699343681335, -0.05617013946175575], [0.09633957594633102, 0.033201999962329865]]",False
early_neutral,3,924,0.692102632455848,0,[0],"[[-0.9381952881813049, -0.0011723715579137206], [-0.049059927463531494, -0.17831772565841675], [0.14497819542884827, 0.09717174619436264], [-0.18154463171958923, -0.05991623178124428], [0.0858745351433754, 0.03493984043598175]]",False
early_neutral,3,925,0.6917694101966011,0,[0],"[[-0.9473841786384583, -0.0013030049158260226], [-0.04927287995815277, -0.1784479171037674], [0.1338900774717331, 0.10282492637634277], [-0.1860807240009308, -0.0638851523399353], [0.07532671093940735, 0.03662979602813721]]",False
early_neutral,3,926,0.6914361879373542,0,[0],"[[-0.956548810005188, -0.0014441001694649458], [-0.05181672424077988, -0.17986567318439484], [0.12262409180402756, 0.10837125033140182], [-0.19169697165489197, -0.06789055466651917], [0.06415420770645142, 0.038292303681373596]]",False
early_neutral,3,927,0.6911029656781073,0,[0],"[[-0.965702474117279, -0.0015995984431356192], [-0.05565553158521652, -0.18172506988048553], [0.11117582768201828, 0.11379130929708481], [-0.19812554121017456, -0.07213660329580307], [0.05235368013381958, 0.03993125259876251]]",False
early_neutral,3,928,0.6907697434188603,0,[0],"[[-0.9745829105377197, -0.0017599448328837752], [-0.06086336821317673, -0.18388941884040833], [0.09953708201646805, 0.11906331777572632], [-0.202764093875885, -0.07613445818424225], [0.03997621312737465, 0.041409123688936234]]",False
early_neutral,3,929,0.6904365211596135,0,[0],"[[-0.9797882437705994, -0.0017002647509798408], [-0.06753581017255783, -0.1861734241247177], [0.08769530802965164, 0.12416062504053116], [-0.20215725898742676, -0.07903353869915009], [0.027135487645864487, 0.042683765292167664]]",False
early_neutral,3,930,0.6901032989003666,0,[0],"[[-0.9833880662918091, -0.0014256174908950925], [-0.0756215900182724, -0.18836292624473572], [0.07555520534515381, 0.1289677917957306], [-0.19836075603961945, -0.08167880773544312], [0.013938507065176964, 0.043771713972091675]]",False
early_neutral,3,931,0.6897700766411197,0,[0],"[[-0.9849307537078857, -0.0012708584545180202], [-0.08429712802171707, -0.19033585488796234], [0.06312305480241776, 0.13346116244792938], [-0.1939496397972107, -0.08386091142892838], [0.0004583263071253896, 0.044623441994190216]]",False
early_neutral,3,932,0.6894368543818727,0,[0],"[[-0.9854422807693481, -0.0012334646889939904], [-0.09312310069799423, -0.19200251996517181], [0.05041356384754181, 0.1376238465309143], [-0.18974697589874268, -0.08288167417049408], [-0.013231300748884678, 0.04529140517115593]]",False
early_neutral,3,933,0.6891036321226258,0,[0],"[[-0.9854661822319031, -0.001232147216796875], [-0.10206464678049088, -0.19338464736938477], [0.03744558244943619, 0.14144302904605865], [-0.1853916347026825, -0.0801912173628807], [-0.027080368250608444, 0.04576919227838516]]",False
early_neutral,3,934,0.6887704098633789,0,[0],"[[-0.9854661822319031, -0.001232147216796875], [-0.11109550297260284, -0.19449396431446075], [0.02424410544335842, 0.14491453766822815], [-0.18015967309474945, -0.07680758088827133], [-0.04104779660701752, 0.04607321694493294]]",False
early_neutral,3,935,0.688437187604132,0,[0],"[[-0.9854000210762024, -0.001233331742696464], [-0.11895928531885147, -0.19521665573120117], [0.01083621196448803, 0.14803937077522278], [-0.17405778169631958, -0.0728464350104332], [-0.05510200187563896, 0.04622160270810127]]",False
early_neutral,3,936,0.688103965344885,0,[0],"[[-0.9822083115577698, -0.001274371286854148], [-0.12538151443004608, -0.19545046985149384], [-0.0027525294572114944, 0.15081942081451416], [-0.16755762696266174, -0.06861797720193863], [-0.06921923905611038, 0.046219464391469955]]",False
early_neutral,3,937,0.6877707430856381,0,[0],"[[-0.9771454334259033, -0.0012939763255417347], [-0.1318131387233734, -0.19537469744682312], [-0.016464997082948685, 0.15333430469036102], [-0.1610579490661621, -0.06438920646905899], [-0.08338207006454468, 0.04612758010625839]]",False
early_neutral,3,938,0.6874375208263912,0,[0],"[[-0.9705840945243835, -0.0012615963350981474], [-0.13823474943637848, -0.19512008130550385], [-0.030278785154223442, 0.1556059867143631], [-0.15455865859985352, -0.06016020104289055], [-0.09757818281650543, 0.045963354408741]]",False
early_neutral,3,939,0.6871042985671443,0,[0],"[[-0.9626560211181641, -0.0011978414840996265], [-0.1446394920349121, -0.19472455978393555], [-0.04415344074368477, 0.15771892666816711], [-0.1480594128370285, -0.05593116208910942], [-0.11179938912391663, 0.04575860872864723]]",False
early_neutral,3,940,0.6867710763078974,0,[0],"[[-0.953584611415863, -0.0011011769529432058], [-0.15102876722812653, -0.19425681233406067], [-0.0580480732023716, 0.15977786481380463], [-0.14156022667884827, -0.05170207843184471], [-0.12604033946990967, 0.04555244371294975]]",False
early_neutral,3,941,0.6864378540486504,0,[0],"[[-0.9440445899963379, -0.000961697252932936], [-0.15731510519981384, -0.19380751252174377], [-0.07196009159088135, 0.161788210272789], [-0.13506105542182922, -0.0474729910492897], [-0.14029638469219208, 0.04535176604986191]]",False
early_neutral,3,942,0.6861046317894035,0,[0],"[[-0.9336507320404053, -0.0007623652345500886], [-0.163712278008461, -0.1933613270521164], [-0.08587966114282608, 0.1637776792049408], [-0.12856189906597137, -0.0432438924908638], [-0.15456484258174896, 0.04519093409180641]]",False
early_neutral,3,943,0.6857714095301566,0,[0],"[[-0.9227625727653503, -0.000510469195432961], [-0.17051996290683746, -0.19301140308380127], [-0.099806047976017, 0.16574786603450775], [-0.12206272035837173, -0.03901480883359909], [-0.16884268820285797, 0.04507031291723251]]",False
early_neutral,3,944,0.6854381872709097,0,[0],"[[-0.9115723967552185, -0.00022450360120274127], [-0.17864134907722473, -0.19310106337070465], [-0.11378008127212524, 0.16756942868232727], [-0.11556355655193329, -0.034785714000463486], [-0.1831168681383133, 0.044718317687511444]]",False
early_neutral,3,945,0.6851049650116627,0,[0],"[[-0.8997582197189331, 0.00010098060738528147], [-0.187687486410141, -0.19375310838222504], [-0.12781870365142822, 0.1691676378250122], [-0.10906439274549484, -0.03055662102997303], [-0.19736094772815704, 0.04398007690906525]]",False
early_neutral,3,946,0.6847717427524158,0,[0],"[[-0.8873980641365051, 0.00046320719411596656], [-0.1968209594488144, -0.19442106783390045], [-0.1419093906879425, 0.17055962979793549], [-0.1025652214884758, -0.026327531784772873], [-0.21156884729862213, 0.04296154901385307]]",False
early_neutral,3,947,0.6844385204931689,0,[0],"[[-0.8746021389961243, 0.0008733286522328854], [-0.20597633719444275, -0.19494687020778656], [-0.15603581070899963, 0.17178943753242493], [-0.09606606513261795, -0.02209843136370182], [-0.22577591240406036, 0.041921909898519516]]",False
early_neutral,3,948,0.6841052982339221,0,[0],"[[-0.8614656925201416, 0.0012431744253262877], [-0.21515366435050964, -0.19526439905166626], [-0.170193150639534, 0.17285838723182678], [-0.0895669013261795, -0.017869336530566216], [-0.23998373746871948, 0.040875159204006195]]",False
early_neutral,3,949,0.6837720759746752,0,[0],"[[-0.8480610847473145, 0.0013796017738059163], [-0.22434385120868683, -0.19529248774051666], [-0.18437761068344116, 0.17376284301280975], [-0.08306775242090225, -0.013640235178172588], [-0.25419744849205017, 0.03985412418842316]]",False
early_neutral,3,950,0.6834388537154282,0,[0],"[[-0.834459125995636, 0.0012991075636819005], [-0.23352688550949097, -0.19504885375499725], [-0.19858476519584656, 0.1745014786720276], [-0.07709580659866333, -0.009463762864470482], [-0.26841819286346436, 0.038868293166160583]]",False
early_neutral,3,951,0.6831056314561813,0,[0],"[[-0.820711612701416, 0.0011119130067527294], [-0.24269434809684753, -0.19462250173091888], [-0.21281836926937103, 0.17496563494205475], [-0.07549668103456497, -0.006112811155617237], [-0.28238722681999207, 0.03744003176689148]]",False
early_neutral,3,952,0.6827724091969344,0,[0],"[[-0.8068564534187317, 0.0008318348554894328], [-0.25183960795402527, -0.19402718544006348], [-0.22706961631774902, 0.1750221848487854], [-0.07850012928247452, -0.003547981381416321], [-0.2942486107349396, 0.034058794379234314]]",False
early_neutral,3,953,0.6824391869376875,0,[0],"[[-0.7929210662841797, 0.00047881726641207933], [-0.26097390055656433, -0.193362757563591], [-0.2413104772567749, 0.17466451227664948], [-0.0829765647649765, -0.0005597906420007348], [-0.3048588037490845, 0.029384538531303406]]",False
early_neutral,3,954,0.6821059646784405,0,[0],"[[-0.7789271473884583, 6.349499017233029e-05], [-0.2701060175895691, -0.19268597662448883], [-0.25550830364227295, 0.17386098206043243], [-0.08843374252319336, 0.003035422880202532], [-0.31587597727775574, 0.024703433737158775]]",False
early_neutral,3,955,0.6817727424191936,0,[0],"[[-0.7648911476135254, -0.00041528083966113627], [-0.2795161306858063, -0.19199083745479584], [-0.26963040232658386, 0.17261368036270142], [-0.09513647109270096, 0.006828256882727146], [-0.32651081681251526, 0.020511465147137642]]",False
early_neutral,3,956,0.6814395201599467,0,[0],"[[-0.7508257627487183, -0.0009603049838915467], [-0.28981807827949524, -0.1912694126367569], [-0.2837187647819519, 0.17120897769927979], [-0.10420495271682739, 0.009157848544418812], [-0.33389270305633545, 0.018130548298358917]]",False
early_neutral,3,957,0.6811062979006998,0,[0],"[[-0.7367417812347412, -0.0015830501215532422], [-0.30090633034706116, -0.1905399113893509], [-0.29780837893486023, 0.16980956494808197], [-0.11450652778148651, 0.010492638684809208], [-0.3394412398338318, 0.018496381118893623]]",False
early_neutral,3,958,0.6807730756414528,0,[0],"[[-0.7226652503013611, -0.002422512508928776], [-0.3127242624759674, -0.1899290531873703], [-0.31187376379966736, 0.168312206864357], [-0.12512001395225525, 0.01164619904011488], [-0.342491090297699, 0.02071065455675125]]",False
early_neutral,3,959,0.6804398533822059,0,[0],"[[-0.7086156606674194, -0.003518372308462858], [-0.3251546323299408, -0.1896386295557022], [-0.3258400559425354, 0.16646388173103333], [-0.1363828033208847, 0.012745660729706287], [-0.3432305157184601, 0.024376628920435905]]",False
early_neutral,3,960,0.680106631122959,0,[0],"[[-0.6946027278900146, -0.004850608762353659], [-0.33805134892463684, -0.1895686835050583], [-0.33969277143478394, 0.16428227722644806], [-0.1483108401298523, 0.013612345792353153], [-0.3438361585140228, 0.02858440764248371]]",False
early_neutral,3,961,0.6797734088637121,0,[0],"[[-0.6806331276893616, -0.006394808180630207], [-0.35130366683006287, -0.18959413468837738], [-0.35353973507881165, 0.16208407282829285], [-0.16083283722400665, 0.013471726328134537], [-0.34428641200065613, 0.03312284126877785]]",False
early_neutral,3,962,0.6794401866044651,0,[0],"[[-0.6667218208312988, -0.008166489191353321], [-0.36482855677604675, -0.18970641493797302], [-0.36741402745246887, 0.15996016561985016], [-0.17364928126335144, 0.012275914661586285], [-0.3445630669593811, 0.038138799369335175]]",False
early_neutral,3,963,0.6791069643452182,0,[0],"[[-0.6529073119163513, -0.01024596020579338], [-0.37856325507164, -0.18980315327644348], [-0.3814171254634857, 0.15824800729751587], [-0.18674148619174957, 0.010858784429728985], [-0.3446379601955414, 0.04371633753180504]]",False
early_neutral,3,964,0.6787737420859713,0,[0],"[[-0.6392107009887695, -0.012641793116927147], [-0.3924280107021332, -0.1898672878742218], [-0.3956008553504944, 0.15736742317676544], [-0.20005346834659576, 0.009320969693362713], [-0.34465548396110535, 0.04969719052314758]]",False
early_neutral,3,965,0.6784405198267244,0,[0],"[[-0.6256564855575562, -0.015363655984401703], [-0.40412232279777527, -0.18983840942382812], [-0.409850150346756, 0.15728136897087097], [-0.2135275900363922, 0.007672679144889116], [-0.3446623980998993, 0.05567804351449013]]",False
early_neutral,3,966,0.6781072975674776,0,[0],"[[-0.6122668981552124, -0.018415046855807304], [-0.41330471634864807, -0.1894868165254593], [-0.4240814447402954, 0.15776954591274261], [-0.22711284458637238, 0.0059015098959207535], [-0.34466326236724854, 0.06165890023112297]]",False
early_neutral,3,967,0.6777740753082306,0,[0],"[[-0.5990068912506104, -0.021701306104660034], [-0.422451376914978, -0.18890251219272614], [-0.4382175803184509, 0.1587926298379898], [-0.2407882809638977, 0.004058380611240864], [-0.34466367959976196, 0.06763976812362671]]",False
early_neutral,3,968,0.6774408530489837,0,[0],"[[-0.5857515931129456, -0.02499755285680294], [-0.43155768513679504, -0.18809418380260468], [-0.45018893480300903, 0.15978802740573883], [-0.2545608878135681, 0.0022523952648043633], [-0.34466373920440674, 0.07362062484025955]]",False
early_neutral,3,969,0.6771076307897368,0,[0],"[[-0.5724632143974304, -0.028236685320734978], [-0.44061270356178284, -0.18707020580768585], [-0.45771661400794983, 0.1602056324481964], [-0.26840999722480774, 0.00048493529902771115], [-0.34466373920440674, 0.0796014815568924]]",False
early_neutral,3,970,0.6767744085304899,0,[0],"[[-0.5587976574897766, -0.03071063943207264], [-0.4496310353279114, -0.18591609597206116], [-0.4641474485397339, 0.16032901406288147], [-0.28229838609695435, -0.0013142309617251158], [-0.34466373920440674, 0.08558234572410583]]",False
early_neutral,3,971,0.676441186271243,0,[0],"[[-0.5452357530593872, -0.032072290778160095], [-0.4586159586906433, -0.1846565455198288], [-0.4705810248851776, 0.16035325825214386], [-0.2962079346179962, -0.0031646292190998793], [-0.34466373920440674, 0.09156320989131927]]",False
early_neutral,3,972,0.676107964011996,0,[0],"[[-0.5336400866508484, -0.03176345303654671], [-0.4658150374889374, -0.18357068300247192], [-0.4768976867198944, 0.16038748621940613], [-0.3101329803466797, -0.005054155830293894], [-0.34466373920440674, 0.09754406660795212]]",False
early_neutral,3,973,0.6757747417527491,0,[0],"[[-0.5237264633178711, -0.029544305056333542], [-0.47205328941345215, -0.1825464814901352], [-0.4805049002170563, 0.16214101016521454], [-0.3240712285041809, -0.006968423258513212], [-0.34466373920440674, 0.10352493077516556]]",False
early_neutral,3,974,0.6754415194935022,0,[0],"[[-0.5150119662284851, -0.02563377283513546], [-0.47747287154197693, -0.18160776793956757], [-0.48208555579185486, 0.16566108167171478], [-0.33801740407943726, -0.008907060138881207], [-0.34466373920440674, 0.1095057874917984]]",False
early_neutral,3,975,0.6751082972342553,0,[0],"[[-0.5075069665908813, -0.02138591557741165], [-0.47831612825393677, -0.18146350979804993], [-0.48300638794898987, 0.16805188357830048], [-0.35196733474731445, -0.010870923288166523], [-0.34466373920440674, 0.11548663675785065]]",False
early_neutral,3,976,0.6747750749750083,0,[0],"[[-0.5022558569908142, -0.018026137724518776], [-0.47831612825393677, -0.18146350979804993], [-0.4830152094364166, 0.1680753082036972], [-0.3659180700778961, -0.012859493494033813], [-0.34466373920440674, 0.12146750092506409]]",False
early_neutral,3,977,0.6744418527157614,0,[0],"[[-0.49911996722221375, -0.013733242638409138], [-0.47831612825393677, -0.18146350979804993], [-0.4830152094364166, 0.1680753082036972], [-0.3798741400241852, -0.014852326363325119], [-0.34466373920440674, 0.12744836509227753]]",False
early_neutral,3,978,0.6741086304565145,0,[0],"[[-0.49897873401641846, -0.009181436151266098], [-0.47831612825393677, -0.18146350979804993], [-0.4830152094364166, 0.1680753082036972], [-0.39383795857429504, -0.016837680712342262], [-0.34466373920440674, 0.13342922925949097]]",False
early_neutral,3,979,0.6737754081972676,0,[0],"[[-0.5014196634292603, -0.004305282142013311], [-0.47944116592407227, -0.18148890137672424], [-0.4830394685268402, 0.16806212067604065], [-0.40783125162124634, -0.01874428614974022], [-0.34466373920440674, 0.1394100785255432]]",False
early_neutral,3,980,0.6734421859380206,0,[0],"[[-0.505032479763031, 0.000899056380148977], [-0.4827445447444916, -0.1813797652721405], [-0.4852146506309509, 0.16687999665737152], [-0.42190369963645935, -0.02039601281285286], [-0.34466373920440674, 0.14539094269275665]]",False
early_neutral,3,981,0.6731089636787737,0,[0],"[[-0.5096313953399658, 0.006017555017024279], [-0.48741433024406433, -0.18091075122356415], [-0.4887380301952362, 0.1649637371301651], [-0.43604499101638794, -0.021785834804177284], [-0.34466373920440674, 0.1513718068599701]]",False
early_neutral,3,982,0.6727757414195268,0,[0],"[[-0.5149162411689758, 0.010329502634704113], [-0.49202772974967957, -0.18033285439014435], [-0.49366864562034607, 0.1630505919456482], [-0.45023825764656067, -0.022938329726457596], [-0.34466373920440674, 0.15735267102718353]]",False
early_neutral,3,983,0.6724425191602799,0,[0],"[[-0.5211236476898193, 0.014505383558571339], [-0.4936197102069855, -0.18013153970241547], [-0.49969255924224854, 0.16210217773914337], [-0.46447259187698364, -0.02386009506881237], [-0.34466373920440674, 0.16333353519439697]]",False
early_neutral,3,984,0.6721092969010329,0,[0],"[[-0.5283875465393066, 0.018588338047266006], [-0.4910200536251068, -0.18036793172359467], [-0.5056694746017456, 0.16128450632095337], [-0.4787302315235138, -0.02462574653327465], [-0.34466373920440674, 0.16931438446044922]]",False
early_neutral,3,985,0.6717760746417861,0,[0],"[[-0.5368620753288269, 0.022585289552807808], [-0.48671814799308777, -0.18064245581626892], [-0.5073285698890686, 0.1609618216753006], [-0.49299636483192444, -0.025327011942863464], [-0.34466373920440674, 0.17529524862766266]]",False
early_neutral,3,986,0.6714428523825392,0,[0],"[[-0.5465943813323975, 0.026452073827385902], [-0.4843173325061798, -0.1807459145784378], [-0.5080957412719727, 0.16113127768039703], [-0.5072715878486633, -0.025947952643036842], [-0.34466373920440674, 0.1812761127948761]]",False
early_neutral,3,987,0.6711096301232923,0,[0],"[[-0.557121992111206, 0.030330002307891846], [-0.4843173325061798, -0.1807459145784378], [-0.5114309787750244, 0.16212734580039978], [-0.521561324596405, -0.026409007608890533], [-0.34466373920440674, 0.18725696206092834]]",False
early_neutral,3,988,0.6707764078640454,0,[0],"[[-0.5682019591331482, 0.03401569649577141], [-0.4843173325061798, -0.1807459145784378], [-0.5156649351119995, 0.16390715539455414], [-0.5358620285987854, -0.026698440313339233], [-0.34466373920440674, 0.19323782622814178]]",False
early_neutral,3,989,0.6704431856047984,0,[0],"[[-0.5795478224754333, 0.0375533401966095], [-0.4843173325061798, -0.1807459145784378], [-0.5208523273468018, 0.16619977355003357], [-0.5501692295074463, -0.026754381135106087], [-0.34466373920440674, 0.19921869039535522]]",False
early_neutral,3,990,0.6701099633455515,0,[0],"[[-0.5913257598876953, 0.04136737063527107], [-0.4843173325061798, -0.1807459145784378], [-0.5263491868972778, 0.16837456822395325], [-0.5644731521606445, -0.02654150128364563], [-0.34466373920440674, 0.20519956946372986]]",False
early_neutral,3,991,0.6697767410863046,0,[0],"[[-0.6032184958457947, 0.04530547931790352], [-0.4843173325061798, -0.1807459145784378], [-0.5316383838653564, 0.16960613429546356], [-0.5787608623504639, -0.026051655411720276], [-0.34466373920440674, 0.2111804336309433]]",False
early_neutral,3,992,0.6694435188270577,0,[0],"[[-0.6150870323181152, 0.049527913331985474], [-0.4843173325061798, -0.1807459145784378], [-0.535324215888977, 0.16764605045318604], [-0.5930173993110657, -0.025264818221330643], [-0.34466373920440674, 0.21716129779815674]]",False
early_neutral,3,993,0.6691102965678107,0,[0],"[[-0.6269278526306152, 0.05400568246841431], [-0.4843173325061798, -0.1807459145784378], [-0.5376620888710022, 0.16390778124332428], [-0.6072285771369934, -0.02418440580368042], [-0.34466373920440674, 0.22314214706420898]]",False
early_neutral,3,994,0.6687770743085638,0,[0],"[[-0.6387946605682373, 0.05860764905810356], [-0.4843173325061798, -0.1807459145784378], [-0.5401294827461243, 0.15927715599536896], [-0.6213896870613098, -0.022854164242744446], [-0.34466373920440674, 0.22912301123142242]]",False
early_neutral,3,995,0.6684438520493169,0,[0],"[[-0.6506974697113037, 0.0632939413189888], [-0.4843173325061798, -0.1807459145784378], [-0.5429660081863403, 0.15389704704284668], [-0.6354936957359314, -0.021287327632308006], [-0.34466373920440674, 0.23510387539863586]]",False
early_neutral,3,996,0.66811062979007,0,[0],"[[-0.6626164317131042, 0.0680488720536232], [-0.4843173325061798, -0.1807459145784378], [-0.546217679977417, 0.1481635719537735], [-0.6495351195335388, -0.01949596405029297], [-0.34466373920440674, 0.2410847395658493]]",False
early_neutral,3,997,0.667777407530823,0,[0],"[[-0.6745615601539612, 0.07284511625766754], [-0.4843173325061798, -0.1807459145784378], [-0.5501628518104553, 0.1421048939228058], [-0.6635093688964844, -0.01749458722770214], [-0.34466373920440674, 0.24706561863422394]]",False
early_neutral,3,998,0.6674441852715761,0,[0],"[[-0.6865090727806091, 0.07767658680677414], [-0.48589134216308594, -0.18117228150367737], [-0.5549085736274719, 0.1361452043056488], [-0.6770064830780029, -0.015414580702781677], [-0.34466373920440674, 0.2530464828014374]]",False
early_neutral,3,999,0.6671109630123292,0,[0],"[[-0.6982565522193909, 0.08244673907756805], [-0.4892696738243103, -0.18189944326877594], [-0.5618099570274353, 0.13210304081439972], [-0.6872085928916931, -0.013971776701509953], [-0.34466373920440674, 0.2590273320674896]]",False
early_neutral,3,1000,0.6667777407530823,0,[0],"[[-0.7093427181243896, 0.08677186071872711], [-0.49415066838264465, -0.18267548084259033], [-0.5704606771469116, 0.12858371436595917], [-0.693415105342865, -0.014499454759061337], [-0.34466373920440674, 0.26500821113586426]]",False
early_neutral,3,1001,0.6664445184938353,0,[0],"[[-0.7192555665969849, 0.09007801115512848], [-0.4999508857727051, -0.18327131867408752], [-0.5795577168464661, 0.12513220310211182], [-0.695651650428772, -0.015021689236164093], [-0.34466373920440674, 0.2709890604019165]]",False
early_neutral,3,1002,0.6661112962345884,0,[0],"[[-0.7271580100059509, 0.09325549751520157], [-0.5062549114227295, -0.1835683137178421], [-0.5894030332565308, 0.12173894792795181], [-0.695651650428772, -0.015021689236164093], [-0.34496745467185974, 0.2757360339164734]]",False
early_neutral,3,1003,0.6657780739753415,0,[0],"[[-0.7329077124595642, 0.09626609086990356], [-0.5126857161521912, -0.1835247278213501], [-0.5999699234962463, 0.11835242062807083], [-0.6969128847122192, -0.014573650434613228], [-0.3453651964664459, 0.27706074714660645]]",False
early_neutral,3,1004,0.6654448517160947,0,[0],"[[-0.7384268641471863, 0.09841994196176529], [-0.5190218687057495, -0.18320412933826447], [-0.6111939549446106, 0.11501600593328476], [-0.7005243897438049, -0.013426373712718487], [-0.3451535403728485, 0.27660059928894043]]",False
early_neutral,3,1005,0.6651116294568478,0,[0],"[[-0.7449207305908203, 0.09889314323663712], [-0.5253025889396667, -0.18264402449131012], [-0.6230055689811707, 0.11183469742536545], [-0.7055751085281372, -0.012056226842105389], [-0.3444055914878845, 0.2742263674736023]]",False
early_neutral,3,1006,0.6647784071976008,0,[0],"[[-0.7515991926193237, 0.09837213158607483], [-0.5316146612167358, -0.18183647096157074], [-0.6352894306182861, 0.1088201254606247], [-0.7116042375564575, -0.010623088106513023], [-0.3440318703651428, 0.2708597183227539]]",False
early_neutral,3,1007,0.6644451849383539,0,[0],"[[-0.7588476538658142, 0.09742581844329834], [-0.5354054570198059, -0.18133798241615295], [-0.6480075120925903, 0.1060832068324089], [-0.7177298069000244, -0.009343693032860756], [-0.3439204692840576, 0.2665473520755768]]",False
early_neutral,3,1008,0.664111962679107,-1,[0],"[[-0.766966700553894, 0.0958729162812233], [-0.5354840755462646, -0.1813371181488037], [-0.6609671115875244, 0.103396937251091], [-0.7245330810546875, -0.008157243952155113], [-0.3438568711280823, 0.26136651635169983]]",False
early_neutral,3,1009,0.6637787404198601,-1,[0],"[[-1.0110293626785278, -0.0], [3.7054520563017945e-10, 0.01946723461151123], [1.2285536286071874e-06, -0.0203459020704031], [-0.10110294073820114, -0.10162678360939026], [-0.10110294073820114, 0.10162678360939026]]",False
early_neutral,3,1010,0.6634455181606131,-1,[0],"[[-1.0089828968048096, 1.5630054542303817e-11], [1.2043072095124785e-09, 0.01669207215309143], [0.0002374239411437884, -0.022146979346871376], [-0.09936551004648209, -0.10237517207860947], [-0.10189789533615112, 0.10262879729270935]]",False
early_neutral,3,1011,0.6631122959013662,-1,[0],"[[-1.0043920278549194, 3.800034592549295e-11], [1.6019378046294719e-09, 0.012918873690068722], [0.0008991086506284773, -0.025004981085658073], [-0.09585369378328323, -0.1039326936006546], [-0.10342005640268326, 0.10508004575967789]]",False
early_neutral,3,1012,0.6627790736421193,-1,[0],"[[-0.9982734322547913, -8.848619753587528e-11], [1.1962336676774044e-09, 0.009192145429551601], [0.0023381381761282682, -0.02861926145851612], [-0.09125545620918274, -0.10604175925254822], [-0.10487896203994751, 0.10845613479614258]]",False
early_neutral,3,1013,0.6624458513828724,-1,[0],"[[-0.9907456040382385, -6.597029589272552e-10], [8.679451046766928e-10, 0.005916606169193983], [0.004793501924723387, -0.03239240497350693], [-0.08559007942676544, -0.10871221125125885], [-0.10630037635564804, 0.11260009557008743]]",True
early_neutral,3,1014,0.6621126291236255,-1,[0],"[[-0.981968879699707, -9.40286737360907e-10], [7.690773018431685e-10, 0.004694111179560423], [0.008293308317661285, -0.03504284843802452], [-0.07898687571287155, -0.11192262172698975], [-0.10762280970811844, 0.1173986867070198]]",True
early_neutral,3,1015,0.6617794068643785,-1,[0],"[[-0.9725745916366577, -1.1225486096222426e-09], [7.690773018431685e-10, 0.004694111179560423], [0.013909175992012024, -0.03608807921409607], [-0.07173673063516617, -0.11563234776258469], [-0.10870380699634552, 0.12256796658039093]]",True
early_neutral,3,1016,0.6614461846051316,-1,[0],"[[-0.9624366760253906, -1.249277903347945e-09], [7.690773018431685e-10, 0.004694111179560423], [0.020763088017702103, -0.037186168134212494], [-0.06399472057819366, -0.11983602494001389], [-0.10964576154947281, 0.12840676307678223]]",True
early_neutral,3,1017,0.6611129623458847,-1,[0],"[[-0.9515786170959473, -1.3748712168748511e-09], [7.690773018431685e-10, 0.004694111179560423], [0.02885681390762329, -0.03834031522274017], [-0.055862605571746826, -0.12433760613203049], [-0.11056675016880035, 0.13476666808128357]]",True
early_neutral,3,1018,0.6607797400866378,-1,[0],"[[-0.9405692219734192, -1.5300007927265824e-09], [0.00013148176367394626, 0.004769727122038603], [0.03793160617351532, -0.03949251025915146], [-0.04733046516776085, -0.12887690961360931], [-0.11151217669248581, 0.14162911474704742]]",True
early_neutral,3,1019,0.6604465178273908,-1,[0],"[[-0.9289231896400452, -1.5396653951782469e-09], [0.00036252778954803944, 0.0048579005524516106], [0.047791484743356705, -0.04068822041153908], [-0.03816352039575577, -0.1335817277431488], [-0.11273930221796036, 0.14863991737365723]]",True
early_neutral,3,1020,0.6601132955681439,-1,[0],"[[-0.9167075753211975, -2.1611044065394935e-09], [0.0009279800578951836, 0.0049940054304897785], [0.058379124850034714, -0.0419478714466095], [-0.02842463180422783, -0.1384265273809433], [-0.11433734744787216, 0.1560417264699936]]",True
early_neutral,3,1021,0.659780073308897,-1,[0],"[[-0.9040184617042542, -2.663388398715938e-09], [0.0014024920528754592, 0.005244675558060408], [0.06959491968154907, -0.04322872683405876], [-0.018123384565114975, -0.14329707622528076], [-0.11626502871513367, 0.1638101488351822]]",False
early_neutral,3,1022,0.6594468510496501,-1,[0],"[[-0.8909639120101929, -3.135667281384258e-09], [0.0013344116741791368, 0.005795290693640709], [0.08146229386329651, -0.04442313686013222], [-0.007709938567131758, -0.14733897149562836], [-0.11871308088302612, 0.17185553908348083]]",False
early_neutral,3,1023,0.6591136287904032,-1,[0],"[[-0.8776295781135559, -3.7360492477489515e-09], [0.0012663250090554357, 0.006345911882817745], [0.09384976327419281, -0.04554116353392601], [0.0036697417963296175, -0.14887604117393494], [-0.12147380411624908, 0.17959274351596832]]",False
early_neutral,3,1024,0.6587804065311563,-1,[0],"[[-0.864178478717804, -3.6027787420067625e-09], [0.0012033464154228568, 0.006855236366391182], [0.10654976218938828, -0.047003526240587234], [0.014958755113184452, -0.14881101250648499], [-0.12393048405647278, 0.1854998767375946]]",False
early_neutral,3,1025,0.6584471842719094,-1,[0],"[[-0.8530248403549194, -3.840681106481725e-09], [0.0005794973694719374, 0.007376003544777632], [0.1194208562374115, -0.04895901679992676], [0.02177092805504799, -0.14839854836463928], [-0.1266464740037918, 0.1912134438753128]]",False
early_neutral,3,1026,0.6581139620126625,-1,[0],"[[-0.842947244644165, -3.518503932653516e-09], [-0.0022776604164391756, 0.008731897920370102], [0.13250020146369934, -0.05101105198264122], [0.025693565607070923, -0.14777041971683502], [-0.129380464553833, 0.19692355394363403]]",False
early_neutral,3,1027,0.6577807397534156,-1,[0],"[[-0.8352192044258118, -3.1478273321283723e-09], [-0.006590275559574366, 0.01026348490267992], [0.1458374261856079, -0.05289186164736748], [0.027550211176276207, -0.14764758944511414], [-0.1320233792066574, 0.20265179872512817]]",False
early_neutral,3,1028,0.6574475174941686,-1,[0],"[[-0.8312106132507324, -2.832431400534574e-09], [-0.012382571585476398, 0.011923382990062237], [0.15936905145645142, -0.054622530937194824], [0.029392333701252937, -0.14784324169158936], [-0.13413715362548828, 0.20744651556015015]]",False
early_neutral,3,1029,0.6571142952349217,-1,[0],"[[-0.8277707099914551, 3.189249036950059e-05], [-0.019654134288430214, 0.013516100123524666], [0.17288097739219666, -0.05623644217848778], [0.03518674150109291, -0.1475917249917984], [-0.1357487291097641, 0.21149954199790955]]",False
early_neutral,3,1030,0.6567810729756748,-1,[0],"[[-0.8264320492744446, 0.00014724174980074167], [-0.02637757919728756, 0.015109850093722343], [0.183767169713974, -0.0575810968875885], [0.041155923157930374, -0.1473071277141571], [-0.1368209421634674, 0.215535968542099]]",False
early_neutral,3,1031,0.6564478507164279,-1,[0],"[[-0.8259750604629517, 0.00024128559743985534], [-0.03000546060502529, 0.018425099551677704], [0.1912880688905716, -0.05872699245810509], [0.04723426327109337, -0.14738182723522186], [-0.13465794920921326, 0.2191653549671173]]",False
early_neutral,3,1032,0.6561146284571809,-1,[0],"[[-0.8259750604629517, 0.00024128559743985534], [-0.031799834221601486, 0.02213488519191742], [0.19524449110031128, -0.059340689331293106], [0.05309664458036423, -0.14937590062618256], [-0.1307627260684967, 0.22243168950080872]]",False
early_neutral,3,1033,0.655781406197934,-1,[0],"[[-0.8259750604629517, 0.00024128559743985534], [-0.03262931481003761, 0.023441031575202942], [0.1953122615814209, -0.05935128778219223], [0.05859270691871643, -0.15304763615131378], [-0.12547843158245087, 0.22420059144496918]]",False
early_neutral,3,1034,0.6554481839386871,-1,[0],"[[-0.8259750604629517, 0.00024128559743985534], [-0.03276117891073227, 0.023585576564073563], [0.1953122615814209, -0.05935128778219223], [0.06385523825883865, -0.15779100358486176], [-0.11920671164989471, 0.22438912093639374]]",False
early_neutral,3,1035,0.6551149616794402,-1,[0],"[[-0.8259750604629517, 0.00024128559743985534], [-0.032680291682481766, 0.021966271102428436], [0.1953122615814209, -0.05935128778219223], [0.06850534677505493, -0.16352218389511108], [-0.1125311404466629, 0.22385936975479126]]",False
early_neutral,3,1036,0.6547817394201932,-1,[0],"[[-0.8259750604629517, 0.00024128559743985534], [-0.03197953477501869, 0.019083188846707344], [0.1953122615814209, -0.05935128778219223], [0.07247396558523178, -0.1698041558265686], [-0.10475465655326843, 0.22272638976573944]]",False
early_neutral,3,1037,0.6544485171609463,-1,[0],"[[-0.8259750604629517, 0.00024128559743985534], [-0.030396567657589912, 0.015345992520451546], [0.1953122615814209, -0.05935128778219223], [0.07588323205709457, -0.17652180790901184], [-0.09618835151195526, 0.22087045013904572]]",False
early_neutral,3,1038,0.6541152949016994,-1,[0],"[[-0.8259750604629517, 0.00024128559743985534], [-0.028606964275240898, 0.010689737275242805], [0.1953122615814209, -0.05935128778219223], [0.07871116697788239, -0.18352912366390228], [-0.08757602423429489, 0.21878157556056976]]",False
early_neutral,3,1039,0.6537820726424525,-1,[0],"[[-0.8259750604629517, 0.00024128559743985534], [-0.026852503418922424, 0.005182648077607155], [0.1953122615814209, -0.05935128778219223], [0.07998611778020859, -0.18949854373931885], [-0.07899804413318634, 0.21663370728492737]]",False
early_neutral,3,1040,0.6534488503832055,-1,[0],"[[-0.8259750604629517, 0.00024128559743985534], [-0.02522062323987484, -0.0008037921506911516], [0.1953122615814209, -0.05935128778219223], [0.08006465435028076, -0.19547535479068756], [-0.07046440243721008, 0.21441243588924408]]",False
early_neutral,3,1041,0.6531156281239587,-1,[0],"[[-0.8259750604629517, 0.00024128559743985534], [-0.02367538958787918, -0.007361997850239277], [0.1953122615814209, -0.05935128778219223], [0.07960841804742813, -0.2000950574874878], [-0.06199285760521889, 0.21209269762039185]]",False
early_neutral,3,1042,0.6527824058647118,-1,[0],"[[-0.8259750604629517, 0.00024128559743985534], [-0.02220199815928936, -0.014279795810580254], [0.1953122615814209, -0.05935128778219223], [0.07892157882452011, -0.20425748825073242], [-0.0539993979036808, 0.2098064124584198]]",False
early_neutral,3,1043,0.6524491836054649,-1,[0],"[[-0.8259750604629517, 0.00024128559743985534], [-0.02077079564332962, -0.021469062194228172], [0.1953122615814209, -0.05935128778219223], [0.07826948165893555, -0.20826455950737], [-0.04807175695896149, 0.20811763405799866]]",False
early_neutral,3,1044,0.652115961346218,-1,[0],"[[-0.8259750604629517, 0.00024128559743985534], [-0.019334223121404648, -0.029089879244565964], [0.1953122615814209, -0.05935128778219223], [0.07837598025798798, -0.21063031256198883], [-0.04216568544507027, 0.20645704865455627]]",False
early_neutral,3,1045,0.651782739086971,-1,[0],"[[-0.8259750604629517, 0.00024128559743985534], [-0.017804792150855064, -0.03708671033382416], [0.1953122615814209, -0.05935128778219223], [0.0785103589296341, -0.21121317148208618], [-0.0390557125210762, 0.20567040145397186]]",False
early_neutral,3,1046,0.6514495168277241,-1,[0],"[[-0.8259750604629517, 0.00024128559743985534], [-0.016154812648892403, -0.045381512492895126], [0.1953122615814209, -0.05935128778219223], [0.07757190614938736, -0.20921485126018524], [-0.0390557125210762, 0.20567040145397186]]",False
early_neutral,3,1047,0.6511162945684772,-1,[0],"[[-0.8259750604629517, 0.00024128559743985534], [-0.01391404028981924, -0.05385515093803406], [0.1953122615814209, -0.05935128778219223], [0.07625344395637512, -0.20609933137893677], [-0.0390557125210762, 0.20567040145397186]]",False
early_neutral,3,1048,0.6507830723092303,-1,[0],"[[-0.8259750604629517, 0.00024128559743985534], [-0.01011662371456623, -0.06227956339716911], [0.1953122615814209, -0.05935128778219223], [0.07468700408935547, -0.20206987857818604], [-0.0390557125210762, 0.20567040145397186]]",False
early_neutral,3,1049,0.6504498500499833,-1,[0],"[[-0.8259750604629517, 0.00024128559743985534], [-0.005053597968071699, -0.07057322561740875], [0.1953122615814209, -0.05935128778219223], [0.0728074386715889, -0.19718462228775024], [-0.03772471472620964, 0.20466135442256927]]",False
early_neutral,3,1050,0.6501166277907364,-1,[0],"[[-0.8259750604629517, 0.00024128559743985534], [0.0002908695605583489, -0.0789085328578949], [0.1953122615814209, -0.05935128778219223], [0.07066090404987335, -0.19154506921768188], [-0.03457387909293175, 0.20252001285552979]]",False
early_neutral,3,1051,0.6497834055314895,-1,[0],"[[-0.8259750604629517, 0.00024128559743985534], [0.005823593586683273, -0.0872802883386612], [0.1953122615814209, -0.05935128778219223], [0.06830960512161255, -0.18528205156326294], [-0.03024074248969555, 0.1999654918909073]]",False
early_neutral,3,1052,0.6494501832722426,-1,[0],"[[-0.8259750604629517, 0.00024128559743985534], [0.011436916887760162, -0.09569656103849411], [0.1953122615814209, -0.05935128778219223], [0.06579774618148804, -0.17849203944206238], [-0.0286491047590971, 0.19905777275562286]]",False
early_neutral,3,1053,0.6491169610129957,-1,[0],"[[-0.8259750604629517, 0.00024128559743985534], [0.017084309831261635, -0.10415402054786682], [0.1953122615814209, -0.05935128778219223], [0.06362225860357285, -0.17283490300178528], [-0.0286491047590971, 0.19905777275562286]]",False
early_neutral,3,1054,0.6487837387537487,-1,[0],"[[-0.8259750604629517, 0.00024128559743985534], [0.02263598144054413, -0.11267629265785217], [0.1953122615814209, -0.05935128778219223], [0.06276440620422363, -0.17070338129997253], [-0.0286491047590971, 0.19905777275562286]]",False
early_neutral,3,1055,0.6484505164945018,-1,[0],"[[-0.8259750604629517, 0.00024128559743985534], [0.02786855213344097, -0.12131214141845703], [0.1953122615814209, -0.05935128778219223], [0.06309769302606583, -0.17137227952480316], [-0.0286491047590971, 0.19905777275562286]]",False
early_neutral,3,1056,0.6481172942352549,-1,[0],"[[-0.8259750604629517, 0.00024128559743985534], [0.032704442739486694, -0.1298643946647644], [0.1953122615814209, -0.05935128778219223], [0.0639219656586647, -0.1738055795431137], [-0.0282733254134655, 0.19870823621749878]]",False
early_neutral,3,1057,0.647784071976008,-1,[0],"[[-0.8259750604629517, 0.00024128559743985534], [0.036412548273801804, -0.13650240004062653], [0.19530613720417023, -0.05933111906051636], [0.06437970697879791, -0.17718015611171722], [-0.0261988528072834, 0.19653098285198212]]",False
early_neutral,3,1058,0.647450849716761,-1,[0],"[[-0.8259750604629517, 0.00024128559743985534], [0.03826477378606796, -0.13981814682483673], [0.19458331167697906, -0.057582877576351166], [0.06441718339920044, -0.18146824836730957], [-0.02373075671494007, 0.19336017966270447]]",False
early_neutral,3,1059,0.6471176274575141,-1,[0],"[[-0.8259750604629517, 0.00024128559743985534], [0.03789293020963669, -0.13931454718112946], [0.19301719963550568, -0.0548555813729763], [0.0638846904039383, -0.1865834891796112], [-0.019947709515690804, 0.1899147778749466]]",False
early_neutral,3,1060,0.6467844051982673,-1,[0],"[[-0.8259750604629517, 0.00024128559743985534], [0.03590250760316849, -0.13697881996631622], [0.19054484367370605, -0.05142660066485405], [0.06332378834486008, -0.1913563311100006], [-0.0137630021199584, 0.18692266941070557]]",False
early_neutral,3,1061,0.6464511829390204,-1,[0],"[[-0.8259750604629517, 0.00024128559743985534], [0.03272238373756409, -0.134039044380188], [0.18759024143218994, -0.04745224118232727], [0.06347957253456116, -0.19292595982551575], [-0.006417850032448769, 0.18372830748558044]]",False
early_neutral,3,1062,0.6461179606797735,-1,[0],"[[-0.8259750604629517, 0.00024128559743985534], [0.028536327183246613, -0.1304408460855484], [0.1842038631439209, -0.042996715754270554], [0.06339497119188309, -0.19268426299095154], [0.001442195731215179, 0.18063010275363922]]",False
early_neutral,3,1063,0.6457847384205265,-1,[0],"[[-0.8259750604629517, 0.00024128559743985534], [0.023357395082712173, -0.12629126012325287], [0.18044669926166534, -0.03816039487719536], [0.06268294900655746, -0.19040392339229584], [0.009589975699782372, 0.17786452174186707]]",False
early_neutral,3,1064,0.6454515161612796,-1,[0],"[[-0.8259750604629517, 0.00024128559743985534], [0.01720201037824154, -0.1217789426445961], [0.17623336613178253, -0.0328056663274765], [0.0617932491004467, -0.18717865645885468], [0.015422980301082134, 0.17605705559253693]]",False
early_neutral,3,1065,0.6451182939020327,-1,[0],"[[-0.8259750604629517, 0.00024128559743985534], [0.010095658712089062, -0.11702200025320053], [0.17161530256271362, -0.026981353759765625], [0.060724373906850815, -0.18302743136882782], [0.01635962724685669, 0.17577533423900604]]",False
early_neutral,3,1066,0.6447850716427858,-1,[0],"[[-0.8259750604629517, 0.00024128559743985534], [0.0022818997967988253, -0.11237877607345581], [0.16670353710651398, -0.02082296647131443], [0.05944100767374039, -0.17801286280155182], [0.01541927270591259, 0.17538465559482574]]",False
early_neutral,3,1067,0.6444518493835388,-1,[0],"[[-0.8259750604629517, 0.00024128559743985534], [-0.006482479628175497, -0.10809820890426636], [0.1616087555885315, -0.014472353272140026], [0.05793711170554161, -0.17224889993667603], [0.012197495438158512, 0.17404304444789886]]",False
early_neutral,3,1068,0.6441186271242919,-1,[0],"[[-0.8259750604629517, 0.00024128559743985534], [-0.016332309693098068, -0.10404861718416214], [0.15707866847515106, -0.008899807929992676], [0.05610369145870209, -0.1658850461244583], [0.00785183534026146, 0.1722278892993927]]",False
early_neutral,3,1069,0.643785404865045,-1,[0],"[[-0.8259750604629517, 0.00024128559743985534], [-0.0269430223852396, -0.10004415363073349], [0.1538075953722, -0.005038530565798283], [0.05393243581056595, -0.15911246836185455], [0.00549020990729332, 0.17124052345752716]]",False
early_neutral,3,1070,0.6434521826057981,-1,[0],"[[-0.8259750604629517, 0.00024128559743985534], [-0.038280654698610306, -0.09623368084430695], [0.15092167258262634, -0.0017276228172704577], [0.05192069336771965, -0.15434369444847107], [0.005078313872218132, 0.17106831073760986]]",False
early_neutral,3,1071,0.6431189603465511,-1,[0],"[[-0.8259750604629517, 0.00024128559743985534], [-0.04805896058678627, -0.09309323877096176], [0.15030433237552643, -0.0009778279345482588], [0.04984266683459282, -0.15256237983703613], [0.0053917099721729755, 0.17219965159893036]]",False
early_neutral,3,1072,0.6427857380873042,-1,[0],"[[-0.8259750604629517, 0.00024128559743985534], [-0.05414411053061485, -0.09099869430065155], [0.14822380244731903, -0.0005712802521884441], [0.04854247719049454, -0.15193188190460205], [0.005975149571895599, 0.1749115288257599]]",False
early_neutral,3,1073,0.6424525158280573,-1,[0],"[[-0.8259750604629517, 0.00024128559743985534], [-0.058734431862831116, -0.08931897580623627], [0.14402522146701813, -0.00013706153549719602], [0.046079833060503006, -0.15188300609588623], [0.0064351242035627365, 0.17852400243282318]]",False
early_neutral,3,1074,0.6421192935688104,-1,[0],"[[-0.8259750604629517, 0.00024128559743985534], [-0.0592295378446579, -0.0891348198056221], [0.1384689062833786, -0.0003068085352424532], [0.0418187640607357, -0.15573696792125702], [0.00641220947727561, 0.1827068328857422]]",False
early_neutral,3,1075,0.6417860713095634,-1,[0],"[[-0.8259750604629517, 0.00024128559743985534], [-0.0592295378446579, -0.0891348198056221], [0.132525235414505, -0.002540819812566042], [0.03631754219532013, -0.15997549891471863], [0.005796784069389105, 0.18687275052070618]]",False
early_neutral,3,1076,0.6414528490503165,-1,[0],"[[-0.8259750604629517, 0.00024128559743985534], [-0.0592295378446579, -0.0891348198056221], [0.1266164928674698, -0.0061131929978728294], [0.030153440311551094, -0.16359075903892517], [0.004458903800696135, 0.19096478819847107]]",False
early_neutral,3,1077,0.6411196267910696,-1,[0],"[[-0.8259750604629517, 0.00024128559743985534], [-0.0592295378446579, -0.0891348198056221], [0.12018277496099472, -0.01027008518576622], [0.025806158781051636, -0.16401244699954987], [0.0023087295703589916, 0.19490750133991241]]",False
early_neutral,3,1078,0.6407864045318227,-1,[0],"[[-0.8259750604629517, 0.00024128559743985534], [-0.0592295378446579, -0.0891348198056221], [0.11367301642894745, -0.014492278918623924], [0.023269355297088623, -0.1615670621395111], [4.618291859515011e-05, 0.19800160825252533]]",False
early_neutral,3,1079,0.6404531822725759,-1,[0],"[[-0.8259750604629517, 0.00024128559743985534], [-0.0592295378446579, -0.0891348198056221], [0.10717237740755081, -0.018720412626862526], [0.02095612697303295, -0.15793883800506592], [-0.0002055432996712625, 0.19833455979824066]]",False
early_neutral,3,1080,0.6401199600133289,-1,[0],"[[-0.8259750604629517, 0.00024128559743985534], [-0.0592295378446579, -0.0891348198056221], [0.10067259520292282, -0.022949105128645897], [0.01922045648097992, -0.15324462950229645], [-0.0002882164262700826, 0.19839917123317719]]",False
early_neutral,3,1081,0.639786737754082,-1,[0],"[[-0.8259750604629517, 0.00024128559743985534], [-0.0592295378446579, -0.0891348198056221], [0.09417328983545303, -0.02717810682952404], [0.017989858984947205, -0.1476859599351883], [-0.002336515812203288, 0.19988682866096497]]",False
early_neutral,3,1082,0.6394535154948351,-1,[0],"[[-0.8259750604629517, 0.00024128559743985534], [-0.0592295378446579, -0.0891348198056221], [0.087674081325531, -0.031407177448272705], [0.016658900305628777, -0.14147239923477173], [-0.005574704147875309, 0.20200519263744354]]",False
early_neutral,3,1083,0.6391202932355882,-1,[0],"[[-0.8259750604629517, 0.00024128559743985534], [-0.05916663259267807, -0.09074395149946213], [0.08117491751909256, -0.03563627228140831], [0.01529914140701294, -0.13477113842964172], [-0.009828328154981136, 0.20470383763313293]]",False
early_neutral,3,1084,0.6387870709763412,-1,[0],"[[-0.8259750604629517, 0.00024128559743985534], [-0.05867498740553856, -0.093568354845047], [0.07467574626207352, -0.039865367114543915], [0.01408848911523819, -0.12782639265060425], [-0.014160610735416412, 0.20779819786548615]]",False
early_neutral,3,1085,0.6384538487170943,-1,[0],"[[-0.8259750604629517, 0.00024128559743985534], [-0.05752521753311157, -0.09723285585641861], [0.06817659735679626, -0.044094473123550415], [0.012997866608202457, -0.12042129784822464], [-0.018166618421673775, 0.21107257902622223]]",False
early_neutral,3,1086,0.6381206264578474,-1,[0],"[[-0.8259750604629517, 0.00024128559743985534], [-0.055769965052604675, -0.1017342209815979], [0.062137484550476074, -0.04846540465950966], [0.011852244846522808, -0.11261368542909622], [-0.021599100902676582, 0.214610755443573]]",False
early_neutral,3,1087,0.6377874041986005,-1,[0],"[[-0.8259750604629517, 0.00024128559743985534], [-0.05329880118370056, -0.10695382207632065], [0.05936785787343979, -0.053236935287714005], [0.010470901615917683, -0.10448277741670609], [-0.024368710815906525, 0.2183869481086731]]",False
early_neutral,3,1088,0.6374541819393535,-1,[0],"[[-0.8259750604629517, 0.00024128559743985534], [-0.050259582698345184, -0.11268656700849533], [0.05907547101378441, -0.05761156231164932], [0.008865525014698505, -0.09610306471586227], [-0.02559860795736313, 0.22035372257232666]]",False
early_neutral,3,1089,0.6371209596801066,-1,[0],"[[-0.8259750604629517, 0.00024128559743985534], [-0.046696487814188004, -0.11890243738889694], [0.05914779752492905, -0.059550315141677856], [0.007017362397164106, -0.08753757923841476], [-0.02559860795736313, 0.22035372257232666]]",False
early_neutral,3,1090,0.6367877374208597,-1,[0],"[[-0.8259750604629517, 0.00024128559743985534], [-0.042812492698431015, -0.12541279196739197], [0.05915706977248192, -0.059605807065963745], [0.004942683503031731, -0.07883410155773163], [-0.026370389387011528, 0.2198294848203659]]",False
early_neutral,3,1091,0.6364545151616128,-1,[0],"[[-0.8259750604629517, 0.00024128559743985534], [-0.03873680531978607, -0.13215962052345276], [0.05881685018539429, -0.05869798734784126], [0.003298479365184903, -0.06997084617614746], [-0.02903038077056408, 0.21804110705852509]]",False
early_neutral,3,1092,0.6361212929023659,-1,[0],"[[-0.8259750604629517, 0.00024128559743985534], [-0.03438792750239372, -0.13929662108421326], [0.05820966884493828, -0.05612129718065262], [0.0023706911597400904, -0.06097082421183586], [-0.032531362026929855, 0.2157188057899475]]",False
early_neutral,3,1093,0.6357880706431189,-1,[0],"[[-0.8259750604629517, 0.00024128559743985534], [-0.029872719198465347, -0.14679975807666779], [0.05797012895345688, -0.0525842048227787], [0.0008481499971821904, -0.052391838282346725], [-0.033496469259262085, 0.21508066356182098]]",False
early_neutral,3,1094,0.635454848383872,-1,[0],"[[-0.8259750604629517, 0.00024128559743985534], [-0.025287937372922897, -0.15461277961730957], [0.057877689599990845, -0.0481378473341465], [-0.0025948232505470514, -0.04627145081758499], [-0.033496469259262085, 0.21508066356182098]]",False
early_neutral,3,1095,0.6351216261246251,-1,[0],"[[-0.8259750604629517, 0.00024128559743985534], [-0.02069953642785549, -0.16267842054367065], [0.057832732796669006, -0.042864296585321426], [-0.008039304986596107, -0.043350037187337875], [-0.032382719218730927, 0.21597309410572052]]",False
early_neutral,3,1096,0.6347884038653782,-1,[0],"[[-0.8261033892631531, 0.00023136867093853652], [-0.016246285289525986, -0.17097026109695435], [0.057827070355415344, -0.0369529202580452], [-0.015470490790903568, -0.042401447892189026], [-0.03014787845313549, 0.21821029484272003]]",False
early_neutral,3,1097,0.6344551816061312,-1,[0],"[[-0.8291968703269958, 5.3942803788231686e-05], [-0.012164861895143986, -0.1790035218000412], [0.057824134826660156, -0.030972056090831757], [-0.0241842120885849, -0.04207915812730789], [-0.028141923248767853, 0.2213601917028427]]",False
early_neutral,3,1098,0.6341219593468844,-1,[0],"[[-0.8338220715522766, -7.500540232285857e-05], [-0.009667805396020412, -0.18468904495239258], [0.057823602110147476, -0.024991197511553764], [-0.03345813229680061, -0.04171881452202797], [-0.030098354443907738, 0.22357429563999176]]",False
early_neutral,3,1099,0.6337887370876375,-1,[0],"[[-0.8398199081420898, -0.00011240202002227306], [-0.008806634694337845, -0.18873178958892822], [0.05782344937324524, -0.019010337069630623], [-0.04352269694209099, -0.04133060947060585], [-0.03532197326421738, 0.2242930680513382]]",False
early_neutral,3,1100,0.6334555148283906,-1,[0],"[[-0.8468191027641296, -0.0001484845852246508], [-0.008577745407819748, -0.1901140809059143], [0.05782340094447136, -0.013029476627707481], [-0.05418417975306511, -0.040918365120887756], [-0.0415893979370594, 0.22302129864692688]]",False
early_neutral,3,1101,0.6331222925691437,-1,[0],"[[-0.8545332551002502, -0.0001824729988584295], [-0.008577745407819748, -0.1901140809059143], [0.05782340094447136, -0.007048614788800478], [-0.0651949867606163, -0.04048369824886322], [-0.04765118286013603, 0.21975989639759064]]",False
early_neutral,3,1102,0.6327890703098967,-1,[0],"[[-0.8630721569061279, -0.00020972844504285604], [-0.009515246376395226, -0.1891348958015442], [0.05782340094447136, -0.0010677530663087964], [-0.07685521245002747, -0.04001442715525627], [-0.05389302223920822, 0.21559454500675201]]",False
early_neutral,3,1103,0.6324558480506498,-1,[0],"[[-0.8724573254585266, -0.00013628996384795755], [-0.012086224742233753, -0.186985045671463], [0.05782340094447136, 0.004913106095045805], [-0.08909270912408829, -0.039489515125751495], [-0.06100112199783325, 0.2118089497089386]]",False
early_neutral,3,1104,0.6321226257914029,-1,[0],"[[-0.8827260732650757, 9.391261119162664e-05], [-0.015559431165456772, -0.1846933215856552], [0.05782340094447136, 0.010893968865275383], [-0.10179516673088074, -0.038879264146089554], [-0.06878696382045746, 0.20859940350055695]]",False
early_neutral,3,1105,0.631789403532156,-1,[0],"[[-0.893519401550293, 0.00042888015741482377], [-0.016252368688583374, -0.18420922756195068], [0.05782340094447136, 0.016874827444553375], [-0.11485680192708969, -0.03817805275321007], [-0.07735296338796616, 0.20536760985851288]]",False
early_neutral,3,1106,0.631456181272909,-1,[0],"[[-0.9047680497169495, 0.0008284907671622932], [-0.017071440815925598, -0.1840999871492386], [0.05782340094447136, 0.022855689749121666], [-0.12818485498428345, -0.03733045235276222], [-0.08666828274726868, 0.2019016593694687]]",False
early_neutral,3,1107,0.6311229590136621,-1,[0],"[[-0.9166264533996582, 0.0012930164812132716], [-0.020135220140218735, -0.18349118530750275], [0.05738617479801178, 0.028489163145422935], [-0.1417096108198166, -0.0363338477909565], [-0.09547799080610275, 0.19889454543590546]]",False
early_neutral,3,1108,0.6307897367544152,-1,[0],"[[-0.9290167689323425, 0.0018341521499678493], [-0.024315429851412773, -0.18227951228618622], [0.05341130867600441, 0.03296694904565811], [-0.15536703169345856, -0.03514445573091507], [-0.1022530272603035, 0.19708512723445892]]",False
early_neutral,3,1109,0.6304565144951683,-1,[0],"[[-0.9418238401412964, 0.0024826282169669867], [-0.029482122510671616, -0.18051481246948242], [0.04666747525334358, 0.036902446299791336], [-0.16910703480243683, -0.03374476358294487], [-0.10813132673501968, 0.19780218601226807]]",False
early_neutral,3,1110,0.6301232922359213,-1,[0],"[[-0.9527739882469177, 0.0031066774390637875], [-0.03491592034697533, -0.1785694658756256], [0.03934400901198387, 0.0408964678645134], [-0.18273480236530304, -0.03166384622454643], [-0.11405926942825317, 0.20040637254714966]]",False
early_neutral,3,1111,0.6297900699766744,-1,[0],"[[-0.9619100689888, 0.003759925253689289], [-0.040491726249456406, -0.17648077011108398], [0.03159637749195099, 0.045359011739492416], [-0.19600360095500946, -0.028613345697522163], [-0.12019173055887222, 0.2039884328842163]]",False
early_neutral,3,1112,0.6294568477174275,-1,[0],"[[-0.9700471758842468, 0.004423838574439287], [-0.04423412308096886, -0.1749783605337143], [0.023600097745656967, 0.050129856914281845], [-0.2085418403148651, -0.02461843006312847], [-0.12687043845653534, 0.20789283514022827]]",False
early_neutral,3,1113,0.6291236254581806,-1,[0],"[[-0.9756148457527161, 0.004955183248966932], [-0.044360872358083725, -0.17491544783115387], [0.015414372086524963, 0.05496152862906456], [-0.21792858839035034, -0.01961725950241089], [-0.13262255489826202, 0.21159778535366058]]",False
early_neutral,3,1114,0.6287904031989336,-1,[0],"[[-0.9807209372520447, 0.005503029562532902], [-0.04623408988118172, -0.1738487035036087], [0.006714681163430214, 0.06004014238715172], [-0.22356025874614716, -0.013271326199173927], [-0.13446003198623657, 0.2131376713514328]]",False
early_neutral,3,1115,0.6284571809396867,-1,[0],"[[-0.9827572703361511, 0.005625220946967602], [-0.04995690658688545, -0.1722237765789032], [-0.00251006125472486, 0.06528965383768082], [-0.22796401381492615, -0.007878356613218784], [-0.13445034623146057, 0.2130148559808731]]",False
early_neutral,3,1116,0.6281239586804399,-1,[0],"[[-0.983214259147644, 0.005611469503492117], [-0.05512597784399986, -0.17054112255573273], [-0.012277785688638687, 0.0705876350402832], [-0.23262901604175568, -0.002725639147683978], [-0.1336379200220108, 0.21066761016845703]]",False
early_neutral,3,1117,0.627790736421193,-1,[0],"[[-0.983220100402832, 0.005610847845673561], [-0.06058330088853836, -0.1688947081565857], [-0.022492285817861557, 0.07590003311634064], [-0.2387336641550064, 0.0016872161068022251], [-0.1330837458372116, 0.20725323259830475]]",False
early_neutral,3,1118,0.6274575141619461,-1,[0],"[[-0.983220100402832, 0.005610847845673561], [-0.06647554039955139, -0.16721363365650177], [-0.03314094990491867, 0.08114443719387054], [-0.24780382215976715, 0.0038420455530285835], [-0.1329897940158844, 0.20287737250328064]]",False
early_neutral,3,1119,0.6271242919026991,-1,[0],"[[-0.983220100402832, 0.005610847845673561], [-0.07190682739019394, -0.16573219001293182], [-0.04418405517935753, 0.08627520501613617], [-0.2576553225517273, 0.00435626320540905], [-0.13294148445129395, 0.19764269888401031]]",False
early_neutral,3,1120,0.6267910696434522,-1,[0],"[[-0.983220100402832, 0.005610847845673561], [-0.07301877439022064, -0.16536997258663177], [-0.05570113658905029, 0.09114203602075577], [-0.2668382525444031, 0.004165698308497667], [-0.1336153745651245, 0.19212962687015533]]",False
early_neutral,3,1121,0.6264578473842053,-1,[0],"[[-0.983220100402832, 0.005610847845673561], [-0.07391609996557236, -0.1649380475282669], [-0.06766777485609055, 0.0956900417804718], [-0.2759523391723633, 0.003407674143090844], [-0.13612470030784607, 0.18689021468162537]]",False
early_neutral,3,1122,0.6261246251249584,-1,[0],"[[-0.983220100402832, 0.005610847845673561], [-0.07723521441221237, -0.16362203657627106], [-0.07985875010490417, 0.10010886937379837], [-0.28509610891342163, 0.002826378447934985], [-0.1398543417453766, 0.18139344453811646]]",False
early_neutral,3,1123,0.6257914028657114,-1,[0],"[[-0.983220100402832, 0.005610847845673561], [-0.08212446421384811, -0.16219107806682587], [-0.09215457737445831, 0.10450178384780884], [-0.29428330063819885, 0.0028489085379987955], [-0.1418040245771408, 0.17631398141384125]]",False
early_neutral,3,1124,0.6254581806064645,-1,[0],"[[-0.983220100402832, 0.005610847845673561], [-0.08771296590566635, -0.16086193919181824], [-0.10472476482391357, 0.10862485319375992], [-0.30222591757774353, 0.0030248486436903477], [-0.14367617666721344, 0.17138215899467468]]",False
early_neutral,3,1125,0.6251249583472176,-1,[0],"[[-0.983220100402832, 0.005610847845673561], [-0.09371671825647354, -0.15964321792125702], [-0.11793661117553711, 0.11186081916093826], [-0.3083936274051666, 0.0018979569431394339], [-0.1455141305923462, 0.1663239598274231]]",False
early_neutral,3,1126,0.6247917360879707,-1,[0],"[[-0.983220100402832, 0.005610847845673561], [-0.09994164109230042, -0.15858659148216248], [-0.13163195550441742, 0.11417734622955322], [-0.3143002688884735, 0.00023990396584849805], [-0.146567702293396, 0.16064630448818207]]",False
early_neutral,3,1127,0.6244585138287237,-1,[0],"[[-0.983220100402832, 0.005610847845673561], [-0.10697051882743835, -0.15756253898143768], [-0.14552414417266846, 0.11602163314819336], [-0.32042330503463745, -0.0010381853207945824], [-0.14672239124774933, 0.15466658771038055]]",False
early_neutral,3,1128,0.6241252915694768,-1,[0],"[[-0.983220100402832, 0.005610847845673561], [-0.11530213803052902, -0.1564975380897522], [-0.1595315933227539, 0.11752371490001678], [-0.3267301619052887, -0.001854497822932899], [-0.14674729108810425, 0.1486857384443283]]",False
early_neutral,3,1129,0.6237920693102299,-1,[0],"[[-0.983220100402832, 0.005610847845673561], [-0.1243525892496109, -0.1554764211177826], [-0.17360958456993103, 0.11878474801778793], [-0.33373039960861206, -0.0022219966631382704], [-0.14675873517990112, 0.14270488917827606]]",False
early_neutral,3,1130,0.623458847050983,-1,[0],"[[-0.983220100402832, 0.005610847845673561], [-0.13342362642288208, -0.1545126885175705], [-0.18772107362747192, 0.11993111670017242], [-0.3419847786426544, -0.001993079436942935], [-0.14676031470298767, 0.13672402501106262]]",False
early_neutral,3,1131,0.623125624791736,-1,[0],"[[-0.983220100402832, 0.005610847845673561], [-0.14250722527503967, -0.15360037982463837], [-0.20184962451457977, 0.12102756649255753], [-0.3510034382343292, -0.001065036398358643], [-0.1467609703540802, 0.13074317574501038]]",False
early_neutral,3,1132,0.6227924025324891,-1,[0],"[[-0.983220100402832, 0.005610847845673561], [-0.15159903466701508, -0.15272338688373566], [-0.21592658758163452, 0.12239973247051239], [-0.35996609926223755, 0.0002562826848588884], [-0.14676114916801453, 0.12476231902837753]]",False
early_neutral,3,1133,0.6224591802732422,-1,[0],"[[-0.983220100402832, 0.005610847845673561], [-0.1606973111629486, -0.15187521278858185], [-0.22992707788944244, 0.12408679723739624], [-0.36880001425743103, 0.00192773446906358], [-0.1467612087726593, 0.11878146231174469]]",False
early_neutral,3,1134,0.6221259580139953,-1,[0],"[[-0.983220100402832, 0.005610847845673561], [-0.1698015183210373, -0.15105438232421875], [-0.24389055371284485, 0.12591233849525452], [-0.3780178427696228, 0.004104154650121927], [-0.1467612236738205, 0.11280059814453125]]",False
early_neutral,3,1135,0.6217927357547485,-1,[0],"[[-0.983220100402832, 0.005610847845673561], [-0.17891089618206024, -0.15025827288627625], [-0.2578446865081787, 0.12777607142925262], [-0.38777995109558105, 0.006865897681564093], [-0.1467612236738205, 0.10681973397731781]]",False
early_neutral,3,1136,0.6214595134955015,-1,[0],"[[-0.983220100402832, 0.005610847845673561], [-0.18802428245544434, -0.14948181807994843], [-0.27183249592781067, 0.1295321136713028], [-0.39798223972320557, 0.010142038576304913], [-0.1467612236738205, 0.10083887726068497]]",False
early_neutral,3,1137,0.6211262912362546,-1,[0],"[[-0.983220100402832, 0.005610847845673561], [-0.19713398814201355, -0.1486872136592865], [-0.28594133257865906, 0.1308189332485199], [-0.4087284803390503, 0.013664552010595798], [-0.1467612236738205, 0.09485801309347153]]",False
early_neutral,3,1138,0.6207930689770077,-1,[0],"[[-0.983220100402832, 0.005610847845673561], [-0.2062382698059082, -0.1478668600320816], [-0.3001347780227661, 0.13163062930107117], [-0.41989824175834656, 0.017394933849573135], [-0.1467612236738205, 0.08887715637683868]]",False
early_neutral,3,1139,0.6204598467177608,-1,[0],"[[-0.983220100402832, 0.005610847845673561], [-0.21533477306365967, -0.1470106691122055], [-0.314363956451416, 0.1321282982826233], [-0.43149080872535706, 0.02117125131189823], [-0.1467612236738205, 0.08289629220962524]]",False
early_neutral,3,1140,0.6201266244585139,-1,[0],"[[-0.983220100402832, 0.005610847845673561], [-0.2244212031364441, -0.1461104154586792], [-0.3286098837852478, 0.13235832750797272], [-0.4434913396835327, 0.0248747318983078], [-0.1467612236738205, 0.0769154280424118]]",False
early_neutral,3,1141,0.6197934021992669,-1,[0],"[[-0.983220100402832, 0.005610847845673561], [-0.23349922895431519, -0.14517489075660706], [-0.34142422676086426, 0.1323656439781189], [-0.4558066129684448, 0.0285158921033144], [-0.1467612236738205, 0.07093457132577896]]",False
early_neutral,3,1142,0.61946017994002,-1,[0],"[[-0.983220100402832, 0.005610847845673561], [-0.24257612228393555, -0.14423465728759766], [-0.3501821756362915, 0.13129761815071106], [-0.4683786928653717, 0.0320822112262249], [-0.14742596447467804, 0.06555982679128647]]",False
early_neutral,3,1143,0.6191269576807731,-1,[0],"[[-0.9833446741104126, 0.0058026742190122604], [-0.25165265798568726, -0.14329299330711365], [-0.35720548033714294, 0.12849844992160797], [-0.4811569154262543, 0.0355723537504673], [-0.15010379254817963, 0.06331994384527206]]",False
early_neutral,3,1144,0.6187937354215262,-1,[0],"[[-0.9844536781311035, 0.007649550214409828], [-0.26073312759399414, -0.14236755669116974], [-0.3629702031612396, 0.12555736303329468], [-0.49407556653022766, 0.03902795910835266], [-0.15449368953704834, 0.06396067142486572]]",False
early_neutral,3,1145,0.6184605131622792,-1,[0],"[[-0.985651433467865, 0.009905824437737465], [-0.2698192000389099, -0.14146563410758972], [-0.3649592101573944, 0.12187306582927704], [-0.5070779919624329, 0.04244270548224449], [-0.1599877029657364, 0.065536268055439]]",False
early_neutral,3,1146,0.6181272909030323,-1,[0],"[[-0.9864331483840942, 0.011430783197283745], [-0.27891331911087036, -0.14059892296791077], [-0.3662061393260956, 0.11726436764001846], [-0.5180850625038147, 0.0453009270131588], [-0.16624274849891663, 0.06810108572244644]]",False
early_neutral,3,1147,0.6177940686437854,-1,[0],"[[-0.986846923828125, 0.01210215874016285], [-0.2880195677280426, -0.13978783786296844], [-0.3669833838939667, 0.1118198111653328], [-0.5266773104667664, 0.04746552184224129], [-0.17301788926124573, 0.07156351208686829]]",False
early_neutral,3,1148,0.6174608463845385,-1,[0],"[[-0.9868664145469666, 0.012129692360758781], [-0.29713666439056396, -0.13903012871742249], [-0.36716601252555847, 0.1058543249964714], [-0.5355126857757568, 0.04966915398836136], [-0.1803654134273529, 0.0756266862154007]]",False
early_neutral,3,1149,0.6171276241252915,-1,[0],"[[-0.9868664145469666, 0.012129692360758781], [-0.3062603175640106, -0.13830649852752686], [-0.36721229553222656, 0.09987354278564453], [-0.5451334714889526, 0.05211176350712776], [-0.18800072371959686, 0.08021403104066849]]",False
early_neutral,3,1150,0.6167944018660446,-1,[0],"[[-0.9868664145469666, 0.012129692360758781], [-0.315389484167099, -0.13761307299137115], [-0.36722874641418457, 0.09389270097017288], [-0.5554386377334595, 0.05477755144238472], [-0.19557757675647736, 0.0851522758603096]]",False
early_neutral,3,1151,0.6164611796067977,-1,[0],"[[-0.9868664145469666, 0.012129692360758781], [-0.32451939582824707, -0.1369236409664154], [-0.36723119020462036, 0.08791183680295944], [-0.5663325786590576, 0.05770394578576088], [-0.2033475786447525, 0.09059811383485794]]",False
early_neutral,3,1152,0.6161279573475508,-1,[0],"[[-0.9868664145469666, 0.012129692360758781], [-0.33364611864089966, -0.1362166702747345], [-0.36723238229751587, 0.081930972635746], [-0.5776353478431702, 0.06095807999372482], [-0.211470827460289, 0.09638521820306778]]",False
early_neutral,3,1153,0.6157947350883038,-1,[0],"[[-0.9868664145469666, 0.012129692360758781], [-0.3427688479423523, -0.13548815250396729], [-0.36724045872688293, 0.07659463584423065], [-0.5875354409217834, 0.06398142129182816], [-0.22003807127475739, 0.10236696898937225]]",False
early_neutral,3,1154,0.615461512829057,-1,[0],"[[-0.9868664145469666, 0.012129692360758781], [-0.35188472270965576, -0.13472416996955872], [-0.36726003885269165, 0.07466421276330948], [-0.5936328768730164, 0.0661238506436348], [-0.22898562252521515, 0.10847993195056915]]",False
early_neutral,3,1155,0.6151282905698101,-1,[0],"[[-0.9868664145469666, 0.012129692360758781], [-0.36099371314048767, -0.1339261382818222], [-0.36726003885269165, 0.07466421276330948], [-0.5991122126579285, 0.0683169886469841], [-0.238334059715271, 0.11462602764368057]]",False
early_neutral,3,1156,0.6147950683105632,-1,[0],"[[-0.9868664145469666, 0.012129692360758781], [-0.3701075315475464, -0.13315197825431824], [-0.36726003885269165, 0.07466421276330948], [-0.6044130325317383, 0.07052183151245117], [-0.24805372953414917, 0.12075313180685043]]",False
early_neutral,3,1157,0.6144618460513163,-1,[0],"[[-0.9868664145469666, 0.012129692360758781], [-0.3792305588722229, -0.1324252486228943], [-0.36726003885269165, 0.07466421276330948], [-0.6084769368171692, 0.07223717123270035], [-0.2580927014350891, 0.12683747708797455]]",False
early_neutral,3,1158,0.6141286237920693,-1,[0],"[[-0.9868664145469666, 0.012129692360758781], [-0.38836297392845154, -0.1317499876022339], [-0.36726003885269165, 0.07466421276330948], [-0.6087557077407837, 0.07235368341207504], [-0.2684378921985626, 0.13284052908420563]]",False
early_neutral,3,1159,0.6137954015328224,-1,[0],"[[-0.9868664145469666, 0.012129692360758781], [-0.39750510454177856, -0.13113318383693695], [-0.36726003885269165, 0.07466421276330948], [-0.6090412139892578, 0.07239403575658798], [-0.2790524959564209, 0.13874970376491547]]",False
early_neutral,3,1160,0.6134621792735755,-1,[0],"[[-0.9868664145469666, 0.012129692360758781], [-0.4066554605960846, -0.13057030737400055], [-0.36726003885269165, 0.07466421276330948], [-0.6123138070106506, 0.07276886701583862], [-0.2899213135242462, 0.14454445242881775]]",False
early_neutral,3,1161,0.6131289570143286,-1,[0],"[[-0.9868664145469666, 0.012129692360758781], [-0.4158085584640503, -0.13002650439739227], [-0.36726003885269165, 0.07466421276330948], [-0.6170752644538879, 0.07313547283411026], [-0.30102404952049255, 0.15021397173404694]]",False
early_neutral,3,1162,0.6127957347550816,-1,[0],"[[-0.9868664145469666, 0.012129692360758781], [-0.4249633550643921, -0.1294948309659958], [-0.36726003885269165, 0.07466421276330948], [-0.6232221722602844, 0.07349061220884323], [-0.3123449981212616, 0.15574872493743896]]",False
early_neutral,3,1163,0.6124625124958347,-1,[0],"[[-0.9868664145469666, 0.012129692360758781], [-0.43412280082702637, -0.1289985179901123], [-0.3669537603855133, 0.07308875769376755], [-0.630681574344635, 0.07399372011423111], [-0.32387104630470276, 0.16114090383052826]]",False
early_neutral,3,1164,0.6121292902365878,-1,[0],"[[-0.9868664145469666, 0.012129692360758781], [-0.44328880310058594, -0.12855659425258636], [-0.36659735441207886, 0.07021655142307281], [-0.6393201351165771, 0.07454333454370499], [-0.33559098839759827, 0.16638393700122833]]",False
early_neutral,3,1165,0.6117960679773409,-1,[0],"[[-0.9868664145469666, 0.012129692360758781], [-0.45246049761772156, -0.12816759943962097], [-0.366553395986557, 0.06639321148395538], [-0.6488540768623352, 0.07445952296257019], [-0.34749481081962585, 0.17147254943847656]]",False
early_neutral,3,1166,0.611462845718094,-1,[0],"[[-0.9868664145469666, 0.012129692360758781], [-0.46163666248321533, -0.12782621383666992], [-0.3666061460971832, 0.06173061951994896], [-0.6591787338256836, 0.07360398769378662], [-0.35957276821136475, 0.17640285193920135]]",False
early_neutral,3,1167,0.611129623458847,-1,[0],"[[-0.9868395328521729, 0.012257386930286884], [-0.4708167016506195, -0.1275319755077362], [-0.36658841371536255, 0.05631158873438835], [-0.6697998046875, 0.07267549633979797], [-0.37181538343429565, 0.18117265403270721]]",False
early_neutral,3,1168,0.6107964011996001,-1,[0],"[[-0.9866381883621216, 0.014387577772140503], [-0.47999995946884155, -0.12728410959243774], [-0.36658450961112976, 0.05035126581788063], [-0.6810136437416077, 0.07194504141807556], [-0.3842150568962097, 0.1857789307832718]]",False
early_neutral,3,1169,0.6104631789403532,-1,[0],"[[-0.986825704574585, 0.01683725044131279], [-0.4891858696937561, -0.12708233296871185], [-0.36658284068107605, 0.04437040537595749], [-0.6922029256820679, 0.07114983350038528], [-0.39676305651664734, 0.1902206987142563]]",False
early_neutral,3,1170,0.6101299566811063,-1,[0],"[[-0.9872715473175049, 0.01853543147444725], [-0.4983740448951721, -0.12692946195602417], [-0.36749449372291565, 0.03910449147224426], [-0.7025375962257385, 0.06968934834003448], [-0.4094524383544922, 0.1944960653781891]]",False
early_neutral,3,1171,0.6097967344218593,-1,[0],"[[-0.987670361995697, 0.019338808953762054], [-0.5075638890266418, -0.1268303245306015], [-0.37132498621940613, 0.036743152886629105], [-0.7113783359527588, 0.0677369087934494], [-0.42227423191070557, 0.19860602915287018]]",False
early_neutral,3,1172,0.6094635121626124,-1,[0],"[[-0.9876903891563416, 0.019366154447197914], [-0.5167547464370728, -0.12678182125091553], [-0.3775445222854614, 0.03638225793838501], [-0.7194175720214844, 0.06506946682929993], [-0.43521979451179504, 0.2025526463985443]]",False
early_neutral,3,1173,0.6091302899033656,-1,[0],"[[-0.9876903891563416, 0.019366154447197914], [-0.5259459018707275, -0.1267600953578949], [-0.38511791825294495, 0.03628696873784065], [-0.7267408967018127, 0.061638493090867996], [-0.44828370213508606, 0.20633402466773987]]",False
early_neutral,3,1174,0.6087970676441187,-1,[0],"[[-0.9876903891563416, 0.019366154447197914], [-0.5351370573043823, -0.12676040828227997], [-0.3938927948474884, 0.036388691514730453], [-0.733624279499054, 0.057695191353559494], [-0.46146073937416077, 0.20994804799556732]]",False
early_neutral,3,1175,0.6084638453848717,-1,[0],"[[-0.9876903891563416, 0.019366154447197914], [-0.5443282127380371, -0.12676922976970673], [-0.403651624917984, 0.036601465195417404], [-0.7403312921524048, 0.053606148809194565], [-0.47474563121795654, 0.21339300274848938]]",False
early_neutral,3,1176,0.6081306231256248,-1,[0],"[[-0.9876903891563416, 0.019366154447197914], [-0.5535193681716919, -0.12677541375160217], [-0.4142429232597351, 0.03682919219136238], [-0.7468693852424622, 0.049402616918087006], [-0.48813754320144653, 0.21665921807289124]]",False
early_neutral,3,1177,0.6077974008663779,-1,[0],"[[-0.9876903891563416, 0.019366154447197914], [-0.5627105236053467, -0.12678681313991547], [-0.42555415630340576, 0.037067074328660965], [-0.7533801794052124, 0.045181140303611755], [-0.50163334608078, 0.21974040567874908]]",False
early_neutral,3,1178,0.607464178607131,-1,[0],"[[-0.9876903891563416, 0.019366154447197914], [-0.5719014406204224, -0.12683077156543732], [-0.43751776218414307, 0.037293240427970886], [-0.7598830461502075, 0.04095444083213806], [-0.5152277946472168, 0.22263312339782715]]",False
early_neutral,3,1179,0.607130956347884,-1,[0],"[[-0.9876903891563416, 0.019366154447197914], [-0.5810918807983398, -0.12690924108028412], [-0.45000481605529785, 0.03749078884720802], [-0.7663826942443848, 0.03672567382454872], [-0.5289170145988464, 0.22533097863197327]]",False
early_neutral,3,1180,0.6067977340886371,-1,[0],"[[-0.9876903891563416, 0.019366154447197914], [-0.59028160572052, -0.1270141750574112], [-0.4629024267196655, 0.03766388073563576], [-0.7728821635246277, 0.03249672055244446], [-0.542694628238678, 0.2278319001197815]]",False
early_neutral,3,1181,0.6064645118293902,-1,[0],"[[-0.9876903891563416, 0.019366154447197914], [-0.5994706153869629, -0.12714236974716187], [-0.4761195182800293, 0.037799183279275894], [-0.779381513595581, 0.02826773002743721], [-0.5565563440322876, 0.23012830317020416]]",False
early_neutral,3,1182,0.6061312895701433,-1,[0],"[[-0.9876903891563416, 0.019366154447197914], [-0.6071340441703796, -0.12725892663002014], [-0.4895824193954468, 0.03793394938111305], [-0.7858808040618896, 0.024038715288043022], [-0.5704956650733948, 0.2322169989347458]]",False
early_neutral,3,1183,0.6057980673108964,-1,[0],"[[-0.9876903891563416, 0.019366154447197914], [-0.6135663986206055, -0.12734653055667877], [-0.5032312273979187, 0.03816080838441849], [-0.7923798561096191, 0.019809618592262268], [-0.5845045447349548, 0.23409831523895264]]",False
early_neutral,3,1184,0.6054648450516494,-1,[0],"[[-0.9876903891563416, 0.019366154447197914], [-0.6199989318847656, -0.1274237185716629], [-0.5170180797576904, 0.03851155936717987], [-0.7988790273666382, 0.015580479986965656], [-0.5985753536224365, 0.23577311635017395]]",False
early_neutral,3,1185,0.6051316227924025,-1,[0],"[[-0.9876903891563416, 0.019366154447197914], [-0.626328706741333, -0.1274823248386383], [-0.5308750867843628, 0.03927265480160713], [-0.8053780794143677, 0.011351361870765686], [-0.6127018928527832, 0.23723487555980682]]",False
early_neutral,3,1186,0.6047984005331556,-1,[0],"[[-0.9876903891563416, 0.019366154447197914], [-0.6327513456344604, -0.1275225281715393], [-0.5447372198104858, 0.040501005947589874], [-0.8103481531143188, 0.006644064094871283], [-0.6268826723098755, 0.23845401406288147]]",False
early_neutral,3,1187,0.6044651782739087,-1,[0],"[[-0.9876903891563416, 0.019366154447197914], [-0.6391851305961609, -0.12754467129707336], [-0.5586128234863281, 0.04195742681622505], [-0.8124573230743408, 0.002148388186469674], [-0.641108512878418, 0.23942513763904572]]",False
early_neutral,3,1188,0.6041319560146617,-1,[0],"[[-0.9876903891563416, 0.019366154447197914], [-0.6455684900283813, -0.127571702003479], [-0.5725287795066833, 0.04344775527715683], [-0.8129554390907288, 0.0010264251613989472], [-0.6553736925125122, 0.24010637402534485]]",False
early_neutral,3,1189,0.6037987337554148,-1,[0],"[[-0.9878050684928894, 0.018644163385033607], [-0.6519381999969482, -0.12761327624320984], [-0.5864847302436829, 0.044925663620233536], [-0.8129554390907288, 0.0010264251613989472], [-0.6696661114692688, 0.24047362804412842]]",False
early_neutral,3,1190,0.6034655114961679,-1,[0],"[[-0.9879418015480042, 0.016202984377741814], [-0.6583714485168457, -0.1276698112487793], [-0.6005086898803711, 0.046232372522354126], [-0.8129554390907288, 0.0010264251613989472], [-0.6831128001213074, 0.2405799776315689]]",False
early_neutral,3,1191,0.603132289236921,-1,[0],"[[-0.9877651333808899, 0.013669505715370178], [-0.6647846102714539, -0.1277771294116974], [-0.6145910024642944, 0.04735590144991875], [-0.8129554390907288, 0.0010264251613989472], [-0.6930701732635498, 0.24028700590133667]]",False
early_neutral,3,1192,0.6027990669776742,-1,[0],"[[-0.9878334999084473, 0.012097740545868874], [-0.6711106300354004, -0.12796325981616974], [-0.6287110447883606, 0.048357486724853516], [-0.8136869072914124, 0.001192544586956501], [-0.701921820640564, 0.23956488072872162]]",False
early_neutral,3,1193,0.6024658447184272,-1,[0],"[[-0.9878981709480286, 0.011786271817982197], [-0.6775310039520264, -0.12823303043842316], [-0.6428586840629578, 0.04926184564828873], [-0.8172405958175659, 0.0018361130496487021], [-0.7079775929450989, 0.23796460032463074]]",False
early_neutral,3,1194,0.6021326224591803,-1,[0],"[[-0.9885629415512085, 0.012596314772963524], [-0.6819111704826355, -0.12846152484416962], [-0.6570281982421875, 0.050078362226486206], [-0.8221514225006104, 0.002430519089102745], [-0.7129759788513184, 0.23533298075199127]]",False
early_neutral,3,1195,0.6017994001999334,-1,[0],"[[-0.9901760816574097, 0.014666401781141758], [-0.6820663809776306, -0.1284700632095337], [-0.6712138056755066, 0.050823863595724106], [-0.8240344524383545, 0.0026223103050142527], [-0.7159208059310913, 0.2337077409029007]]",False
early_neutral,3,1196,0.6014661779406865,-1,[0],"[[-0.9923700094223022, 0.01762012578547001], [-0.6820663809776306, -0.1284700632095337], [-0.6854116916656494, 0.051510363817214966], [-0.8265760540962219, 0.002801873255521059], [-0.7159550786018372, 0.23368866741657257]]",False
early_neutral,3,1197,0.6011329556814395,-1,[0],"[[-0.9949525594711304, 0.021119004115462303], [-0.6820663809776306, -0.1284700632095337], [-0.6996099352836609, 0.05222734808921814], [-0.830502450466156, 0.0031902857590466738], [-0.7159550786018372, 0.23368866741657257]]",False
early_neutral,3,1198,0.6007997334221926,-1,[0],"[[-0.9977980256080627, 0.02493171952664852], [-0.6820663809776306, -0.1284700632095337], [-0.7138050198554993, 0.052992694079875946], [-0.8338078260421753, 0.0035685307811945677], [-0.7159550786018372, 0.23368866741657257]]",False
early_neutral,3,1199,0.6004665111629457,-1,[0],"[[-0.9717708230018616, 5.518951181476828e-12], [-0.4135110378265381, -0.2321052849292755], [-0.5055146813392639, -0.07535884529352188], [-0.5055146813392639, 0.07535884529352188], [-0.4135110378265381, 0.23210525512695312]]",False
early_neutral,3,1200,0.6001332889036988,-1,[0],"[[-0.9678148031234741, 3.013455110445484e-11], [-0.4135110378265381, -0.2321052849292755], [-0.5055146813392639, -0.07535884529352188], [-0.5055146813392639, 0.07535884529352188], [-0.4135110378265381, 0.23210525512695312]]",False
early_neutral,3,1201,0.5998000666444518,-1,[0],"[[-0.9622970819473267, 4.490219307484722e-11], [-0.4135110378265381, -0.2321052849292755], [-0.5055146813392639, -0.07535884529352188], [-0.5055146813392639, 0.07535884529352188], [-0.4135110378265381, 0.23210525512695312]]",False
early_neutral,3,1202,0.5994668443852049,-1,[0],"[[-0.9554758667945862, -7.934938366815913e-06], [-0.4135110378265381, -0.2321052849292755], [-0.5055146813392639, -0.07535884529352188], [-0.5055146813392639, 0.07535884529352188], [-0.4135110378265381, 0.23210525512695312]]",False
early_neutral,3,1203,0.599133622125958,-1,[0],"[[-0.9474750757217407, -1.6888085156097077e-05], [-0.4135110378265381, -0.2321052849292755], [-0.5055146813392639, -0.07535884529352188], [-0.5055146813392639, 0.07535884529352188], [-0.4135110378265381, 0.23210525512695312]]",False
early_neutral,3,1204,0.5988003998667111,-1,[0],"[[-0.9383969902992249, -2.3212694941321388e-05], [-0.4135110378265381, -0.2321052849292755], [-0.5055146813392639, -0.07535884529352188], [-0.5055146813392639, 0.07535884529352188], [-0.4135110378265381, 0.23210525512695312]]",False
early_neutral,3,1205,0.5984671776074642,-1,[0],"[[-0.9291595816612244, -2.32136753766099e-05], [-0.4137989580631256, -0.23213785886764526], [-0.507875919342041, -0.0749926045536995], [-0.5055146813392639, 0.07535884529352188], [-0.4135110378265381, 0.23210525512695312]]",False
early_neutral,3,1206,0.5981339553482172,-1,[0],"[[-0.919873058795929, -2.3214659449877217e-05], [-0.4171520173549652, -0.2324582040309906], [-0.5124825239181519, -0.07443180680274963], [-0.5065110325813293, 0.07568590342998505], [-0.4134557843208313, 0.23229195177555084]]",False
early_neutral,3,1207,0.5978007330889703,-1,[0],"[[-0.9108482599258423, 0.00039196977741084993], [-0.4220520257949829, -0.2327994555234909], [-0.5185815095901489, -0.07391911745071411], [-0.5100986361503601, 0.07662205398082733], [-0.41274744272232056, 0.2343991994857788]]",False
early_neutral,3,1208,0.5974675108297234,-1,[0],"[[-0.9034386873245239, 0.002445531077682972], [-0.4279741942882538, -0.23309901356697083], [-0.526012122631073, -0.07323417067527771], [-0.5152260065078735, 0.07753118127584457], [-0.4115654230117798, 0.23739905655384064]]",False
early_neutral,3,1209,0.5971342885704765,-1,[0],"[[-0.8971436023712158, 0.006263814866542816], [-0.4341185688972473, -0.23336564004421234], [-0.5345895290374756, -0.07224570214748383], [-0.5214539766311646, 0.07844973355531693], [-0.40990787744522095, 0.24123607575893402]]",False
early_neutral,3,1210,0.5968010663112296,-1,[0],"[[-0.8908692002296448, 0.011042364872992039], [-0.4405423700809479, -0.23359891772270203], [-0.5417719483375549, -0.07111776620149612], [-0.5277431011199951, 0.0793326273560524], [-0.4078640639781952, 0.2459067702293396]]",False
early_neutral,3,1211,0.5964678440519827,-1,[0],"[[-0.884702205657959, 0.016607610508799553], [-0.4469657242298126, -0.23376941680908203], [-0.547732412815094, -0.06954953819513321], [-0.5340432524681091, 0.08018149435520172], [-0.4054670035839081, 0.2513180673122406]]",False
early_neutral,3,1212,0.5961346217927358,-1,[0],"[[-0.8788767457008362, 0.02258206717669964], [-0.4532797336578369, -0.2338344156742096], [-0.5528903007507324, -0.06729207187891006], [-0.5403493642807007, 0.081011563539505], [-0.40281757712364197, 0.25728321075439453]]",False
early_neutral,3,1213,0.5958013995334889,-1,[0],"[[-0.8731207251548767, 0.028975391760468483], [-0.45971307158470154, -0.2337944507598877], [-0.555279016494751, -0.06368430703878403], [-0.5466612577438354, 0.08182267844676971], [-0.39992189407348633, 0.2637936472892761]]",False
early_neutral,3,1214,0.595468177274242,-1,[0],"[[-0.8673110008239746, 0.035797424614429474], [-0.4661310315132141, -0.23363101482391357], [-0.5560257434844971, -0.059567198157310486], [-0.5529797077178955, 0.08261193335056305], [-0.3969760835170746, 0.270412415266037]]",False
early_neutral,3,1215,0.595134955014995,-1,[0],"[[-0.8613537549972534, 0.04295319318771362], [-0.47238782048225403, -0.2332647442817688], [-0.5539385676383972, -0.05593039095401764], [-0.5593046545982361, 0.08337875455617905], [-0.3942199647426605, 0.276604026556015]]",False
early_neutral,3,1216,0.5948017327557481,-1,[0],"[[-0.8553285002708435, 0.05038580298423767], [-0.47875478863716125, -0.2326662838459015], [-0.549803614616394, -0.05282464623451233], [-0.5656275153160095, 0.08415286988019943], [-0.39161261916160583, 0.28246060013771057]]",False
early_neutral,3,1217,0.5944685104965012,-1,[0],"[[-0.8492124676704407, 0.0580173023045063], [-0.48494791984558105, -0.23175562918186188], [-0.5442776679992676, -0.05048869177699089], [-0.571941077709198, 0.0849585011601448], [-0.38886722922325134, 0.2886270582675934]]",False
early_neutral,3,1218,0.5941352882372543,-1,[0],"[[-0.8430222868919373, 0.06579867005348206], [-0.48984506726264954, -0.22941464185714722], [-0.5366691946983337, -0.049421753734350204], [-0.5779179334640503, 0.0862918496131897], [-0.38590219616889954, 0.2952868938446045]]",False
early_neutral,3,1219,0.5938020659780073,-1,[0],"[[-0.836778998374939, 0.07369484007358551], [-0.49432623386383057, -0.2264436036348343], [-0.5278548002243042, -0.04873036593198776], [-0.5826046466827393, 0.08902334421873093], [-0.38297852873802185, 0.3018539845943451]]",False
early_neutral,3,1220,0.5934688437187604,-1,[0],"[[-0.830500602722168, 0.08167925477027893], [-0.49682214856147766, -0.22353558242321014], [-0.518743634223938, -0.04794327914714813], [-0.5867283344268799, 0.09219346195459366], [-0.38026371598243713, 0.30795180797576904]]",False
early_neutral,3,1221,0.5931356214595135,-1,[0],"[[-0.8242021799087524, 0.08973221480846405], [-0.49499237537384033, -0.22041861712932587], [-0.509643018245697, -0.04710577428340912], [-0.5874315500259399, 0.09516996145248413], [-0.3776542842388153, 0.31381291151046753]]",False
early_neutral,3,1222,0.5928023992002666,-1,[0],"[[-0.8178970813751221, 0.09783946722745895], [-0.49155357480049133, -0.21711456775665283], [-0.5005571246147156, -0.04620349407196045], [-0.5843442678451538, 0.09815770387649536], [-0.37485894560813904, 0.32009148597717285]]",False
early_neutral,3,1223,0.5924691769410196,-1,[0],"[[-0.8115949630737305, 0.10598992556333542], [-0.4864630699157715, -0.2148803174495697], [-0.4914914071559906, -0.04521891102194786], [-0.5795974731445312, 0.10086613893508911], [-0.3719173073768616, 0.32669830322265625]]",False
early_neutral,3,1224,0.5921359546817727,-1,[0],"[[-0.8053117394447327, 0.11417815834283829], [-0.48083674907684326, -0.21286709606647491], [-0.4824477732181549, -0.044151876121759415], [-0.5739311575889587, 0.10276130586862564], [-0.36904746294021606, 0.3331439197063446]]",False
early_neutral,3,1225,0.5918027324225258,-1,[0],"[[-0.7990598082542419, 0.12240012735128403], [-0.47523683309555054, -0.21085532009601593], [-0.47308939695358276, -0.042959634214639664], [-0.5682101845741272, 0.10467462986707687], [-0.36713656783103943, 0.33792296051979065]]",False
early_neutral,3,1226,0.5914695101632789,-1,[0],"[[-0.7929399013519287, 0.1305309236049652], [-0.4696042835712433, -0.2089511901140213], [-0.46291449666023254, -0.04157586395740509], [-0.5626299977302551, 0.10661239176988602], [-0.3660196363925934, 0.3411240875720978]]",False
early_neutral,3,1227,0.5911362879040319,-1,[0],"[[-0.7869550585746765, 0.1385987401008606], [-0.463822603225708, -0.2071148157119751], [-0.4524514973163605, -0.0400567464530468], [-0.5569900870323181, 0.10855834186077118], [-0.3646610975265503, 0.3446045219898224]]",False
early_neutral,3,1228,0.590803065644785,-1,[0],"[[-0.7810786366462708, 0.14663581550121307], [-0.45799633860588074, -0.20534656941890717], [-0.44149139523506165, -0.03835427388548851], [-0.5512995719909668, 0.11051156371831894], [-0.3627171516418457, 0.3489704132080078]]",False
early_neutral,3,1229,0.5904698433855382,-1,[0],"[[-0.7763444781303406, 0.15313799679279327], [-0.45224225521087646, -0.20363962650299072], [-0.4299681782722473, -0.03647425398230553], [-0.5456817746162415, 0.11248137801885605], [-0.3607731759548187, 0.35333627462387085]]",False
early_neutral,3,1230,0.5901366211262913,-1,[0],"[[-0.7738609313964844, 0.1565490961074829], [-0.4463652968406677, -0.20193590223789215], [-0.4179757535457611, -0.034376680850982666], [-0.5401549935340881, 0.1144823282957077], [-0.3588215112686157, 0.3578724265098572]]",False
early_neutral,3,1231,0.5898033988670444,-1,[0],"[[-0.7741085290908813, 0.15628589689731598], [-0.44048330187797546, -0.20024175941944122], [-0.40564537048339844, -0.032038476318120956], [-0.5345749855041504, 0.11656633764505386], [-0.3568156659603119, 0.36290520429611206]]",False
early_neutral,3,1232,0.5894701766077974,-1,[0],"[[-0.7761157155036926, 0.1542501002550125], [-0.4347391426563263, -0.19852912425994873], [-0.3930661976337433, -0.029491249471902847], [-0.5284180641174316, 0.11897686868906021], [-0.3546037971973419, 0.36716583371162415]]",True
early_neutral,3,1233,0.5891369543485505,-1,[0],"[[-0.7792507410049438, 0.15161921083927155], [-0.42892709374427795, -0.19673359394073486], [-0.38033807277679443, -0.02670309692621231], [-0.5213072896003723, 0.12194252759218216], [-0.3516145348548889, 0.369843065738678]]",True
early_neutral,3,1234,0.5888037320893036,-1,[0],"[[-0.7828223705291748, 0.14827293157577515], [-0.4231444299221039, -0.19489850103855133], [-0.3675050735473633, -0.023721342906355858], [-0.513695240020752, 0.12528051435947418], [-0.34680935740470886, 0.3715885281562805]]",True
early_neutral,3,1235,0.5884705098300567,-1,[0],"[[-0.7852736115455627, 0.14489971101284027], [-0.41745060682296753, -0.19311469793319702], [-0.35461148619651794, -0.020562637597322464], [-0.506106436252594, 0.12865470349788666], [-0.34037846326828003, 0.3724769353866577]]",True
early_neutral,3,1236,0.5881372875708097,-1,[0],"[[-0.7843871712684631, 0.14122135937213898], [-0.4116337299346924, -0.19132575392723083], [-0.34168902039527893, -0.01724483259022236], [-0.49854573607444763, 0.13205547630786896], [-0.33285266160964966, 0.372883677482605]]",True
early_neutral,3,1237,0.5878040653115628,-1,[0],"[[-0.7832062244415283, 0.13671734929084778], [-0.4057961106300354, -0.18956655263900757], [-0.32875287532806396, -0.013796718791127205], [-0.4909302294254303, 0.13557294011116028], [-0.3241213858127594, 0.3733283579349518]]",True
early_neutral,3,1238,0.5874708430523159,-1,[0],"[[-0.781276285648346, 0.13150550425052643], [-0.39999040961265564, -0.18788787722587585], [-0.31582292914390564, -0.0102265989407897], [-0.48272842168807983, 0.13948209583759308], [-0.3146882951259613, 0.3737666606903076]]",True
early_neutral,3,1239,0.587137620793069,-1,[0],"[[-0.7784380912780762, 0.12584221363067627], [-0.3940996825695038, -0.18626657128334045], [-0.30292055010795593, -0.0065321484580636024], [-0.47419098019599915, 0.14366622269153595], [-0.30524787306785583, 0.3740466833114624]]",True
early_neutral,3,1240,0.586804398533822,-1,[0],"[[-0.7759459614753723, 0.12183748185634613], [-0.38813066482543945, -0.18470431864261627], [-0.29006227850914, -0.002713041612878442], [-0.46544426679611206, 0.14810210466384888], [-0.29601824283599854, 0.3741270899772644]]",True
early_neutral,3,1241,0.5864711762745751,-1,[0],"[[-0.7734739780426025, 0.11916729807853699], [-0.3821635842323303, -0.1831914335489273], [-0.2772851288318634, 0.0012628461699932814], [-0.4562898278236389, 0.15287677943706512], [-0.2863767147064209, 0.3741636276245117]]",True
early_neutral,3,1242,0.5861379540153282,-1,[0],"[[-0.7703426480293274, 0.11656790971755981], [-0.37623172998428345, -0.18171851336956024], [-0.2646658718585968, 0.005477853585034609], [-0.44677668809890747, 0.15795673429965973], [-0.277103990316391, 0.3741741478443146]]",True
early_neutral,3,1243,0.5858047317560813,-1,[0],"[[-0.766677737236023, 0.1139354482293129], [-0.37020498514175415, -0.1802530288696289], [-0.2522277235984802, 0.009937172755599022], [-0.4370484948158264, 0.16333895921707153], [-0.26765552163124084, 0.37430787086486816]]",True
early_neutral,3,1244,0.5854715094968344,-1,[1],"[[-0.7624213695526123, 0.11228860169649124], [-0.36417073011398315, -0.1788090020418167], [-0.2400498241186142, 0.014706273563206196], [-0.42713838815689087, 0.16894395649433136], [-0.258150190114975, 0.3744703531265259]]",True
early_neutral,3,1245,0.5851382872375874,-1,[1],"[[-0.7573965191841125, 0.11178313195705414], [-0.35822853446006775, -0.1774006336927414], [-0.22817251086235046, 0.019797418266534805], [-0.4170958995819092, 0.17472654581069946], [-0.24894890189170837, 0.3744703531265259]]",True
early_neutral,3,1246,0.5848050649783405,-1,[1],"[[-0.7526484727859497, 0.11142659187316895], [-0.3521764576435089, -0.17597998678684235], [-0.2161877304315567, 0.024601979181170464], [-0.40695929527282715, 0.1806507110595703], [-0.2394752949476242, 0.3744644522666931]]",True
early_neutral,3,1247,0.5844718427190936,-1,[1],"[[-0.7484566569328308, 0.11141014844179153], [-0.3461184799671173, -0.17457011342048645], [-0.20380523800849915, 0.027030538767576218], [-0.3967284858226776, 0.18666686117649078], [-0.22918066382408142, 0.37445008754730225]]",True
early_neutral,3,1248,0.5841386204598468,-1,[1],"[[-0.7439217567443848, 0.11171819269657135], [-0.3401639461517334, -0.1731920838356018], [-0.191088005900383, 0.027934864163398743], [-0.3864288628101349, 0.19275535643100739], [-0.21884378790855408, 0.37443965673446655]]",True
early_neutral,3,1249,0.5838053982005998,-1,[1],"[[-0.7403122782707214, 0.11217474192380905], [-0.33409833908081055, -0.17179608345031738], [-0.17801791429519653, 0.028729800134897232], [-0.37605226039886475, 0.19888117909431458], [-0.20946797728538513, 0.3744385838508606]]",True
early_neutral,3,1250,0.5834721759413529,-1,[1],"[[-0.7389605045318604, 0.11223573982715607], [-0.3280284106731415, -0.17040814459323883], [-0.16466601192951202, 0.029416842386126518], [-0.36560356616973877, 0.2050255537033081], [-0.2006758451461792, 0.3744412362575531]]",True
early_neutral,3,1251,0.583138953682106,-1,[1],"[[-0.7372335195541382, 0.11205635219812393], [-0.3220587968826294, -0.16905826330184937], [-0.1511053889989853, 0.03007841669023037], [-0.3550833463668823, 0.21117158234119415], [-0.19018512964248657, 0.37443798780441284]]",True
early_neutral,3,1252,0.5828057314228591,-1,[1],"[[-0.7339301705360413, 0.1115567609667778], [-0.3159737288951874, -0.16769865155220032], [-0.1373899132013321, 0.03076290339231491], [-0.34447935223579407, 0.21729731559753418], [-0.17942674458026886, 0.3744412958621979]]",True
early_neutral,3,1253,0.5824725091636122,-1,[1],"[[-0.7305694222450256, 0.11084849387407303], [-0.3098808228969574, -0.16635407507419586], [-0.12355723977088928, 0.03147279471158981], [-0.33379021286964417, 0.22339124977588654], [-0.1680401861667633, 0.37445148825645447]]",True
early_neutral,3,1254,0.5821392869043652,-1,[1],"[[-0.7289628386497498, 0.10846168547868729], [-0.30385035276412964, -0.16504596173763275], [-0.10963770747184753, 0.032220855355262756], [-0.32295727729797363, 0.22940054535865784], [-0.1560375839471817, 0.37446630001068115]]",True
early_neutral,3,1255,0.5818060646451183,-1,[1],"[[-0.731553316116333, 0.10532762110233307], [-0.29777073860168457, -0.16375213861465454], [-0.09565341472625732, 0.03300626203417778], [-0.31197381019592285, 0.23531141877174377], [-0.1435060352087021, 0.37448635697364807]]",True
early_neutral,3,1256,0.5814728423858714,-1,[1],"[[-0.7358151078224182, 0.10180564224720001], [-0.29164448380470276, -0.1624731868505478], [-0.0816209614276886, 0.0338263139128685], [-0.3007955849170685, 0.24107971787452698], [-0.1308668851852417, 0.37451308965682983]]",True
early_neutral,3,1257,0.5811396201266245,-1,[1],"[[-0.7404744625091553, 0.09743385016918182], [-0.28553563356399536, -0.16122223436832428], [-0.06755315512418747, 0.03467987850308418], [-0.28939005732536316, 0.2466675490140915], [-0.12018211930990219, 0.37435024976730347]]",True
early_neutral,3,1258,0.5808063978673775,-1,[1],"[[-0.7452408075332642, 0.09234868735074997], [-0.2794688940048218, -0.16000396013259888], [-0.05345959961414337, 0.03556516021490097], [-0.27775993943214417, 0.2520642876625061], [-0.1077137291431427, 0.3743091821670532]]",True
early_neutral,3,1259,0.5804731756081306,-1,[1],"[[-0.7501317262649536, 0.08695905655622482], [-0.2733108103275299, -0.1587914377450943], [-0.039347536861896515, 0.0364801250398159], [-0.2658933103084564, 0.2572452425956726], [-0.09449182450771332, 0.37431198358535767]]",True
early_neutral,3,1260,0.5801399533488837,-1,[1],"[[-0.7554222345352173, 0.08105652034282684], [-0.26714658737182617, -0.1576024442911148], [-0.02522270940244198, 0.03742478787899017], [-0.25379592180252075, 0.26220041513442993], [-0.08102621883153915, 0.37432512640953064]]",True
early_neutral,3,1261,0.5798067310896368,-1,[1],"[[-0.7608752846717834, 0.07493633776903152], [-0.2610730528831482, -0.15645593404769897], [-0.011089703068137169, 0.03840044513344765], [-0.24140708148479462, 0.2668442726135254], [-0.06761765480041504, 0.37444886565208435]]",True
early_neutral,3,1262,0.5794735088303898,-1,[1],"[[-0.766579270362854, 0.06851591169834137], [-0.254883736371994, -0.15531279146671295], [0.0030481452122330666, 0.039406925439834595], [-0.22871890664100647, 0.2711358964443207], [-0.056040748953819275, 0.37512725591659546]]",False
early_neutral,3,1263,0.5791402865711429,-1,[1],"[[-0.7725723385810852, 0.06175621226429939], [-0.24868327379226685, -0.1541970670223236], [0.01719055511057377, 0.040430858731269836], [-0.2157255858182907, 0.27502375841140747], [-0.04782577604055405, 0.3765600919723511]]",False
early_neutral,3,1264,0.578807064311896,-1,[1],"[[-0.7788210511207581, 0.05470282584428787], [-0.2425774335861206, -0.1531374305486679], [0.03133697435259819, 0.04146455600857735], [-0.20241019129753113, 0.27842143177986145], [-0.04235667362809181, 0.3793658912181854]]",False
early_neutral,3,1265,0.5784738420526491,-1,[1],"[[-0.785268247127533, 0.04741910845041275], [-0.23634584248065948, -0.15209609270095825], [0.045478999614715576, 0.04254680499434471], [-0.189114049077034, 0.28130513429641724], [-0.03502042591571808, 0.3818788230419159]]",False
early_neutral,3,1266,0.5781406197934021,-1,[1],"[[-0.7918691039085388, 0.03995886445045471], [-0.23010054230690002, -0.1510903388261795], [0.059596430510282516, 0.04377320781350136], [-0.17861369252204895, 0.28329363465309143], [-0.027758777141571045, 0.3844200074672699]]",False
early_neutral,3,1267,0.5778073975341553,-1,[1],"[[-0.7985873222351074, 0.032364021986722946], [-0.2239566445350647, -0.15012766420841217], [0.07368717342615128, 0.045134562999010086], [-0.1695997714996338, 0.2844580113887787], [-0.02167242206633091, 0.3875807225704193]]",False
early_neutral,3,1268,0.5774741752749084,-1,[1],"[[-0.8053945302963257, 0.0246670451015234], [-0.21769264340400696, -0.14917214214801788], [0.08778523653745651, 0.04647184908390045], [-0.16254080832004547, 0.2850261628627777], [-0.016481047496199608, 0.3907319903373718]]",False
early_neutral,3,1269,0.5771409530156615,-1,[1],"[[-0.8122693300247192, 0.016893014311790466], [-0.21142107248306274, -0.14823797345161438], [0.10189995914697647, 0.047739263623952866], [-0.1561100333929062, 0.28504425287246704], [-0.011352677829563618, 0.39421865344047546]]",False
early_neutral,3,1270,0.5768077307564146,-1,[1],"[[-0.8190395832061768, 0.009236641228199005], [-0.2052307277917862, -0.14729800820350647], [0.1160309687256813, 0.04893218353390694], [-0.1497388482093811, 0.2846446931362152], [-0.005877439398318529, 0.3976949155330658]]",False
early_neutral,3,1271,0.5764745084971676,-1,[1],"[[-0.8241855502128601, 0.0034168518614023924], [-0.19901199638843536, -0.14632374048233032], [0.13017824292182922, 0.050044942647218704], [-0.14365755021572113, 0.2839372158050537], [-0.0005053422064520419, 0.4011607766151428]]",False
early_neutral,3,1272,0.5761412862379207,-1,[1],"[[-0.8271884918212891, 2.057928759313654e-05], [-0.1927681565284729, -0.14531458914279938], [0.14433875679969788, 0.05108772963285446], [-0.13744285702705383, 0.2828761637210846], [0.005273002199828625, 0.4055286943912506]]",False
early_neutral,3,1273,0.5758080639786738,-1,[1],"[[-0.8283992409706116, -0.0013255721423774958], [-0.18659888207912445, -0.1442238986492157], [0.1585029512643814, 0.05211203917860985], [-0.13139444589614868, 0.28149494528770447], [0.010125997476279736, 0.408607542514801]]",False
early_neutral,3,1274,0.5754748417194269,-1,[1],"[[-0.8284057378768921, -0.00132996984757483], [-0.1805279701948166, -0.14302018284797668], [0.1726415902376175, 0.053123705089092255], [-0.12581489980220795, 0.2798270583152771], [0.016555165871977806, 0.4100654125213623]]",False
early_neutral,3,1275,0.5751416194601799,-1,[0],"[[-0.8284086585044861, -0.0013315341202542186], [-0.17443309724330902, -0.14167973399162292], [0.18462496995925903, 0.05409637838602066], [-0.12033816426992416, 0.2777489423751831], [0.02459300309419632, 0.4103732705116272]]",False
early_neutral,3,1276,0.574808397200933,-1,[0],"[[-0.8284086585044861, -0.0013315341202542186], [-0.16782552003860474, -0.14005525410175323], [0.19198507070541382, 0.05531972646713257], [-0.11512044817209244, 0.27530837059020996], [0.03098534233868122, 0.41035985946655273]]",False
early_neutral,3,1277,0.5744751749416861,-1,[0],"[[-0.8284086585044861, -0.0013315341202542186], [-0.16013941168785095, -0.1379079967737198], [0.19657261669635773, 0.05675346776843071], [-0.11038863658905029, 0.27264684438705444], [0.03198763728141785, 0.4103448987007141]]",False
early_neutral,3,1278,0.5741419526824392,-1,[0],"[[-0.8284086585044861, -0.0013315341202542186], [-0.15187306702136993, -0.13532932102680206], [0.1977485716342926, 0.057277172803878784], [-0.10603207349777222, 0.2697199583053589], [0.03174791857600212, 0.41023609042167664]]",False
early_neutral,3,1279,0.5738087304231922,-1,[0],"[[-0.8284086585044861, -0.0013315341202542186], [-0.14370204508304596, -0.132591113448143], [0.19752541184425354, 0.05732240155339241], [-0.10197456926107407, 0.26647260785102844], [0.028972044587135315, 0.40898141264915466]]",False
early_neutral,3,1280,0.5734755081639453,-1,[0],"[[-0.8284086585044861, -0.0013315341202542186], [-0.13565149903297424, -0.12970595061779022], [0.1941811740398407, 0.05758204683661461], [-0.09928677976131439, 0.2643080949783325], [0.024945229291915894, 0.4071720242500305]]",False
early_neutral,3,1281,0.5731422859046984,-1,[0],"[[-0.8284086585044861, -0.0013315341202542186], [-0.12802641093730927, -0.12637318670749664], [0.1894795149564743, 0.05838403105735779], [-0.09649644047021866, 0.2624450623989105], [0.021054692566394806, 0.4040602743625641]]",False
early_neutral,3,1282,0.5728090636454515,-1,[0],"[[-0.8284086585044861, -0.0013315341202542186], [-0.12108390778303146, -0.12245940417051315], [0.18349556624889374, 0.059625353664159775], [-0.09359896928071976, 0.2595544755458832], [0.019161393865942955, 0.39932945370674133]]",False
early_neutral,3,1283,0.5724758413862046,-1,[0],"[[-0.8284086585044861, -0.0013315341202542186], [-0.11488837003707886, -0.11804526299238205], [0.176060289144516, 0.060722485184669495], [-0.09242075681686401, 0.2552601993083954], [0.01839337684214115, 0.39370715618133545]]",False
early_neutral,3,1284,0.5721426191269576,-1,[0],"[[-0.8284086585044861, -0.0013315341202542186], [-0.10942141711711884, -0.11324063688516617], [0.1673421561717987, 0.06154070049524307], [-0.09226963669061661, 0.2500664293766022], [0.016905544325709343, 0.388230562210083]]",False
early_neutral,3,1285,0.5718093968677108,-1,[0],"[[-0.8284086585044861, -0.0013315341202542186], [-0.10455097258090973, -0.1081940084695816], [0.15765583515167236, 0.06244553253054619], [-0.09221096336841583, 0.24417242407798767], [0.011790582910180092, 0.38388559222221375]]",False
early_neutral,3,1286,0.5714761746084639,-1,[0],"[[-0.8284086585044861, -0.0013315341202542186], [-0.09786880761384964, -0.10490795969963074], [0.1471734195947647, 0.06349864602088928], [-0.09219208359718323, 0.238191619515419], [0.00463245389983058, 0.3799061179161072]]",False
early_neutral,3,1287,0.571142952349217,-1,[0],"[[-0.8284086585044861, -0.0013315341202542186], [-0.0890800729393959, -0.10363703221082687], [0.13648079335689545, 0.06460151821374893], [-0.09218902885913849, 0.23221075534820557], [-0.0030328803695738316, 0.37585771083831787]]",False
early_neutral,3,1288,0.57080973008997,-1,[0],"[[-0.8284086585044861, -0.0013315341202542186], [-0.08173374831676483, -0.1031167060136795], [0.12530340254306793, 0.06575377285480499], [-0.09218762814998627, 0.22622989118099213], [-0.011354916729032993, 0.3714943528175354]]",False
early_neutral,3,1289,0.5704765078307231,-1,[0],"[[-0.8284086585044861, -0.0013315341202542186], [-0.07530847936868668, -0.10291033238172531], [0.11353009939193726, 0.06696093082427979], [-0.09238395094871521, 0.22027242183685303], [-0.020247535780072212, 0.3668193519115448]]",False
early_neutral,3,1290,0.5701432855714762,-1,[0],"[[-0.8284086585044861, -0.0013315341202542186], [-0.06970063596963882, -0.10289306193590164], [0.1012234315276146, 0.06817843019962311], [-0.09291036427021027, 0.21433895826339722], [-0.029536161571741104, 0.36179444193840027]]",False
early_neutral,3,1291,0.5698100633122293,-1,[0],"[[-0.8284086585044861, -0.0013315341202542186], [-0.06882892549037933, -0.10289488732814789], [0.08849049359560013, 0.06937958300113678], [-0.09360042214393616, 0.20840005576610565], [-0.03908992558717728, 0.35645732283592224]]",False
early_neutral,3,1292,0.5694768410529824,-1,[0],"[[-0.8300992846488953, -0.000996182905510068], [-0.06882892549037933, -0.10289488732814789], [0.07541904598474503, 0.07053425163030624], [-0.09566282480955124, 0.20362578332424164], [-0.04878329113125801, 0.3508283197879791]]",False
early_neutral,3,1293,0.5691436187937354,-1,[0],"[[-0.834111213684082, -0.0004268081102054566], [-0.06882892549037933, -0.10289488732814789], [0.06207643076777458, 0.07160063832998276], [-0.09704425185918808, 0.19924220442771912], [-0.0584847629070282, 0.34490540623664856]]",False
early_neutral,3,1294,0.5688103965344885,-1,[0],"[[-0.839569091796875, -3.0312544367916416e-06], [-0.06882892549037933, -0.10289488732814789], [0.04852351173758507, 0.07258006185293198], [-0.09844629466533661, 0.19558073580265045], [-0.06811384856700897, 0.33870941400527954]]",False
early_neutral,3,1295,0.5684771742752416,-1,[0],"[[-0.8461522459983826, 0.00041271449299529195], [-0.06882892549037933, -0.10289488732814789], [0.03480391576886177, 0.07344799488782883], [-0.10024496912956238, 0.19117902219295502], [-0.0775223970413208, 0.3322065472602844]]",False
early_neutral,3,1296,0.5681439520159947,-1,[0],"[[-0.8536837100982666, 0.0008560901624150574], [-0.06882892549037933, -0.10289488732814789], [0.02095453441143036, 0.07419761270284653], [-0.1026575118303299, 0.18643160164356232], [-0.08669010549783707, 0.3254375159740448]]",False
early_neutral,3,1297,0.5678107297567477,-1,[0],"[[-0.8617765307426453, 0.0012977990554645658], [-0.06898490339517593, -0.10287874937057495], [0.007000171113759279, 0.07478118687868118], [-0.10515552759170532, 0.18114490807056427], [-0.09557579457759857, 0.31842100620269775]]",False
early_neutral,3,1298,0.5674775074975008,-1,[0],"[[-0.8708038330078125, 0.0017545339651405811], [-0.07169689238071442, -0.10244645923376083], [-0.007034239824861288, 0.07519058883190155], [-0.10716348141431808, 0.17551778256893158], [-0.10419123619794846, 0.31119611859321594]]",False
early_neutral,3,1299,0.5671442852382539,-1,[0],"[[-0.8806959390640259, 0.0022202711552381516], [-0.07556701451539993, -0.10149465501308441], [-0.021128974854946136, 0.07538614422082901], [-0.10887742787599564, 0.1697719544172287], [-0.11292269825935364, 0.3039795160293579]]",False
early_neutral,3,1300,0.566811062979007,-1,[0],"[[-0.8913571834564209, 0.002692202338948846], [-0.07874837517738342, -0.10052523761987686], [-0.03526436537504196, 0.07534473389387131], [-0.10992677509784698, 0.1642826795578003], [-0.12187610566616058, 0.29683995246887207]]",False
early_neutral,3,1301,0.56647784071976,-1,[0],"[[-0.9023418426513672, 0.0031467722728848457], [-0.07877637445926666, -0.10051677376031876], [-0.04942169412970543, 0.07506252825260162], [-0.11123357713222504, 0.1596377044916153], [-0.13097280263900757, 0.2897476255893707]]",False
early_neutral,3,1302,0.5661446184605131,-1,[0],"[[-0.9139634370803833, 0.003597523784264922], [-0.07877637445926666, -0.10051677376031876], [-0.06358377635478973, 0.07453212887048721], [-0.1122179701924324, 0.15712545812129974], [-0.1401212215423584, 0.28266093134880066]]",False
early_neutral,3,1303,0.5658113962012662,-1,[0],"[[-0.9261543154716492, 0.004053564742207527], [-0.07877637445926666, -0.10051677376031876], [-0.0777353048324585, 0.0737549215555191], [-0.11310591548681259, 0.15674154460430145], [-0.14902454614639282, 0.2758038341999054]]",False
early_neutral,3,1304,0.5654781739420194,-1,[0],"[[-0.9388192296028137, 0.004512479994446039], [-0.07877637445926666, -0.10051677376031876], [-0.09186583757400513, 0.07275255024433136], [-0.11419757455587387, 0.156532421708107], [-0.15583841502666473, 0.27060768008232117]]",False
early_neutral,3,1305,0.5651449516827725,-1,[0],"[[-0.9510636329650879, 0.004942390136420727], [-0.08089102059602737, -0.1004955992102623], [-0.10596512258052826, 0.07153166830539703], [-0.11530372500419617, 0.1564784049987793], [-0.16187220811843872, 0.26609599590301514]]",False
early_neutral,3,1306,0.5648117294235255,-1,[0],"[[-0.9604737162590027, 0.005249483045190573], [-0.08512197434902191, -0.10079383850097656], [-0.12002325803041458, 0.0700942650437355], [-0.11633932590484619, 0.15651986002922058], [-0.16798825562000275, 0.2616316080093384]]",False
early_neutral,3,1307,0.5644785071642786,-1,[0],"[[-0.9695205688476562, 0.005522202700376511], [-0.09062515199184418, -0.10170646011829376], [-0.13403117656707764, 0.06844282150268555], [-0.1164032444357872, 0.15652352571487427], [-0.1737019270658493, 0.2575424313545227]]",False
early_neutral,3,1308,0.5641452849050317,-1,[0],"[[-0.9757682085037231, 0.0057791294530034065], [-0.09669983386993408, -0.10308246314525604], [-0.1479797214269638, 0.0665777176618576], [-0.1163363829255104, 0.15609367191791534], [-0.17606595158576965, 0.25578638911247253]]",False
early_neutral,3,1309,0.5638120626457848,-1,[0],"[[-0.9805189967155457, 0.006077137775719166], [-0.10254473239183426, -0.10474593937397003], [-0.16185925900936127, 0.06449727714061737], [-0.11607255786657333, 0.15413452684879303], [-0.17605814337730408, 0.25579965114593506]]",False
early_neutral,3,1310,0.5634788403865378,-1,[0],"[[-0.9833962917327881, 0.006245180033147335], [-0.10508966445922852, -0.1055959165096283], [-0.17566153407096863, 0.062203388661146164], [-0.11600808799266815, 0.1537124067544937], [-0.1750756949186325, 0.25694015622138977]]",False
early_neutral,3,1311,0.5631456181272909,-1,[0],"[[-0.9843801259994507, 0.006195578258484602], [-0.10511015355587006, -0.10560467839241028], [-0.18940633535385132, 0.05976276472210884], [-0.11605936288833618, 0.15389962494373322], [-0.17301903665065765, 0.259043425321579]]",False
early_neutral,3,1312,0.562812395868044,-1,[0],"[[-0.9844245910644531, 0.006189572159200907], [-0.10511015355587006, -0.10560467839241028], [-0.20310580730438232, 0.0572134330868721], [-0.11648913472890854, 0.15607832372188568], [-0.1699821799993515, 0.2618515193462372]]",False
early_neutral,3,1313,0.5624791736087971,-1,[0],"[[-0.9844245910644531, 0.006189572159200907], [-0.10511015355587006, -0.10560467839241028], [-0.21594560146331787, 0.05474962666630745], [-0.11676225066184998, 0.15924960374832153], [-0.16655941307544708, 0.2650366425514221]]",False
early_neutral,3,1314,0.5621459513495501,-1,[0],"[[-0.9844245910644531, 0.006189572159200907], [-0.10540104657411575, -0.10558681935071945], [-0.2254757285118103, 0.05298006534576416], [-0.11682894825935364, 0.1633555293083191], [-0.16296504437923431, 0.2684682309627533]]",False
early_neutral,3,1315,0.5618127290903032,-1,[0],"[[-0.9844245910644531, 0.006189572159200907], [-0.10875611007213593, -0.10548314452171326], [-0.2343430072069168, 0.05140633136034012], [-0.11687255650758743, 0.16834275424480438], [-0.16234266757965088, 0.27146556973457336]]",False
early_neutral,3,1316,0.5614795068310563,-1,[0],"[[-0.9844245910644531, 0.006189572159200907], [-0.1135752722620964, -0.10555221885442734], [-0.2432452291250229, 0.04984298348426819], [-0.11688432097434998, 0.17353783547878265], [-0.1657058596611023, 0.2741136848926544]]",False
early_neutral,3,1317,0.5611462845718094,-1,[0],"[[-0.9844245910644531, 0.006189572159200907], [-0.11978016048669815, -0.10585757344961166], [-0.25280871987342834, 0.048197951167821884], [-0.11689572781324387, 0.17555396258831024], [-0.17073838412761688, 0.2763462960720062]]",False
early_neutral,3,1318,0.5608130623125624,-1,[0],"[[-0.9844245910644531, 0.006189572159200907], [-0.12730824947357178, -0.10638479888439178], [-0.2630687355995178, 0.04651821777224541], [-0.11689627915620804, 0.17553341388702393], [-0.1766868382692337, 0.2773400843143463]]",False
early_neutral,3,1319,0.5604798400533155,-1,[0],"[[-0.9844245910644531, 0.006189572159200907], [-0.13599646091461182, -0.10718996822834015], [-0.2736974358558655, 0.045137081295251846], [-0.11692027002573013, 0.17446301877498627], [-0.1830025613307953, 0.2780401408672333]]",False
early_neutral,3,1320,0.5601466177940686,-1,[0],"[[-0.9844245910644531, 0.006189572159200907], [-0.14506112039089203, -0.10817810893058777], [-0.2850624620914459, 0.04402270168066025], [-0.11692027002573013, 0.17446301877498627], [-0.18941323459148407, 0.2783600091934204]]",False
early_neutral,3,1321,0.5598133955348217,-1,[0],"[[-0.9844245910644531, 0.006189572159200907], [-0.15404489636421204, -0.1092962995171547], [-0.2970561683177948, 0.04304732382297516], [-0.11692263931035995, 0.174483522772789], [-0.19583427906036377, 0.2781456410884857]]",False
early_neutral,3,1322,0.5594801732755748,-1,[0],"[[-0.9844245910644531, 0.006189572159200907], [-0.16074715554714203, -0.11031387746334076], [-0.3095806837081909, 0.04226449131965637], [-0.11708837747573853, 0.17632657289505005], [-0.20214158296585083, 0.2775209844112396]]",False
early_neutral,3,1323,0.5591469510163279,-1,[0],"[[-0.9844245910644531, 0.006189572159200907], [-0.16690534353256226, -0.11152414977550507], [-0.3214331865310669, 0.04170360043644905], [-0.11728385090827942, 0.17867285013198853], [-0.2082471251487732, 0.2766445279121399]]",False
early_neutral,3,1324,0.558813728757081,-1,[0],"[[-0.9844245910644531, 0.006189572159200907], [-0.172991544008255, -0.11288159340620041], [-0.3306877911090851, 0.04137266054749489], [-0.11734703928232193, 0.17943120002746582], [-0.21200132369995117, 0.2759210467338562]]",False
early_neutral,3,1325,0.5584805064978341,-1,[0],"[[-0.9844245910644531, 0.006189572159200907], [-0.1791093498468399, -0.114177405834198], [-0.3395994007587433, 0.04113926365971565], [-0.11734703928232193, 0.17943120002746582], [-0.21208643913269043, 0.27589303255081177]]",False
early_neutral,3,1326,0.5581472842385872,-1,[0],"[[-0.9844245910644531, 0.006189572159200907], [-0.18526160717010498, -0.11540217697620392], [-0.34615352749824524, 0.04096857085824013], [-0.11734703928232193, 0.17943120002746582], [-0.21456444263458252, 0.27500030398368835]]",False
early_neutral,3,1327,0.5578140619793402,-1,[0],"[[-0.9844245910644531, 0.006189572159200907], [-0.19144591689109802, -0.11655271053314209], [-0.35258111357688904, 0.04078427702188492], [-0.11723924428224564, 0.17964832484722137], [-0.21884553134441376, 0.2739109694957733]]",False
early_neutral,3,1328,0.5574808397200933,-1,[0],"[[-0.9844245910644531, 0.006189572159200907], [-0.19758440554141998, -0.11744890362024307], [-0.3590077757835388, 0.04058720916509628], [-0.11658976972103119, 0.1815374493598938], [-0.22448895871639252, 0.2729693055152893]]",False
early_neutral,3,1329,0.5571476174608464,-1,[0],"[[-0.9844245910644531, 0.006189572159200907], [-0.203817680478096, -0.11801670491695404], [-0.36543384194374084, 0.04038146138191223], [-0.11618059873580933, 0.1842910647392273], [-0.2303587794303894, 0.27216702699661255]]",False
early_neutral,3,1330,0.5568143952015995,-1,[0],"[[-0.9844245910644531, 0.006189572159200907], [-0.21023863554000854, -0.118262879550457], [-0.37185952067375183, 0.040171101689338684], [-0.11758174747228622, 0.1871861070394516], [-0.23670287430286407, 0.27147191762924194]]",False
early_neutral,3,1331,0.5564811729423526,-1,[0],"[[-0.9844245910644531, 0.006189572159200907], [-0.21665427088737488, -0.11825785040855408], [-0.3782863914966583, 0.03997650370001793], [-0.12236528843641281, 0.18813984096050262], [-0.24308036267757416, 0.27091965079307556]]",False
early_neutral,3,1332,0.5561479506831056,-1,[0],"[[-0.9844245910644531, 0.006189572159200907], [-0.22296902537345886, -0.11810916662216187], [-0.3847144842147827, 0.039800290018320084], [-0.12882310152053833, 0.18819041550159454], [-0.24932284653186798, 0.2704010605812073]]",False
early_neutral,3,1333,0.5558147284238587,-1,[0],"[[-0.9844245910644531, 0.006189572159200907], [-0.2293863743543625, -0.11781269311904907], [-0.3911433517932892, 0.03963552787899971], [-0.13660810887813568, 0.18820692598819733], [-0.2556881606578827, 0.2698782980442047]]",False
early_neutral,3,1334,0.5554815061646118,-1,[0],"[[-0.9844245910644531, 0.006189572159200907], [-0.23578733205795288, -0.11745122075080872], [-0.3975726366043091, 0.039478253573179245], [-0.14552856981754303, 0.18821275234222412], [-0.2626318335533142, 0.26908645033836365]]",False
early_neutral,3,1335,0.5551482839053649,-1,[0],"[[-0.9844245910644531, 0.006189572159200907], [-0.2420886754989624, -0.11722545325756073], [-0.40400230884552, 0.03932831808924675], [-0.154719740152359, 0.18821367621421814], [-0.27061399817466736, 0.2675442397594452]]",False
early_neutral,3,1336,0.5548150616461179,-1,[1],"[[-0.9844245910644531, 0.006189572159200907], [-0.24852074682712555, -0.11713586002588272], [-0.4104323983192444, 0.03918534517288208], [-0.163910910487175, 0.18821409344673157], [-0.2785177528858185, 0.2654814124107361]]",False
early_neutral,3,1337,0.554481839386871,-1,[1],"[[-0.9844245910644531, 0.006189572159200907], [-0.254951536655426, -0.11718171834945679], [-0.4166049063205719, 0.039054322987794876], [-0.1731988489627838, 0.18821419775485992], [-0.2846115827560425, 0.26414093375205994]]",False
early_neutral,3,1338,0.5541486171276241,-1,[1],"[[-0.9844245910644531, 0.006189572159200907], [-0.2612594962120056, -0.1173337996006012], [-0.4191998541355133, 0.03899985924363136], [-0.18333187699317932, 0.1881268322467804], [-0.29083025455474854, 0.26307016611099243]]",False
early_neutral,3,1339,0.5538153948683772,-1,[1],"[[-0.9844245910644531, 0.006189572159200907], [-0.2676805853843689, -0.11759515106678009], [-0.4195674955844879, 0.03899214044213295], [-0.1942937970161438, 0.1879947930574417], [-0.2970580458641052, 0.2620979845523834]]",False
early_neutral,3,1340,0.5534821726091302,-1,[1],"[[-0.9844245910644531, 0.006189572159200907], [-0.2740905284881592, -0.11795219779014587], [-0.4195694625377655, 0.03899209946393967], [-0.20534726977348328, 0.18782219290733337], [-0.3031855821609497, 0.2611331343650818]]",False
early_neutral,3,1341,0.5531489503498833,-1,[1],"[[-0.9844245910644531, 0.006189572159200907], [-0.280425101518631, -0.1182781308889389], [-0.4206559956073761, 0.03841741010546684], [-0.2169477790594101, 0.18763281404972076], [-0.30943599343299866, 0.260140597820282]]",False
early_neutral,3,1342,0.5528157280906365,-1,[1],"[[-0.9844245910644531, 0.006189572159200907], [-0.28680819272994995, -0.11854341626167297], [-0.4239068329334259, 0.03697768226265907], [-0.22917433083057404, 0.18737109005451202], [-0.3162637948989868, 0.25899171829223633]]",False
early_neutral,3,1343,0.5524825058313896,-1,[1],"[[-0.9844245910644531, 0.006189572159200907], [-0.293234258890152, -0.11874806880950928], [-0.4285508096218109, 0.03537468984723091], [-0.24187736213207245, 0.18711256980895996], [-0.3242639899253845, 0.25747954845428467]]",False
early_neutral,3,1344,0.5521492835721427,-1,[1],"[[-0.9844245910644531, 0.006189572159200907], [-0.2996332049369812, -0.1189197525382042], [-0.434292197227478, 0.03385526314377785], [-0.25495684146881104, 0.18682979047298431], [-0.33232635259628296, 0.2558116912841797]]",False
early_neutral,3,1345,0.5518160613128957,-1,[1],"[[-0.9844245910644531, 0.006189572159200907], [-0.30597782135009766, -0.11907510459423065], [-0.43812096118927, 0.03322354704141617], [-0.2683273255825043, 0.1865255981683731], [-0.33844199776649475, 0.25451141595840454]]",False
early_neutral,3,1346,0.5514828390536488,-1,[1],"[[-0.9844245910644531, 0.006189572159200907], [-0.3124079406261444, -0.11921761929988861], [-0.43933847546577454, 0.03313743695616722], [-0.2819085717201233, 0.18624870479106903], [-0.34456154704093933, 0.2531892955303192]]",False
early_neutral,3,1347,0.5511496167944019,-1,[1],"[[-0.9844245910644531, 0.006189572159200907], [-0.3188328146934509, -0.11936493217945099], [-0.4396274983882904, 0.033109620213508606], [-0.2956544756889343, 0.1859181970357895], [-0.35152092576026917, 0.2517108917236328]]",False
early_neutral,3,1348,0.550816394535155,-1,[1],"[[-0.9844245910644531, 0.006189572159200907], [-0.3251510560512543, -0.11953871697187424], [-0.44283705949783325, 0.03259469196200371], [-0.3095237612724304, 0.185632586479187], [-0.3596953749656677, 0.25004127621650696]]",False
early_neutral,3,1349,0.550483172275908,-1,[1],"[[-0.9844245910644531, 0.006189572159200907], [-0.3315770626068115, -0.1197446808218956], [-0.44723132252693176, 0.03146350756287575], [-0.3234819769859314, 0.1853257119655609], [-0.3684951961040497, 0.24831491708755493]]",False
early_neutral,3,1350,0.5501499500166611,-1,[1],"[[-0.9844245910644531, 0.006189572159200907], [-0.33798810839653015, -0.12001247704029083], [-0.4527721703052521, 0.029846882447600365], [-0.3375124931335449, 0.18503662943840027], [-0.37732625007629395, 0.24665725231170654]]",False
early_neutral,3,1351,0.5498167277574142,-1,[1],"[[-0.9844245910644531, 0.006189572159200907], [-0.3442675471305847, -0.12041620910167694], [-0.4594540596008301, 0.028374679386615753], [-0.3515970706939697, 0.18477585911750793], [-0.3861865699291229, 0.24506710469722748]]",False
early_neutral,3,1352,0.5494835054981673,-1,[1],"[[-0.9844245910644531, 0.006189572159200907], [-0.3506436347961426, -0.12097421288490295], [-0.4655623733997345, 0.02706008031964302], [-0.36572059988975525, 0.18451011180877686], [-0.3950672745704651, 0.24352572858333588]]",False
early_neutral,3,1353,0.5491502832389203,-1,[1],"[[-0.9831787347793579, 0.006471161264926195], [-0.35719844698905945, -0.12168953567743301], [-0.4716288447380066, 0.025665845721960068], [-0.3798995912075043, 0.18440458178520203], [-0.4039655029773712, 0.24202793836593628]]",False
early_neutral,3,1354,0.5488170609796734,-1,[1],"[[-0.9791659712791443, 0.007424530107527971], [-0.36492693424224854, -0.12262982130050659], [-0.4777761697769165, 0.02429785393178463], [-0.3941201865673065, 0.184400737285614], [-0.4128839373588562, 0.24058173596858978]]",False
early_neutral,3,1355,0.5484838387204265,-1,[1],"[[-0.9737532138824463, 0.008805930614471436], [-0.37372490763664246, -0.12380488961935043], [-0.48437753319740295, 0.023050684481859207], [-0.40836232900619507, 0.18439878523349762], [-0.4218253195285797, 0.2391969859600067]]",False
early_neutral,3,1356,0.5481506164611796,-1,[1],"[[-0.9670469164848328, 0.010593379847705364], [-0.3827277421951294, -0.12500938773155212], [-0.49186253547668457, 0.021879687905311584], [-0.4226209223270416, 0.18439839780330658], [-0.43079042434692383, 0.23787881433963776]]",False
early_neutral,3,1357,0.5478173942019327,-1,[1],"[[-0.9591851234436035, 0.012744372710585594], [-0.39174696803092957, -0.12616069614887238], [-0.5002579092979431, 0.020832479000091553], [-0.4368918538093567, 0.18439826369285583], [-0.4397861361503601, 0.23665226995944977]]",False
early_neutral,3,1358,0.5474841719426857,-1,[1],"[[-0.9506245851516724, 0.015144799835979939], [-0.4007810652256012, -0.12726162374019623], [-0.5095431208610535, 0.0199319776147604], [-0.4511721134185791, 0.18439821898937225], [-0.44881126284599304, 0.23552089929580688]]",False
early_neutral,3,1359,0.5471509496834388,-1,[1],"[[-0.9415079355239868, 0.0177486352622509], [-0.4098273515701294, -0.12831930816173553], [-0.5197170376777649, 0.019205696880817413], [-0.4654593765735626, 0.18439821898937225], [-0.4578624665737152, 0.23448139429092407]]",False
early_neutral,3,1360,0.546817727424192,-1,[1],"[[-0.9316753149032593, 0.02061108872294426], [-0.4188845753669739, -0.12933674454689026], [-0.5303574204444885, 0.01858852058649063], [-0.4797518849372864, 0.18439821898937225], [-0.46693697571754456, 0.23353181779384613]]",False
early_neutral,3,1361,0.5464845051649451,-1,[1],"[[-0.9217276573181152, 0.023564234375953674], [-0.4279435873031616, -0.1303473860025406], [-0.5414561033248901, 0.018014565110206604], [-0.49404841661453247, 0.18439821898937225], [-0.47603005170822144, 0.23266036808490753]]",False
early_neutral,3,1362,0.5461512829056981,-1,[1],"[[-0.911278486251831, 0.026723934337496758], [-0.4370018243789673, -0.13136091828346252], [-0.5531835556030273, 0.017460253089666367], [-0.5083479285240173, 0.18439821898937225], [-0.48513367772102356, 0.23183703422546387]]",False
early_neutral,3,1363,0.5458180606464512,-1,[1],"[[-0.9003348350524902, 0.03008727729320526], [-0.4442678391933441, -0.13223738968372345], [-0.565463662147522, 0.016850192099809647], [-0.5226496458053589, 0.18439821898937225], [-0.49424704909324646, 0.23106041550636292]]",False
early_neutral,3,1364,0.5454848383872043,-1,[1],"[[-0.8890089988708496, 0.03367984667420387], [-0.4505367577075958, -0.13317804038524628], [-0.578181803226471, 0.016161508858203888], [-0.5369530916213989, 0.18439821898937225], [-0.5033692717552185, 0.230329230427742]]",False
early_neutral,3,1365,0.5451516161279574,-1,[1],"[[-0.8774177432060242, 0.03748804330825806], [-0.45696231722831726, -0.134283646941185], [-0.5912444591522217, 0.015434917993843555], [-0.551257848739624, 0.18439821898937225], [-0.5124997496604919, 0.22964319586753845]]",False
early_neutral,3,1366,0.5448183938687104,-1,[1],"[[-0.8656567931175232, 0.041501712054014206], [-0.46456974744796753, -0.13557535409927368], [-0.6045764088630676, 0.014696919359266758], [-0.5655633807182312, 0.18439821898937225], [-0.521638035774231, 0.22900262475013733]]",False
early_neutral,3,1367,0.5444851716094635,-1,[1],"[[-0.8538177013397217, 0.045730747282505035], [-0.4732785224914551, -0.1370038092136383], [-0.618118405342102, 0.013972300104796886], [-0.5798696875572205, 0.18439821898937225], [-0.5307836532592773, 0.2284078747034073]]",False
early_neutral,3,1368,0.5441519493502166,-1,[1],"[[-0.841966450214386, 0.050172507762908936], [-0.4822246730327606, -0.13837508857250214], [-0.631831169128418, 0.013342294842004776], [-0.594176709651947, 0.18439821898937225], [-0.5399360656738281, 0.22785958647727966]]",False
early_neutral,3,1369,0.5438187270909697,-1,[1],"[[-0.8301878571510315, 0.05485845357179642], [-0.4912111461162567, -0.13962991535663605], [-0.6456757187843323, 0.012811766006052494], [-0.6084840297698975, 0.18439821898937225], [-0.5490952134132385, 0.227360799908638]]",False
early_neutral,3,1370,0.5434855048317228,-1,[1],"[[-0.818705141544342, 0.05990777909755707], [-0.4989999830722809, -0.1406375616788864], [-0.6596208214759827, 0.012375623919069767], [-0.6227917671203613, 0.18439821898937225], [-0.558260440826416, 0.22691190242767334]]",False
early_neutral,3,1371,0.5431522825724758,-1,[1],"[[-0.8094269633293152, 0.06618606299161911], [-0.5053179264068604, -0.14142854511737823], [-0.6731776595115662, 0.012032875791192055], [-0.6370998024940491, 0.18439821898937225], [-0.5674307942390442, 0.22651031613349915]]",False
early_neutral,3,1372,0.5428190603132289,-1,[1],"[[-0.802320659160614, 0.07331343740224838], [-0.5116415619850159, -0.14219990372657776], [-0.6834772229194641, 0.01184840127825737], [-0.6514080762863159, 0.18439821898937225], [-0.5766057372093201, 0.22615467011928558]]",False
early_neutral,3,1373,0.542485838053982,-1,[1],"[[-0.7951000928878784, 0.08058434724807739], [-0.517890989780426, -0.14295804500579834], [-0.6926680207252502, 0.01180214062333107], [-0.6657166481018066, 0.18439821898937225], [-0.5857827663421631, 0.22582319378852844]]",False
early_neutral,3,1374,0.5421526157947351,-1,[1],"[[-0.7864296436309814, 0.08919715136289597], [-0.5241790413856506, -0.14372123777866364], [-0.7018592357635498, 0.011802705004811287], [-0.6800253391265869, 0.18439821898937225], [-0.594957172870636, 0.225462406873703]]",False
early_neutral,3,1375,0.5418193935354881,-1,[1],"[[-0.7797670364379883, 0.09582646936178207], [-0.5305036902427673, -0.14448896050453186], [-0.7110503315925598, 0.01182660460472107], [-0.6943340301513672, 0.18439821898937225], [-0.6041276454925537, 0.22506128251552582]]",False
early_neutral,3,1376,0.5414861712762412,-1,[1],"[[-0.7772472500801086, 0.09843185544013977], [-0.5368043184280396, -0.1452338844537735], [-0.7189906239509583, 0.011947762221097946], [-0.7086427211761475, 0.18439821898937225], [-0.6132797598838806, 0.22451327741146088]]",False
early_neutral,3,1377,0.5411529490169943,-1,[1],"[[-0.7772472500801086, 0.09843185544013977], [-0.5430592894554138, -0.1459420919418335], [-0.7253669500350952, 0.01249371375888586], [-0.7229514122009277, 0.18439821898937225], [-0.6224027872085571, 0.22378802299499512]]",False
early_neutral,3,1378,0.5408197267577474,-1,[1],"[[-0.7772472500801086, 0.09843185544013977], [-0.5494058728218079, -0.14662930369377136], [-0.7313233017921448, 0.013376069255173206], [-0.7372600436210632, 0.18439821898937225], [-0.6314929723739624, 0.2229047417640686]]",False
early_neutral,3,1379,0.5404865044985006,-1,[1],"[[-0.7772476077079773, 0.09843175858259201], [-0.5557557344436646, -0.1472444236278534], [-0.7329272627830505, 0.013646974228322506], [-0.7515687346458435, 0.18439821898937225], [-0.6405497789382935, 0.2218865603208542]]",False
early_neutral,3,1380,0.5401532822392536,-1,[1],"[[-0.777260422706604, 0.09842277318239212], [-0.5620317459106445, -0.14773130416870117], [-0.7329272627830505, 0.013646974228322506], [-0.7658774256706238, 0.18439821898937225], [-0.6488882899284363, 0.22083839774131775]]",False
early_neutral,3,1381,0.5398200599800067,-1,[1],"[[-0.7775068283081055, 0.09819400310516357], [-0.5684394240379333, -0.1481064409017563], [-0.7329272627830505, 0.013646974228322506], [-0.780186116695404, 0.18439821898937225], [-0.6551912426948547, 0.2199982851743698]]",False
early_neutral,3,1382,0.5394868377207598,-1,[1],"[[-0.7777606248855591, 0.09795673936605453], [-0.5748556852340698, -0.148363396525383], [-0.7329272627830505, 0.013646974228322506], [-0.7944948077201843, 0.18439821898937225], [-0.6614828705787659, 0.21912319958209991]]",False
early_neutral,3,1383,0.5391536154615129,-1,[1],"[[-0.77638179063797, 0.09762722998857498], [-0.5811662077903748, -0.14850719273090363], [-0.7336956858634949, 0.013582572340965271], [-0.8088034987449646, 0.18439821898937225], [-0.6677868962287903, 0.21828682720661163]]",False
early_neutral,3,1384,0.5388203932022659,-1,[1],"[[-0.7774590849876404, 0.09725330770015717], [-0.5875995755195618, -0.14854328334331512], [-0.7373178601264954, 0.013155115768313408], [-0.8231121897697449, 0.18439821898937225], [-0.6741150617599487, 0.21753162145614624]]",False
early_neutral,3,1385,0.538487170943019,-1,[1],"[[-0.7807377576828003, 0.09636722505092621], [-0.5940309166908264, -0.14847427606582642], [-0.7422036528587341, 0.01234425324946642], [-0.8374207615852356, 0.18439821898937225], [-0.6789177060127258, 0.21696709096431732]]",False
early_neutral,3,1386,0.5381539486837721,-1,[1],"[[-0.7856733202934265, 0.09454955905675888], [-0.600342869758606, -0.14832958579063416], [-0.7479312419891357, 0.01127558946609497], [-0.8517294526100159, 0.18439821898937225], [-0.6792922616004944, 0.21690236032009125]]",False
early_neutral,3,1387,0.5378207264245252,-1,[1],"[[-0.7915201783180237, 0.09230249375104904], [-0.606767475605011, -0.14810685813426971], [-0.7495262622833252, 0.010984241962432861], [-0.8660381436347961, 0.18439821898937225], [-0.6792922616004944, 0.21690236032009125]]",False
early_neutral,3,1388,0.5374875041652782,-1,[1],"[[-0.7980657815933228, 0.08973187953233719], [-0.6128629446029663, -0.1478314846754074], [-0.7495262622833252, 0.010984241962432861], [-0.8803468346595764, 0.18439821898937225], [-0.6798503398895264, 0.2158759981393814]]",False
early_neutral,3,1389,0.5371542819060313,-1,[1],"[[-0.8051574230194092, 0.08688593655824661], [-0.6145156621932983, -0.1477586030960083], [-0.7495262622833252, 0.010984241962432861], [-0.8946555256843567, 0.18439821898937225], [-0.6813563108444214, 0.21318864822387695]]",False
early_neutral,3,1390,0.5368210596467844,-1,[1],"[[-0.8129012584686279, 0.08374229818582535], [-0.6145156621932983, -0.1477586030960083], [-0.7494353652000427, 0.01097533293068409], [-0.9089641571044922, 0.18439821898937225], [-0.6834474205970764, 0.20960602164268494]]",False
early_neutral,3,1391,0.5364878373875375,-1,[1],"[[-0.8206908702850342, 0.08056779950857162], [-0.6145156621932983, -0.1477586030960083], [-0.7468445897102356, 0.010859077796339989], [-0.9232728481292725, 0.18439821898937225], [-0.6859930157661438, 0.20516735315322876]]",False
early_neutral,3,1392,0.5361546151282905,-1,[0],"[[-0.8280797600746155, 0.0785384401679039], [-0.6145156621932983, -0.1477586030960083], [-0.7427494525909424, 0.010950828902423382], [-0.937139630317688, 0.18439821898937225], [-0.688831090927124, 0.19993335008621216]]",False
early_neutral,3,1393,0.5358213928690436,-1,[0],"[[-0.8315595388412476, 0.07899774610996246], [-0.6150475740432739, -0.14784066379070282], [-0.7383806109428406, 0.011347691528499126], [-0.9476998448371887, 0.18439821898937225], [-0.6923883557319641, 0.19492162764072418]]",False
early_neutral,3,1394,0.5354881706097967,-1,[0],"[[-0.8325097560882568, 0.08001884818077087], [-0.6180899739265442, -0.14827929437160492], [-0.736993134021759, 0.01161225512623787], [-0.9568467736244202, 0.18439869582653046], [-0.698422908782959, 0.19098222255706787]]",False
early_neutral,3,1395,0.5351549483505498,-1,[0],"[[-0.8352664709091187, 0.07913430035114288], [-0.6224302649497986, -0.14884565770626068], [-0.737176775932312, 0.011691826395690441], [-0.9627658724784851, 0.18444019556045532], [-0.7053878307342529, 0.18678312003612518]]",False
early_neutral,3,1396,0.5348217260913029,-1,[0],"[[-0.8378598690032959, 0.0790005549788475], [-0.6260517239570618, -0.14929229021072388], [-0.7385542392730713, 0.011905297636985779], [-0.9634656310081482, 0.1844518780708313], [-0.7126637697219849, 0.18237335979938507]]",False
early_neutral,3,1397,0.5344885038320559,-1,[0],"[[-0.8394573926925659, 0.08024763315916061], [-0.6269592642784119, -0.14940421283245087], [-0.7385542392730713, 0.011905297636985779], [-0.9634656310081482, 0.1844518780708313], [-0.7205171585083008, 0.17760074138641357]]",False
early_neutral,3,1398,0.5341552815728091,-1,[0],"[[-0.840620756149292, 0.08118707686662674], [-0.6263189911842346, -0.14969821274280548], [-0.7385542392730713, 0.011905297636985779], [-0.9634656310081482, 0.1844518780708313], [-0.7285829186439514, 0.17236630618572235]]",False
early_neutral,3,1399,0.5338220593135622,-1,[0],"[[-0.8414360880851746, 0.08192799240350723], [-0.6232735514640808, -0.1510344296693802], [-0.7385542392730713, 0.011905297636985779], [-0.9633901715278625, 0.18448606133460999], [-0.7347070574760437, 0.1657395213842392]]",False
early_neutral,3,1400,0.5334888370543153,-1,[0],"[[-0.8419179320335388, 0.08222348988056183], [-0.6191413998603821, -0.1529151350259781], [-0.7385542392730713, 0.011905297636985779], [-0.9611570835113525, 0.18529266119003296], [-0.7408588528633118, 0.15870651602745056]]",False
early_neutral,3,1401,0.5331556147950683,-1,[0],"[[-0.8417347073554993, 0.08254086971282959], [-0.6138178110122681, -0.15510235726833344], [-0.7368636131286621, 0.012696082703769207], [-0.957470178604126, 0.18624113500118256], [-0.7478659152984619, 0.15168185532093048]]",False
early_neutral,3,1402,0.5328223925358214,-1,[0],"[[-0.8422471284866333, 0.08231349289417267], [-0.6074061393737793, -0.15727093815803528], [-0.7333164811134338, 0.014195550233125687], [-0.9522906541824341, 0.18723252415657043], [-0.7531758546829224, 0.14516408741474152]]",False
early_neutral,3,1403,0.5324891702765745,-1,[0],"[[-0.8449060916900635, 0.08078036457300186], [-0.6002112627029419, -0.15922953188419342], [-0.7284600734710693, 0.015988633036613464], [-0.9456988573074341, 0.18839477002620697], [-0.7556538581848145, 0.1413474678993225]]",False
early_neutral,3,1404,0.5321559480173276,-1,[0],"[[-0.8488552570343018, 0.07883108407258987], [-0.5927212834358215, -0.16087616980075836], [-0.722162663936615, 0.017875581979751587], [-0.937818706035614, 0.18967418372631073], [-0.7564089298248291, 0.13920313119888306]]",False
early_neutral,3,1405,0.5318227257580806,-1,[0],"[[-0.8540432453155518, 0.0763859823346138], [-0.5898802280426025, -0.16148339211940765], [-0.7144344449043274, 0.019592462107539177], [-0.9288713335990906, 0.19108620285987854], [-0.7570255994796753, 0.13743698596954346]]",False
early_neutral,3,1406,0.5314895034988337,-1,[0],"[[-0.8602059483528137, 0.07354389876127243], [-0.5898802280426025, -0.16148339211940765], [-0.7055959701538086, 0.02102864906191826], [-0.9190195202827454, 0.192622110247612], [-0.757780134677887, 0.13662515580654144]]",False
early_neutral,3,1407,0.5311562812395868,-1,[0],"[[-0.8668783903121948, 0.07053198665380478], [-0.5898802280426025, -0.16148339211940765], [-0.6965457797050476, 0.022064819931983948], [-0.9087101221084595, 0.19421589374542236], [-0.7587913870811462, 0.13584022223949432]]",False
early_neutral,3,1408,0.5308230589803399,-1,[0],"[[-0.8743372559547424, 0.0672139897942543], [-0.5898802280426025, -0.16148339211940765], [-0.6874371767044067, 0.02286345697939396], [-0.8979619145393372, 0.19587315618991852], [-0.7598857283592224, 0.13499076664447784]]",False
early_neutral,3,1409,0.530489836721093,-1,[0],"[[-0.8819314241409302, 0.06384488195180893], [-0.5898802280426025, -0.16148339211940765], [-0.6783772706985474, 0.023868363350629807], [-0.8865786194801331, 0.19762712717056274], [-0.7608502507209778, 0.13423730432987213]]",False
early_neutral,3,1410,0.530156614461846,-1,[0],"[[-0.8895314931869507, 0.06048153340816498], [-0.5898802280426025, -0.16148339211940765], [-0.6693851351737976, 0.025104038417339325], [-0.8746389746665955, 0.19949837028980255], [-0.7612032294273376, 0.13396155834197998]]",False
early_neutral,3,1411,0.5298233922025991,-1,[0],"[[-0.8971379995346069, 0.057124167680740356], [-0.5896111726760864, -0.16155757009983063], [-0.6603078246116638, 0.026674779132008553], [-0.8622645139694214, 0.201491579413414], [-0.7612032294273376, 0.13396155834197998]]",False
early_neutral,3,1412,0.5294901699433522,-1,[0],"[[-0.9047507643699646, 0.053772926330566406], [-0.5865389108657837, -0.16242021322250366], [-0.650571346282959, 0.028725726529955864], [-0.849609911441803, 0.2037244588136673], [-0.7612032294273376, 0.13396155834197998]]",False
early_neutral,3,1413,0.5291569476841053,-1,[0],"[[-0.912382960319519, 0.05044044554233551], [-0.5821767449378967, -0.1636778861284256], [-0.6404973268508911, 0.031037529930472374], [-0.8368623852729797, 0.20639947056770325], [-0.7625129818916321, 0.13321982324123383]]",True
early_neutral,3,1414,0.5288237254248583,-1,[0],"[[-0.9200448393821716, 0.04713688790798187], [-0.5766312479972839, -0.1653519570827484], [-0.6300095915794373, 0.033479079604148865], [-0.824108362197876, 0.20949433743953705], [-0.7634393572807312, 0.13335220515727997]]",True
early_neutral,3,1415,0.5284905031656114,-1,[0],"[[-0.927399754524231, 0.044609781354665756], [-0.5703631043434143, -0.16737037897109985], [-0.6193256378173828, 0.03565802797675133], [-0.8114932775497437, 0.2130996435880661], [-0.76690673828125, 0.13177284598350525]]",False
early_neutral,3,1416,0.5281572809063645,-1,[0],"[[-0.9309592843055725, 0.04423420876264572], [-0.563537061214447, -0.1697082668542862], [-0.611730694770813, 0.03687136620283127], [-0.7991098761558533, 0.21721570193767548], [-0.7719619274139404, 0.12915058434009552]]",False
early_neutral,3,1417,0.5278240586471177,-1,[0],"[[-0.9319626688957214, 0.044771287590265274], [-0.5560691356658936, -0.1724410504102707], [-0.6048436760902405, 0.03765119984745979], [-0.7872039675712585, 0.22200821340084076], [-0.7754654288291931, 0.12733344733715057]]",False
early_neutral,3,1418,0.5274908363878708,-1,[0],"[[-0.931311845779419, 0.0451069101691246], [-0.5481479167938232, -0.17573150992393494], [-0.5975935459136963, 0.03658932074904442], [-0.7759404182434082, 0.22749923169612885], [-0.7761803269386292, 0.12696266174316406]]",False
early_neutral,3,1419,0.5271576141286238,-1,[0],"[[-0.9301308989524841, 0.04540694132447243], [-0.5398431420326233, -0.17967036366462708], [-0.5887701511383057, 0.03419923037290573], [-0.7663557529449463, 0.23297643661499023], [-0.7761803269386292, 0.12696266174316406]]",False
early_neutral,3,1420,0.5268243918693769,-1,[0],"[[-0.9296949505805969, 0.04614139720797539], [-0.5324269533157349, -0.18360261619091034], [-0.5794466733932495, 0.031025826930999756], [-0.7604294419288635, 0.23670193552970886], [-0.7761803269386292, 0.12696266174316406]]",False
early_neutral,3,1421,0.52649116961013,-1,[0],"[[-0.9301524758338928, 0.0467325784265995], [-0.5257564783096313, -0.18771536648273468], [-0.5714029669761658, 0.02677089348435402], [-0.7585097551345825, 0.23761053383350372], [-0.776168167591095, 0.12703387439250946]]",False
early_neutral,3,1422,0.5261579473508831,-1,[0],"[[-0.9305087327957153, 0.04710933566093445], [-0.519797146320343, -0.19225236773490906], [-0.5647459626197815, 0.021555347368121147], [-0.7574406862258911, 0.2356211245059967], [-0.7758864164352417, 0.128862202167511]]",False
early_neutral,3,1423,0.5258247250916361,-1,[0],"[[-0.9308649301528931, 0.047486089169979095], [-0.517119288444519, -0.19801732897758484], [-0.5579527616500854, 0.01647023670375347], [-0.7563818097114563, 0.23260876536369324], [-0.7755063772201538, 0.13177698850631714]]",False
early_neutral,3,1424,0.5254915028323892,-1,[0],"[[-0.9313333630561829, 0.04783748835325241], [-0.5175289511680603, -0.20460911095142365], [-0.5502182841300964, 0.011435204185545444], [-0.755290687084198, 0.22867777943611145], [-0.7749321460723877, 0.13558024168014526]]",False
early_neutral,3,1425,0.5251582805731423,-1,[0],"[[-0.9320881366729736, 0.047275327146053314], [-0.5191485285758972, -0.2113056629896164], [-0.5418410301208496, 0.006379452534019947], [-0.7542842030525208, 0.2245427966117859], [-0.7738736271858215, 0.1397089809179306]]",False
early_neutral,3,1426,0.5248250583138954,-1,[0],"[[-0.9328393340110779, 0.04489908367395401], [-0.521596372127533, -0.21832366287708282], [-0.5327442288398743, 0.0013257431564852595], [-0.7535625100135803, 0.22038409113883972], [-0.7723791003227234, 0.14378014206886292]]",False
early_neutral,3,1427,0.5244918360546484,-1,[0],"[[-0.9334365725517273, 0.041565604507923126], [-0.5247236490249634, -0.2256898581981659], [-0.5231443047523499, -0.0036355999764055014], [-0.7534910440444946, 0.2161996066570282], [-0.7704095244407654, 0.1477646380662918]]",False
early_neutral,3,1428,0.5241586137954015,-1,[0],"[[-0.9340453147888184, 0.037330612540245056], [-0.5281722545623779, -0.2334035038948059], [-0.5150242447853088, -0.009418499656021595], [-0.7540186643600464, 0.212027907371521], [-0.7679673433303833, 0.1516367644071579]]",False
early_neutral,3,1429,0.5238253915361546,-1,[0],"[[-0.9347505569458008, 0.03221452236175537], [-0.5319398045539856, -0.241378054022789], [-0.5095776915550232, -0.01612018793821335], [-0.7543217539787292, 0.20784683525562286], [-0.7650328874588013, 0.15536101162433624]]",False
early_neutral,3,1430,0.5234921692769077,-1,[0],"[[-0.9355313777923584, 0.026342330500483513], [-0.5358787775039673, -0.24957041442394257], [-0.50470370054245, -0.02341543138027191], [-0.754162609577179, 0.20366239547729492], [-0.7615995407104492, 0.15890002250671387]]",False
early_neutral,3,1431,0.5231589470176607,-1,[0],"[[-0.9363731145858765, 0.019873199984431267], [-0.5399408936500549, -0.25793272256851196], [-0.5004873871803284, -0.031292203813791275], [-0.7534328103065491, 0.19950492680072784], [-0.7576645612716675, 0.1622096449136734]]",False
early_neutral,3,1432,0.5228257247584138,-1,[0],"[[-0.9372699856758118, 0.012868966907262802], [-0.5440911650657654, -0.26642683148384094], [-0.4971904158592224, -0.03887951001524925], [-0.7520061135292053, 0.19542467594146729], [-0.7531658411026001, 0.16519923508167267]]",False
early_neutral,3,1433,0.5224925024991669,-1,[0],"[[-0.9382076263427734, 0.005400525406002998], [-0.5482972264289856, -0.2750239968299866], [-0.4968873858451843, -0.04487666115164757], [-0.7498771548271179, 0.19147680699825287], [-0.7481626868247986, 0.16782806813716888]]",False
early_neutral,3,1434,0.52215928023992,-1,[0],"[[-0.9391530156135559, -0.0024747762363404036], [-0.552546501159668, -0.28369954228401184], [-0.4990248680114746, -0.05051053315401077], [-0.7469320297241211, 0.18782939016819], [-0.7431096434593201, 0.1695014387369156]]",False
early_neutral,3,1435,0.5218260579806732,-1,[0],"[[-0.9400832056999207, -0.010669974610209465], [-0.556826114654541, -0.29243502020835876], [-0.5002453327178955, -0.054703813046216965], [-0.7432389855384827, 0.18449687957763672], [-0.7378875017166138, 0.17065514624118805]]",False
early_neutral,3,1436,0.5214928357214262,-1,[0],"[[-0.9409787654876709, -0.019113633781671524], [-0.5611286163330078, -0.3012160360813141], [-0.5008813738822937, -0.05886868014931679], [-0.7393983006477356, 0.18121755123138428], [-0.7324175238609314, 0.17132899165153503]]",False
early_neutral,3,1437,0.5211596134621793,-1,[0],"[[-0.9418092966079712, -0.027749378234148026], [-0.5654482841491699, -0.3100315034389496], [-0.49956777691841125, -0.062110282480716705], [-0.7358970642089844, 0.1779012680053711], [-0.7266623973846436, 0.17168183624744415]]",False
early_neutral,3,1438,0.5208263912029324,-1,[0],"[[-0.9425815939903259, -0.03653161972761154], [-0.5697807669639587, -0.31887301802635193], [-0.494621604681015, -0.06332069635391235], [-0.733069121837616, 0.17453089356422424], [-0.7204974293708801, 0.17179207503795624]]",False
early_neutral,3,1439,0.5204931689436855,-1,[0],"[[-0.9432811141014099, -0.045425716787576675], [-0.5741227865219116, -0.3277342617511749], [-0.4880298376083374, -0.06361967325210571], [-0.7307080626487732, 0.17083078622817993], [-0.7151480913162231, 0.17220625281333923]]",False
early_neutral,3,1440,0.5201599466844385,-1,[0],"[[-0.9439159631729126, -0.0544043704867363], [-0.5784720778465271, -0.3366103768348694], [-0.4801526963710785, -0.06378734856843948], [-0.729070246219635, 0.1672716736793518], [-0.7106475830078125, 0.17355546355247498]]",False
early_neutral,3,1441,0.5198267244251916,-1,[0],"[[-0.9445092678070068, -0.06344635784626007], [-0.5828269720077515, -0.34549766778945923], [-0.4711591601371765, -0.06382635235786438], [-0.7276519536972046, 0.16383174061775208], [-0.7065069675445557, 0.17579402029514313]]",False
early_neutral,3,1442,0.5194935021659447,-1,[0],"[[-0.9450629949569702, -0.07253610342741013], [-0.5871859788894653, -0.35439333319664], [-0.461797297000885, -0.06383676081895828], [-0.726651668548584, 0.16008159518241882], [-0.7019619941711426, 0.1783018261194229]]",False
early_neutral,3,1443,0.5191602799066978,-1,[0],"[[-0.9455970525741577, -0.0816614180803299], [-0.5915482044219971, -0.36329537630081177], [-0.4516683518886566, -0.06388992816209793], [-0.7260128855705261, 0.15591569244861603], [-0.6971299648284912, 0.18106603622436523]]",False
early_neutral,3,1444,0.5188270576474509,-1,[0],"[[-0.946118950843811, -0.09081327170133591], [-0.595906138420105, -0.37220367789268494], [-0.4409632384777069, -0.0639965683221817], [-0.7252981662750244, 0.15175503492355347], [-0.6922767162322998, 0.18381425738334656]]",False
early_neutral,3,1445,0.5184938353882039,-1,[0],"[[-0.9908088445663452, -0.0], [-0.77610844373703, -0.3947386145591736], [-0.8736414313316345, -0.29178860783576965], [-0.9188180565834045, -0.14176476001739502], [-0.8948855400085449, 0.07085424661636353]]",False
early_neutral,3,1446,0.518160613128957,-1,[0],"[[-0.9908088445663452, -0.0], [-0.77610844373703, -0.3947386145591736], [-0.8736414313316345, -0.29178860783576965], [-0.9188180565834045, -0.14176476001739502], [-0.8948855400085449, 0.07085424661636353]]",False
early_neutral,3,1447,0.5178273908697101,-1,[0],"[[-0.9908088445663452, -0.0], [-0.7758429646492004, -0.3946591317653656], [-0.8736414313316345, -0.29178860783576965], [-0.9188180565834045, -0.14176476001739502], [-0.8948855400085449, 0.07085424661636353]]",False
early_neutral,3,1448,0.5174941686104632,-1,[0],"[[-0.9907772541046143, -3.78335862478707e-05], [-0.7727125883102417, -0.3938187062740326], [-0.8736414313316345, -0.29178860783576965], [-0.9188180565834045, -0.14176476001739502], [-0.8948855400085449, 0.07085424661636353]]",False
early_neutral,3,1449,0.5171609463512162,-1,[0],"[[-0.9894342422485352, -0.0018574290443211794], [-0.7680618166923523, -0.392775297164917], [-0.873123049736023, -0.29176434874534607], [-0.9187871813774109, -0.1417689323425293], [-0.8931995630264282, 0.07112102210521698]]",False
early_neutral,3,1450,0.5168277240919693,-1,[0],"[[-0.9880865216255188, -0.004130375571548939], [-0.7619782090187073, -0.3915656805038452], [-0.8695796728134155, -0.2915114462375641], [-0.9159329533576965, -0.14203959703445435], [-0.8895425200462341, 0.07140900194644928]]",False
early_neutral,3,1451,0.5164945018327224,-1,[0],"[[-0.9872539043426514, -0.005951388739049435], [-0.7546044588088989, -0.39009180665016174], [-0.8646451830863953, -0.29098179936408997], [-0.9112135171890259, -0.14222736656665802], [-0.8844318389892578, 0.07145339995622635]]",False
early_neutral,3,1452,0.5161612795734755,-1,[0],"[[-0.9870820641517639, -0.006780089810490608], [-0.7460991144180298, -0.3883818984031677], [-0.8583517074584961, -0.2901770770549774], [-0.9050655961036682, -0.1421816200017929], [-0.877877414226532, 0.07135162502527237]]",False
early_neutral,3,1453,0.5158280573142285,-1,[0],"[[-0.9870795011520386, -0.006897567771375179], [-0.736767053604126, -0.3864966332912445], [-0.8507699370384216, -0.28915977478027344], [-0.8975557088851929, -0.14205652475357056], [-0.8700001835823059, 0.07108695060014725]]",False
early_neutral,3,1454,0.5154948350549817,-1,[0],"[[-0.9870795011520386, -0.006897567771375179], [-0.7266113758087158, -0.3844352960586548], [-0.8420796990394592, -0.28793972730636597], [-0.8888378143310547, -0.14183953404426575], [-0.8609901666641235, 0.07075687497854233]]",False
early_neutral,3,1455,0.5151616127957348,-1,[0],"[[-0.9870795011520386, -0.006897567771375179], [-0.7162703275680542, -0.38232535123825073], [-0.8331044912338257, -0.28665080666542053], [-0.8791188597679138, -0.14155524969100952], [-0.8510198593139648, 0.0705031231045723]]",False
early_neutral,3,1456,0.5148283905364879,-1,[0],"[[-0.9870795011520386, -0.006897567771375179], [-0.7054493427276611, -0.38010603189468384], [-0.8241379857063293, -0.28533652424812317], [-0.8685572743415833, -0.14121262729167938], [-0.8403882384300232, 0.07034557312726974]]",False
early_neutral,3,1457,0.514495168277241,-1,[0],"[[-0.9870795011520386, -0.006897567771375179], [-0.6940313577651978, -0.37775471806526184], [-0.8151795864105225, -0.2839992046356201], [-0.85773104429245, -0.140792116522789], [-0.8294455409049988, 0.07025633007287979]]",False
early_neutral,3,1458,0.514161946017994,-1,[0],"[[-0.9870795011520386, -0.006897567771375179], [-0.6820927858352661, -0.3752823770046234], [-0.8062289953231812, -0.282639741897583], [-0.846638560295105, -0.14025670289993286], [-0.8178455829620361, 0.07022423297166824]]",False
early_neutral,3,1459,0.5138287237587471,-1,[0],"[[-0.9870795011520386, -0.006897567771375179], [-0.6697475910186768, -0.3727080821990967], [-0.7972859740257263, -0.2812591791152954], [-0.8349198698997498, -0.1396070420742035], [-0.8056536316871643, 0.0702289491891861]]",False
early_neutral,3,1460,0.5134955014995002,-1,[0],"[[-0.9870795011520386, -0.006897567771375179], [-0.6570857167243958, -0.37005674839019775], [-0.7883502244949341, -0.2798589766025543], [-0.8226379156112671, -0.13889247179031372], [-0.7929750680923462, 0.07028894871473312]]",False
early_neutral,3,1461,0.5131622792402533,-1,[0],"[[-0.9870795011520386, -0.006897567771375179], [-0.6441812515258789, -0.3673425018787384], [-0.7793782949447632, -0.27843254804611206], [-0.809907853603363, -0.1381097286939621], [-0.7799167633056641, 0.07039681822061539]]",False
early_neutral,3,1462,0.5128290569810063,-1,[0],"[[-0.9870795011520386, -0.006897567771375179], [-0.6310920119285583, -0.3645783066749573], [-0.769989013671875, -0.27692273259162903], [-0.7968295216560364, -0.13726334273815155], [-0.7665645480155945, 0.0705484077334404]]",False
early_neutral,3,1463,0.5124958347217594,-1,[0],"[[-0.9861292839050293, -0.006806898396462202], [-0.6178634762763977, -0.3617716431617737], [-0.7597866058349609, -0.2752651870250702], [-0.78348708152771, -0.13633576035499573], [-0.7529865503311157, 0.07074488699436188]]",False
early_neutral,3,1464,0.5121626124625125,-1,[0],"[[-0.9822343587875366, -0.006500260904431343], [-0.6046280264854431, -0.3588186502456665], [-0.7493027448654175, -0.2735429108142853], [-0.7699390649795532, -0.13536062836647034], [-0.7392359972000122, 0.07098262757062912]]",False
early_neutral,3,1465,0.5118293902032656,-1,[0],"[[-0.9769111275672913, -0.0061979410238564014], [-0.5936155319213867, -0.3547362983226776], [-0.738402247428894, -0.27173125743865967], [-0.7562203407287598, -0.1344291865825653], [-0.7253546118736267, 0.07126370817422867]]",False
early_neutral,3,1466,0.5114961679440186,-1,[0],"[[-0.9738333821296692, -0.0044770496897399426], [-0.5858582258224487, -0.34890297055244446], [-0.7278451919555664, -0.2698546051979065], [-0.7423747777938843, -0.13351117074489594], [-0.7113718390464783, 0.07154113054275513]]",False
early_neutral,3,1467,0.5111629456847717,-1,[0],"[[-0.9747243523597717, -0.0013831888791173697], [-0.5786646008491516, -0.34232303500175476], [-0.7211840152740479, -0.26810967922210693], [-0.7285401821136475, -0.13207793235778809], [-0.6973103880882263, 0.0717763602733612]]",False
early_neutral,3,1468,0.5108297234255248,-1,[0],"[[-0.9767001271247864, 0.0009765983559191227], [-0.5716006755828857, -0.33532240986824036], [-0.7156863212585449, -0.26593971252441406], [-0.7148326635360718, -0.12998175621032715], [-0.6831902861595154, 0.0719960480928421]]",False
early_neutral,3,1469,0.5104965011662779,-1,[0],"[[-0.9789580702781677, 0.002561175497248769], [-0.5649822354316711, -0.32864516973495483], [-0.7103347778320312, -0.2636156976222992], [-0.7012308835983276, -0.12747187912464142], [-0.6690294742584229, 0.07229403406381607]]",False
early_neutral,3,1470,0.510163278907031,-1,[0],"[[-0.9818062782287598, 0.0038892037700861692], [-0.5589507818222046, -0.3247274160385132], [-0.7050060033798218, -0.2612697184085846], [-0.6876381635665894, -0.12484487891197205], [-0.6548401117324829, 0.0726795569062233]]",False
early_neutral,3,1471,0.509830056647784,-1,[0],"[[-0.9829179048538208, 0.004305724054574966], [-0.5527343153953552, -0.3240538239479065], [-0.6996945142745972, -0.2589070498943329], [-0.6740642786026001, -0.1221064031124115], [-0.6406338810920715, 0.0731821358203888]]",False
early_neutral,3,1472,0.5094968343885371,-1,[0],"[[-0.9832146763801575, 0.004389902111142874], [-0.5451129674911499, -0.32393988966941833], [-0.6943910121917725, -0.25653693079948425], [-0.6605091691017151, -0.11927780508995056], [-0.6264208555221558, 0.0738137736916542]]",False
early_neutral,3,1473,0.5091636121292903,-1,[0],"[[-0.9832165241241455, 0.004390286281704903], [-0.5362831950187683, -0.3238890767097473], [-0.6890963912010193, -0.2541583776473999], [-0.6469783782958984, -0.11636272072792053], [-0.6122096180915833, 0.07458148151636124]]",False
early_neutral,3,1474,0.5088303898700434,-1,[0],"[[-0.9832165241241455, 0.004390286281704903], [-0.5270920395851135, -0.3238823413848877], [-0.683818519115448, -0.25176411867141724], [-0.6334836483001709, -0.1133505329489708], [-0.5980082750320435, 0.07549744844436646]]",False
early_neutral,3,1475,0.5084971676107964,-1,[0],"[[-0.9832165241241455, 0.004390286281704903], [-0.517900824546814, -0.3238789141178131], [-0.678558886051178, -0.24935288727283478], [-0.6200332641601562, -0.11023546755313873], [-0.5838232040405273, 0.07656268775463104]]",False
early_neutral,3,1476,0.5081639453515495,-1,[0],"[[-0.9832165241241455, 0.004390286281704903], [-0.5088574886322021, -0.3235666751861572], [-0.6733217835426331, -0.2469210922718048], [-0.6066351532936096, -0.10701251029968262], [-0.5696617364883423, 0.0777847096323967]]",False
early_neutral,3,1477,0.5078307230923026,-1,[0],"[[-0.9832165241241455, 0.004390286281704903], [-0.5012174844741821, -0.3210597634315491], [-0.6681106090545654, -0.24446572363376617], [-0.5933013558387756, -0.10366817563772202], [-0.5555298924446106, 0.07916466146707535]]",False
early_neutral,3,1478,0.5074975008330557,-1,[0],"[[-0.9832165241241455, 0.004390286281704903], [-0.4945482909679413, -0.3169880509376526], [-0.6629266738891602, -0.24198614060878754], [-0.5800363421440125, -0.1002018079161644], [-0.5414328575134277, 0.0807015523314476]]",False
early_neutral,3,1479,0.5071642785738087,-1,[0],"[[-0.9832165241241455, 0.004390286281704903], [-0.4880342483520508, -0.3127686381340027], [-0.657772958278656, -0.23947995901107788], [-0.5668512582778931, -0.09660308063030243], [-0.5273754000663757, 0.08239450305700302]]",False
early_neutral,3,1480,0.5068310563145618,-1,[0],"[[-0.9832165241241455, 0.004390286281704903], [-0.48152822256088257, -0.30854400992393494], [-0.6526500582695007, -0.236947163939476], [-0.553752064704895, -0.09286972880363464], [-0.5133655071258545, 0.08425353467464447]]",False
early_neutral,3,1481,0.5064978340553149,-1,[0],"[[-0.9832165241241455, 0.004390286281704903], [-0.47502821683883667, -0.3043154776096344], [-0.6475592851638794, -0.2343870848417282], [-0.5407766103744507, -0.0889553651213646], [-0.4994209408760071, 0.0863145962357521]]",False
early_neutral,3,1482,0.506164611796068,-1,[0],"[[-0.9832165241241455, 0.004390286281704903], [-0.46852871775627136, -0.3000866174697876], [-0.6425016522407532, -0.2317993938922882], [-0.5279744267463684, -0.08480431884527206], [-0.48555129766464233, 0.08858244121074677]]",False
early_neutral,3,1483,0.505831389536821,-1,[0],"[[-0.9832165241241455, 0.004390286281704903], [-0.46202951669692993, -0.2958575487136841], [-0.6374775171279907, -0.22918426990509033], [-0.5153337121009827, -0.08044661581516266], [-0.4717918634414673, 0.09111997485160828]]",False
early_neutral,3,1484,0.5054981672775741,-1,[0],"[[-0.9832165241241455, 0.004390286281704903], [-0.4555303454399109, -0.2916284501552582], [-0.6324868202209473, -0.22654205560684204], [-0.5027503371238708, -0.07601775228977203], [-0.4581674635410309, 0.09395071864128113]]",False
early_neutral,3,1485,0.5051649450183272,-1,[0],"[[-0.9832165241241455, 0.004390286281704903], [-0.44903120398521423, -0.2873993515968323], [-0.6275303959846497, -0.22387273609638214], [-0.4902117848396301, -0.07153449207544327], [-0.44470342993736267, 0.09709003567695618]]",False
early_neutral,3,1486,0.5048317227590803,-1,[0],"[[-0.9832165241241455, 0.004390286281704903], [-0.4418279528617859, -0.28419050574302673], [-0.6226106882095337, -0.22117476165294647], [-0.47779276967048645, -0.06691217422485352], [-0.4314357340335846, 0.10056605190038681]]",False
early_neutral,3,1487,0.5044985004998334,-1,[0],"[[-0.9832165241241455, 0.004390286281704903], [-0.4331658184528351, -0.2832391858100891], [-0.6177287101745605, -0.2184479534626007], [-0.46554088592529297, -0.062104202806949615], [-0.4186004102230072, 0.10423620045185089]]",False
early_neutral,3,1488,0.5041652782405864,-1,[0],"[[-0.9832165241241455, 0.004390286281704903], [-0.4240696132183075, -0.2829233407974243], [-0.6128836870193481, -0.2156933695077896], [-0.4534626603126526, -0.05711345747113228], [-0.40687111020088196, 0.10666748881340027]]",False
early_neutral,3,1489,0.5038320559813395,-1,[0],"[[-0.9832119941711426, 0.004369942005723715], [-0.41570141911506653, -0.2808696925640106], [-0.6080753803253174, -0.2129116952419281], [-0.4415637254714966, -0.05194336175918579], [-0.3948502242565155, 0.10801173001527786]]",False
early_neutral,3,1490,0.5034988337220926,-1,[0],"[[-0.9830363988876343, 0.002588339149951935], [-0.4077799618244171, -0.27789968252182007], [-0.6030800938606262, -0.20999036729335785], [-0.42984190583229065, -0.0466042123734951], [-0.38438650965690613, 0.1085871011018753]]",False
early_neutral,3,1491,0.5031656114628457,-1,[0],"[[-0.9832324981689453, 0.0003987746895290911], [-0.3992815911769867, -0.27469775080680847], [-0.597149670124054, -0.20656363666057587], [-0.4182017147541046, -0.04118949547410011], [-0.37451398372650146, 0.10871277004480362]]",False
early_neutral,3,1492,0.5028323892035989,-1,[0],"[[-0.9836714267730713, -0.0011697877198457718], [-0.39015457034111023, -0.2710929811000824], [-0.5903449058532715, -0.2026863396167755], [-0.4066154956817627, -0.035725947469472885], [-0.36516714096069336, 0.10856218636035919]]",False
early_neutral,3,1493,0.5024991669443519,-1,[0],"[[-0.9840607047080994, -0.0018966778879985213], [-0.38050028681755066, -0.2671218812465668], [-0.5831753611564636, -0.1985972672700882], [-0.39513131976127625, -0.030172113329172134], [-0.35597729682922363, 0.10846205055713654]]",False
early_neutral,3,1494,0.502165944685105,-1,[0],"[[-0.9840970039367676, -0.0019444612553343177], [-0.3703834116458893, -0.2628174126148224], [-0.5754089951515198, -0.19413970410823822], [-0.38380998373031616, -0.024478420615196228], [-0.3467862606048584, 0.10843392461538315]]",False
early_neutral,3,1495,0.5018327224258581,-1,[0],"[[-0.9840970039367676, -0.0019444612553343177], [-0.35995912551879883, -0.25819122791290283], [-0.5673128962516785, -0.18947988748550415], [-0.3726551830768585, -0.01864725351333618], [-0.3375951051712036, 0.10842864960432053]]",False
early_neutral,3,1496,0.5014995001666112,-1,[0],"[[-0.9840970039367676, -0.0019444612553343177], [-0.349295973777771, -0.2533150613307953], [-0.5589740872383118, -0.18469521403312683], [-0.36166849732398987, -0.012682439759373665], [-0.32840391993522644, 0.10842639207839966]]",False
early_neutral,3,1497,0.5011662779073642,-1,[0],"[[-0.9840970039367676, -0.0019444612553343177], [-0.33850836753845215, -0.24819225072860718], [-0.5501574277877808, -0.17965078353881836], [-0.3508532643318176, -0.006586356088519096], [-0.31921279430389404, 0.10842607170343399]]",False
early_neutral,3,1498,0.5008330556481173,-1,[0],"[[-0.9840970039367676, -0.0019444612553343177], [-0.32764381170272827, -0.2428661286830902], [-0.5408936142921448, -0.17438866198062897], [-0.3402060568332672, -0.0003661728696897626], [-0.31002160906791687, 0.10842591524124146]]",False
early_neutral,3,1499,0.5004998333888704,-1,[0],"[[-0.9840970039367676, -0.0019444612553343177], [-0.3167739808559418, -0.23734143376350403], [-0.5312405824661255, -0.1689721941947937], [-0.32972630858421326, 0.005973273888230324], [-0.3008303940296173, 0.10842589288949966]]",False
early_neutral,3,1500,0.5001666111296235,-1,[0],"[[-0.9840970039367676, -0.0019444612553343177], [-0.3059443235397339, -0.23163236677646637], [-0.52128005027771, -0.1634381115436554], [-0.31951168179512024, 0.012492390349507332], [-0.2916392385959625, 0.10842589288949966]]",False
early_neutral,3,1501,0.49983338887037654,-1,[0],"[[-0.9840970039367676, -0.0019444612553343177], [-0.29524850845336914, -0.2257062792778015], [-0.5110594630241394, -0.15782971680164337], [-0.30980998277664185, 0.01933502033352852], [-0.28244805335998535, 0.10842589288949966]]",False
early_neutral,3,1502,0.4995001666111296,-1,[0],"[[-0.9840970039367676, -0.0019444612553343177], [-0.28472283482551575, -0.21957075595855713], [-0.50066077709198, -0.1521470993757248], [-0.30074501037597656, 0.026394987478852272], [-0.2732568681240082, 0.10842589288949966]]",False
early_neutral,3,1503,0.4991669443518827,-1,[0],"[[-0.9840970039367676, -0.0019444612553343177], [-0.274502694606781, -0.21316128969192505], [-0.4902847409248352, -0.14628610014915466], [-0.2939528524875641, 0.03233803063631058], [-0.26436343789100647, 0.10843214392662048]]",False
early_neutral,3,1504,0.49883372209263577,-1,[0],"[[-0.9840970039367676, -0.0019444612553343177], [-0.26468202471733093, -0.20644952356815338], [-0.47998031973838806, -0.14025141298770905], [-0.29146188497543335, 0.03635319694876671], [-0.25622397661209106, 0.10845696181058884]]",False
early_neutral,3,1505,0.49850049983338884,-1,[0],"[[-0.9840970039367676, -0.0019444612553343177], [-0.2557830810546875, -0.19992002844810486], [-0.46978676319122314, -0.1340477168560028], [-0.2936232388019562, 0.03898842632770538], [-0.2490188479423523, 0.10849978029727936]]",False
early_neutral,3,1506,0.498167277574142,-1,[0],"[[-0.9840970039367676, -0.0019444612553343177], [-0.24982915818691254, -0.19472379982471466], [-0.45973342657089233, -0.12768107652664185], [-0.2989061772823334, 0.03924674913287163], [-0.2426423281431198, 0.1085527241230011]]",False
early_neutral,3,1507,0.49783405531489505,-1,[0],"[[-0.9840970039367676, -0.0019444612553343177], [-0.24535466730594635, -0.18970462679862976], [-0.44983747601509094, -0.12116116285324097], [-0.30521076917648315, 0.037938885390758514], [-0.23421092331409454, 0.10857845842838287]]",False
early_neutral,3,1508,0.49750083305564813,-1,[0],"[[-0.9840970039367676, -0.0019444612553343177], [-0.24297544360160828, -0.1870039999485016], [-0.4401128888130188, -0.11449597030878067], [-0.31231728196144104, 0.035715725272893906], [-0.22501976788043976, 0.10858716070652008]]",False
early_neutral,3,1509,0.4971676107964012,-1,[0],"[[-0.9840970039367676, -0.0019444612553343177], [-0.2428620159626007, -0.1868778020143509], [-0.43075042963027954, -0.10784705728292465], [-0.3198448717594147, 0.032494258135557175], [-0.21705828607082367, 0.10843745619058609]]",False
early_neutral,3,1510,0.4968343885371543,-1,[0],"[[-0.9840970039367676, -0.0019444612553343177], [-0.24497507512569427, -0.18693527579307556], [-0.4229368269443512, -0.10295548290014267], [-0.32773062586784363, 0.028647834435105324], [-0.21365317702293396, 0.10814052820205688]]",False
early_neutral,3,1511,0.49650116627790736,-1,[0],"[[-0.9840970039367676, -0.0019444612553343177], [-0.24918052554130554, -0.18734051287174225], [-0.4146226942539215, -0.10070798546075821], [-0.3361464738845825, 0.024368437007069588], [-0.21400274336338043, 0.10798555612564087]]",False
early_neutral,3,1512,0.49616794401866043,-1,[0],"[[-0.9840970039367676, -0.0019444612553343177], [-0.2546493113040924, -0.1883121132850647], [-0.4075292646884918, -0.10003747791051865], [-0.34502509236335754, 0.01971523091197014], [-0.2174011766910553, 0.1072731539607048]]",False
early_neutral,3,1513,0.4958347217594135,-1,[0],"[[-0.9840970039367676, -0.0019444612553343177], [-0.260725736618042, -0.18968608975410461], [-0.4045882225036621, -0.10159853100776672], [-0.35444942116737366, 0.014832154847681522], [-0.22231966257095337, 0.10660967975854874]]",False
early_neutral,3,1514,0.4955014995001666,-1,[0],"[[-0.9840970039367676, -0.0019444612553343177], [-0.2666627764701843, -0.19129766523838043], [-0.40385109186172485, -0.10247217863798141], [-0.3643430769443512, 0.009794170968234539], [-0.22869516909122467, 0.10596019774675369]]",False
early_neutral,3,1515,0.4951682772409197,-1,[0],"[[-0.9840970039367676, -0.0019444612553343177], [-0.27251139283180237, -0.1930421143770218], [-0.40385109186172485, -0.10247217863798141], [-0.37418562173843384, 0.0048795174807310104], [-0.2363852858543396, 0.10513792932033539]]",False
early_neutral,3,1516,0.4948350549816728,-1,[0],"[[-0.9840970039367676, -0.0019444612553343177], [-0.278306245803833, -0.19486089050769806], [-0.40385109186172485, -0.10247217863798141], [-0.3810652792453766, 0.0015134653076529503], [-0.24521970748901367, 0.10415299981832504]]",False
early_neutral,3,1517,0.49450183272242587,-1,[0],"[[-0.9840970039367676, -0.0019444612553343177], [-0.2840580344200134, -0.19673682749271393], [-0.40385109186172485, -0.10247217863798141], [-0.3862669765949249, -0.0009244601824320853], [-0.2550022006034851, 0.10305222123861313]]",False
early_neutral,3,1518,0.49416861046317895,-1,[0],"[[-0.9840970039367676, -0.0019444612553343177], [-0.2897971570491791, -0.19862912595272064], [-0.4030742943286896, -0.1026223823428154], [-0.38891419768333435, -0.002371756127104163], [-0.26556816697120667, 0.1018572673201561]]",False
early_neutral,3,1519,0.493835388203932,-1,[0],"[[-0.9840970039367676, -0.0019444612553343177], [-0.2952342927455902, -0.2004433125257492], [-0.3994412422180176, -0.10309717804193497], [-0.3893565833568573, -0.002696014242246747], [-0.2762632966041565, 0.10068667680025101]]",False
early_neutral,3,1520,0.4935021659446851,-1,[0],"[[-0.9840970039367676, -0.0019444612553343177], [-0.29689908027648926, -0.20107968151569366], [-0.3943191170692444, -0.10333579033613205], [-0.387978732585907, -0.002467390149831772], [-0.2875102758407593, 0.09951169043779373]]",False
early_neutral,3,1521,0.4931689436854382,-1,[0],"[[-0.9840970039367676, -0.0019444612553343177], [-0.29689908027648926, -0.20107968151569366], [-0.38777294754981995, -0.10341014713048935], [-0.38406646251678467, -0.0015707777347415686], [-0.29937365651130676, 0.09835121035575867]]",False
early_neutral,3,1522,0.49283572142619125,-1,[0],"[[-0.9840970039367676, -0.0019444612553343177], [-0.29689908027648926, -0.20107968151569366], [-0.3799140453338623, -0.10345300287008286], [-0.3790262043476105, -1.8934544641524553e-05], [-0.31181153655052185, 0.09740141779184341]]",False
early_neutral,3,1523,0.49250249916694433,-1,[0],"[[-0.9840970039367676, -0.0019444612553343177], [-0.29689908027648926, -0.20107968151569366], [-0.3709505796432495, -0.10345935821533203], [-0.37282949686050415, 0.0020657088607549667], [-0.32470741868019104, 0.09672433137893677]]",False
early_neutral,3,1524,0.49216927690769746,-1,[0],"[[-0.9840970039367676, -0.0019444612553343177], [-0.29770898818969727, -0.20106865465641022], [-0.3617594242095947, -0.10346199572086334], [-0.36556142568588257, 0.004609903786331415], [-0.3379420340061188, 0.09619224816560745]]",False
early_neutral,3,1525,0.49183605464845054,-1,[0],"[[-0.9840970039367676, -0.0019444612553343177], [-0.3013811707496643, -0.20126914978027344], [-0.35256823897361755, -0.10346265137195587], [-0.35737481713294983, 0.007537839934229851], [-0.35143837332725525, 0.09582021087408066]]",False
early_neutral,3,1526,0.4915028323892036,-1,[0],"[[-0.9840970039367676, -0.0019444612553343177], [-0.30626142024993896, -0.20201408863067627], [-0.3433770537376404, -0.10346280038356781], [-0.34839364886283875, 0.010743493214249611], [-0.36430981755256653, 0.09570379555225372]]",False
early_neutral,3,1527,0.4911696101299567,-1,[0],"[[-0.9840970039367676, -0.0019444612553343177], [-0.3080173134803772, -0.2023617923259735], [-0.3341858983039856, -0.10346285998821259], [-0.3393268585205078, 0.01395991537719965], [-0.37658289074897766, 0.09576815366744995]]",False
early_neutral,3,1528,0.49083638787070977,-1,[0],"[[-0.9840970039367676, -0.0019444612553343177], [-0.3080173134803772, -0.2023617923259735], [-0.32499468326568604, -0.10346285998821259], [-0.3311793804168701, 0.016727903857827187], [-0.3864932656288147, 0.09489945322275162]]",False
early_neutral,3,1529,0.49050316561146284,-1,[0],"[[-0.9840970039367676, -0.0019444612553343177], [-0.3080173134803772, -0.2023617923259735], [-0.31580349802970886, -0.10346285998821259], [-0.32299402356147766, 0.01938403770327568], [-0.39731788635253906, 0.0939173623919487]]",False
early_neutral,3,1530,0.4901699433522159,-1,[0],"[[-0.9840970039367676, -0.0019444612553343177], [-0.3080173134803772, -0.2023617923259735], [-0.3066123127937317, -0.10346285998821259], [-0.3167475759983063, 0.021264370530843735], [-0.4094134271144867, 0.09341759979724884]]",False
early_neutral,3,1531,0.489836721092969,-1,[0],"[[-0.9840970039367676, -0.0019444612553343177], [-0.3080173134803772, -0.2023617923259735], [-0.2974211573600769, -0.10346285998821259], [-0.3107922673225403, 0.022847946733236313], [-0.4217917025089264, 0.09298934787511826]]",False
early_neutral,3,1532,0.4895034988337221,-1,[0],"[[-0.9840970039367676, -0.0019444612553343177], [-0.3080173134803772, -0.2023617923259735], [-0.28822997212409973, -0.10346285998821259], [-0.3053331971168518, 0.02417861483991146], [-0.43423715233802795, 0.09230958670377731]]",False
early_neutral,3,1533,0.48917027657447515,-1,[0],"[[-0.9840970039367676, -0.0019444612553343177], [-0.3080173134803772, -0.2023617923259735], [-0.27903878688812256, -0.10346285998821259], [-0.3026057779788971, 0.024840688332915306], [-0.44597265124320984, 0.09140421450138092]]",False
early_neutral,3,1534,0.4888370543152283,-1,[0],"[[-0.9840970039367676, -0.0019444612553343177], [-0.3080173134803772, -0.2023617923259735], [-0.2698476314544678, -0.10346285998821259], [-0.30357980728149414, 0.025441613048315048], [-0.4573950469493866, 0.09058982133865356]]",False
early_neutral,3,1535,0.48850383205598136,-1,[0],"[[-0.9840970039367676, -0.0019444612553343177], [-0.3080173134803772, -0.2023617923259735], [-0.2606564462184906, -0.10346285998821259], [-0.3070146441459656, 0.02675272338092327], [-0.46965715289115906, 0.08985403180122375]]",False
early_neutral,3,1536,0.48817060979673443,-1,[0],"[[-0.9840970039367676, -0.0019444612553343177], [-0.3080173134803772, -0.2023617923259735], [-0.2514652609825134, -0.10346285998821259], [-0.3113265633583069, 0.028756700456142426], [-0.4800444543361664, 0.08908862620592117]]",False
early_neutral,3,1537,0.4878373875374875,-1,[0],"[[-0.9840970039367676, -0.0019444612553343177], [-0.3080173134803772, -0.2023617923259735], [-0.24227410554885864, -0.10346285998821259], [-0.3164432644844055, 0.03135892376303673], [-0.48695945739746094, 0.08797929435968399]]",False
early_neutral,3,1538,0.4875041652782406,-1,[0],"[[-0.9840970039367676, -0.0019444612553343177], [-0.3080173134803772, -0.2023617923259735], [-0.23308293521404266, -0.10346285998821259], [-0.3221723735332489, 0.034494414925575256], [-0.49038049578666687, 0.08719059079885483]]",False
early_neutral,3,1539,0.48717094301899366,-1,[0],"[[-0.9840970039367676, -0.0019444612553343177], [-0.3080173134803772, -0.2023617923259735], [-0.2238917499780655, -0.10346285998821259], [-0.3271128535270691, 0.03754982352256775], [-0.49043405055999756, 0.08717828243970871]]",False
early_neutral,3,1540,0.48683772075974674,-1,[0],"[[-0.9840793609619141, -0.001010277308523655], [-0.3080173134803772, -0.2023617923259735], [-0.21659231185913086, -0.10325147956609726], [-0.32721975445747375, 0.039930738508701324], [-0.48937949538230896, 0.0866636112332344]]",False
early_neutral,3,1541,0.4865044985004998,-1,[0],"[[-0.9842245578765869, 0.0015649729175493121], [-0.3080173134803772, -0.2023617923259735], [-0.21455445885658264, -0.10299129039049149], [-0.32560092210769653, 0.04287215694785118], [-0.4855600595474243, 0.086044542491436]]",False
early_neutral,3,1542,0.4861712762412529,-1,[0],"[[-0.9846004247665405, 0.004190384875983], [-0.3080173134803772, -0.2023617923259735], [-0.21522757411003113, -0.10276278853416443], [-0.32273292541503906, 0.046174056828022], [-0.48135611414909363, 0.08809192478656769]]",True
early_neutral,3,1543,0.485838053982006,-1,[0],"[[-0.9848359227180481, 0.005633501801639795], [-0.3078594505786896, -0.20235830545425415], [-0.21863330900669098, -0.10180655866861343], [-0.31867778301239014, 0.04791727662086487], [-0.4773941934108734, 0.0915253758430481]]",True
early_neutral,3,1544,0.4855048317227591,-1,[0],"[[-0.984871506690979, 0.005854593589901924], [-0.30508893728256226, -0.2021360844373703], [-0.22337636351585388, -0.10051825642585754], [-0.3132186830043793, 0.04828814044594765], [-0.472622275352478, 0.09561911970376968]]",False
early_neutral,3,1545,0.4851716094635122,-1,[0],"[[-0.9848717451095581, 0.005855877418071032], [-0.30108901858329773, -0.20146356523036957], [-0.22932776808738708, -0.0987447127699852], [-0.30679380893707275, 0.0472421795129776], [-0.46701276302337646, 0.10020875185728073]]",False
early_neutral,3,1546,0.48483838720426525,-1,[0],"[[-0.9848717451095581, 0.005855877418071032], [-0.29582715034484863, -0.20024330914020538], [-0.23620423674583435, -0.09627196192741394], [-0.30052876472473145, 0.046468451619148254], [-0.46080493927001953, 0.10476303845643997]]",False
early_neutral,3,1547,0.48450516494501833,-1,[0],"[[-0.9848717451095581, 0.005855877418071032], [-0.2892206609249115, -0.19868409633636475], [-0.24364003539085388, -0.09303309768438339], [-0.29384616017341614, 0.047802798449993134], [-0.45356348156929016, 0.10937606543302536]]",False
early_neutral,3,1548,0.4841719426857714,-1,[0],"[[-0.9848717451095581, 0.005855877418071032], [-0.2813752293586731, -0.1968575417995453], [-0.2511937618255615, -0.08906710892915726], [-0.2880841791629791, 0.050041332840919495], [-0.44553741812705994, 0.11396384984254837]]",True
early_neutral,3,1549,0.4838387204265245,-1,[0],"[[-0.9848717451095581, 0.005855877418071032], [-0.2725210189819336, -0.1953209936618805], [-0.2588135898113251, -0.08438573777675629], [-0.28247666358947754, 0.05228092148900032], [-0.43690216541290283, 0.11837910115718842]]",True
early_neutral,3,1550,0.48350549816727756,-1,[0],"[[-0.9848717451095581, 0.005855877418071032], [-0.26344501972198486, -0.19439451396465302], [-0.26581788063049316, -0.07922215014696121], [-0.2766675353050232, 0.054609209299087524], [-0.42764508724212646, 0.12268545478582382]]",True
early_neutral,3,1551,0.48317227590803064,-1,[0],"[[-0.9848717451095581, 0.005855877418071032], [-0.25649380683898926, -0.19395262002944946], [-0.2724628746509552, -0.07332674413919449], [-0.2720225155353546, 0.05623064562678337], [-0.4199548661708832, 0.12615881860256195]]",True
early_neutral,3,1552,0.4828390536487837,-1,[0],"[[-0.9848717451095581, 0.005855877418071032], [-0.25507503747940063, -0.19386321306228638], [-0.2790730595588684, -0.06691518425941467], [-0.26760250329971313, 0.05781390517950058], [-0.4123675227165222, 0.12953436374664307]]",True
early_neutral,3,1553,0.48250583138953684,-1,[0],"[[-0.9848717451095581, 0.005855877418071032], [-0.25444626808166504, -0.19419579207897186], [-0.2860575318336487, -0.060243744403123856], [-0.26190385222435, 0.05967453494668007], [-0.40637558698654175, 0.13234828412532806]]",False
early_neutral,3,1554,0.4821726091302899,-1,[0],"[[-0.9848717451095581, 0.005855877418071032], [-0.25141260027885437, -0.19553615152835846], [-0.29296714067459106, -0.05364565923810005], [-0.2549225986003876, 0.06159420311450958], [-0.4015588164329529, 0.13512173295021057]]",False
early_neutral,3,1555,0.481839386871043,-1,[0],"[[-0.9848717451095581, 0.005855877418071032], [-0.24693721532821655, -0.19703228771686554], [-0.29658663272857666, -0.048158373683691025], [-0.24695929884910583, 0.063865065574646], [-0.3975163698196411, 0.13832812011241913]]",False
early_neutral,3,1556,0.4815061646117961,-1,[0],"[[-0.9848717451095581, 0.005855877418071032], [-0.2410503625869751, -0.19843101501464844], [-0.29557687044143677, -0.042587440460920334], [-0.2385023832321167, 0.06658104807138443], [-0.39555057883262634, 0.14227010309696198]]",False
early_neutral,3,1557,0.48117294235254915,-1,[0],"[[-0.9848717451095581, 0.005855877418071032], [-0.2347906529903412, -0.1993875354528427], [-0.2921735644340515, -0.03826580196619034], [-0.23166239261627197, 0.06890422105789185], [-0.3941955268383026, 0.14633871614933014]]",False
early_neutral,3,1558,0.4808397200933022,-1,[0],"[[-0.9848717451095581, 0.005855877418071032], [-0.22844059765338898, -0.19991105794906616], [-0.28629443049430847, -0.03683982789516449], [-0.22658613324165344, 0.07067513465881348], [-0.3921971619129181, 0.1503150314092636]]",False
early_neutral,3,1559,0.4805064978340553,-1,[0],"[[-0.9838998317718506, 0.005933280568569899], [-0.22218051552772522, -0.20015016198158264], [-0.2790250778198242, -0.036160677671432495], [-0.22220073640346527, 0.07226855307817459], [-0.3894072473049164, 0.15408416092395782]]",False
early_neutral,3,1560,0.4801732755748084,-1,[0],"[[-0.9800365567207336, 0.006163744255900383], [-0.21574798226356506, -0.20012159645557404], [-0.2711694836616516, -0.03610160946846008], [-0.2184871882200241, 0.07367051392793655], [-0.3860962986946106, 0.15767371654510498]]",False
early_neutral,3,1561,0.47984005331556145,-1,[0],"[[-0.9759981632232666, 0.0062990267761051655], [-0.2099996656179428, -0.19983483850955963], [-0.26651692390441895, -0.03843250125646591], [-0.21642464399337769, 0.07460799813270569], [-0.38283824920654297, 0.16128379106521606]]",False
early_neutral,3,1562,0.4795068310563146,-1,[0],"[[-0.9714906811714172, 0.005594703834503889], [-0.20815838873386383, -0.1995786428451538], [-0.26410844922065735, -0.04255063086748123], [-0.21631695330142975, 0.07495886087417603], [-0.379659503698349, 0.16492365300655365]]",False
early_neutral,3,1563,0.47917360879706766,-1,[0],"[[-0.9668391346931458, 0.0030321318190544844], [-0.20801004767417908, -0.1995289921760559], [-0.2611480951309204, -0.04726770892739296], [-0.2184876948595047, 0.07422243803739548], [-0.3765793740749359, 0.16859926283359528]]",False
early_neutral,3,1564,0.47884038653782074,-1,[0],"[[-0.9623281359672546, -0.0007158617372624576], [-0.21056704223155975, -0.19872993230819702], [-0.25712236762046814, -0.052473630756139755], [-0.22261914610862732, 0.07267752289772034], [-0.37360426783561707, 0.17231130599975586]]",False
early_neutral,3,1565,0.4785071642785738,-1,[0],"[[-0.957209587097168, -0.005048129707574844], [-0.21444429457187653, -0.19709758460521698], [-0.25338229537010193, -0.058075305074453354], [-0.22845891118049622, 0.07079055160284042], [-0.3707647919654846, 0.17606794834136963]]",False
early_neutral,3,1566,0.4781739420193269,-1,[0],"[[-0.9515544772148132, -0.009767459705471992], [-0.21909499168395996, -0.19455575942993164], [-0.251970112323761, -0.06459636986255646], [-0.2357216328382492, 0.06886137276887894], [-0.3680989444255829, 0.17987805604934692]]",False
early_neutral,3,1567,0.47784071976007997,-1,[0],"[[-0.9455423951148987, -0.014361463487148285], [-0.22439220547676086, -0.19112814962863922], [-0.2512918710708618, -0.07156623899936676], [-0.24191540479660034, 0.06689973920583725], [-0.365602046251297, 0.1837364137172699]]",False
early_neutral,3,1568,0.47750749750083304,-1,[0],"[[-0.9390918016433716, -0.018696283921599388], [-0.22978875041007996, -0.18696291744709015], [-0.25058820843696594, -0.07866494357585907], [-0.24663624167442322, 0.06407056003808975], [-0.36324164271354675, 0.18763098120689392]]",False
early_neutral,3,1569,0.4771742752415861,-1,[0],"[[-0.9322619438171387, -0.022730648517608643], [-0.23256173729896545, -0.18472632765769958], [-0.24982893466949463, -0.08617112785577774], [-0.25058311223983765, 0.06080690771341324], [-0.3610134422779083, 0.19155842065811157]]",False
early_neutral,3,1570,0.4768410529823392,-1,[0],"[[-0.9250550866127014, -0.02645520493388176], [-0.23264670372009277, -0.1846577376127243], [-0.24906186759471893, -0.0940539613366127], [-0.2529318928718567, 0.05693497136235237], [-0.3588714301586151, 0.19550615549087524]]",False
early_neutral,3,1571,0.47650783072309233,-1,[0],"[[-0.9177270531654358, -0.029778368771076202], [-0.23279303312301636, -0.18602712452411652], [-0.24836689233779907, -0.10225427150726318], [-0.25506240129470825, 0.05310174450278282], [-0.3567892014980316, 0.19946743547916412]]",False
early_neutral,3,1572,0.4761746084638454,-1,[0],"[[-0.9112367630004883, -0.03248249739408493], [-0.23300111293792725, -0.18874968588352203], [-0.24771593511104584, -0.11070267111063004], [-0.2558559477329254, 0.05181093513965607], [-0.35475894808769226, 0.2034401148557663]]",False
early_neutral,3,1573,0.4758413862045985,-1,[0],"[[-0.9051939249038696, -0.03483647480607033], [-0.23311108350753784, -0.1923467516899109], [-0.24696697294712067, -0.11933926492929459], [-0.2558559477329254, 0.05181093513965607], [-0.35276055335998535, 0.20741964876651764]]",False
early_neutral,3,1574,0.47550816394535156,-1,[0],"[[-0.8995556831359863, -0.03696150332689285], [-0.23284125328063965, -0.1966479867696762], [-0.24609440565109253, -0.12811899185180664], [-0.2544576823711395, 0.051129862666130066], [-0.35079705715179443, 0.21140648424625397]]",False
early_neutral,3,1575,0.47517494168610463,-1,[0],"[[-0.8939369916915894, -0.0391082763671875], [-0.23204654455184937, -0.20153798162937164], [-0.2448088675737381, -0.1369907110929489], [-0.25114428997039795, 0.04946940392255783], [-0.3489159345626831, 0.21541009843349457]]",False
early_neutral,3,1576,0.4748417194268577,-1,[0],"[[-0.888530969619751, -0.04121220111846924], [-0.23067475855350494, -0.2067432701587677], [-0.24303753674030304, -0.14586816728115082], [-0.246770441532135, 0.04722368344664574], [-0.34713128209114075, 0.21943238377571106]]",False
early_neutral,3,1577,0.4745084971676108,-1,[0],"[[-0.8833717703819275, -0.043310847133398056], [-0.22845062613487244, -0.21248289942741394], [-0.2413310706615448, -0.15409716963768005], [-0.24199000000953674, 0.04491477087140083], [-0.345509797334671, 0.22348356246948242]]",False
early_neutral,3,1578,0.47417527490836386,-1,[0],"[[-0.8783263564109802, -0.045460037887096405], [-0.22517183423042297, -0.2185712307691574], [-0.23987621068954468, -0.16112211346626282], [-0.23675581812858582, 0.04258516803383827], [-0.34413397312164307, 0.22757303714752197]]",False
early_neutral,3,1579,0.47384205264911694,-1,[0],"[[-0.8739716410636902, -0.047402240335941315], [-0.2204914093017578, -0.2246440052986145], [-0.23862789571285248, -0.16712059080600739], [-0.2313181757926941, 0.040417950600385666], [-0.3431244492530823, 0.23116275668144226]]",False
early_neutral,3,1580,0.47350883038987,-1,[0],"[[-0.8696807026863098, -0.04940367117524147], [-0.2181076854467392, -0.22991935908794403], [-0.23740646243095398, -0.17297016084194183], [-0.22714880108833313, 0.040604375302791595], [-0.3429785966873169, 0.23172220587730408]]",False
early_neutral,3,1581,0.47317560813062315,-1,[0],"[[-0.8651650547981262, -0.0516640804708004], [-0.21728573739528656, -0.2333526462316513], [-0.23621229827404022, -0.17868907749652863], [-0.2250010371208191, 0.04356811195611954], [-0.3429785966873169, 0.23172220587730408]]",False
early_neutral,3,1582,0.4728423858713762,-1,[0],"[[-0.8599461317062378, -0.05477702245116234], [-0.21518953144550323, -0.2335791140794754], [-0.23475560545921326, -0.1844414621591568], [-0.2252017855644226, 0.04689742624759674], [-0.3429785966873169, 0.23172220587730408]]",False
early_neutral,3,1583,0.4725091636121293,-1,[0],"[[-0.8545256853103638, -0.05862853303551674], [-0.21434330940246582, -0.2334458976984024], [-0.23228727281093597, -0.18863016366958618], [-0.2293577939271927, 0.048509739339351654], [-0.3429785966873169, 0.23172220587730408]]",True
early_neutral,3,1584,0.4721759413528824,-1,[0],"[[-0.8486838936805725, -0.0608552061021328], [-0.21434330940246582, -0.2334458976984024], [-0.22886183857917786, -0.1905939280986786], [-0.23549865186214447, 0.04914471507072449], [-0.3427642285823822, 0.23064307868480682]]",True
early_neutral,3,1585,0.47184271909363545,-1,[0],"[[-0.8420964479446411, -0.061817675828933716], [-0.2144881784915924, -0.23346483707427979], [-0.22381383180618286, -0.19112786650657654], [-0.24265633523464203, 0.048301056027412415], [-0.3425326347351074, 0.22779151797294617]]",True
early_neutral,3,1586,0.47150949683438853,-1,[0],"[[-0.8371943831443787, -0.061665721237659454], [-0.21341988444328308, -0.23391637206077576], [-0.21745187044143677, -0.19029487669467926], [-0.25073516368865967, 0.046747833490371704], [-0.3428572416305542, 0.22397981584072113]]",True
early_neutral,3,1587,0.4711762745751416,-1,[0],"[[-0.8330968022346497, -0.06042203679680824], [-0.2111489474773407, -0.23405452072620392], [-0.21031591296195984, -0.1886850744485855], [-0.25717732310295105, 0.045093413442373276], [-0.34371092915534973, 0.21983091533184052]]",True
early_neutral,3,1588,0.4708430523158947,-1,[0],"[[-0.8288754224777222, -0.05896321311593056], [-0.20825794339179993, -0.23365870118141174], [-0.20223961770534515, -0.18677547574043274], [-0.2622291147708893, 0.042518824338912964], [-0.34496521949768066, 0.21572533249855042]]",True
early_neutral,3,1589,0.47050983005664776,-1,[0],"[[-0.8238175511360168, -0.05758177861571312], [-0.20530736446380615, -0.23325470089912415], [-0.19359557330608368, -0.18466627597808838], [-0.26692822575569153, 0.03966144099831581], [-0.34618932008743286, 0.21266193687915802]]",True
early_neutral,3,1590,0.4701766077974009,-1,[0],"[[-0.8175952434539795, -0.05631116405129433], [-0.20178309082984924, -0.23277218639850616], [-0.1847042441368103, -0.18255487084388733], [-0.2710109055042267, 0.03643050789833069], [-0.34659361839294434, 0.21202607452869415]]",True
early_neutral,3,1591,0.46984338553815397,-1,[0],"[[-0.8114187717437744, -0.055523425340652466], [-0.19868312776088715, -0.2323990762233734], [-0.17498767375946045, -0.18034480512142181], [-0.2743391990661621, 0.032854221761226654], [-0.34659361839294434, 0.21202607452869415]]",True
early_neutral,3,1592,0.46951016327890704,-1,[0],"[[-0.8068374991416931, -0.056163907051086426], [-0.1967029869556427, -0.232160747051239], [-0.1648082286119461, -0.17814715206623077], [-0.27709439396858215, 0.02916221134364605], [-0.34659361839294434, 0.21202607452869415]]",True
early_neutral,3,1593,0.4691769410196601,-1,[0],"[[-0.8023790121078491, -0.05712392181158066], [-0.18965314328670502, -0.231130912899971], [-0.15413618087768555, -0.17601148784160614], [-0.2794307470321655, 0.025349613279104233], [-0.34659361839294434, 0.21202607452869415]]",True
early_neutral,3,1594,0.4688437187604132,-1,[0],"[[-0.7971656322479248, -0.05802417919039726], [-0.1810167282819748, -0.2302352339029312], [-0.14281609654426575, -0.1738857924938202], [-0.2813800871372223, 0.021360740065574646], [-0.34659361839294434, 0.21202607452869415]]",True
early_neutral,3,1595,0.4685104965011663,-1,[0],"[[-0.7904263138771057, -0.05887993052601814], [-0.17326620221138, -0.2286265641450882], [-0.13091030716896057, -0.17179301381111145], [-0.2830025851726532, 0.017328260466456413], [-0.34659361839294434, 0.21202607452869415]]",True
early_neutral,3,1596,0.46817727424191935,-1,[0],"[[-0.783260703086853, -0.05938605219125748], [-0.16699598729610443, -0.22646237909793854], [-0.11850105226039886, -0.1698223203420639], [-0.28437677025794983, 0.013338896445930004], [-0.3458927869796753, 0.21176092326641083]]",True
early_neutral,3,1597,0.4678440519826724,-1,[0],"[[-0.7786861062049866, -0.058102138340473175], [-0.16187958419322968, -0.22322876751422882], [-0.10570981353521347, -0.16792865097522736], [-0.2855619490146637, 0.009224160574376583], [-0.34262561798095703, 0.21060512959957123]]",True
early_neutral,3,1598,0.4675108297234255,-1,[0],"[[-0.7751902341842651, -0.055767353624105453], [-0.1563253253698349, -0.21886645257472992], [-0.09261199831962585, -0.1661337912082672], [-0.286466509103775, 0.004762609954923391], [-0.3379913568496704, 0.2091178447008133]]",True
early_neutral,3,1599,0.46717760746417863,-1,[0],"[[-0.7725911736488342, -0.05386698618531227], [-0.14999525249004364, -0.21442855894565582], [-0.07927452027797699, -0.1644335687160492], [-0.2867966294288635, -0.0005451785982586443], [-0.33267420530319214, 0.20736005902290344]]",True
early_neutral,3,1600,0.4668443852049317,-1,[0],"[[-0.7699097394943237, -0.052017372101545334], [-0.14344795048236847, -0.21017774939537048], [-0.06574816256761551, -0.16283030807971954], [-0.2863093614578247, -0.006456761620938778], [-0.32728657126426697, 0.2053804099559784]]",True
early_neutral,3,1601,0.4665111629456848,-1,[0],"[[-0.7668194770812988, -0.05002160370349884], [-0.13676506280899048, -0.20592784881591797], [-0.052072107791900635, -0.16132715344429016], [-0.28497403860092163, -0.01237201876938343], [-0.32182615995407104, 0.2031669020652771]]",True
early_neutral,3,1602,0.46617794068643786,-1,[0],"[[-0.7632350325584412, -0.04788263514637947], [-0.13000348210334778, -0.20173099637031555], [-0.03828105702996254, -0.15991000831127167], [-0.28280240297317505, -0.01818135380744934], [-0.31853485107421875, 0.20178505778312683]]",True
early_neutral,3,1603,0.46584471842719094,-1,[0],"[[-0.7595182657241821, -0.04583868011832237], [-0.12397170066833496, -0.19802097976207733], [-0.024506358429789543, -0.15858957171440125], [-0.2798430323600769, -0.02384176291525364], [-0.31845229864120483, 0.20175354182720184]]",True
early_neutral,3,1604,0.465511496167944,-1,[1],"[[-0.7563070058822632, -0.04413871094584465], [-0.117568738758564, -0.19395965337753296], [-0.011561144143342972, -0.15743179619312286], [-0.27614331245422363, -0.0293146800249815], [-0.3160589933395386, 0.2007678598165512]]",True
early_neutral,3,1605,0.4651782739086971,-1,[1],"[[-0.7547885775566101, -0.04309645667672157], [-0.11101202666759491, -0.18971216678619385], [0.0011693264823406935, -0.15637163817882538], [-0.27175021171569824, -0.034566398710012436], [-0.3124357759952545, 0.19893357157707214]]",True
early_neutral,3,1606,0.46484505164945017,-1,[1],"[[-0.7546501755714417, -0.042993515729904175], [-0.10409505665302277, -0.18522202968597412], [0.012644387781620026, -0.1547454595565796], [-0.2667592167854309, -0.039587002247571945], [-0.3079703152179718, 0.19631905853748322]]",True
early_neutral,3,1607,0.46451182939020325,-1,[1],"[[-0.7519760131835938, -0.04236371070146561], [-0.09816503524780273, -0.18133613467216492], [0.024162519723176956, -0.15385955572128296], [-0.26120153069496155, -0.04434874653816223], [-0.30307841300964355, 0.19360001385211945]]",True
early_neutral,3,1608,0.4641786071309563,-1,[1],"[[-0.7477267384529114, -0.041137780994176865], [-0.09187833219766617, -0.1772288829088211], [0.036133524030447006, -0.15371425449848175], [-0.25505173206329346, -0.04879105091094971], [-0.29831868410110474, 0.19110707938671112]]",True
early_neutral,3,1609,0.46384538487170945,-1,[0],"[[-0.7438267469406128, -0.03912506625056267], [-0.08450676500797272, -0.17243704199790955], [0.04829863831400871, -0.15382452309131622], [-0.2483311891555786, -0.05286825820803642], [-0.296907901763916, 0.1904539316892624]]",True
early_neutral,3,1610,0.46351216261246253,-1,[0],"[[-0.7448336482048035, -0.036145780235528946], [-0.07687187194824219, -0.16748560965061188], [0.061027154326438904, -0.1540428251028061], [-0.241036057472229, -0.05650117248296738], [-0.2961632013320923, 0.19024549424648285]]",True
early_neutral,3,1611,0.4631789403532156,-1,[0],"[[-0.7489641308784485, -0.033139828592538834], [-0.06873079389333725, -0.16221778094768524], [0.07393918186426163, -0.15424761176109314], [-0.23314984142780304, -0.059566669166088104], [-0.29271650314331055, 0.1893368363380432]]",True
early_neutral,3,1612,0.4628457180939687,-1,[0],"[[-0.7546504735946655, -0.029884183779358864], [-0.060139480978250504, -0.1566638946533203], [0.08710300922393799, -0.1543244570493698], [-0.22474123537540436, -0.061952415853738785], [-0.28787118196487427, 0.18816888332366943]]",True
early_neutral,3,1613,0.46251249583472176,-1,[0],"[[-0.7617398500442505, -0.026485692709684372], [-0.051172688603401184, -0.15087144076824188], [0.10050566494464874, -0.1542738378047943], [-0.21574142575263977, -0.06289558112621307], [-0.28221431374549866, 0.18692728877067566]]",True
early_neutral,3,1614,0.46217927357547484,-1,[0],"[[-0.7694982290267944, -0.023153506219387054], [-0.04227659851312637, -0.1451009064912796], [0.11416114121675491, -0.15415365993976593], [-0.20659424364566803, -0.06273142248392105], [-0.27628910541534424, 0.18574561178684235]]",True
early_neutral,3,1615,0.4618460513162279,-1,[0],"[[-0.7779003381729126, -0.01964692771434784], [-0.03415750712156296, -0.13982877135276794], [0.12801650166511536, -0.15392541885375977], [-0.19950135052204132, -0.0624021552503109], [-0.2700885534286499, 0.1846289485692978]]",True
early_neutral,3,1616,0.461512829056981,-1,[0],"[[-0.7869614362716675, -0.015943236649036407], [-0.0269244946539402, -0.1351374238729477], [0.14049868285655975, -0.15367867052555084], [-0.1932658553123474, -0.061387695372104645], [-0.26385432481765747, 0.1836405098438263]]",False
early_neutral,3,1617,0.46117960679773407,-1,[0],"[[-0.7962552309036255, -0.012189503759145737], [-0.020334722474217415, -0.13088221848011017], [0.1498698592185974, -0.15305589139461517], [-0.18807756900787354, -0.0596165731549263], [-0.2577115595340729, 0.18281464278697968]]",False
early_neutral,3,1618,0.4608463845384872,-1,[0],"[[-0.8060885071754456, -0.008255771361291409], [-0.013743467628955841, -0.12662602961063385], [0.15810526907444, -0.15065237879753113], [-0.18732737004756927, -0.05648850277066231], [-0.2513694167137146, 0.18211176991462708]]",False
early_neutral,3,1619,0.4605131622792403,-1,[0],"[[-0.8138260841369629, -0.005178873427212238], [-0.007463041227310896, -0.12264922261238098], [0.165628582239151, -0.14751356840133667], [-0.18927732110023499, -0.05261470749974251], [-0.2450004518032074, 0.18154725432395935]]",False
early_neutral,3,1620,0.46017994001999335,-1,[0],"[[-0.8195603489875793, -0.0029207526240497828], [-0.003270390210673213, -0.12022233754396439], [0.17084579169750214, -0.14610253274440765], [-0.19126257300376892, -0.047906529158353806], [-0.23876813054084778, 0.18111327290534973]]",False
early_neutral,3,1621,0.4598467177607464,-1,[0],"[[-0.8239247798919678, -0.0012315704952925444], [-0.0016641663387417793, -0.11952021718025208], [0.17660097777843475, -0.14544807374477386], [-0.1923292577266693, -0.0422787144780159], [-0.2323540449142456, 0.18078738451004028]]",False
early_neutral,3,1622,0.4595134955014995,-1,[0],"[[-0.8251101970672607, -0.0008876383653841913], [-9.526197391096503e-05, -0.1209888756275177], [0.18374860286712646, -0.14503751695156097], [-0.19153039157390594, -0.03624141588807106], [-0.2257210612297058, 0.18056440353393555]]",False
early_neutral,3,1623,0.4591802732422526,-1,[0],"[[-0.8251894116401672, -0.0008700477192178369], [0.002549913013353944, -0.12342236191034317], [0.19093750417232513, -0.1455485224723816], [-0.18691551685333252, -0.03045533038675785], [-0.21789462864398956, 0.1803741157054901]]",False
early_neutral,3,1624,0.45884705098300566,-1,[1],"[[-0.8251894116401672, -0.0008700477192178369], [0.006485958117991686, -0.12640784680843353], [0.19629798829555511, -0.14827832579612732], [-0.18046995997428894, -0.02521388791501522], [-0.2089473456144333, 0.18023507297039032]]",False
early_neutral,3,1625,0.45851382872375873,-1,[1],"[[-0.8251894116401672, -0.0008700477192178369], [0.011936834082007408, -0.12968486547470093], [0.19955144822597504, -0.1520370990037918], [-0.17368046939373016, -0.021191537380218506], [-0.19975675642490387, 0.18017065525054932]]",False
early_neutral,3,1626,0.4581806064645118,-1,[1],"[[-0.8251894116401672, -0.0008700477192178369], [0.01861216127872467, -0.1323395073413849], [0.20275560021400452, -0.15566270053386688], [-0.1660097986459732, -0.017907647415995598], [-0.19056567549705505, 0.1801854819059372]]",False
early_neutral,3,1627,0.4578473842052649,-1,[1],"[[-0.8251894116401672, -0.0008700477192178369], [0.0265037938952446, -0.1333157867193222], [0.20912697911262512, -0.15774492919445038], [-0.157798632979393, -0.015224223956465721], [-0.1813754290342331, 0.18026894330978394]]",False
early_neutral,3,1628,0.457514161946018,-1,[1],"[[-0.8251894116401672, -0.0008700477192178369], [0.03548470512032509, -0.13421115279197693], [0.21741750836372375, -0.1583055853843689], [-0.1492716670036316, -0.012996545061469078], [-0.17218631505966187, 0.1803949624300003]]",False
early_neutral,3,1629,0.4571809396867711,-1,[1],"[[-0.8251894116401672, -0.0008700477192178369], [0.04495903104543686, -0.1350950449705124], [0.2267947942018509, -0.15840266644954681], [-0.14145039021968842, -0.01135719008743763], [-0.16299781203269958, 0.1805325150489807]]",False
early_neutral,3,1630,0.45684771742752417,-1,[1],"[[-0.8252202868461609, -0.000865615380462259], [0.05530315265059471, -0.13591866195201874], [0.23705610632896423, -0.15846461057662964], [-0.13523472845554352, -0.01027744635939598], [-0.15381468832492828, 0.1803187131881714]]",False
early_neutral,3,1631,0.45651449516827725,-1,[1],"[[-0.8279847502708435, -0.0005251583061181009], [0.0646953135728836, -0.13642935454845428], [0.2466965764760971, -0.1584106981754303], [-0.12891845405101776, -0.009349235333502293], [-0.14468330144882202, 0.1796504259109497]]",False
early_neutral,3,1632,0.4561812729090303,-1,[1],"[[-0.8324235081672668, -0.00011024444393115118], [0.06927593052387238, -0.1360384225845337], [0.25129976868629456, -0.1581336110830307], [-0.12177903950214386, -0.007989300414919853], [-0.13614654541015625, 0.17778463661670685]]",False
early_neutral,3,1633,0.4558480506497834,-1,[1],"[[-0.838248074054718, 0.0002888921881094575], [0.07112641632556915, -0.1353505402803421], [0.25127556920051575, -0.15815576910972595], [-0.11379030346870422, -0.005816287361085415], [-0.1290312111377716, 0.17425695061683655]]",False
early_neutral,3,1634,0.4555148283905365,-1,[1],"[[-0.8451020121574402, 0.0007402705959975719], [0.07317667454481125, -0.1345728188753128], [0.248146191239357, -0.1589668244123459], [-0.10535939037799835, -0.003337658941745758], [-0.12292265892028809, 0.17041340470314026]]",False
early_neutral,3,1635,0.45518160613128955,-1,[1],"[[-0.8527446985244751, 0.0012306931894272566], [0.06969735026359558, -0.13157919049263], [0.24370552599430084, -0.16024017333984375], [-0.09608468413352966, -0.0013601944083347917], [-0.11886414140462875, 0.16716822981834412]]",False
early_neutral,3,1636,0.4548483838720426,-1,[1],"[[-0.8611409664154053, 0.0017541673732921481], [0.06360272318124771, -0.12814247608184814], [0.23808041214942932, -0.16202862560749054], [-0.08585373312234879, 0.0001746576454024762], [-0.11546836793422699, 0.1636555939912796]]",False
early_neutral,3,1637,0.45451516161279576,-1,[1],"[[-0.8703608512878418, 0.002249655080959201], [0.055904168635606766, -0.12491324543952942], [0.23145870864391327, -0.1643947958946228], [-0.07535064965486526, 0.0011510084150359035], [-0.11414745450019836, 0.16214394569396973]]",False
early_neutral,3,1638,0.45418193935354884,-1,[1],"[[-0.8804360628128052, 0.00266852555796504], [0.04729766026139259, -0.12153910845518112], [0.22464849054813385, -0.16692432761192322], [-0.06410207599401474, 0.0016318124253302813], [-0.11414745450019836, 0.16214394569396973]]",False
early_neutral,3,1639,0.4538487170943019,-1,[1],"[[-0.8902683854103088, 0.002986710285767913], [0.037986453622579575, -0.11789313703775406], [0.21858881413936615, -0.16858327388763428], [-0.05219412222504616, 0.0018704418325796723], [-0.11414745450019836, 0.16214394569396973]]",False
early_neutral,3,1640,0.453515494835055,-1,[1],"[[-0.8994547724723816, 0.003176433499902487], [0.0279777143150568, -0.11408799141645432], [0.21251462399959564, -0.17002564668655396], [-0.03973940759897232, 0.0020092257764190435], [-0.11414745450019836, 0.16214394569396973]]",False
early_neutral,3,1641,0.45318227257580806,-1,[1],"[[-0.9084644913673401, 0.003269793465733528], [0.0170946903526783, -0.11046735942363739], [0.2047155499458313, -0.1715073436498642], [-0.026855604723095894, 0.0020507187582552433], [-0.11389828473329544, 0.16224326193332672]]",False
early_neutral,3,1642,0.45284905031656114,-1,[1],"[[-0.9136075973510742, 0.0033242665231227875], [0.0054429988376796246, -0.1071399375796318], [0.19566798210144043, -0.17293144762516022], [-0.013638540171086788, 0.0020728902891278267], [-0.11111319065093994, 0.16342094540596008]]",False
early_neutral,3,1643,0.4525158280573142,-1,[1],"[[-0.9142648577690125, 0.003334792098030448], [-0.006161919329315424, -0.10400773584842682], [0.1867322027683258, -0.17415441572666168], [-0.00016357256390620023, 0.0020797562319785357], [-0.10720041394233704, 0.16521647572517395]]",False
early_neutral,3,1644,0.4521826057980673,-1,[1],"[[-0.9118853807449341, 0.0031435342971235514], [-0.015099376440048218, -0.10166237503290176], [0.17776359617710114, -0.17530395090579987], [0.013509877026081085, 0.0020816356409341097], [-0.10241468995809555, 0.1677044779062271]]",False
early_neutral,3,1645,0.45184938353882037,-1,[1],"[[-0.9072024822235107, 0.002846073592081666], [-0.023615246638655663, -0.09949011355638504], [0.16706708073616028, -0.17733289301395416], [0.027214933186769485, 0.002101137302815914], [-0.09772409498691559, 0.17056842148303986]]",False
early_neutral,3,1646,0.4515161612795735,-1,[1],"[[-0.9009993672370911, 0.002572019584476948], [-0.029986491426825523, -0.0977960079908371], [0.15570412576198578, -0.17980733513832092], [0.03804924711585045, 0.0021495490800589323], [-0.09387785196304321, 0.1732247918844223]]",False
early_neutral,3,1647,0.4511829390203266,-1,[1],"[[-0.893402636051178, 0.002279444132000208], [-0.035853080451488495, -0.09607759118080139], [0.1441650092601776, -0.18292714655399323], [0.046803802251815796, 0.00037861039163544774], [-0.09298504143953323, 0.1737537384033203]]",False
early_neutral,3,1648,0.45084971676107966,-1,[1],"[[-0.8845767378807068, 0.001958688022568822], [-0.04163505882024765, -0.09424170106649399], [0.13239291310310364, -0.18636338412761688], [0.05360976234078407, -0.002864765003323555], [-0.09299733489751816, 0.1737726777791977]]",False
early_neutral,3,1649,0.45051649450183273,-1,[1],"[[-0.8751953840255737, 0.0016302351141348481], [-0.04733291640877724, -0.09229763597249985], [0.12004842609167099, -0.18943525850772858], [0.059025123715400696, -0.005664896219968796], [-0.09387653321027756, 0.17548677325248718]]",False
early_neutral,3,1650,0.4501832722425858,-1,[1],"[[-0.8650762438774109, 0.0012794657377526164], [-0.052943527698516846, -0.09024959802627563], [0.10723168402910233, -0.19211357831954956], [0.06374263018369675, -0.009533310309052467], [-0.09482055902481079, 0.178310364484787]]",False
early_neutral,3,1651,0.4498500499833389,-1,[1],"[[-0.8548721075057983, 0.0009289209847338498], [-0.05841678008437157, -0.08815126866102219], [0.09407613426446915, -0.194480299949646], [0.06819859147071838, -0.013424732722342014], [-0.09531015902757645, 0.18071089684963226]]",False
early_neutral,3,1652,0.44951682772409196,-1,[1],"[[-0.8490412831306458, 0.000728815735783428], [-0.06386343389749527, -0.08596964925527573], [0.08063996583223343, -0.19650928676128387], [0.07388158142566681, -0.017842935398221016], [-0.09531757235527039, 0.1807452142238617]]",False
early_neutral,3,1653,0.44918360546484504,-1,[1],"[[-0.8484132289886475, 0.0007066082325764], [-0.06928180158138275, -0.08371227979660034], [0.06698427349328995, -0.198208749294281], [0.0813085213303566, -0.022876471281051636], [-0.09543496370315552, 0.1809193342924118]]",False
early_neutral,3,1654,0.4488503832055981,-1,[1],"[[-0.8512269258499146, 0.0007275617099367082], [-0.07494113594293594, -0.08172677457332611], [0.05315272510051727, -0.19956274330615997], [0.0888710543513298, -0.027913011610507965], [-0.0966682955622673, 0.18291231989860535]]",False
early_neutral,3,1655,0.4485171609463512,-1,[1],"[[-0.8557112216949463, 0.0007202604319900274], [-0.08094367384910583, -0.08022762835025787], [0.03918866068124771, -0.20057961344718933], [0.096923828125, -0.03321223706007004], [-0.09823296219110489, 0.18579772114753723]]",False
early_neutral,3,1656,0.4481839386871043,-1,[1],"[[-0.8615663647651672, 0.0006694361218251288], [-0.08721987158060074, -0.07917498052120209], [0.025130221620202065, -0.2012818604707718], [0.10542719066143036, -0.038780491799116135], [-0.09907015413045883, 0.18748924136161804]]",False
early_neutral,3,1657,0.4478507164278574,-1,[1],"[[-0.8684546947479248, 0.0006196442409418523], [-0.09390837699174881, -0.07841796427965164], [0.011005555279552937, -0.20165680348873138], [0.11430433392524719, -0.04457610100507736], [-0.09907015413045883, 0.18748924136161804]]",False
early_neutral,3,1658,0.4475174941686105,-1,[1],"[[-0.8761341571807861, 0.0005780623177997768], [-0.10151556879281998, -0.07795136421918869], [-0.0031574945896863937, -0.2015732377767563], [0.12373406440019608, -0.05029653385281563], [-0.09976113587617874, 0.1877172887325287]]",False
early_neutral,3,1659,0.44718427190936355,-1,[1],"[[-0.8845701217651367, 0.0005478017264977098], [-0.10985132306814194, -0.07786285877227783], [-0.017314255237579346, -0.20099274814128876], [0.1341184824705124, -0.05383702740073204], [-0.10298947244882584, 0.18885445594787598]]",False
early_neutral,3,1660,0.4468510496501166,-1,[1],"[[-0.893730640411377, 0.0005271058762446046], [-0.11910191923379898, -0.0778350755572319], [-0.03141758218407631, -0.19991165399551392], [0.14564183354377747, -0.05472860857844353], [-0.1072433590888977, 0.19048641622066498]]",False
early_neutral,3,1661,0.4465178273908697,-1,[0],"[[-0.9029217958450317, 0.0005161786102689803], [-0.1291952133178711, -0.07764389365911484], [-0.04542050138115883, -0.19832725822925568], [0.15730562806129456, -0.05385882034897804], [-0.10930662602186203, 0.19133196771144867]]",False
early_neutral,3,1662,0.4461846051316228,-1,[0],"[[-0.9121128916740417, 0.0005137372063472867], [-0.13988493382930756, -0.07731258869171143], [-0.05928794667124748, -0.19627101719379425], [0.16706052422523499, -0.050227437168359756], [-0.10937816649675369, 0.19136275351047516]]",False
early_neutral,3,1663,0.44585138287237586,-1,[0],"[[-0.9213041067123413, 0.0005164196481928229], [-0.15091468393802643, -0.07684098184108734], [-0.07303693890571594, -0.1938830316066742], [0.1747034788131714, -0.045868776738643646], [-0.11075693368911743, 0.19120199978351593]]",False
early_neutral,3,1664,0.44551816061312893,-1,[0],"[[-0.9304952621459961, 0.0005278935423120856], [-0.1625935286283493, -0.07621857523918152], [-0.08662990480661392, -0.19119302928447723], [0.1814132183790207, -0.04178166389465332], [-0.11470041424036026, 0.19094392657279968]]",False
early_neutral,3,1665,0.44518493835388206,-1,[0],"[[-0.9396858215332031, 0.0005945452721789479], [-0.17481347918510437, -0.07526195049285889], [-0.09809857606887817, -0.18878677487373352], [0.18795180320739746, -0.037578459829092026], [-0.12003996223211288, 0.19095198810100555]]",False
early_neutral,3,1666,0.44485171609463514,-1,[0],"[[-0.9488745927810669, 0.0007297091069631279], [-0.1873655915260315, -0.07366902381181717], [-0.10680246353149414, -0.18677452206611633], [0.19446277618408203, -0.03335706889629364], [-0.12639003992080688, 0.19142158329486847]]",False
early_neutral,3,1667,0.4445184938353882,-1,[0],"[[-0.9580610990524292, 0.0009203089284710586], [-0.20019389688968658, -0.07173814624547958], [-0.11539525538682938, -0.18465210497379303], [0.20097434520721436, -0.02913612872362137], [-0.13265985250473022, 0.192351296544075]]",False
early_neutral,3,1668,0.4441852715761413,-1,[0],"[[-0.9672454595565796, 0.001150375115685165], [-0.21336375176906586, -0.06993716210126877], [-0.12391810864210129, -0.18241344392299652], [0.20853963494300842, -0.026277994737029076], [-0.13889537751674652, 0.19354744255542755]]",False
early_neutral,3,1669,0.44385204931689437,-1,[0],"[[-0.9757298827171326, 0.0013958595227450132], [-0.22680801153182983, -0.06828814744949341], [-0.13237157464027405, -0.18006590008735657], [0.21736204624176025, -0.0256203580647707], [-0.1450478732585907, 0.19482877850532532]]",False
early_neutral,3,1670,0.44351882705764745,-1,[0],"[[-0.9803099036216736, 0.0015632056165486574], [-0.24049079418182373, -0.06688491255044937], [-0.14080549776554108, -0.1776886284351349], [0.2252153903245926, -0.025615444406867027], [-0.15053397417068481, 0.1949063241481781]]",False
early_neutral,3,1671,0.4431856047984005,-1,[0],"[[-0.9838437438011169, 0.0017256439896300435], [-0.25343042612075806, -0.06571892648935318], [-0.14923471212387085, -0.17530429363250732], [0.22761133313179016, -0.025638727471232414], [-0.15668587386608124, 0.19388876855373383]]",False
early_neutral,3,1672,0.4428523825391536,-1,[0],"[[-0.9847673177719116, 0.0017626660410314798], [-0.26222947239875793, -0.06470051407814026], [-0.15561211109161377, -0.17344841361045837], [0.2272319793701172, -0.025567416101694107], [-0.16392967104911804, 0.19286760687828064]]",False
early_neutral,3,1673,0.4425191602799067,-1,[0],"[[-0.9851188063621521, 0.0017673554830253124], [-0.26521533727645874, -0.06426487118005753], [-0.15690037608146667, -0.17304615676403046], [0.22366070747375488, -0.024875596165657043], [-0.17221024632453918, 0.1913464069366455]]",False
early_neutral,3,1674,0.4421859380206598,-1,[0],"[[-0.9851305484771729, 0.001767310663126409], [-0.26727786660194397, -0.0645587146282196], [-0.15750421583652496, -0.17269428074359894], [0.2186187356710434, -0.023852301761507988], [-0.18110685050487518, 0.1893906146287918]]",False
early_neutral,3,1675,0.4418527157614129,-1,[0],"[[-0.9851305484771729, 0.001767310663126409], [-0.27145999670028687, -0.06489937007427216], [-0.16039350628852844, -0.17118482291698456], [0.21223677694797516, -0.02251465432345867], [-0.19077470898628235, 0.18726672232151031]]",False
early_neutral,3,1676,0.44151949350216596,-1,[0],"[[-0.9851305484771729, 0.001767310663126409], [-0.27703508734703064, -0.06500686705112457], [-0.1646280586719513, -0.16929891705513], [0.20461149513721466, -0.020926786586642265], [-0.20119887590408325, 0.18502721190452576]]",False
early_neutral,3,1677,0.44118627124291904,-1,[0],"[[-0.9851305484771729, 0.001767310663126409], [-0.2839965522289276, -0.06506166607141495], [-0.1698158085346222, -0.16746416687965393], [0.19594557583332062, -0.019138792529702187], [-0.21231621503829956, 0.1827000379562378]]",False
early_neutral,3,1678,0.4408530489836721,-1,[0],"[[-0.9851305484771729, 0.001767310663126409], [-0.2922244369983673, -0.06508319824934006], [-0.17539608478546143, -0.16600747406482697], [0.18684646487236023, -0.01729031465947628], [-0.22405269742012024, 0.18036775290966034]]",False
early_neutral,3,1679,0.4405198267244252,-1,[0],"[[-0.9851305484771729, 0.001767310663126409], [-0.3013613522052765, -0.0650872141122818], [-0.18159577250480652, -0.16489678621292114], [0.17693859338760376, -0.01530896220356226], [-0.23628318309783936, 0.17804688215255737]]",False
early_neutral,3,1680,0.44018660446517827,-1,[0],"[[-0.9851305484771729, 0.001767310663126409], [-0.31055253744125366, -0.06508906185626984], [-0.18850594758987427, -0.16402196884155273], [0.16664651036262512, -0.013288737274706364], [-0.24888908863067627, 0.17571428418159485]]",False
early_neutral,3,1681,0.43985338220593134,-1,[0],"[[-0.9851305484771729, 0.001767310663126409], [-0.31974372267723083, -0.06508930027484894], [-0.19669348001480103, -0.1631617546081543], [0.15604375302791595, -0.011249946430325508], [-0.2617933750152588, 0.17339104413986206]]",False
early_neutral,3,1682,0.4395201599466844,-1,[0],"[[-0.9851305484771729, 0.001767310663126409], [-0.328934907913208, -0.0650893822312355], [-0.20588675141334534, -0.16231000423431396], [0.14480547606945038, -0.009125296026468277], [-0.2749296724796295, 0.1710813194513321]]",False
early_neutral,3,1683,0.4391869376874375,-1,[0],"[[-0.9851305484771729, 0.001767310663126409], [-0.3381260633468628, -0.0650894045829773], [-0.21585334837436676, -0.16110850870609283], [0.1329951286315918, -0.00693124532699585], [-0.2882513403892517, 0.16880139708518982]]",False
early_neutral,3,1684,0.4388537154281906,-1,[0],"[[-0.9851305484771729, 0.001767310663126409], [-0.34731724858283997, -0.0650894045829773], [-0.22646771371364594, -0.15948280692100525], [0.12071463465690613, -0.004708282183855772], [-0.3017215430736542, 0.16656292974948883]]",False
early_neutral,3,1685,0.4385204931689437,-1,[0],"[[-0.9851305484771729, 0.001767310663126409], [-0.35650843381881714, -0.0650894045829773], [-0.23768508434295654, -0.1575508564710617], [0.10806981474161148, -0.0024554836563766003], [-0.31531551480293274, 0.16438519954681396]]",False
early_neutral,3,1686,0.4381872709096968,-1,[0],"[[-0.9851305484771729, 0.001767310663126409], [-0.3656996488571167, -0.0650894045829773], [-0.24939070641994476, -0.15532222390174866], [0.09513925015926361, -0.00018725590780377388], [-0.32900866866111755, 0.16226936876773834]]",False
early_neutral,3,1687,0.43785404865044986,-1,[0],"[[-0.9851305484771729, 0.001767310663126409], [-0.3748908042907715, -0.0650894045829773], [-0.2614872455596924, -0.15287864208221436], [0.08198577910661697, 0.002086341381072998], [-0.34277957677841187, 0.16020938754081726]]",False
early_neutral,3,1688,0.43752082639120293,-1,[0],"[[-0.984737753868103, 0.001793258124962449], [-0.38408198952674866, -0.0650894045829773], [-0.2740236222743988, -0.15055935084819794], [0.06865552067756653, 0.004349695518612862], [-0.3566138446331024, 0.1582062691450119]]",False
early_neutral,3,1689,0.437187604131956,-1,[0],"[[-0.9810135364532471, 0.0020598454866558313], [-0.39327317476272583, -0.0650894045829773], [-0.28673505783081055, -0.1484569013118744], [0.0551864430308342, 0.006595691666007042], [-0.3704954981803894, 0.1562458723783493]]",False
early_neutral,3,1690,0.4368543818727091,-1,[0],"[[-0.9756999015808105, 0.0024898783303797245], [-0.4024643301963806, -0.0650894045829773], [-0.29686805605888367, -0.1471187025308609], [0.04160820692777634, 0.00881963036954403], [-0.38441362977027893, 0.15432041883468628]]",False
early_neutral,3,1691,0.43652115961346216,-1,[0],"[[-0.9689385890960693, 0.0030703467782586813], [-0.4116555154323578, -0.0650894045829773], [-0.30601218342781067, -0.1465293914079666], [0.027943501248955727, 0.011017386801540852], [-0.39834797382354736, 0.1523866355419159]]",False
early_neutral,3,1692,0.43618793735421524,-1,[0],"[[-0.9608490467071533, 0.0037047527730464935], [-0.42084670066833496, -0.0650894045829773], [-0.3151986598968506, -0.14648891985416412], [0.014207486994564533, 0.013179806061089039], [-0.41225725412368774, 0.15033631026744843]]",False
early_neutral,3,1693,0.43585471509496837,-1,[0],"[[-0.9517168402671814, 0.004350192379206419], [-0.42966800928115845, -0.06446896493434906], [-0.32433754205703735, -0.14709800481796265], [0.0004108556895516813, 0.01529695838689804], [-0.4261293411254883, 0.14815305173397064]]",False
early_neutral,3,1694,0.43552149283572145,-1,[0],"[[-0.9421615600585938, 0.005004099104553461], [-0.43703532218933105, -0.06153140962123871], [-0.333366721868515, -0.1482134312391281], [-0.013436304405331612, 0.017366010695695877], [-0.43989744782447815, 0.14568856358528137]]",False
early_neutral,3,1695,0.4351882705764745,-1,[0],"[[-0.9317449331283569, 0.005709491670131683], [-0.44362327456474304, -0.057380661368370056], [-0.34244439005851746, -0.14914709329605103], [-0.02732754871249199, 0.01938081532716751], [-0.45352643728256226, 0.14290285110473633]]",False
early_neutral,3,1696,0.4348550483172276,-1,[0],"[[-0.9209712147712708, 0.0064321584068238735], [-0.4501359164714813, -0.053160350769758224], [-0.3515889644622803, -0.14980320632457733], [-0.04125675559043884, 0.02133965864777565], [-0.4670308530330658, 0.1398606151342392]]",False
early_neutral,3,1697,0.4345218260579807,-1,[0],"[[-0.9098308682441711, 0.007173731457442045], [-0.456640362739563, -0.04893471300601959], [-0.3613726496696472, -0.15003226697444916], [-0.05521857738494873, 0.023242982104420662], [-0.480440229177475, 0.13663892447948456]]",False
early_neutral,3,1698,0.43418860379873375,-1,[0],"[[-0.8980677127838135, 0.007965994998812675], [-0.46314021944999695, -0.04470604285597801], [-0.37197211384773254, -0.14972169697284698], [-0.06920885294675827, 0.025090888142585754], [-0.4937581717967987, 0.13325579464435577]]",False
early_neutral,3,1699,0.43385538153948683,-1,[0],"[[-0.8857897520065308, 0.00897793285548687], [-0.46963968873023987, -0.04047716408967972], [-0.3832269310951233, -0.1488804817199707], [-0.08322393149137497, 0.0268848966807127], [-0.5070310235023499, 0.12979504466056824]]",False
early_neutral,3,1700,0.4335221592802399,-1,[0],"[[-0.8731452226638794, 0.010318049229681492], [-0.47613897919654846, -0.03624812513589859], [-0.3950258493423462, -0.14755840599536896], [-0.09725994616746902, 0.02862956002354622], [-0.520264744758606, 0.12626883387565613]]",False
early_neutral,3,1701,0.433188937020993,-1,[0],"[[-0.860219419002533, 0.011879893951117992], [-0.4826382100582123, -0.03201906755566597], [-0.4069320261478424, -0.14565911889076233], [-0.11131473630666733, 0.030325576663017273], [-0.533488929271698, 0.12272530049085617]]",False
early_neutral,3,1702,0.43285571476174606,-1,[0],"[[-0.8470972180366516, 0.013656901195645332], [-0.4891373813152313, -0.02778998203575611], [-0.41629835963249207, -0.14390605688095093], [-0.1253841668367386, 0.031982142478227615], [-0.5467203855514526, 0.11919200420379639]]",False
early_neutral,3,1703,0.4325224925024992,-1,[0],"[[-0.8338394165039062, 0.015625925734639168], [-0.49563661217689514, -0.02356092818081379], [-0.42502230405807495, -0.14202438294887543], [-0.13946646451950073, 0.033601827919483185], [-0.559963047504425, 0.11567556113004684]]",False
early_neutral,3,1704,0.43218927024325227,-1,[0],"[[-0.8204976916313171, 0.017780808731913567], [-0.5021358132362366, -0.01933184452354908], [-0.4337008595466614, -0.1400548815727234], [-0.1535603255033493, 0.03518618643283844], [-0.5732266902923584, 0.11219200491905212]]",False
early_neutral,3,1705,0.43185604798400534,-1,[0],"[[-0.8071117997169495, 0.020114120095968246], [-0.5086349248886108, -0.015102713368833065], [-0.44240447878837585, -0.13813285529613495], [-0.16766449809074402, 0.03673713281750679], [-0.5864631533622742, 0.10866671800613403]]",False
early_neutral,3,1706,0.4315228257247584,-1,[0],"[[-0.7943363785743713, 0.022451430559158325], [-0.5151339769363403, -0.010873583145439625], [-0.4511946141719818, -0.13609512150287628], [-0.18177956342697144, 0.038250137120485306], [-0.5990047454833984, 0.10420697927474976]]",False
early_neutral,3,1707,0.4311896034655115,-1,[0],"[[-0.7852116823196411, 0.023944910615682602], [-0.5216331481933594, -0.0066444906406104565], [-0.46028661727905273, -0.13318848609924316], [-0.19591045379638672, 0.03970278427004814], [-0.6104472279548645, 0.09863445162773132]]",False
early_neutral,3,1708,0.43085638120626457,-1,[0],"[[-0.7807359099388123, 0.024305859580636024], [-0.5281323790550232, -0.002415430499240756], [-0.46939197182655334, -0.12929299473762512], [-0.21005699038505554, 0.04109236225485802], [-0.6212406158447266, 0.09252645075321198]]",False
early_neutral,3,1709,0.43052315894701765,-1,[0],"[[-0.7758517265319824, 0.024515079334378242], [-0.5346315503120422, 0.001813658862374723], [-0.4786577522754669, -0.12474921345710754], [-0.22421327233314514, 0.042441364377737045], [-0.6321375966072083, 0.08649669587612152]]",False
early_neutral,3,1710,0.4301899366877707,-1,[0],"[[-0.76946622133255, 0.024846641346812248], [-0.5411306619644165, 0.006042797118425369], [-0.4880724847316742, -0.11970584094524384], [-0.23837608098983765, 0.04376266151666641], [-0.643133819103241, 0.0805436447262764]]",False
early_neutral,3,1711,0.4298567144285238,-1,[0],"[[-0.7619339823722839, 0.025289634242653847], [-0.5476297736167908, 0.010271923616528511], [-0.4976159334182739, -0.11428797990083694], [-0.25254613161087036, 0.045052360743284225], [-0.6542134881019592, 0.07465650141239166]]",False
early_neutral,3,1712,0.42952349216927693,-1,[0],"[[-0.7541424632072449, 0.02575102634727955], [-0.5541289448738098, 0.014501001685857773], [-0.5076952576637268, -0.10891272127628326], [-0.266725093126297, 0.046300921589136124], [-0.6653740406036377, 0.06883415579795837]]",False
early_neutral,3,1713,0.42919026991003,-1,[0],"[[-0.7480080723762512, 0.026022495701909065], [-0.5606281757354736, 0.01873006857931614], [-0.5182650685310364, -0.10367801785469055], [-0.2809127867221832, 0.04750743880867958], [-0.6763530373573303, 0.06294512003660202]]",False
early_neutral,3,1714,0.4288570476507831,-1,[0],"[[-0.7398258447647095, 0.025795213878154755], [-0.5671457648277283, 0.022950029000639915], [-0.526986300945282, -0.09942791610956192], [-0.2951100170612335, 0.04866604506969452], [-0.6844667792320251, 0.056413184851408005]]",False
early_neutral,3,1715,0.42852382539153616,-1,[0],"[[-0.7283202409744263, 0.02559775859117508], [-0.5739843845367432, 0.02584915980696678], [-0.5326036810874939, -0.09669040143489838], [-0.3093167245388031, 0.04977502301335335], [-0.6890908479690552, 0.04964569956064224]]",False
early_neutral,3,1716,0.42819060313228924,-1,[0],"[[-0.720272421836853, 0.02580987475812435], [-0.5772422552108765, 0.027075007557868958], [-0.5366047620773315, -0.09474055469036102], [-0.32353079319000244, 0.05084262043237686], [-0.6924178600311279, 0.04426528140902519]]",False
early_neutral,3,1717,0.4278573808730423,-1,[0],"[[-0.7166070938110352, 0.025517797097563744], [-0.5775866508483887, 0.027204815298318863], [-0.5385640859603882, -0.0937853530049324], [-0.33767902851104736, 0.0518818274140358], [-0.6950454115867615, 0.039168134331703186]]",False
early_neutral,3,1718,0.4275241586137954,-1,[0],"[[-0.7158751487731934, 0.025032883509993553], [-0.5799580216407776, 0.0282191913574934], [-0.5370510220527649, -0.09450433403253555], [-0.3512828052043915, 0.051749300211668015], [-0.6968393325805664, 0.03497067466378212]]",False
early_neutral,3,1719,0.42719093635454847,-1,[0],"[[-0.7160254120826721, 0.02508602850139141], [-0.583627462387085, 0.030042216181755066], [-0.5339287519454956, -0.09608084708452225], [-0.36322659254074097, 0.04924582690000534], [-0.6976332664489746, 0.032926999032497406]]",False
early_neutral,3,1720,0.42685771409530154,-1,[0],"[[-0.7161433696746826, 0.025254011154174805], [-0.5880874991416931, 0.03271528705954552], [-0.5298353433609009, -0.09824866056442261], [-0.374830961227417, 0.045691538602113724], [-0.6975383162498474, 0.03303602710366249]]",False
early_neutral,3,1721,0.4265244918360547,-1,[0],"[[-0.7159761190414429, 0.02540736086666584], [-0.5927712917327881, 0.03648781776428223], [-0.5247280597686768, -0.10097265243530273], [-0.3865335285663605, 0.04176052659749985], [-0.6954818367958069, 0.03439756855368614]]",False
early_neutral,3,1722,0.42619126957680775,-1,[0],"[[-0.715904951095581, 0.02541077695786953], [-0.5970461368560791, 0.04141369089484215], [-0.5188655257225037, -0.10411547869443893], [-0.39825281500816345, 0.0374881885945797], [-0.6920921206474304, 0.03609425574541092]]",False
early_neutral,3,1723,0.42585804731756083,-1,[0],"[[-0.7158377766609192, 0.025314223021268845], [-0.6011367440223694, 0.04715805873274803], [-0.5124537944793701, -0.10756492614746094], [-0.4098334014415741, 0.0335223563015461], [-0.6869285106658936, 0.037035852670669556]]",False
early_neutral,3,1724,0.4255248250583139,-1,[0],"[[-0.715826690196991, 0.02511085756123066], [-0.6050430536270142, 0.053567443042993546], [-0.5050719976425171, -0.11117727309465408], [-0.42048072814941406, 0.030217455700039864], [-0.679931104183197, 0.03636862337589264]]",False
early_neutral,3,1725,0.425191602799067,-1,[0],"[[-0.7149640917778015, 0.02512776479125023], [-0.6080052852630615, 0.060229722410440445], [-0.4966229796409607, -0.1147283986210823], [-0.42962419986724854, 0.027443047612905502], [-0.6720513701438904, 0.03500219061970711]]",False
early_neutral,3,1726,0.42485838053982006,-1,[0],"[[-0.7129565477371216, 0.025447048246860504], [-0.6096702218055725, 0.0673135370016098], [-0.4878413677215576, -0.11841222643852234], [-0.4380345344543457, 0.02442183718085289], [-0.6634001135826111, 0.03507145866751671]]",False
early_neutral,3,1727,0.42452515828057313,-1,[0],"[[-0.7144525647163391, 0.024997135624289513], [-0.610342264175415, 0.07491138577461243], [-0.47961947321891785, -0.1228378638625145], [-0.4459756016731262, 0.021461667492985725], [-0.6541489362716675, 0.03551110252737999]]",False
early_neutral,3,1728,0.4241919360213262,-1,[0],"[[-0.7184948921203613, 0.02431868389248848], [-0.6117400527000427, 0.0828595981001854], [-0.4716898798942566, -0.12813638150691986], [-0.4542262554168701, 0.018298093229532242], [-0.6440662145614624, 0.035339150577783585]]",False
early_neutral,3,1729,0.4238587137620793,-1,[0],"[[-0.7239983081817627, 0.023729484528303146], [-0.6145418286323547, 0.09097156673669815], [-0.4634706377983093, -0.13381928205490112], [-0.46225225925445557, 0.014561839401721954], [-0.6333519220352173, 0.034526970237493515]]",False
early_neutral,3,1730,0.42352549150283236,-1,[0],"[[-0.7309057712554932, 0.02305951528251171], [-0.6177504062652588, 0.09927618503570557], [-0.45482808351516724, -0.13970014452934265], [-0.47037142515182495, 0.01005890779197216], [-0.6228446364402771, 0.03374570235610008]]",False
early_neutral,3,1731,0.4231922692435855,-1,[0],"[[-0.7385501265525818, 0.02238665521144867], [-0.620612621307373, 0.10782870650291443], [-0.4472353458404541, -0.14494556188583374], [-0.4779961109161377, 0.005105130840092897], [-0.6154167652130127, 0.03290305659174919]]",False
early_neutral,3,1732,0.42285904698433857,-1,[0],"[[-0.7470238208770752, 0.021715978160500526], [-0.622922956943512, 0.11657266318798065], [-0.4431820213794708, -0.14789161086082458], [-0.485385000705719, -0.0002945253800135106], [-0.609774649143219, 0.03204866498708725]]",False
early_neutral,3,1733,0.42252582472509165,-1,[0],"[[-0.7562888264656067, 0.021029086783528328], [-0.6223339438438416, 0.1251927614212036], [-0.44237786531448364, -0.14775477349758148], [-0.49275442957878113, -0.006223864387720823], [-0.6050703525543213, 0.031788136810064316]]",False
early_neutral,3,1734,0.4221926024658447,-1,[0],"[[-0.7664116024971008, 0.020313438028097153], [-0.6192551851272583, 0.13330727815628052], [-0.44105756282806396, -0.14550289511680603], [-0.49916359782218933, -0.011790926568210125], [-0.5980880260467529, 0.031131088733673096]]",False
early_neutral,3,1735,0.4218593802065978,-1,[0],"[[-0.7770171165466309, 0.019470779225230217], [-0.6159718036651611, 0.13954675197601318], [-0.43965113162994385, -0.14229586720466614], [-0.5066555142402649, -0.015642385929822922], [-0.5912262797355652, 0.030181944370269775]]",False
early_neutral,3,1736,0.4215261579473509,-1,[0],"[[-0.7879430651664734, 0.01831226609647274], [-0.6105049252510071, 0.14434398710727692], [-0.44103026390075684, -0.13957901298999786], [-0.5141105651855469, -0.01847965084016323], [-0.5852132439613342, 0.02925276756286621]]",False
early_neutral,3,1737,0.42119293568810395,-1,[0],"[[-0.7994380593299866, 0.016832385212183], [-0.6048277020454407, 0.14907248318195343], [-0.4460594654083252, -0.1390177607536316], [-0.5182409882545471, -0.020071733742952347], [-0.5791242718696594, 0.028402771800756454]]",False
early_neutral,3,1738,0.42085971342885703,-1,[0],"[[-0.8114495873451233, 0.01514559704810381], [-0.5989538431167603, 0.15427042543888092], [-0.4520202875137329, -0.1403094232082367], [-0.5217934250831604, -0.021560287103056908], [-0.5746614336967468, 0.028622232377529144]]",False
early_neutral,3,1739,0.4205264911696101,-1,[0],"[[-0.8238428235054016, 0.013217003084719181], [-0.592721164226532, 0.1598319113254547], [-0.45689481496810913, -0.14400134980678558], [-0.5241163969039917, -0.022617565467953682], [-0.5725007057189941, 0.030245674774050713]]",False
early_neutral,3,1740,0.42019326891036324,-1,[0],"[[-0.8365054130554199, 0.011048054322600365], [-0.5856671929359436, 0.1650969684123993], [-0.4605751931667328, -0.14909334480762482], [-0.525219738483429, -0.02315191552042961], [-0.5719436407089233, 0.03287889063358307]]",True
early_neutral,3,1741,0.4198600466511163,-1,[0],"[[-0.8492993712425232, 0.008538403548300266], [-0.57742840051651, 0.17026062309741974], [-0.46353796124458313, -0.15475252270698547], [-0.5254112482070923, -0.02327861078083515], [-0.5734050869941711, 0.03627936914563179]]",True
early_neutral,3,1742,0.4195268243918694,-1,[0],"[[-0.862209677696228, 0.0058235288597643375], [-0.5678256750106812, 0.17465545237064362], [-0.46565112471580505, -0.16057083010673523], [-0.5254112482070923, -0.02327861078083515], [-0.5761095285415649, 0.04010174050927162]]",True
early_neutral,3,1743,0.41919360213262247,-1,[0],"[[-0.8754387497901917, 0.003452310571447015], [-0.5572935938835144, 0.17616653442382812], [-0.4669088125228882, -0.16530939936637878], [-0.5255672931671143, -0.02332235872745514], [-0.5767219066619873, 0.04431171715259552]]",True
early_neutral,3,1744,0.41886037987337554,-1,[0],"[[-0.8888505697250366, 0.0014854182954877615], [-0.5461610555648804, 0.17527097463607788], [-0.46782833337783813, -0.16945292055606842], [-0.5254553556442261, -0.02301754616200924], [-0.5766873955726624, 0.048523999750614166]]",True
early_neutral,3,1745,0.4185271576141286,-1,[0],"[[-0.8997936248779297, -2.7055944883613847e-05], [-0.535711944103241, 0.17221680283546448], [-0.4686025083065033, -0.17360904812812805], [-0.5250893831253052, -0.02255307510495186], [-0.5761734247207642, 0.05269354209303856]]",True
early_neutral,3,1746,0.4181939353548817,-1,[0],"[[-0.9087767601013184, -0.0012923178728669882], [-0.5273730754852295, 0.16702871024608612], [-0.46928974986076355, -0.1777716726064682], [-0.5245785713195801, -0.0222844909876585], [-0.5747334957122803, 0.05677016079425812]]",True
early_neutral,3,1747,0.4178607130956348,-1,[0],"[[-0.9161481261253357, -0.0024093438405543566], [-0.5217195749282837, 0.16317258775234222], [-0.4698861837387085, -0.18191950023174286], [-0.5239700675010681, -0.022111158818006516], [-0.5715451836585999, 0.060370367020368576]]",False
early_neutral,3,1748,0.41752749083638785,-1,[0],"[[-0.9205582737922668, -0.0032949689775705338], [-0.5200510621070862, 0.16203449666500092], [-0.4699150025844574, -0.1841285675764084], [-0.5231575965881348, -0.0219512190669775], [-0.5650879740715027, 0.06267502903938293]]",False
early_neutral,3,1749,0.4171942685771409,-1,[0],"[[-0.9235302805900574, -0.0035040921065956354], [-0.519988477230072, 0.16064748167991638], [-0.46982285380363464, -0.1845588982105255], [-0.5223450064659119, -0.021791275590658188], [-0.5569115877151489, 0.06403577327728271]]",False
early_neutral,3,1750,0.41686104631789406,-1,[0],"[[-0.9240086674690247, -0.002189343562349677], [-0.5196881294250488, 0.15781418979167938], [-0.47041478753089905, -0.1835586577653885], [-0.5215933918952942, -0.021643327549099922], [-0.5514193773269653, 0.06647250801324844]]",False
early_neutral,3,1751,0.41652782405864713,-1,[0],"[[-0.9238668084144592, -0.0007256256067194045], [-0.51902836561203, 0.15403078496456146], [-0.4719729423522949, -0.18091288208961487], [-0.52132648229599, -0.021590784192085266], [-0.5501992702484131, 0.07048019021749496]]",False
early_neutral,3,1752,0.4161946017994002,-1,[0],"[[-0.9238668084144592, -0.0007256256067194045], [-0.5181636214256287, 0.1493380218744278], [-0.47405049204826355, -0.17737528681755066], [-0.52132648229599, -0.021590784192085266], [-0.54998779296875, 0.07524850964546204]]",False
early_neutral,3,1753,0.4158613795401533,-1,[0],"[[-0.9238668084144592, -0.0007256256067194045], [-0.5171340703964233, 0.143827885389328], [-0.47664105892181396, -0.1730208545923233], [-0.52132648229599, -0.021590784192085266], [-0.5501030087471008, 0.08079934120178223]]",False
early_neutral,3,1754,0.41552815728090636,-1,[0],"[[-0.9238668084144592, -0.0007256256067194045], [-0.5158159136772156, 0.13784538209438324], [-0.4797329306602478, -0.1679443120956421], [-0.52132648229599, -0.021590784192085266], [-0.5506622195243835, 0.08689611405134201]]",False
early_neutral,3,1755,0.41519493502165944,-1,[0],"[[-0.9238668084144592, -0.0007256256067194045], [-0.5140632390975952, 0.13137581944465637], [-0.4833318293094635, -0.16226352751255035], [-0.52132648229599, -0.021590784192085266], [-0.5518741607666016, 0.09348702430725098]]",False
early_neutral,3,1756,0.4148617127624125,-1,[0],"[[-0.9238668084144592, -0.0007256256067194045], [-0.5118100643157959, 0.1246161013841629], [-0.4874996840953827, -0.15612326562404633], [-0.5231703519821167, -0.021531114354729652], [-0.553822934627533, 0.10051394999027252]]",False
early_neutral,3,1757,0.4145284905031656,-1,[0],"[[-0.9238668084144592, -0.0007256256067194045], [-0.5087113976478577, 0.11776198446750641], [-0.49221569299697876, -0.14961373805999756], [-0.5275601148605347, -0.02133966237306595], [-0.55674809217453, 0.10786417126655579]]",False
early_neutral,3,1758,0.41419526824391867,-1,[0],"[[-0.9248455762863159, -0.0005979934940114617], [-0.5047428011894226, 0.11063017696142197], [-0.4976003170013428, -0.14282500743865967], [-0.5334115624427795, -0.02099550887942314], [-0.5615812540054321, 0.11519168317317963]]",False
early_neutral,3,1759,0.4138620459846718,-1,[0],"[[-0.9277389049530029, -0.00023741119366604835], [-0.500474214553833, 0.10315132141113281], [-0.5039381980895996, -0.1359628587961197], [-0.5406295657157898, -0.020534491166472435], [-0.5679528713226318, 0.12236715853214264]]",False
early_neutral,3,1760,0.4135288237254249,-2,[0],"[[-1.0110293626785278, -0.0], [0.0, 0.02032535709440708], [0.0, -0.02032535709440708], [-0.10110294073820114, -0.10162678360939026], [-0.10110294073820114, 0.10162678360939026]]",False
early_neutral,3,1761,0.41319560146617795,-2,[0],"[[-1.0110293626785278, -0.0], [4.5794260050691094e-10, 0.019236363470554352], [9.089549712371081e-05, -0.02038511633872986], [-0.10110294073820114, -0.10162678360939026], [-0.10110294073820114, 0.10162678360939026]]",False
early_neutral,3,1762,0.41286237920693103,-2,[0],"[[-1.0085963010787964, 1.817148861937845e-11], [1.2695121620609484e-09, 0.016369277611374855], [0.002208974678069353, -0.021829748526215553], [-0.09870301187038422, -0.10125800222158432], [-0.10068520903587341, 0.10295305401086807]]",False
early_neutral,3,1763,0.4125291569476841,-2,[0],"[[-1.003859281539917, 3.95028523780816e-11], [1.5924040974724107e-09, 0.012622148729860783], [0.0052432045340538025, -0.024005582556128502], [-0.09438565373420715, -0.10051506757736206], [-0.09988810122013092, 0.10564114153385162]]",False
early_neutral,3,1764,0.4121959346884372,-2,[0],"[[-0.9976147413253784, -1.5356217686335327e-10], [1.9718082722164354e-09, 0.008506478741765022], [0.008764853700995445, -0.0264920461922884], [-0.08864402025938034, -0.09993507713079453], [-0.09888143837451935, 0.10918807983398438]]",False
early_neutral,3,1765,0.41186271242919026,-2,[0],"[[-0.9899826049804688, -6.993356449491728e-10], [2.309617608275971e-09, 0.005350019317120314], [0.012780769728124142, -0.029184365645051003], [-0.08199594169855118, -0.10158197581768036], [-0.09753987193107605, 0.11336623132228851]]",True
early_neutral,3,1766,0.41152949016994333,-2,[0],"[[-0.9811272621154785, -9.445285664710923e-10], [2.384018760182016e-09, 0.004663730971515179], [0.017100686207413673, -0.030863257125020027], [-0.07532704621553421, -0.10482657700777054], [-0.09580793976783752, 0.11810571700334549]]",True
early_neutral,3,1767,0.4111962679106964,-2,[0],"[[-0.9717321395874023, -1.13344100771684e-09], [2.384018760182016e-09, 0.004663730971515179], [0.022833960130810738, -0.0315699502825737], [-0.06840288639068604, -0.10880843549966812], [-0.0937165766954422, 0.12320256233215332]]",True
early_neutral,3,1768,0.41086304565144954,-2,[0],"[[-0.9615996479988098, -1.2475477317863692e-09], [2.384018760182016e-09, 0.004663730971515179], [0.028719034045934677, -0.032736726105213165], [-0.0612112395465374, -0.11339496821165085], [-0.09221711754798889, 0.1290428340435028]]",True
early_neutral,3,1769,0.4105298233922026,-2,[0],"[[-0.9507838487625122, -1.3892964556561083e-09], [2.384018760182016e-09, 0.004663730971515179], [0.03577699884772301, -0.034064676612615585], [-0.053739652037620544, -0.11827024072408676], [-0.09345778077840805, 0.1354687511920929]]",True
early_neutral,3,1770,0.4101966011329557,-2,[0],"[[-0.939845621585846, -1.5299627120768378e-09], [2.384018760182016e-09, 0.004663730971515179], [0.04391098394989967, -0.035499367862939835], [-0.04573683813214302, -0.12315459549427032], [-0.09588418900966644, 0.1421751230955124]]",True
early_neutral,3,1771,0.4098633788737088,-2,[0],"[[-0.9282621741294861, -1.5507345407783646e-09], [2.384018760182016e-09, 0.004663730971515179], [0.05304455757141113, -0.03702297434210777], [-0.037035852670669556, -0.12817488610744476], [-0.09876952320337296, 0.14897961914539337]]",True
early_neutral,3,1772,0.40953015661446185,-2,[0],"[[-0.9160943031311035, -2.2145978384457976e-09], [2.384018760182016e-09, 0.004663730971515179], [0.06308434158563614, -0.03859957307577133], [-0.027745502069592476, -0.13333892822265625], [-0.10220542550086975, 0.15612459182739258]]",True
early_neutral,3,1773,0.4091969343552149,-2,[0],"[[-0.9034450650215149, -2.6621602700060976e-09], [2.384018760182016e-09, 0.004663730971515179], [0.07247774302959442, -0.040015581995248795], [-0.017876043915748596, -0.1385355293750763], [-0.10602965950965881, 0.16359937191009521]]",True
early_neutral,3,1774,0.408863712095968,-2,[0],"[[-0.8904234170913696, -3.2006626238256786e-09], [2.384018760182016e-09, 0.004663730971515179], [0.08163517713546753, -0.041325315833091736], [-0.007607697043567896, -0.14379745721817017], [-0.11025971919298172, 0.17132893204689026]]",True
early_neutral,3,1775,0.4085304898367211,-2,[0],"[[-0.877115786075592, -3.733321207732843e-09], [2.384018760182016e-09, 0.004663730971515179], [0.09087849408388138, -0.04253160580992699], [0.0029209672939032316, -0.14914977550506592], [-0.11483657360076904, 0.17924897372722626]]",True
early_neutral,3,1776,0.40819726757747415,-2,[0],"[[-0.8637861013412476, -3.601661191510175e-09], [2.384018760182016e-09, 0.004663730971515179], [0.10023749619722366, -0.0434897243976593], [0.013639469631016254, -0.15458114445209503], [-0.11966076493263245, 0.18732066452503204]]",True
early_neutral,3,1777,0.40786404531822723,-2,[0],"[[-0.8527792692184448, -3.877234977522903e-09], [2.384018760182016e-09, 0.004663730971515179], [0.10972212255001068, -0.044181156903505325], [0.024416372179985046, -0.16014567017555237], [-0.12464035302400589, 0.1953800618648529]]",True
early_neutral,3,1778,0.40753082305898036,-2,[0],"[[-0.8427223563194275, -3.4947940097396213e-09], [-0.00011426810669945553, 0.004747623577713966], [0.11949265003204346, -0.04465639591217041], [0.03513716161251068, -0.1657983809709549], [-0.12862589955329895, 0.20171719789505005]]",True
early_neutral,3,1779,0.40719760079973344,-2,[0],"[[-0.8354623317718506, -3.206720888826453e-09], [-0.0003515631833579391, 0.004834238439798355], [0.13000205159187317, -0.04493298381567001], [0.043728508055210114, -0.17053338885307312], [-0.13218535482883453, 0.20723135769367218]]",True
early_neutral,3,1780,0.4068643785404865,-2,[0],"[[-0.8315107226371765, -2.8526587758648247e-09], [-0.0009233341552317142, 0.004968767985701561], [0.14099906384944916, -0.04505419731140137], [0.04844914749264717, -0.17391255497932434], [-0.13508085906505585, 0.21165555715560913]]",True
early_neutral,3,1781,0.4065311562812396,-2,[0],"[[-0.828648030757904, 1.9608940249327134e-08], [-0.0014022953109815717, 0.005218328442424536], [0.15229257941246033, -0.04502388462424278], [0.05107766389846802, -0.1762039065361023], [-0.13762323558330536, 0.21550142765045166]]",False
early_neutral,3,1782,0.40619793402199267,-2,[0],"[[-0.8280325531959534, 1.4149409821584413e-07], [-0.0013342149322852492, 0.005768944043666124], [0.16417266428470612, -0.04487263411283493], [0.05117163062095642, -0.1762848198413849], [-0.14015623927116394, 0.21934983134269714]]",False
early_neutral,3,1783,0.40586471176274574,-2,[0],"[[-0.8278542160987854, 2.0175879456019175e-07], [-0.0012661282671615481, 0.006319565232843161], [0.176530659198761, -0.045028455555438995], [0.051105521619319916, -0.17586049437522888], [-0.14253634214401245, 0.22323927283287048]]",False
early_neutral,3,1784,0.4055314895034988,-2,[0],"[[-0.8278542160987854, 2.0175879456019175e-07], [-0.0012031495571136475, 0.00682888925075531], [0.18925119936466217, -0.04580023139715195], [0.05106852203607559, -0.17330974340438843], [-0.1447267234325409, 0.22713902592658997]]",False
early_neutral,3,1785,0.4051982672442519,-2,[0],"[[-0.8278542160987854, 2.0175879456019175e-07], [-0.0017694132402539253, 0.007357884664088488], [0.20226535201072693, -0.04688601940870285], [0.05177845060825348, -0.16981589794158936], [-0.14561644196510315, 0.22877874970436096]]",False
early_neutral,3,1786,0.404865044985005,-2,[0],"[[-0.8278542160987854, 2.0175879456019175e-07], [-0.0045604407787323, 0.008784622885286808], [0.21553434431552887, -0.04803655669093132], [0.052660129964351654, -0.16558954119682312], [-0.14561644196510315, 0.22877874970436096]]",False
early_neutral,3,1787,0.4045318227257581,-2,[0],"[[-0.8278542160987854, 2.0175879456019175e-07], [-0.008739649318158627, 0.010536163114011288], [0.2290010303258896, -0.04923107102513313], [0.05291144922375679, -0.16121913492679596], [-0.14561644196510315, 0.22877874970436096]]",False
early_neutral,3,1788,0.4041986004665112,-2,[0],"[[-0.8278542160987854, 2.0175879456019175e-07], [-0.01427688542753458, 0.012600475922226906], [0.24263255298137665, -0.05039629340171814], [0.05233931541442871, -0.15777799487113953], [-0.14561644196510315, 0.22877874970436096]]",False
early_neutral,3,1789,0.40386537820726426,-2,[0],"[[-0.8278542160987854, 2.0175879456019175e-07], [-0.021133361384272575, 0.01488589495420456], [0.25639379024505615, -0.051519785076379776], [0.053665220737457275, -0.15369068086147308], [-0.14561644196510315, 0.22877874970436096]]",False
early_neutral,3,1790,0.40353215594801733,-2,[0],"[[-0.8278542160987854, 2.0175879456019175e-07], [-0.027755288407206535, 0.01680280826985836], [0.2702690362930298, -0.05252537131309509], [0.05512890964746475, -0.14921638369560242], [-0.14561644196510315, 0.22877874970436096]]",False
early_neutral,3,1791,0.4031989336887704,-2,[0],"[[-0.8278542160987854, 2.0175879456019175e-07], [-0.03382714092731476, 0.018184268847107887], [0.28423863649368286, -0.05337953567504883], [0.0568854883313179, -0.1439424455165863], [-0.14561644196510315, 0.22877874970436096]]",False
early_neutral,3,1792,0.4028657114295235,-2,[0],"[[-0.8278542160987854, 2.0175879456019175e-07], [-0.03950287401676178, 0.01920459419488907], [0.2982814908027649, -0.05408475920557976], [0.05888916179537773, -0.13807503879070282], [-0.14561644196510315, 0.22877874970436096]]",False
early_neutral,3,1793,0.40253248917027656,-2,[0],"[[-0.8278542160987854, 2.0175879456019175e-07], [-0.04069598391652107, 0.01941044069826603], [0.31209978461265564, -0.05457466468214989], [0.06069040298461914, -0.13254010677337646], [-0.14561644196510315, 0.22877874970436096]]",False
early_neutral,3,1794,0.40219926691102964,-2,[0],"[[-0.8278542160987854, 2.0175879456019175e-07], [-0.04069598391652107, 0.01941044069826603], [0.3256969451904297, -0.0548308901488781], [0.06164385378360748, -0.1287621259689331], [-0.14561644196510315, 0.22877874970436096]]",True
early_neutral,3,1795,0.4018660446517827,-2,[0],"[[-0.8278542160987854, 2.0175879456019175e-07], [-0.03984938934445381, 0.017653850838541985], [0.33894839882850647, -0.05488600954413414], [0.06260345131158829, -0.12605765461921692], [-0.14561644196510315, 0.22877874970436096]]",True
early_neutral,3,1796,0.40153282239253585,-2,[0],"[[-0.8278542160987854, 2.0175879456019175e-07], [-0.03900662064552307, 0.014539885334670544], [0.3503253757953644, -0.05454736948013306], [0.06276485323905945, -0.1256026029586792], [-0.14561644196510315, 0.22877874970436096]]",True
early_neutral,3,1797,0.4011996001332889,-2,[0],"[[-0.8278542160987854, 2.0175879456019175e-07], [-0.03842057287693024, 0.010646069422364235], [0.35780808329582214, -0.053993109613657], [0.06242487207055092, -0.1257742941379547], [-0.14561644196510315, 0.22877874970436096]]",True
early_neutral,3,1798,0.400866377874042,-2,[0],"[[-0.8278542160987854, 2.0175879456019175e-07], [-0.03470299765467644, 0.007590670138597488], [0.3653987944126129, -0.055044084787368774], [0.06199116259813309, -0.12600605189800262], [-0.14561644196510315, 0.22877874970436096]]",True
early_neutral,3,1799,0.4005331556147951,-2,[0],"[[-0.8278542160987854, 2.0175879456019175e-07], [-0.02924445830285549, 0.00538213923573494], [0.37277883291244507, -0.05608261376619339], [0.06185973435640335, -0.12633466720581055], [-0.14561644196510315, 0.22877874970436096]]",True
early_neutral,3,1800,0.40019993335554815,-2,[0],"[[-0.8278542160987854, 2.0175879456019175e-07], [-0.0229791272431612, 0.003249355824664235], [0.3787459135055542, -0.05674650892615318], [0.0617881678044796, -0.12672807276248932], [-0.14561644196510315, 0.22877874970436096]]",False
early_neutral,3,1801,0.39986671109630123,-2,[0],"[[-0.8278542160987854, 2.0175879456019175e-07], [-0.01763567142188549, 0.001404887530952692], [0.38443076610565186, -0.05770004540681839], [0.06153171509504318, -0.1272546648979187], [-0.14546571671962738, 0.228541299700737]]",False
early_neutral,3,1802,0.3995334888370543,-2,[0],"[[-0.8278542160987854, 2.0175879456019175e-07], [-0.012296909466385841, -0.0004424012149684131], [0.3876011371612549, -0.05857829377055168], [0.06127525866031647, -0.1277812421321869], [-0.14380133152008057, 0.2263730764389038]]",False
early_neutral,3,1803,0.3992002665778074,-2,[0],"[[-0.8260583877563477, 0.0007412731647491455], [-0.006496869493275881, -0.002437179908156395], [0.38805460929870605, -0.05872064083814621], [0.06103803217411041, -0.12826834619045258], [-0.14091606438159943, 0.22349382936954498]]",False
early_neutral,3,1804,0.39886704431856046,-2,[0],"[[-0.8223419785499573, 0.0022086333483457565], [-0.0006003524176776409, -0.004635098855942488], [0.38638317584991455, -0.05908866226673126], [0.06072862073779106, -0.12823210656642914], [-0.13715346157550812, 0.22014907002449036]]",False
early_neutral,3,1805,0.39853382205931354,-2,[0],"[[-0.8173065781593323, 0.004109457600861788], [0.002956664189696312, -0.006221676245331764], [0.3825038969516754, -0.05991372838616371], [0.05907747521996498, -0.12657128274440765], [-0.1339464634656906, 0.21652239561080933]]",False
early_neutral,3,1806,0.39820059980006667,-2,[0],"[[-0.81107097864151, 0.006512384861707687], [0.00477056298404932, -0.0072345673106610775], [0.3772057890892029, -0.061008866876363754], [0.056580495089292526, -0.12404545396566391], [-0.13157382607460022, 0.21264123916625977]]",False
early_neutral,3,1807,0.39786737754081974,-2,[0],"[[-0.8037840127944946, 0.009387604892253876], [0.005829301197081804, -0.007873527705669403], [0.3705824017524719, -0.062345951795578], [0.05337144061923027, -0.12072834372520447], [-0.13241234421730042, 0.2080545276403427]]",True
early_neutral,3,1808,0.3975341552815728,-2,[0],"[[-0.7954979538917542, 0.012168580666184425], [0.006068570073693991, -0.00795435905456543], [0.36275604367256165, -0.06388629227876663], [0.04959617555141449, -0.1166098415851593], [-0.1356673389673233, 0.20308564603328705]]",True
early_neutral,3,1809,0.3972009330223259,-2,[0],"[[-0.7865237593650818, 0.013822872191667557], [0.006068570073693991, -0.00795435905456543], [0.3538532853126526, -0.06552188843488693], [0.04593411833047867, -0.1123272031545639], [-0.1396189033985138, 0.19772395491600037]]",True
early_neutral,3,1810,0.396867710763079,-2,[0],"[[-0.7781129479408264, 0.013644818216562271], [0.005553132854402065, -0.007398450281471014], [0.34399211406707764, -0.06708510965108871], [0.04315019026398659, -0.1085534617304802], [-0.14333371818065643, 0.19225361943244934]]",True
early_neutral,3,1811,0.39653448850383205,-2,[0],"[[-0.774352490901947, 0.01263083703815937], [0.004970969632267952, -0.006804702337831259], [0.33339622616767883, -0.06854268163442612], [0.040776677429676056, -0.10470467805862427], [-0.14652663469314575, 0.18713153898715973]]",True
early_neutral,3,1812,0.3962012662445851,-2,[0],"[[-0.7729280591011047, 0.011602678336203098], [0.0041253636591136456, -0.00642869109287858], [0.32283511757850647, -0.07013510912656784], [0.041743889451026917, -0.10174252837896347], [-0.14846591651439667, 0.18314069509506226]]",True
early_neutral,3,1813,0.3958680439853382,-2,[0],"[[-0.7716680765151978, 0.010387608781456947], [0.0033445016015321016, -0.006110646296292543], [0.31177183985710144, -0.07200321555137634], [0.04625957831740379, -0.09964126348495483], [-0.14992572367191315, 0.17909952998161316]]",False
early_neutral,3,1814,0.3955348217260913,-2,[0],"[[-0.7754812240600586, 0.008212191984057426], [0.0026250022929161787, -0.005817494820803404], [0.3022001385688782, -0.07375577092170715], [0.05142958462238312, -0.0985247865319252], [-0.1504688858985901, 0.17739681899547577]]",False
early_neutral,3,1815,0.3952015994668444,-2,[0],"[[-0.7825220227241516, 0.0067779566161334515], [0.0019054976291954517, -0.005524337291717529], [0.29324039816856384, -0.07548222690820694], [0.05572837218642235, -0.10047831386327744], [-0.1504688858985901, 0.17739681899547577]]",False
early_neutral,3,1816,0.3948683772075975,-2,[0],"[[-0.7908470034599304, 0.005465512163937092], [0.0012759314849972725, -0.005267827305942774], [0.28431472182273865, -0.07728181034326553], [0.059766143560409546, -0.103835329413414], [-0.14999699592590332, 0.17825472354888916]]",False
early_neutral,3,1817,0.39453515494835056,-2,[0],"[[-0.799832820892334, 0.003992152400314808], [0.0011474746279418468, -0.005215489771217108], [0.27519214153289795, -0.07884205132722855], [0.06500325351953506, -0.10756479948759079], [-0.14838892221450806, 0.18059304356575012]]",False
early_neutral,3,1818,0.39420193268910364,-2,[0],"[[-0.8088497519493103, 0.002579845953732729], [0.0011474746279418468, -0.005215489771217108], [0.2651700973510742, -0.08002596348524094], [0.07174398005008698, -0.11136272549629211], [-0.1456722915172577, 0.1835218220949173]]",False
early_neutral,3,1819,0.3938687104298567,-2,[0],"[[-0.8162924647331238, 0.0014565476449206471], [0.0010649272007867694, -0.004963448271155357], [0.25494009256362915, -0.08137935400009155], [0.0786028504371643, -0.11551202088594437], [-0.14092501997947693, 0.18595196306705475]]",False
early_neutral,3,1820,0.3935354881706098,-2,[0],"[[-0.8210495710372925, 0.0007654738728888333], [0.0005385450203903019, -0.002892372664064169], [0.246037557721138, -0.08274044096469879], [0.08332359790802002, -0.1213335320353508], [-0.13550901412963867, 0.18815432488918304]]",False
early_neutral,3,1821,0.39320226591136287,-2,[0],"[[-0.8247672915458679, 0.000249166798312217], [9.537694859318435e-05, 0.0001395426079398021], [0.23914414644241333, -0.08381114900112152], [0.0871683731675148, -0.12784704566001892], [-0.1301315873861313, 0.19037535786628723]]",False
early_neutral,3,1822,0.39286904365211595,-2,[0],"[[-0.825730562210083, 0.00018172935233451426], [-0.00016031181439757347, 0.0025200783275067806], [0.23346862196922302, -0.08430521190166473], [0.09130910784006119, -0.13414378464221954], [-0.12463357299566269, 0.19229565560817719]]",False
early_neutral,3,1823,0.392535821392869,-2,[0],"[[-0.8259928822517395, 0.0001792232651496306], [-0.00023276596039067954, 0.0030327606946229935], [0.22758682072162628, -0.08481723070144653], [0.0951622873544693, -0.13889972865581512], [-0.1187610775232315, 0.19400370121002197]]",False
early_neutral,3,1824,0.3922025991336221,-2,[0],"[[-0.8244879245758057, -0.0011144443415105343], [-0.00023471636814065278, 0.0030441831331700087], [0.22215409576892853, -0.08529016375541687], [0.09960020333528519, -0.14326655864715576], [-0.11275635659694672, 0.19550670683383942]]",False
early_neutral,3,1825,0.39186937687437523,-2,[0],"[[-0.8217353820800781, -0.0034278451930731535], [-0.00023471636814065278, 0.0030441831331700087], [0.2166069746017456, -0.0866369679570198], [0.10324698686599731, -0.1466851532459259], [-0.10688810795545578, 0.19695231318473816]]",False
early_neutral,3,1826,0.3915361546151283,-2,[0],"[[-0.8180395364761353, -0.006475794594734907], [-0.00023471636814065278, 0.0030441831331700087], [0.21108514070510864, -0.08963380008935928], [0.10561162978410721, -0.14922593533992767], [-0.10086368024349213, 0.1984218955039978]]",False
early_neutral,3,1827,0.3912029323558814,-2,[0],"[[-0.8135043978691101, -0.010265251621603966], [-0.00023471636814065278, 0.0030441831331700087], [0.20596596598625183, -0.09320157021284103], [0.10707304626703262, -0.15104442834854126], [-0.09488872438669205, 0.19997037947177887]]",False
early_neutral,3,1828,0.39086971009663446,-2,[0],"[[-0.8083574175834656, -0.014643232338130474], [-0.00023471636814065278, 0.0030441831331700087], [0.2025262415409088, -0.09666842222213745], [0.10765615850687027, -0.15187834203243256], [-0.08930245041847229, 0.20203904807567596]]",True
early_neutral,3,1829,0.39053648783738754,-2,[0],"[[-0.805271327495575, -0.017282063141465187], [-0.00023471636814065278, 0.0030441831331700087], [0.20000676810741425, -0.10033807158470154], [0.1076664924621582, -0.1518927961587906], [-0.08430271595716476, 0.20461314916610718]]",True
early_neutral,3,1830,0.3902032655781406,-2,[0],"[[-0.8048040270805359, -0.017681632190942764], [-0.00023471636814065278, 0.0030441831331700087], [0.19838617742061615, -0.10409791767597198], [0.1076664924621582, -0.1518927961587906], [-0.08200875669717789, 0.20579424500465393]]",True
early_neutral,3,1831,0.3898700433188937,-2,[0],"[[-0.8058774471282959, -0.016776781529188156], [-0.00023471636814065278, 0.0030441831331700087], [0.19744165241718292, -0.10794147849082947], [0.10791610181331635, -0.15146106481552124], [-0.08193494379520416, 0.20582269132137299]]",True
early_neutral,3,1832,0.38953682105964677,-2,[0],"[[-0.8084235191345215, -0.014684643596410751], [-0.00023471636814065278, 0.0030441831331700087], [0.19738706946372986, -0.11057078093290329], [0.10847713053226471, -0.15049058198928833], [-0.08193494379520416, 0.20582269132137299]]",True
early_neutral,3,1833,0.38920359880039984,-2,[0],"[[-0.8119004368782043, -0.011913243681192398], [-0.00023471636814065278, 0.0030441831331700087], [0.19752046465873718, -0.11084182560443878], [0.10876449942588806, -0.14986586570739746], [-0.08193494379520416, 0.20582269132137299]]",True
early_neutral,3,1834,0.388870376541153,-2,[0],"[[-0.8159903883934021, -0.00868929736316204], [0.0020484079141169786, 0.002400280674919486], [0.1973421275615692, -0.11135666072368622], [0.10863000154495239, -0.14988619089126587], [-0.08193494379520416, 0.20582269132137299]]",False
early_neutral,3,1835,0.38853715428190605,-2,[0],"[[-0.8201035857200623, -0.005470008123666048], [0.005990227218717337, 0.00103279622271657], [0.1949658989906311, -0.11345779150724411], [0.1083243265748024, -0.15053460001945496], [-0.08193494379520416, 0.20582269132137299]]",False
early_neutral,3,1836,0.3882039320226591,-2,[0],"[[-0.822715699672699, -0.0036431318148970604], [0.011060744524002075, -0.0009516861173324287], [0.19211144745349884, -0.11498775333166122], [0.10799232870340347, -0.1512306183576584], [-0.08193494379520416, 0.20582269132137299]]",False
early_neutral,3,1837,0.3878707097634122,-2,[0],"[[-0.8234710693359375, -0.003256330033764243], [0.01776626519858837, -0.0028528764378279448], [0.19012732803821564, -0.11590350419282913], [0.10668166726827621, -0.15284959971904755], [-0.08057238161563873, 0.206138476729393]]",False
early_neutral,3,1838,0.3875374875041653,-2,[0],"[[-0.8234863877296448, -0.003250512294471264], [0.026079989969730377, -0.004222161136567593], [0.18833070993423462, -0.11694072932004929], [0.10452532768249512, -0.15536627173423767], [-0.07736189663410187, 0.20688609778881073]]",True
early_neutral,3,1839,0.38720426524491836,-2,[0],"[[-0.8234863877296448, -0.003250512294471264], [0.034942448139190674, -0.005799074191600084], [0.1870410293340683, -0.11771664023399353], [0.1016361191868782, -0.15863794088363647], [-0.07282135635614395, 0.2079392373561859]]",True
early_neutral,3,1840,0.38687104298567143,-2,[0],"[[-0.8234863877296448, -0.003250512294471264], [0.043537285178899765, -0.00791210774332285], [0.18559959530830383, -0.11850260943174362], [0.09834025055170059, -0.1624957174062729], [-0.06719701737165451, 0.2090899497270584]]",True
early_neutral,3,1841,0.3865378207264245,-2,[0],"[[-0.8234863877296448, -0.003250512294471264], [0.05028620362281799, -0.010268962942063808], [0.18394920229911804, -0.11937922984361649], [0.09472310543060303, -0.1668815016746521], [-0.061115656048059464, 0.2101273238658905]]",True
early_neutral,3,1842,0.3862045984671776,-2,[0],"[[-0.8234863877296448, -0.003250512294471264], [0.0543823279440403, -0.013474199920892715], [0.18284626305103302, -0.11995940655469894], [0.09090132266283035, -0.1717708557844162], [-0.0548747256398201, 0.21099072694778442]]",True
early_neutral,3,1843,0.3858713762079307,-2,[0],"[[-0.8234863877296448, -0.003250512294471264], [0.05744750425219536, -0.016746118664741516], [0.18220722675323486, -0.12028754502534866], [0.08950871229171753, -0.17691670358181], [-0.05225342884659767, 0.2113296240568161]]",True
early_neutral,3,1844,0.3855381539486838,-2,[0],"[[-0.8234863877296448, -0.003250512294471264], [0.05809340998530388, -0.017430583015084267], [0.18159012496471405, -0.12060839682817459], [0.09243598580360413, -0.18166686594486237], [-0.05225342884659767, 0.2113296240568161]]",True
early_neutral,3,1845,0.38520493168943687,-2,[0],"[[-0.8234863877296448, -0.003250512294471264], [0.05809340998530388, -0.017430583015084267], [0.1814449429512024, -0.12067676335573196], [0.09793037921190262, -0.1862809658050537], [-0.05225342884659767, 0.2113296240568161]]",True
early_neutral,3,1846,0.38487170943018995,-2,[0],"[[-0.8234863877296448, -0.003250512294471264], [0.05809340998530388, -0.017430583015084267], [0.18128107488155365, -0.12075170874595642], [0.10458341985940933, -0.19106891751289368], [-0.05225342884659767, 0.2113296240568161]]",True
early_neutral,3,1847,0.384538487170943,-2,[0],"[[-0.8234863877296448, -0.003250512294471264], [0.05809340998530388, -0.017430583015084267], [0.18121926486492157, -0.12077997624874115], [0.11228809505701065, -0.19584891200065613], [-0.05225342884659767, 0.2113296240568161]]",True
early_neutral,3,1848,0.3842052649116961,-2,[0],"[[-0.8234863877296448, -0.003250512294471264], [0.05809340998530388, -0.017430583015084267], [0.18121135234832764, -0.12078358232975006], [0.12049010396003723, -0.2003878653049469], [-0.05225342884659767, 0.2113296240568161]]",True
early_neutral,3,1849,0.3838720426524492,-2,[0],"[[-0.8234863877296448, -0.003250512294471264], [0.05809340998530388, -0.017430583015084267], [0.1825195699930191, -0.12141790986061096], [0.12948516011238098, -0.20491823554039001], [-0.05225342884659767, 0.2113296240568161]]",True
early_neutral,3,1850,0.38353882039320225,-2,[0],"[[-0.8234863877296448, -0.003250512294471264], [0.05809340998530388, -0.017430583015084267], [0.1844826340675354, -0.12194108963012695], [0.13920661807060242, -0.20948722958564758], [-0.05225342884659767, 0.2113296240568161]]",True
early_neutral,3,1851,0.3832055981339553,-2,[0],"[[-0.8234863877296448, -0.003250512294471264], [0.05809340998530388, -0.017430583015084267], [0.18731185793876648, -0.12211109697818756], [0.1481856107711792, -0.2132159173488617], [-0.05225342884659767, 0.2113296240568161]]",True
early_neutral,3,1852,0.3828723758747084,-2,[0],"[[-0.8234863877296448, -0.003250512294471264], [0.05809340998530388, -0.017430583015084267], [0.19074001908302307, -0.12234324216842651], [0.15645600855350494, -0.2158191055059433], [-0.05225342884659767, 0.2113296240568161]]",True
early_neutral,3,1853,0.38253915361546154,-2,[0],"[[-0.8234863877296448, -0.003250512294471264], [0.05921764671802521, -0.018541019409894943], [0.1948174685239792, -0.12273840606212616], [0.1643957793712616, -0.2177790403366089], [-0.05225342884659767, 0.2113296240568161]]",True
early_neutral,3,1854,0.3822059313562146,-2,[0],"[[-0.8234863877296448, -0.003250512294471264], [0.06148143857717514, -0.021114911884069443], [0.19883880019187927, -0.12322225421667099], [0.16777147352695465, -0.21856474876403809], [-0.05225342884659767, 0.2113296240568161]]",True
early_neutral,3,1855,0.3818727090969677,-2,[0],"[[-0.8234863877296448, -0.003250512294471264], [0.06396065652370453, -0.02456383779644966], [0.20266808569431305, -0.12378965318202972], [0.16967087984085083, -0.21913301944732666], [-0.05225342884659767, 0.2113296240568161]]",True
early_neutral,3,1856,0.38153948683772076,-2,[0],"[[-0.8234863877296448, -0.003250512294471264], [0.06482421606779099, -0.025824913755059242], [0.20651733875274658, -0.12418560683727264], [0.173628032207489, -0.22010138630867004], [-0.05225342884659767, 0.2113296240568161]]",True
early_neutral,3,1857,0.38120626457847384,-2,[0],"[[-0.8234863877296448, -0.003250512294471264], [0.06482421606779099, -0.025824913755059242], [0.20720666646957397, -0.12425652146339417], [0.1790035516023636, -0.2211061716079712], [-0.050920769572257996, 0.2109815776348114]]",True
early_neutral,3,1858,0.3808730423192269,-2,[0],"[[-0.8234863877296448, -0.003250512294471264], [0.06482421606779099, -0.025824913755059242], [0.2073945850133896, -0.12453072518110275], [0.185248464345932, -0.22209922969341278], [-0.04734588414430618, 0.209807351231575]]",True
early_neutral,3,1859,0.38053982005998,-2,[0],"[[-0.8234863877296448, -0.003250512294471264], [0.06482421606779099, -0.025824913755059242], [0.20768266916275024, -0.12484502792358398], [0.18901613354682922, -0.22264879941940308], [-0.04312654212117195, 0.20804379880428314]]",True
early_neutral,3,1860,0.38020659780073307,-2,[0],"[[-0.8234863877296448, -0.003250512294471264], [0.06482421606779099, -0.025824913755059242], [0.208105206489563, -0.12454825639724731], [0.18906016647815704, -0.22265523672103882], [-0.04224318265914917, 0.20765943825244904]]",True
early_neutral,3,1861,0.37987337554148615,-2,[0],"[[-0.8234863877296448, -0.003250512294471264], [0.06482421606779099, -0.025824913755059242], [0.20836329460144043, -0.12409066408872604], [0.19015195965766907, -0.2226921021938324], [-0.04224318265914917, 0.20765943825244904]]",False
early_neutral,3,1862,0.3795401532822393,-2,[0],"[[-0.8234863877296448, -0.003250512294471264], [0.06482421606779099, -0.025824913755059242], [0.208756685256958, -0.12337265908718109], [0.1904783993959427, -0.2220410257577896], [-0.04027329385280609, 0.2071489691734314]]",False
early_neutral,3,1863,0.37920693102299236,-2,[0],"[[-0.8234863877296448, -0.003250512294471264], [0.064909428358078, -0.02744358964264393], [0.2086568921804428, -0.12286370247602463], [0.19116955995559692, -0.22020775079727173], [-0.03642689064145088, 0.2059045135974884]]",False
early_neutral,3,1864,0.37887370876374543,-2,[0],"[[-0.8234863877296448, -0.003250512294471264], [0.06529535353183746, -0.030340181663632393], [0.2059682309627533, -0.12350696325302124], [0.19388125836849213, -0.21817950904369354], [-0.032446831464767456, 0.20434069633483887]]",False
early_neutral,3,1865,0.3785404865044985,-2,[0],"[[-0.8234863877296448, -0.003250512294471264], [0.06609486043453217, -0.034152500331401825], [0.20186549425125122, -0.1246505007147789], [0.19523146748542786, -0.21704155206680298], [-0.03205975890159607, 0.2041856199502945]]",False
early_neutral,3,1866,0.3782072642452516,-2,[0],"[[-0.8234863877296448, -0.003250512294471264], [0.06711272150278091, -0.03885358199477196], [0.19632886350154877, -0.12574531137943268], [0.19552761316299438, -0.21649309992790222], [-0.03205975890159607, 0.2041856199502945]]",True
early_neutral,3,1867,0.37787404198600466,-2,[0],"[[-0.8234863877296448, -0.003250512294471264], [0.06826043874025345, -0.04424804076552391], [0.18938341736793518, -0.12680722773075104], [0.1957126408815384, -0.2163606435060501], [-0.03205975890159607, 0.2041856199502945]]",True
early_neutral,3,1868,0.37754081972675774,-2,[0],"[[-0.8234863877296448, -0.003250512294471264], [0.06847593933343887, -0.04789634048938751], [0.18113279342651367, -0.12773621082305908], [0.19603921473026276, -0.21624457836151123], [-0.03205975890159607, 0.2041856199502945]]",True
early_neutral,3,1869,0.3772075974675108,-2,[0],"[[-0.8234863877296448, -0.003250512294471264], [0.06731752306222916, -0.049889322370290756], [0.17379163205623627, -0.1285601556301117], [0.1968235969543457, -0.21613717079162598], [-0.03205975890159607, 0.2041856199502945]]",True
early_neutral,3,1870,0.3768743752082639,-2,[0],"[[-0.8234863877296448, -0.003250512294471264], [0.0664893090724945, -0.05079922080039978], [0.1676775962114334, -0.1298549473285675], [0.19701984524726868, -0.21495673060417175], [-0.03205975890159607, 0.2041856199502945]]",True
early_neutral,3,1871,0.376541152949017,-2,[0],"[[-0.8234863877296448, -0.003250512294471264], [0.06431878358125687, -0.05143992602825165], [0.1624305099248886, -0.1317003071308136], [0.19749779999256134, -0.21373721957206726], [-0.03205975890159607, 0.2041856199502945]]",True
early_neutral,3,1872,0.3762079306897701,-2,[0],"[[-0.8234863877296448, -0.003250512294471264], [0.060476481914520264, -0.04777608811855316], [0.16169895231723785, -0.13404108583927155], [0.19901543855667114, -0.21146397292613983], [-0.03205975890159607, 0.2041856199502945]]",True
early_neutral,3,1873,0.3758747084305232,-2,[0],"[[-0.8234863877296448, -0.003250512294471264], [0.057182811200618744, -0.042993396520614624], [0.16174663603305817, -0.13428345322608948], [0.2002282589673996, -0.20822344720363617], [-0.03205975890159607, 0.2041856199502945]]",True
early_neutral,3,1874,0.37554148617127625,-2,[0],"[[-0.8234863877296448, -0.003250512294471264], [0.05395429953932762, -0.038596078753471375], [0.16174663603305817, -0.13428345322608948], [0.2019656002521515, -0.20396575331687927], [-0.03205975890159607, 0.2041856199502945]]",True
early_neutral,3,1875,0.3752082639120293,-2,[0],"[[-0.8234863877296448, -0.003250512294471264], [0.05303695797920227, -0.037391725927591324], [0.1598518341779709, -0.13372638821601868], [0.20445527136325836, -0.1990719586610794], [-0.03205975890159607, 0.2041856199502945]]",True
early_neutral,3,1876,0.3748750416527824,-2,[0],"[[-0.8234863877296448, -0.003250512294471264], [0.05303695797920227, -0.037391725927591324], [0.15602518618106842, -0.1326184719800949], [0.20682448148727417, -0.19440431892871857], [-0.03205975890159607, 0.2041856199502945]]",False
early_neutral,3,1877,0.3745418193935355,-2,[0],"[[-0.8234863877296448, -0.003250512294471264], [0.05303695797920227, -0.037391725927591324], [0.15330076217651367, -0.13184210658073425], [0.20854733884334564, -0.19086194038391113], [-0.03205975890159607, 0.2041856199502945]]",False
early_neutral,3,1878,0.37420859713428856,-2,[0],"[[-0.8234863877296448, -0.003250512294471264], [0.05303695797920227, -0.037391725927591324], [0.1515086442232132, -0.13113340735435486], [0.2105461210012436, -0.18675222992897034], [-0.03205975890159607, 0.2041856199502945]]",False
early_neutral,3,1879,0.37387537487504163,-2,[0],"[[-0.8234863877296448, -0.003250512294471264], [0.05303695797920227, -0.037391725927591324], [0.1504485160112381, -0.13049225509166718], [0.21256713569164276, -0.1824098527431488], [-0.03205975890159607, 0.2041856199502945]]",False
early_neutral,3,1880,0.3735421526157947,-2,[0],"[[-0.8234863877296448, -0.003250512294471264], [0.05303695797920227, -0.037391725927591324], [0.1493762582540512, -0.12975189089775085], [0.21287617087364197, -0.17917147278785706], [-0.03205975890159607, 0.2041856199502945]]",False
early_neutral,3,1881,0.37320893035654784,-2,[0],"[[-0.8234863877296448, -0.003250512294471264], [0.05303695797920227, -0.037391725927591324], [0.14708232879638672, -0.12845417857170105], [0.21242499351501465, -0.17760685086250305], [-0.03287184238433838, 0.20398785173892975]]",False
early_neutral,3,1882,0.3728757080973009,-2,[0],"[[-0.8234863877296448, -0.003250512294471264], [0.05303695797920227, -0.037391725927591324], [0.14567115902900696, -0.1274183988571167], [0.21081501245498657, -0.1782555729150772], [-0.03586530685424805, 0.20325914025306702]]",True
early_neutral,3,1883,0.372542485838054,-2,[0],"[[-0.8234863877296448, -0.003250512294471264], [0.05303695797920227, -0.037391725927591324], [0.14256544411182404, -0.1259179562330246], [0.20803214609622955, -0.1802320033311844], [-0.04010873660445213, 0.20222784578800201]]",True
early_neutral,3,1884,0.37220926357880707,-2,[0],"[[-0.8234863877296448, -0.003250512294471264], [0.05303695797920227, -0.037391725927591324], [0.13878272473812103, -0.1235106885433197], [0.2047160267829895, -0.18314233422279358], [-0.0456051379442215, 0.2010350525379181]]",True
early_neutral,3,1885,0.37187604131956015,-2,[0],"[[-0.8234863877296448, -0.003250512294471264], [0.0525759682059288, -0.03695787861943245], [0.13453760743141174, -0.12014651298522949], [0.20117326080799103, -0.18700772523880005], [-0.05156196281313896, 0.19997593760490417]]",True
early_neutral,3,1886,0.3715428190603132,-2,[0],"[[-0.8234863877296448, -0.003250512294471264], [0.050413601100444794, -0.03504645824432373], [0.12958696484565735, -0.11616881191730499], [0.19851960241794586, -0.19129279255867004], [-0.05785030499100685, 0.19909313321113586]]",True
early_neutral,3,1887,0.3712095968010663,-2,[0],"[[-0.8234863877296448, -0.003250512294471264], [0.04730053246021271, -0.03252117708325386], [0.12399717420339584, -0.11168127506971359], [0.19864042103290558, -0.19633124768733978], [-0.06164577975869179, 0.19863103330135345]]",True
early_neutral,3,1888,0.3708763745418194,-2,[0],"[[-0.823379397392273, -0.0032033268362283707], [0.04320891201496124, -0.029568055644631386], [0.11812770366668701, -0.10701005905866623], [0.19963890314102173, -0.20184555649757385], [-0.061690133064985275, 0.1986255794763565]]",False
early_neutral,3,1889,0.37054315228257245,-2,[0],"[[-0.8206633925437927, -0.0021767455618828535], [0.03883698582649231, -0.029089665040373802], [0.112310491502285, -0.1024208590388298], [0.19886423647403717, -0.20605099201202393], [-0.06201505661010742, 0.19853977859020233]]",False
early_neutral,3,1890,0.3702099300233256,-2,[0],"[[-0.8162952065467834, -0.0008992984658107162], [0.033761296421289444, -0.030674895271658897], [0.10669705271720886, -0.0979924350976944], [0.19626253843307495, -0.20987722277641296], [-0.06469423323869705, 0.19769780337810516]]",False
early_neutral,3,1891,0.36987670776407866,-2,[0],"[[-0.8104605078697205, 0.00056696857791394], [0.02868858352303505, -0.03128111734986305], [0.10099299997091293, -0.09349249303340912], [0.19383399188518524, -0.21318642795085907], [-0.06834208220243454, 0.1962846964597702]]",False
early_neutral,3,1892,0.36954348550483174,-2,[0],"[[-0.8035643696784973, 0.002710409928113222], [0.024783970788121223, -0.029015878215432167], [0.09679417312145233, -0.09018003940582275], [0.19251340627670288, -0.21489650011062622], [-0.07320830225944519, 0.19437742233276367]]",False
early_neutral,3,1893,0.3692102632455848,-2,[0],"[[-0.7959719300270081, 0.005656248424202204], [0.021177832037210464, -0.025428812950849533], [0.09489870071411133, -0.08868469297885895], [0.19208556413650513, -0.2146500051021576], [-0.07966453582048416, 0.19248011708259583]]",False
early_neutral,3,1894,0.3688770409863379,-2,[0],"[[-0.7884074449539185, 0.009357638657093048], [0.01704488694667816, -0.021039297804236412], [0.09547825157642365, -0.08922212570905685], [0.19122159481048584, -0.212362602353096], [-0.0868154764175415, 0.1909792423248291]]",True
early_neutral,3,1895,0.36854381872709097,-2,[0],"[[-0.7808956503868103, 0.013987325131893158], [0.012497549876570702, -0.015956010669469833], [0.09756947308778763, -0.0912599265575409], [0.1899433732032776, -0.20913101732730865], [-0.0929638221859932, 0.1897459626197815]]",True
early_neutral,3,1896,0.36821059646784404,-2,[0],"[[-0.7751894593238831, 0.017872825264930725], [0.007995476946234703, -0.01024522166699171], [0.09830696880817413, -0.09200997650623322], [0.18823643028736115, -0.2050091028213501], [-0.09910513460636139, 0.1885005235671997]]",True
early_neutral,3,1897,0.3678773742085971,-2,[0],"[[-0.7720761895179749, 0.019892150536179543], [0.0037564316298812628, -0.0038468039128929377], [0.09830696880817413, -0.09200997650623322], [0.1861020177602768, -0.20007799565792084], [-0.10506992042064667, 0.18710029125213623]]",True
early_neutral,3,1898,0.3675441519493502,-2,[0],"[[-0.7696338295936584, 0.021420851349830627], [7.806866960891057e-06, 0.0028618588112294674], [0.09968086332082748, -0.09213770180940628], [0.18357761204242706, -0.194478377699852], [-0.11082325875759125, 0.18545274436473846]]",True
early_neutral,3,1899,0.36721092969010327,-2,[0],"[[-0.7681162357330322, 0.02234727330505848], [-0.003898777300491929, 0.009291490539908409], [0.10359625518321991, -0.09229377657175064], [0.18096880614757538, -0.1887435019016266], [-0.11652304977178574, 0.18351246416568756]]",True
early_neutral,3,1900,0.3668777074308564,-2,[0],"[[-0.7676945924758911, 0.022601129487156868], [-0.008230548352003098, 0.014585060067474842], [0.10882514715194702, -0.09215433150529861], [0.1783473938703537, -0.1830110400915146], [-0.11987794935703278, 0.18226869404315948]]",True
early_neutral,3,1901,0.3665444851716095,-2,[0],"[[-0.7676945924758911, 0.022601129487156868], [-0.011974819004535675, 0.01906038075685501], [0.11531015485525131, -0.09175120294094086], [0.17570924758911133, -0.17728185653686523], [-0.11991717666387558, 0.18225419521331787]]",True
early_neutral,3,1902,0.36621126291236256,-2,[0],"[[-0.7673293948173523, 0.022360490635037422], [-0.014192208647727966, 0.022094398736953735], [0.1227174773812294, -0.09096606075763702], [0.1730520874261856, -0.17155636847019196], [-0.11991717666387558, 0.18225419521331787]]",True
early_neutral,3,1903,0.36587804065311563,-2,[0],"[[-0.7647630572319031, 0.020724644884467125], [-0.016161540523171425, 0.024450642988085747], [0.13096335530281067, -0.08979637175798416], [0.17027106881141663, -0.1658562421798706], [-0.11991717666387558, 0.18225419521331787]]",True
early_neutral,3,1904,0.3655448183938687,-2,[0],"[[-0.7610436081886292, 0.018466761335730553], [-0.017707694321870804, 0.02471967786550522], [0.14016227424144745, -0.08836361765861511], [0.16711094975471497, -0.1602405309677124], [-0.11991717666387558, 0.18225419521331787]]",True
early_neutral,3,1905,0.3652115961346218,-2,[0],"[[-0.7561146020889282, 0.015664787963032722], [-0.016262976452708244, 0.024069769307971], [0.14995849132537842, -0.08665229380130768], [0.16352617740631104, -0.15473464131355286], [-0.11991717666387558, 0.18225419521331787]]",True
early_neutral,3,1906,0.36487837387537486,-2,[0],"[[-0.7500541806221008, 0.012537460774183273], [-0.011891577392816544, 0.024213915690779686], [0.16001729667186737, -0.08482047915458679], [0.1590459942817688, -0.14951689541339874], [-0.11991717666387558, 0.18225419521331787]]",True
early_neutral,3,1907,0.36454515161612794,-2,[0],"[[-0.7444294691085815, 0.009376238100230694], [-0.006118602119386196, 0.02428477443754673], [0.17066985368728638, -0.08289044350385666], [0.15359538793563843, -0.14470605552196503], [-0.1194043904542923, 0.18310226500034332]]",True
early_neutral,3,1908,0.364211929356881,-2,[0],"[[-0.7437201142311096, 0.006595452316105366], [-0.0006008648197166622, 0.02427515760064125], [0.18173161149024963, -0.0807792916893959], [0.14780738949775696, -0.141306072473526], [-0.11782481521368027, 0.18544916808605194]]",True
early_neutral,3,1909,0.36387870709763415,-2,[0],"[[-0.7475085854530334, 0.004545091185718775], [0.006756961345672607, 0.02427522838115692], [0.1932060867547989, -0.07844017446041107], [0.14309309422969818, -0.14136798679828644], [-0.11568213254213333, 0.18827486038208008]]",True
early_neutral,3,1910,0.3635454848383872,-2,[0],"[[-0.7536277770996094, 0.0035550114698708057], [0.01595756784081459, 0.02428777515888214], [0.20485183596611023, -0.07586388289928436], [0.13832074403762817, -0.1434163600206375], [-0.1152649000287056, 0.18882055580615997]]",True
early_neutral,3,1911,0.3632122625791403,-2,[0],"[[-0.761216938495636, 0.003269016044214368], [0.025301918387413025, 0.024297770112752914], [0.2165459394454956, -0.07285835593938828], [0.13295340538024902, -0.1464322954416275], [-0.1152649000287056, 0.18882055580615997]]",True
early_neutral,3,1912,0.3628790403198934,-2,[0],"[[-0.7699394822120667, 0.002839390654116869], [0.03464624658226967, 0.024314813315868378], [0.22799769043922424, -0.06948663294315338], [0.12751108407974243, -0.15054851770401], [-0.11452928930521011, 0.19008608162403107]]",True
early_neutral,3,1913,0.36254581806064645,-2,[0],"[[-0.7796756029129028, 0.002354881726205349], [0.04425367712974548, 0.024327687919139862], [0.23714987933635712, -0.06721213459968567], [0.12344294786453247, -0.1535133719444275], [-0.11259012669324875, 0.19251221418380737]]",True
early_neutral,3,1914,0.36221259580139953,-2,[0],"[[-0.7901955246925354, 0.0018323692493140697], [0.05361531674861908, 0.02433500997722149], [0.24325065314769745, -0.06723435968160629], [0.12242148816585541, -0.15406326949596405], [-0.1094345673918724, 0.19549240171909332]]",True
early_neutral,3,1915,0.3618793735421526,-2,[0],"[[-0.8005857467651367, 0.0013169210869818926], [0.06297100335359573, 0.024335158988833427], [0.24911941587924957, -0.0685935989022255], [0.12279827892780304, -0.15317609906196594], [-0.10568301379680634, 0.19889041781425476]]",True
early_neutral,3,1916,0.3615461512829057,-2,[0],"[[-0.8102390766143799, 0.0008385581313632429], [0.0725691094994545, 0.024331217631697655], [0.2546195387840271, -0.07056496292352676], [0.12438765913248062, -0.15066838264465332], [-0.10190079361200333, 0.20227719843387604]]",True
early_neutral,3,1917,0.36121292902365876,-2,[0],"[[-0.817258894443512, 0.000490990758407861], [0.08176028728485107, 0.024331415072083473], [0.2596707344055176, -0.07315608859062195], [0.12721699476242065, -0.14750421047210693], [-0.09810568392276764, 0.20565788447856903]]",True
early_neutral,3,1918,0.3608797067644119,-2,[0],"[[-0.8218135833740234, 0.00026569762849248946], [0.0913078561425209, 0.024441856890916824], [0.2645101845264435, -0.07591435313224792], [0.13097058236598969, -0.14364226162433624], [-0.09430655092000961, 0.20903664827346802]]",True
early_neutral,3,1919,0.36054648450516497,-2,[0],"[[-0.8249757289886475, 0.00010956341429846361], [0.10029976069927216, 0.02458168752491474], [0.2691269516944885, -0.07878020405769348], [0.13544967770576477, -0.1391059160232544], [-0.09051303565502167, 0.2124180644750595]]",True
early_neutral,3,1920,0.36021326224591804,-2,[0],"[[-0.8258475065231323, 6.741435208823532e-05], [0.10721822082996368, 0.024693967774510384], [0.2710299491882324, -0.08000107109546661], [0.1404181718826294, -0.13410541415214539], [-0.08674897998571396, 0.21581341326236725]]",False
early_neutral,3,1921,0.3598800399866711,-2,[0],"[[-0.8259788751602173, 6.115548603702337e-05], [0.11294835805892944, 0.02469400130212307], [0.2710299491882324, -0.08000107109546661], [0.14571982622146606, -0.12873922288417816], [-0.08301930129528046, 0.21922476589679718]]",False
early_neutral,3,1922,0.3595468177274242,-2,[0],"[[-0.8259788751602173, 6.115548603702337e-05], [0.11888255178928375, 0.024694038555026054], [0.2710299491882324, -0.08000107109546661], [0.15090584754943848, -0.12320291250944138], [-0.07936990261077881, 0.22267264127731323]]",False
early_neutral,3,1923,0.35921359546817727,-2,[0],"[[-0.8259788751602173, 6.115548603702337e-05], [0.12436365336179733, 0.02469407394528389], [0.2710299491882324, -0.08000107109546661], [0.15222132205963135, -0.11894027888774872], [-0.07581492513418198, 0.22616204619407654]]",False
early_neutral,3,1924,0.35888037320893035,-2,[0],"[[-0.8259788751602173, 6.115548603702337e-05], [0.12976275384426117, 0.02507602795958519], [0.2707594633102417, -0.0798138901591301], [0.1490858793258667, -0.11557737737894058], [-0.07114602625370026, 0.22875913977622986]]",False
early_neutral,3,1925,0.3585471509496834,-2,[0],"[[-0.8259788751602173, 6.115548603702337e-05], [0.13357745110988617, 0.02595200575888157], [0.26821088790893555, -0.07816994190216064], [0.14478947222232819, -0.11432177573442459], [-0.06525662541389465, 0.2301315814256668]]",False
early_neutral,3,1926,0.3582139286904365,-2,[1],"[[-0.8259788751602173, 6.115548603702337e-05], [0.13428133726119995, 0.026559358462691307], [0.26612332463264465, -0.07688681781291962], [0.1401781439781189, -0.11612676829099655], [-0.05899650976061821, 0.23105742037296295]]",False
early_neutral,3,1927,0.3578807064311896,-2,[1],"[[-0.8259788751602173, 6.115548603702337e-05], [0.13172374665737152, 0.027631955221295357], [0.2650700509548187, -0.07628994435071945], [0.1356145292520523, -0.11934970319271088], [-0.052834250032901764, 0.23173190653324127]]",False
early_neutral,3,1928,0.3575474841719427,-2,[1],"[[-0.9908088445663452, -0.0], [-0.48034945130348206, -0.21235771477222443], [-0.5994940400123596, -0.0686301589012146], [-0.6047937870025635, 0.06555858254432678], [-0.4966371953487396, 0.21256177127361298]]",False
early_neutral,3,1929,0.3572142619126958,-2,[0],"[[-0.9908088445663452, -0.0], [-0.48034945130348206, -0.21235771477222443], [-0.5994940400123596, -0.0686301589012146], [-0.6047937870025635, 0.06555858254432678], [-0.4966371953487396, 0.21256177127361298]]",False
early_neutral,3,1930,0.35688103965344886,-2,[0],"[[-0.9908088445663452, -0.0], [-0.48034945130348206, -0.21235771477222443], [-0.5994940400123596, -0.0686301589012146], [-0.6047937870025635, 0.06555858254432678], [-0.4966371953487396, 0.21256177127361298]]",False
early_neutral,3,1931,0.35654781739420194,-2,[0],"[[-0.9908088445663452, -0.0], [-0.48034945130348206, -0.21235771477222443], [-0.5994940400123596, -0.0686301589012146], [-0.6047937870025635, 0.06555858254432678], [-0.4966371953487396, 0.21256177127361298]]",False
early_neutral,3,1932,0.356214595134955,-2,[0],"[[-0.9908088445663452, -0.0], [-0.48034945130348206, -0.21235771477222443], [-0.598514974117279, -0.0686422735452652], [-0.6046012043952942, 0.06552863121032715], [-0.4966371953487396, 0.21256177127361298]]",False
early_neutral,3,1933,0.3558813728757081,-2,[0],"[[-0.9908088445663452, -0.0], [-0.48034945130348206, -0.21235771477222443], [-0.594447910785675, -0.06872419267892838], [-0.6011895537376404, 0.06510304659605026], [-0.4966371953487396, 0.21256177127361298]]",False
early_neutral,3,1934,0.35554815061646117,-2,[0],"[[-0.9887694120407104, -0.00010202315752394497], [-0.48034945130348206, -0.21235771477222443], [-0.5889090299606323, -0.0688999816775322], [-0.5960995554924011, 0.06471969932317734], [-0.4952298104763031, 0.21274709701538086]]",False
early_neutral,3,1935,0.35521492835721424,-2,[0],"[[-0.9841958284378052, -0.0002477163216099143], [-0.48034945130348206, -0.21235771477222443], [-0.5824966430664062, -0.06913869827985764], [-0.5895543694496155, 0.06450764089822769], [-0.4912501871585846, 0.21303176879882812]]",False
early_neutral,3,1936,0.3548817060979673,-2,[0],"[[-0.978101909160614, -0.0002998827549163252], [-0.48034945130348206, -0.21235771477222443], [-0.5760722160339355, -0.0693640410900116], [-0.5816950798034668, 0.06431064754724503], [-0.4858143627643585, 0.2130262702703476]]",False
early_neutral,3,1937,0.35454848383872045,-2,[0],"[[-0.970607578754425, -0.0003076982975471765], [-0.48034945130348206, -0.21235771477222443], [-0.569646418094635, -0.06957317888736725], [-0.5727043747901917, 0.06413188576698303], [-0.478989839553833, 0.21289649605751038]]",False
early_neutral,3,1938,0.35421526157947353,-2,[0],"[[-0.961870014667511, -0.0003016619011759758], [-0.48034945130348206, -0.21235771477222443], [-0.5632185935974121, -0.06975403428077698], [-0.5632360577583313, 0.06398481875658035], [-0.47089529037475586, 0.21272921562194824]]",False
early_neutral,3,1939,0.3538820393202266,-2,[0],"[[-0.9525055885314941, -0.0002844988484866917], [-0.48034945130348206, -0.21235771477222443], [-0.556788980960846, -0.06990492343902588], [-0.5529590249061584, 0.06386222690343857], [-0.4617064595222473, 0.2125512808561325]]",False
early_neutral,3,1940,0.3535488170609797,-2,[0],"[[-0.9424627423286438, -0.0002644325722940266], [-0.48034945130348206, -0.21235771477222443], [-0.5503576397895813, -0.0700213760137558], [-0.5422065258026123, 0.06378177553415298], [-0.4515947997570038, 0.21239839494228363]]",False
early_neutral,3,1941,0.35321559480173276,-2,[0],"[[-0.9316772818565369, -0.00024126700009219348], [-0.48034945130348206, -0.21235771477222443], [-0.5439249873161316, -0.07010086625814438], [-0.5312225818634033, 0.06376010179519653], [-0.440803587436676, 0.21228748559951782]]",False
early_neutral,3,1942,0.35288237254248583,-2,[0],"[[-0.9207824468612671, -0.0002171240485040471], [-0.48034945130348206, -0.21235771477222443], [-0.537491500377655, -0.07014260441064835], [-0.5195857286453247, 0.06379050761461258], [-0.42986953258514404, 0.2122468650341034]]",False
early_neutral,3,1943,0.3525491502832389,-2,[0],"[[-0.9092616438865662, -0.00019103586964774877], [-0.48034945130348206, -0.21235771477222443], [-0.5310577154159546, -0.07014475017786026], [-0.5073625445365906, 0.06387614458799362], [-0.41829660534858704, 0.21227259933948517]]",False
early_neutral,3,1944,0.352215928023992,-2,[0],"[[-0.8971497416496277, -0.00016331124061252922], [-0.48034945130348206, -0.21235771477222443], [-0.524624228477478, -0.07010704278945923], [-0.49466609954833984, 0.06405201554298401], [-0.4061369001865387, 0.21235623955726624]]",False
early_neutral,3,1945,0.35188270576474506,-2,[0],"[[-0.8845447897911072, -0.00013423185737337917], [-0.4804238975048065, -0.21269236505031586], [-0.5181915760040283, -0.07002697885036469], [-0.4815998077392578, 0.06430330872535706], [-0.393489271402359, 0.21254290640354156]]",False
early_neutral,3,1946,0.3515494835054982,-2,[0],"[[-0.8715574145317078, -0.00010405387729406357], [-0.4807822108268738, -0.21497589349746704], [-0.5117605924606323, -0.06990385800600052], [-0.4682488739490509, 0.06464937329292297], [-0.38046014308929443, 0.2128027081489563]]",False
early_neutral,3,1947,0.35121626124625127,-2,[0],"[[-0.8582764267921448, -7.3077499109786e-05], [-0.48098111152648926, -0.21815282106399536], [-0.5053319931030273, -0.06973496824502945], [-0.454679936170578, 0.06508468091487885], [-0.3671301603317261, 0.21300913393497467]]",False
early_neutral,3,1948,0.35088303898700435,-2,[0],"[[-0.8448683023452759, -4.170130341663025e-05], [-0.48103830218315125, -0.22223004698753357], [-0.4989069700241089, -0.06951690465211868], [-0.44094589352607727, 0.06560665369033813], [-0.3535677194595337, 0.21314729750156403]]",False
early_neutral,3,1949,0.3505498167277574,-2,[0],"[[-0.834078311920166, -1.6415164282079786e-05], [-0.4810743033885956, -0.2271740585565567], [-0.49248623847961426, -0.06925002485513687], [-0.42708832025527954, 0.06621657311916351], [-0.33982691168785095, 0.21318452060222626]]",False
early_neutral,3,1950,0.3502165944685105,-2,[0],"[[-0.827947199344635, -2.000845142902108e-06], [-0.48108768463134766, -0.23207087814807892], [-0.48607057332992554, -0.06893613189458847], [-0.4131397008895874, 0.066915363073349], [-0.3259512484073639, 0.21309752762317657]]",False
early_neutral,3,1951,0.3498833722092636,-2,[0],"[[-0.8248213529586792, 1.0823053344211075e-05], [-0.4811020493507385, -0.2335636019706726], [-0.47966068983078003, -0.06857551634311676], [-0.3991255462169647, 0.06770492345094681], [-0.31197860836982727, 0.21282519400119781]]",False
early_neutral,3,1952,0.34955014995001665,-2,[0],"[[-0.8247405886650085, 1.7498687157058157e-05], [-0.4811020493507385, -0.2335636019706726], [-0.47325724363327026, -0.06816960871219635], [-0.3850654363632202, 0.06858520209789276], [-0.2979462146759033, 0.2122776061296463]]",False
early_neutral,3,1953,0.34921692769076973,-2,[0],"[[-0.8247094750404358, 2.1469220882863738e-05], [-0.4811020493507385, -0.2335636019706726], [-0.4668607711791992, -0.06771928071975708], [-0.37097498774528503, 0.06955718249082565], [-0.28388887643814087, 0.2114342749118805]]",False
early_neutral,3,1954,0.3488837054315228,-2,[0],"[[-0.8247094750404358, 2.1469220882863738e-05], [-0.4811020493507385, -0.2335636019706726], [-0.46047183871269226, -0.06722579896450043], [-0.3568648099899292, 0.07061278820037842], [-0.2698568105697632, 0.21018853783607483]]",False
early_neutral,3,1955,0.3485504831722759,-2,[0],"[[-0.8247094750404358, 2.1469220882863738e-05], [-0.4811020493507385, -0.2335636019706726], [-0.4540904760360718, -0.0666922777891159], [-0.34273332357406616, 0.0716935247182846], [-0.25588637590408325, 0.20854555070400238]]",False
early_neutral,3,1956,0.348217260913029,-2,[0],"[[-0.8247094750404358, 2.1469220882863738e-05], [-0.4811020493507385, -0.2335636019706726], [-0.4476358890533447, -0.06612081825733185], [-0.3285847008228302, 0.0727873370051384], [-0.2417425960302353, 0.20765580236911774]]",False
early_neutral,3,1957,0.3478840386537821,-2,[0],"[[-0.8247094750404358, 2.1469220882863738e-05], [-0.4811376929283142, -0.23390094935894012], [-0.44014012813568115, -0.06554579734802246], [-0.31440478563308716, 0.07378596812486649], [-0.2275368720293045, 0.2081907093524933]]",False
early_neutral,3,1958,0.34755081639453517,-2,[0],"[[-0.8258097171783447, -9.630044951336458e-05], [-0.48130911588668823, -0.23619407415390015], [-0.4314410984516144, -0.06503251940011978], [-0.3001859188079834, 0.07460042834281921], [-0.21348664164543152, 0.20976686477661133]]",False
early_neutral,3,1959,0.34721759413528824,-2,[0],"[[-0.8295855522155762, -0.00036526209441944957], [-0.4814041256904602, -0.23937354981899261], [-0.42208153009414673, -0.06455525010824203], [-0.2859446406364441, 0.07530444860458374], [-0.19945262372493744, 0.21144720911979675]]",False
early_neutral,3,1960,0.3468843718760413,-2,[0],"[[-0.8347315192222595, -0.00048291191342286766], [-0.481431245803833, -0.24345092475414276], [-0.4120161533355713, -0.06401412934064865], [-0.27171623706817627, 0.07615659385919571], [-0.18542887270450592, 0.21319328248500824]]",False
early_neutral,3,1961,0.3465511496167944,-2,[0],"[[-0.8411272764205933, -0.0005223604384809732], [-0.48144832253456116, -0.2483949214220047], [-0.4012874364852905, -0.0634039118885994], [-0.2575092017650604, 0.07717781513929367], [-0.17142729461193085, 0.21503427624702454]]",False
early_neutral,3,1962,0.3462179273575475,-2,[0],"[[-0.8485493063926697, -0.000546651310287416], [-0.48145177960395813, -0.2541155219078064], [-0.3904537558555603, -0.06274179369211197], [-0.2433290183544159, 0.07836546748876572], [-0.15745361149311066, 0.21697835624217987]]",False
early_neutral,3,1963,0.34588470509830055,-2,[0],"[[-0.8564856648445129, -0.0005494882352650166], [-0.48145318031311035, -0.26009640097618103], [-0.37905776500701904, -0.06199928745627403], [-0.2291809767484665, 0.0797182247042656], [-0.14352889358997345, 0.21907582879066467]]",False
early_neutral,3,1964,0.3455514828390536,-2,[0],"[[-0.8643234968185425, -0.0005338889313861728], [-0.4813777804374695, -0.26604869961738586], [-0.36944663524627686, -0.06116524338722229], [-0.21614564955234528, 0.08099888265132904], [-0.12968164682388306, 0.22138763964176178]]",False
early_neutral,3,1965,0.34521826057980676,-2,[0],"[[-0.8673136234283447, -0.0005257189041003585], [-0.4794958531856537, -0.27018192410469055], [-0.360416054725647, -0.060055576264858246], [-0.20690588653087616, 0.08105950057506561], [-0.11592844873666763, 0.2239305078983307]]",False
early_neutral,3,1966,0.34488503832055983,-2,[0],"[[-0.867368221282959, -0.0005127389449626207], [-0.4748997390270233, -0.2710743546485901], [-0.35146528482437134, -0.0586974062025547], [-0.19999532401561737, 0.07872587442398071], [-0.10232256352901459, 0.22679220139980316]]",False
early_neutral,3,1967,0.3445518160613129,-2,[0],"[[-0.8639227151870728, -0.00033552246168255806], [-0.4687265455722809, -0.27039018273353577], [-0.34255701303482056, -0.05722522735595703], [-0.19577114284038544, 0.07479719817638397], [-0.08888930827379227, 0.22998277842998505]]",False
early_neutral,3,1968,0.344218593802066,-2,[0],"[[-0.8587663769721985, -0.00016907232929952443], [-0.46129006147384644, -0.26926717162132263], [-0.3336937427520752, -0.05564242973923683], [-0.19493511319160461, 0.07041212171316147], [-0.07572381943464279, 0.23361489176750183]]",False
early_neutral,3,1969,0.34388537154281906,-2,[0],"[[-0.852905809879303, 7.618849485879764e-05], [-0.45280370116233826, -0.26763930916786194], [-0.32489490509033203, -0.05391426011919975], [-0.19484452903270721, 0.06569860130548477], [-0.06290864944458008, 0.23774461448192596]]",False
early_neutral,3,1970,0.34355214928357214,-2,[0],"[[-0.8485556244850159, 0.0009425607277080417], [-0.44340094923973083, -0.26572898030281067], [-0.31617116928100586, -0.0520317405462265], [-0.1947934329509735, 0.06017984449863434], [-0.05111004039645195, 0.24194009602069855]]",False
early_neutral,3,1971,0.3432189270243252,-2,[0],"[[-0.8476712703704834, 0.0015490780351683497], [-0.4332164525985718, -0.26360127329826355], [-0.30754056572914124, -0.04997582361102104], [-0.1947845220565796, 0.05420486256480217], [-0.042832814157009125, 0.24483922123908997]]",False
early_neutral,3,1972,0.3428857047650783,-2,[0],"[[-0.8507042527198792, 0.002424109959974885], [-0.42232975363731384, -0.26127466559410095], [-0.29902637004852295, -0.047723788768053055], [-0.19478130340576172, 0.04822400212287903], [-0.0396747961640358, 0.24594630300998688]]",False
early_neutral,3,1973,0.34255248250583137,-2,[0],"[[-0.8549349904060364, 0.0035073338076472282], [-0.41085734963417053, -0.2587386667728424], [-0.2906447649002075, -0.045270439237356186], [-0.1947804093360901, 0.04224314168095589], [-0.041605085134506226, 0.24539652466773987]]",False
early_neutral,3,1974,0.34221926024658444,-2,[0],"[[-0.8606468439102173, 0.004461954813450575], [-0.39894405007362366, -0.25599485635757446], [-0.2824370861053467, -0.04257974028587341], [-0.19478029012680054, 0.036262281239032745], [-0.04513368383049965, 0.2442246377468109]]",False
early_neutral,3,1975,0.3418860379873376,-2,[0],"[[-0.867891788482666, 0.004911411553621292], [-0.38678494095802307, -0.2529197633266449], [-0.27441227436065674, -0.039651647210121155], [-0.19478023052215576, 0.030281418934464455], [-0.049817975610494614, 0.24249312281608582]]",False
early_neutral,3,1976,0.34155281572809065,-2,[0],"[[-0.876488983631134, 0.005021662916988134], [-0.3745248019695282, -0.24946118891239166], [-0.2661876380443573, -0.03660149127244949], [-0.19478023052215576, 0.024300556629896164], [-0.05559126287698746, 0.24014060199260712]]",False
early_neutral,3,1977,0.34121959346884373,-2,[0],"[[-0.8856796026229858, 0.004973270930349827], [-0.36216574907302856, -0.24575582146644592], [-0.25720450282096863, -0.03336816653609276], [-0.19478023052215576, 0.018319696187973022], [-0.062250182032585144, 0.2371392846107483]]",False
early_neutral,3,1978,0.3408863712095968,-2,[0],"[[-0.8948670625686646, 0.004803427029401064], [-0.34976160526275635, -0.24182702600955963], [-0.2487364113330841, -0.030369427055120468], [-0.19478023052215576, 0.01233883760869503], [-0.0697772279381752, 0.23371580243110657]]",False
early_neutral,3,1979,0.3405531489503499,-2,[0],"[[-0.9040533304214478, 0.00460785161703825], [-0.3373624086380005, -0.23768344521522522], [-0.24311600625514984, -0.028195220977067947], [-0.19478023052215576, 0.006357974838465452], [-0.07811196893453598, 0.22999659180641174]]",False
early_neutral,3,1980,0.34021992669110296,-2,[0],"[[-0.913238525390625, 0.004391967318952084], [-0.3250410258769989, -0.23329269886016846], [-0.237973153591156, -0.026048535481095314], [-0.19478023052215576, 0.0003771148913074285], [-0.08692339807748795, 0.22619229555130005]]",False
early_neutral,3,1981,0.33988670443185603,-2,[0],"[[-0.9224233627319336, 0.004171072505414486], [-0.31279242038726807, -0.2287069410085678], [-0.23658911883831024, -0.025456231087446213], [-0.19454799592494965, -0.004887449089437723], [-0.09629535675048828, 0.2223280817270279]]",False
early_neutral,3,1982,0.3395534821726091,-2,[0],"[[-0.931608259677887, 0.003949557896703482], [-0.30038708448410034, -0.22421850264072418], [-0.23658911883831024, -0.025456231087446213], [-0.19407646358013153, -0.006812745239585638], [-0.10635111480951309, 0.21842394769191742]]",False
early_neutral,3,1983,0.3392202599133622,-2,[0],"[[-0.9407932162284851, 0.0037282027769833803], [-0.2877921760082245, -0.21989241242408752], [-0.23866818845272064, -0.025451773777604103], [-0.194096639752388, -0.0067765661515295506], [-0.11746177822351456, 0.2161898910999298]]",False
early_neutral,3,1984,0.3388870376541153,-2,[0],"[[-0.9499781131744385, 0.0035079335793852806], [-0.2751027047634125, -0.21563303470611572], [-0.24285472929477692, -0.02544713392853737], [-0.19484084844589233, -0.004645433276891708], [-0.12877443432807922, 0.21692176163196564]]",False
early_neutral,3,1985,0.3385538153948684,-2,[0],"[[-0.9586777687072754, 0.0033004756551235914], [-0.2623932361602783, -0.21136000752449036], [-0.24835297465324402, -0.025457225739955902], [-0.19532251358032227, -0.0014830947620794177], [-0.13813020288944244, 0.21843042969703674]]",False
early_neutral,3,1986,0.3382205931356215,-2,[0],"[[-0.9666932225227356, 0.00311147328466177], [-0.24970223009586334, -0.20703497529029846], [-0.25518953800201416, -0.025564556941390038], [-0.19544073939323425, 0.002606426365673542], [-0.14687620103359222, 0.22026604413986206]]",False
early_neutral,3,1987,0.33788737087637455,-2,[0],"[[-0.9746606945991516, 0.0029254870023578405], [-0.23715060949325562, -0.20252011716365814], [-0.26319023966789246, -0.025833507999777794], [-0.19551843404769897, 0.007553884759545326], [-0.15556475520133972, 0.2222127765417099]]",False
early_neutral,3,1988,0.3375541486171276,-2,[0],"[[-0.9793652296066284, 0.0027866591699421406], [-0.22476333379745483, -0.19780179858207703], [-0.26978906989097595, -0.026076743379235268], [-0.19553476572036743, 0.013267126865684986], [-0.16447848081588745, 0.22366277873516083]]",False
early_neutral,3,1989,0.3372209263578807,-2,[0],"[[-0.980753481388092, 0.002716410905122757], [-0.2126692533493042, -0.19276171922683716], [-0.2762158215045929, -0.02627243846654892], [-0.19553959369659424, 0.019247986376285553], [-0.1732838749885559, 0.22457852959632874]]",False
early_neutral,3,1990,0.3368877040986338,-2,[0],"[[-0.9807758331298828, 0.00271492637693882], [-0.2009410560131073, -0.18736036121845245], [-0.2826472520828247, -0.026363398879766464], [-0.195541113615036, 0.025228846818208694], [-0.17982923984527588, 0.22484762966632843]]",False
early_neutral,3,1991,0.33655448183938685,-2,[0],"[[-0.9807758331298828, 0.00271492637693882], [-0.19040709733963013, -0.18211281299591064], [-0.2890743315219879, -0.02618853561580181], [-0.1955413818359375, 0.031209707260131836], [-0.18625620007514954, 0.22469228506088257]]",False
early_neutral,3,1992,0.33622125958013993,-2,[0],"[[-0.9807758331298828, 0.00271492637693882], [-0.18389840424060822, -0.17756204307079315], [-0.29547029733657837, -0.02574162930250168], [-0.19554150104522705, 0.037190571427345276], [-0.19265957176685333, 0.2242857813835144]]",False
early_neutral,3,1993,0.33588803732089306,-2,[0],"[[-0.9807758331298828, 0.00271492637693882], [-0.1809590756893158, -0.17250676453113556], [-0.3018079996109009, -0.025025036185979843], [-0.19554150104522705, 0.04317142814397812], [-0.199051633477211, 0.22381004691123962]]",False
early_neutral,3,1994,0.33555481506164614,-2,[0],"[[-0.9807758331298828, 0.00271492637693882], [-0.1807689666748047, -0.1683405190706253], [-0.30806079506874084, -0.0240419190376997], [-0.19554150104522705, 0.04915228858590126], [-0.20543357729911804, 0.2232905626296997]]",False
early_neutral,3,1995,0.3352215928023992,-2,[0],"[[-0.9807758331298828, 0.00271492637693882], [-0.18231378495693207, -0.16427817940711975], [-0.31420212984085083, -0.022796431556344032], [-0.19554150104522705, 0.0551331490278244], [-0.21168619394302368, 0.22286269068717957]]",False
early_neutral,3,1996,0.3348883705431523,-2,[0],"[[-0.9807758331298828, 0.00271492637693882], [-0.1857955902814865, -0.16111046075820923], [-0.3187705874443054, -0.021713893860578537], [-0.19554150104522705, 0.06111400946974754], [-0.21807971596717834, 0.22252589464187622]]",False
early_neutral,3,1997,0.33455514828390537,-2,[0],"[[-0.9807758331298828, 0.00271492637693882], [-0.191140279173851, -0.15894117951393127], [-0.31908121705055237, -0.021639298647642136], [-0.19554150104522705, 0.06709486991167068], [-0.22450031340122223, 0.22229298949241638]]",False
early_neutral,3,1998,0.33422192602465844,-2,[0],"[[-0.9807758331298828, 0.00271492637693882], [-0.19693830609321594, -0.1571267545223236], [-0.31918543577194214, -0.021461622789502144], [-0.19554150104522705, 0.07307572662830353], [-0.23075726628303528, 0.2213757336139679]]",False
early_neutral,3,1999,0.3338887037654115,-2,[0],"[[-0.9807758331298828, 0.00271492637693882], [-0.2026270180940628, -0.15537559986114502], [-0.32036420702934265, -0.019353240728378296], [-0.19554150104522705, 0.07905659824609756], [-0.236013263463974, 0.2179913967847824]]",False
early_neutral,3,2000,0.3335554815061646,-2,[0],"[[-0.9807758331298828, 0.00271492637693882], [-0.20845255255699158, -0.1535986214876175], [-0.32196250557899475, -0.016282306984066963], [-0.19554150104522705, 0.08503744751214981], [-0.240174800157547, 0.21311067044734955]]",False
early_neutral,3,2001,0.3332222592469177,-2,[0],"[[-0.9807758331298828, 0.00271492637693882], [-0.21428030729293823, -0.15182629227638245], [-0.32292208075523376, -0.0143711743876338], [-0.19554150104522705, 0.09069038182497025], [-0.24478015303611755, 0.2078334242105484]]",False
early_neutral,3,2002,0.33288903698767075,-2,[0],"[[-0.9807758331298828, 0.00271492637693882], [-0.2199666053056717, -0.15002277493476868], [-0.32292208075523376, -0.0143711743876338], [-0.19554150104522705, 0.09336227923631668], [-0.24990840256214142, 0.2027527391910553]]",False
early_neutral,3,2003,0.3325558147284239,-2,[0],"[[-0.9807758331298828, 0.00271492637693882], [-0.22565823793411255, -0.14812462031841278], [-0.3233208954334259, -0.013937676325440407], [-0.19554203748703003, 0.09360010176897049], [-0.25542381405830383, 0.19779913127422333]]",False
early_neutral,3,2004,0.33222259246917696,-2,[0],"[[-0.9807758331298828, 0.00271492637693882], [-0.23136389255523682, -0.14613085985183716], [-0.3255976736545563, -0.01192186027765274], [-0.19557657837867737, 0.09179072827100754], [-0.2615197002887726, 0.19254302978515625]]",False
early_neutral,3,2005,0.33188937020993003,-2,[0],"[[-0.9807758331298828, 0.00271492637693882], [-0.2379271388053894, -0.14382398128509521], [-0.3292383849620819, -0.009454131126403809], [-0.19560512900352478, 0.08888931572437286], [-0.26818785071372986, 0.1870197206735611]]",False
early_neutral,3,2006,0.3315561479506831,-2,[0],"[[-0.9807758331298828, 0.00271492637693882], [-0.24559901654720306, -0.1411573588848114], [-0.33371812105178833, -0.006896610371768475], [-0.19668610394001007, 0.08569103479385376], [-0.27371007204055786, 0.18214131891727448]]",False
early_neutral,3,2007,0.3312229256914362,-2,[0],"[[-0.9807758331298828, 0.00271492637693882], [-0.2525465190410614, -0.13916759192943573], [-0.3385724723339081, -0.00441022589802742], [-0.20130184292793274, 0.08480706065893173], [-0.27807101607322693, 0.177237406373024]]",False
early_neutral,3,2008,0.33088970343218926,-2,[0],"[[-0.9807758331298828, 0.00271492637693882], [-0.2562183439731598, -0.14012028276920319], [-0.34382814168930054, -0.0019961765501648188], [-0.20733365416526794, 0.08579865843057632], [-0.2816409468650818, 0.17197440564632416]]",False
early_neutral,3,2009,0.33055648117294234,-2,[0],"[[-0.9807758331298828, 0.00271492637693882], [-0.2574772834777832, -0.14318954944610596], [-0.34923607110977173, 0.0002454994828440249], [-0.214393749833107, 0.08748806267976761], [-0.28412818908691406, 0.16632229089736938]]",False
early_neutral,3,2010,0.3302232589136954,-2,[0],"[[-0.9807758331298828, 0.00271492637693882], [-0.2592175006866455, -0.14709390699863434], [-0.35465794801712036, 0.0022935429587960243], [-0.22237108647823334, 0.0897553339600563], [-0.28537875413894653, 0.16049185395240784]]",False
early_neutral,3,2011,0.3298900366544485,-2,[0],"[[-0.9807758331298828, 0.00271492637693882], [-0.2615678906440735, -0.1509895771741867], [-0.36034947633743286, 0.004245107527822256], [-0.2308335155248642, 0.09233656525611877], [-0.28597864508628845, 0.1545240581035614]]",False
early_neutral,3,2012,0.3295568143952016,-2,[0],"[[-0.9807758331298828, 0.00271492637693882], [-0.26583242416381836, -0.15363958477973938], [-0.36615073680877686, 0.0060056112706661224], [-0.23995015025138855, 0.09504583477973938], [-0.2862544357776642, 0.14854618906974792]]",False
early_neutral,3,2013,0.3292235921359547,-2,[0],"[[-0.9807758331298828, 0.00271492637693882], [-0.27185359597206116, -0.15479394793510437], [-0.37195470929145813, 0.007466253824532032], [-0.24975021183490753, 0.09785833209753036], [-0.2862929701805115, 0.14256539940834045]]",False
early_neutral,3,2014,0.3288903698767078,-2,[0],"[[-0.9807758331298828, 0.00271492637693882], [-0.2782011330127716, -0.15516118705272675], [-0.3780984580516815, 0.008706487715244293], [-0.2597545385360718, 0.10053301602602005], [-0.2863091826438904, 0.1365845501422882]]",False
early_neutral,3,2015,0.32855714761746085,-2,[0],"[[-0.9807758331298828, 0.00271492637693882], [-0.28420841693878174, -0.1550755798816681], [-0.38455522060394287, 0.00970485433936119], [-0.27044013142585754, 0.10319903492927551], [-0.28631314635276794, 0.13060370087623596]]",False
early_neutral,3,2016,0.32822392535821393,-2,[0],"[[-0.9807758331298828, 0.00271492637693882], [-0.2905687987804413, -0.15452802181243896], [-0.39224398136138916, 0.010568605735898018], [-0.2814170718193054, 0.1055939719080925], [-0.2866467535495758, 0.12487130612134933]]",False
early_neutral,3,2017,0.327890703098967,-2,[0],"[[-0.9807758331298828, 0.00271492637693882], [-0.2968288064002991, -0.15356776118278503], [-0.4011101722717285, 0.011180304922163486], [-0.2919888198375702, 0.10712479799985886], [-0.2876063585281372, 0.11957183480262756]]",False
early_neutral,3,2018,0.3275574808397201,-2,[0],"[[-0.9807758331298828, 0.00271492637693882], [-0.3029388189315796, -0.15249879658222198], [-0.4102810025215149, 0.011575412005186081], [-0.3022955358028412, 0.10793480277061462], [-0.2897321581840515, 0.11448992788791656]]",False
early_neutral,3,2019,0.32722425858047316,-2,[0],"[[-0.9807758331298828, 0.00271492637693882], [-0.30908510088920593, -0.15134775638580322], [-0.41946467757225037, 0.01181273628026247], [-0.31318628787994385, 0.10863040387630463], [-0.2947433590888977, 0.11015523225069046]]",False
early_neutral,3,2020,0.32689103632122624,-2,[0],"[[-0.9807758331298828, 0.00271492637693882], [-0.31523817777633667, -0.150127574801445], [-0.42865443229675293, 0.011914383620023727], [-0.3246559202671051, 0.10928478837013245], [-0.30145928263664246, 0.10616171360015869]]",False
early_neutral,3,2021,0.32655781406197937,-2,[0],"[[-0.9807758331298828, 0.00271492637693882], [-0.32136714458465576, -0.14902403950691223], [-0.43784546852111816, 0.01193518377840519], [-0.33633139729499817, 0.10980895906686783], [-0.30823156237602234, 0.10216545313596725]]",False
early_neutral,3,2022,0.32622459180273244,-2,[0],"[[-0.9807758331298828, 0.00271492637693882], [-0.3275424838066101, -0.1480969339609146], [-0.44703617691993713, 0.01187796238809824], [-0.3489619493484497, 0.11096539348363876], [-0.3148241341114044, 0.09801413863897324]]",False
early_neutral,3,2023,0.3258913695434855,-2,[0],"[[-0.9807758331298828, 0.00271492637693882], [-0.3338671326637268, -0.147330641746521], [-0.45622512698173523, 0.011748152785003185], [-0.3621448874473572, 0.11213162541389465], [-0.3213270306587219, 0.09378748387098312]]",False
early_neutral,3,2024,0.3255581472842386,-2,[0],"[[-0.9807758331298828, 0.00271492637693882], [-0.34096041321754456, -0.14655587077140808], [-0.46541109681129456, 0.011547333560883999], [-0.37486326694488525, 0.11164366453886032], [-0.32782790064811707, 0.08955949544906616]]",False
early_neutral,3,2025,0.3252249250249917,-2,[0],"[[-0.9807758331298828, 0.00271492637693882], [-0.34930381178855896, -0.14562810957431793], [-0.47458651661872864, 0.011203927919268608], [-0.3872952461242676, 0.10982807725667953], [-0.3343272805213928, 0.085330531001091]]",False
early_neutral,3,2026,0.32489170276574475,-2,[0],"[[-0.9791894555091858, 0.003062969306483865], [-0.3583577573299408, -0.1446332484483719], [-0.48374491930007935, 0.01063303928822279], [-0.40006041526794434, 0.1079254075884819], [-0.34082651138305664, 0.08110148459672928]]",False
early_neutral,3,2027,0.3245584805064978,-2,[0],"[[-0.9750282764434814, 0.0040362803265452385], [-0.3674476146697998, -0.14374850690364838], [-0.49348193407058716, 0.009975170716643333], [-0.41311052441596985, 0.10600506514310837], [-0.3473256230354309, 0.07687237113714218]]",False
early_neutral,3,2028,0.3242252582472509,-2,[0],"[[-0.9694915413856506, 0.005446346942335367], [-0.3765634000301361, -0.14298482239246368], [-0.5040399432182312, 0.009318357333540916], [-0.4264051020145416, 0.10414370149374008], [-0.3538247346878052, 0.0726432278752327]]",False
early_neutral,3,2029,0.323892035988004,-2,[0],"[[-0.9626829028129578, 0.007262813858687878], [-0.38570648431777954, -0.14237599074840546], [-0.515317440032959, 0.008676989935338497], [-0.43991661071777344, 0.10242433845996857], [-0.36032384634017944, 0.0684140995144844]]",False
early_neutral,3,2030,0.32355881372875706,-2,[0],"[[-0.9547443985939026, 0.00944580789655447], [-0.3948724865913391, -0.1419360637664795], [-0.5272100567817688, 0.008104503154754639], [-0.45359644293785095, 0.10083271563053131], [-0.3668229281902313, 0.06418494880199432]]",False
early_neutral,3,2031,0.3232255914695102,-2,[0],"[[-0.9462105631828308, 0.011907306499779224], [-0.40405336022377014, -0.1416562795639038], [-0.5367100238800049, 0.007694630417972803], [-0.46740397810935974, 0.09934508800506592], [-0.3733220100402832, 0.05995582044124603]]",False
early_neutral,3,2032,0.32289236921026326,-2,[0],"[[-0.9372304677963257, 0.014698131941258907], [-0.4132419526576996, -0.14152096211910248], [-0.5431632995605469, 0.007434111088514328], [-0.48131272196769714, 0.09795978665351868], [-0.37982112169265747, 0.055726680904626846]]",False
early_neutral,3,2033,0.32255914695101634,-2,[0],"[[-0.9276819825172424, 0.017896778881549835], [-0.42243269085884094, -0.14154180884361267], [-0.5499647855758667, 0.007192184682935476], [-0.49529749155044556, 0.0966542437672615], [-0.38632020354270935, 0.05149754136800766]]",False
early_neutral,3,2034,0.3222259246917694,-2,[0],"[[-0.9181360602378845, 0.021268952637910843], [-0.43161407113075256, -0.1418074071407318], [-0.5580064058303833, 0.006998779717832804], [-0.5093421936035156, 0.0954231545329094], [-0.3928193151950836, 0.047268420457839966]]",False
early_neutral,3,2035,0.3218927024325225,-2,[0],"[[-0.9081692099571228, 0.0249436367303133], [-0.44076865911483765, -0.14233499765396118], [-0.5671432614326477, 0.006887952797114849], [-0.5234329700469971, 0.09425513446331024], [-0.3993184566497803, 0.04303928092122078]]",False
early_neutral,3,2036,0.32155948017327557,-2,[0],"[[-0.8977717757225037, 0.02890988439321518], [-0.44990596175193787, -0.14298169314861298], [-0.5771617293357849, 0.006841876544058323], [-0.5375584363937378, 0.09313558042049408], [-0.40581756830215454, 0.03881015628576279]]",False
early_neutral,3,2037,0.32122625791402865,-2,[0],"[[-0.887097179889679, 0.03321429342031479], [-0.45904281735420227, -0.1436310112476349], [-0.5879619717597961, 0.006854739505797625], [-0.551710307598114, 0.09205509722232819], [-0.4123166799545288, 0.0345810241997242]]",False
early_neutral,3,2038,0.3208930356547817,-2,[0],"[[-0.876270055770874, 0.037838514894247055], [-0.4681813418865204, -0.144270122051239], [-0.5994584560394287, 0.006927039474248886], [-0.5658748745918274, 0.0909639224410057], [-0.4188157618045807, 0.030351893976330757]]",False
early_neutral,3,2039,0.3205598133955348,-2,[0],"[[-0.8654035329818726, 0.042775023728609085], [-0.4773285388946533, -0.14485421776771545], [-0.6115646362304688, 0.00708891311660409], [-0.5800473690032959, 0.08985593914985657], [-0.42531490325927734, 0.026122771203517914]]",False
early_neutral,3,2040,0.32022659113628793,-2,[0],"[[-0.8546165823936462, 0.04803907871246338], [-0.48648399114608765, -0.1453808695077896], [-0.6241527199745178, 0.007348440587520599], [-0.5942288041114807, 0.08875065296888351], [-0.4318139851093292, 0.021893633529543877]]",False
early_neutral,3,2041,0.319893368877041,-2,[0],"[[-0.8442627787590027, 0.053830403834581375], [-0.4956429898738861, -0.14588095247745514], [-0.6371212601661682, 0.007634204812347889], [-0.6084191203117371, 0.08765926212072372], [-0.4383131265640259, 0.017664514482021332]]",False
early_neutral,3,2042,0.3195601466177941,-2,[0],"[[-0.834773063659668, 0.06033802032470703], [-0.5048037767410278, -0.14636701345443726], [-0.6503862738609314, 0.007938047870993614], [-0.6226140856742859, 0.08656778931617737], [-0.44481220841407776, 0.01343537773936987]]",False
early_neutral,3,2043,0.31922692435854716,-2,[0],"[[-0.826282799243927, 0.06748665124177933], [-0.5124444961547852, -0.14676900207996368], [-0.6638752222061157, 0.008335893973708153], [-0.6368061900138855, 0.08544153720140457], [-0.451311320066452, 0.009206250309944153]]",False
early_neutral,3,2044,0.31889370209930024,-2,[0],"[[-0.8191366791725159, 0.0752895176410675], [-0.5188553929328918, -0.14712190628051758], [-0.6775267720222473, 0.008911303244531155], [-0.650994062423706, 0.08427845686674118], [-0.4578104317188263, 0.004977121949195862]]",False
early_neutral,3,2045,0.3185604798400533,-2,[0],"[[-0.8133553862571716, 0.08361294120550156], [-0.5252646803855896, -0.14748676121234894], [-0.6908153295516968, 0.009612374007701874], [-0.6651754379272461, 0.08307135105133057], [-0.46430957317352295, 0.0007479884079657495]]",False
early_neutral,3,2046,0.3182272575808064,-2,[0],"[[-0.8075267672538757, 0.09260585159063339], [-0.5316745638847351, -0.1478477269411087], [-0.7008841037750244, 0.010269973427057266], [-0.6793489456176758, 0.08181820809841156], [-0.4708086848258972, -0.003481130814179778]]",False
early_neutral,3,2047,0.31789403532155946,-2,[0],"[[-0.8010103702545166, 0.10265457630157471], [-0.538085401058197, -0.14820164442062378], [-0.7099928855895996, 0.011048772372305393], [-0.6935261487960815, 0.08057626336812973], [-0.4773077964782715, -0.007710270117968321]]",False
early_neutral,3,2048,0.31756081306231254,-2,[0],"[[-0.7961127758026123, 0.11026569455862045], [-0.5444768071174622, -0.14858092367649078], [-0.7167673707008362, 0.012813719920814037], [-0.7077204585075378, 0.07941551506519318], [-0.48380690813064575, -0.011939392425119877]]",False
early_neutral,3,2049,0.3172275908030656,-2,[0],"[[-0.7943209409713745, 0.11332063376903534], [-0.5507314801216125, -0.1490052193403244], [-0.7189431190490723, 0.016302933916449547], [-0.7219362854957581, 0.07836885750293732], [-0.49030601978302, -0.01616852730512619]]",False
early_neutral,3,2050,0.31689436854381875,-2,[0],"[[-0.7945338487625122, 0.11334571242332458], [-0.5571215152740479, -0.14949262142181396], [-0.7196385860443115, 0.02081920951604843], [-0.7361943125724792, 0.07760055363178253], [-0.4968051016330719, -0.02039765566587448]]",False
early_neutral,3,2051,0.3165611462845718,-2,[0],"[[-0.7946922779083252, 0.1133967712521553], [-0.5634995698928833, -0.14995455741882324], [-0.7205789685249329, 0.02610986866056919], [-0.7504835724830627, 0.07713530957698822], [-0.5033042430877686, -0.024626780301332474]]",False
early_neutral,3,2052,0.3162279240253249,-2,[0],"[[-0.7948186993598938, 0.11342854052782059], [-0.5697489976882935, -0.15024858713150024], [-0.7218286395072937, 0.03202937915921211], [-0.7647899985313416, 0.07710389792919159], [-0.5098033547401428, -0.02885591797530651]]",False
early_neutral,3,2053,0.315894701766078,-2,[0],"[[-0.7947747111320496, 0.11348620802164078], [-0.5761789083480835, -0.15038694441318512], [-0.7235427498817444, 0.03817233443260193], [-0.77907794713974, 0.07758071273565292], [-0.5163024663925171, -0.033085037022829056]]",False
early_neutral,3,2054,0.31556147950683106,-2,[0],"[[-0.7947877645492554, 0.11331769078969955], [-0.5814451575279236, -0.15039967000484467], [-0.7258573770523071, 0.0447864793241024], [-0.7932560443878174, 0.07878845185041428], [-0.5228015780448914, -0.037314172834157944]]",False
early_neutral,3,2055,0.31522825724758413,-2,[0],"[[-0.7947239279747009, 0.11316106468439102], [-0.5820152759552002, -0.15040089190006256], [-0.7294005751609802, 0.05055795982480049], [-0.8070389628410339, 0.08126109838485718], [-0.5293006896972656, -0.041543301194906235]]",False
early_neutral,3,2056,0.3148950349883372,-2,[0],"[[-0.7927608489990234, 0.11318580061197281], [-0.5820152759552002, -0.15040089190006256], [-0.7356470227241516, 0.05521203950047493], [-0.8200390338897705, 0.08486755192279816], [-0.5352923274040222, -0.04546021670103073]]",False
early_neutral,3,2057,0.3145618127290903,-2,[0],"[[-0.791144609451294, 0.11481388658285141], [-0.5820152759552002, -0.15040089190006256], [-0.7428991198539734, 0.05961037799715996], [-0.8301098942756653, 0.08844073116779327], [-0.5377693772315979, -0.04714905098080635]]",False
early_neutral,3,2058,0.31422859046984336,-2,[0],"[[-0.788657009601593, 0.11729525774717331], [-0.5820152759552002, -0.15040089190006256], [-0.751124918460846, 0.06349922716617584], [-0.8350155353546143, 0.09178948402404785], [-0.5377756357192993, -0.047153424471616745]]",False
early_neutral,3,2059,0.3138953682105965,-2,[0],"[[-0.785057544708252, 0.12037096917629242], [-0.5820152759552002, -0.15040089190006256], [-0.7618864178657532, 0.06687036901712418], [-0.8354167938232422, 0.09545019268989563], [-0.5377756357192993, -0.047153424471616745]]",False
early_neutral,3,2060,0.31356214595134957,-2,[0],"[[-0.7805318832397461, 0.12413912266492844], [-0.5820152759552002, -0.15040089190006256], [-0.7713087201118469, 0.0708906278014183], [-0.8326904773712158, 0.09962788969278336], [-0.5377756357192993, -0.047153424471616745]]",False
early_neutral,3,2061,0.31322892369210265,-2,[0],"[[-0.775200605392456, 0.12853769958019257], [-0.5820152759552002, -0.15040089190006256], [-0.7783812880516052, 0.07610708475112915], [-0.8279870748519897, 0.10398194938898087], [-0.5377756357192993, -0.047153424471616745]]",False
early_neutral,3,2062,0.3128957014328557,-2,[0],"[[-0.7693242430686951, 0.13336825370788574], [-0.5820152759552002, -0.15040089190006256], [-0.7837597727775574, 0.08224570006132126], [-0.8223288059234619, 0.10873526334762573], [-0.5377756357192993, -0.047153424471616745]]",False
early_neutral,3,2063,0.3125624791736088,-2,[0],"[[-0.762928307056427, 0.13862384855747223], [-0.5820152759552002, -0.15040089190006256], [-0.7868438363075256, 0.08860834687948227], [-0.8158488273620605, 0.1138119250535965], [-0.5374866127967834, -0.047125618904829025]]",False
early_neutral,3,2064,0.3122292569143619,-2,[0],"[[-0.7569059729576111, 0.14357107877731323], [-0.5803182721138, -0.14921633899211884], [-0.7868195176124573, 0.0946228951215744], [-0.8086024522781372, 0.11842384189367294], [-0.5341868996620178, -0.0468982495367527]]",False
early_neutral,3,2065,0.31189603465511495,-2,[0],"[[-0.7540163397789001, 0.1459447741508484], [-0.5772189497947693, -0.1471259593963623], [-0.7835007309913635, 0.10034475475549698], [-0.8000877499580383, 0.12262734770774841], [-0.529417872428894, -0.04675307497382164]]",False
early_neutral,3,2066,0.311562812395868,-2,[0],"[[-0.7540709972381592, 0.1459137499332428], [-0.5731469988822937, -0.1444736272096634], [-0.7773035168647766, 0.10553433001041412], [-0.7904729843139648, 0.12662556767463684], [-0.5232816338539124, -0.04671626165509224]]",False
early_neutral,3,2067,0.3112295901366211,-2,[0],"[[-0.7561414241790771, 0.1444532722234726], [-0.5688865780830383, -0.14173437654972076], [-0.7699248194694519, 0.11035306751728058], [-0.7807707786560059, 0.1310865432024002], [-0.5158282518386841, -0.046691831201314926]]",False
early_neutral,3,2068,0.31089636787737424,-2,[0],"[[-0.7580013871192932, 0.1432182490825653], [-0.5642957091331482, -0.13881509006023407], [-0.7617079615592957, 0.1149953231215477], [-0.7715213894844055, 0.13581594824790955], [-0.5071776509284973, -0.04668612778186798]]",False
early_neutral,3,2069,0.3105631456181273,-2,[0],"[[-0.754369854927063, 0.1450474113225937], [-0.5600651502609253, -0.13614946603775024], [-0.7526406645774841, 0.11956614255905151], [-0.7648957967758179, 0.13967280089855194], [-0.49798649549484253, -0.046684179455041885]]",False
early_neutral,3,2070,0.3102299233588804,-2,[0],"[[-0.7472416162490845, 0.1481340080499649], [-0.5591335892677307, -0.1355510652065277], [-0.7427825927734375, 0.12409698218107224], [-0.7592324614524841, 0.14426015317440033], [-0.48879536986351013, -0.04668356105685234]]",False
early_neutral,3,2071,0.30989670109963346,-2,[0],"[[-0.7416149973869324, 0.1497015655040741], [-0.5591335892677307, -0.1355510652065277], [-0.7320232391357422, 0.12830819189548492], [-0.7549149394035339, 0.14945925772190094], [-0.47960418462753296, -0.046683456748723984]]",False
early_neutral,3,2072,0.30956347884038654,-2,[0],"[[-0.7387298941612244, 0.14998717606067657], [-0.5591335892677307, -0.1355510652065277], [-0.7213481068611145, 0.13228775560855865], [-0.7494989633560181, 0.15504950284957886], [-0.4704129993915558, -0.046683408319950104]]",False
early_neutral,3,2073,0.3092302565811396,-2,[0],"[[-0.7391169667243958, 0.14946191012859344], [-0.5591301918029785, -0.13542219996452332], [-0.71073317527771, 0.1364147812128067], [-0.7436845302581787, 0.16008952260017395], [-0.4614853858947754, -0.04609088972210884]]",False
early_neutral,3,2074,0.3088970343218927,-2,[0],"[[-0.7418174147605896, 0.14798694849014282], [-0.5588333606719971, -0.13316559791564941], [-0.6991857886314392, 0.14097169041633606], [-0.7382277846336365, 0.16508300602436066], [-0.454067200422287, -0.04325268790125847]]",False
early_neutral,3,2075,0.30856381206264577,-2,[0],"[[-0.7458164691925049, 0.14587871730327606], [-0.5578245520591736, -0.12987397611141205], [-0.687217652797699, 0.14528492093086243], [-0.7317164540290833, 0.17117340862751007], [-0.44747021794319153, -0.03911621496081352]]",False
early_neutral,3,2076,0.30823058980339885,-2,[0],"[[-0.7510240077972412, 0.14311856031417847], [-0.5559077262878418, -0.12594419717788696], [-0.6750385761260986, 0.14926785230636597], [-0.7243051528930664, 0.17810682952404022], [-0.4409577250480652, -0.03489581122994423]]",False
early_neutral,3,2077,0.3078973675441519,-2,[0],"[[-0.7569682598114014, 0.13997644186019897], [-0.5535504817962646, -0.1220494955778122], [-0.6653536558151245, 0.15224683284759521], [-0.7167689204216003, 0.18522900342941284], [-0.4344533085823059, -0.030670132488012314]]",False
early_neutral,3,2078,0.30756414528490506,-2,[0],"[[-0.7635201215744019, 0.13652202486991882], [-0.5508863925933838, -0.11835411936044693], [-0.6590253710746765, 0.15374858677387238], [-0.709113359451294, 0.19248725473880768], [-0.4293680191040039, -0.025942066684365273]]",False
early_neutral,3,2079,0.30723092302565813,-2,[0],"[[-0.7707109451293945, 0.132735475897789], [-0.5496240258216858, -0.11691823601722717], [-0.652698278427124, 0.1540195643901825], [-0.7012394070625305, 0.19979321956634521], [-0.4277969002723694, -0.02031635120511055]]",False
early_neutral,3,2080,0.3068977007664112,-2,[0],"[[-0.7785570621490479, 0.1286056786775589], [-0.5494764447212219, -0.1167951226234436], [-0.6463992595672607, 0.1533067226409912], [-0.693165123462677, 0.20711974799633026], [-0.4277280271053314, -0.01433590054512024]]",False
early_neutral,3,2081,0.3065644785071643,-2,[0],"[[-0.7868718504905701, 0.12423071265220642], [-0.5481382608413696, -0.1160392016172409], [-0.6408898830413818, 0.15262731909751892], [-0.6849420070648193, 0.21446330845355988], [-0.427711546421051, -0.008355049416422844]]",False
early_neutral,3,2082,0.30623125624791736,-2,[0],"[[-0.7954599857330322, 0.11971304565668106], [-0.54478520154953, -0.11442869901657104], [-0.6400330066680908, 0.1525241732597351], [-0.6765932440757751, 0.22181369364261627], [-0.4277063012123108, -0.0023741922341287136]]",False
early_neutral,3,2083,0.30589803398867044,-2,[0],"[[-0.8045522570610046, 0.11493124067783356], [-0.5400063395500183, -0.11256230622529984], [-0.6400469541549683, 0.15250571072101593], [-0.6681464910507202, 0.2291679084300995], [-0.4277055263519287, 0.0036066691391170025]]",False
early_neutral,3,2084,0.3055648117294235,-2,[0],"[[-0.8140889406204224, 0.10991661250591278], [-0.5347723960876465, -0.1107126772403717], [-0.6413885354995728, 0.15092633664608002], [-0.6596305966377258, 0.2365274578332901], [-0.42770519852638245, 0.009587530978024006]]",False
early_neutral,3,2085,0.3052315894701766,-2,[0],"[[-0.8239840269088745, 0.10471493750810623], [-0.5291051268577576, -0.10885992646217346], [-0.6437786221504211, 0.14851464331150055], [-0.6513178944587708, 0.2436482012271881], [-0.4281020760536194, 0.015621470287442207]]",False
early_neutral,3,2086,0.30489836721092967,-2,[0],"[[-0.8341560363769531, 0.09936873614788055], [-0.5234175324440002, -0.10713724792003632], [-0.6470020413398743, 0.14562836289405823], [-0.6439909934997559, 0.24954238533973694], [-0.4297444820404053, 0.02199455350637436]]",False
early_neutral,3,2087,0.3045651449516828,-2,[0],"[[-0.8445413112640381, 0.09391198307275772], [-0.521469235420227, -0.10645697265863419], [-0.6489936113357544, 0.14385417103767395], [-0.6364628672599792, 0.2552054524421692], [-0.43258553743362427, 0.028556106612086296]]",False
early_neutral,3,2088,0.3042319226924359,-2,[0],"[[-0.8550891876220703, 0.0883711576461792], [-0.521469235420227, -0.10645697265863419], [-0.6493854522705078, 0.1434321105480194], [-0.6299120783805847, 0.2598806917667389], [-0.4353431463241577, 0.03480108827352524]]",False
early_neutral,3,2089,0.30389870043318895,-2,[0],"[[-0.8657609820365906, 0.08276683837175369], [-0.521469235420227, -0.10645697265863419], [-0.6468392014503479, 0.14357082545757294], [-0.6235496401786804, 0.2641967236995697], [-0.43833810091018677, 0.041229140013456345]]",False
early_neutral,3,2090,0.303565478173942,-2,[0],"[[-0.8765032887458801, 0.07712705433368683], [-0.521469235420227, -0.10645697265863419], [-0.6429077386856079, 0.14377693831920624], [-0.6170694828033447, 0.2684381306171417], [-0.4410770833492279, 0.04674544185400009]]",False
early_neutral,3,2091,0.3032322559146951,-2,[0],"[[-0.8855275511741638, 0.07238627225160599], [-0.521469235420227, -0.10645697265863419], [-0.6375595927238464, 0.14400041103363037], [-0.6105782985687256, 0.2726724147796631], [-0.44466468691825867, 0.05310600623488426]]",False
early_neutral,3,2092,0.3028990336554482,-2,[0],"[[-0.8926683068275452, 0.0686207264661789], [-0.521469235420227, -0.10645697265863419], [-0.6316142082214355, 0.14406493306159973], [-0.6040812134742737, 0.27690285444259644], [-0.4482074975967407, 0.060286641120910645]]",False
early_neutral,3,2093,0.30256581139620126,-2,[0],"[[-0.8997923731803894, 0.06484171003103256], [-0.5206567645072937, -0.10595875978469849], [-0.6251853108406067, 0.14393045008182526], [-0.5975826382637024, 0.2811323404312134], [-0.451276570558548, 0.06758404523134232]]",False
early_neutral,3,2094,0.30223258913695433,-2,[0],"[[-0.9068767428398132, 0.061031341552734375], [-0.5177182555198669, -0.10431624203920364], [-0.6191375851631165, 0.1439325362443924], [-0.5924785137176514, 0.28586646914482117], [-0.45424655079841614, 0.07507732510566711]]",False
early_neutral,3,2095,0.3018993668777074,-2,[0],"[[-0.9139220118522644, 0.05719038471579552], [-0.513461172580719, -0.10222813487052917], [-0.6159550547599792, 0.14610223472118378], [-0.5908727645874023, 0.29146283864974976], [-0.4567572772502899, 0.0825355052947998]]",False
early_neutral,3,2096,0.3015661446184605,-2,[0],"[[-0.9209498167037964, 0.05333587899804115], [-0.508551299571991, -0.1000261902809143], [-0.6144506335258484, 0.1497865915298462], [-0.5904904007911682, 0.29715970158576965], [-0.4608496129512787, 0.09064120799303055]]",False
early_neutral,3,2097,0.3012329223592136,-2,[0],"[[-0.9279665946960449, 0.049472883343696594], [-0.5032984614372253, -0.09783109277486801], [-0.6127480268478394, 0.15317374467849731], [-0.587981104850769, 0.3002539277076721], [-0.46549731492996216, 0.09886752814054489]]",False
early_neutral,3,2098,0.3008997000999667,-2,[0],"[[-0.9349737167358398, 0.045602429658174515], [-0.49777668714523315, -0.09568268060684204], [-0.6110223531723022, 0.15540574491024017], [-0.5831286311149597, 0.3006872832775116], [-0.4717540740966797, 0.10676660388708115]]",False
early_neutral,3,2099,0.30056647784071977,-2,[0],"[[-0.9419726729393005, 0.04172571375966072], [-0.4949524402618408, -0.09452642500400543], [-0.6103440523147583, 0.1545293629169464], [-0.5772861242294312, 0.2993750274181366], [-0.47974586486816406, 0.11409945785999298]]",False
early_neutral,3,2100,0.30023325558147285,-2,[0],"[[-0.9489336609840393, 0.03782041743397713], [-0.4949524402618408, -0.09452642500400543], [-0.6083225607872009, 0.15236373245716095], [-0.5721839070320129, 0.2984050214290619], [-0.4880267381668091, 0.12139451503753662]]",False
early_neutral,3,2101,0.2999000333222259,-2,[0],"[[-0.9557052254676819, 0.03377675265073776], [-0.4949524402618408, -0.09452642500400543], [-0.6058353781700134, 0.1494470238685608], [-0.5679588317871094, 0.3002704083919525], [-0.49619820713996887, 0.1288125365972519]]",False
early_neutral,3,2102,0.299566811062979,-2,[0],"[[-0.9622608423233032, 0.0295850932598114], [-0.4949524402618408, -0.09452642500400543], [-0.6026531457901001, 0.1457545906305313], [-0.5634015798568726, 0.30328062176704407], [-0.5047271251678467, 0.13552002608776093]]",False
early_neutral,3,2103,0.2992335888037321,-2,[0],"[[-0.9686599969863892, 0.025292018428444862], [-0.493656724691391, -0.09373988956212997], [-0.5988874435424805, 0.1414942443370819], [-0.5579043626785278, 0.3068787157535553], [-0.512781023979187, 0.13949528336524963]]",False
early_neutral,3,2104,0.29890036654448515,-2,[0],"[[-0.9749374389648438, 0.020923549309372902], [-0.4903843104839325, -0.0920611098408699], [-0.5944352149963379, 0.13680212199687958], [-0.5516037344932556, 0.3109860420227051], [-0.5199074149131775, 0.14013069868087769]]",False
early_neutral,3,2105,0.29856714428523823,-2,[0],"[[-0.9802138805389404, 0.01713860034942627], [-0.4859590232372284, -0.08993363380432129], [-0.5893638134002686, 0.1318100094795227], [-0.5451056361198425, 0.3152158260345459], [-0.5269920825958252, 0.13867390155792236]]",False
early_neutral,3,2106,0.29823392202599136,-2,[0],"[[-0.9830951690673828, 0.014948423951864243], [-0.48372572660446167, -0.08632344752550125], [-0.5843231678009033, 0.1268347203731537], [-0.5386069416999817, 0.3194452226161957], [-0.5344270467758179, 0.13711434602737427]]",False
early_neutral,3,2107,0.29790069976674444,-2,[0],"[[-0.9856788516044617, 0.012636939063668251], [-0.483430415391922, -0.08219452202320099], [-0.5796599388122559, 0.12188666313886642], [-0.5316170454025269, 0.3231395483016968], [-0.5392580628395081, 0.13836070895195007]]",False
early_neutral,3,2108,0.2975674775074975,-2,[0],"[[-0.9867399334907532, 0.00945484358817339], [-0.4836336672306061, -0.07752381265163422], [-0.5750700831413269, 0.11699824780225754], [-0.5232640504837036, 0.3245515823364258], [-0.5412887930870056, 0.1419832855463028]]",False
early_neutral,3,2109,0.2972342552482506,-2,[0],"[[-0.9868427515029907, 0.006176237482577562], [-0.4838307499885559, -0.07202623784542084], [-0.5694692730903625, 0.11205501854419708], [-0.5141134262084961, 0.3246764540672302], [-0.5408191084861755, 0.1466030776500702]]",False
early_neutral,3,2110,0.29690103298900367,-2,[0],"[[-0.9870211482048035, 0.004190152511000633], [-0.48367562890052795, -0.0665024071931839], [-0.562964677810669, 0.10700655728578568], [-0.5049223303794861, 0.32468879222869873], [-0.539158046245575, 0.1518881916999817]]",False
early_neutral,3,2111,0.29656781072975674,-2,[0],"[[-0.9874171614646912, 0.002927240915596485], [-0.48267003893852234, -0.06359828263521194], [-0.5561543703079224, 0.10213461518287659], [-0.4957311153411865, 0.3246936798095703], [-0.5360581874847412, 0.15705899894237518]]",False
early_neutral,3,2112,0.2962345884705098,-2,[0],"[[-0.9875171184539795, 0.0027139256708323956], [-0.4812014698982239, -0.06227272003889084], [-0.5484166145324707, 0.0972098633646965], [-0.48653995990753174, 0.3246942460536957], [-0.5290849208831787, 0.16020259261131287]]",False
early_neutral,3,2113,0.2959013662112629,-2,[0],"[[-0.9875171184539795, 0.0027139256708323956], [-0.47984737157821655, -0.06118197739124298], [-0.5401654243469238, 0.09213880449533463], [-0.47734877467155457, 0.32469451427459717], [-0.5205819010734558, 0.16155655682086945]]",False
early_neutral,3,2114,0.29556814395201597,-2,[0],"[[-0.9875171184539795, 0.0027139256708323956], [-0.47609221935272217, -0.06278927624225616], [-0.5311763882637024, 0.08694034814834595], [-0.4681575894355774, 0.32469457387924194], [-0.513238787651062, 0.1605164110660553]]",False
early_neutral,3,2115,0.2952349216927691,-2,[0],"[[-0.9875171184539795, 0.0027139256708323956], [-0.4711568057537079, -0.06672801822423935], [-0.5216270089149475, 0.08169931173324585], [-0.4589664340019226, 0.32469457387924194], [-0.505862295627594, 0.15862560272216797]]",False
early_neutral,3,2116,0.2949016994335222,-2,[0],"[[-0.9875171184539795, 0.0027139256708323956], [-0.4663844704627991, -0.07165135443210602], [-0.5118039846420288, 0.07628300786018372], [-0.44977524876594543, 0.32469457387924194], [-0.4978179335594177, 0.15607894957065582]]",False
early_neutral,3,2117,0.29456847717427526,-2,[0],"[[-0.9875171184539795, 0.0027139256708323956], [-0.46193698048591614, -0.07688523083925247], [-0.501873254776001, 0.07076126337051392], [-0.44058406352996826, 0.32469457387924194], [-0.49044573307037354, 0.1533358097076416]]",False
early_neutral,3,2118,0.29423525491502833,-2,[0],"[[-0.9875171184539795, 0.0027139256708323956], [-0.4576893448829651, -0.08218890428543091], [-0.49266383051872253, 0.06664256006479263], [-0.4313929080963135, 0.32469457387924194], [-0.48486873507499695, 0.15124835073947906]]",False
early_neutral,3,2119,0.2939020326557814,-2,[0],"[[-0.9875171184539795, 0.0027139256708323956], [-0.4540364444255829, -0.08677811175584793], [-0.48288384079933167, 0.06508977711200714], [-0.42304572463035583, 0.3242315948009491], [-0.4792805016040802, 0.1491730958223343]]",False
early_neutral,3,2120,0.2935688103965345,-2,[0],"[[-0.9875171184539795, 0.0027139256708323956], [-0.4505423605442047, -0.09029184281826019], [-0.47310248017311096, 0.06452048569917679], [-0.4191269874572754, 0.32205700874328613], [-0.4749225378036499, 0.14571109414100647]]",False
early_neutral,3,2121,0.29323558813728756,-2,[0],"[[-0.9875171184539795, 0.0027139256708323956], [-0.44657495617866516, -0.09358585625886917], [-0.46343541145324707, 0.0643409714102745], [-0.41916078329086304, 0.31836357712745667], [-0.47199347615242004, 0.14079658687114716]]",False
early_neutral,3,2122,0.29290236587804064,-2,[0],"[[-0.9875171184539795, 0.0027139256708323956], [-0.44213858246803284, -0.09661569446325302], [-0.45425018668174744, 0.06421805918216705], [-0.4198766052722931, 0.3138006627559662], [-0.46996477246284485, 0.13513672351837158]]",False
early_neutral,3,2123,0.2925691436187937,-2,[0],"[[-0.9875171184539795, 0.0027139256708323956], [-0.4372669458389282, -0.09934777021408081], [-0.4451219439506531, 0.06412619352340698], [-0.42080777883529663, 0.30843257904052734], [-0.47052982449531555, 0.12931440770626068]]",False
early_neutral,3,2124,0.2922359213595468,-2,[0],"[[-0.9875171184539795, 0.0027139256708323956], [-0.432200163602829, -0.10192783176898956], [-0.4361439049243927, 0.064015693962574], [-0.42182737588882446, 0.3024435341358185], [-0.47212761640548706, 0.12344323843717575]]",False
early_neutral,3,2125,0.2919026991002999,-2,[0],"[[-0.9875171184539795, 0.0027139256708323956], [-0.4271932542324066, -0.10455696284770966], [-0.42700016498565674, 0.06398232281208038], [-0.4227809011936188, 0.295952707529068], [-0.4738556146621704, 0.11798901110887527]]",False
early_neutral,3,2126,0.291569476841053,-2,[0],"[[-0.9875171184539795, 0.0027139256708323956], [-0.4222588539123535, -0.1072433590888977], [-0.41780900955200195, 0.0639810636639595], [-0.42362359166145325, 0.28900524973869324], [-0.4747973382472992, 0.11384821683168411]]",False
early_neutral,3,2127,0.2912362545818061,-2,[0],"[[-0.9875171184539795, 0.0027139256708323956], [-0.41745689511299133, -0.1100294291973114], [-0.4086178243160248, 0.06398041546344757], [-0.42426007986068726, 0.2819783687591553], [-0.4753442704677582, 0.10966821014881134]]",False
early_neutral,3,2128,0.29090303232255915,-2,[0],"[[-0.9875171184539795, 0.0027139256708323956], [-0.4127974510192871, -0.11291617155075073], [-0.3994266390800476, 0.06398029625415802], [-0.42472901940345764, 0.27453795075416565], [-0.4764942228794098, 0.10497596114873886]]",False
early_neutral,3,2129,0.29056981006331223,-2,[0],"[[-0.9875171184539795, 0.0027139256708323956], [-0.4081096947193146, -0.11578349769115448], [-0.39023545384407043, 0.06398026645183563], [-0.4248301088809967, 0.26669734716415405], [-0.4791717529296875, 0.09970466792583466]]",False
early_neutral,3,2130,0.2902365878040653,-2,[0],"[[-0.9875171184539795, 0.0027139256708323956], [-0.4032975137233734, -0.11856214702129364], [-0.38104429841041565, 0.06398025155067444], [-0.4239717423915863, 0.258544921875], [-0.4820249676704407, 0.09463007003068924]]",False
early_neutral,3,2131,0.2899033655448184,-2,[0],"[[-0.9875171184539795, 0.0027139256708323956], [-0.39834582805633545, -0.12123477458953857], [-0.3718531131744385, 0.06398025155067444], [-0.42227837443351746, 0.2508857846260071], [-0.4826766848564148, 0.0901835560798645]]",False
early_neutral,3,2132,0.28957014328557146,-2,[0],"[[-0.9875171184539795, 0.0027139256708323956], [-0.3932153880596161, -0.12376049160957336], [-0.3626619279384613, 0.06398025155067444], [-0.41951116919517517, 0.24511590600013733], [-0.48242491483688354, 0.08488626778125763]]",False
early_neutral,3,2133,0.28923692102632453,-2,[0],"[[-0.9875171184539795, 0.0027139256708323956], [-0.38792237639427185, -0.12614019215106964], [-0.35347071290016174, 0.06398025155067444], [-0.4154641926288605, 0.23975184559822083], [-0.4810538589954376, 0.07892435044050217]]",False
early_neutral,3,2134,0.28890369876707767,-2,[0],"[[-0.9875171184539795, 0.0027139256708323956], [-0.382569819688797, -0.12846313416957855], [-0.34427955746650696, 0.06398025155067444], [-0.41026023030281067, 0.234828382730484], [-0.47909095883369446, 0.07242437452077866]]",False
early_neutral,3,2135,0.28857047650783074,-2,[0],"[[-0.9875171184539795, 0.0027139256708323956], [-0.37718626856803894, -0.13075558841228485], [-0.3350883722305298, 0.06398025155067444], [-0.4040084183216095, 0.23045144975185394], [-0.47660431265830994, 0.0654844418168068]]",False
early_neutral,3,2136,0.2882372542485838,-2,[0],"[[-0.9875171184539795, 0.0027139256708323956], [-0.371768593788147, -0.13301369547843933], [-0.3258971869945526, 0.06398025155067444], [-0.39835500717163086, 0.22735559940338135], [-0.474239319562912, 0.05806249752640724]]",False
early_neutral,3,2137,0.2879040319893369,-2,[0],"[[-0.9875171184539795, 0.0027139256708323956], [-0.3663126528263092, -0.13523250818252563], [-0.3167060315608978, 0.06398025155067444], [-0.3928951919078827, 0.2251461297273636], [-0.47313088178634644, 0.05016307905316353]]",False
early_neutral,3,2138,0.28757080973008997,-2,[0],"[[-0.9875171184539795, 0.0027139256708323956], [-0.3615466058254242, -0.1371571272611618], [-0.30751481652259827, 0.06398025155067444], [-0.38784259557724, 0.2235642373561859], [-0.47291913628578186, 0.042422592639923096]]",False
early_neutral,3,2139,0.28723758747084305,-2,[0],"[[-0.9875171184539795, 0.0027139256708323956], [-0.360587477684021, -0.13763484358787537], [-0.2983236312866211, 0.06398025155067444], [-0.38704913854599, 0.22332918643951416], [-0.4724729061126709, 0.03465687856078148]]",False
early_neutral,3,2140,0.2869043652115961,-2,[0],"[[-0.9875171184539795, 0.0027139256708323956], [-0.360587477684021, -0.13763484358787537], [-0.2892291843891144, 0.06428781896829605], [-0.38702332973480225, 0.22333991527557373], [-0.4709561765193939, 0.02918296493589878]]",False
early_neutral,3,2141,0.2865711429523492,-2,[0],"[[-0.9875171184539795, 0.0027139256708323956], [-0.360587477684021, -0.13763484358787537], [-0.28144511580467224, 0.06667950749397278], [-0.38529253005981445, 0.22398528456687927], [-0.46973544359207153, 0.024647273123264313]]",False
early_neutral,3,2142,0.2862379206931023,-2,[0],"[[-0.9875171184539795, 0.0027139256708323956], [-0.360587477684021, -0.13763484358787537], [-0.27478697896003723, 0.07072389125823975], [-0.38217034935951233, 0.2249428629875183], [-0.4683607220649719, 0.02055015228688717]]",False
early_neutral,3,2143,0.2859046984338554,-2,[0],"[[-0.9875171184539795, 0.0027139256708323956], [-0.360587477684021, -0.13763484358787537], [-0.2682728171348572, 0.0749431923031807], [-0.3807716369628906, 0.22522981464862823], [-0.46639904379844666, 0.0164695642888546]]",False
early_neutral,3,2144,0.2855714761746085,-2,[0],"[[-0.9875171184539795, 0.0027139256708323956], [-0.360587477684021, -0.13763484358787537], [-0.2617667615413666, 0.07916779816150665], [-0.3808492422103882, 0.22509346902370453], [-0.4640151858329773, 0.01241547241806984]]",False
early_neutral,3,2145,0.28523825391536156,-2,[0],"[[-0.9875171184539795, 0.0027139256708323956], [-0.360587477684021, -0.13763484358787537], [-0.256087064743042, 0.08371729403734207], [-0.3829557001590729, 0.22339077293872833], [-0.4615074694156647, 0.008923300541937351]]",False
early_neutral,3,2146,0.28490503165611464,-2,[0],"[[-0.9875171184539795, 0.0027139256708323956], [-0.360587477684021, -0.13763484358787537], [-0.253915011882782, 0.08915527909994125], [-0.38603049516677856, 0.22092461585998535], [-0.45998096466064453, 0.007716374471783638]]",False
early_neutral,3,2147,0.2845718093968677,-2,[0],"[[-0.9875171184539795, 0.0027139256708323956], [-0.360587477684021, -0.13763484358787537], [-0.2537449896335602, 0.09511565417051315], [-0.39008206129074097, 0.21779872477054596], [-0.45993533730506897, 0.0077177234925329685]]",False
early_neutral,3,2148,0.2842385871376208,-2,[0],"[[-0.9875171184539795, 0.0027139256708323956], [-0.360587477684021, -0.13763484358787537], [-0.2537260055541992, 0.1010965034365654], [-0.39525461196899414, 0.21415814757347107], [-0.45993533730506897, 0.0077177234925329685]]",False
early_neutral,3,2149,0.28390536487837387,-2,[0],"[[-0.9875171184539795, 0.0027139256708323956], [-0.360587477684021, -0.13763484358787537], [-0.2537185549736023, 0.10707736760377884], [-0.4015163779258728, 0.2101379781961441], [-0.45993533730506897, 0.0077177234925329685]]",False
early_neutral,3,2150,0.28357214261912694,-2,[0],"[[-0.9875171184539795, 0.0027139256708323956], [-0.360587477684021, -0.13763484358787537], [-0.2537175416946411, 0.11305821686983109], [-0.40678301453590393, 0.20684687793254852], [-0.46066704392433167, 0.00799952819943428]]",False
early_neutral,3,2151,0.28323892035988,-2,[0],"[[-0.9875171184539795, 0.0027139256708323956], [-0.360587477684021, -0.13763484358787537], [-0.2537170350551605, 0.11903907358646393], [-0.4082639217376709, 0.205921471118927], [-0.463265061378479, 0.009207087568938732]]",False
early_neutral,3,2152,0.2829056981006331,-2,[0],"[[-0.9875171184539795, 0.0027139256708323956], [-0.360587477684021, -0.13763484358787537], [-0.25371694564819336, 0.12501993775367737], [-0.4082331359386444, 0.20639003813266754], [-0.46665462851524353, 0.011150953359901905]]",False
early_neutral,3,2153,0.28257247584138623,-2,[0],"[[-0.9875171184539795, 0.0027139256708323956], [-0.360587477684021, -0.13763484358787537], [-0.25371694564819336, 0.1310008019208908], [-0.4075000286102295, 0.20871222019195557], [-0.4711708128452301, 0.013677740469574928]]",False
early_neutral,3,2154,0.2822392535821393,-2,[0],"[[-0.9875171184539795, 0.0027139256708323956], [-0.360587477684021, -0.13763484358787537], [-0.25394919514656067, 0.136265367269516], [-0.4058932960033417, 0.21174125373363495], [-0.4771558940410614, 0.016430558636784554]]",False
early_neutral,3,2155,0.2819060313228924,-2,[0],"[[-0.9875171184539795, 0.0027139256708323956], [-0.360587477684021, -0.13763484358787537], [-0.2544207274913788, 0.13819067180156708], [-0.40393051505088806, 0.2155938744544983], [-0.4845200181007385, 0.019244864583015442]]",False
early_neutral,3,2156,0.28157280906364546,-2,[0],"[[-0.9875171184539795, 0.0027139256708323956], [-0.360587477684021, -0.13763484358787537], [-0.25445181131362915, 0.13826175034046173], [-0.40255051851272583, 0.22016465663909912], [-0.4929456412792206, 0.022170092910528183]]",False
early_neutral,3,2157,0.28123958680439853,-2,[0],"[[-0.9875171184539795, 0.0027139256708323956], [-0.36074337363243103, -0.1376514732837677], [-0.25383973121643066, 0.13664871454238892], [-0.40393516421318054, 0.22405487298965454], [-0.5020624995231628, 0.025036705657839775]]",False
early_neutral,3,2158,0.2809063645451516,-2,[0],"[[-0.9875171184539795, 0.0027139256708323956], [-0.36350348591804504, -0.13792824745178223], [-0.2533664107322693, 0.13410307466983795], [-0.40679091215133667, 0.22773341834545135], [-0.5083280205726624, 0.02642884850502014]]",False
early_neutral,3,2159,0.2805731422859047,-2,[0],"[[-0.9875171184539795, 0.0027139256708323956], [-0.367585688829422, -0.13829919695854187], [-0.2541730999946594, 0.1309511959552765], [-0.4109705686569214, 0.23063547909259796], [-0.5122740268707275, 0.025293976068496704]]",False
early_neutral,3,2160,0.28023992002665776,-2,[0],"[[-0.9875171184539795, 0.0027139256708323956], [-0.3730866611003876, -0.13872073590755463], [-0.25873038172721863, 0.12909607589244843], [-0.4166823625564575, 0.23226876556873322], [-0.515768826007843, 0.022879622876644135]]",False
early_neutral,3,2161,0.27990669776741084,-2,[0],"[[-0.9875171184539795, 0.0027139256708323956], [-0.3790609538555145, -0.13902436196804047], [-0.26512789726257324, 0.12798112630844116], [-0.42305055260658264, 0.23313985764980316], [-0.5176572799682617, 0.018892887979745865]]",False
early_neutral,3,2162,0.27957347550816397,-2,[0],"[[-0.9874547719955444, 0.002728373045101762], [-0.3854897916316986, -0.13918203115463257], [-0.2726220488548279, 0.12677182257175446], [-0.4303731918334961, 0.23223687708377838], [-0.5183192491531372, 0.014051816426217556]]",False
early_neutral,3,2163,0.27924025324891705,-2,[0],"[[-0.9844566583633423, 0.003433577250689268], [-0.39192232489585876, -0.13918538391590118], [-0.28124547004699707, 0.12539522349834442], [-0.4385085105895996, 0.23041120171546936], [-0.5187091827392578, 0.008616417646408081]]",False
early_neutral,3,2164,0.2789070309896701,-2,[0],"[[-0.9797316193580627, 0.004574276972562075], [-0.3982110917568207, -0.1391104757785797], [-0.29034221172332764, 0.1239505335688591], [-0.44745954871177673, 0.22816060483455658], [-0.5188450813293457, 0.0026629327330738306]]",False
early_neutral,3,2165,0.2785738087304232,-2,[0],"[[-0.9736490249633789, 0.006103914696723223], [-0.4046226739883423, -0.13896329700946808], [-0.3000677824020386, 0.12240388989448547], [-0.45696353912353516, 0.22533340752124786], [-0.5188671350479126, -0.0033179111778736115]]",False
early_neutral,3,2166,0.2782405864711763,-2,[0],"[[-0.9664046168327332, 0.008113499730825424], [-0.4111326336860657, -0.1387476921081543], [-0.31046199798583984, 0.12078084796667099], [-0.4660836160182953, 0.2226504683494568], [-0.5188772082328796, -0.009298767894506454]]",False
early_neutral,3,2167,0.27790736421192935,-2,[0],"[[-0.9582443237304688, 0.010630510747432709], [-0.4187115728855133, -0.13849768042564392], [-0.3210372030735016, 0.11931522935628891], [-0.47469621896743774, 0.22257408499717712], [-0.5188787579536438, -0.015279628336429596]]",False
early_neutral,3,2168,0.27757414195268243,-2,[0],"[[-0.9497877955436707, 0.013421685434877872], [-0.427499383687973, -0.13823649287223816], [-0.33227047324180603, 0.11794640123844147], [-0.48368969559669495, 0.22368992865085602], [-0.5188794732093811, -0.021260488778352737]]",False
early_neutral,3,2169,0.2772409196934355,-2,[0],"[[-0.9406880140304565, 0.016563480719923973], [-0.436686247587204, -0.13806088268756866], [-0.3441174030303955, 0.11659888923168182], [-0.4927135705947876, 0.22482596337795258], [-0.5190482139587402, -0.027226729318499565]]",False
early_neutral,3,2170,0.2769076974341886,-2,[0],"[[-0.9312955141067505, 0.020046819001436234], [-0.4458770751953125, -0.13806648552417755], [-0.3564830720424652, 0.11528902500867844], [-0.5017504096031189, 0.22591711580753326], [-0.5219992995262146, -0.03252304345369339]]",False
early_neutral,3,2171,0.27657447517494166,-2,[0],"[[-0.9220211505889893, 0.023937413468956947], [-0.4543669521808624, -0.13823120296001434], [-0.3692745566368103, 0.11409315466880798], [-0.5109378695487976, 0.22627103328704834], [-0.527948796749115, -0.0369260311126709]]",False
early_neutral,3,2172,0.2762412529156948,-2,[0],"[[-0.9125171899795532, 0.028359148651361465], [-0.4607742428779602, -0.1386047750711441], [-0.3824567496776581, 0.11336807161569595], [-0.5199973583221436, 0.22510898113250732], [-0.5351949334144592, -0.04024762660264969]]",False
early_neutral,3,2173,0.27590803065644787,-2,[0],"[[-0.9028538465499878, 0.03326231613755226], [-0.4671533405780792, -0.13921329379081726], [-0.3959232568740845, 0.11318003386259079], [-0.5273902416229248, 0.22172167897224426], [-0.5437929630279541, -0.04127657413482666]]",False
early_neutral,3,2174,0.27557480839720094,-2,[0],"[[-0.8933626413345337, 0.03876660391688347], [-0.4743838310241699, -0.13997672498226166], [-0.4095786213874817, 0.11314572393894196], [-0.5346657633781433, 0.2175767868757248], [-0.552979588508606, -0.041323043406009674]]",False
early_neutral,3,2175,0.275241586137954,-2,[0],"[[-0.8852884769439697, 0.04389579966664314], [-0.48286372423171997, -0.14082323014736176], [-0.4233756959438324, 0.11316356807947159], [-0.5420932769775391, 0.2127414494752884], [-0.5621707439422607, -0.04133430868387222]]",False
early_neutral,3,2176,0.2749083638787071,-2,[0],"[[-0.8809283375740051, 0.04689451679587364], [-0.4907217025756836, -0.1415702998638153], [-0.43728113174438477, 0.11318599432706833], [-0.5494822263717651, 0.20766957104206085], [-0.5713618993759155, -0.04133787751197815]]",False
early_neutral,3,2177,0.2745751416194602,-2,[0],"[[-0.8811275959014893, 0.04715516045689583], [-0.4970948100090027, -0.1421440690755844], [-0.4512695074081421, 0.11315502226352692], [-0.5571461915969849, 0.2023656964302063], [-0.5805530548095703, -0.041338447481393814]]",False
early_neutral,3,2178,0.27424191936021325,-2,[0],"[[-0.8845610618591309, 0.04640507698059082], [-0.503557562828064, -0.14269734919071198], [-0.4653206169605255, 0.11306694149971008], [-0.565209686756134, 0.1967456191778183], [-0.5897442698478699, -0.041338711977005005]]",False
early_neutral,3,2179,0.2739086971009663,-2,[0],"[[-0.8893290162086487, 0.04548632353544235], [-0.5110864639282227, -0.14331428706645966], [-0.47941842675209045, 0.11290258169174194], [-0.5735867023468018, 0.19082094728946686], [-0.5989353656768799, -0.04133874550461769]]",False
early_neutral,3,2180,0.2735754748417194,-2,[0],"[[-0.8950602412223816, 0.04448208585381508], [-0.5198200941085815, -0.14399749040603638], [-0.493550181388855, 0.11265922337770462], [-0.5821800827980042, 0.18463565409183502], [-0.6081265807151794, -0.041338760405778885]]",False
early_neutral,3,2181,0.27324225258247253,-2,[0],"[[-0.9008392691612244, 0.04353483393788338], [-0.5289515852928162, -0.1446775197982788], [-0.5077064037322998, 0.1123393177986145], [-0.5910619497299194, 0.17831707000732422], [-0.617317795753479, -0.041338760405778885]]",False
early_neutral,3,2182,0.2729090303232256,-2,[0],"[[-0.9070528149604797, 0.042599406093358994], [-0.538089394569397, -0.14532135426998138], [-0.5218793153762817, 0.11194419860839844], [-0.600256621837616, 0.1719488799571991], [-0.6265089511871338, -0.041338760405778885]]",False
early_neutral,3,2183,0.2725758080639787,-2,[0],"[[-0.9146850109100342, 0.04206351935863495], [-0.5473694801330566, -0.14600186049938202], [-0.5359755754470825, 0.11128164082765579], [-0.6099931597709656, 0.16574102640151978], [-0.6357001662254333, -0.041338760405778885]]",False
early_neutral,3,2184,0.27224258580473176,-2,[0],"[[-0.9235221743583679, 0.042346272617578506], [-0.5574034452438354, -0.14707767963409424], [-0.5486584305763245, 0.10881783068180084], [-0.620769202709198, 0.16014233231544495], [-0.6448913216590881, -0.041338760405778885]]",False
early_neutral,3,2185,0.27190936354548484,-2,[0],"[[-0.9327308535575867, 0.043277014046907425], [-0.5680586099624634, -0.14862729609012604], [-0.5598489046096802, 0.1047481968998909], [-0.6323409676551819, 0.15511232614517212], [-0.6540825366973877, -0.041338760405778885]]",False
early_neutral,3,2186,0.2715761412862379,-2,[0],"[[-0.942546010017395, 0.044709306210279465], [-0.5772072076797485, -0.15017817914485931], [-0.5712732076644897, 0.1005294993519783], [-0.6441174745559692, 0.15017275512218475], [-0.6632736921310425, -0.041338760405778885]]",False
early_neutral,3,2187,0.271242919026991,-2,[0],"[[-0.9703810811042786, 1.560779977483051e-11], [-0.4135110378265381, -0.2321052849292755], [-0.5055146813392639, -0.07535884529352188], [-0.5055146813392639, 0.07535884529352188], [-0.4135110378265381, 0.23210525512695312]]",False
early_neutral,3,2188,0.27090969676774407,-2,[0],"[[-0.9658055305480957, 3.789358063444048e-11], [-0.4135110378265381, -0.2321052849292755], [-0.5055146813392639, -0.07535884529352188], [-0.5055146813392639, 0.07535884529352188], [-0.4135110378265381, 0.23210525512695312]]",False
early_neutral,3,2189,0.27057647450849714,-2,[0],"[[-0.959653913974762, -3.914353146683425e-05], [-0.4135110378265381, -0.2321052849292755], [-0.5055146813392639, -0.07535884529352188], [-0.5055146813392639, 0.07535884529352188], [-0.4135110378265381, 0.23210525512695312]]",False
early_neutral,3,2190,0.2702432522492503,-2,[0],"[[-0.9518906474113464, -0.00025434925919398665], [-0.4135110378265381, -0.2321052849292755], [-0.5055146813392639, -0.07535884529352188], [-0.5055146813392639, 0.07535884529352188], [-0.4135110378265381, 0.23210525512695312]]",False
early_neutral,3,2191,0.26991002999000335,-2,[0],"[[-0.9438533186912537, -0.0004863080976065248], [-0.4135110378265381, -0.2321052849292755], [-0.5055146813392639, -0.07535884529352188], [-0.5055146813392639, 0.07535884529352188], [-0.4135110378265381, 0.23210525512695312]]",False
early_neutral,3,2192,0.26957680773075643,-2,[0],"[[-0.9375336766242981, -0.0006080546882003546], [-0.4135110378265381, -0.2321052849292755], [-0.5050205588340759, -0.07546349614858627], [-0.5055146813392639, 0.07535884529352188], [-0.4135110378265381, 0.23210525512695312]]",False
early_neutral,3,2193,0.2692435854715095,-2,[0],"[[-0.9316540956497192, -0.0006080553284846246], [-0.4127296507358551, -0.23133715987205505], [-0.5017605423927307, -0.07624398171901703], [-0.5055786967277527, 0.0753478929400444], [-0.4135110378265381, 0.23210525512695312]]",False
early_neutral,3,2194,0.2689103632122626,-2,[0],"[[-0.9257370829582214, -0.0006080559687688947], [-0.4109220504760742, -0.2294507771730423], [-0.4973626136779785, -0.07747200131416321], [-0.5086844563484192, 0.07492531836032867], [-0.415262371301651, 0.23231369256973267]]",False
early_neutral,3,2195,0.26857714095301566,-2,[0],"[[-0.9203486442565918, -0.0006704076658934355], [-0.40851283073425293, -0.22672486305236816], [-0.49183669686317444, -0.07912405580282211], [-0.5136133432388306, 0.07453449815511703], [-0.4194805324077606, 0.23281478881835938]]",False
early_neutral,3,2196,0.26824391869376873,-2,[0],"[[-0.9142282009124756, -0.0019775647670030594], [-0.40677410364151, -0.22393690049648285], [-0.48549962043762207, -0.08101488649845123], [-0.5198507308959961, 0.07437242567539215], [-0.425029993057251, 0.2334616333246231]]",False
early_neutral,3,2197,0.2679106964345218,-2,[0],"[[-0.9073944091796875, -0.00435468927025795], [-0.4068586826324463, -0.22295281291007996], [-0.47845661640167236, -0.08311222493648529], [-0.5262808799743652, 0.07423176616430283], [-0.43092289566993713, 0.23405615985393524]]",False
early_neutral,3,2198,0.2675774741752749,-2,[0],"[[-0.8995242714881897, -0.007049402687698603], [-0.4103456139564514, -0.22283807396888733], [-0.4705946445465088, -0.0854506641626358], [-0.5327104330062866, 0.07407844811677933], [-0.4372137486934662, 0.23457442224025726]]",False
early_neutral,3,2199,0.26724425191602796,-2,[0],"[[-0.890794575214386, -0.010071836411952972], [-0.41534191370010376, -0.22301378846168518], [-0.46206042170524597, -0.08800026774406433], [-0.5391376614570618, 0.0738896057009697], [-0.44361573457717896, 0.23498916625976562]]",False
early_neutral,3,2200,0.2669110296567811,-2,[0],"[[-0.8814758658409119, -0.01337200403213501], [-0.4212629199028015, -0.22343149781227112], [-0.4527807831764221, -0.09078702330589294], [-0.5455610752105713, 0.07365215569734573], [-0.44997256994247437, 0.23536919057369232]]",False
early_neutral,3,2201,0.26657780739753417,-2,[0],"[[-0.8720829486846924, -0.01693507470190525], [-0.4273757040500641, -0.2239101380109787], [-0.44316133856773376, -0.09368643164634705], [-0.5519742369651794, 0.07335212081670761], [-0.45627057552337646, 0.2357465773820877]]",False
early_neutral,3,2202,0.26624458513828725,-2,[0],"[[-0.8623230457305908, -0.020873861387372017], [-0.4337540864944458, -0.22445842623710632], [-0.43309423327445984, -0.09673061221837997], [-0.558215320110321, 0.072964608669281], [-0.46267715096473694, 0.23613131046295166]]",False
early_neutral,3,2203,0.2659113628790403,-2,[0],"[[-0.8548246622085571, -0.024484053254127502], [-0.44061318039894104, -0.22511370480060577], [-0.4224640727043152, -0.09995335340499878], [-0.5646035075187683, 0.07246777415275574], [-0.4690690338611603, 0.2365204244852066]]",False
early_neutral,3,2204,0.2655781406197934,-2,[0],"[[-0.8498679995536804, -0.028795043006539345], [-0.4487188458442688, -0.22599822282791138], [-0.41133296489715576, -0.10333838313817978], [-0.5707851648330688, 0.07154008746147156], [-0.47532883286476135, 0.23691026866436005]]",False
early_neutral,3,2205,0.2652449183605465,-2,[0],"[[-0.8451521992683411, -0.032623741775751114], [-0.45726245641708374, -0.22699300944805145], [-0.3998057246208191, -0.10685846209526062], [-0.5757160782814026, 0.06908326596021652], [-0.4817321002483368, 0.23731790482997894]]",False
early_neutral,3,2206,0.26491169610129955,-2,[0],"[[-0.8410942554473877, -0.03305660933256149], [-0.4636743366718292, -0.22655083239078522], [-0.38796696066856384, -0.11048272252082825], [-0.5799611806869507, 0.06595475971698761], [-0.48811081051826477, 0.23763638734817505]]",False
early_neutral,3,2207,0.26457847384205263,-2,[0],"[[-0.837944507598877, -0.030651796609163284], [-0.46969854831695557, -0.22508379817008972], [-0.37588733434677124, -0.11419031769037247], [-0.5812394618988037, 0.06287980079650879], [-0.4943544864654541, 0.2376970499753952]]",False
early_neutral,3,2208,0.2642452515828057,-2,[0],"[[-0.8360591530799866, -0.02676014043390751], [-0.4732857644557953, -0.22298313677310944], [-0.3636223375797272, -0.11796354502439499], [-0.5786564946174622, 0.05981006100773811], [-0.5007801055908203, 0.23749974370002747]]",False
early_neutral,3,2209,0.26391202932355884,-2,[0],"[[-0.8347548246383667, -0.02189452201128006], [-0.4731220602989197, -0.21960829198360443], [-0.35121673345565796, -0.12179011851549149], [-0.5744823217391968, 0.056758686900138855], [-0.5064100027084351, 0.23673053085803986]]",False
early_neutral,3,2210,0.2635788070643119,-2,[0],"[[-0.832937479019165, -0.016405273228883743], [-0.47123953700065613, -0.2158665955066681], [-0.33870434761047363, -0.12565916776657104], [-0.5690091848373413, 0.05470413342118263], [-0.5076147317886353, 0.23421089351177216]]",False
early_neutral,3,2211,0.263245584805065,-2,[0],"[[-0.8310579061508179, -0.01084368210285902], [-0.46656325459480286, -0.21334446966648102], [-0.32610979676246643, -0.12956000864505768], [-0.5632920861244202, 0.05282828211784363], [-0.5054206848144531, 0.23085550963878632]]",False
early_neutral,3,2212,0.26291236254581807,-2,[0],"[[-0.8293035626411438, -0.005743682384490967], [-0.4606981873512268, -0.21163198351860046], [-0.3134530484676361, -0.13348595798015594], [-0.5575001835823059, 0.051005952060222626], [-0.5009228587150574, 0.22811219096183777]]",False
early_neutral,3,2213,0.26257914028657114,-2,[0],"[[-0.8283219337463379, -0.002940594684332609], [-0.4535564184188843, -0.21027496457099915], [-0.30074939131736755, -0.1374317705631256], [-0.5516045093536377, 0.0493304468691349], [-0.49572229385375977, 0.22572889924049377]]",False
early_neutral,3,2214,0.2622459180273242,-2,[0],"[[-0.8275263905525208, -0.0006955116987228394], [-0.4449651837348938, -0.209493026137352], [-0.2880105972290039, -0.1413935273885727], [-0.54563969373703, 0.04776131361722946], [-0.4905439615249634, 0.22324447333812714]]",False
early_neutral,3,2215,0.2619126957680773,-2,[0],"[[-0.8272321224212646, 0.0006050958763808012], [-0.43577975034713745, -0.20930062234401703], [-0.2758250832557678, -0.14518171548843384], [-0.5396414995193481, 0.04624715819954872], [-0.4852639138698578, 0.22085246443748474]]",False
early_neutral,3,2216,0.2615794735088304,-2,[0],"[[-0.8272430896759033, 0.0008473132038488984], [-0.4265902042388916, -0.20938250422477722], [-0.266369491815567, -0.14735856652259827], [-0.5336140990257263, 0.04478278011083603], [-0.4798855781555176, 0.21855580806732178]]",False
early_neutral,3,2217,0.26124625124958345,-2,[0],"[[-0.8272578716278076, 0.0009194474550895393], [-0.41741427779197693, -0.20972110331058502], [-0.25733962655067444, -0.14740437269210815], [-0.5275738835334778, 0.04334091767668724], [-0.47453635931015015, 0.21636323630809784]]",False
early_neutral,3,2218,0.2609130289903366,-2,[0],"[[-0.8272578716278076, 0.0009194474550895393], [-0.40825650095939636, -0.21022866666316986], [-0.2481486052274704, -0.14736907184123993], [-0.5215230584144592, 0.04191801697015762], [-0.4690784811973572, 0.2142101526260376]]",False
early_neutral,3,2219,0.26057980673108966,-2,[0],"[[-0.8272578716278076, 0.0009194474550895393], [-0.39912149310112, -0.2108873873949051], [-0.2389574646949768, -0.14735394716262817], [-0.5154600143432617, 0.040517356246709824], [-0.46352148056030273, 0.21210061013698578]]",False
early_neutral,3,2220,0.26024658447184273,-2,[0],"[[-0.8272578716278076, 0.0009194474550895393], [-0.3897812068462372, -0.21169300377368927], [-0.22976629436016083, -0.14735199511051178], [-0.5093839168548584, 0.03914082422852516], [-0.4579581618309021, 0.2100677341222763]]",False
early_neutral,3,2221,0.2599133622125958,-2,[0],"[[-0.8272578716278076, 0.0009194474550895393], [-0.3796754777431488, -0.21267130970954895], [-0.22057512402534485, -0.14735105633735657], [-0.5032960176467896, 0.037786390632390976], [-0.4523940980434418, 0.20811223983764648]]",False
early_neutral,3,2222,0.2595801399533489,-2,[0],"[[-0.8272578716278076, 0.0009194474550895393], [-0.3689952790737152, -0.21382927894592285], [-0.21138393878936768, -0.14735083281993866], [-0.49719932675361633, 0.036449041217565536], [-0.446684330701828, 0.2061827927827835]]",False
early_neutral,3,2223,0.25924691769410196,-2,[0],"[[-0.8272578716278076, 0.0009194474550895393], [-0.3581894040107727, -0.21515029668807983], [-0.2021927684545517, -0.14735077321529388], [-0.49101802706718445, 0.03511124849319458], [-0.4409545361995697, 0.20429930090904236]]",False
early_neutral,3,2224,0.25891369543485504,-2,[0],"[[-0.8272578716278076, 0.0009194474550895393], [-0.34677445888519287, -0.21668387949466705], [-0.19300159811973572, -0.1473507434129715], [-0.4838492274284363, 0.03356630355119705], [-0.43532198667526245, 0.20248012244701385]]",False
early_neutral,3,2225,0.2585804731756081,-2,[0],"[[-0.8272578716278076, 0.0009194474550895393], [-0.3348217308521271, -0.21843260526657104], [-0.18381041288375854, -0.1473507434129715], [-0.4755513668060303, 0.031781043857336044], [-0.42953920364379883, 0.20064499974250793]]",False
early_neutral,3,2226,0.2582472509163612,-2,[0],"[[-0.8272871971130371, 0.0009119102614931762], [-0.32248494029045105, -0.22050611674785614], [-0.17463761568069458, -0.14755600690841675], [-0.4668218493461609, 0.02990943193435669], [-0.4232836067676544, 0.1987149566411972]]",False
early_neutral,3,2227,0.25791402865711427,-2,[0],"[[-0.8299762606620789, 0.0003676686028484255], [-0.30984896421432495, -0.22281886637210846], [-0.16551841795444489, -0.14906246960163116], [-0.45808738470077515, 0.028047528117895126], [-0.4158233106136322, 0.19652341306209564]]",False
early_neutral,3,2228,0.2575808063978674,-2,[0],"[[-0.8343982696533203, -0.00019526777032297105], [-0.2969382405281067, -0.2252120077610016], [-0.15840330719947815, -0.15240806341171265], [-0.4493553042411804, 0.026181014254689217], [-0.40746304392814636, 0.19416628777980804]]",False
early_neutral,3,2229,0.2572475841386205,-2,[0],"[[-0.8402567505836487, -0.0005802443483844399], [-0.28381162881851196, -0.22765791416168213], [-0.1536460816860199, -0.15769347548484802], [-0.44066256284713745, 0.02423836849629879], [-0.3990788757801056, 0.191715806722641]]",False
early_neutral,3,2230,0.25691436187937355,-2,[0],"[[-0.8471153974533081, -0.0009826850146055222], [-0.2704460620880127, -0.22997084259986877], [-0.15188725292682648, -0.16425155103206635], [-0.43201541900634766, 0.02221139706671238], [-0.39076751470565796, 0.1891624927520752]]",False
early_neutral,3,2231,0.25658113962012663,-2,[0],"[[-0.8547679781913757, -0.001396153005771339], [-0.2568657696247101, -0.2320890575647354], [-0.15138289332389832, -0.17126166820526123], [-0.4233817756175995, 0.020160052925348282], [-0.3824714422225952, 0.18658804893493652]]",False
early_neutral,3,2232,0.2562479173608797,-2,[0],"[[-0.8631756901741028, -0.0018112935358658433], [-0.24314485490322113, -0.2341095507144928], [-0.15090139210224152, -0.178320974111557], [-0.414742648601532, 0.018118465319275856], [-0.37414246797561646, 0.1840590238571167]]",False
early_neutral,3,2233,0.2559146951016328,-2,[0],"[[-0.8724011182785034, -0.0022483989596366882], [-0.22933532297611237, -0.236105278134346], [-0.15028566122055054, -0.18551720678806305], [-0.4058452248573303, 0.016034545376896858], [-0.3657616674900055, 0.18160389363765717]]",False
early_neutral,3,2234,0.25558147284238586,-2,[0],"[[-0.8824653029441833, -0.0027197443414479494], [-0.21549968421459198, -0.23819701373577118], [-0.1488945037126541, -0.19220101833343506], [-0.3961327075958252, 0.013794727623462677], [-0.35726606845855713, 0.1793222278356552]]",False
early_neutral,3,2235,0.25524825058313894,-2,[0],"[[-0.8931286334991455, -0.003216167911887169], [-0.20182883739471436, -0.24080947041511536], [-0.1474650800228119, -0.19819097220897675], [-0.38569486141204834, 0.011423938907682896], [-0.3487880825996399, 0.17725008726119995]]",False
early_neutral,3,2236,0.254915028323892,-2,[0],"[[-0.9041411876678467, -0.003729300806298852], [-0.18989163637161255, -0.24318109452724457], [-0.1471254527568817, -0.20363406836986542], [-0.37458813190460205, 0.008936838246881962], [-0.34243738651275635, 0.1758667677640915]]",False
early_neutral,3,2237,0.25458180606464514,-2,[0],"[[-0.9157983064651489, -0.004276565741747618], [-0.18109047412872314, -0.24397706985473633], [-0.146854966878891, -0.20772655308246613], [-0.36291229724884033, 0.0063819861970841885], [-0.3362540602684021, 0.17471091449260712]]",False
early_neutral,3,2238,0.2542485838053982,-2,[0],"[[-0.9280092120170593, -0.004970901645720005], [-0.17285814881324768, -0.24433377385139465], [-0.14715872704982758, -0.21110230684280396], [-0.35079994797706604, 0.003747850889340043], [-0.33002039790153503, 0.1736748367547989]]",False
early_neutral,3,2239,0.2539153615461513,-2,[0],"[[-0.9406383037567139, -0.005941284354776144], [-0.1680457592010498, -0.2466602921485901], [-0.14768072962760925, -0.21308813989162445], [-0.33838534355163574, 0.000974551250692457], [-0.3237692713737488, 0.17268434166908264]]",False
early_neutral,3,2240,0.2535821392869044,-2,[0],"[[-0.9527817368507385, -0.007107364013791084], [-0.16620756685733795, -0.2508019506931305], [-0.1490439921617508, -0.2128414660692215], [-0.3257454037666321, -0.0019238885724917054], [-0.31750428676605225, 0.1717316210269928]]",False
early_neutral,3,2241,0.25324891702765745,-2,[0],"[[-0.9647297859191895, -0.008485483005642891], [-0.16459769010543823, -0.2557719349861145], [-0.1520751267671585, -0.2114785760641098], [-0.3129405975341797, -0.004934835247695446], [-0.31134986877441406, 0.17078256607055664]]",False
early_neutral,3,2242,0.2529156947684105,-2,[0],"[[-0.9760810136795044, -0.009993904270231724], [-0.16297274827957153, -0.2615002989768982], [-0.154739111661911, -0.2087511569261551], [-0.30005061626434326, -0.008047458715736866], [-0.30514732003211975, 0.16980184614658356]]",False
early_neutral,3,2243,0.2525824725091636,-2,[0],"[[-0.9833378195762634, -0.011349266394972801], [-0.16144560277462006, -0.2674534022808075], [-0.1558149755001068, -0.20473648607730865], [-0.2892514765262604, -0.01071605272591114], [-0.29905980825424194, 0.16881482303142548]]",False
early_neutral,3,2244,0.2522492502499167,-2,[0],"[[-0.9864326119422913, -0.012855537235736847], [-0.15985023975372314, -0.2738023102283478], [-0.15473929047584534, -0.20030617713928223], [-0.28073734045028687, -0.012968795374035835], [-0.29695165157318115, 0.16838118433952332]]",False
early_neutral,3,2245,0.25191602799066976,-2,[0],"[[-0.9872222542762756, -0.015429322607815266], [-0.15815575420856476, -0.2806481122970581], [-0.151472806930542, -0.1956072747707367], [-0.27229276299476624, -0.015329605899751186], [-0.29695165157318115, 0.16838118433952332]]",False
early_neutral,3,2246,0.25158280573142283,-2,[0],"[[-0.9836801886558533, -0.018077947199344635], [-0.15644054114818573, -0.28764820098876953], [-0.14739401638507843, -0.19060975313186646], [-0.26394644379615784, -0.01783396303653717], [-0.29695165157318115, 0.16838118433952332]]",False
early_neutral,3,2247,0.25124958347217596,-2,[0],"[[-0.9782500267028809, -0.020714061334729195], [-0.15463955700397491, -0.2950604259967804], [-0.14147144556045532, -0.18782185018062592], [-0.25570911169052124, -0.02048654481768608], [-0.29695165157318115, 0.16838118433952332]]",False
early_neutral,3,2248,0.25091636121292904,-2,[0],"[[-0.971478283405304, -0.023588033393025398], [-0.1527533084154129, -0.302864134311676], [-0.13479776680469513, -0.18709275126457214], [-0.24763494729995728, -0.02334332838654518], [-0.29695165157318115, 0.16838118433952332]]",False
early_neutral,3,2249,0.2505831389536821,-2,[0],"[[-0.9635282754898071, -0.026539428159594536], [-0.15079866349697113, -0.31099963188171387], [-0.1281304955482483, -0.1883341521024704], [-0.23975063860416412, -0.02641642838716507], [-0.29695165157318115, 0.16838118433952332]]",False
early_neutral,3,2250,0.2502499166944352,-2,[0],"[[-0.9551692605018616, -0.029619498178362846], [-0.14879098534584045, -0.3193952441215515], [-0.12138119339942932, -0.19130107760429382], [-0.23362934589385986, -0.029109694063663483], [-0.29695165157318115, 0.16838118433952332]]",False
early_neutral,3,2251,0.24991669443518827,-2,[0],"[[-0.9461237192153931, -0.033045411109924316], [-0.1467278003692627, -0.32799166440963745], [-0.1142447367310524, -0.19494448602199554], [-0.22872531414031982, -0.031817205250263214], [-0.29695165157318115, 0.16838118433952332]]",False
early_neutral,3,2252,0.24958347217594135,-2,[0],"[[-0.936867892742157, -0.03669653460383415], [-0.14461717009544373, -0.336742639541626], [-0.10687384754419327, -0.19895833730697632], [-0.22475355863571167, -0.03439315780997276], [-0.29695165157318115, 0.16838118433952332]]",False
early_neutral,3,2253,0.24925024991669442,-2,[0],"[[-0.9274197816848755, -0.04060085862874985], [-0.1424623280763626, -0.3456115126609802], [-0.09908551722764969, -0.20345254242420197], [-0.22413967549800873, -0.03479594364762306], [-0.29695165157318115, 0.16838118433952332]]",False
early_neutral,3,2254,0.24891702765744753,-2,[0],"[[-0.9176799058914185, -0.04481146112084389], [-0.14026467502117157, -0.3545696437358856], [-0.09139607101678848, -0.20824062824249268], [-0.22413967549800873, -0.03479594364762306], [-0.29695165157318115, 0.16838118433952332]]",False
early_neutral,3,2255,0.2485838053982006,-2,[0],"[[-0.9080215692520142, -0.049129534512758255], [-0.1389547437429428, -0.3621855676174164], [-0.08355981856584549, -0.2135014683008194], [-0.22413967549800873, -0.03479594364762306], [-0.29695165157318115, 0.16838118433952332]]",False
early_neutral,3,2256,0.24825058313895368,-2,[0],"[[-0.898490309715271, -0.05352495238184929], [-0.13760463893413544, -0.36831122636795044], [-0.07559623569250107, -0.21923214197158813], [-0.22413967549800873, -0.03479594364762306], [-0.29695165157318115, 0.16838118433952332]]",True
early_neutral,3,2257,0.24791736087970676,-2,[0],"[[-0.8904170989990234, -0.05731634423136711], [-0.13678306341171265, -0.37284350395202637], [-0.06794560700654984, -0.22558511793613434], [-0.22490163147449493, -0.03556658700108528], [-0.29695165157318115, 0.16838118433952332]]",True
early_neutral,3,2258,0.24758413862045986,-2,[0],"[[-0.8826051950454712, -0.061030324548482895], [-0.13649830222129822, -0.376958429813385], [-0.061146821826696396, -0.232228085398674], [-0.22685858607292175, -0.03785386681556702], [-0.29695165157318115, 0.16838118433952332]]",True
early_neutral,3,2259,0.24725091636121294,-2,[0],"[[-0.8758683800697327, -0.06411639600992203], [-0.13577836751937866, -0.3798779249191284], [-0.057038210332393646, -0.2378215789794922], [-0.22912701964378357, -0.04107429087162018], [-0.29695165157318115, 0.16838118433952332]]",True
early_neutral,3,2260,0.246917694101966,-2,[0],"[[-0.8698955178260803, -0.06611791253089905], [-0.1351465880870819, -0.3824400007724762], [-0.054579898715019226, -0.24357856810092926], [-0.23182997107505798, -0.04485916718840599], [-0.29695165157318115, 0.16838118433952332]]",True
early_neutral,3,2261,0.2465844718427191,-2,[0],"[[-0.8638103008270264, -0.06759709119796753], [-0.13465626537799835, -0.38442835211753845], [-0.05335734784603119, -0.24950219690799713], [-0.23471786081790924, -0.04860013723373413], [-0.29695165157318115, 0.16838118433952332]]",True
early_neutral,3,2262,0.24625124958347216,-2,[0],"[[-0.8580299019813538, -0.06895647943019867], [-0.13439632952213287, -0.38548240065574646], [-0.05330841615796089, -0.2554789185523987], [-0.2365664392709732, -0.05084706097841263], [-0.29695165157318115, 0.16838118433952332]]",True
early_neutral,3,2263,0.24591802732422527,-2,[0],"[[-0.8522953987121582, -0.07039568573236465], [-0.13444660604000092, -0.385278582572937], [-0.05405031889677048, -0.26062366366386414], [-0.2365984171628952, -0.0508832149207592], [-0.29695165157318115, 0.16838118433952332]]",True
early_neutral,3,2264,0.24558480506497835,-2,[0],"[[-0.847022294998169, -0.07186437398195267], [-0.13492314517498016, -0.3833460807800293], [-0.05497487261891365, -0.26476648449897766], [-0.2365984171628952, -0.0508832149207592], [-0.29695165157318115, 0.16838118433952332]]",True
early_neutral,3,2265,0.24525158280573142,-2,[0],"[[-0.8419228196144104, -0.07350725680589676], [-0.13611379265785217, -0.38013556599617004], [-0.05615638568997383, -0.2688816785812378], [-0.2365984171628952, -0.0508832149207592], [-0.29695165157318115, 0.16838118433952332]]",True
early_neutral,3,2266,0.2449183605464845,-2,[0],"[[-0.8371042609214783, -0.0752675011754036], [-0.137184277176857, -0.3767339587211609], [-0.05742169916629791, -0.272986501455307], [-0.23738093674182892, -0.05164523422718048], [-0.29695165157318115, 0.16838118433952332]]",True
early_neutral,3,2267,0.24458513828723757,-2,[0],"[[-0.8325310349464417, -0.07708864659070969], [-0.1375722587108612, -0.3751804828643799], [-0.05820539966225624, -0.27544689178466797], [-0.23962990939617157, -0.05381651595234871], [-0.29695165157318115, 0.16838118433952332]]",True
early_neutral,3,2268,0.24425191602799068,-2,[0],"[[-0.8281043171882629, -0.07899205386638641], [-0.13746343553066254, -0.375276118516922], [-0.05821468308568001, -0.2754756212234497], [-0.24268287420272827, -0.05673934519290924], [-0.29695165157318115, 0.16838118433952332]]",True
early_neutral,3,2269,0.24391869376874376,-2,[0],"[[-0.8244065046310425, -0.0805932953953743], [-0.13679416477680206, -0.3758133053779602], [-0.05821468308568001, -0.2754756212234497], [-0.24597924947738647, -0.05997912213206291], [-0.29695165157318115, 0.16838118433952332]]",True
early_neutral,3,2270,0.24358547150949683,-2,[0],"[[-0.8206725716590881, -0.0821586400270462], [-0.1361607015132904, -0.37640777230262756], [-0.05821468308568001, -0.2754756212234497], [-0.2493632435798645, -0.06343211978673935], [-0.29695165157318115, 0.16838118433952332]]",True
early_neutral,3,2271,0.2432522492502499,-2,[0],"[[-0.8170798420906067, -0.08362805098295212], [-0.13593022525310516, -0.37707996368408203], [-0.05620718374848366, -0.2751251757144928], [-0.25270405411720276, -0.06696970015764236], [-0.29695165157318115, 0.16838118433952332]]",True
early_neutral,3,2272,0.242919026991003,-2,[0],"[[-0.8135541081428528, -0.0850629210472107], [-0.13571934401988983, -0.37765634059906006], [-0.05213626101613045, -0.27451014518737793], [-0.2541247606277466, -0.0684996172785759], [-0.29695165157318115, 0.16838118433952332]]",False
early_neutral,3,2273,0.2425858047317561,-2,[0],"[[-0.8099594116210938, -0.08652807027101517], [-0.13551710546016693, -0.37819281220436096], [-0.04675666615366936, -0.2738187909126282], [-0.2540353238582611, -0.0684858188033104], [-0.29695165157318115, 0.16838118433952332]]",False
early_neutral,3,2274,0.24225258247250916,-2,[0],"[[-0.8055856823921204, -0.08801927417516708], [-0.13531483709812164, -0.37872931361198425], [-0.04008409008383751, -0.2729085385799408], [-0.25153467059135437, -0.06814424693584442], [-0.29695165157318115, 0.16838118433952332]]",False
early_neutral,3,2275,0.24191936021326224,-2,[0],"[[-0.8031248450279236, -0.08861617743968964], [-0.13514798879623413, -0.3791719079017639], [-0.032246287912130356, -0.27172812819480896], [-0.2476460039615631, -0.06770052760839462], [-0.29695165157318115, 0.16838118433952332]]",False
early_neutral,3,2276,0.24158613795401532,-2,[0],"[[-0.803656280040741, -0.08696591109037399], [-0.1353144347667694, -0.3782133460044861], [-0.023442726582288742, -0.2703409194946289], [-0.24373440444469452, -0.06686744838953018], [-0.29695165157318115, 0.16838118433952332]]",False
early_neutral,3,2277,0.24125291569476842,-2,[0],"[[-0.8035062551498413, -0.0842166393995285], [-0.13662385940551758, -0.3757513165473938], [-0.014517059549689293, -0.26891377568244934], [-0.24117489159107208, -0.0650835633277893], [-0.29695165157318115, 0.16838118433952332]]",False
early_neutral,3,2278,0.2409196934355215,-2,[0],"[[-0.8037520051002502, -0.08066962659358978], [-0.13810107111930847, -0.37231093645095825], [-0.005597236100584269, -0.2674712538719177], [-0.23940864205360413, -0.0631694421172142], [-0.29695165157318115, 0.16838118433952332]]",False
early_neutral,3,2279,0.24058647117627457,-2,[0],"[[-0.8049429059028625, -0.07626710087060928], [-0.13967636227607727, -0.36825817823410034], [0.0033207039814442396, -0.26602375507354736], [-0.23927389085292816, -0.06300383061170578], [-0.29695165157318115, 0.16838118433952332]]",False
early_neutral,3,2280,0.24025324891702765,-2,[0],"[[-0.8072867393493652, -0.07119470834732056], [-0.14119262993335724, -0.3641895353794098], [0.012235472910106182, -0.2645680606365204], [-0.23927389085292816, -0.06300383061170578], [-0.29695165157318115, 0.16838118433952332]]",False
early_neutral,3,2281,0.23992002665778073,-2,[0],"[[-0.8107547163963318, -0.06562469899654388], [-0.1408468782901764, -0.3601992726325989], [0.021128935739398003, -0.26305830478668213], [-0.23927389085292816, -0.06300383061170578], [-0.29695165157318115, 0.16838118433952332]]",False
early_neutral,3,2282,0.23958680439853383,-2,[0],"[[-0.8152892589569092, -0.059776533395051956], [-0.13894738256931305, -0.3563232719898224], [0.029994890093803406, -0.26148149371147156], [-0.23927389085292816, -0.06300383061170578], [-0.29695165157318115, 0.16838118433952332]]",False
early_neutral,3,2283,0.2392535821392869,-2,[0],"[[-0.8207250237464905, -0.054075684398412704], [-0.13702741265296936, -0.352332204580307], [0.03873297944664955, -0.25963351130485535], [-0.23927389085292816, -0.06300383061170578], [-0.29695165157318115, 0.16838118433952332]]",False
early_neutral,3,2284,0.23892035988003998,-2,[0],"[[-0.8273139595985413, -0.048299822956323624], [-0.13561052083969116, -0.3482495844364166], [0.047175779938697815, -0.2572748064994812], [-0.23927389085292816, -0.06300383061170578], [-0.29593369364738464, 0.16666541993618011]]",False
early_neutral,3,2285,0.23858713762079306,-2,[0],"[[-0.8348777890205383, -0.042461395263671875], [-0.13470576703548431, -0.34410569071769714], [0.05465215444564819, -0.2546237111091614], [-0.23927389085292816, -0.06300383061170578], [-0.29394346475601196, 0.16380341351032257]]",False
early_neutral,3,2286,0.23825391536154616,-2,[0],"[[-0.8436387181282043, -0.036839280277490616], [-0.1342494785785675, -0.33993035554885864], [0.05854819715023041, -0.25138524174690247], [-0.23927389085292816, -0.06300383061170578], [-0.29097917675971985, 0.1602052003145218]]",False
early_neutral,3,2287,0.23792069310229924,-2,[0],"[[-0.8534969091415405, -0.03157196566462517], [-0.1342156082391739, -0.33574455976486206], [0.06049518659710884, -0.24739331007003784], [-0.23927389085292816, -0.06300383061170578], [-0.28695550560951233, 0.1560007482767105]]",False
early_neutral,3,2288,0.23758747084305232,-2,[0],"[[-0.8642557263374329, -0.02671009860932827], [-0.1345517486333847, -0.3312447965145111], [0.05953983962535858, -0.24300330877304077], [-0.23927389085292816, -0.06300383061170578], [-0.2817904055118561, 0.15137091279029846]]",False
early_neutral,3,2289,0.2372542485838054,-2,[0],"[[-0.8758869171142578, -0.022425595670938492], [-0.1352333277463913, -0.3259243071079254], [0.055457841604948044, -0.2385079264640808], [-0.23927389085292816, -0.06300383061170578], [-0.2770903408527374, 0.1478983461856842]]",False
early_neutral,3,2290,0.23692102632455847,-2,[0],"[[-0.8880650401115417, -0.018530348315835], [-0.13628514111042023, -0.3200264871120453], [0.049871060997247696, -0.2339007705450058], [-0.23927389085292816, -0.06300383061170578], [-0.2721099257469177, 0.14525385200977325]]",False
early_neutral,3,2291,0.23658780406531157,-2,[0],"[[-0.900691032409668, -0.015030951239168644], [-0.13744564354419708, -0.3140935003757477], [0.04394352436065674, -0.22933019697666168], [-0.23927389085292816, -0.06300383061170578], [-0.2664714455604553, 0.1435869336128235]]",False
early_neutral,3,2292,0.23625458180606465,-2,[0],"[[-0.9136145114898682, -0.011805233545601368], [-0.13867036998271942, -0.3081659972667694], [0.037779301404953, -0.22489453852176666], [-0.23927389085292816, -0.06300383061170578], [-0.2603681683540344, 0.14387394487857819]]",False
early_neutral,3,2293,0.23592135954681773,-2,[0],"[[-0.9266737103462219, -0.00865206029266119], [-0.13993261754512787, -0.30224180221557617], [0.031167779117822647, -0.22074197232723236], [-0.23927389085292816, -0.06300383061170578], [-0.25423097610473633, 0.14508774876594543]]",False
early_neutral,3,2294,0.2355881372875708,-2,[0],"[[-0.9398409128189087, -0.005566147156059742], [-0.14121058583259583, -0.29631900787353516], [0.024081451818346977, -0.2169354259967804], [-0.23927389085292816, -0.06300383061170578], [-0.24943889677524567, 0.14773836731910706]]",False
early_neutral,3,2295,0.23525491502832388,-2,[0],"[[-0.953067421913147, -0.0024980499874800444], [-0.14253804087638855, -0.2904009222984314], [0.01684623584151268, -0.21324755251407623], [-0.23927389085292816, -0.06300383061170578], [-0.24558448791503906, 0.15104661881923676]]",False
early_neutral,3,2296,0.23492169276907698,-2,[0],"[[-0.9663112163543701, 0.000554618367459625], [-0.1440320760011673, -0.2844997048377991], [0.00983126275241375, -0.20938371121883392], [-0.23927389085292816, -0.06300383061170578], [-0.24188674986362457, 0.15445476770401]]",False
early_neutral,3,2297,0.23458847050983006,-2,[0],"[[-0.9778414964675903, 0.003164704656228423], [-0.14570362865924835, -0.2786186933517456], [0.0029221903532743454, -0.20530125498771667], [-0.23927389085292816, -0.06300383061170578], [-0.23852519690990448, 0.15789009630680084]]",False
early_neutral,3,2298,0.23425524825058314,-2,[0],"[[-0.9849495887756348, 0.004594714380800724], [-0.14759352803230286, -0.27276578545570374], [-0.004460589028894901, -0.20079028606414795], [-0.23927389085292816, -0.06300383061170578], [-0.23533739149570465, 0.16152618825435638]]",False
early_neutral,3,2299,0.2339220259913362,-2,[0],"[[-0.9886945486068726, 0.005159824155271053], [-0.14971742033958435, -0.2669470012187958], [-0.012297057546675205, -0.19587048888206482], [-0.23927389085292816, -0.06300383061170578], [-0.23281151056289673, 0.1646789163351059]]",False
early_neutral,3,2300,0.23358880373208932,-2,[0],"[[-0.989495038986206, 0.005373883992433548], [-0.15212345123291016, -0.26117512583732605], [-0.020556112751364708, -0.1905851662158966], [-0.23904085159301758, -0.06390225887298584], [-0.23202598094940186, 0.16566765308380127]]",False
early_neutral,3,2301,0.2332555814728424,-2,[0],"[[-0.9896059036254883, 0.005414012353867292], [-0.15489551424980164, -0.25547322630882263], [-0.029130659997463226, -0.18496042490005493], [-0.2386217564344406, -0.06644054502248764], [-0.2320757806301117, 0.16572803258895874]]",False
early_neutral,3,2302,0.23292235921359547,-2,[0],"[[-0.9896059036254883, 0.005414012353867292], [-0.15801189839839935, -0.2498469352722168], [-0.03791511058807373, -0.17904174327850342], [-0.23845499753952026, -0.06984494626522064], [-0.2348482459783554, 0.16487327218055725]]",False
early_neutral,3,2303,0.23258913695434855,-2,[0],"[[-0.9896059036254883, 0.005414012353867292], [-0.1613311916589737, -0.24426980316638947], [-0.04673520848155022, -0.1728152185678482], [-0.23838268220424652, -0.07400362938642502], [-0.23872126638889313, 0.16327109932899475]]",False
early_neutral,3,2304,0.23225591469510162,-2,[0],"[[-0.9896059036254883, 0.005414012353867292], [-0.1648242473602295, -0.2387378066778183], [-0.05550263449549675, -0.16630609333515167], [-0.2383289933204651, -0.07876123487949371], [-0.24344973266124725, 0.16094493865966797]]",False
early_neutral,3,2305,0.23192269243585473,-2,[0],"[[-0.9896059036254883, 0.005414012353867292], [-0.16760368645191193, -0.23447643220424652], [-0.06450716406106949, -0.15974001586437225], [-0.2383022904396057, -0.08391886204481125], [-0.2493479996919632, 0.15819349884986877]]",False
early_neutral,3,2306,0.2315894701766078,-2,[0],"[[-0.9896059036254883, 0.005414012353867292], [-0.17015349864959717, -0.23063267767429352], [-0.07384482771158218, -0.15322037041187286], [-0.23832732439041138, -0.08867115527391434], [-0.2563614249229431, 0.15512442588806152]]",False
early_neutral,3,2307,0.23125624791736088,-2,[0],"[[-0.9896059036254883, 0.005414012353867292], [-0.17276336252689362, -0.22680608928203583], [-0.0834406390786171, -0.14674155414104462], [-0.23836854100227356, -0.08989953994750977], [-0.264272540807724, 0.15185153484344482]]",False
early_neutral,3,2308,0.23092302565811396,-2,[0],"[[-0.9896059036254883, 0.005414012353867292], [-0.17552882432937622, -0.2230261117219925], [-0.09323666989803314, -0.14029806852340698], [-0.2382676601409912, -0.08965113759040833], [-0.2730365991592407, 0.14840854704380035]]",False
early_neutral,3,2309,0.23058980339886703,-2,[0],"[[-0.9896059036254883, 0.005414012353867292], [-0.17849448323249817, -0.21928216516971588], [-0.10333773493766785, -0.133986696600914], [-0.23755031824111938, -0.08727764338254929], [-0.2822110056877136, 0.14493177831172943]]",False
early_neutral,3,2310,0.23025658113962014,-2,[0],"[[-0.9896059036254883, 0.005414012353867292], [-0.18257848918437958, -0.21524862945079803], [-0.11431741714477539, -0.1282723844051361], [-0.23706701397895813, -0.08387254923582077], [-0.29188767075538635, 0.1413792371749878]]",False
early_neutral,3,2311,0.2299233588803732,-2,[0],"[[-0.9896059036254883, 0.005414012353867292], [-0.18834713101387024, -0.21106328070163727], [-0.1261431872844696, -0.12326988577842712], [-0.23698441684246063, -0.07953455299139023], [-0.30216851830482483, 0.13767842948436737]]",False
early_neutral,3,2312,0.2295901366211263,-2,[0],"[[-0.9896059036254883, 0.005414012353867292], [-0.19541442394256592, -0.2068384289741516], [-0.1383064091205597, -0.11857213079929352], [-0.23694218695163727, -0.0743558406829834], [-0.31288865208625793, 0.1337297558784485]]",False
early_neutral,3,2313,0.22925691436187937,-2,[0],"[[-0.9896059036254883, 0.005414012353867292], [-0.20321521162986755, -0.2022993266582489], [-0.15054941177368164, -0.11392921954393387], [-0.23693078756332397, -0.06859710067510605], [-0.32391029596328735, 0.12952956557273865]]",False
early_neutral,3,2314,0.22892369210263244,-2,[0],"[[-0.9896059036254883, 0.005414012353867292], [-0.2116636484861374, -0.19749590754508972], [-0.16285663843154907, -0.10933282971382141], [-0.23692858219146729, -0.06518299132585526], [-0.3351778984069824, 0.1251458376646042]]",False
early_neutral,3,2315,0.22859046984338555,-2,[0],"[[-0.9896059036254883, 0.005414012353867292], [-0.22068005800247192, -0.1924343705177307], [-0.17520004510879517, -0.1047578975558281], [-0.23692826926708221, -0.06469740718603134], [-0.34661394357681274, 0.12059637159109116]]",False
early_neutral,3,2316,0.22825724758413862,-2,[0],"[[-0.9896059036254883, 0.005414012353867292], [-0.23018793761730194, -0.18718358874320984], [-0.18757912516593933, -0.10020880401134491], [-0.23841983079910278, -0.06563959270715714], [-0.3581511974334717, 0.11588995903730392]]",False
early_neutral,3,2317,0.2279240253248917,-2,[0],"[[-0.9896059036254883, 0.005414012353867292], [-0.23822562396526337, -0.18269243836402893], [-0.20003630220890045, -0.09573919326066971], [-0.2414260357618332, -0.06756527721881866], [-0.3696877360343933, 0.11098535358905792]]",False
early_neutral,3,2318,0.22759080306564478,-2,[0],"[[-0.9896059036254883, 0.005414012353867292], [-0.24305671453475952, -0.17962586879730225], [-0.21258114278316498, -0.09136557579040527], [-0.24536500871181488, -0.07011886686086655], [-0.3812050521373749, 0.10591447353363037]]",False
early_neutral,3,2319,0.22725758080639788,-2,[0],"[[-0.9896059036254883, 0.005414012353867292], [-0.24782611429691315, -0.1769619733095169], [-0.22430957853794098, -0.08670414984226227], [-0.25033828616142273, -0.07315043359994888], [-0.39281949400901794, 0.10082591325044632]]",False
early_neutral,3,2320,0.22692435854715096,-2,[0],"[[-0.9896059036254883, 0.005414012353867292], [-0.25360506772994995, -0.17546209692955017], [-0.23222646117210388, -0.08149483054876328], [-0.2563759684562683, -0.07555841654539108], [-0.4045398533344269, 0.09575500339269638]]",False
early_neutral,3,2321,0.22659113628790403,-2,[0],"[[-0.9896059036254883, 0.005414012353867292], [-0.2596784830093384, -0.1740957498550415], [-0.237010657787323, -0.07527931779623032], [-0.2627072334289551, -0.07774728536605835], [-0.41650813817977905, 0.09086857736110687]]",False
early_neutral,3,2322,0.2262579140286571,-2,[0],"[[-0.9896059036254883, 0.005414012353867292], [-0.265858918428421, -0.172939270734787], [-0.24161288142204285, -0.0688086748123169], [-0.2691960036754608, -0.08062147349119186], [-0.4288269877433777, 0.08631034940481186]]",False
early_neutral,3,2323,0.22592469176941019,-2,[0],"[[-0.9896059036254883, 0.005414012353867292], [-0.2721913158893585, -0.17220963537693024], [-0.2459675669670105, -0.06130348518490791], [-0.2759881615638733, -0.08426139503717422], [-0.4408141076564789, 0.08217963576316833]]",False
early_neutral,3,2324,0.2255914695101633,-2,[0],"[[-0.9896059036254883, 0.005414012353867292], [-0.27857932448387146, -0.17181898653507233], [-0.2512865960597992, -0.05398321896791458], [-0.2829865515232086, -0.08573749661445618], [-0.45056161284446716, 0.07826866954565048]]",False
early_neutral,3,2325,0.22525824725091637,-2,[0],"[[-0.9896059036254883, 0.005414012353867292], [-0.2848352789878845, -0.17160464823246002], [-0.2590361535549164, -0.04857506603002548], [-0.2904525697231293, -0.08478593081235886], [-0.45973676443099976, 0.07401697337627411]]",False
early_neutral,3,2326,0.22492502499166944,-2,[0],"[[-0.9896059036254883, 0.005414012353867292], [-0.2912681996822357, -0.17155353724956512], [-0.268901526927948, -0.04441253840923309], [-0.29876676201820374, -0.08299140632152557], [-0.4670352339744568, 0.07019101083278656]]",False
early_neutral,3,2327,0.22459180273242252,-2,[0],"[[-0.9896059036254883, 0.005414012353867292], [-0.29799216985702515, -0.17165935039520264], [-0.2796667516231537, -0.04053022712469101], [-0.3078618347644806, -0.08072604238986969], [-0.4738163650035858, 0.06615500897169113]]",False
early_neutral,3,2328,0.2242585804731756,-2,[0],"[[-0.9896059036254883, 0.005414012353867292], [-0.30595099925994873, -0.17190250754356384], [-0.2912747859954834, -0.03709865361452103], [-0.31736040115356445, -0.07825346291065216], [-0.4803522825241089, 0.061949972063302994]]",False
early_neutral,3,2329,0.2239253582139287,-2,[0],"[[-0.9896059036254883, 0.005414012353867292], [-0.3149877190589905, -0.17231062054634094], [-0.3034057319164276, -0.03388720378279686], [-0.32735463976860046, -0.07571401447057724], [-0.4868691563606262, 0.05773242563009262]]",False
early_neutral,3,2330,0.22359213595468178,-2,[0],"[[-0.988950788974762, 0.005398317240178585], [-0.3248575031757355, -0.1728402078151703], [-0.3157539665699005, -0.030626950785517693], [-0.3380374610424042, -0.07307784259319305], [-0.4933721125125885, 0.0535057932138443]]",False
early_neutral,3,2331,0.22325891369543485,-2,[0],"[[-0.9850234985351562, 0.005156501196324825], [-0.33554890751838684, -0.1734788864850998], [-0.3261733651161194, -0.0257237758487463], [-0.3494807481765747, -0.07061699032783508], [-0.49987220764160156, 0.04927732050418854]]",False
early_neutral,3,2332,0.22292569143618793,-2,[0],"[[-0.9796322584152222, 0.004492369946092367], [-0.34696128964424133, -0.1742221862077713], [-0.33450180292129517, -0.019501954317092896], [-0.3616524934768677, -0.06860056519508362], [-0.5063717365264893, 0.045048441737890244]]",False
early_neutral,3,2333,0.22259246917694103,-2,[0],"[[-0.9744849801063538, 0.0034527527168393135], [-0.35900816321372986, -0.1750907301902771], [-0.3431212306022644, -0.01314840279519558], [-0.3743235170841217, -0.06682314723730087], [-0.5128708481788635, 0.04081932082772255]]",False
early_neutral,3,2334,0.2222592469176941,-2,[0],"[[-0.9720656871795654, 0.0015985063510015607], [-0.371551513671875, -0.17609742283821106], [-0.35233157873153687, -0.006896816194057465], [-0.387375146150589, -0.06524784117937088], [-0.5193699598312378, 0.03659020736813545]]",False
early_neutral,3,2335,0.22192602465844719,-2,[0],"[[-0.9724739193916321, -0.0014338339678943157], [-0.38448789715766907, -0.17718863487243652], [-0.3614490032196045, -0.0003985475923400372], [-0.40072157979011536, -0.06385553628206253], [-0.5258690714836121, 0.03236107900738716]]",False
early_neutral,3,2336,0.22159280239920026,-2,[0],"[[-0.9743818640708923, -0.003911739680916071], [-0.3977256715297699, -0.17836444079875946], [-0.36914271116256714, 0.006968839559704065], [-0.4142928719520569, -0.06261955946683884], [-0.5323681831359863, 0.028131946921348572]]",False
early_neutral,3,2337,0.22125958013995334,-2,[0],"[[-0.9771397113800049, -0.00551941990852356], [-0.411191463470459, -0.17962445318698883], [-0.3754703104496002, 0.014970009215176105], [-0.4280419945716858, -0.06154932081699371], [-0.5388672947883606, 0.023902826011180878]]",False
early_neutral,3,2338,0.22092635788070644,-2,[0],"[[-0.9805353879928589, -0.006944181397557259], [-0.42482179403305054, -0.1809944063425064], [-0.3815494775772095, 0.02312690205872059], [-0.44193413853645325, -0.06067449226975441], [-0.5453664064407349, 0.01967368833720684]]",False
early_neutral,3,2339,0.22059313562145952,-2,[0],"[[-0.9804812669754028, -0.0097043476998806], [-0.43857261538505554, -0.18246589601039886], [-0.3875259459018707, 0.031370993703603745], [-0.45593786239624023, -0.06000867858529091], [-0.5518655180931091, 0.015444567427039146]]",False
early_neutral,3,2340,0.2202599133622126,-2,[0],"[[-0.9765898585319519, -0.012483539991080761], [-0.4524085521697998, -0.1840374916791916], [-0.39344820380210876, 0.03967363387346268], [-0.47002455592155457, -0.059537552297115326], [-0.5583646297454834, 0.011215431615710258]]",False
early_neutral,3,2341,0.21992669110296567,-2,[0],"[[-0.9705167412757874, -0.014329361729323864], [-0.46621716022491455, -0.18569234013557434], [-0.39934274554252625, 0.04801653325557709], [-0.48417139053344727, -0.05924394726753235], [-0.5648637413978577, 0.006986303720623255]]",False
early_neutral,3,2342,0.21959346884371875,-2,[0],"[[-0.962755024433136, -0.015440785326063633], [-0.477556437253952, -0.1870618760585785], [-0.40551814436912537, 0.056295305490493774], [-0.4983615577220917, -0.05912461876869202], [-0.5713628530502319, 0.0027571774553507566]]",False
early_neutral,3,2343,0.21926024658447185,-2,[0],"[[-0.9540279507637024, -0.01693328469991684], [-0.4866037964820862, -0.18811577558517456], [-0.4127211570739746, 0.06423337757587433], [-0.5125811100006104, -0.059156857430934906], [-0.5778619647026062, -0.0014719566097483039]]",False
early_neutral,3,2344,0.21892702432522493,-2,[0],"[[-0.94461989402771, -0.018848426640033722], [-0.49601277709007263, -0.1891418695449829], [-0.42092594504356384, 0.0717645063996315], [-0.5268194675445557, -0.059338390827178955], [-0.5843610763549805, -0.005701073911041021]]",False
early_neutral,3,2345,0.218593802065978,-2,[0],"[[-0.9345717430114746, -0.021199872717261314], [-0.5063222050666809, -0.19012227654457092], [-0.4299681782722473, 0.07889138162136078], [-0.5410661697387695, -0.059694427996873856], [-0.5908603668212891, -0.009930126368999481]]",False
early_neutral,3,2346,0.21826057980673108,-2,[0],"[[-0.9245224595069885, -0.02383379079401493], [-0.5174144506454468, -0.19103297591209412], [-0.43976858258247375, 0.08559059351682663], [-0.5553111433982849, -0.06023939326405525], [-0.5973594784736633, -0.014159207232296467]]",False
early_neutral,3,2347,0.21792735754748419,-2,[0],"[[-0.9141108989715576, -0.026828985661268234], [-0.5292024612426758, -0.1919732540845871], [-0.4502869248390198, 0.09141767770051956], [-0.5695467591285706, -0.06096341460943222], [-0.6038586497306824, -0.018388334661722183]]",False
early_neutral,3,2348,0.21759413528823726,-2,[0],"[[-0.9032757878303528, -0.03016343154013157], [-0.5415551066398621, -0.19295762479305267], [-0.46094048023223877, 0.09466228634119034], [-0.5837689638137817, -0.06184220314025879], [-0.6103577613830566, -0.022617466747760773]]",False
early_neutral,3,2349,0.21726091302899034,-2,[0],"[[-0.8921693563461304, -0.03390027955174446], [-0.5521135330200195, -0.1938355565071106], [-0.4724815785884857, 0.09541444480419159], [-0.5979729890823364, -0.06287115812301636], [-0.6168568134307861, -0.026846587657928467]]",False
early_neutral,3,2350,0.21692769076974341,-2,[0],"[[-0.8809725642204285, -0.038077838718891144], [-0.5612079501152039, -0.19470065832138062], [-0.48404109477996826, 0.09426994621753693], [-0.6121616363525391, -0.06400974094867706], [-0.6233558654785156, -0.031075725331902504]]",False
early_neutral,3,2351,0.2165944685104965,-2,[0],"[[-0.8701555132865906, -0.04301200807094574], [-0.5702707171440125, -0.19569477438926697], [-0.49377283453941345, 0.0911550372838974], [-0.626334011554718, -0.06524620205163956], [-0.6298550367355347, -0.03530484810471535]]",False
early_neutral,3,2352,0.2162612462512496,-2,[0],"[[-0.8602085709571838, -0.04890190809965134], [-0.5796849131584167, -0.19700923562049866], [-0.5027591586112976, 0.08782242238521576], [-0.6404850482940674, -0.06659340113401413], [-0.6363541483879089, -0.03953398019075394]]",False
early_neutral,3,2353,0.21592802399200267,-2,[0],"[[-0.851059079170227, -0.055478908121585846], [-0.5898468494415283, -0.19869601726531982], [-0.5113832950592041, 0.08394356071949005], [-0.6546080112457275, -0.06806707382202148], [-0.6428532004356384, -0.043763112276792526]]",False
early_neutral,3,2354,0.21559480173275575,-2,[0],"[[-0.8428227305412292, -0.0626603290438652], [-0.6003077626228333, -0.20039008557796478], [-0.5210031867027283, 0.07846570014953613], [-0.6687024831771851, -0.06965665519237518], [-0.6493523120880127, -0.04799223318696022]]",False
early_neutral,3,2355,0.21526157947350882,-2,[0],"[[-0.8357651829719543, -0.0699232965707779], [-0.6113982796669006, -0.20204345881938934], [-0.5307510495185852, 0.07275009900331497], [-0.6827805042266846, -0.07131043076515198], [-0.655851423740387, -0.05222136899828911]]",False
early_neutral,3,2356,0.2149283572142619,-2,[0],"[[-0.8312111496925354, -0.0752486065030098], [-0.623137891292572, -0.20366063714027405], [-0.5405619144439697, 0.06682557612657547], [-0.6968451738357544, -0.07301253825426102], [-0.6623505353927612, -0.056450486183166504]]",False
early_neutral,3,2357,0.214595134955015,-2,[0],"[[-0.8306490182876587, -0.07833805680274963], [-0.6354928612709045, -0.20506146550178528], [-0.5505978465080261, 0.060864754021167755], [-0.7104209661483765, -0.07536321878433228], [-0.6679421067237854, -0.05937855318188667]]",False
early_neutral,3,2358,0.21426191269576808,-2,[0],"[[-0.8330272436141968, -0.08039378374814987], [-0.6479800939559937, -0.20618180930614471], [-0.5609080195426941, 0.05495012551546097], [-0.7217246890068054, -0.07956838607788086], [-0.6714972257614136, -0.059935156255960464]]",False
early_neutral,3,2359,0.21392869043652116,-2,[0],"[[-0.8374218344688416, -0.08051556348800659], [-0.6580622792243958, -0.20790302753448486], [-0.571033239364624, 0.048790909349918365], [-0.7316055297851562, -0.08417176455259323], [-0.6732361316680908, -0.059784770011901855]]",False
early_neutral,3,2360,0.21359546817727423,-2,[0],"[[-0.843032956123352, -0.0793471485376358], [-0.6670531034469604, -0.21054397523403168], [-0.5802977085113525, 0.04200195148587227], [-0.7373726963996887, -0.08861067146062851], [-0.6755049228668213, -0.05932531878352165]]",False
early_neutral,3,2361,0.21326224591802734,-2,[0],"[[-0.8497588634490967, -0.07748990505933762], [-0.6756730675697327, -0.21360686421394348], [-0.5887835025787354, 0.034734275192022324], [-0.7394958734512329, -0.09388036280870438], [-0.6753098368644714, -0.05475576967000961]]",False
early_neutral,3,2362,0.21292902365878041,-2,[0],"[[-0.8572442531585693, -0.07478433102369308], [-0.6834733486175537, -0.2164347618818283], [-0.5972309112548828, 0.027403105050325394], [-0.738000214099884, -0.09835052490234375], [-0.6745494604110718, -0.04940127208828926]]",False
early_neutral,3,2363,0.2125958013995335,-2,[0],"[[-0.8655018210411072, -0.07159393280744553], [-0.6897092461585999, -0.21881403028964996], [-0.6057151556015015, 0.02005719766020775], [-0.7338082194328308, -0.1028524860739708], [-0.6732344627380371, -0.04340038448572159]]",False
early_neutral,3,2364,0.21226257914028657,-2,[0],"[[-0.8744394183158875, -0.06803420186042786], [-0.6948118805885315, -0.22087886929512024], [-0.6123090982437134, 0.012834598310291767], [-0.7284870147705078, -0.10739652812480927], [-0.6720102429389954, -0.03681443631649017]]",False
early_neutral,3,2365,0.21192935688103964,-2,[0],"[[-0.8836118578910828, -0.06432213634252548], [-0.7011615633964539, -0.22321708500385284], [-0.6147674322128296, 0.00696109514683485], [-0.7218441963195801, -0.11227923631668091], [-0.671001672744751, -0.02971344068646431]]",True
early_neutral,3,2366,0.21159613462179275,-2,[0],"[[-0.8931700587272644, -0.06044667959213257], [-0.7074891328811646, -0.22668981552124023], [-0.6125968098640442, 0.0027515841647982597], [-0.7156961560249329, -0.11712110787630081], [-0.670889675617218, -0.022214563563466072]]",True
early_neutral,3,2367,0.21126291236254582,-2,[0],"[[-0.9032711386680603, -0.05638168752193451], [-0.713873028755188, -0.23103711009025574], [-0.6068658232688904, -0.0004120324447285384], [-0.710311770439148, -0.12163520604372025], [-0.6745004057884216, -0.014809033833444118]]",True
early_neutral,3,2368,0.2109296901032989,-2,[0],"[[-0.9140594601631165, -0.05238496512174606], [-0.720130443572998, -0.23555275797843933], [-0.5991694927215576, -0.0029885319527238607], [-0.7051682472229004, -0.12614844739437103], [-0.6795967221260071, -0.0074399602599442005]]",True
early_neutral,3,2369,0.21059646784405198,-2,[0],"[[-0.925523579120636, -0.04862522333860397], [-0.7255681753158569, -0.23957420885562897], [-0.5902829766273499, -0.0053994436748325825], [-0.7002567052841187, -0.12957628071308136], [-0.6836406588554382, 0.0004893655423074961]]",True
early_neutral,3,2370,0.21026324558480505,-2,[0],"[[-0.9376115798950195, -0.04523640498518944], [-0.7290849089622498, -0.24217240512371063], [-0.5803748369216919, -0.007585643790662289], [-0.6946407556533813, -0.13320891559123993], [-0.6862061023712158, 0.008902657777071]]",True
early_neutral,3,2371,0.20993002332555816,-2,[0],"[[-0.9503520131111145, -0.04250864312052727], [-0.7303679585456848, -0.2431197166442871], [-0.5700020790100098, -0.009499063715338707], [-0.6887636184692383, -0.1376708745956421], [-0.6881983280181885, 0.017557203769683838]]",True
early_neutral,3,2372,0.20959680106631123,-2,[0],"[[-0.9622490406036377, -0.040404062718153], [-0.7298562526702881, -0.24326132237911224], [-0.5593169927597046, -0.011308753862977028], [-0.6817232966423035, -0.1413540244102478], [-0.6897851824760437, 0.026379819959402084]]",True
early_neutral,3,2373,0.2092635788070643,-2,[0],"[[-0.9698179364204407, -0.0389503538608551], [-0.7282702326774597, -0.2436332106590271], [-0.5479750037193298, -0.013098877854645252], [-0.6734237670898438, -0.1436387151479721], [-0.6911508440971375, 0.03532012179493904]]",True
early_neutral,3,2374,0.2089303565478174,-2,[0],"[[-0.9749595522880554, -0.03779738023877144], [-0.7256397604942322, -0.24342553317546844], [-0.5360643863677979, -0.01492574717849493], [-0.6647742986679077, -0.14565540850162506], [-0.692507266998291, 0.044338829815387726]]",True
early_neutral,3,2375,0.20859713428857046,-2,[0],"[[-0.9768677949905396, -0.037466153502464294], [-0.7224940061569214, -0.2432326227426529], [-0.5236877202987671, -0.016757788136601448], [-0.6554282903671265, -0.1471123993396759], [-0.6937971115112305, 0.053420934826135635]]",True
early_neutral,3,2376,0.20826391202932357,-2,[0],"[[-0.9770880937576294, -0.03744039684534073], [-0.718743085861206, -0.24310141801834106], [-0.5109477639198303, -0.018599728122353554], [-0.6451091766357422, -0.14807656407356262], [-0.6947402954101562, 0.06256607919931412]]",True
early_neutral,3,2377,0.20793068977007664,-2,[0],"[[-0.9746555089950562, -0.03778747841715813], [-0.714163064956665, -0.24307800829410553], [-0.49792033433914185, -0.02043600007891655], [-0.6345296502113342, -0.14906857907772064], [-0.6952969431877136, 0.07175897061824799]]",True
early_neutral,3,2378,0.20759746751082972,-2,[0],"[[-0.9703810214996338, -0.03866591677069664], [-0.7121337652206421, -0.24355924129486084], [-0.48467040061950684, -0.022267209365963936], [-0.6233698725700378, -0.15024368464946747], [-0.6955830454826355, 0.08098340034484863]]",True
early_neutral,3,2379,0.2072642452515828,-2,[0],"[[-0.964924156665802, -0.04018869996070862], [-0.7063076496124268, -0.24369153380393982], [-0.47125303745269775, -0.024107132107019424], [-0.6116437911987305, -0.1516442596912384], [-0.6956655383110046, 0.09022935479879379]]",True
early_neutral,3,2380,0.2069310229923359,-2,[0],"[[-0.9591305255889893, -0.04204833507537842], [-0.6980853080749512, -0.24348117411136627], [-0.45770642161369324, -0.025951627641916275], [-0.5995354056358337, -0.15354394912719727], [-0.6955201029777527, 0.09948994964361191]]",True
early_neutral,3,2381,0.20659780073308898,-2,[0],"[[-0.9534642100334167, -0.04408682510256767], [-0.6887031197547913, -0.2431209683418274], [-0.4440611004829407, -0.02780076116323471], [-0.5872145891189575, -0.1559838056564331], [-0.695088803768158, 0.10875817388296127]]",True
early_neutral,3,2382,0.20626457847384205,-2,[0],"[[-0.9476863145828247, -0.046076685190200806], [-0.6795119643211365, -0.2431207001209259], [-0.4303400218486786, -0.02965250425040722], [-0.5748076438903809, -0.15893056988716125], [-0.6943538188934326, 0.11802686005830765]]",True
early_neutral,3,2383,0.20593135621459513,-2,[0],"[[-0.9417777061462402, -0.047896839678287506], [-0.6698743104934692, -0.24242839217185974], [-0.41656115651130676, -0.03150540962815285], [-0.5639320015907288, -0.16188643872737885], [-0.6931339502334595, 0.127280130982399]]",True
early_neutral,3,2384,0.2055981339553482,-2,[0],"[[-0.9365148544311523, -0.049360763281583786], [-0.6605581641197205, -0.24223464727401733], [-0.4027377963066101, -0.03335876017808914], [-0.5557098984718323, -0.16460397839546204], [-0.6913784742355347, 0.13650190830230713]]",True
early_neutral,3,2385,0.2052649116961013,-2,[0],"[[-0.9314457178115845, -0.05065665394067764], [-0.6512942314147949, -0.24224235117435455], [-0.38888004422187805, -0.0352112241089344], [-0.5483359098434448, -0.16734525561332703], [-0.6894547939300537, 0.1447671502828598]]",True
early_neutral,3,2386,0.2049316894368544,-2,[1],"[[-0.926571786403656, -0.05180671438574791], [-0.6424281597137451, -0.24147051572799683], [-0.3749958574771881, -0.03706199303269386], [-0.5427201390266418, -0.16938818991184235], [-0.6873883008956909, 0.15080824494361877]]",True
early_neutral,3,2387,0.20459846717760746,-2,[1],"[[-0.9220783710479736, -0.052826348692178726], [-0.6335678100585938, -0.24066591262817383], [-0.36109116673469543, -0.03891030326485634], [-0.5370538234710693, -0.17137110233306885], [-0.6847599744796753, 0.1565379649400711]]",True
early_neutral,3,2388,0.20426524491836054,-2,[1],"[[-0.9174963235855103, -0.05383586138486862], [-0.6234803795814514, -0.24068184196949005], [-0.3471706211566925, -0.04075595363974571], [-0.5312238335609436, -0.17313921451568604], [-0.6814287900924683, 0.1621103435754776]]",True
early_neutral,3,2389,0.20393202265911362,-2,[1],"[[-0.9129263162612915, -0.05480905994772911], [-0.6130547523498535, -0.24076196551322937], [-0.33323782682418823, -0.04259870573878288], [-0.5251937508583069, -0.17459575831890106], [-0.6774217486381531, 0.16745910048484802]]",True
early_neutral,3,2390,0.20359880039986672,-2,[1],"[[-0.9075551629066467, -0.05575815588235855], [-0.6019172668457031, -0.24092313647270203], [-0.31929510831832886, -0.04443759471178055], [-0.5189698338508606, -0.1757751852273941], [-0.673806369304657, 0.17126835882663727]]",True
early_neutral,3,2391,0.2032655781406198,-2,[1],"[[-0.9014158248901367, -0.05655693635344505], [-0.5901091694831848, -0.24112801253795624], [-0.3053440749645233, -0.04627083241939545], [-0.5124491453170776, -0.17678119242191315], [-0.6696954369544983, 0.1744852066040039]]",True
early_neutral,3,2392,0.20293235588137287,-2,[1],"[[-0.8947840929031372, -0.05712675675749779], [-0.5777184963226318, -0.24130775034427643], [-0.2913859188556671, -0.04809696227312088], [-0.5049818158149719, -0.1776801347732544], [-0.6650006771087646, 0.17734426259994507]]",True
early_neutral,3,2393,0.20259913362212595,-2,[1],"[[-0.8901469707489014, -0.057466521859169006], [-0.5648778676986694, -0.2424180805683136], [-0.2774174213409424, -0.049901463091373444], [-0.49673575162887573, -0.17839503288269043], [-0.6598187685012817, 0.17982162535190582]]",True
early_neutral,3,2394,0.20226591136287905,-2,[1],"[[-0.8856373429298401, -0.05787168815732002], [-0.5517213940620422, -0.24368268251419067], [-0.2634381949901581, -0.0516800656914711], [-0.4875960648059845, -0.1786787062883377], [-0.6542279720306396, 0.18188905715942383]]",True
early_neutral,3,2395,0.20193268910363213,-2,[1],"[[-0.8812360167503357, -0.05833366885781288], [-0.5384733080863953, -0.24370421469211578], [-0.24944482743740082, -0.0534183494746685], [-0.4784240424633026, -0.17833742499351501], [-0.6483514904975891, 0.1835898756980896]]",True
early_neutral,3,2396,0.2015994668443852,-2,[1],"[[-0.8764007091522217, -0.05888615921139717], [-0.5250270366668701, -0.2436516284942627], [-0.23543311655521393, -0.055098727345466614], [-0.46932756900787354, -0.17748504877090454], [-0.6422578692436218, 0.18492856621742249]]",True
early_neutral,3,2397,0.20126624458513828,-2,[1],"[[-0.8700965642929077, -0.059586428105831146], [-0.5113596320152283, -0.2434617429971695], [-0.22140386700630188, -0.05672020837664604], [-0.4602885842323303, -0.17640291154384613], [-0.6360622048377991, 0.18595202267169952]]",True
early_neutral,3,2398,0.20093302232589136,-2,[1],"[[-0.8630247116088867, -0.06035379320383072], [-0.49752336740493774, -0.24319525063037872], [-0.207356795668602, -0.05827835947275162], [-0.45131438970565796, -0.17511218786239624], [-0.6299153566360474, 0.18672411143779755]]",True
early_neutral,3,2399,0.20059980006664446,-2,[1],"[[-0.8569885492324829, -0.06108685955405235], [-0.483553409576416, -0.2429802268743515], [-0.19329257309436798, -0.05977253615856171], [-0.44238075613975525, -0.1737065464258194], [-0.623539388179779, 0.18727992475032806]]",True
early_neutral,3,2400,0.20026657780739754,-2,[1],"[[-0.850979745388031, -0.06190948933362961], [-0.4694896638393402, -0.2427143156528473], [-0.17921239137649536, -0.0612039640545845], [-0.4334808886051178, -0.17221301794052124], [-0.6171390414237976, 0.18761315941810608]]",True
early_neutral,3,2401,0.19993335554815062,-2,[1],"[[-0.8467559814453125, -0.06256593763828278], [-0.4554150402545929, -0.24235188961029053], [-0.16511720418930054, -0.06257330626249313], [-0.42459461092948914, -0.170685276389122], [-0.6108843684196472, 0.1877647340297699]]",True
early_neutral,3,2402,0.1996001332889037,-2,[1],"[[-0.8428623676300049, -0.0632706806063652], [-0.4417717456817627, -0.24231821298599243], [-0.1510080099105835, -0.06388156861066818], [-0.4156958758831024, -0.16918863356113434], [-0.6044511198997498, 0.18774355947971344]]",True
early_neutral,3,2403,0.19926691102965677,-2,[1],"[[-0.838674008846283, -0.06407657265663147], [-0.42831364274024963, -0.2423228770494461], [-0.13688606023788452, -0.06513139605522156], [-0.40677499771118164, -0.16774946451187134], [-0.5980241894721985, 0.18756286799907684]]",True
early_neutral,3,2404,0.19893368877040987,-2,[1],"[[-0.8330193758010864, -0.06488092243671417], [-0.4146344065666199, -0.2423633635044098], [-0.12275203317403793, -0.06632309406995773], [-0.3977869749069214, -0.16650032997131348], [-0.5917450189590454, 0.18731389939785004]]",True
early_neutral,3,2405,0.19860046651116295,-2,[1],"[[-0.8260635137557983, -0.06541138142347336], [-0.40078553557395935, -0.24243247509002686], [-0.10860707610845566, -0.0674593448638916], [-0.38878050446510315, -0.16546326875686646], [-0.585348904132843, 0.18699690699577332]]",True
early_neutral,3,2406,0.19826724425191602,-2,[1],"[[-0.8199468851089478, -0.06573354452848434], [-0.38680657744407654, -0.24249327182769775], [-0.0944518893957138, -0.06854087114334106], [-0.3819579482078552, -0.1648740917444229], [-0.578941285610199, 0.18661993741989136]]",True
early_neutral,3,2407,0.1979340219926691,-2,[1],"[[-0.8138260245323181, -0.06602340936660767], [-0.3727308213710785, -0.2425457239151001], [-0.08028733730316162, -0.06956945359706879], [-0.375541090965271, -0.164577454328537], [-0.572611927986145, 0.1862332671880722]]",True
early_neutral,3,2408,0.1976007997334222,-2,[1],"[[-0.8077012300491333, -0.06628096103668213], [-0.35863080620765686, -0.2426014244556427], [-0.06611424684524536, -0.07054734975099564], [-0.3691149055957794, -0.16448034346103668], [-0.5662890672683716, 0.18584546446800232]]",True
early_neutral,3,2409,0.19726757747417528,-2,[1],"[[-0.8039882183074951, -0.06628114730119705], [-0.34484243392944336, -0.2426169365644455], [-0.05237659066915512, -0.07145265489816666], [-0.36284762620925903, -0.1645030528306961], [-0.5598838329315186, 0.1854512095451355]]",True
early_neutral,3,2410,0.19693435521492836,-2,[1],"[[-0.8017059564590454, -0.066025510430336], [-0.33142566680908203, -0.24261805415153503], [-0.0419204905629158, -0.07212192565202713], [-0.3564176857471466, -0.16464388370513916], [-0.5535068511962891, 0.18506580591201782]]",True
early_neutral,3,2411,0.19660113295568143,-2,[1],"[[-0.798339307308197, -0.06570564210414886], [-0.3177860975265503, -0.2426142692565918], [-0.03276912495493889, -0.07267796248197556], [-0.3500013053417206, -0.1649060845375061], [-0.5472285747528076, 0.18469831347465515]]",True
early_neutral,3,2412,0.1962679106964345,-2,[1],"[[-0.7933924198150635, -0.0656333863735199], [-0.30396735668182373, -0.24260546267032623], [-0.023615418002009392, -0.07321742922067642], [-0.3437506854534149, -0.16530156135559082], [-0.5408190488815308, 0.1843351423740387]]",True
early_neutral,3,2413,0.19593468843718762,-2,[1],"[[-0.7871567010879517, -0.06596945971250534], [-0.2900114357471466, -0.24259665608406067], [-0.014459801837801933, -0.07374303042888641], [-0.3373938202857971, -0.16585186123847961], [-0.5344120860099792, 0.18398615717887878]]",True
early_neutral,3,2414,0.1956014661779407,-2,[1],"[[-0.7807349562644958, -0.06648901849985123], [-0.2761150896549225, -0.24258184432983398], [-0.00530299823731184, -0.07425978779792786], [-0.33096927404403687, -0.166558176279068], [-0.5281534790992737, 0.18366140127182007]]",True
early_neutral,3,2415,0.19526824391869377,-2,[1],"[[-0.7748849987983704, -0.06710575520992279], [-0.2626325488090515, -0.24223174154758453], [0.0038533229380846024, -0.07478013634681702], [-0.3235659897327423, -0.16753962635993958], [-0.5217380523681641, 0.18334496021270752]]",True
early_neutral,3,2416,0.19493502165944684,-2,[1],"[[-0.7710316181182861, -0.06760206818580627], [-0.24992959201335907, -0.24139265716075897], [0.013009071350097656, -0.07530477643013], [-0.31506672501564026, -0.16886736452579498], [-0.5153211355209351, 0.18304239213466644]]",True
early_neutral,3,2417,0.19460179940019992,-2,[1],"[[-0.7672035694122314, -0.0681755393743515], [-0.2380896657705307, -0.239038348197937], [0.022164028137922287, -0.075835220515728], [-0.3061460852622986, -0.17030709981918335], [-0.5090623497962952, 0.18275469541549683]]",True
early_neutral,3,2418,0.19426857714095302,-2,[1],"[[-0.7630507349967957, -0.06750106811523438], [-0.22631366550922394, -0.23626933991909027], [0.03131812810897827, -0.07637187838554382], [-0.29717347025871277, -0.1716029793024063], [-0.5026437640190125, 0.1824670135974884]]",True
early_neutral,3,2419,0.1939353548817061,-2,[1],"[[-0.7598722577095032, -0.06462887674570084], [-0.2141556739807129, -0.23336349427700043], [0.04047466069459915, -0.07689053565263748], [-0.2881406545639038, -0.17270372807979584], [-0.49622437357902527, 0.18218649923801422]]",True
early_neutral,3,2420,0.19360213262245918,-2,[1],"[[-0.7569999098777771, -0.06170065328478813], [-0.20170840620994568, -0.23033621907234192], [0.04963727295398712, -0.07736150920391083], [-0.2790065109729767, -0.17335394024848938], [-0.4899446964263916, 0.18191875517368317]]",True
early_neutral,3,2421,0.19326891036321225,-2,[1],"[[-0.7548714876174927, -0.05946691706776619], [-0.18915998935699463, -0.22820164263248444], [0.05880607292056084, -0.07777801901102066], [-0.2698212265968323, -0.17351892590522766], [-0.4835427403450012, 0.1816527098417282]]",True
early_neutral,3,2422,0.19293568810396536,-2,[1],"[[-0.752593994140625, -0.05696660652756691], [-0.17660726606845856, -0.22632040083408356], [0.06798331439495087, -0.07810612767934799], [-0.26063236594200134, -0.17339426279067993], [-0.4771214723587036, 0.1813925802707672]]",True
early_neutral,3,2423,0.19260246584471843,-2,[1],"[[-0.7508225440979004, -0.05453706905245781], [-0.16435506939888, -0.22426137328147888], [0.07716730237007141, -0.07834117114543915], [-0.2514532506465912, -0.17309245467185974], [-0.47077620029449463, 0.1811409592628479]]",True
early_neutral,3,2424,0.1922692435854715,-2,[1],"[[-0.7525086402893066, -0.051466234028339386], [-0.1520029902458191, -0.22379429638385773], [0.08635595440864563, -0.07847844809293747], [-0.2422812581062317, -0.1727076768875122], [-0.46443653106689453, 0.18089480698108673]]",True
early_neutral,3,2425,0.1919360213262246,-2,[1],"[[-0.756775438785553, -0.048355378210544586], [-0.13948318362236023, -0.22367429733276367], [0.09554684907197952, -0.07851529121398926], [-0.23309750854969025, -0.1724715381860733], [-0.4580136239528656, 0.18065066635608673]]",True
early_neutral,3,2426,0.19160279906697766,-2,[1],"[[-0.7619369626045227, -0.04474909231066704], [-0.12653513252735138, -0.22346685826778412], [0.10473759472370148, -0.07846137881278992], [-0.22390735149383545, -0.1723979115486145], [-0.451619416475296, 0.18041418492794037]]",True
early_neutral,3,2427,0.19126957680773077,-2,[1],"[[-0.767959475517273, -0.04057895764708519], [-0.11325544118881226, -0.22316031157970428], [0.11392686516046524, -0.07834063470363617], [-0.21471896767616272, -0.17253081500530243], [-0.4453253746032715, 0.1801886111497879]]",True
early_neutral,3,2428,0.19093635454848384,-2,[1],"[[-0.7743269801139832, -0.036202412098646164], [-0.09988575428724289, -0.22264672815799713], [0.12311354279518127, -0.0781545639038086], [-0.20554421842098236, -0.17288270592689514], [-0.4389007091522217, 0.17996564507484436]]",True
early_neutral,3,2429,0.19060313228923692,-2,[1],"[[-0.7810019254684448, -0.03162296861410141], [-0.08742290735244751, -0.2210732251405716], [0.13243921101093292, -0.07790585607290268], [-0.19637776911258698, -0.17340025305747986], [-0.43247970938682556, 0.17974898219108582]]",True
early_neutral,3,2430,0.19026991002999,-2,[1],"[[-0.7882622480392456, -0.02664756216108799], [-0.07462262362241745, -0.2200831025838852], [0.1425587385892868, -0.07757589221000671], [-0.1866319626569748, -0.17405462265014648], [-0.4262092113494873, 0.17954224348068237]]",True
early_neutral,3,2431,0.18993668777074307,-2,[1],"[[-0.7957127690315247, -0.02154492400586605], [-0.06248757615685463, -0.21825292706489563], [0.15312038362026215, -0.07717569172382355], [-0.17670641839504242, -0.17478607594966888], [-0.41978323459625244, 0.1793353110551834]]",True
early_neutral,3,2432,0.18960346551149618,-2,[1],"[[-0.8035608530044556, -0.016172317788004875], [-0.051009755581617355, -0.21529929339885712], [0.16412675380706787, -0.07669416069984436], [-0.1675669401884079, -0.1754194051027298], [-0.4133569002151489, 0.1791333705186844]]",True
early_neutral,3,2433,0.18927024325224925,-2,[1],"[[-0.8107553720474243, -0.011248577386140823], [-0.03918585553765297, -0.21225279569625854], [0.17575612664222717, -0.07613056898117065], [-0.15841951966285706, -0.17600208520889282], [-0.4070895314216614, 0.17894144356250763]]",True
early_neutral,3,2434,0.18893702099300233,-2,[1],"[[-0.8166176676750183, -0.007237816229462624], [-0.02695925161242485, -0.20918318629264832], [0.18794535100460052, -0.07549142092466354], [-0.1492595374584198, -0.17649321258068085], [-0.40066245198249817, 0.17874982953071594]]",True
early_neutral,3,2435,0.1886037987337554,-2,[1],"[[-0.8220227360725403, -0.0035600466653704643], [-0.014429166913032532, -0.20608025789260864], [0.20058074593544006, -0.07475760579109192], [-0.14008668065071106, -0.17686928808689117], [-0.3942349851131439, 0.17856359481811523]]",True
early_neutral,3,2436,0.1882705764745085,-2,[1],"[[-0.8247374892234802, -0.0020142451394349337], [-0.0024837267119437456, -0.20242178440093994], [0.21356691420078278, -0.0739554911851883], [-0.13090452551841736, -0.1771322786808014], [-0.387947678565979, 0.17838738858699799]]",True
early_neutral,3,2437,0.1879373542152616,-2,[1],"[[-0.8252584338188171, -0.0018081371672451496], [0.0086585134267807, -0.1982486993074417], [0.2268238216638565, -0.07308409363031387], [-0.12171655148267746, -0.17728707194328308], [-0.3815382122993469, 0.17821401357650757]]",True
early_neutral,3,2438,0.18760413195601466,-2,[1],"[[-0.8252584338188171, -0.0018081371672451496], [0.020195577293634415, -0.19468647241592407], [0.2402895838022232, -0.07215452939271927], [-0.1124943420290947, -0.1773337572813034], [-0.37510958313941956, 0.17804645001888275]]",True
early_neutral,3,2439,0.18727090969676774,-2,[1],"[[-0.8252584338188171, -0.0018081371672451496], [0.030138695612549782, -0.18986065685749054], [0.2539161145687103, -0.07117980718612671], [-0.1029660627245903, -0.17727616429328918], [-0.36875712871551514, 0.17788830399513245]]",True
early_neutral,3,2440,0.18693768743752082,-2,[1],"[[-0.8252584338188171, -0.0018081371672451496], [0.03958209976553917, -0.18458062410354614], [0.2676648199558258, -0.07016310840845108], [-0.09261786937713623, -0.17711295187473297], [-0.36241042613983154, 0.17773807048797607]]",True
early_neutral,3,2441,0.18660446517827392,-2,[1],"[[-0.8252584338188171, -0.0018081371672451496], [0.04939913749694824, -0.17915131151676178], [0.28150662779808044, -0.06911183893680573], [-0.08304078131914139, -0.17684172093868256], [-0.35598045587539673, 0.17759369313716888]]",True
early_neutral,3,2442,0.186271242919027,-2,[1],"[[-0.8252584338188171, -0.0018081371672451496], [0.05954893305897713, -0.17362436652183533], [0.2954186201095581, -0.06802885979413986], [-0.0738738402724266, -0.1764102280139923], [-0.34957942366600037, 0.17745929956436157]]",True
early_neutral,3,2443,0.18593802065978007,-2,[1],"[[-0.8252584338188171, -0.0018081371672451496], [0.06990896165370941, -0.1679849475622177], [0.306858092546463, -0.06717520207166672], [-0.06472740322351456, -0.1758221536874771], [-0.3432786464691162, 0.17733721435070038]]",True
early_neutral,3,2444,0.18560479840053315,-2,[1],"[[-0.8252584338188171, -0.0018081371672451496], [0.07946550101041794, -0.1619645059108734], [0.3143415153026581, -0.06722541153430939], [-0.05560135468840599, -0.17511223256587982], [-0.3368472456932068, 0.1772228479385376]]",True
early_neutral,3,2445,0.18527157614128623,-2,[1],"[[-0.8252584338188171, -0.0018081371672451496], [0.0875028595328331, -0.1553979218006134], [0.3179856240749359, -0.06902098655700684], [-0.04648884758353233, -0.17428448796272278], [-0.3304196000099182, 0.1771203726530075]]",True
early_neutral,3,2446,0.18493835388203933,-2,[1],"[[-0.8252584338188171, -0.0018081371672451496], [0.09744304418563843, -0.14938035607337952], [0.3182790279388428, -0.07120069861412048], [-0.037185218185186386, -0.1733275204896927], [-0.32414257526397705, 0.17703351378440857]]",True
early_neutral,3,2447,0.1846051316227924,-2,[1],"[[-0.8252584338188171, -0.0018081371672451496], [0.1072223111987114, -0.14336423575878143], [0.31773167848587036, -0.07163017243146896], [-0.02714795060455799, -0.17219682037830353], [-0.3177098035812378, 0.17695792019367218]]",True
early_neutral,3,2448,0.18427190936354548,-2,[1],"[[-0.8252584338188171, -0.0018081371672451496], [0.1172700971364975, -0.13732440769672394], [0.31768181920051575, -0.0727204829454422], [-0.01660872995853424, -0.1708720326423645], [-0.31127673387527466, 0.1768963485956192]]",True
early_neutral,3,2449,0.18393868710429856,-2,[1],"[[-0.8252584338188171, -0.0018081371672451496], [0.1275218427181244, -0.13126589357852936], [0.3163902461528778, -0.07520382851362228], [-0.005958245601505041, -0.16932575404644012], [-0.30500292778015137, 0.17685115337371826]]",True
early_neutral,3,2450,0.18360546484505164,-2,[1],"[[-0.8252584338188171, -0.0018081371672451496], [0.13813632726669312, -0.1257443130016327], [0.3145107328891754, -0.0775805413722992], [0.0050358762964606285, -0.16753841936588287], [-0.2985692620277405, 0.17682018876075745]]",True
early_neutral,3,2451,0.18327224258580474,-2,[1],"[[-0.8252584338188171, -0.0018081371672451496], [0.14898709952831268, -0.12093371897935867], [0.31146082282066345, -0.07976514846086502], [0.014085376635193825, -0.1659172624349594], [-0.2921355962753296, 0.17680507898330688]]",True
early_neutral,3,2452,0.18293902032655782,-2,[1],"[[-0.8252584338188171, -0.0018081371672451496], [0.1591111272573471, -0.11570427566766739], [0.30834415555000305, -0.0834258571267128], [0.02288222312927246, -0.16418470442295074], [-0.2858425974845886, 0.17680823802947998]]",True
early_neutral,3,2453,0.1826057980673109,-2,[1],"[[-0.8252584338188171, -0.0018081371672451496], [0.1700848937034607, -0.11195196211338043], [0.3061628043651581, -0.08730152994394302], [0.02953903190791607, -0.16280916333198547], [-0.27942773699760437, 0.17683036625385284]]",True
early_neutral,3,2454,0.18227257580806397,-2,[1],"[[-0.8252584338188171, -0.0018081371672451496], [0.18154935538768768, -0.10881286859512329], [0.3065051734447479, -0.09126666188240051], [0.03148098662495613, -0.16240788996219635], [-0.2729942798614502, 0.17687128484249115]]",True
early_neutral,3,2455,0.18193935354881707,-2,[1],"[[-0.8252584338188171, -0.0018081371672451496], [0.19338516891002655, -0.10551767796278], [0.30781519412994385, -0.0953618511557579], [0.03145693987607956, -0.16217361390590668], [-0.2666378617286682, 0.17692895233631134]]",True
early_neutral,3,2456,0.18160613128957015,-2,[1],"[[-0.8252584338188171, -0.0018081371672451496], [0.20550094544887543, -0.10206478089094162], [0.3115291893482208, -0.09917055815458298], [0.030866576358675957, -0.16027793288230896], [-0.2602880597114563, 0.17700372636318207]]",True
early_neutral,3,2457,0.18127290903032323,-2,[1],"[[-0.8252584338188171, -0.0018081371672451496], [0.2178628295660019, -0.09853332489728928], [0.31781283020973206, -0.10253536701202393], [0.030428830534219742, -0.15754635632038116], [-0.25385582447052, 0.1770966351032257]]",True
early_neutral,3,2458,0.1809396867710763,-2,[1],"[[-0.8252584338188171, -0.0018081371672451496], [0.2303127646446228, -0.09626732021570206], [0.3252691328525543, -0.10589418560266495], [0.03144512325525284, -0.15402533113956451], [-0.24745377898216248, 0.1772080659866333]]",True
early_neutral,3,2459,0.18060646451182938,-2,[1],"[[-0.8252584338188171, -0.0018081371672451496], [0.24263891577720642, -0.09373137354850769], [0.33221325278282166, -0.10875649750232697], [0.03547859936952591, -0.1504334956407547], [-0.24115344882011414, 0.1773376166820526]]",True
early_neutral,3,2460,0.18027324225258248,-2,[1],"[[-0.8252584338188171, -0.0018081371672451496], [0.2547217011451721, -0.09159354120492935], [0.33721402287483215, -0.1113869696855545], [0.04138059541583061, -0.14688003063201904], [-0.23472389578819275, 0.17748984694480896]]",True
early_neutral,3,2461,0.17994001999333556,-2,[1],"[[-0.8252584338188171, -0.0018081371672451496], [0.26702994108200073, -0.09089937806129456], [0.3416585326194763, -0.11436670273542404], [0.04848659411072731, -0.14317020773887634], [-0.22830042243003845, 0.17766666412353516]]",True
early_neutral,3,2462,0.17960679773408864,-2,[1],"[[-0.8252584338188171, -0.0018081371672451496], [0.2796248197555542, -0.09032431244850159], [0.3426765203475952, -0.11742047965526581], [0.05668378993868828, -0.13940852880477905], [-0.222029909491539, 0.17786890268325806]]",True
early_neutral,3,2463,0.1792735754748417,-2,[1],"[[-0.8252584338188171, -0.0018081371672451496], [0.2926194965839386, -0.08967017382383347], [0.34099236130714417, -0.12083055078983307], [0.06545396894216537, -0.13585558533668518], [-0.2156064510345459, 0.17810629308223724]]",True
early_neutral,3,2464,0.1789403532155948,-2,[1],"[[-0.8252584338188171, -0.0018081371672451496], [0.30592480301856995, -0.0889517068862915], [0.341455340385437, -0.12477488070726395], [0.07498966157436371, -0.13240230083465576], [-0.20918679237365723, 0.17837662994861603]]",True
early_neutral,3,2465,0.1786071309563479,-2,[1],"[[-0.8252584338188171, -0.0018081371672451496], [0.3191516399383545, -0.0878557339310646], [0.34302589297294617, -0.12880735099315643], [0.08491387963294983, -0.12869669497013092], [-0.2029305398464203, 0.17867913842201233]]",True
early_neutral,3,2466,0.17827390869710097,-2,[1],"[[-0.8252584338188171, -0.0018081371672451496], [0.3316425681114197, -0.08587567508220673], [0.34719452261924744, -0.13246192038059235], [0.0913703441619873, -0.12417632341384888], [-0.19651931524276733, 0.1790297031402588]]",True
early_neutral,3,2467,0.17794068643785405,-2,[1],"[[-0.8252584338188171, -0.0018081371672451496], [0.3443954586982727, -0.08463583141565323], [0.35354194045066833, -0.13574640452861786], [0.09278437495231628, -0.11908688396215439], [-0.19011418521404266, 0.17942143976688385]]",True
early_neutral,3,2468,0.17760746417860712,-2,[1],"[[-0.8252584338188171, -0.0018081371672451496], [0.35619091987609863, -0.08211652934551239], [0.36116835474967957, -0.1388961225748062], [0.09284437447786331, -0.1132301539182663], [-0.183856800198555, 0.179849311709404]]",True
early_neutral,3,2469,0.17727424191936023,-2,[1],"[[-0.8252584338188171, -0.0018081371672451496], [0.36747390031814575, -0.07879387587308884], [0.37007418274879456, -0.1417766511440277], [0.09239713102579117, -0.10676630586385727], [-0.17748510837554932, 0.18033234775066376]]",True
early_neutral,3,2470,0.1769410196601133,-2,[1],"[[-0.8252584338188171, -0.0018081371672451496], [0.3791610300540924, -0.07539568841457367], [0.3796197772026062, -0.14421410858631134], [0.09174086898565292, -0.10000176727771759], [-0.17110365629196167, 0.18086382746696472]]",True
early_neutral,3,2471,0.17660779740086638,-2,[1],"[[-0.8252584338188171, -0.0018081371672451496], [0.3912319839000702, -0.07196847349405289], [0.38659337162971497, -0.14569145441055298], [0.09111706912517548, -0.09292416274547577], [-0.16481085121631622, 0.18144167959690094]]",True
early_neutral,3,2472,0.17627457514161946,-2,[1],"[[-0.8252584338188171, -0.0018081371672451496], [0.4035783112049103, -0.06848552078008652], [0.39313408732414246, -0.1469380408525467], [0.09052008390426636, -0.0854116752743721], [-0.15853531658649445, 0.18207430839538574]]",True
early_neutral,3,2473,0.17594135288237253,-2,[1],"[[-0.8252584338188171, -0.0018081371672451496], [0.4155769646167755, -0.0661991685628891], [0.4005845785140991, -0.14792878925800323], [0.09008246660232544, -0.07750371098518372], [-0.15219111740589142, 0.18277038633823395]]",True
early_neutral,3,2474,0.17560813062312564,-2,[1],"[[-0.8252584338188171, -0.0018081371672451496], [0.4276915490627289, -0.06366469711065292], [0.4093053638935089, -0.1485358625650406], [0.08993915468454361, -0.06927590817213058], [-0.14589357376098633, 0.1835205852985382]]",True
early_neutral,3,2475,0.1752749083638787,-2,[1],"[[-0.8252584338188171, -0.0018081371672451496], [0.4397737681865692, -0.06153716892004013], [0.4188429117202759, -0.14858825504779816], [0.0901103988289833, -0.06080058217048645], [-0.13971102237701416, 0.18431763350963593]]",True
early_neutral,3,2476,0.1749416861046318,-2,[1],"[[-0.8252584338188171, -0.0018081371672451496], [0.4520712196826935, -0.060857221484184265], [0.4286007583141327, -0.1482287496328354], [0.09078967571258545, -0.05214249715209007], [-0.1334185004234314, 0.1851900964975357]]",True
early_neutral,3,2477,0.17460846384538486,-2,[1],"[[-0.8252584338188171, -0.0018081371672451496], [0.4646577537059784, -0.060303542762994766], [0.4374544620513916, -0.14618320763111115], [0.09195919334888458, -0.04335600510239601], [-0.12715497612953186, 0.18612578511238098]]",True
early_neutral,3,2478,0.17427524158613794,-2,[1],"[[-0.8252584338188171, -0.0018081371672451496], [0.477646142244339, -0.05966799706220627], [0.446174293756485, -0.14346714317798615], [0.09372591227293015, -0.03449553623795509], [-0.12106255441904068, 0.18710868060588837]]",True
early_neutral,3,2479,0.17394201932689105,-2,[1],"[[-0.8252584338188171, -0.0018081371672451496], [0.49094659090042114, -0.05896497145295143], [0.4553854763507843, -0.14037969708442688], [0.0960463434457779, -0.025721268728375435], [-0.11484553664922714, 0.1881861537694931]]",True
early_neutral,3,2480,0.17360879706764412,-2,[1],"[[-0.8252584338188171, -0.0018081371672451496], [0.5043492317199707, -0.05807843059301376], [0.4649639129638672, -0.13715860247612], [0.09835739433765411, -0.018818749114871025], [-0.10866186767816544, 0.18933558464050293]]",True
early_neutral,3,2481,0.1732755748083972,-2,[1],"[[-0.8252584338188171, -0.0018081371672451496], [0.5169318318367004, -0.056185219436883926], [0.47486159205436707, -0.13408319652080536], [0.10123419761657715, -0.013139882124960423], [-0.10266676545143127, 0.19053268432617188]]",True
early_neutral,3,2482,0.17294235254915027,-2,[1],"[[-0.8252584338188171, -0.0018081371672451496], [0.529725193977356, -0.05484612286090851], [0.48546290397644043, -0.13101083040237427], [0.10482191294431686, -0.007635729853063822], [-0.09655436873435974, 0.19183920323848724]]",True
early_neutral,3,2483,0.17260913028990338,-2,[1],"[[-0.8252584338188171, -0.0018081371672451496], [0.541727602481842, -0.052666403353214264], [0.4967007339000702, -0.12795524299144745], [0.10916773974895477, -0.0023680077865719795], [-0.0904838889837265, 0.19322317838668823]]",True
early_neutral,3,2484,0.17227590803065645,-2,[1],"[[-0.8252584338188171, -0.0018081371672451496], [0.5530241131782532, -0.04938462749123573], [0.5085345506668091, -0.1250535547733307], [0.11421862989664078, 0.002626783913001418], [-0.08459047228097916, 0.19465167820453644]]",True
early_neutral,3,2485,0.17194268577140953,-2,[1],"[[-0.8252584338188171, -0.0018081371672451496], [0.5646588802337646, -0.04600426182150841], [0.520811140537262, -0.1222437173128128], [0.1198541447520256, 0.007349654100835323], [-0.07862520217895508, 0.19618600606918335]]",True
early_neutral,3,2486,0.1716094635121626,-2,[1],"[[-0.8252584338188171, -0.0018081371672451496], [0.576686680316925, -0.04258769750595093], [0.5334360599517822, -0.11952101439237595], [0.12599429488182068, 0.011759488843381405], [-0.07269133627414703, 0.19780227541923523]]",True
early_neutral,3,2487,0.17127624125291568,-2,[1],"[[-0.8252584338188171, -0.0018081371672451496], [0.5890098810195923, -0.039128270000219345], [0.5463334918022156, -0.11687661707401276], [0.1309375762939453, 0.014875305816531181], [-0.06689389795064926, 0.19948795437812805]]",True
early_neutral,3,2488,0.1709430189936688,-2,[1],"[[-0.8252584338188171, -0.0018081371672451496], [0.601020336151123, -0.03650323301553726], [0.5594103932380676, -0.1142318844795227], [0.1358819603919983, 0.017552852630615234], [-0.0611642450094223, 0.20126798748970032]]",True
early_neutral,3,2489,0.17060979673442186,-2,[1],"[[-0.8252584338188171, -0.0018081371672451496], [0.6130420565605164, -0.03415581211447716], [0.5726261138916016, -0.11158881336450577], [0.14107266068458557, 0.020025772973895073], [-0.05542829632759094, 0.20316416025161743]]",True
early_neutral,3,2490,0.17027657447517494,-2,[1],"[[-0.8252584338188171, -0.0018081371672451496], [0.6250970363616943, -0.0317213349044323], [0.585959792137146, -0.10897193849086761], [0.14643464982509613, 0.02233888767659664], [-0.04974178597331047, 0.20508146286010742]]",True
early_neutral,3,2491,0.16994335221592802,-2,[1],"[[-0.8252584338188171, -0.0018081371672451496], [0.6373993158340454, -0.030866136774420738], [0.599392294883728, -0.10639442503452301], [0.1519428789615631, 0.02450171485543251], [-0.04414054751396179, 0.20696301758289337]]",True
early_neutral,3,2492,0.1696101299566811,-2,[1],"[[-0.8252584338188171, -0.0018081371672451496], [0.6498935222625732, -0.03033549338579178], [0.6129107475280762, -0.10387276858091354], [0.15738967061042786, 0.026633266359567642], [-0.03841912001371384, 0.20887787640094757]]",True
early_neutral,3,2493,0.1692769076974342,-2,[1],"[[-0.8252584338188171, -0.0018081371672451496], [0.6628112196922302, -0.029731834307312965], [0.6265114545822144, -0.10143262147903442], [0.16279718279838562, 0.028799841180443764], [-0.03267796337604523, 0.21075613796710968]]",True
early_neutral,3,2494,0.16894368543818727,-2,[1],"[[-0.8252584338188171, -0.0018081371672451496], [0.6760568022727966, -0.029052279889583588], [0.6401827931404114, -0.09907619655132294], [0.1682419329881668, 0.03102988749742508], [-0.027018707245588303, 0.21252255141735077]]",True
early_neutral,3,2495,0.16861046317894035,-2,[1],"[[-0.8252584338188171, -0.0018081371672451496], [0.6895633935928345, -0.028374265879392624], [0.6539132595062256, -0.09679967910051346], [0.17371074855327606, 0.033182304352521896], [-0.02116730995476246, 0.21426303684711456]]",True
early_neutral,3,2496,0.16827724091969343,-2,[1],"[[-0.8252584338188171, -0.0018081371672451496], [0.7032497525215149, -0.02789466641843319], [0.667695164680481, -0.09460338205099106], [0.1792079359292984, 0.03518315777182579], [-0.015270747244358063, 0.21593476831912994]]",True
early_neutral,3,2497,0.16794401866044653,-2,[1],"[[-0.8252584338188171, -0.0018081371672451496], [0.7160471677780151, -0.0276574045419693], [0.6816769242286682, -0.09299907088279724], [0.18492501974105835, 0.037103071808815], [-0.009481025859713554, 0.2175043374300003]]",True
early_neutral,3,2498,0.1676107964011996,-2,[1],"[[-0.8252584338188171, -0.0018081371672451496], [0.7248823046684265, -0.026950303465127945], [0.6958578824996948, -0.09241835027933121], [0.19072392582893372, 0.038892291486263275], [-0.0035028860438615084, 0.2190517783164978]]",False
early_neutral,3,2499,0.16727757414195268,-2,[1],"[[-0.8252584338188171, -0.0018081371672451496], [0.7316451668739319, -0.02621752768754959], [0.7100764513015747, -0.09267284721136093], [0.19647860527038574, 0.04051562026143074], [0.0025108398403972387, 0.22053878009319305]]",False
early_neutral,3,2500,0.16694435188270576,-2,[1],"[[-0.8252584338188171, -0.0018081371672451496], [0.7349235415458679, -0.025940703228116035], [0.7242946028709412, -0.09307723492383957], [0.2024637907743454, 0.04205107316374779], [0.008418986573815346, 0.2219463437795639]]",False
early_neutral,3,2501,0.16661112962345884,-2,[1],"[[-0.8252584338188171, -0.0018081371672451496], [0.7383997440338135, -0.02554226666688919], [0.7385113835334778, -0.09356862306594849], [0.20851194858551025, 0.04347550868988037], [0.01446849387139082, 0.22333471477031708]]",False
early_neutral,3,2502,0.16627790736421194,-2,[1],"[[-0.8252584338188171, -0.0018081371672451496], [0.7417574524879456, -0.0252703707665205], [0.7527366280555725, -0.0939982458949089], [0.21444132924079895, 0.04480630159378052], [0.02056054025888443, 0.22468064725399017]]",False
early_neutral,3,2503,0.16594468510496502,-2,[1],"[[-0.8252584338188171, -0.0018081371672451496], [0.7467837333679199, -0.024879688397049904], [0.7669722437858582, -0.0943056270480156], [0.22055351734161377, 0.046113356947898865], [0.026601513847708702, 0.22596609592437744]]",False
early_neutral,3,2504,0.1656114628457181,-1,[1],"[[-1.0110293626785278, -0.0], [-0.040441177785396576, 0.04065071418881416], [-0.040405213832855225, -0.04061456769704819], [-0.10110294073820114, -0.10162678360939026], [-0.10110294073820114, 0.10162678360939026]]",False
early_neutral,3,2505,0.16527824058647117,-1,[1],"[[-1.010831356048584, 1.7370223098431281e-12], [-0.03874322399497032, 0.03917964920401573], [-0.0386827290058136, -0.03888315707445145], [-0.10104953497648239, -0.10181369632482529], [-0.10116739571094513, 0.10169965773820877]]",False
early_neutral,3,2506,0.16494501832722425,-1,[0],"[[-1.0073426961898804, 2.549675054419609e-11], [-0.03550564870238304, 0.03689918667078018], [-0.035996682941913605, -0.0361831970512867], [-0.10068661719560623, -0.10394842177629471], [-0.10249257832765579, 0.10349449515342712]]",False
early_neutral,3,2507,0.16461179606797735,-1,[0],"[[-1.0021580457687378, 4.3237323443801046e-11], [-0.03340519592165947, 0.03534446284174919], [-0.03254399821162224, -0.03271263465285301], [-0.10066171735525131, -0.10700709372758865], [-0.10401249676942825, 0.10628195852041245]]",False
early_neutral,3,2508,0.16427857380873043,-1,[0],"[[-0.9955083131790161, -3.3830915846522203e-10], [-0.0331844724714756, 0.03492504358291626], [-0.029050219804048538, -0.029111359268426895], [-0.10103603452444077, -0.11091571301221848], [-0.10552526265382767, 0.10996739566326141]]",False
early_neutral,3,2509,0.1639453515494835,-1,[0],"[[-0.9875229001045227, -8.064829914999905e-10], [-0.03353404998779297, 0.03492918238043785], [-0.027099281549453735, -0.02617414854466915], [-0.10152226686477661, -0.11537494510412216], [-0.10720647126436234, 0.11424242705106735]]",False
early_neutral,3,2510,0.16361212929023658,-1,[0],"[[-0.9784256815910339, -9.935414713169166e-10], [-0.03395592421293259, 0.034977175295352936], [-0.026931460946798325, -0.025044523179531097], [-0.10213261097669601, -0.12036705762147903], [-0.10903307050466537, 0.11907464265823364]]",False
early_neutral,3,2511,0.16327890703098968,-1,[0],"[[-0.9688864946365356, -1.174882746646233e-09], [-0.034536466002464294, 0.03515122830867767], [-0.029826894402503967, -0.02573045901954174], [-0.10287239402532578, -0.12590311467647552], [-0.11096811294555664, 0.12441641837358475]]",False
early_neutral,3,2512,0.16294568477174276,-1,[0],"[[-0.9585050940513611, -1.2540524174653456e-09], [-0.035289615392684937, 0.035622790455818176], [-0.03416401892900467, -0.026461442932486534], [-0.10361243784427643, -0.13195405900478363], [-0.11294601857662201, 0.13030706346035004]]",False
early_neutral,3,2513,0.16261246251249584,-1,[0],"[[-0.9476783871650696, -1.4423813254893503e-09], [-0.036411866545677185, 0.03516122326254845], [-0.03975294902920723, -0.027504540979862213], [-0.10430486500263214, -0.13853928446769714], [-0.11491218954324722, 0.13672994077205658]]",False
early_neutral,3,2514,0.1622792402532489,-1,[0],"[[-0.9365522861480713, -1.5411262266340486e-09], [-0.037708304822444916, 0.03324800357222557], [-0.046549636870622635, -0.028875265270471573], [-0.10483895242214203, -0.14541694521903992], [-0.11708587408065796, 0.14249123632907867]]",False
early_neutral,3,2515,0.161946017994002,-1,[0],"[[-0.9247944355010986, -1.6884008635642545e-09], [-0.03935202583670616, 0.03057483769953251], [-0.05407039821147919, -0.030480431392788887], [-0.10509417206048965, -0.15259487926959991], [-0.12015009671449661, 0.14485350251197815]]",False
early_neutral,3,2516,0.1616127957347551,-1,[0],"[[-0.9124788641929626, -2.4057666969667935e-09], [-0.040739353746175766, 0.02687665820121765], [-0.06253781914710999, -0.03236765414476395], [-0.10506676137447357, -0.15975798666477203], [-0.12445913255214691, 0.14448587596416473]]",False
early_neutral,3,2517,0.16127957347550817,-1,[0],"[[-0.8997178673744202, -2.669895859952476e-09], [-0.04114829748868942, 0.021959198638796806], [-0.071260005235672, -0.034408990293741226], [-0.10424334555864334, -0.16571854054927826], [-0.12801997363567352, 0.1463942974805832]]",False
early_neutral,3,2518,0.16094635121626125,-1,[0],"[[-0.886612594127655, -3.436417150837201e-09], [-0.04129991680383682, 0.01770114339888096], [-0.0799194872379303, -0.03656979650259018], [-0.10262753069400787, -0.1715945452451706], [-0.12902532517910004, 0.15019480884075165]]",False
early_neutral,3,2519,0.16061312895701432,-1,[0],"[[-0.8732426762580872, -3.733926501325868e-09], [-0.04137301817536354, 0.01633170060813427], [-0.0885038897395134, -0.03885385021567345], [-0.10089660435914993, -0.17553822696208954], [-0.12886731326580048, 0.15490008890628815]]",False
early_neutral,3,2520,0.1602799066977674,-1,[0],"[[-0.8603909611701965, -3.6924607815791433e-09], [-0.04149690270423889, 0.015985948964953423], [-0.09697219729423523, -0.0413142591714859], [-0.10033541172742844, -0.17632758617401123], [-0.12779033184051514, 0.16036361455917358]]",False
early_neutral,3,2521,0.1599466844385205,-1,[0],"[[-0.8497702479362488, -3.855057606472201e-09], [-0.0417642705142498, 0.015094755217432976], [-0.1053045392036438, -0.04396394267678261], [-0.10002978891134262, -0.17544330656528473], [-0.12575280666351318, 0.16622544825077057]]",False
early_neutral,3,2522,0.15961346217927358,-1,[0],"[[-0.8401572704315186, -3.32677374537127e-09], [-0.0417642705142498, 0.015094755217432976], [-0.11352004110813141, -0.04676436260342598], [-0.0993509441614151, -0.17284658551216125], [-0.12304570525884628, 0.17221666872501373]]",False
early_neutral,3,2523,0.15928023992002666,-1,[0],"[[-0.8343161344528198, -3.17218029621813e-09], [-0.0417642705142498, 0.015094755217432976], [-0.12164849787950516, -0.049670346081256866], [-0.09871114790439606, -0.1692957878112793], [-0.11957359313964844, 0.17861232161521912]]",False
early_neutral,3,2524,0.15894701766077973,-1,[0],"[[-0.8304787874221802, -2.667845722115203e-09], [-0.0417642705142498, 0.015094755217432976], [-0.12909764051437378, -0.052441198378801346], [-0.09796768426895142, -0.16484321653842926], [-0.11551228165626526, 0.185012549161911]]",False
early_neutral,3,2525,0.1586137954015328,-1,[0],"[[-0.8285323977470398, 1.956572930339462e-07], [-0.0416041761636734, 0.016022179275751114], [-0.13466517627239227, -0.05453936383128166], [-0.09704221040010452, -0.15957538783550262], [-0.11069954931735992, 0.1916123777627945]]",False
early_neutral,3,2526,0.1582805731422859,-1,[0],"[[-0.8279561996459961, 7.869082310207887e-07], [-0.04132314771413803, 0.01858765073120594], [-0.1402214616537094, -0.05665010213851929], [-0.09585078060626984, -0.15370476245880127], [-0.10590900480747223, 0.19746913015842438]]",False
early_neutral,3,2527,0.157947350883039,-1,[0],"[[-0.8284299373626709, -8.133491974149365e-06], [-0.041398026049137115, 0.022002343088388443], [-0.14554165303707123, -0.05862255021929741], [-0.09427517652511597, -0.1474132388830185], [-0.1023055762052536, 0.20111620426177979]]",False
early_neutral,3,2528,0.15761412862379207,-1,[0],"[[-0.8319506645202637, -5.3697040129918605e-05], [-0.044719040393829346, 0.02428671345114708], [-0.1494930237531662, -0.05808531865477562], [-0.09248720109462738, -0.1410885453224182], [-0.0986880362033844, 0.20424053072929382]]",False
early_neutral,3,2529,0.15728090636454514,-1,[0],"[[-0.8368157148361206, -8.563240407966077e-05], [-0.05064160004258156, 0.0249136034399271], [-0.15209338068962097, -0.05572980269789696], [-0.09149517118930817, -0.1376219093799591], [-0.09726491570472717, 0.2054382562637329]]",False
early_neutral,3,2530,0.15694768410529825,-1,[0],"[[-0.8429930210113525, -0.00010687502799555659], [-0.05779368430376053, 0.025135165080428123], [-0.1538015455007553, -0.05386272817850113], [-0.09139388054609299, -0.13727015256881714], [-0.09709513932466507, 0.2055811583995819]]",False
early_neutral,3,2531,0.15661446184605132,-1,[0],"[[-0.8502192497253418, -0.00013125757686793804], [-0.06620015949010849, 0.02532370388507843], [-0.154342383146286, -0.053271569311618805], [-0.09176722168922424, -0.13906161487102509], [-0.09949595481157303, 0.20528878271579742]]",False
early_neutral,3,2532,0.1562812395868044,-1,[0],"[[-0.8580194711685181, -0.00015708054706919938], [-0.0753895491361618, 0.025736156851053238], [-0.1545095592737198, -0.05374510958790779], [-0.09218154847621918, -0.1419399082660675], [-0.1037653312087059, 0.2047237753868103]]",False
early_neutral,3,2533,0.15594801732755748,-1,[0],"[[-0.8667629361152649, -0.0001860683405539021], [-0.08382807672023773, 0.02857111021876335], [-0.1549871861934662, -0.05609946325421333], [-0.09254042059183121, -0.14567160606384277], [-0.10935016721487045, 0.20392310619354248]]",False
early_neutral,3,2534,0.15561479506831055,-1,[0],"[[-0.8759539127349854, -0.00022113605518825352], [-0.09089460223913193, 0.033445149660110474], [-0.15522587299346924, -0.05931145325303078], [-0.09306463599205017, -0.15023760497570038], [-0.1156216710805893, 0.2029886692762375]]",False
early_neutral,3,2535,0.15528157280906366,-1,[0],"[[-0.8851448893547058, -0.00026173636433668435], [-0.096744105219841, 0.03812582045793533], [-0.15530610084533691, -0.06339102238416672], [-0.09382352977991104, -0.1555575132369995], [-0.12172707170248032, 0.2020496428012848]]",False
early_neutral,3,2536,0.15494835054981673,-1,[0],"[[-0.8943358063697815, -0.0003077946603298187], [-0.10247160494327545, 0.04280342534184456], [-0.15535402297973633, -0.06829886883497238], [-0.09513530135154724, -0.16151060163974762], [-0.12380872666835785, 0.20173649489879608]]",False
early_neutral,3,2537,0.1546151282905698,-1,[0],"[[-0.9035266041755676, -0.0003592500288505107], [-0.10876797884702682, 0.04709232226014137], [-0.15536397695541382, -0.0739670842885971], [-0.09713136404752731, -0.16798138618469238], [-0.12380872666835785, 0.20173649489879608]]",False
early_neutral,3,2538,0.15428190603132289,-1,[0],"[[-0.9119196534156799, -0.00040397545672021806], [-0.11665090918540955, 0.05002772808074951], [-0.15536876022815704, -0.07994794100522995], [-0.09996810555458069, -0.174453005194664], [-0.12496526539325714, 0.20174142718315125]]",False
early_neutral,3,2539,0.15394868377207596,-1,[0],"[[-0.9153405427932739, -0.0004070465511176735], [-0.12511280179023743, 0.052323468029499054], [-0.15536992251873016, -0.08592880517244339], [-0.10403993725776672, -0.1808832287788391], [-0.12824870645999908, 0.20160885155200958]]",False
early_neutral,3,2540,0.15361546151282907,-1,[0],"[[-0.9153954982757568, -0.00042044848669320345], [-0.13412313163280487, 0.05321785435080528], [-0.15537016093730927, -0.09190966933965683], [-0.10917771607637405, -0.18717394769191742], [-0.13285446166992188, 0.20118656754493713]]",False
early_neutral,3,2541,0.15328223925358214,-1,[0],"[[-0.9119599461555481, -0.0006477106944657862], [-0.14325521886348724, 0.052912965416908264], [-0.15537025034427643, -0.09789052605628967], [-0.11529037356376648, -0.1916312724351883], [-0.1386100947856903, 0.2005511373281479]]",False
early_neutral,3,2542,0.15294901699433522,-1,[0],"[[-0.9068242311477661, -0.0008942523854784667], [-0.15243184566497803, 0.05258497968316078], [-0.15537025034427643, -0.10387139022350311], [-0.12330147624015808, -0.19454750418663025], [-0.1447528898715973, 0.19983793795108795]]",False
early_neutral,3,2543,0.1526157947350883,-1,[0],"[[-0.9002162218093872, -0.001123096444644034], [-0.16157740354537964, 0.0519946813583374], [-0.15537025034427643, -0.10985224694013596], [-0.13185814023017883, -0.1967175304889679], [-0.15107694268226624, 0.19906795024871826]]",False
early_neutral,3,2544,0.1522825724758414,-1,[0],"[[-0.8922773003578186, -0.0014616645639762282], [-0.1708216667175293, 0.05113799124956131], [-0.15537025034427643, -0.1158331111073494], [-0.1408003866672516, -0.198078453540802], [-0.1581277847290039, 0.198212131857872]]",False
early_neutral,3,2545,0.15194935021659448,-1,[0],"[[-0.8832286596298218, -0.0019396630814298987], [-0.1808309555053711, 0.04999545216560364], [-0.15537025034427643, -0.12181397527456284], [-0.149941548705101, -0.19867432117462158], [-0.16641058027744293, 0.19725395739078522]]",False
early_neutral,3,2546,0.15161612795734755,-1,[0],"[[-0.8737266063690186, -0.0024838242679834366], [-0.19155509769916534, 0.048551131039857864], [-0.15639078617095947, -0.12677612900733948], [-0.15912899374961853, -0.19867043197155], [-0.17562317848205566, 0.19614188373088837]]",False
early_neutral,3,2547,0.15128290569810063,-1,[0],"[[-0.8633891344070435, -0.003098033368587494], [-0.20294450223445892, 0.04689962789416313], [-0.15993458032608032, -0.12856203317642212], [-0.16833382844924927, -0.19810010492801666], [-0.18555861711502075, 0.19457648694515228]]",False
early_neutral,3,2548,0.1509496834388537,-1,[0],"[[-0.8526116013526917, -0.0037663995753973722], [-0.21490119397640228, 0.04508519545197487], [-0.16542507708072662, -0.12869688868522644], [-0.17822065949440002, -0.19728755950927734], [-0.1959485113620758, 0.19255056977272034]]",False
early_neutral,3,2549,0.1506164611796068,-1,[0],"[[-0.8415413498878479, -0.0044874404557049274], [-0.22730353474617004, 0.04313404858112335], [-0.17228947579860687, -0.1287466138601303], [-0.1888784021139145, -0.19633077085018158], [-0.20497815310955048, 0.19109129905700684]]",False
early_neutral,3,2550,0.15028323892035989,-1,[0],"[[-0.8298475742340088, -0.005282690282911062], [-0.24006575345993042, 0.04110562428832054], [-0.18040841817855835, -0.12876668572425842], [-0.20023368299007416, -0.1952861100435257], [-0.214065819978714, 0.19021035730838776]]",False
early_neutral,3,2551,0.14995001666111296,-1,[0],"[[-0.8176136016845703, -0.006201201118528843], [-0.2531055510044098, 0.039011579006910324], [-0.18950001895427704, -0.12877100706100464], [-0.21223314106464386, -0.1943064033985138], [-0.22322484850883484, 0.1897118240594864]]",False
early_neutral,3,2552,0.14961679440186604,-1,[0],"[[-0.8049654960632324, -0.0073004518635571], [-0.2663560211658478, 0.03685716539621353], [-0.19869118928909302, -0.12877300381660461], [-0.22475245594978333, -0.1934303641319275], [-0.2323950231075287, 0.1893085092306137]]",False
early_neutral,3,2553,0.14928357214261911,-1,[0],"[[-0.792019784450531, -0.008622082881629467], [-0.279763400554657, 0.03464363142848015], [-0.207882359623909, -0.1287732869386673], [-0.23768889904022217, -0.19271297752857208], [-0.24156352877616882, 0.1889033168554306]]",False
early_neutral,3,2554,0.14895034988337222,-1,[0],"[[-0.7789091467857361, -0.010321659035980701], [-0.2932664155960083, 0.03232405334711075], [-0.21707354485988617, -0.12877340614795685], [-0.2509244978427887, -0.19222739338874817], [-0.25079602003097534, 0.1878006011247635]]",False
early_neutral,3,2555,0.1486171276241253,-1,[0],"[[-0.7657011151313782, -0.012349938042461872], [-0.3067978024482727, 0.029820885509252548], [-0.2262418270111084, -0.12888304889202118], [-0.2619469463825226, -0.19196385145187378], [-0.26053810119628906, 0.1857721209526062]]",False
early_neutral,3,2556,0.14828390536487837,-1,[0],"[[-0.7524128556251526, -0.014582912437617779], [-0.320334255695343, 0.027149781584739685], [-0.23437237739562988, -0.1308014690876007], [-0.27113771438598633, -0.19198526442050934], [-0.2704178988933563, 0.1832776516675949]]",False
early_neutral,3,2557,0.14795068310563145,-1,[0],"[[-0.7390825748443604, -0.017005497589707375], [-0.33387240767478943, 0.02435252070426941], [-0.24114499986171722, -0.1346571296453476], [-0.2805895507335663, -0.19213822484016418], [-0.28064125776290894, 0.18045677244663239]]",False
early_neutral,3,2558,0.14761746084638455,-1,[0],"[[-0.7257408499717712, -0.019607529044151306], [-0.3473987281322479, 0.021436795592308044], [-0.24841813743114471, -0.13795305788516998], [-0.2908848226070404, -0.19230008125305176], [-0.29134973883628845, 0.17732302844524384]]",False
early_neutral,3,2559,0.14728423858713763,-1,[0],"[[-0.7124130725860596, -0.02238416112959385], [-0.36090314388275146, 0.01840956322848797], [-0.25700849294662476, -0.13898137211799622], [-0.3019280731678009, -0.19246132671833038], [-0.30256378650665283, 0.17401856184005737]]",False
early_neutral,3,2560,0.1469510163278907,-1,[0],"[[-0.6999590396881104, -0.02508566342294216], [-0.3743773102760315, 0.01527536753565073], [-0.2661951780319214, -0.13902494311332703], [-0.3136613368988037, -0.1925845742225647], [-0.3141826391220093, 0.1705794334411621]]",False
early_neutral,3,2561,0.14661779406864378,-1,[0],"[[-0.6915141344070435, -0.026918703690171242], [-0.38781261444091797, 0.012034446932375431], [-0.27538633346557617, -0.13903532922267914], [-0.32596778869628906, -0.1926116794347763], [-0.3261524736881256, 0.16708378493785858]]",False
early_neutral,3,2562,0.14628457180939686,-1,[0],"[[-0.6858805418014526, -0.028141532093286514], [-0.40120089054107666, 0.008685044012963772], [-0.28457751870155334, -0.13903862237930298], [-0.33686596155166626, -0.19258564710617065], [-0.3384346067905426, 0.16360259056091309]]",False
early_neutral,3,2563,0.14595134955014996,-1,[0],"[[-0.6825672388076782, -0.028860723599791527], [-0.414539635181427, 0.005233017727732658], [-0.2937687039375305, -0.13903912901878357], [-0.34605705738067627, -0.19256813824176788], [-0.3509724736213684, 0.1601564586162567]]",False
early_neutral,3,2564,0.14561812729090304,-1,[0],"[[-0.6821333765983582, -0.028984470292925835], [-0.42786139249801636, 0.0017383520025759935], [-0.3029598593711853, -0.13903936743736267], [-0.355247437953949, -0.19260992109775543], [-0.36374470591545105, 0.15679915249347687]]",False
early_neutral,3,2565,0.14528490503165611,-1,[0],"[[-0.685389518737793, -0.028526127338409424], [-0.44117453694343567, -0.0017814245074987411], [-0.31215107440948486, -0.13903936743736267], [-0.36441874504089355, -0.19298820197582245], [-0.37674057483673096, 0.15359005331993103]]",False
early_neutral,3,2566,0.1449516827724092,-1,[0],"[[-0.6900222301483154, -0.02807505615055561], [-0.45443955063819885, -0.005385100841522217], [-0.32134222984313965, -0.13903936743736267], [-0.3735354244709015, -0.19374005496501923], [-0.390155166387558, 0.1509983390569687]]",False
early_neutral,3,2567,0.14461846051316227,-1,[0],"[[-0.6960836052894592, -0.02757747285068035], [-0.4676065444946289, -0.009144012816250324], [-0.3305334150791168, -0.13903936743736267], [-0.3825308382511139, -0.19495847821235657], [-0.40392887592315674, 0.14913825690746307]]",False
early_neutral,3,2568,0.14428523825391537,-1,[0],"[[-0.703427255153656, -0.027001138776540756], [-0.48028790950775146, -0.012914814054965973], [-0.339724600315094, -0.13903936743736267], [-0.39132556319236755, -0.1966894119977951], [-0.41603660583496094, 0.1478540450334549]]",False
early_neutral,3,2569,0.14395201599466845,-1,[0],"[[-0.7113096117973328, -0.02641061320900917], [-0.48982885479927063, -0.015765711665153503], [-0.34891578555107117, -0.13903936743736267], [-0.3999447524547577, -0.19876618683338165], [-0.42527520656585693, 0.14717499911785126]]",False
early_neutral,3,2570,0.14361879373542152,-1,[0],"[[-0.7192873358726501, -0.02573389746248722], [-0.49432793259620667, -0.01710445061326027], [-0.35810697078704834, -0.13903936743736267], [-0.40858638286590576, -0.20080320537090302], [-0.4334650933742523, 0.14674046635627747]]",False
early_neutral,3,2571,0.1432855714761746,-1,[0],"[[-0.7224373817443848, -0.02522418089210987], [-0.4940595328807831, -0.016120225191116333], [-0.3672981560230255, -0.13903936743736267], [-0.4172653257846832, -0.20277155935764313], [-0.43987902998924255, 0.14641129970550537]]",False
early_neutral,3,2572,0.1429523492169277,-1,[0],"[[-0.7225081920623779, -0.025235453620553017], [-0.4920305609703064, -0.013974550180137157], [-0.3764893412590027, -0.13903936743736267], [-0.42605262994766235, -0.2045232206583023], [-0.44633400440216064, 0.14607857167720795]]",False
early_neutral,3,2573,0.14261912695768078,-1,[0],"[[-0.7198615670204163, -0.02667568251490593], [-0.4895581007003784, -0.010989201255142689], [-0.38568052649497986, -0.13903936743736267], [-0.4349534213542938, -0.20601263642311096], [-0.45373526215553284, 0.14564044773578644]]",False
early_neutral,3,2574,0.14228590469843386,-1,[0],"[[-0.71634441614151, -0.029117850586771965], [-0.4871882200241089, -0.007606176659464836], [-0.39487168192863464, -0.13903936743736267], [-0.44393521547317505, -0.2072809785604477], [-0.46232545375823975, 0.1450338214635849]]",False
early_neutral,3,2575,0.14195268243918693,-1,[0],"[[-0.7124180197715759, -0.03257935121655464], [-0.4865127205848694, -0.0037862902972847223], [-0.4040628671646118, -0.13903936743736267], [-0.4529693126678467, -0.20838093757629395], [-0.4714457094669342, 0.1442926526069641]]",False
early_neutral,3,2576,0.14161946017994,-1,[0],"[[-0.7081418633460999, -0.036940596997737885], [-0.4888788163661957, -0.0012563671916723251], [-0.413254052400589, -0.13903936743736267], [-0.46218428015708923, -0.20934602618217468], [-0.4805479943752289, 0.14346331357955933]]",False
early_neutral,3,2577,0.14128623792069311,-1,[0],"[[-0.7038192749023438, -0.0421309657394886], [-0.49405810236930847, 0.0002899181272368878], [-0.42244526743888855, -0.13903936743736267], [-0.4722014367580414, -0.21034400165081024], [-0.48962676525115967, 0.1425318419933319]]",False
early_neutral,3,2578,0.1409530156614462,-1,[0],"[[-0.7002230882644653, -0.047875966876745224], [-0.5006208419799805, 0.0010188976302742958], [-0.43163642287254333, -0.13903936743736267], [-0.4829859137535095, -0.21138234436511993], [-0.49864885210990906, 0.1413918286561966]]",False
early_neutral,3,2579,0.14061979340219927,-1,[0],"[[-0.6974406242370605, -0.05437855049967766], [-0.5084614753723145, 0.0005924345459789038], [-0.4408276081085205, -0.13903936743736267], [-0.49446937441825867, -0.21246352791786194], [-0.5075956583023071, 0.1400235891342163]]",False
early_neutral,3,2580,0.14028657114295234,-1,[0],"[[-0.6958973407745361, -0.061201900243759155], [-0.517356276512146, 1.4777928299736232e-05], [-0.4500187933444977, -0.13903936743736267], [-0.5065510272979736, -0.2135721892118454], [-0.5164794921875, 0.1384902149438858]]",False
early_neutral,3,2581,0.13995334888370542,-1,[0],"[[-0.695671558380127, -0.06827379018068314], [-0.526475191116333, -0.0007307942723855376], [-0.45920994877815247, -0.13903936743736267], [-0.517981767654419, -0.214588925242424], [-0.5253148674964905, 0.13684260845184326]]",False
early_neutral,3,2582,0.13962012662445852,-1,[0],"[[-0.6966853737831116, -0.0757506936788559], [-0.5355433821678162, -0.0017036054050549865], [-0.468401163816452, -0.13903936743736267], [-0.5271245837211609, -0.21533192694187164], [-0.5341052412986755, 0.1350957453250885]]",False
early_neutral,3,2583,0.1392869043652116,-1,[0],"[[-0.6999857425689697, -0.08321943134069443], [-0.5445738434791565, -0.002816812600940466], [-0.4775923490524292, -0.13903936743736267], [-0.5362567901611328, -0.21600791811943054], [-0.5431994199752808, 0.1332339495420456]]",False
early_neutral,3,2584,0.13895368210596468,-1,[0],"[[-0.7066845297813416, -0.09001375734806061], [-0.5535767078399658, -0.004021011292934418], [-0.48678353428840637, -0.13903936743736267], [-0.5454046130180359, -0.21658767759799957], [-0.5530734062194824, 0.13116656243801117]]",False
early_neutral,3,2585,0.13862045984671775,-1,[0],"[[-0.715072512626648, -0.09751399606466293], [-0.5625773668289185, -0.005231387913227081], [-0.49597468972206116, -0.13903936743736267], [-0.5545666813850403, -0.217061847448349], [-0.5632243156433105, 0.12904630601406097]]",False
early_neutral,3,2586,0.13828723758747083,-1,[0],"[[-0.7232464551925659, -0.10545530915260315], [-0.5721575617790222, -0.006301478482782841], [-0.5051658749580383, -0.13903936743736267], [-0.564160168170929, -0.21743065118789673], [-0.5739369988441467, 0.12682916224002838]]",False
early_neutral,3,2587,0.13795401532822393,-1,[0],"[[-0.728904128074646, -0.11090729385614395], [-0.5823473334312439, -0.0072704218327999115], [-0.5143570303916931, -0.13903936743736267], [-0.5746082663536072, -0.21769236028194427], [-0.5852453708648682, 0.12449327111244202]]",False
early_neutral,3,2588,0.137620793068977,-1,[0],"[[-0.7307026386260986, -0.11232049018144608], [-0.5913195610046387, -0.008557973429560661], [-0.5235482454299927, -0.13903936743736267], [-0.5857654809951782, -0.2177935540676117], [-0.5970560908317566, 0.12201201915740967]]",False
early_neutral,3,2589,0.1372875708097301,-1,[0],"[[-0.7313463687896729, -0.11261222511529922], [-0.6000665426254272, -0.010387754067778587], [-0.5327394604682922, -0.13903936743736267], [-0.5970613360404968, -0.21627171337604523], [-0.608909547328949, 0.11949098855257034]]",False
early_neutral,3,2590,0.13695434855048316,-1,[0],"[[-0.7319191694259644, -0.11284465342760086], [-0.6086825728416443, -0.012470072135329247], [-0.541930615901947, -0.13903936743736267], [-0.607149600982666, -0.21220727264881134], [-0.6182727217674255, 0.11780121922492981]]",False
early_neutral,3,2591,0.13662112629123627,-1,[0],"[[-0.732296347618103, -0.11298254877328873], [-0.6173481941223145, -0.014463352039456367], [-0.5511217713356018, -0.13903936743736267], [-0.6171221137046814, -0.20742829144001007], [-0.6272773742675781, 0.11660689860582352]]",False
early_neutral,3,2592,0.13628790403198934,-1,[0],"[[-0.7323599457740784, -0.11293600499629974], [-0.6260747909545898, -0.01633984036743641], [-0.5603129863739014, -0.13903936743736267], [-0.6272857189178467, -0.20234279334545135], [-0.6339728236198425, 0.11584127694368362]]",False
early_neutral,3,2593,0.13595468177274242,-1,[0],"[[-0.7319520711898804, -0.112639419734478], [-0.6349208354949951, -0.017961321398615837], [-0.5695041418075562, -0.13903936743736267], [-0.6375899910926819, -0.19701284170150757], [-0.6356350779533386, 0.1156511977314949]]",False
early_neutral,3,2594,0.1356214595134955,-1,[0],"[[-0.7309309840202332, -0.1125408485531807], [-0.6438314914703369, -0.01930266246199608], [-0.5786953568458557, -0.13903936743736267], [-0.6480655074119568, -0.19154496490955353], [-0.6358170509338379, 0.11634398996829987]]",False
early_neutral,3,2595,0.13528823725424857,-1,[0],"[[-0.7285961508750916, -0.1132531613111496], [-0.6505807638168335, -0.020180266350507736], [-0.5878865122795105, -0.13903936743736267], [-0.6586546897888184, -0.18595528602600098], [-0.6360876560211182, 0.11879289895296097]]",False
early_neutral,3,2596,0.13495501499500168,-1,[0],"[[-0.7257673740386963, -0.11438683420419693], [-0.6569201350212097, -0.020894428715109825], [-0.5970776677131653, -0.13903936743736267], [-0.6689162850379944, -0.18028703331947327], [-0.6360863447189331, 0.12207866460084915]]",False
early_neutral,3,2597,0.13462179273575475,-1,[0],"[[-0.719420850276947, -0.11693967133760452], [-0.6632897853851318, -0.021481497213244438], [-0.6062688827514648, -0.13903936743736267], [-0.6765105724334717, -0.17606908082962036], [-0.6386934518814087, 0.12434402853250504]]",False
early_neutral,3,2598,0.13428857047650783,-1,[0],"[[-0.7118418216705322, -0.11923772841691971], [-0.6694595813751221, -0.021892093122005463], [-0.6141758561134338, -0.1394360512495041], [-0.6814055442810059, -0.17334066331386566], [-0.644060492515564, 0.12442132830619812]]",False
early_neutral,3,2599,0.1339553482172609,-1,[0],"[[-0.7080984711647034, -0.12032371014356613], [-0.6720271706581116, -0.022216949611902237], [-0.6177944540977478, -0.14055395126342773], [-0.6848193407058716, -0.16963250935077667], [-0.6506537795066833, 0.12351229786872864]]",False
early_neutral,3,2600,0.13362212595801398,-1,[0],"[[-0.7071613073348999, -0.12060399353504181], [-0.6723671555519104, -0.022295037284493446], [-0.6193994879722595, -0.1410389244556427], [-0.6870036721229553, -0.16470912098884583], [-0.6581800580024719, 0.12170671671628952]]",False
early_neutral,3,2601,0.13328890369876709,-1,[0],"[[-0.7076053619384766, -0.12048941850662231], [-0.6703606247901917, -0.022740719839930534], [-0.6223938465118408, -0.14033113420009613], [-0.6890802383422852, -0.1590588539838791], [-0.666114866733551, 0.1188887506723404]]",True
early_neutral,3,2602,0.13295568143952016,-1,[0],"[[-0.7077512145042419, -0.12046994268894196], [-0.6662817001342773, -0.023628411814570427], [-0.6263360977172852, -0.14051640033721924], [-0.6906318068504333, -0.1531650274991989], [-0.6737169027328491, 0.11553070694208145]]",True
early_neutral,3,2603,0.13262245918027324,-1,[0],"[[-0.7075893878936768, -0.12043203413486481], [-0.6609142422676086, -0.024792488664388657], [-0.6314293742179871, -0.14079320430755615], [-0.6915918588638306, -0.14724887907505035], [-0.6808313727378845, 0.11174719780683517]]",True
early_neutral,3,2604,0.13228923692102632,-1,[0],"[[-0.7074401378631592, -0.12018541246652603], [-0.6553100943565369, -0.026113610714673996], [-0.6374454498291016, -0.14124330878257751], [-0.6924524903297424, -0.14158876240253448], [-0.686373233795166, 0.10884624719619751]]",True
early_neutral,3,2605,0.13195601466177942,-1,[0],"[[-0.7073789238929749, -0.11983142793178558], [-0.6493719816207886, -0.027645574882626534], [-0.6451484560966492, -0.14177212119102478], [-0.6936309337615967, -0.13613326847553253], [-0.691842794418335, 0.10664568841457367]]",True
early_neutral,3,2606,0.1316227924025325,-1,[0],"[[-0.707402229309082, -0.1194257065653801], [-0.6437543630599976, -0.02920958213508129], [-0.6540434956550598, -0.14208866655826569], [-0.6939741969108582, -0.1319626271724701], [-0.6971299052238464, 0.10491123795509338]]",True
early_neutral,3,2607,0.13128957014328557,-1,[0],"[[-0.7067065238952637, -0.11951889097690582], [-0.6422311663627625, -0.029633766040205956], [-0.6631948947906494, -0.1421697437763214], [-0.6923643946647644, -0.12845374643802643], [-0.7000900506973267, 0.10395747423171997]]",True
early_neutral,3,2608,0.13095634788403865,-1,[0],"[[-0.7053026556968689, -0.12016715854406357], [-0.6414502263069153, -0.028877267614006996], [-0.6709989905357361, -0.1409534513950348], [-0.6904711723327637, -0.12514545023441315], [-0.7002356648445129, 0.10452929884195328]]",True
early_neutral,3,2609,0.13062312562479172,-1,[0],"[[-0.7066336274147034, -0.11916273832321167], [-0.6394421458244324, -0.02667183429002762], [-0.676003634929657, -0.14058144390583038], [-0.6891265511512756, -0.12162277102470398], [-0.6984976530075073, 0.10671383887529373]]",True
early_neutral,3,2610,0.13028990336554483,-1,[0],"[[-0.7096678614616394, -0.11738719046115875], [-0.6370801329612732, -0.023596404120326042], [-0.6778696179389954, -0.1405225247144699], [-0.6880298852920532, -0.1178610697388649], [-0.6958537697792053, 0.10953295975923538]]",True
early_neutral,3,2611,0.1299566811062979,-1,[0],"[[-0.7136707901954651, -0.11530575901269913], [-0.6344009637832642, -0.01982971467077732], [-0.6779037714004517, -0.14035700261592865], [-0.686100423336029, -0.11445685476064682], [-0.6927696466445923, 0.11314193904399872]]",True
early_neutral,3,2612,0.12962345884705098,-1,[0],"[[-0.7189523577690125, -0.11287578195333481], [-0.6317978501319885, -0.016001159325242043], [-0.6779989004135132, -0.1398569643497467], [-0.6827651858329773, -0.11134229600429535], [-0.689570426940918, 0.11748475581407547]]",True
early_neutral,3,2613,0.12929023658780406,-1,[0],"[[-0.7255411148071289, -0.11027882248163223], [-0.6274811029434204, -0.012882961891591549], [-0.6780972480773926, -0.13969634473323822], [-0.678104043006897, -0.10839812457561493], [-0.6865537762641907, 0.1223110780119896]]",True
early_neutral,3,2614,0.12895701432855713,-1,[0],"[[-0.7326698899269104, -0.10733003169298172], [-0.6202585697174072, -0.011260995641350746], [-0.6781615018844604, -0.14010919630527496], [-0.6712870001792908, -0.1063537746667862], [-0.6837788224220276, 0.12787942588329315]]",False
early_neutral,3,2615,0.12862379206931024,-1,[0],"[[-0.7403739094734192, -0.10517541319131851], [-0.6115269660949707, -0.01069022249430418], [-0.6783073544502258, -0.140738382935524], [-0.663206160068512, -0.10442905128002167], [-0.6816280484199524, 0.13403774797916412]]",False
early_neutral,3,2616,0.12829056981006332,-1,[0],"[[-0.7469398379325867, -0.10342131555080414], [-0.6020045280456543, -0.010303043760359287], [-0.6785100102424622, -0.14146335422992706], [-0.6541535258293152, -0.10297320038080215], [-0.6801530122756958, 0.14053665101528168]]",False
early_neutral,3,2617,0.1279573475508164,-1,[0],"[[-0.753093421459198, -0.10216721147298813], [-0.5916000604629517, -0.010014680214226246], [-0.6785169839859009, -0.14148816466331482], [-0.6440666317939758, -0.1023276150226593], [-0.6800243854522705, 0.14651212096214294]]",False
early_neutral,3,2618,0.12762412529156947,-1,[0],"[[-0.7596652507781982, -0.10157052427530289], [-0.5808562636375427, -0.00976235419511795], [-0.6785169839859009, -0.14148816466331482], [-0.633556604385376, -0.10226350277662277], [-0.6811764240264893, 0.15244096517562866]]",False
early_neutral,3,2619,0.12729090303232257,-1,[0],"[[-0.7659515142440796, -0.10054595023393631], [-0.5695528388023376, -0.009508765302598476], [-0.6785169839859009, -0.14148816466331482], [-0.6226471066474915, -0.1026526689529419], [-0.6833325624465942, 0.15825298428535461]]",False
early_neutral,3,2620,0.12695768077307565,-1,[0],"[[-0.7718908190727234, -0.099183090031147], [-0.5576251745223999, -0.009240320883691311], [-0.6785169839859009, -0.14148816466331482], [-0.6111271381378174, -0.10345355421304703], [-0.6862614154815674, 0.16392004489898682]]",False
early_neutral,3,2621,0.12662445851382872,-1,[0],"[[-0.7773967981338501, -0.09606938809156418], [-0.5451501607894897, -0.008898114785552025], [-0.6785169839859009, -0.14148816466331482], [-0.5990665555000305, -0.10455542057752609], [-0.6899251937866211, 0.16940343379974365]]",False
early_neutral,3,2622,0.1262912362545818,-1,[0],"[[-0.7833040356636047, -0.0921124741435051], [-0.5322446823120117, -0.008462590165436268], [-0.6785169839859009, -0.14148816466331482], [-0.5866268873214722, -0.10607560724020004], [-0.6942448616027832, 0.17468085885047913]]",False
early_neutral,3,2623,0.12595801399533488,-1,[0],"[[-0.790030837059021, -0.08780939877033234], [-0.5190045833587646, -0.00794531125575304], [-0.6785169839859009, -0.14148816466331482], [-0.5752703547477722, -0.10852091759443283], [-0.6990983486175537, 0.17965508997440338]]",False
early_neutral,3,2624,0.12562479173608798,-1,[0],"[[-0.7973777651786804, -0.08311577141284943], [-0.5055095553398132, -0.0073260352946817875], [-0.6785169839859009, -0.14148816466331482], [-0.5684536099433899, -0.1119641587138176], [-0.7029755711555481, 0.18320833146572113]]",False
early_neutral,3,2625,0.12529156947684106,-1,[0],"[[-0.805107831954956, -0.07818330079317093], [-0.49179479479789734, -0.0069124409928917885], [-0.6785169839859009, -0.14148816466331482], [-0.5657402276992798, -0.11645093560218811], [-0.706943690776825, 0.18650338053703308]]",False
early_neutral,3,2626,0.12495834721759413,-1,[0],"[[-0.8130044937133789, -0.07314812391996384], [-0.4779207408428192, -0.0072736288420856], [-0.6792692542076111, -0.14108029007911682], [-0.5640521049499512, -0.12184128165245056], [-0.7111130952835083, 0.18969164788722992]]",False
early_neutral,3,2627,0.12462512495834721,-1,[0],"[[-0.8213613033294678, -0.06782273203134537], [-0.46401920914649963, -0.008383626118302345], [-0.6823722124099731, -0.13937930762767792], [-0.5635249614715576, -0.12786340713500977], [-0.7154475450515747, 0.19278529286384583]]",False
early_neutral,3,2628,0.1242919026991003,-1,[0],"[[-0.8301247358322144, -0.06224113330245018], [-0.45021918416023254, -0.010255862027406693], [-0.6865599155426025, -0.13704541325569153], [-0.5632961392402649, -0.13438144326210022], [-0.7199463248252869, 0.19577787816524506]]",False
early_neutral,3,2629,0.12395868043985338,-1,[0],"[[-0.8392178416252136, -0.05645400658249855], [-0.4366336762905121, -0.012869520112872124], [-0.6917659640312195, -0.13411501049995422], [-0.5630738139152527, -0.14140968024730682], [-0.7246389389038086, 0.1986415833234787]]",False
early_neutral,3,2630,0.12362545818060647,-1,[0],"[[-0.8485644459724426, -0.05050637573003769], [-0.42315173149108887, -0.01581854745745659], [-0.6979135274887085, -0.13065169751644135], [-0.5632997751235962, -0.1488354206085205], [-0.729523241519928, 0.20136606693267822]]",False
early_neutral,3,2631,0.12329223592135954,-1,[0],"[[-0.8581005930900574, -0.04443191736936569], [-0.4096831977367401, -0.018873998895287514], [-0.7048202753067017, -0.1267576962709427], [-0.5669209957122803, -0.15614862740039825], [-0.7345858216285706, 0.20394925773143768]]",False
early_neutral,3,2632,0.12295901366211263,-1,[0],"[[-0.8677877187728882, -0.038239914923906326], [-0.39622193574905396, -0.02200322039425373], [-0.7121237516403198, -0.12263950705528259], [-0.5729954838752747, -0.1629215031862259], [-0.7398141622543335, 0.2063884735107422]]",False
early_neutral,3,2633,0.12262579140286571,-1,[0],"[[-0.8763750195503235, -0.033206332474946976], [-0.38273411989212036, -0.025128958746790886], [-0.7200461030006409, -0.11817199736833572], [-0.5779692530632019, -0.16759198904037476], [-0.7451988458633423, 0.2086792290210724]]",False
early_neutral,3,2634,0.12229256914361879,-1,[0],"[[-0.8831763863563538, -0.02937728352844715], [-0.3692190647125244, -0.028238995000720024], [-0.7281529307365417, -0.11360041052103043], [-0.5797994136810303, -0.16905133426189423], [-0.7507249116897583, 0.2108192890882492]]",True
early_neutral,3,2635,0.12195934688437188,-1,[0],"[[-0.8870950937271118, -0.026888879016041756], [-0.35563138127326965, -0.03123883157968521], [-0.7365976572036743, -0.10883821547031403], [-0.5814284086227417, -0.16756412386894226], [-0.7562609910964966, 0.2127920240163803]]",True
early_neutral,3,2636,0.12162612462512495,-1,[0],"[[-0.8900783061981201, -0.02474050410091877], [-0.34196269512176514, -0.03410005941987038], [-0.7454931139945984, -0.1038052961230278], [-0.5837992429733276, -0.16497769951820374], [-0.7619609832763672, 0.21465739607810974]]",True
early_neutral,3,2637,0.12129290236587804,-1,[0],"[[-0.8918678164482117, -0.023742860183119774], [-0.32825127243995667, -0.03689070791006088], [-0.7547072172164917, -0.09847144782543182], [-0.5865553021430969, -0.1614716351032257], [-0.7676565647125244, 0.2163684368133545]]",True
early_neutral,3,2638,0.12095968010663112,-1,[0],"[[-0.8896101713180542, -0.024452559649944305], [-0.314540296792984, -0.03969492018222809], [-0.7641255259513855, -0.09286370873451233], [-0.5899641513824463, -0.15720003843307495], [-0.7696075439453125, 0.21693432331085205]]",True
early_neutral,3,2639,0.12062645784738421,-1,[0],"[[-0.8858975172042847, -0.024308128282427788], [-0.3008251190185547, -0.042500026524066925], [-0.7737506628036499, -0.08707521110773087], [-0.594011664390564, -0.1522645354270935], [-0.7696075439453125, 0.21693432331085205]]",True
early_neutral,3,2640,0.12029323558813729,-1,[0],"[[-0.880765438079834, -0.024225277826189995], [-0.2870772182941437, -0.0452437624335289], [-0.7835415005683899, -0.0811491459608078], [-0.5985486507415771, -0.14695680141448975], [-0.7696075439453125, 0.21693432331085205]]",True
early_neutral,3,2641,0.11996001332889036,-1,[0],"[[-0.8741874694824219, -0.02412361092865467], [-0.2732944190502167, -0.04791815206408501], [-0.7929162383079529, -0.07476901262998581], [-0.6036412715911865, -0.14125025272369385], [-0.7696075439453125, 0.21693432331085205]]",True
early_neutral,3,2642,0.11962679106964345,-1,[0],"[[-0.8667913675308228, -0.024063920602202415], [-0.2594957649707794, -0.050562188029289246], [-0.8008053302764893, -0.0674617663025856], [-0.6088583469390869, -0.13526873290538788], [-0.7696075439453125, 0.21693432331085205]]",True
early_neutral,3,2643,0.11929356881039653,-1,[0],"[[-0.8595982789993286, -0.024187179282307625], [-0.24569201469421387, -0.0531981959939003], [-0.8072777986526489, -0.059491463005542755], [-0.613957405090332, -0.1289156824350357], [-0.7696075439453125, 0.21693432331085205]]",True
early_neutral,3,2644,0.11896034655114962,-1,[0],"[[-0.8503373861312866, -0.02413451299071312], [-0.23187419772148132, -0.05580529570579529], [-0.8132717609405518, -0.051304060965776443], [-0.619117259979248, -0.12211311608552933], [-0.7696075439453125, 0.21693432331085205]]",True
early_neutral,3,2645,0.1186271242919027,-1,[0],"[[-0.8403245210647583, -0.024043358862400055], [-0.21802039444446564, -0.05833215266466141], [-0.8188839554786682, -0.04300583526492119], [-0.6250337958335876, -0.11514470726251602], [-0.7696075439453125, 0.21693432331085205]]",True
early_neutral,3,2646,0.11829390203265579,-1,[0],"[[-0.830464243888855, -0.023584842681884766], [-0.20413058996200562, -0.06077532470226288], [-0.8217704892158508, -0.036571767181158066], [-0.6320277452468872, -0.10824549943208694], [-0.7696075439453125, 0.21693432331085205]]",True
early_neutral,3,2647,0.11796067977340886,-1,[0],"[[-0.8206610083580017, -0.02301526628434658], [-0.19020147621631622, -0.06312301009893417], [-0.8229688405990601, -0.032505594193935394], [-0.6394728422164917, -0.1012541800737381], [-0.7696075439453125, 0.21693432331085205]]",True
early_neutral,3,2648,0.11762745751416194,-1,[0],"[[-0.8109990954399109, -0.022506097331643105], [-0.1762334406375885, -0.0653715655207634], [-0.8235493898391724, -0.02956588938832283], [-0.6463299989700317, -0.09457626193761826], [-0.7696075439453125, 0.21693432331085205]]",True
early_neutral,3,2649,0.11729423525491503,-1,[0],"[[-0.8006496429443359, -0.022229138761758804], [-0.16222794353961945, -0.0675201267004013], [-0.8232768177986145, -0.02799004502594471], [-0.6504153609275818, -0.08905258774757385], [-0.7695887088775635, 0.2170175164937973]]",True
early_neutral,3,2650,0.1169610129956681,-1,[0],"[[-0.7899272441864014, -0.02210773527622223], [-0.1481865793466568, -0.0695677399635315], [-0.8223568201065063, -0.0277586467564106], [-0.6530774831771851, -0.0835145115852356], [-0.7689089775085449, 0.21895834803581238]]",True
early_neutral,3,2651,0.1166277907364212,-1,[0],"[[-0.7776799201965332, -0.022114835679531097], [-0.13411138951778412, -0.07151497900485992], [-0.8223568201065063, -0.0277586467564106], [-0.6527470350265503, -0.07980170100927353], [-0.7674088478088379, 0.22174714505672455]]",True
early_neutral,3,2652,0.11629456847717427,-1,[0],"[[-0.7652083039283752, -0.021762387827038765], [-0.12002506107091904, -0.07335558533668518], [-0.8216464519500732, -0.027587607502937317], [-0.6483705043792725, -0.07781410217285156], [-0.7648458480834961, 0.2251981645822525]]",True
early_neutral,3,2653,0.11596134621792736,-1,[0],"[[-0.7522201538085938, -0.02120351977646351], [-0.10626555979251862, -0.07497246563434601], [-0.8181173801422119, -0.026940615847706795], [-0.6420596837997437, -0.07664788514375687], [-0.7615388035774231, 0.22878775000572205]]",True
early_neutral,3,2654,0.11562812395868044,-1,[0],"[[-0.7391535639762878, -0.02112599089741707], [-0.09227901697158813, -0.07650176435709], [-0.8130381107330322, -0.02644437551498413], [-0.6342769861221313, -0.07647880911827087], [-0.7577323913574219, 0.23216070234775543]]",True
early_neutral,3,2655,0.11529490169943352,-1,[0],"[[-0.7258856892585754, -0.02106516622006893], [-0.07817578315734863, -0.07786299288272858], [-0.8065166473388672, -0.026143183931708336], [-0.6254343390464783, -0.07628588378429413], [-0.7533392310142517, 0.23521573841571808]]",True
early_neutral,3,2656,0.1149616794401866,-1,[0],"[[-0.7123922109603882, -0.021114304661750793], [-0.0640023946762085, -0.07904611527919769], [-0.7987086772918701, -0.025843210518360138], [-0.6162448525428772, -0.07618465274572372], [-0.7483996152877808, 0.23789413273334503]]",True
early_neutral,3,2657,0.11462845718093968,-1,[0],"[[-0.6987279057502747, -0.0212213397026062], [-0.04977302998304367, -0.08005650341510773], [-0.7897759079933167, -0.025565924122929573], [-0.6070550680160522, -0.07627160102128983], [-0.7429393529891968, 0.24010099470615387]]",True
early_neutral,3,2658,0.11429523492169277,-1,[0],"[[-0.6849327087402344, -0.021274641156196594], [-0.0356706827878952, -0.0808953121304512], [-0.7801221609115601, -0.025279324501752853], [-0.5978783965110779, -0.0765988901257515], [-0.7370307445526123, 0.24174760282039642]]",True
early_neutral,3,2659,0.11396201266244585,-1,[0],"[[-0.6710441708564758, -0.021367516368627548], [-0.02437371015548706, -0.08164149522781372], [-0.7696500420570374, -0.02497364766895771], [-0.5887339115142822, -0.07719579339027405], [-0.730832040309906, 0.24286317825317383]]",True
early_neutral,3,2660,0.11362879040319894,-1,[0],"[[-0.6571430563926697, -0.02154139243066311], [-0.015295588411390781, -0.08257444202899933], [-0.7589335441589355, -0.024663791060447693], [-0.5808704495429993, -0.07791878283023834], [-0.7245177626609802, 0.243661567568779]]",True
early_neutral,3,2661,0.11329556814395202,-1,[0],"[[-0.643682062625885, -0.021415678784251213], [-0.008076079189777374, -0.08359837532043457], [-0.7477701306343079, -0.024342505261301994], [-0.5745503902435303, -0.0787246972322464], [-0.7181318402290344, 0.2441641092300415]]",True
early_neutral,3,2662,0.11296234588470509,-1,[0],"[[-0.6304056644439697, -0.021254656836390495], [-0.002017963444814086, -0.08500146865844727], [-0.7359933853149414, -0.024020710960030556], [-0.5682312846183777, -0.0797266811132431], [-0.7117760181427002, 0.24452517926692963]]",True
early_neutral,3,2663,0.11262912362545818,-1,[0],"[[-0.6169071793556213, -0.021059611812233925], [0.00306647433899343, -0.08654031157493591], [-0.7238180637359619, -0.02374734915792942], [-0.5614287853240967, -0.0810169205069542], [-0.7054678797721863, 0.24480943381786346]]",True
early_neutral,3,2664,0.11229590136621126,-1,[0],"[[-0.6032396554946899, -0.02083779312670231], [0.003854740411043167, -0.08678270876407623], [-0.7115970849990845, -0.023530317470431328], [-0.5540492534637451, -0.08264995366334915], [-0.6990426182746887, 0.2450246661901474]]",True
early_neutral,3,2665,0.11196267910696435,-1,[0],"[[-0.5894430875778198, -0.020622510462999344], [0.0038503773976117373, -0.08680244535207748], [-0.699009895324707, -0.02332218363881111], [-0.5466840863227844, -0.0845012217760086], [-0.6926285624504089, 0.24519190192222595]]",True
early_neutral,3,2666,0.11162945684771743,-1,[0],"[[-0.5755515098571777, -0.02040293999016285], [0.0034751961939036846, -0.088086798787117], [-0.6860446333885193, -0.0231122225522995], [-0.540711522102356, -0.08619540929794312], [-0.6863442063331604, 0.24533027410507202]]",True
early_neutral,3,2667,0.11129623458847052,-1,[0],"[[-0.5616379380226135, -0.02012837678194046], [0.003031568368896842, -0.09035152196884155], [-0.6727840900421143, -0.022900110110640526], [-0.5337972044944763, -0.0881691724061966], [-0.6799128651618958, 0.24544604122638702]]",True
early_neutral,3,2668,0.11096301232922359,-1,[0],"[[-0.5480332374572754, -0.01995106413960457], [0.0023435428738594055, -0.09313791245222092], [-0.6592940092086792, -0.02268499694764614], [-0.52577143907547, -0.09040777385234833], [-0.673480749130249, 0.24553826451301575]]",True
early_neutral,3,2669,0.11062979006997667,-1,[0],"[[-0.5347982048988342, -0.01979738101363182], [-0.0005827319109812379, -0.09570875763893127], [-0.6461226940155029, -0.0224754735827446], [-0.51723313331604, -0.09262017905712128], [-0.667207658290863, 0.24560905992984772]]",True
early_neutral,3,2670,0.11029656781072976,-1,[0],"[[-0.5213379859924316, -0.01964905858039856], [-0.0050811246037483215, -0.09790949523448944], [-0.6345642805099487, -0.02229095809161663], [-0.508542537689209, -0.09456527978181839], [-0.6607743501663208, 0.24566209316253662]]",True
early_neutral,3,2671,0.10996334555148284,-1,[0],"[[-0.5076983571052551, -0.019506705924868584], [-0.010760314762592316, -0.10016389936208725], [-0.6230090856552124, -0.022105777636170387], [-0.49971097707748413, -0.09621843695640564], [-0.6543408632278442, 0.24569377303123474]]",True
early_neutral,3,2672,0.10963012329223593,-1,[0],"[[-0.49392271041870117, -0.019361775368452072], [-0.018639368936419487, -0.10269194841384888], [-0.6110647320747375, -0.02191407047212124], [-0.4907262325286865, -0.09747303277254105], [-0.6480650305747986, 0.24569810926914215]]",True
early_neutral,3,2673,0.109296901032989,-1,[0],"[[-0.48004424571990967, -0.01921241171658039], [-0.027096815407276154, -0.10515077412128448], [-0.5987968444824219, -0.021717116236686707], [-0.4816274642944336, -0.09831047803163528], [-0.6416333913803101, 0.24567465484142303]]",True
early_neutral,3,2674,0.10896367877374209,-1,[0],"[[-0.4662126898765564, -0.018967777490615845], [-0.03605624660849571, -0.10771605372428894], [-0.5863944292068481, -0.021517861634492874], [-0.47246789932250977, -0.0987977385520935], [-0.6352004408836365, 0.24562190473079681]]",True
early_neutral,3,2675,0.10863045651449517,-1,[0],"[[-0.45360544323921204, -0.018628425896167755], [-0.0457662008702755, -0.11047326773405075], [-0.573586642742157, -0.021311424672603607], [-0.4632817208766937, -0.09897369891405106], [-0.6288781762123108, 0.24552975594997406]]",True
early_neutral,3,2676,0.10829723425524825,-1,[0],"[[-0.44281986355781555, -0.018318170681595802], [-0.05569911003112793, -0.11331285536289215], [-0.5604490041732788, -0.02109888754785061], [-0.45409131050109863, -0.09890289604663849], [-0.6224990487098694, 0.2453930824995041]]",True
early_neutral,3,2677,0.10796401199600134,-1,[0],"[[-0.43360018730163574, -0.018182560801506042], [-0.06617668271064758, -0.1163361668586731], [-0.5470544695854187, -0.020881900563836098], [-0.444907009601593, -0.09916552156209946], [-0.6160712838172913, 0.24521329998970032]]",False
early_neutral,3,2678,0.10763078973675441,-1,[0],"[[-0.424603670835495, -0.018083879724144936], [-0.07733742892742157, -0.11918682605028152], [-0.5334608554840088, -0.0206614900380373], [-0.435283899307251, -0.10032067447900772], [-0.609694242477417, 0.2450263947248459]]",False
early_neutral,3,2679,0.1072975674775075,-1,[0],"[[-0.4156668782234192, -0.01798585057258606], [-0.08951788395643234, -0.11990383267402649], [-0.5213072896003723, -0.020464347675442696], [-0.4255356788635254, -0.10186508297920227], [-0.6033759713172913, 0.24484622478485107]]",False
early_neutral,3,2680,0.10696434521826058,-1,[0],"[[-0.4071355164051056, -0.017892271280288696], [-0.10202659666538239, -0.119551882147789], [-0.5135700106620789, -0.020338840782642365], [-0.4175335168838501, -0.10098015516996384], [-0.5969480276107788, 0.2446679323911667]]",False
early_neutral,3,2681,0.10663112295901367,-1,[0],"[[-0.40164482593536377, -0.017832040786743164], [-0.11467135697603226, -0.11987049877643585], [-0.5076754093170166, -0.020243223756551743], [-0.41048070788383484, -0.0974627211689949], [-0.5905339121818542, 0.2444901317358017]]",False
early_neutral,3,2682,0.10629790069976675,-1,[0],"[[-0.3999260365962982, -0.017813920974731445], [-0.12768252193927765, -0.12055405974388123], [-0.5041837096214294, -0.020186586305499077], [-0.4021265208721161, -0.0945892184972763], [-0.5842518210411072, 0.24431228637695312]]",False
early_neutral,3,2683,0.10596467844051982,-1,[0],"[[-0.40214645862579346, -0.017818836495280266], [-0.13971106708049774, -0.12099134922027588], [-0.5039816498756409, -0.020640434697270393], [-0.39195340871810913, -0.0938812717795372], [-0.5778243541717529, 0.2441265732049942]]",False
early_neutral,3,2684,0.10563145618127291,-1,[0],"[[-0.406475692987442, -0.017736511304974556], [-0.1502903699874878, -0.12105865031480789], [-0.5067311525344849, -0.022239988669753075], [-0.38127535581588745, -0.09420470893383026], [-0.5713978409767151, 0.24393001198768616]]",False
early_neutral,3,2685,0.10529823392202599,-1,[0],"[[-0.4122074842453003, -0.017542080953717232], [-0.1610114872455597, -0.12152127921581268], [-0.5105283260345459, -0.024299561977386475], [-0.37045085430145264, -0.09502983093261719], [-0.5651324987411499, 0.2437157779932022]]",False
early_neutral,3,2686,0.10496501166277908,-1,[0],"[[-0.4191870093345642, -0.017287280410528183], [-0.1694783717393875, -0.12236597388982773], [-0.5118341445922852, -0.02720097079873085], [-0.35907384753227234, -0.09629803150892258], [-0.5587095022201538, 0.24347279965877533]]",False
early_neutral,3,2687,0.10463178940353215,-1,[0],"[[-0.42692384123802185, -0.016985267400741577], [-0.1722603738307953, -0.12262506037950516], [-0.5103185772895813, -0.030752865597605705], [-0.3482230603694916, -0.09626118093729019], [-0.5522897243499756, 0.2432023286819458]]",False
early_neutral,3,2688,0.10429856714428523,-1,[0],"[[-0.43553784489631653, -0.016628608107566833], [-0.1722603738307953, -0.12262506037950516], [-0.5084404349327087, -0.034679755568504333], [-0.34086519479751587, -0.09378205239772797], [-0.5460320711135864, 0.2428976595401764]]",False
early_neutral,3,2689,0.10396534488503832,-1,[0],"[[-0.4449128806591034, -0.016233978793025017], [-0.1722603738307953, -0.12262506037950516], [-0.5062022805213928, -0.0384691022336483], [-0.3351646959781647, -0.08937567472457886], [-0.5396236181259155, 0.24254198372364044]]",False
early_neutral,3,2690,0.1036321226257914,-1,[0],"[[-0.4551474452018738, -0.01580112800002098], [-0.1722603738307953, -0.12262506037950516], [-0.5035115480422974, -0.042271193116903305], [-0.3300285041332245, -0.08395668864250183], [-0.5332207083702087, 0.24213944375514984]]",False
early_neutral,3,2691,0.10329890036654449,-1,[0],"[[-0.46583688259124756, -0.015347975306212902], [-0.1722603738307953, -0.12262506037950516], [-0.5004844069480896, -0.04595397785305977], [-0.32548946142196655, -0.07779823243618011], [-0.5269407629966736, 0.24167142808437347]]",False
early_neutral,3,2692,0.10296567810729756,-1,[0],"[[-0.4769812822341919, -0.014875147491693497], [-0.1722603738307953, -0.12262506037950516], [-0.49728068709373474, -0.04944933205842972], [-0.321273535490036, -0.07136449962854385], [-0.5206153988838196, 0.2411193996667862]]",False
early_neutral,3,2693,0.10263245584805065,-1,[0],"[[-0.4887511730194092, -0.014386029914021492], [-0.1722603738307953, -0.12262506037950516], [-0.4937335252761841, -0.05294172465801239], [-0.3171635866165161, -0.06447240710258484], [-0.514258861541748, 0.2404804527759552]]",False
early_neutral,3,2694,0.10229923358880373,-1,[0],"[[-0.5010834336280823, -0.014016237109899521], [-0.1720651239156723, -0.12399940192699432], [-0.48953771591186523, -0.056192681193351746], [-0.31389686465263367, -0.05858376994729042], [-0.5080226063728333, 0.23968550562858582]]",False
early_neutral,3,2695,0.10196601132955681,-1,[0],"[[-0.5138640403747559, -0.013861779123544693], [-0.17183682322502136, -0.12679164111614227], [-0.48309800028800964, -0.05863431096076965], [-0.31100013852119446, -0.052907854318618774], [-0.5018908977508545, 0.23869886994361877]]",False
early_neutral,3,2696,0.1016327890703099,-1,[0],"[[-0.5269847512245178, -0.013764471746981144], [-0.17176638543605804, -0.1305176019668579], [-0.47534629702568054, -0.06099753454327583], [-0.30822691321372986, -0.04720574617385864], [-0.49572765827178955, 0.23749898374080658]]",False
early_neutral,3,2697,0.10129956681106297,-1,[0],"[[-0.5403643250465393, -0.013614948838949203], [-0.17173190414905548, -0.1351519078016281], [-0.46702635288238525, -0.0635310709476471], [-0.3053740859031677, -0.04152030125260353], [-0.48963800072669983, 0.23618194460868835]]",False
early_neutral,3,2698,0.10096634455181606,-1,[0],"[[-0.5539412498474121, -0.01342383399605751], [-0.17171883583068848, -0.14060881733894348], [-0.45856258273124695, -0.06586217135190964], [-0.3024526834487915, -0.035849619656801224], [-0.4837028980255127, 0.23483240604400635]]",False
early_neutral,3,2699,0.10063312229256914,-1,[0],"[[-0.5676683187484741, -0.013212143443524837], [-0.17171669006347656, -0.14657720923423767], [-0.4499689042568207, -0.06798220425844193], [-0.299700528383255, -0.0301433727145195], [-0.4776620864868164, 0.233391672372818]]",False
early_neutral,3,2700,0.10029990003332223,-1,[0],"[[-0.5815089344978333, -0.012982348911464214], [-0.17171569168567657, -0.1525580734014511], [-0.44125235080718994, -0.06987807899713516], [-0.29718753695487976, -0.02439059130847454], [-0.4722084403038025, 0.23127590119838715]]",False
early_neutral,3,2701,0.09996667777407531,-1,[0],"[[-0.5954355597496033, -0.012746523134410381], [-0.17171551287174225, -0.15853893756866455], [-0.4324224293231964, -0.07153639197349548], [-0.2945524752140045, -0.018661845475435257], [-0.467898964881897, 0.22822216153144836]]",False
early_neutral,3,2702,0.09963345551482838,-1,[0],"[[-0.6094272136688232, -0.012508322484791279], [-0.17171542346477509, -0.1645197868347168], [-0.4234514832496643, -0.0728323757648468], [-0.29135945439338684, -0.01305457204580307], [-0.46367305517196655, 0.22496546804904938]]",False
early_neutral,3,2703,0.09930023325558147,-1,[0],"[[-0.6234632730484009, -0.012184977531433105], [-0.1717154085636139, -0.17050063610076904], [-0.41436514258384705, -0.07372553646564484], [-0.2876375913619995, -0.007586863357573748], [-0.45910003781318665, 0.22095610201358795]]",False
early_neutral,3,2704,0.09896701099633455,-1,[0],"[[-0.6375232338905334, -0.011674720793962479], [-0.1717154085636139, -0.17648150026798248], [-0.40523412823677063, -0.07440861314535141], [-0.2833700478076935, -0.0020963060669600964], [-0.45450714230537415, 0.2160353809595108]]",False
early_neutral,3,2705,0.09863378873708764,-1,[0],"[[-0.6515951752662659, -0.011001629754900932], [-0.1717154085636139, -0.18246236443519592], [-0.3961084187030792, -0.07512103766202927], [-0.27829891443252563, 0.0037275939248502254], [-0.45000189542770386, 0.2106727659702301]]",False
early_neutral,3,2706,0.09830056647784072,-1,[0],"[[-0.6656834483146667, -0.010287683457136154], [-0.17140807211399078, -0.1872095763683319], [-0.38698810338974, -0.07586216181516647], [-0.27235129475593567, 0.00911487266421318], [-0.4452243149280548, 0.2048795372247696]]",False
early_neutral,3,2707,0.09796734421859381,-1,[0],"[[-0.6797844767570496, -0.009549477137625217], [-0.17100870609283447, -0.1885344386100769], [-0.3778727352619171, -0.07662878185510635], [-0.2650132477283478, 0.014196249656379223], [-0.4400428533554077, 0.1988457888364792]]",False
early_neutral,3,2708,0.09763412195934688,-1,[0],"[[-0.6938952803611755, -0.008796160109341145], [-0.17135865986347198, -0.18806599080562592], [-0.3687622547149658, -0.07741956412792206], [-0.2564220130443573, 0.01904720813035965], [-0.43393638730049133, 0.1931423395872116]]",False
early_neutral,3,2709,0.09730089970009996,-1,[0],"[[-0.7080137729644775, -0.00803300179541111], [-0.17166076600551605, -0.18569082021713257], [-0.35964569449424744, -0.07817994803190231], [-0.24600403010845184, 0.022663533687591553], [-0.42662540078163147, 0.18748237192630768]]",False
early_neutral,3,2710,0.09696767744085305,-1,[0],"[[-0.7221376895904541, -0.007260723505169153], [-0.17168012261390686, -0.18231981992721558], [-0.35051751136779785, -0.07887870818376541], [-0.23414774239063263, 0.024737302213907242], [-0.4177995026111603, 0.18238522112369537]]",False
early_neutral,3,2711,0.09663445518160613,-1,[0],"[[-0.7362655997276306, -0.0064809187315404415], [-0.17178884148597717, -0.17802980542182922], [-0.3426206111907959, -0.07942521572113037], [-0.2217780202627182, 0.026650650426745415], [-0.406748503446579, 0.1796283721923828]]",False
early_neutral,3,2712,0.09630123292235922,-1,[0],"[[-0.7503963708877563, -0.00569377513602376], [-0.1718582808971405, -0.17288142442703247], [-0.33620840311050415, -0.07976711541414261], [-0.20899543166160583, 0.02845185250043869], [-0.39468204975128174, 0.17796169221401215]]",False
early_neutral,3,2713,0.0959680106631123,-1,[0],"[[-0.7645291686058044, -0.004900049883872271], [-0.17187194526195526, -0.1670287400484085], [-0.32978692650794983, -0.0800168514251709], [-0.19760555028915405, 0.03006473183631897], [-0.3820846676826477, 0.17655645310878754]]",False
early_neutral,3,2714,0.09563478840386538,-1,[0],"[[-0.7786630988121033, -0.004099982790648937], [-0.17187607288360596, -0.16104787588119507], [-0.32343998551368713, -0.08017176389694214], [-0.18879187107086182, 0.031799063086509705], [-0.36905884742736816, 0.17546845972537994]]",False
early_neutral,3,2715,0.09530156614461846,-1,[0],"[[-0.7927980422973633, -0.0032936036586761475], [-0.17187736928462982, -0.15506702661514282], [-0.31709209084510803, -0.08023349940776825], [-0.18083196878433228, 0.03375546634197235], [-0.3557181656360626, 0.17461064457893372]]",False
early_neutral,3,2716,0.09496834388537154,-1,[0],"[[-0.8069332242012024, -0.002480936935171485], [-0.17187750339508057, -0.14908616244792938], [-0.31065961718559265, -0.08020120859146118], [-0.17582495510578156, 0.03636108711361885], [-0.34213122725486755, 0.17402325570583344]]",False
early_neutral,3,2717,0.09463512162612463,-1,[0],"[[-0.8210684061050415, -0.0016620031092315912], [-0.17187756299972534, -0.14310529828071594], [-0.30431944131851196, -0.0799674391746521], [-0.17189157009124756, 0.0396718792617321], [-0.3283591568470001, 0.17373962700366974]]",False
early_neutral,3,2718,0.0943018993668777,-1,[0],"[[-0.8352035880088806, -0.0008368410053662956], [-0.17187756299972534, -0.13781288266181946], [-0.29807910323143005, -0.0794731080532074], [-0.16989630460739136, 0.043530452996492386], [-0.31445667147636414, 0.17385850846767426]]",False
early_neutral,3,2719,0.0939686771076308,-1,[0],"[[-0.8493382930755615, -6.311063771136105e-06], [-0.17187756299972534, -0.13585296273231506], [-0.29175591468811035, -0.0787038803100586], [-0.1694820672273636, 0.04762842133641243], [-0.3011404275894165, 0.17428502440452576]]",False
early_neutral,3,2720,0.09363545484838387,-1,[0],"[[-0.8634793758392334, 0.0007760763401165605], [-0.17186732590198517, -0.13592647016048431], [-0.28607478737831116, -0.07692455500364304], [-0.1693274974822998, 0.05204875394701958], [-0.29157137870788574, 0.1751926988363266]]",False
early_neutral,3,2721,0.09330223258913696,-1,[0],"[[-0.8776306509971619, 0.0014796954346820712], [-0.1717078536748886, -0.13807159662246704], [-0.28143590688705444, -0.074127197265625], [-0.16970422863960266, 0.05725318193435669], [-0.2850840985774994, 0.17796838283538818]]",False
early_neutral,3,2722,0.09296901032989004,-1,[0],"[[-0.8917891383171082, 0.0021193320862948895], [-0.17139218747615814, -0.1411202996969223], [-0.2774285078048706, -0.07095973193645477], [-0.17079605162143707, 0.06308037042617798], [-0.2804025113582611, 0.18246224522590637]]",False
early_neutral,3,2723,0.09263578807064311,-1,[0],"[[-0.9059507250785828, 0.002731538377702236], [-0.1709531992673874, -0.14502571523189545], [-0.27591007947921753, -0.06710662692785263], [-0.1723334789276123, 0.06907130032777786], [-0.2792164385318756, 0.1882103830575943]]",False
early_neutral,3,2724,0.0923025658113962,-1,[0],"[[-0.9201148152351379, 0.003320900956168771], [-0.17053978145122528, -0.14949263632297516], [-0.27567076683044434, -0.06296258419752121], [-0.1743534803390503, 0.07553678005933762], [-0.279565691947937, 0.19405877590179443]]",False
early_neutral,3,2725,0.09196934355214928,-1,[0],"[[-0.9342777132987976, 0.003923970274627209], [-0.17017512023448944, -0.15449798107147217], [-0.27752307057380676, -0.05905913934111595], [-0.17756782472133636, 0.0811932384967804], [-0.2807766795158386, 0.19847899675369263]]",False
early_neutral,3,2726,0.09163612129290237,-1,[0],"[[-0.9484382271766663, 0.004551256541162729], [-0.17001818120479584, -0.159979909658432], [-0.2808244824409485, -0.05552038177847862], [-0.18399319052696228, 0.08548332750797272], [-0.282895028591156, 0.20077963173389435]]",False
early_neutral,3,2727,0.09130289903365545,-1,[0],"[[-0.961144745349884, 0.005143122747540474], [-0.17197994887828827, -0.1636507362127304], [-0.2842629551887512, -0.05198413133621216], [-0.1915973573923111, 0.0896894559264183], [-0.2833056151866913, 0.2014230191707611]]",False
early_neutral,3,2728,0.09096967677440854,-1,[0],"[[-0.9705619812011719, 0.005725364666432142], [-0.1765015721321106, -0.16430304944515228], [-0.28770938515663147, -0.04857589676976204], [-0.1991797536611557, 0.0941915363073349], [-0.2826632559299469, 0.2011728286743164]]",False
early_neutral,3,2729,0.09063645451516161,-1,[0],"[[-0.9790029525756836, 0.0063365064561367035], [-0.18104316294193268, -0.16521015763282776], [-0.2913550138473511, -0.04512634500861168], [-0.2070031464099884, 0.099219411611557], [-0.2796541750431061, 0.19971208274364471]]",False
early_neutral,3,2730,0.09030323225591469,-1,[0],"[[-0.982944130897522, 0.006403448060154915], [-0.1829649806022644, -0.1682455837726593], [-0.2950778305530548, -0.04171271249651909], [-0.21494868397712708, 0.10478925704956055], [-0.27578219771385193, 0.1974402219057083]]",False
early_neutral,3,2731,0.08997000999666778,-1,[0],"[[-0.9833812117576599, 0.006359889172017574], [-0.18405023217201233, -0.1722719818353653], [-0.2986491918563843, -0.03834342956542969], [-0.22246231138706207, 0.11109085381031036], [-0.27104419469833374, 0.1944289356470108]]",False
early_neutral,3,2732,0.08963678773742086,-1,[0],"[[-0.9833812117576599, 0.006359889172017574], [-0.18550637364387512, -0.17634926736354828], [-0.3021985590457916, -0.03486735001206398], [-0.22888481616973877, 0.11737272143363953], [-0.26740455627441406, 0.19226934015750885]]",False
early_neutral,3,2733,0.08930356547817395,-1,[0],"[[-0.9833812117576599, 0.006359889172017574], [-0.18732665479183197, -0.18032830953598022], [-0.3056451976299286, -0.03133799135684967], [-0.23208646476268768, 0.12174142152070999], [-0.2665187418460846, 0.19189472496509552]]",False
early_neutral,3,2734,0.08897034321892702,-1,[0],"[[-0.9833812117576599, 0.006359889172017574], [-0.18813589215278625, -0.18198570609092712], [-0.3086979389190674, -0.027762046083807945], [-0.2356380820274353, 0.124854177236557], [-0.266230046749115, 0.19236133992671967]]",False
early_neutral,3,2735,0.08863712095968011,-1,[0],"[[-0.9833812117576599, 0.006359889172017574], [-0.18813589215278625, -0.18198570609092712], [-0.31137388944625854, -0.024024493992328644], [-0.24109411239624023, 0.12683288753032684], [-0.2653874456882477, 0.19472727179527283]]",False
early_neutral,3,2736,0.08830389870043319,-1,[0],"[[-0.9833812117576599, 0.006359889172017574], [-0.18813589215278625, -0.18198570609092712], [-0.3136737644672394, -0.02011685259640217], [-0.24583853781223297, 0.12869492173194885], [-0.2649633288383484, 0.19806604087352753]]",False
early_neutral,3,2737,0.08797067644118627,-1,[0],"[[-0.9833812117576599, 0.006359889172017574], [-0.18813589215278625, -0.18198570609092712], [-0.3154281675815582, -0.01619374006986618], [-0.24563482403755188, 0.1316501796245575], [-0.2646898925304413, 0.2013167440891266]]",False
early_neutral,3,2738,0.08763745418193936,-1,[0],"[[-0.9833812117576599, 0.006359889172017574], [-0.1883172243833542, -0.1818365603685379], [-0.31661394238471985, -0.012226106598973274], [-0.2421444058418274, 0.13476033508777618], [-0.2644028663635254, 0.20225262641906738]]",False
early_neutral,3,2739,0.08730423192269243,-1,[0],"[[-0.9833812117576599, 0.006359889172017574], [-0.1903601586818695, -0.18008969724178314], [-0.3172740936279297, -0.008063004352152348], [-0.23604679107666016, 0.1372155100107193], [-0.2642465829849243, 0.20214560627937317]]",False
early_neutral,3,2740,0.08697100966344552,-1,[0],"[[-0.9833812117576599, 0.006359889172017574], [-0.19319990277290344, -0.17751437425613403], [-0.3174859881401062, -0.0038956489879637957], [-0.228452667593956, 0.13945402204990387], [-0.2625490427017212, 0.20026272535324097]]",False
early_neutral,3,2741,0.0866377874041986,-1,[0],"[[-0.9833812117576599, 0.006359889172017574], [-0.1965145468711853, -0.1741093099117279], [-0.31740981340408325, 0.00018189825641456991], [-0.22201286256313324, 0.14156752824783325], [-0.25951603055000305, 0.1977843940258026]]",False
early_neutral,3,2742,0.08630456514495169,-1,[0],"[[-0.9833812117576599, 0.006359889172017574], [-0.19946707785129547, -0.17039111256599426], [-0.31704261898994446, 0.004361324477940798], [-0.21631065011024475, 0.14350643754005432], [-0.25517794489860535, 0.19483530521392822]]",False
early_neutral,3,2743,0.08597134288570477,-1,[0],"[[-0.9833812117576599, 0.006359889172017574], [-0.20189514756202698, -0.16651572287082672], [-0.3156527280807495, 0.008411755785346031], [-0.21062253415584564, 0.14546266198158264], [-0.25055065751075745, 0.19236567616462708]]",False
early_neutral,3,2744,0.08563812062645784,-1,[0],"[[-0.9833812117576599, 0.006359889172017574], [-0.20373664796352386, -0.16250598430633545], [-0.31253474950790405, 0.012039102613925934], [-0.204826220870018, 0.14727890491485596], [-0.24642151594161987, 0.19322168827056885]]",False
early_neutral,3,2745,0.08530489836721093,-1,[0],"[[-0.9833812117576599, 0.006359889172017574], [-0.2049694061279297, -0.1583986133337021], [-0.30943113565444946, 0.01544399093836546], [-0.2013101577758789, 0.14831730723381042], [-0.24231275916099548, 0.19589801132678986]]",False
early_neutral,3,2746,0.08497167610796401,-1,[0],"[[-0.9833812117576599, 0.006359889172017574], [-0.2056284099817276, -0.15423531830310822], [-0.3086133897304535, 0.0163778867572546], [-0.20126909017562866, 0.1483294814825058], [-0.23868489265441895, 0.1981000155210495]]",False
early_neutral,3,2747,0.0846384538487171,-1,[0],"[[-0.9833812117576599, 0.006359889172017574], [-0.20573493838310242, -0.1500505656003952], [-0.3086133897304535, 0.0163778867572546], [-0.20039339363574982, 0.14861427247524261], [-0.2343260496854782, 0.1969856470823288]]",False
early_neutral,3,2748,0.08430523158947018,-1,[0],"[[-0.9833812117576599, 0.006359889172017574], [-0.2055104374885559, -0.14689022302627563], [-0.3086133897304535, 0.0163778867572546], [-0.19666223227977753, 0.1496562659740448], [-0.2298448532819748, 0.19425049424171448]]",False
early_neutral,3,2749,0.08397200933022327,-1,[0],"[[-0.9833812117576599, 0.006359889172017574], [-0.20549316704273224, -0.14667505025863647], [-0.3086133897304535, 0.0163778867572546], [-0.19141769409179688, 0.15078657865524292], [-0.2245119959115982, 0.19083936512470245]]",False
early_neutral,3,2750,0.08363878707097634,-1,[0],"[[-0.9833812117576599, 0.006359889172017574], [-0.2056364119052887, -0.1465093046426773], [-0.3086564242839813, 0.016882475465536118], [-0.18609510362148285, 0.1520536243915558], [-0.21956662833690643, 0.1868852972984314]]",False
early_neutral,3,2751,0.08330556481172942,-1,[0],"[[-0.9833812117576599, 0.006359889172017574], [-0.20713157951831818, -0.14454253017902374], [-0.30879056453704834, 0.019304431974887848], [-0.1824476271867752, 0.1536187082529068], [-0.2195838838815689, 0.1836039274930954]]",False
early_neutral,3,2752,0.08297234255248251,-1,[0],"[[-0.9833812117576599, 0.006359889172017574], [-0.2089395374059677, -0.14160078763961792], [-0.30884605646133423, 0.02263483963906765], [-0.18236827850341797, 0.15418951213359833], [-0.2237849235534668, 0.1812196969985962]]",False
early_neutral,3,2753,0.08263912029323559,-1,[0],"[[-0.9833812117576599, 0.006359889172017574], [-0.21208146214485168, -0.13838385045528412], [-0.31105828285217285, 0.02538188174366951], [-0.18590687215328217, 0.15468113124370575], [-0.22571849822998047, 0.1786622405052185]]",False
early_neutral,3,2754,0.08230589803398868,-1,[0],"[[-0.9833812117576599, 0.006359889172017574], [-0.21659669280052185, -0.1355527639389038], [-0.31617414951324463, 0.02637651190161705], [-0.1906985640525818, 0.15469324588775635], [-0.22635622322559357, 0.17762944102287292]]",False
early_neutral,3,2755,0.08197267577474175,-1,[0],"[[-0.9833812117576599, 0.006359889172017574], [-0.22062288224697113, -0.13301293551921844], [-0.32250943779945374, 0.027015766128897667], [-0.19655098021030426, 0.15355537831783295], [-0.2264585793018341, 0.17761465907096863]]",False
early_neutral,3,2756,0.08163945351549484,-1,[0],"[[-0.9833812117576599, 0.006359889172017574], [-0.22129686176776886, -0.13258065283298492], [-0.32918471097946167, 0.027368132025003433], [-0.20335325598716736, 0.15195637941360474], [-0.2272416204214096, 0.17954279482364655]]",False
early_neutral,3,2757,0.08130623125624792,-1,[0],"[[-0.9833812117576599, 0.006359889172017574], [-0.22129686176776886, -0.13258065283298492], [-0.336771160364151, 0.027389155700802803], [-0.21103759109973907, 0.15022078156471252], [-0.227847158908844, 0.18222163617610931]]",False
early_neutral,3,2758,0.080973008997001,-1,[0],"[[-0.9833812117576599, 0.006359889172017574], [-0.22129686176776886, -0.13258065283298492], [-0.3450547158718109, 0.027000779286026955], [-0.21969151496887207, 0.14830560982227325], [-0.22797630727291107, 0.18331103026866913]]",False
early_neutral,3,2759,0.08063978673775409,-1,[0],"[[-0.9833812117576599, 0.006359889172017574], [-0.22138841450214386, -0.13258594274520874], [-0.3541821241378784, 0.026299482211470604], [-0.22861209511756897, 0.1463932991027832], [-0.22797489166259766, 0.1833350956439972]]",False
early_neutral,3,2760,0.08030656447850716,-1,[0],"[[-0.9833812117576599, 0.006359889172017574], [-0.2239856719970703, -0.13260771334171295], [-0.3640350103378296, 0.02535753883421421], [-0.23823486268520355, 0.14440180361270905], [-0.22794631123542786, 0.1826603263616562]]",False
early_neutral,3,2761,0.07997334221926025,-1,[0],"[[-0.9833812117576599, 0.006359889172017574], [-0.22807367146015167, -0.13238169252872467], [-0.37365084886550903, 0.024316826835274696], [-0.24849048256874084, 0.14236612617969513], [-0.22794631123542786, 0.1826603263616562]]",False
early_neutral,3,2762,0.07964011996001333,-1,[0],"[[-0.9833812117576599, 0.006359889172017574], [-0.23352652788162231, -0.13185352087020874], [-0.3826925754547119, 0.023242905735969543], [-0.25892382860183716, 0.14040744304656982], [-0.22774341702461243, 0.18252348899841309]]",False
early_neutral,3,2763,0.0793068977007664,-1,[0],"[[-0.9833812117576599, 0.006359889172017574], [-0.23948869109153748, -0.13133323192596436], [-0.3914417326450348, 0.02211601473391056], [-0.2699044346809387, 0.13845126330852509], [-0.22543072700500488, 0.180979385972023]]",False
early_neutral,3,2764,0.0789736754415195,-1,[0],"[[-0.9833812117576599, 0.006359889172017574], [-0.245879665017128, -0.13085255026817322], [-0.3961121737957001, 0.021436937153339386], [-0.27914687991142273, 0.136900395154953], [-0.22208930552005768, 0.17878015339374542]]",False
early_neutral,3,2765,0.07864045318227257,-1,[0],"[[-0.9833812117576599, 0.006359889172017574], [-0.2522801160812378, -0.13045915961265564], [-0.3976917266845703, 0.02118678018450737], [-0.28819921612739563, 0.13520988821983337], [-0.21778197586536407, 0.1759708970785141]]",False
early_neutral,3,2766,0.07830723092302566,-1,[0],"[[-0.9833812117576599, 0.006359889172017574], [-0.25854840874671936, -0.13021230697631836], [-0.40141773223876953, 0.020375236868858337], [-0.29784759879112244, 0.1330965757369995], [-0.21283067762851715, 0.17272403836250305]]",False
early_neutral,3,2767,0.07797400866377874,-1,[0],"[[-0.9833812117576599, 0.006359889172017574], [-0.2649599015712738, -0.1301097720861435], [-0.4062046408653259, 0.01897590234875679], [-0.30791330337524414, 0.1306675374507904], [-0.21080279350280762, 0.17114870250225067]]",False
early_neutral,3,2768,0.07764078640453183,-1,[0],"[[-0.9833812117576599, 0.006359889172017574], [-0.27138617634773254, -0.13016347587108612], [-0.4123522937297821, 0.017460379749536514], [-0.31790855526924133, 0.12841281294822693], [-0.2106139063835144, 0.1709381490945816]]",False
early_neutral,3,2769,0.0773075641452849,-1,[0],"[[-0.9833812117576599, 0.006359889172017574], [-0.27766692638397217, -0.13046042621135712], [-0.41994762420654297, 0.01627674512565136], [-0.3284371495246887, 0.12628808617591858], [-0.21262814104557037, 0.17131419479846954]]",False
early_neutral,3,2770,0.07697434188603798,-1,[0],"[[-0.9833812117576599, 0.006359889172017574], [-0.2839447557926178, -0.13103383779525757], [-0.4287734031677246, 0.01544407568871975], [-0.3396630883216858, 0.1242283284664154], [-0.2168760746717453, 0.17176738381385803]]",False
early_neutral,3,2771,0.07664111962679107,-1,[0],"[[-0.9833812117576599, 0.006359889172017574], [-0.2902432084083557, -0.13188479840755463], [-0.4379088282585144, 0.014789179898798466], [-0.35147348046302795, 0.12213492393493652], [-0.22258400917053223, 0.1719086766242981]]",False
early_neutral,3,2772,0.07630789736754415,-1,[0],"[[-0.9833812117576599, 0.006359889172017574], [-0.29648661613464355, -0.1328124701976776], [-0.44706982374191284, 0.014305418357253075], [-0.36373084783554077, 0.12004856765270233], [-0.22967103123664856, 0.17197850346565247]]",False
early_neutral,3,2773,0.07597467510829724,-1,[0],"[[-0.9833812117576599, 0.006359889172017574], [-0.30264121294021606, -0.1336997151374817], [-0.4562316834926605, 0.01382816769182682], [-0.3752656579017639, 0.11831317842006683], [-0.23800227046012878, 0.17200559377670288]]",False
early_neutral,3,2774,0.07564145284905031,-1,[0],"[[-0.9833812117576599, 0.006359889172017574], [-0.30893149971961975, -0.13457907736301422], [-0.46539151668548584, 0.01333457138389349], [-0.3868543803691864, 0.11688581854104996], [-0.2471192330121994, 0.17307054996490479]]",False
early_neutral,3,2775,0.0753082305898034,-1,[0],"[[-0.9833812117576599, 0.006359889172017574], [-0.31523045897483826, -0.13539345562458038], [-0.4745415151119232, 0.012769774533808231], [-0.3976116478443146, 0.11585431545972824], [-0.25618889927864075, 0.17595873773097992]]",False
early_neutral,3,2776,0.07497500833055648,-1,[0],"[[-0.9833812117576599, 0.006359889172017574], [-0.3214156925678253, -0.1360822468996048], [-0.48367518186569214, 0.012102575041353703], [-0.40752220153808594, 0.1152358129620552], [-0.26542240381240845, 0.17933543026447296]]",False
early_neutral,3,2777,0.07464178607130956,-1,[0],"[[-0.9833812117576599, 0.006359889172017574], [-0.32778364419937134, -0.13667888939380646], [-0.49155399203300476, 0.011454966850578785], [-0.4170832335948944, 0.11493325978517532], [-0.2752212882041931, 0.18245388567447662]]",False
early_neutral,3,2778,0.07430856381206265,-1,[0],"[[-0.9833812117576599, 0.006359889172017574], [-0.334553062915802, -0.13720829784870148], [-0.49800872802734375, 0.010881518945097923], [-0.4262712895870209, 0.11478011310100555], [-0.2860455811023712, 0.18520332872867584]]",False
early_neutral,3,2779,0.07397534155281572,-1,[0],"[[-0.9833812117576599, 0.006359889172017574], [-0.34258562326431274, -0.1377514749765396], [-0.5054743885993958, 0.010205773636698723], [-0.43546193838119507, 0.11471977829933167], [-0.2976594865322113, 0.18767856061458588]]",False
early_neutral,3,2780,0.07364211929356881,-1,[0],"[[-0.9833812117576599, 0.006359889172017574], [-0.35162314772605896, -0.13827179372310638], [-0.5140993595123291, 0.009420410729944706], [-0.44465306401252747, 0.11471211165189743], [-0.30995646119117737, 0.1897505670785904]]",False
early_neutral,3,2781,0.07330889703432189,-1,[0],"[[-0.9833812117576599, 0.006359889172017574], [-0.36078181862831116, -0.1387743353843689], [-0.5232083201408386, 0.008622303605079651], [-0.45384424924850464, 0.11470817774534225], [-0.3228028416633606, 0.19140581786632538]]",False
early_neutral,3,2782,0.07297567477507498,-1,[0],"[[-0.9817871451377869, 0.006691817194223404], [-0.3699413537979126, -0.13927043974399567], [-0.5323318243026733, 0.007898377254605293], [-0.4630354344844818, 0.11470746994018555], [-0.3360295295715332, 0.1927148550748825]]",False
early_neutral,3,2783,0.07264245251582806,-1,[0],"[[-0.977604866027832, 0.007601025514304638], [-0.37909939885139465, -0.13977769017219543], [-0.5414685010910034, 0.007248322479426861], [-0.4722265899181366, 0.11470726132392883], [-0.3495331108570099, 0.19370539486408234]]",False
early_neutral,3,2784,0.07230923025658113,-1,[0],"[[-0.9720266461372375, 0.008887132629752159], [-0.3882530629634857, -0.14031748473644257], [-0.5506166219711304, 0.0066701071336865425], [-0.48141777515411377, 0.11470720171928406], [-0.3632439970970154, 0.19439318776130676]]",False
early_neutral,3,2785,0.07197600799733422,-1,[0],"[[-0.9651740193367004, 0.010554298758506775], [-0.3974014222621918, -0.14089371263980865], [-0.5597746968269348, 0.006163796875625849], [-0.49060896039009094, 0.11470720171928406], [-0.3771171271800995, 0.1947297602891922]]",False
early_neutral,3,2786,0.0716427857380873,-1,[0],"[[-0.957205057144165, 0.012602983973920345], [-0.406541109085083, -0.14152570068836212], [-0.5689433813095093, 0.005746584385633469], [-0.4998001158237457, 0.11470720171928406], [-0.3911004066467285, 0.19476065039634705]]",False
early_neutral,3,2787,0.07130956347884039,-1,[0],"[[-0.948587954044342, 0.014925654977560043], [-0.41567087173461914, -0.14221568405628204], [-0.5781214237213135, 0.005428357049822807], [-0.5089913606643677, 0.11470720171928406], [-0.40515461564064026, 0.19449853897094727]]",False
early_neutral,3,2788,0.07097634121959347,-1,[1],"[[-0.9394373893737793, 0.01746094971895218], [-0.4247935116291046, -0.14294476807117462], [-0.5873059034347534, 0.005201028194278479], [-0.5183252096176147, 0.11470720171928406], [-0.41924893856048584, 0.1939600110054016]]",False
early_neutral,3,2789,0.07064311896034656,-1,[1],"[[-0.9296120405197144, 0.020262030884623528], [-0.43391066789627075, -0.1437021791934967], [-0.5964938998222351, 0.005044511519372463], [-0.5283371806144714, 0.11470720171928406], [-0.43336179852485657, 0.1931840479373932]]",False
early_neutral,3,2790,0.07030989670109963,-1,[1],"[[-0.9197231531143188, 0.023186003789305687], [-0.4430236518383026, -0.14448073506355286], [-0.6057405471801758, 0.0049553317949175835], [-0.5390342473983765, 0.11470720171928406], [-0.4474741518497467, 0.19217543303966522]]",False
early_neutral,3,2791,0.06997667444185271,-1,[1],"[[-0.9093623161315918, 0.026356874033808708], [-0.45213592052459717, -0.1452627182006836], [-0.6156917214393616, 0.0049001001752913], [-0.5498524308204651, 0.11470720171928406], [-0.4615772068500519, 0.19097475707530975]]",False
early_neutral,3,2792,0.0696434521826058,-1,[1],"[[-0.898565411567688, 0.0298256054520607], [-0.4612475037574768, -0.1460481733083725], [-0.6264230012893677, 0.004871543031185865], [-0.5612893104553223, 0.11470720171928406], [-0.47566109895706177, 0.18959417939186096]]",False
early_neutral,3,2793,0.06931022992335888,-1,[1],"[[-0.8876255750656128, 0.03381916135549545], [-0.4703563451766968, -0.1468469351530075], [-0.6361783146858215, 0.004852814134210348], [-0.5733283162117004, 0.11470720171928406], [-0.4897223114967346, 0.18805857002735138]]",False
early_neutral,3,2794,0.06897700766411197,-1,[1],"[[-0.8767040371894836, 0.0383317656815052], [-0.47946178913116455, -0.14766180515289307], [-0.6453692317008972, 0.004809546750038862], [-0.5858744382858276, 0.11470720171928406], [-0.5037614703178406, 0.1863982081413269]]",False
early_neutral,3,2795,0.06864378540486504,-1,[1],"[[-0.865854024887085, 0.04326825961470604], [-0.4867803752422333, -0.14832870662212372], [-0.6545600891113281, 0.004760116804391146], [-0.5988205075263977, 0.11470720171928406], [-0.5177933573722839, 0.18468217551708221]]",False
early_neutral,3,2796,0.06831056314561813,-1,[1],"[[-0.8552185297012329, 0.048648204654455185], [-0.4931490421295166, -0.14892297983169556], [-0.6637510061264038, 0.004793429281562567], [-0.6120797991752625, 0.11470720171928406], [-0.5319074392318726, 0.18325510621070862]]",False
early_neutral,3,2797,0.06797734088637121,-1,[1],"[[-0.8450179100036621, 0.05454491078853607], [-0.49972084164619446, -0.14954550564289093], [-0.6729400157928467, 0.004921111278235912], [-0.6255826950073242, 0.11470720171928406], [-0.5460975766181946, 0.18216639757156372]]",False
early_neutral,3,2798,0.06764411862712429,-1,[1],"[[-0.8355698585510254, 0.061071306467056274], [-0.5074687600135803, -0.15026941895484924], [-0.6821255683898926, 0.005129481665790081], [-0.6392741203308105, 0.11470720171928406], [-0.560352087020874, 0.18149717152118683]]",False
early_neutral,3,2799,0.06731089636787738,-1,[1],"[[-0.8273253440856934, 0.06758240610361099], [-0.5162832140922546, -0.15107782185077667], [-0.6913065314292908, 0.005410699173808098], [-0.6531107425689697, 0.11470720171928406], [-0.574643075466156, 0.18129442632198334]]",False
early_neutral,3,2800,0.06697767410863045,-1,[1],"[[-0.8222368359565735, 0.0723128467798233], [-0.5231019854545593, -0.15168732404708862], [-0.7004818320274353, 0.0057610515505075455], [-0.6670587062835693, 0.11470720171928406], [-0.5889397263526917, 0.18141457438468933]]",False
early_neutral,3,2801,0.06664445184938354,-1,[1],"[[-0.8217414021492004, 0.07556115835905075], [-0.5294803977012634, -0.15223538875579834], [-0.7096513509750366, 0.006171423476189375], [-0.6810922026634216, 0.11470720171928406], [-0.6032387018203735, 0.1815020591020584]]",False
early_neutral,3,2802,0.06631122959013662,-1,[1],"[[-0.8253331184387207, 0.07731752842664719], [-0.5358624458312988, -0.15276527404785156], [-0.7188150882720947, 0.006632823962718248], [-0.6951911449432373, 0.11470720171928406], [-0.6175393462181091, 0.1815250962972641]]",False
early_neutral,3,2803,0.06597800733088971,-2,[1],"[[-0.8311862945556641, 0.07702614367008209], [-0.5420893430709839, -0.15326789021492004], [-0.7279847860336304, 0.0070411222986876965], [-0.7093401551246643, 0.11470720171928406], [-0.6318355798721313, 0.18128494918346405]]",False
early_neutral,3,2804,0.06564478507164279,-2,[1],"[[-1.0110293626785278, -0.0], [-0.0010930403368547559, 0.02032535709440708], [-2.9379668142759385e-10, -0.01899811439216137], [-0.10110294073820114, -0.10162678360939026], [-0.10110294073820114, 0.10162678360939026]]",False
early_neutral,3,2805,0.06531156281239586,-2,[1],"[[-1.008984923362732, 1.5601854877478338e-11], [-0.0038295648992061615, 0.020310766994953156], [-7.116114364436044e-10, -0.016071904450654984], [-0.10140647739171982, -0.10027694702148438], [-0.1019066572189331, 0.10262481123209]]",False
early_neutral,3,2806,0.06497834055314895,-2,[1],"[[-1.004421353340149, 3.7847926181999725e-11], [-0.005238499492406845, 0.020274898037314415], [-8.495967818156203e-10, -0.012455571442842484], [-0.10165777802467346, -0.09748697280883789], [-0.10347037762403488, 0.10503936558961868]]",False
early_neutral,3,2807,0.06464511829390203,-2,[0],"[[-0.9983590841293335, -8.746363355793818e-11], [-0.005382857285439968, 0.020458627492189407], [-8.52492798575355e-10, -0.00894969329237938], [-0.10150004178285599, -0.09416618198156357], [-0.10505001246929169, 0.10833682864904404]]",False
early_neutral,3,2808,0.06431189603465512,-2,[0],"[[-0.9909108877182007, -6.511112204954372e-10], [-0.005947714205831289, 0.022574007511138916], [-8.565472775501348e-10, -0.005646991077810526], [-0.10141351073980331, -0.09286263585090637], [-0.10681095719337463, 0.11237223446369171]]",True
early_neutral,3,2809,0.0639786737754082,-2,[0],"[[-0.9822273254394531, -9.309642501342807e-10], [-0.006981737446039915, 0.02555270493030548], [-8.468152290497244e-10, -0.0036671501584351063], [-0.10138270258903503, -0.092736154794693], [-0.10875757783651352, 0.1170182004570961]]",True
early_neutral,3,2810,0.06364545151616129,-2,[0],"[[-0.9728665351867676, 7.193423243734287e-06], [-0.008643100038170815, 0.029313616454601288], [-8.431752518411884e-10, -0.0023888053838163614], [-0.09955578297376633, -0.09410177916288376], [-0.11078213900327682, 0.1220591813325882]]",True
early_neutral,3,2811,0.06331222925691436,-2,[0],"[[-0.9628322720527649, 3.248780558351427e-05], [-0.010938592255115509, 0.03353097289800644], [-8.653075478370909e-10, -0.001405887072905898], [-0.09675222635269165, -0.09636826813220978], [-0.11283805966377258, 0.12776784598827362]]",True
early_neutral,3,2812,0.06297900699766744,-2,[0],"[[-0.9520610570907593, 7.850636029615998e-05], [-0.01394047774374485, 0.038144610822200775], [-0.0003780924598686397, -0.001506424741819501], [-0.09324715286493301, -0.09937623143196106], [-0.1144799217581749, 0.13365185260772705]]",True
early_neutral,3,2813,0.06264578473842053,-2,[0],"[[-0.9411684274673462, 0.00013246573507785797], [-0.017730189487338066, 0.04313568025827408], [-0.0008713671704754233, -0.0019356966949999332], [-0.08888605237007141, -0.1030365377664566], [-0.11571366339921951, 0.13957837224006653]]",True
early_neutral,3,2814,0.062312562479173605,-2,[0],"[[-0.9296567440032959, 0.00019459221221040934], [-0.02216893434524536, 0.04852171614766121], [-0.0010383286280557513, -0.0024167117662727833], [-0.08370848000049591, -0.10726514458656311], [-0.11696736514568329, 0.14550329744815826]]",True
early_neutral,3,2815,0.06197934021992669,-2,[0],"[[-0.9175586700439453, 0.00026242368039675057], [-0.02724114991724491, 0.05431820824742317], [-0.0010795019334182143, -0.002910229144617915], [-0.07791928201913834, -0.11198295652866364], [-0.11832680553197861, 0.15141834318637848]]",False
early_neutral,3,2816,0.06164611796067977,-2,[0],"[[-0.904969334602356, 0.0003343455900903791], [-0.03090696595609188, 0.05940758436918259], [-0.001147582195699215, -0.00346084451302886], [-0.07161275297403336, -0.1171480268239975], [-0.11975760012865067, 0.15734557807445526]]",False
early_neutral,3,2817,0.061312895701432855,-2,[0],"[[-0.8920505046844482, 0.0005936634843237698], [-0.031540144234895706, 0.06146133691072464], [-0.001215668860822916, -0.004011465702205896], [-0.06538024544715881, -0.12181469053030014], [-0.1213279739022255, 0.1636970341205597]]",False
early_neutral,3,2818,0.06097967344218594,-2,[0],"[[-0.8800655007362366, 0.002798841567710042], [-0.031106209382414818, 0.06167658790946007], [-0.0012786475708708167, -0.004520789720118046], [-0.058608528226614, -0.12585429847240448], [-0.12297173589468002, 0.17003652453422546]]",False
early_neutral,3,2819,0.06064645118293902,-2,[0],"[[-0.8690344095230103, 0.006792019121348858], [-0.030924778431653976, 0.06178990378975868], [-0.000621404149569571, -0.004743426106870174], [-0.05123812332749367, -0.1294248104095459], [-0.12477382272481918, 0.17590107023715973]]",True
early_neutral,3,2820,0.060313228923692105,-2,[0],"[[-0.8573997020721436, 0.010517651215195656], [-0.030924778431653976, 0.06178990378975868], [0.0028892236296087503, -0.004882496315985918], [-0.043520260602235794, -0.13267096877098083], [-0.12681429088115692, 0.18164266645908356]]",True
early_neutral,3,2821,0.05998000666444518,-2,[0],"[[-0.8448104858398438, 0.013224934227764606], [-0.030924778431653976, 0.06178990378975868], [0.007800542749464512, -0.005282219965010881], [-0.035552576184272766, -0.13559244573116302], [-0.12854790687561035, 0.1858520358800888]]",True
early_neutral,3,2822,0.059646784405198265,-2,[0],"[[-0.8316236138343811, 0.01508121844381094], [-0.030247678980231285, 0.06154496595263481], [0.01403595507144928, -0.005869723856449127], [-0.029060810804367065, -0.13704383373260498], [-0.1304701268672943, 0.18984714150428772]]",True
early_neutral,3,2823,0.05931356214595135,-2,[0],"[[-0.8180912733078003, 0.016304321587085724], [-0.02944893389940262, 0.06123211979866028], [0.02152431569993496, -0.006564502604305744], [-0.022643808275461197, -0.13696523010730743], [-0.13188999891281128, 0.19255293905735016]]",True
early_neutral,3,2824,0.05898033988670443,-2,[0],"[[-0.804331362247467, 0.016936341300606728], [-0.028929349035024643, 0.061093978583812714], [0.030130494385957718, -0.0073286378756165504], [-0.01630222052335739, -0.13650275766849518], [-0.13194066286087036, 0.1926487535238266]]",True
early_neutral,3,2825,0.058647117627457515,-2,[0],"[[-0.7904527187347412, 0.01735560968518257], [-0.02847979962825775, 0.06119055673480034], [0.03971073403954506, -0.00810058880597353], [-0.010296938940882683, -0.13572724163532257], [-0.13219231367111206, 0.19294463098049164]]",False
early_neutral,3,2826,0.0583138953682106,-2,[0],"[[-0.7764914631843567, 0.01763480342924595], [-0.027994822710752487, 0.06164392828941345], [0.05004655197262764, -0.00889154989272356], [-0.004421396180987358, -0.13463854789733887], [-0.13383550941944122, 0.19493716955184937]]",False
early_neutral,3,2827,0.05798067310896368,-2,[0],"[[-0.7640160322189331, 0.017827119678258896], [-0.027509836480021477, 0.062097303569316864], [0.06059623882174492, -0.009872347116470337], [-0.0025917619932442904, -0.1343357264995575], [-0.13602375984191895, 0.19771021604537964]]",False
early_neutral,3,2828,0.05764745084971676,-2,[0],"[[-0.7560251951217651, 0.017950303852558136], [-0.027073349803686142, 0.062505342066288], [0.07172907888889313, -0.011106682009994984], [-0.001549733686260879, -0.13424266874790192], [-0.13868170976638794, 0.2012924700975418]]",False
early_neutral,3,2829,0.05731422859046984,-2,[0],"[[-0.7504836320877075, 0.018035730347037315], [-0.0273000355809927, 0.062237679958343506], [0.08344028145074844, -0.012492191977798939], [0.0020982883870601654, -0.13374431431293488], [-0.14131292700767517, 0.20511280000209808]]",False
early_neutral,3,2830,0.056981006331222925,-2,[0],"[[-0.7475432753562927, 0.01808105781674385], [-0.029334770515561104, 0.060340240597724915], [0.09566257894039154, -0.01394618395715952], [0.0069944425486028194, -0.13274462521076202], [-0.14374524354934692, 0.2089882791042328]]",False
early_neutral,3,2831,0.05664778407197601,-2,[0],"[[-0.747990071773529, 0.017998849973082542], [-0.03256722912192345, 0.05779675394296646], [0.10829012840986252, -0.01545130368322134], [0.01306991372257471, -0.13141676783561707], [-0.1458686888217926, 0.2129397988319397]]",False
early_neutral,3,2832,0.05631456181272909,-2,[0],"[[-0.7515185475349426, 0.017541049048304558], [-0.0367567278444767, 0.05455605685710907], [0.12124554067850113, -0.01696055568754673], [0.019858071580529213, -0.13009341061115265], [-0.14765657484531403, 0.21696077287197113]]",False
early_neutral,3,2833,0.055981339553482175,-2,[0],"[[-0.7562562227249146, 0.016607536002993584], [-0.04168277978897095, 0.05059117451310158], [0.13446035981178284, -0.0184576828032732], [0.026821250095963478, -0.12874703109264374], [-0.14882001280784607, 0.2210758924484253]]",False
early_neutral,3,2834,0.05564811729423526,-2,[0],"[[-0.7622790932655334, 0.015315733850002289], [-0.04616715759038925, 0.047040458768606186], [0.14776408672332764, -0.020001959055662155], [0.03245500475168228, -0.12759241461753845], [-0.14923125505447388, 0.22525152564048767]]",False
early_neutral,3,2835,0.055314895034988334,-2,[0],"[[-0.769372820854187, 0.013745604082942009], [-0.05054423585534096, 0.04397277161478996], [0.15866287052631378, -0.021898088976740837], [0.03812200948596001, -0.12630969285964966], [-0.14783482253551483, 0.22912870347499847]]",False
early_neutral,3,2836,0.05498167277574142,-2,[0],"[[-0.7770284414291382, 0.011998146772384644], [-0.054597873240709305, 0.04130388796329498], [0.16623112559318542, -0.02562761679291725], [0.044831037521362305, -0.12479110062122345], [-0.1442062258720398, 0.2323412150144577]]",False
early_neutral,3,2837,0.0546484505164945,-2,[0],"[[-0.7855287790298462, 0.01001246552914381], [-0.05578402802348137, 0.040306102484464645], [0.17142094671726227, -0.02915794774889946], [0.05059293657541275, -0.12354333698749542], [-0.1395823061466217, 0.23511193692684174]]",False
early_neutral,3,2838,0.054315228257247584,-2,[0],"[[-0.79475337266922, 0.00783346313983202], [-0.05584826320409775, 0.04020598903298378], [0.1756385713815689, -0.03272811323404312], [0.0544072762131691, -0.12372998893260956], [-0.13371941447257996, 0.2359946072101593]]",False
early_neutral,3,2839,0.05398200599800067,-2,[0],"[[-0.80430668592453, 0.005558675620704889], [-0.05312684178352356, 0.04071228951215744], [0.17896972596645355, -0.035489145666360855], [0.0575324147939682, -0.12585662305355072], [-0.12734968960285187, 0.23559865355491638]]",False
early_neutral,3,2840,0.05364878373875375,-2,[0],"[[-0.8114138245582581, 0.0038551108445972204], [-0.04862512648105621, 0.04126006364822388], [0.18152233958244324, -0.03730979561805725], [0.06044399365782738, -0.12920443713665009], [-0.12101276218891144, 0.23493093252182007]]",False
early_neutral,3,2841,0.053315561479506834,-2,[0],"[[-0.8179193139076233, 0.0022852567490190268], [-0.04265255853533745, 0.04160025343298912], [0.18360742926597595, -0.03889860585331917], [0.06365282833576202, -0.13314121961593628], [-0.11481191217899323, 0.23425284028053284]]",False
early_neutral,3,2842,0.05298233922025991,-2,[0],"[[-0.8214163184165955, 0.00016557739581912756], [-0.035306163132190704, 0.04159929230809212], [0.18662254512310028, -0.04213548079133034], [0.06668467819690704, -0.1370430290699005], [-0.10847349464893341, 0.233534574508667]]",False
early_neutral,3,2843,0.052649116961012994,-2,[0],"[[-0.8207992911338806, -0.00323498179204762], [-0.026917126029729843, 0.040996063500642776], [0.19017349183559418, -0.0459476076066494], [0.06982287019491196, -0.14061032235622406], [-0.1021377295255661, 0.2328069657087326]]",False
early_neutral,3,2844,0.05231589470176608,-2,[0],"[[-0.8185802698135376, -0.007288319990038872], [-0.02140841633081436, 0.03903782740235329], [0.19446851313114166, -0.04951341822743416], [0.07372606545686722, -0.1425115019083023], [-0.09595482796430588, 0.2321140319108963]]",False
early_neutral,3,2845,0.05198267244251916,-2,[0],"[[-0.8157634139060974, -0.012116692028939724], [-0.0202910378575325, 0.03566241264343262], [0.20070688426494598, -0.05158840864896774], [0.07839201390743256, -0.14418718218803406], [-0.0896097794175148, 0.23142093420028687]]",False
early_neutral,3,2846,0.051649450183272244,-2,[0],"[[-0.8124238848686218, -0.017583882436156273], [-0.01985134929418564, 0.03153008595108986], [0.20861080288887024, -0.05299346148967743], [0.08307189494371414, -0.14586268365383148], [-0.08441861718893051, 0.2308400422334671]]",False
early_neutral,3,2847,0.05131622792402533,-2,[0],"[[-0.8088253736495972, -0.02324332669377327], [-0.0195698793977499, 0.02734760381281376], [0.21751053631305695, -0.05428849160671234], [0.08717295527458191, -0.14757587015628815], [-0.08379623293876648, 0.23073020577430725]]",False
early_neutral,3,2848,0.050983005664778404,-2,[0],"[[-0.8047890067100525, -0.029360903427004814], [-0.01879967376589775, 0.023176804184913635], [0.2265431433916092, -0.055393069982528687], [0.09190396964550018, -0.14965049922466278], [-0.08379623293876648, 0.23073020577430725]]",False
early_neutral,3,2849,0.05064978340553149,-2,[0],"[[-0.8004335761070251, -0.03574885055422783], [-0.014503203332424164, 0.019288189709186554], [0.23541951179504395, -0.056348640471696854], [0.09773895889520645, -0.15215176343917847], [-0.08379623293876648, 0.23073020577430725]]",True
early_neutral,3,2850,0.05031656114628457,-2,[0],"[[-0.795774519443512, -0.04232051223516464], [-0.007982801645994186, 0.01572621613740921], [0.24250845611095428, -0.056787192821502686], [0.10365988314151764, -0.154705211520195], [-0.08379623293876648, 0.23073020577430725]]",True
early_neutral,3,2851,0.049983338887037654,-2,[0],"[[-0.7908288836479187, -0.04908457770943642], [-0.0006153396097943187, 0.012054333463311195], [0.24862778186798096, -0.0554891861975193], [0.11021255701780319, -0.15767434239387512], [-0.08379623293876648, 0.23073020577430725]]",True
early_neutral,3,2852,0.04965011662779074,-2,[0],"[[-0.7873154878616333, -0.05386894568800926], [0.007434650789946318, 0.008108078502118587], [0.2557191252708435, -0.053663428872823715], [0.11623543500900269, -0.16043823957443237], [-0.08379623293876648, 0.23073020577430725]]",True
early_neutral,3,2853,0.04931689436854382,-2,[0],"[[-0.7863155007362366, -0.055230747908353806], [0.01596916653215885, 0.003935558255761862], [0.2637299597263336, -0.0513276644051075], [0.12139633297920227, -0.16331414878368378], [-0.08379623293876648, 0.23073020577430725]]",True
early_neutral,3,2854,0.048983672109296904,-2,[0],"[[-0.7873479723930359, -0.05376845970749855], [0.02471943572163582, -0.0004287655756343156], [0.27211183309555054, -0.048875197768211365], [0.1257476508617401, -0.1666993796825409], [-0.08379623293876648, 0.23073020577430725]]",False
early_neutral,3,2855,0.04865044985004998,-2,[0],"[[-0.7891994118690491, -0.05120221897959709], [0.03393648564815521, -0.005097797606140375], [0.28067323565483093, -0.046701159328222275], [0.13029320538043976, -0.16967462003231049], [-0.08379623293876648, 0.23073020577430725]]",False
early_neutral,3,2856,0.048317227590803064,-2,[0],"[[-0.7916719317436218, -0.04784495756030083], [0.04380887746810913, -0.009836799465119839], [0.2884661555290222, -0.0447932593524456], [0.13423286378383636, -0.17257249355316162], [-0.08379623293876648, 0.23073020577430725]]",False
early_neutral,3,2857,0.04798400533155615,-2,[0],"[[-0.7947475910186768, -0.04368516430258751], [0.05448221415281296, -0.01437382586300373], [0.29132771492004395, -0.04385052248835564], [0.135095477104187, -0.17505444586277008], [-0.08367589861154556, 0.23069952428340912]]",False
early_neutral,3,2858,0.04765078307230923,-2,[0],"[[-0.7983697056770325, -0.03880070149898529], [0.06573828309774399, -0.018770553171634674], [0.29077795147895813, -0.044042494148015976], [0.1327689290046692, -0.17742042243480682], [-0.08083461970090866, 0.2298768311738968]]",False
early_neutral,3,2859,0.047317560813062313,-2,[0],"[[-0.8024148941040039, -0.033352550119161606], [0.07740433514118195, -0.02308993600308895], [0.29014095664024353, -0.044262729585170746], [0.12915101647377014, -0.18029318749904633], [-0.07664769142866135, 0.2284465730190277]]",False
early_neutral,3,2860,0.0469843385538154,-2,[0],"[[-0.806840181350708, -0.027395378798246384], [0.0889601856470108, -0.02716853842139244], [0.28950241208076477, -0.04447099566459656], [0.1245599016547203, -0.18372784554958344], [-0.07289160043001175, 0.22612257301807404]]",False
early_neutral,3,2861,0.04665111629456848,-2,[0],"[[-0.8114948272705078, -0.021131206303834915], [0.09736742824316025, -0.030118700116872787], [0.2889806628227234, -0.04461805894970894], [0.1200527623295784, -0.1871139258146286], [-0.07302294671535492, 0.2228873372077942]]",False
early_neutral,3,2862,0.046317894035321557,-2,[0],"[[-0.8163252472877502, -0.014631777070462704], [0.10306012630462646, -0.03211631253361702], [0.2889806628227234, -0.04461805894970894], [0.11624016612768173, -0.19048500061035156], [-0.07424291223287582, 0.21909421682357788]]",False
early_neutral,3,2863,0.04598467177607464,-2,[0],"[[-0.8212025165557861, -0.008070854470133781], [0.10705126821994781, -0.03351683169603348], [0.2889806628227234, -0.04461805894970894], [0.11304935812950134, -0.1937478631734848], [-0.07181404531002045, 0.21671372652053833]]",False
early_neutral,3,2864,0.04565144951682772,-2,[0],"[[-0.8243923783302307, -0.0037804595194756985], [0.10866224020719528, -0.034004442393779755], [0.2893740236759186, -0.044626735150814056], [0.1122259572148323, -0.19460901618003845], [-0.06638734042644501, 0.21558216214179993]]",False
early_neutral,3,2865,0.045318227257580806,-2,[0],"[[-0.8264438509941101, -0.001021948060952127], [0.10772890597581863, -0.03223913162946701], [0.29231756925582886, -0.045289047062397], [0.1122259572148323, -0.19460901618003845], [-0.06011420488357544, 0.21465331315994263]]",False
early_neutral,3,2866,0.04498500499833389,-2,[0],"[[-0.8272238373756409, -1.5304971384466626e-05], [0.10590117424726486, -0.02955704554915428], [0.29669004678726196, -0.04625966027379036], [0.1122259572148323, -0.19460901618003845], [-0.05379427969455719, 0.21387019753456116]]",True
early_neutral,3,2867,0.04465178273908697,-2,[0],"[[-0.8274385333061218, 0.00019060572958551347], [0.10531158745288849, -0.026329955086112022], [0.3022286891937256, -0.0474415197968483], [0.1122259572148323, -0.19460901618003845], [-0.04744206368923187, 0.21320609748363495]]",True
early_neutral,3,2868,0.044318560479840056,-2,[0],"[[-0.8274496793746948, 0.0001998318766709417], [0.10867719352245331, -0.023340750485658646], [0.3086819350719452, -0.047577548772096634], [0.11303567886352539, -0.1939329355955124], [-0.04124007746577263, 0.21258066594600677]]",True
early_neutral,3,2869,0.04398533822059313,-2,[0],"[[-0.8274496793746948, 0.0001998318766709417], [0.11364187300205231, -0.02024516463279724], [0.3160998523235321, -0.047479160130023956], [0.11536680907011032, -0.19165468215942383], [-0.03488069400191307, 0.21195489168167114]]",True
early_neutral,3,2870,0.043652115961346216,-2,[0],"[[-0.8274496793746948, 0.0001998318766709417], [0.11988013982772827, -0.016939818859100342], [0.32421472668647766, -0.0474601574242115], [0.11797339469194412, -0.18838533759117126], [-0.02851533703505993, 0.21135304868221283]]",True
early_neutral,3,2871,0.0433188937020993,-2,[0],"[[-0.8274496793746948, 0.0001998318766709417], [0.12742367386817932, -0.013629356399178505], [0.3333466053009033, -0.04753287509083748], [0.12101609259843826, -0.18469908833503723], [-0.022244593128561974, 0.21085113286972046]]",True
early_neutral,3,2872,0.04298567144285238,-2,[0],"[[-0.8274496793746948, 0.0001998318766709417], [0.13598385453224182, -0.010450991801917553], [0.34249264001846313, -0.04590821638703346], [0.12468834221363068, -0.1812642216682434], [-0.015893271192908287, 0.2104494571685791]]",True
early_neutral,3,2873,0.042652449183605466,-2,[0],"[[-0.8274496793746948, 0.0001998318766709417], [0.14557310938835144, -0.007382799405604601], [0.35167115926742554, -0.04547472670674324], [0.12889908254146576, -0.17810040712356567], [-0.009636294096708298, 0.21015340089797974]]",True
early_neutral,3,2874,0.04231922692435855,-2,[0],"[[-0.8274496793746948, 0.0001998318766709417], [0.15607155859470367, -0.004470632877200842], [0.3609345555305481, -0.045494161546230316], [0.13346058130264282, -0.17514918744564056], [-0.007429493125528097, 0.21006499230861664]]",True
early_neutral,3,2875,0.04198600466511163,-2,[1],"[[-0.8274496793746948, 0.0001998318766709417], [0.1674046516418457, -0.001777992700226605], [0.37027809023857117, -0.04557221010327339], [0.1383381485939026, -0.1724204570055008], [-0.007429493125528097, 0.21006499230861664]]",True
early_neutral,3,2876,0.04165278240586471,-2,[1],"[[-0.8274496793746948, 0.0001998318766709417], [0.17949412763118744, 0.000507595541421324], [0.37918704748153687, -0.045640476047992706], [0.1435440629720688, -0.16996259987354279], [-0.007429493125528097, 0.21006499230861664]]",True
early_neutral,3,2877,0.04131956014661779,-2,[1],"[[-0.8274496793746948, 0.0001998318766709417], [0.19211021065711975, 0.0025551102589815855], [0.3870879113674164, -0.045547157526016235], [0.14905694127082825, -0.1678066998720169], [-0.007429493125528097, 0.21006499230861664]]",True
early_neutral,3,2878,0.040986337887370876,-2,[1],"[[-0.8274496793746948, 0.0001998318766709417], [0.20516647398471832, 0.004285809583961964], [0.3966330289840698, -0.045568231493234634], [0.15524601936340332, -0.16580897569656372], [-0.007429493125528097, 0.21006499230861664]]",True
early_neutral,3,2879,0.04065311562812396,-2,[1],"[[-0.8274496793746948, 0.0001998318766709417], [0.21688543260097504, 0.005664751399308443], [0.4068286418914795, -0.04560452327132225], [0.16277837753295898, -0.16378861665725708], [-0.007429493125528097, 0.21006499230861664]]",True
early_neutral,3,2880,0.04031989336887704,-2,[1],"[[-0.8274496793746948, 0.0001998318766709417], [0.22595596313476562, 0.006788626778870821], [0.41751399636268616, -0.04564528912305832], [0.17139515280723572, -0.16190287470817566], [-0.007020175457000732, 0.21032999455928802]]",True
early_neutral,3,2881,0.039986671109630126,-2,[1],"[[-0.8274496793746948, 0.0001998318766709417], [0.2349662184715271, 0.007968981750309467], [0.42888343334198, -0.0456903800368309], [0.18017488718032837, -0.16013367474079132], [-0.004747860599309206, 0.21170814335346222]]",True
early_neutral,3,2882,0.0396534488503832,-2,[1],"[[-0.8274496793746948, 0.0001998318766709417], [0.24392637610435486, 0.009300630539655685], [0.4408736228942871, -0.04572730138897896], [0.18899749219417572, -0.1584572196006775], [-0.0014342614449560642, 0.21355120837688446]]",True
early_neutral,3,2883,0.039320226591136286,-2,[1],"[[-0.8274496793746948, 0.0001998318766709417], [0.25282609462738037, 0.010794071480631828], [0.4532864987850189, -0.04574067145586014], [0.1957971602678299, -0.15709678828716278], [0.0030164578929543495, 0.2158452868461609]]",True
early_neutral,3,2884,0.03898700433188937,-2,[1],"[[-0.8274496793746948, 0.0001998318766709417], [0.2616763114929199, 0.01240777038037777], [0.46531739830970764, -0.04668721184134483], [0.20183195173740387, -0.15564657747745514], [0.007945128716528416, 0.21820570528507233]]",True
early_neutral,3,2885,0.03865378207264245,-2,[1],"[[-0.8274496793746948, 0.0001998318766709417], [0.2704835832118988, 0.014118021354079247], [0.477783203125, -0.047852884978055954], [0.20698049664497375, -0.15377631783485413], [0.013256270438432693, 0.2205682098865509]]",True
early_neutral,3,2886,0.038320559813395536,-2,[1],"[[-0.8274496793746948, 0.0001998318766709417], [0.2795909345149994, 0.015779048204421997], [0.4909045100212097, -0.047852370887994766], [0.20815272629261017, -0.15052832663059235], [0.016929123550653458, 0.22213776409626007]]",True
early_neutral,3,2887,0.03798733755414862,-2,[1],"[[-0.8274496793746948, 0.0001998318766709417], [0.28973716497421265, 0.017006583511829376], [0.5042099356651306, -0.0477919839322567], [0.20746378600597382, -0.1463833749294281], [0.017058853060007095, 0.2221939116716385]]",True
early_neutral,3,2888,0.0376541152949017,-2,[1],"[[-0.8274496793746948, 0.0001998318766709417], [0.30077147483825684, 0.017693137750029564], [0.5177189707756042, -0.047595299780368805], [0.20680883526802063, -0.14148099720478058], [0.017058853060007095, 0.2221939116716385]]",True
early_neutral,3,2889,0.03732089303565478,-2,[1],"[[-0.8274496793746948, 0.0001998318766709417], [0.3125377893447876, 0.01816086657345295], [0.5313913822174072, -0.04732676222920418], [0.206525057554245, -0.13579612970352173], [0.017058853060007095, 0.2221939116716385]]",True
early_neutral,3,2890,0.03698767077640786,-2,[1],"[[-0.8274496793746948, 0.0001998318766709417], [0.3249003291130066, 0.01842253841459751], [0.5452030301094055, -0.047121819108724594], [0.20672109723091125, -0.12977086007595062], [0.017058853060007095, 0.2221939116716385]]",True
early_neutral,3,2891,0.036654448517160945,-2,[1],"[[-0.8274496793746948, 0.0001998318766709417], [0.3377280533313751, 0.018548306077718735], [0.559110701084137, -0.04637308418750763], [0.20744836330413818, -0.12343395501375198], [0.01856701262295246, 0.22344335913658142]]",True
early_neutral,3,2892,0.03632122625791403,-2,[1],"[[-0.8274496793746948, 0.0001998318766709417], [0.35091692209243774, 0.01863625831902027], [0.5730320811271667, -0.044784530997276306], [0.20869651436805725, -0.11664582043886185], [0.021219901740550995, 0.225685253739357]]",True
early_neutral,3,2893,0.03598800399866711,-2,[1],"[[-0.8274496793746948, 0.0001998318766709417], [0.3643866181373596, 0.01868806593120098], [0.5865507125854492, -0.044746652245521545], [0.21048931777477264, -0.10977496206760406], [0.02373596280813217, 0.22785070538520813]]",True
early_neutral,3,2894,0.035654781739420195,-2,[1],"[[-0.8274496793746948, 0.0001998318766709417], [0.3780730366706848, 0.018738623708486557], [0.599884033203125, -0.0447668693959713], [0.21289360523223877, -0.1025596633553505], [0.02384849078953266, 0.22794783115386963]]",True
early_neutral,3,2895,0.03532155948017328,-2,[1],"[[-0.8274496793746948, 0.0001998318766709417], [0.3919261395931244, 0.01879272051155567], [0.6134291887283325, -0.044918738305568695], [0.21584230661392212, -0.09501907229423523], [0.023886164650321007, 0.22797927260398865]]",True
early_neutral,3,2896,0.034988337220926355,-2,[1],"[[-0.8274496793746948, 0.0001998318766709417], [0.4059070646762848, 0.01885259337723255], [0.627137303352356, -0.04517369717359543], [0.21964965760707855, -0.08728597313165665], [0.0254219863563776, 0.22906440496444702]]",True
early_neutral,3,2897,0.03465511496167944,-2,[1],"[[-0.8274496793746948, 0.0001998318766709417], [0.41998565196990967, 0.018920036032795906], [0.6409741044044495, -0.045392848551273346], [0.22432297468185425, -0.07946623861789703], [0.02827596105635166, 0.230699822306633]]",True
early_neutral,3,2898,0.03432189270243252,-2,[1],"[[-0.8274496793746948, 0.0001998318766709417], [0.43413877487182617, 0.01899520680308342], [0.6546998023986816, -0.04513578861951828], [0.22988742589950562, -0.07166590541601181], [0.03249869495630264, 0.23270098865032196]]",True
early_neutral,3,2899,0.033988670443185605,-2,[1],"[[-0.8274496793746948, 0.0001998318766709417], [0.44834867119789124, 0.019079037010669708], [0.6669700741767883, -0.04496477171778679], [0.2364429086446762, -0.06400955468416214], [0.037458471953868866, 0.23478645086288452]]",False
early_neutral,3,2900,0.03365544818393869,-2,[1],"[[-0.8274496793746948, 0.0001998318766709417], [0.46260175108909607, 0.019170336425304413], [0.6765897274017334, -0.04552977532148361], [0.24383556842803955, -0.056532010436058044], [0.043023400008678436, 0.23686477541923523]]",False
early_neutral,3,2901,0.03332222592469177,-2,[1],"[[-0.8274496793746948, 0.0001998318766709417], [0.476887971162796, 0.019254323095083237], [0.6845299601554871, -0.04596925154328346], [0.25212743878364563, -0.04934188723564148], [0.048757538199424744, 0.2387513667345047]]",False
early_neutral,3,2902,0.032989003665444855,-2,[1],"[[-0.8274496793746948, 0.0001998318766709417], [0.4911992847919464, 0.019326666370034218], [0.6913806200027466, -0.04680163785815239], [0.2602277100086212, -0.0429588183760643], [0.05451669543981552, 0.24039316177368164]]",False
early_neutral,3,2903,0.03265578140619793,-2,[1],"[[-0.8274496793746948, 0.0001998318766709417], [0.5055297017097473, 0.01938224770128727], [0.6976829767227173, -0.04751645028591156], [0.26651984453201294, -0.038338061422109604], [0.06049163267016411, 0.2418411821126938]]",False
early_neutral,3,2904,0.032322559146951015,-2,[1],"[[-0.8274496793746948, 0.0001998318766709417], [0.519874632358551, 0.019414842128753662], [0.7050696611404419, -0.04796675592660904], [0.2728380560874939, -0.033994611352682114], [0.06663381308317184, 0.24308398365974426]]",False
early_neutral,3,2905,0.0319893368877041,-2,[1],"[[-0.8274496793746948, 0.0001998318766709417], [0.5342305898666382, 0.019434737041592598], [0.7134338021278381, -0.04777280613780022], [0.27926620841026306, -0.029719874262809753], [0.07278706878423691, 0.24415798485279083]]",False
early_neutral,3,2906,0.03165611462845718,-2,[1],"[[-0.8274496793746948, 0.0001998318766709417], [0.5485945343971252, 0.019493592903017998], [0.7223120927810669, -0.047151386737823486], [0.2857866585254669, -0.02550474740564823], [0.07894296944141388, 0.24509038031101227]]",False
early_neutral,3,2907,0.031322892369210265,-1,[1],"[[-1.0110293626785278, -0.0], [-0.040441177785396576, 0.04065071418881416], [-0.040441177785396576, -0.04065071418881416], [-0.10110294073820114, -0.10162678360939026], [-0.10110294073820114, 0.10162678360939026]]",False
early_neutral,3,2908,0.030989670109963344,-1,[1],"[[-1.0110293626785278, -0.0], [-0.039532266557216644, 0.039737097918987274], [-0.04050708934664726, -0.040723033249378204], [-0.10110294073820114, -0.10162678360939026], [-0.10110294073820114, 0.10162678360939026]]",False
early_neutral,3,2909,0.030656447850716428,-1,[0],"[[-1.0085985660552979, 1.8141328717025118e-11], [-0.03715105354785919, 0.03734354302287102], [-0.0419917032122612, -0.04245999827980995], [-0.1015191450715065, -0.10004718601703644], [-0.10204441100358963, 0.10283081233501434]]",False
early_neutral,3,2910,0.03032322559146951,-1,[0],"[[-1.0038830041885376, 3.941332676893339e-11], [-0.035180702805519104, 0.03536297380924225], [-0.04402480646967888, -0.04507927969098091], [-0.10212774574756622, -0.09750662744045258], [-0.10356646776199341, 0.10534509271383286]]",False
early_neutral,3,2911,0.02999000333222259,-1,[0],"[[-0.9976792931556702, -1.5255205432218588e-10], [-0.0344492644071579, 0.0346243791282177], [-0.04746399447321892, -0.04800885543227196], [-0.10238651186227798, -0.09643260389566422], [-0.10504204779863358, 0.10875068604946136]]",False
early_neutral,3,2912,0.029656781072975674,-1,[0],"[[-0.9901026487350464, -6.941782704217303e-10], [-0.034592606127262115, 0.034659650176763535], [-0.05373796820640564, -0.049890968948602676], [-0.10217203944921494, -0.09812251478433609], [-0.10668287426233292, 0.11286340653896332]]",False
early_neutral,3,2913,0.029323558813728758,-1,[0],"[[-0.9813085198402405, -9.389600208464799e-10], [-0.034819748252630234, 0.03470079228281975], [-0.061616308987140656, -0.05095767229795456], [-0.10216786712408066, -0.10086914896965027], [-0.108490951359272, 0.11758466809988022]]",False
early_neutral,3,2914,0.02899033655448184,-1,[0],"[[-0.9719147682189941, -1.1279199796376815e-09], [-0.03510923683643341, 0.034747663885354996], [-0.07058227807283401, -0.051919665187597275], [-0.10244716703891754, -0.10448646545410156], [-0.11037244647741318, 0.12271082401275635]]",False
early_neutral,3,2915,0.02865711429523492,-1,[0],"[[-0.9617937207221985, -1.2422372019926797e-09], [-0.03598729148507118, 0.03481815382838249], [-0.08048021793365479, -0.052838731557130814], [-0.10280942171812057, -0.10893398523330688], [-0.11235176026821136, 0.12846681475639343]]",False
early_neutral,3,2916,0.028323892035988004,-1,[0],"[[-0.9509937167167664, -1.3841224832944476e-09], [-0.03823282942175865, 0.03364125266671181], [-0.09078069776296616, -0.05373924970626831], [-0.10323703289031982, -0.11393284797668457], [-0.11430836468935013, 0.13471312820911407]]",False
early_neutral,3,2917,0.027990669776741087,-1,[0],"[[-0.9400585293769836, -1.5250548601741798e-09], [-0.04017447307705879, 0.03094121813774109], [-0.10160413384437561, -0.054673053324222565], [-0.10371758043766022, -0.1194765716791153], [-0.11622872948646545, 0.14143501222133636]]",False
early_neutral,3,2918,0.027657447517494167,-1,[0],"[[-0.9284864664077759, -1.5463922364844507e-09], [-0.04118766263127327, 0.027950987219810486], [-0.11307176202535629, -0.05565934255719185], [-0.10404401272535324, -0.1255412995815277], [-0.11792393028736115, 0.14835883677005768]]",False
early_neutral,3,2919,0.02732422525824725,-1,[0],"[[-0.9163352251052856, -2.2084520878706826e-09], [-0.04247969016432762, 0.02427382580935955], [-0.1251058131456375, -0.05675707012414932], [-0.10412759333848953, -0.13213685154914856], [-0.11945615708827972, 0.155728280544281]]",False
early_neutral,3,2920,0.026991002999000334,-1,[0],"[[-0.9037046432495117, -2.6571431721578165e-09], [-0.043756064027547836, 0.019813895225524902], [-0.13758373260498047, -0.057991623878479004], [-0.10395423322916031, -0.13901455700397491], [-0.12082596123218536, 0.1635083705186844]]",False
early_neutral,3,2921,0.026657780739753417,-1,[0],"[[-0.8907017111778259, -3.193330710971054e-09], [-0.04481380060315132, 0.014512861147522926], [-0.15038138628005981, -0.05944421887397766], [-0.10345860570669174, -0.146177276968956], [-0.12179626524448395, 0.1716463267803192]]",False
early_neutral,3,2922,0.026324558480506497,-1,[0],"[[-0.8774118423461914, -3.728426012372665e-09], [-0.045052096247673035, 0.00853424146771431], [-0.1633683741092682, -0.06125039979815483], [-0.10266075283288956, -0.15374545753002167], [-0.12230914831161499, 0.17935395240783691]]",False
early_neutral,3,2923,0.02599133622125958,-1,[0],"[[-0.8640987873077393, -3.606844156678335e-09], [-0.04508538171648979, 0.002553432947024703], [-0.17522048950195312, -0.06315063685178757], [-0.1015109121799469, -0.16167107224464417], [-0.12213645875453949, 0.18538233637809753]]",False
early_neutral,3,2924,0.025658113962012664,-1,[0],"[[-0.8530617356300354, -3.8977265859330146e-09], [-0.04509938508272171, -0.003427420277148485], [-0.18272069096565247, -0.06474905461072922], [-0.09984041005373001, -0.1698630303144455], [-0.12148221582174301, 0.19116997718811035]]",False
early_neutral,3,2925,0.025324891702765744,-1,[0],"[[-0.8429771065711975, -3.5202174508697226e-09], [-0.04509660601615906, -0.00923108495771885], [-0.18803435564041138, -0.06639976054430008], [-0.09773465991020203, -0.17825403809547424], [-0.12048234045505524, 0.19538789987564087]]",False
early_neutral,3,2926,0.024991669443518827,-1,[0],"[[-0.8357170224189758, -3.2502549540680548e-09], [-0.045057740062475204, -0.014226208440959454], [-0.1891450434923172, -0.06675045937299728], [-0.09506597369909286, -0.18676699697971344], [-0.11893665045499802, 0.19945059716701508]]",False
early_neutral,3,2927,0.02465844718427191,-1,[0],"[[-0.8317302465438843, -2.8970670307160162e-09], [-0.0450349897146225, -0.019952824339270592], [-0.1891450434923172, -0.06675045937299728], [-0.09217323362827301, -0.19474036991596222], [-0.11782845109701157, 0.20185746252536774]]",False
early_neutral,3,2928,0.02432522492502499,-1,[0],"[[-0.828799307346344, -4.1393782339582685e-06], [-0.045030564069747925, -0.02593342773616314], [-0.1891450434923172, -0.06675045937299728], [-0.08996425569057465, -0.20000426471233368], [-0.11781543493270874, 0.20188558101654053]]",False
early_neutral,3,2929,0.023992002665778073,-1,[0],"[[-0.8281396627426147, -2.2565691324416548e-05], [-0.04502924531698227, -0.03191429004073143], [-0.1891450434923172, -0.06675045937299728], [-0.08791304379701614, -0.20374925434589386], [-0.11781543493270874, 0.20188558101654053]]",False
early_neutral,3,2930,0.023658780406531157,-1,[0],"[[-0.8279613852500916, -3.109007957391441e-05], [-0.04502882435917854, -0.03789514675736427], [-0.1891450434923172, -0.06675045937299728], [-0.08734578639268875, -0.20476195216178894], [-0.11781543493270874, 0.20188558101654053]]",False
early_neutral,3,2931,0.02332555814728424,-1,[0],"[[-0.8279613852500916, -3.109007957391441e-05], [-0.04505642503499985, -0.043872565031051636], [-0.1891450434923172, -0.06675045937299728], [-0.08734578639268875, -0.20476195216178894], [-0.11782757192850113, 0.20186656713485718]]",False
early_neutral,3,2932,0.02299233588803732,-1,[0],"[[-0.8279613852500916, -3.109007957391441e-05], [-0.04674389585852623, -0.04831872880458832], [-0.18923650681972504, -0.06680985540151596], [-0.08734578639268875, -0.20476195216178894], [-0.11900971829891205, 0.2002059668302536]]",False
early_neutral,3,2933,0.022659113628790403,-1,[0],"[[-0.8293907642364502, 3.468117938609794e-05], [-0.05093683674931526, -0.04940955713391304], [-0.1914973258972168, -0.06815258413553238], [-0.08734578639268875, -0.20476195216178894], [-0.12116512656211853, 0.19757142663002014]]",False
early_neutral,3,2934,0.022325891369543487,-1,[0],"[[-0.8333062529563904, 0.0001582920813234523], [-0.056126318871974945, -0.048484113067388535], [-0.19504450261592865, -0.07000262290239334], [-0.08734578639268875, -0.20476195216178894], [-0.12328024208545685, 0.19527219235897064]]",True
early_neutral,3,2935,0.021992669110296566,-1,[0],"[[-0.8385570645332336, 0.00022748010815121233], [-0.062474679201841354, -0.04725738987326622], [-0.19991259276866913, -0.07215697318315506], [-0.08734578639268875, -0.20476195216178894], [-0.12348688393831253, 0.1950589120388031]]",False
early_neutral,3,2936,0.02165944685104965,-1,[0],"[[-0.8449923396110535, 0.0002661369799170643], [-0.06996863335371017, -0.045598797500133514], [-0.20552949607372284, -0.07419586181640625], [-0.08733812719583511, -0.2047191709280014], [-0.12348688393831253, 0.1950589120388031]]",False
early_neutral,3,2937,0.021326224591802733,-1,[0],"[[-0.8524084687232971, 0.00028343169833533466], [-0.07678959518671036, -0.04481169208884239], [-0.21147334575653076, -0.07571873813867569], [-0.0871666744351387, -0.20266106724739075], [-0.12348688393831253, 0.1950589120388031]]",True
early_neutral,3,2938,0.020993002332555816,-1,[0],"[[-0.8604255318641663, 0.0002724116784520447], [-0.08079016208648682, -0.045401688665151596], [-0.21769443154335022, -0.07583627849817276], [-0.08737966418266296, -0.19944939017295837], [-0.12383344769477844, 0.1950240433216095]]",False
early_neutral,3,2939,0.020659780073308896,-1,[0],"[[-0.8694031834602356, 0.00023406946274917573], [-0.08228930830955505, -0.04646115005016327], [-0.22161120176315308, -0.0755041092634201], [-0.08836877346038818, -0.19536633789539337], [-0.12674658000469208, 0.1946379393339157]]",False
early_neutral,3,2940,0.02032655781406198,-1,[0],"[[-0.8785940408706665, 0.00018541116151027381], [-0.08230233937501907, -0.046470578759908676], [-0.22288572788238525, -0.07528886944055557], [-0.09042997658252716, -0.19056740403175354], [-0.13081756234169006, 0.19391536712646484]]",False
early_neutral,3,2941,0.019993335554815063,-1,[0],"[[-0.8877848386764526, 0.0001283983583562076], [-0.08232142776250839, -0.04674546793103218], [-0.22556710243225098, -0.0757773220539093], [-0.09385745972394943, -0.1852860003709793], [-0.13615232706069946, 0.19283729791641235]]",False
early_neutral,3,2942,0.019660113295568143,-1,[0],"[[-0.8969755172729492, 6.762840348528698e-05], [-0.08243197947740555, -0.049004606902599335], [-0.22984515130519867, -0.07640063762664795], [-0.09835806488990784, -0.18163932859897614], [-0.14195197820663452, 0.1916518211364746]]",False
early_neutral,3,2943,0.019326891036321226,-1,[0],"[[-0.9061661958694458, 4.4239604903850704e-06], [-0.08249912410974503, -0.052217114716768265], [-0.23542355000972748, -0.07701904326677322], [-0.1035618782043457, -0.18156501650810242], [-0.1480838656425476, 0.19038435816764832]]",False
early_neutral,3,2944,0.01899366877707431,-1,[0],"[[-0.9153568148612976, -6.006307739880867e-05], [-0.08252198994159698, -0.05631643161177635], [-0.24204814434051514, -0.07761429250240326], [-0.1095210611820221, -0.18328148126602173], [-0.15421827137470245, 0.18912667036056519]]",False
early_neutral,3,2945,0.01866044651782739,-1,[0],"[[-0.9245474338531494, -0.00012441859871614724], [-0.08253638446331024, -0.06126359477639198], [-0.24959179759025574, -0.07814005017280579], [-0.116456039249897, -0.18561142683029175], [-0.16022957861423492, 0.18796320259571075]]",False
early_neutral,3,2946,0.018327224258580473,-1,[0],"[[-0.9337380528450012, -0.00018998175801243633], [-0.0827263668179512, -0.06639519333839417], [-0.2578737139701843, -0.07855243235826492], [-0.12417379766702652, -0.1885593831539154], [-0.16642627120018005, 0.18683722615242004]]",False
early_neutral,3,2947,0.017994001999333556,-1,[0],"[[-0.9429284930229187, -0.0002634431584738195], [-0.08321808278560638, -0.06854120641946793], [-0.2670034170150757, -0.0789043977856636], [-0.13277162611484528, -0.1917470395565033], [-0.17265062034130096, 0.1857825368642807]]",False
early_neutral,3,2948,0.01766077974008664,-1,[0],"[[-0.9520869851112366, -0.00034402351593598723], [-0.08328374475240707, -0.06869040429592133], [-0.27618351578712463, -0.0791977271437645], [-0.14221252501010895, -0.19501446187496185], [-0.17876823246479034, 0.18483653664588928]]",False
early_neutral,3,2949,0.01732755748083972,-1,[0],"[[-0.9609590768814087, -0.000342800107318908], [-0.08271142840385437, -0.0672440305352211], [-0.2853701412677765, -0.07937300205230713], [-0.15100719034671783, -0.1977386474609375], [-0.18503974378108978, 0.18396206200122833]]",False
early_neutral,3,2950,0.016994335221592802,-1,[0],"[[-0.9698289036750793, -0.0002129864733433351], [-0.08219248056411743, -0.0646917074918747], [-0.29455965757369995, -0.07928851991891861], [-0.1595810204744339, -0.19989013671875], [-0.19135811924934387, 0.18317557871341705]]",False
early_neutral,3,2951,0.016661112962345886,-1,[0],"[[-0.9773285984992981, -1.4492326045001391e-05], [-0.08197791129350662, -0.06119943782687187], [-0.30373451113700867, -0.07893986999988556], [-0.16838917136192322, -0.20158910751342773], [-0.1976214498281479, 0.1824904829263687]]",False
early_neutral,3,2952,0.016327890703098966,-1,[0],"[[-0.9814023375511169, 0.0001642848365008831], [-0.08183515816926956, -0.056781165301799774], [-0.312879741191864, -0.0783468559384346], [-0.1774488091468811, -0.2025728076696396], [-0.20390519499778748, 0.18189896643161774]]",False
early_neutral,3,2953,0.01599466844385205,-1,[0],"[[-0.9846369624137878, 0.00035160817787982523], [-0.08178166300058365, -0.051517799496650696], [-0.31981852650642395, -0.07782385498285294], [-0.18662738800048828, -0.2027890980243683], [-0.21029165387153625, 0.1813933104276657]]",False
early_neutral,3,2954,0.015661446184605132,-1,[0],"[[-0.9851549863815308, 0.00037811920628882945], [-0.08176705241203308, -0.04560072720050812], [-0.32123836874961853, -0.07773161679506302], [-0.19487695395946503, -0.20115922391414642], [-0.2166590392589569, 0.1809886395931244]]",False
early_neutral,3,2955,0.015328223925358214,-1,[0],"[[-0.9853956699371338, 0.0003869769279845059], [-0.0817607194185257, -0.039619870483875275], [-0.3215034008026123, -0.0775822326540947], [-0.2012670636177063, -0.19718654453754425], [-0.22294320166110992, 0.18069034814834595]]",False
early_neutral,3,2956,0.014995001666111295,-1,[0],"[[-0.9853976368904114, 0.00038702820893377066], [-0.08175988495349884, -0.033639006316661835], [-0.3235775828361511, -0.07619965821504593], [-0.20681996643543243, -0.1924210488796234], [-0.22936928272247314, 0.18048706650733948]]",False
early_neutral,3,2957,0.014661779406864379,-1,[0],"[[-0.9853976368904114, 0.00038702820893377066], [-0.0817594826221466, -0.027658145874738693], [-0.3261444568634033, -0.07404029369354248], [-0.21215330064296722, -0.18755030632019043], [-0.23589812219142914, 0.1793544590473175]]",False
early_neutral,3,2958,0.01432855714761746,-1,[0],"[[-0.9853976368904114, 0.00038702820893377066], [-0.08195894956588745, -0.0218491293489933], [-0.33006662130355835, -0.07153835892677307], [-0.21734338998794556, -0.18261463940143585], [-0.24270585179328918, 0.17671121656894684]]",False
early_neutral,3,2959,0.013995334888370544,-1,[0],"[[-0.9853976368904114, 0.00038702820893377066], [-0.08421052247285843, -0.018408527597784996], [-0.3362220823764801, -0.06964004039764404], [-0.22319409251213074, -0.17800678312778473], [-0.2503499686717987, 0.1736147403717041]]",False
early_neutral,3,2960,0.013662112629123625,-1,[0],"[[-0.9853976368904114, 0.00038702820893377066], [-0.08888088911771774, -0.017839226871728897], [-0.34372183680534363, -0.06783825904130936], [-0.22986260056495667, -0.17389614880084991], [-0.2588757276535034, 0.1702931672334671]]",False
early_neutral,3,2961,0.013328890369876709,-1,[0],"[[-0.9853976368904114, 0.00038702820893377066], [-0.09507651627063751, -0.017787329852581024], [-0.3523135781288147, -0.06601572036743164], [-0.23714618384838104, -0.1702507734298706], [-0.26813578605651855, 0.16676895320415497]]",False
early_neutral,3,2962,0.01299566811062979,-1,[0],"[[-0.9853976368904114, 0.00038702820893377066], [-0.102625273168087, -0.017754334956407547], [-0.3618572950363159, -0.06431061774492264], [-0.24485032260417938, -0.1669919788837433], [-0.2775050401687622, 0.16330045461654663]]",False
early_neutral,3,2963,0.012662445851382872,-1,[0],"[[-0.9853976368904114, 0.00038702820893377066], [-0.1113872230052948, -0.017747683450579643], [-0.36880791187286377, -0.06313531845808029], [-0.25278833508491516, -0.163979172706604], [-0.2872887849807739, 0.1597752422094345]]",False
early_neutral,3,2964,0.012329223592135955,-1,[0],"[[-0.9853976368904114, 0.00038702820893377066], [-0.12057840079069138, -0.01774507202208042], [-0.3713213801383972, -0.06240099295973778], [-0.2601888179779053, -0.1604389250278473], [-0.2976692020893097, 0.15611325204372406]]",False
early_neutral,3,2965,0.011996001332889037,-1,[0],"[[-0.9853976368904114, 0.00038702820893377066], [-0.12976957857608795, -0.017744338139891624], [-0.3748209774494171, -0.06113700941205025], [-0.26685085892677307, -0.15632379055023193], [-0.3086104094982147, 0.1523691713809967]]",False
early_neutral,3,2966,0.01166277907364212,-1,[0],"[[-0.9853976368904114, 0.00038702820893377066], [-0.13896074891090393, -0.017744198441505432], [-0.37969931960105896, -0.05965122580528259], [-0.27313029766082764, -0.15195657312870026], [-0.32003435492515564, 0.14860841631889343]]",False
early_neutral,3,2967,0.011329556814395202,-1,[0],"[[-0.9853976368904114, 0.00038702820893377066], [-0.1481519341468811, -0.017744138836860657], [-0.3858936131000519, -0.05790318548679352], [-0.27926427125930786, -0.14750264585018158], [-0.3318336009979248, 0.1448335349559784]]",False
early_neutral,3,2968,0.010996334555148283,-1,[0],"[[-0.9853976368904114, 0.00038702820893377066], [-0.1562819927930832, -0.016960693523287773], [-0.3932996094226837, -0.05591989681124687], [-0.28542158007621765, -0.14306329190731049], [-0.34395477175712585, 0.14109013974666595]]",False
early_neutral,3,2969,0.010663112295901367,-1,[1],"[[-0.9853976368904114, 0.00038702820893377066], [-0.1637076437473297, -0.01424746960401535], [-0.40170443058013916, -0.053763680160045624], [-0.2920091450214386, -0.13889412581920624], [-0.35652515292167664, 0.13768041133880615]]",False
early_neutral,3,2970,0.010329890036654448,-1,[1],"[[-0.9853976368904114, 0.00038702820893377066], [-0.1716228723526001, -0.0109180249273777], [-0.41028156876564026, -0.051614370197057724], [-0.2990812063217163, -0.13509806990623474], [-0.3697955310344696, 0.13527224957942963]]",False
early_neutral,3,2971,0.009996667777407531,-1,[1],"[[-0.9853976368904114, 0.00038702820893377066], [-0.1799459606409073, -0.007436837535351515], [-0.4188784062862396, -0.04949858784675598], [-0.30721646547317505, -0.1331486701965332], [-0.3835197687149048, 0.133820042014122]]",False
early_neutral,3,2972,0.009663445518160613,-1,[1],"[[-0.9853976368904114, 0.00038702820893377066], [-0.18900103867053986, -0.003705244278535247], [-0.42746245861053467, -0.04736095666885376], [-0.31621691584587097, -0.13319623470306396], [-0.3974614143371582, 0.1329851895570755]]",False
early_neutral,3,2973,0.009330223258913695,-1,[1],"[[-0.9853976368904114, 0.00038702820893377066], [-0.19873075187206268, 0.0002431256289128214], [-0.4360295534133911, -0.045194655656814575], [-0.32520347833633423, -0.13376155495643616], [-0.41152819991111755, 0.13271930813789368]]",False
early_neutral,3,2974,0.008997000999666778,-1,[1],"[[-0.9853976368904114, 0.00038702820893377066], [-0.2091011106967926, 0.004314471036195755], [-0.4445991814136505, -0.04303266480565071], [-0.33194926381111145, -0.13473202288150787], [-0.42565783858299255, 0.13267633318901062]]",False
early_neutral,3,2975,0.00866377874041986,-1,[1],"[[-0.9853976368904114, 0.00038702820893377066], [-0.22000940144062042, 0.008450612425804138], [-0.453182578086853, -0.04089384526014328], [-0.3369808793067932, -0.13733503222465515], [-0.43982943892478943, 0.132656529545784]]",False
early_neutral,3,2976,0.008330556481172943,-1,[1],"[[-0.9853976368904114, 0.00038702820893377066], [-0.23137447237968445, 0.012596646323800087], [-0.4606042206287384, -0.039055150002241135], [-0.3435593545436859, -0.13910172879695892], [-0.4540330469608307, 0.13265378773212433]]",False
early_neutral,3,2977,0.007997334221926024,-1,[1],"[[-0.9853976368904114, 0.00038702820893377066], [-0.24313446879386902, 0.016698746010661125], [-0.46661514043807983, -0.03753790631890297], [-0.3515704572200775, -0.1404060572385788], [-0.46826091408729553, 0.1326526403427124]]",False
early_neutral,3,2978,0.007664111962679107,-1,[1],"[[-0.9853976368904114, 0.00038702820893377066], [-0.25556689500808716, 0.019991382956504822], [-0.4734373688697815, -0.035880375653505325], [-0.36037638783454895, -0.1415175050497055], [-0.48250728845596313, 0.13265234231948853]]",False
early_neutral,3,2979,0.007330889703432189,-1,[1],"[[-0.9853976368904114, 0.00038702820893377066], [-0.26844489574432373, 0.021009838208556175], [-0.48145103454589844, -0.03407527506351471], [-0.3693402111530304, -0.14112858474254608], [-0.4967677593231201, 0.13265226781368256]]",False
early_neutral,3,2980,0.006997667444185272,-1,[1],"[[-0.9853976368904114, 0.00038702820893377066], [-0.28162881731987, 0.02152284048497677], [-0.4902362525463104, -0.03234768658876419], [-0.3784445524215698, -0.14049844443798065], [-0.5110388994216919, 0.13265223801136017]]",False
early_neutral,3,2981,0.006664445184938354,-1,[1],"[[-0.9853976368904114, 0.00038702820893377066], [-0.2950930893421173, 0.021979352459311485], [-0.49921339750289917, -0.0310719832777977], [-0.38743552565574646, -0.14138859510421753], [-0.5253178477287292, 0.13265223801136017]]",False
early_neutral,3,2982,0.006331222925691436,-1,[1],"[[-0.9853976368904114, 0.00038702820893377066], [-0.3087758421897888, 0.022369882091879845], [-0.5083164572715759, -0.030254382640123367], [-0.3960396349430084, -0.14339298009872437], [-0.5391395092010498, 0.13205601274967194]]",False
early_neutral,3,2983,0.005998000666444518,-1,[1],"[[-0.9853976368904114, 0.00038702820893377066], [-0.32262757420539856, 0.022683506831526756], [-0.5174715518951416, -0.02972980961203575], [-0.4048420488834381, -0.14511044323444366], [-0.5502481460571289, 0.12957006692886353]]",False
early_neutral,3,2984,0.005664778407197601,-1,[1],"[[-0.9853976368904114, 0.00038702820893377066], [-0.3366093039512634, 0.022910939529538155], [-0.5266520977020264, -0.029450643807649612], [-0.41379693150520325, -0.14645321667194366], [-0.5593046545982361, 0.12488564848899841]]",False
early_neutral,3,2985,0.005331556147950683,-1,[1],"[[-0.9853976368904114, 0.00038702820893377066], [-0.35068973898887634, 0.02306094951927662], [-0.5340352654457092, -0.029251381754875183], [-0.4227658808231354, -0.14700748026371002], [-0.5684136748313904, 0.11963587999343872]]",False
early_neutral,3,2986,0.004998333888703766,-1,[1],"[[-0.9853976368904114, 0.00038702820893377066], [-0.36484527587890625, 0.023136408999562263], [-0.5407387018203735, -0.028922634199261665], [-0.4307115077972412, -0.14500340819358826], [-0.5775681138038635, 0.11395565420389175]]",False
early_neutral,3,2987,0.004665111629456847,-1,[1],"[[-0.9853976368904114, 0.00038702820893377066], [-0.3790575861930847, 0.023137319833040237], [-0.547571063041687, -0.02842281386256218], [-0.43775659799575806, -0.1412326544523239], [-0.5868604779243469, 0.10801326483488083]]",False
early_neutral,3,2988,0.00433188937020993,-1,[1],"[[-0.9853976368904114, 0.00038702820893377066], [-0.39323222637176514, 0.02333863452076912], [-0.5542973875999451, -0.027505261823534966], [-0.44435635209083557, -0.13707125186920166], [-0.5963205099105835, 0.10190785676240921]]",False
early_neutral,3,2989,0.003998667110963012,-1,[1],"[[-0.9853976368904114, 0.00038702820893377066], [-0.4059366285800934, 0.025405332446098328], [-0.562208354473114, -0.02645627222955227], [-0.4505694508552551, -0.1326650232076645], [-0.605911374092102, 0.09567689895629883]]",False
early_neutral,3,2990,0.0036654448517160947,-1,[1],"[[-0.9853976368904114, 0.00038702820893377066], [-0.416936993598938, 0.029354574158787727], [-0.5703572630882263, -0.025483306497335434], [-0.45588162541389465, -0.1291302889585495], [-0.6156232357025146, 0.08936197310686111]]",False
early_neutral,3,2991,0.003332222592469177,-1,[1],"[[-0.9853976368904114, 0.00038702820893377066], [-0.42813143134117126, 0.0336105041205883], [-0.5774232745170593, -0.023990318179130554], [-0.4607445299625397, -0.12908893823623657], [-0.6254284977912903, 0.08298267424106598]]",False
early_neutral,3,2992,0.002999000333222259,-1,[1],"[[-0.9853976368904114, 0.00038702820893377066], [-0.4396103620529175, 0.03797497972846031], [-0.5836374759674072, -0.021915197372436523], [-0.46595653891563416, -0.13101287186145782], [-0.6353068351745605, 0.07655495405197144]]",False
early_neutral,3,2993,0.0026657780739753416,-1,[1],"[[-0.9853976368904114, 0.00038702820893377066], [-0.45071178674697876, 0.04281502589583397], [-0.5892760157585144, -0.019767193123698235], [-0.47187429666519165, -0.13380296528339386], [-0.645241379737854, 0.07009045034646988]]",False
early_neutral,3,2994,0.0023325558147284237,-1,[1],"[[-0.9853976368904114, 0.00038702820893377066], [-0.45846906304359436, 0.04891777038574219], [-0.5949112176895142, -0.018033035099506378], [-0.47806838154792786, -0.13760238885879517], [-0.6552191376686096, 0.06359785795211792]]",False
early_neutral,3,2995,0.001999333555481506,-1,[1],"[[-0.9853976368904114, 0.00038702820893377066], [-0.4639025032520294, 0.05612366646528244], [-0.6011127233505249, -0.01658663898706436], [-0.4835599958896637, -0.1404104232788086], [-0.6652296185493469, 0.05708388239145279]]",False
early_neutral,3,2996,0.0016661112962345886,-1,[1],"[[-0.9853976368904114, 0.00038702820893377066], [-0.4694066345691681, 0.06363732367753983], [-0.6074535250663757, -0.01589321717619896], [-0.48975443840026855, -0.14146742224693298], [-0.6752651333808899, 0.05055362358689308]]",False
early_neutral,3,2997,0.0013328890369876708,-1,[1],"[[-0.9853976368904114, 0.00038702820893377066], [-0.4750768542289734, 0.07136467099189758], [-0.613495945930481, -0.01668914593756199], [-0.49617770314216614, -0.14138391613960266], [-0.6853196620941162, 0.04401097446680069]]",False
early_neutral,3,2998,0.000999666777740753,-1,[1],"[[-0.9853976368904114, 0.00038702820893377066], [-0.4809761047363281, 0.07922693341970444], [-0.6194884181022644, -0.017917420715093613], [-0.5023212432861328, -0.13877969980239868], [-0.695388674736023, 0.037458885461091995]]",False
early_neutral,3,2999,0.0006664445184938354,-1,[0],"[[-0.9855958819389343, 0.0011082281125709414], [-0.4871993660926819, 0.08714508265256882], [-0.6249328851699829, -0.019219128414988518], [-0.5077311992645264, -0.1345258206129074], [-0.7048556208610535, 0.03129839897155762]]",False
early_neutral,3,3000,0.0003332222592469177,-1,[0],"[[-0.986034095287323, 0.0032390044070780277], [-0.49356719851493835, 0.09513968229293823], [-0.6267122626304626, -0.0196328517049551], [-0.5129023790359497, -0.12958915531635284], [-0.7118642926216125, 0.02673766203224659]]",False
