context_label,episode_id,step,t_norm,delta_score,sprint_bits,position,possession
early_neutral,5,0,1.0,0,[0],"[[-1.0110293626785278, -0.0], [0.0, 0.02032535709440708], [0.0, -0.02032535709440708], [-0.10110294073820114, -0.10162678360939026], [-0.10110294073820114, 0.10162678360939026]]",False
early_neutral,5,1,0.9996667777407531,0,[0],"[[-1.0110293626785278, -0.0], [5.468565045241292e-10, 0.018993355333805084], [0.0, -0.02032535709440708], [-0.10110925137996674, -0.10160662978887558], [-0.10124944895505905, 0.10179129242897034]]",False
early_neutral,5,2,0.9993335554815062,0,[0],"[[-1.0081888437271118, 2.071887453269916e-11], [1.3364466200371794e-09, 0.016001025214791298], [0.0, -0.02032535709440708], [-0.10150890797376633, -0.0997762680053711], [-0.10278235375881195, 0.10371892899274826]]",False
early_neutral,5,3,0.9990003332222592,0,[0],"[[-1.0032682418823242, 4.112957543989104e-11], [1.5751088211501951e-09, 0.012255201116204262], [6.289196608122438e-05, -0.02104971744120121], [-0.10021314769983292, -0.09739154577255249], [-0.10465690493583679, 0.10654819011688232]]",False
early_neutral,5,4,0.9986671109630123,0,[0],"[[-0.9968275427818298, -2.1916501946606104e-10], [-2.8788061712248236e-08, 0.007690755184739828], [0.00039175929850898683, -0.023426741361618042], [-0.09538932144641876, -0.09692426770925522], [-0.10678514093160629, 0.11025330424308777]]",False
early_neutral,5,5,0.9983338887037654,0,[0],"[[-0.9889967441558838, -7.450555727928077e-10], [5.335726382327266e-05, 0.00382002885453403], [0.001083966577425599, -0.026477627456188202], [-0.08951525390148163, -0.09829394519329071], [-0.1091337725520134, 0.11454109102487564]]",False
early_neutral,5,6,0.9980006664445185,0,[0],"[[-0.9799808859825134, -9.549264712305217e-10], [7.237085810629651e-05, -0.0012897724518552423], [0.0014205204788595438, -0.029546983540058136], [-0.08424174785614014, -0.10165755450725555], [-0.11161317676305771, 0.11929436773061752]]",False
early_neutral,5,7,0.9976674441852715,0,[0],"[[-0.9704952239990234, -1.1592469206789247e-09], [7.237024692585692e-05, -0.005875378847122192], [0.0005415455671027303, -0.03027939610183239], [-0.07897844165563583, -0.1060711145401001], [-0.11426494270563126, 0.12459656596183777]]",False
early_neutral,5,8,0.9973342219260246,0,[0],"[[-0.9601738452911377, -1.2619646438949417e-09], [-0.0004262620641384274, -0.009334199130535126], [-0.0001549486187286675, -0.030718063935637474], [-0.07451196014881134, -0.11151102930307388], [-0.11733689904212952, 0.13037638366222382]]",True
early_neutral,5,9,0.9970009996667777,0,[0],"[[-0.9492757320404053, -1.4202270470775602e-09], [-0.0015047804918140173, -0.011487066745758057], [2.7053363737650216e-05, -0.030806628987193108], [-0.07224376499652863, -0.11805805563926697], [-0.12094811350107193, 0.13663546741008759]]",True
early_neutral,5,10,0.9966677774075309,0,[0],"[[-0.9381436109542847, -1.5461611990730262e-09], [-0.0023145817685872316, -0.011693915352225304], [0.00021280717919580638, -0.030819879844784737], [-0.07045192271471024, -0.12499407678842545], [-0.12489025294780731, 0.1431330293416977]]",True
early_neutral,5,11,0.996334555148284,0,[0],"[[-0.9263702630996704, -1.5944345843621477e-09], [-0.0040233745239675045, -0.010094859637320042], [0.000432592787547037, -0.030539531260728836], [-0.06851150840520859, -0.13208159804344177], [-0.12913891673088074, 0.14987540245056152]]",True
early_neutral,5,12,0.996001332889037,0,[0],"[[-0.9140385389328003, -2.3089503642381715e-09], [-0.005950108170509338, -0.007453847676515579], [0.0007865765364840627, -0.03027447685599327], [-0.06635220348834991, -0.13957861065864563], [-0.1337384581565857, 0.1569737046957016]]",True
early_neutral,5,13,0.9956681106297901,0,[0],"[[-0.9012558460235596, -2.69092770288637e-09], [-0.008280194364488125, -0.003721259068697691], [0.0011660326272249222, -0.03066299855709076], [-0.06386996805667877, -0.14742113649845123], [-0.1386050283908844, 0.16439808905124664]]",True
early_neutral,5,14,0.9953348883705432,0,[0],"[[-0.8881267309188843, -3.3175402425200673e-09], [-0.01035294122993946, 0.00041892746230587363], [0.001324813230894506, -0.031159870326519012], [-0.0608794130384922, -0.15550430119037628], [-0.14370790123939514, 0.17207443714141846]]",False
early_neutral,5,15,0.9950016661112963,0,[0],"[[-0.8747334480285645, -3.762064881840388e-09], [-0.012752423994243145, 0.0031578720081597567], [0.001544778817333281, -0.03190857544541359], [-0.05678992345929146, -0.16344404220581055], [-0.14897601306438446, 0.1799507886171341]]",False
early_neutral,5,16,0.9946684438520493,0,[0],"[[-0.8611542582511902, 0.00010211197513854131], [-0.012044022791087627, 0.005542457103729248], [0.0021185865625739098, -0.03263216093182564], [-0.050002750009298325, -0.16941151022911072], [-0.15436315536499023, 0.18798309564590454]]",False
early_neutral,5,17,0.9943352215928024,0,[0],"[[-0.8481062650680542, 0.0018490717047825456], [-0.010713398456573486, 0.007847372442483902], [0.004641932900995016, -0.0343039333820343], [-0.0404512956738472, -0.17366157472133636], [-0.15994736552238464, 0.19610358774662018]]",True
early_neutral,5,18,0.9940019993335555,0,[0],"[[-0.8366109132766724, 0.005526645574718714], [-0.01006720494478941, 0.009163804352283478], [0.008185388520359993, -0.03669500723481178], [-0.02992972359061241, -0.17766912281513214], [-0.16607694327831268, 0.20416830480098724]]",True
early_neutral,5,19,0.9936687770743086,0,[0],"[[-0.824578046798706, 0.008740059100091457], [-0.009572775103151798, 0.010154151357710361], [0.012651207856833935, -0.03962034732103348], [-0.018583079800009727, -0.1813104897737503], [-0.17262597382068634, 0.21204403042793274]]",True
early_neutral,5,20,0.9933355548150616,0,[0],"[[-0.8119466304779053, 0.009577411226928234], [-0.010097812861204147, 0.010512417182326317], [0.017893332988023758, -0.0428551509976387], [-0.008708644658327103, -0.1837167739868164], [-0.17792843282222748, 0.21825119853019714]]",True
early_neutral,5,21,0.9930023325558147,0,[0],"[[-0.7989851236343384, 0.009644404985010624], [-0.010821371339261532, 0.010681156069040298], [0.023713309317827225, -0.04623415693640709], [-0.0018010759958997369, -0.18337352573871613], [-0.18247537314891815, 0.22344890236854553]]",True
early_neutral,5,22,0.9926691102965678,0,[0],"[[-0.7857263088226318, 0.009475409053266048], [-0.011229178868234158, 0.010785284452140331], [0.030496174469590187, -0.04985630139708519], [0.00283830426633358, -0.18044805526733398], [-0.1860971599817276, 0.22764050960540771]]",True
early_neutral,5,23,0.9923358880373209,0,[0],"[[-0.7722843289375305, 0.009006818756461143], [-0.011462010443210602, 0.010699864476919174], [0.038378678262233734, -0.053353361785411835], [0.005584080703556538, -0.1758337765932083], [-0.18908298015594482, 0.23134927451610565]]",False
early_neutral,5,24,0.9920026657780739,0,[0],"[[-0.7611420750617981, 0.008549701422452927], [-0.01160719059407711, 0.01015560794621706], [0.04746611416339874, -0.056663356721401215], [0.007533702999353409, -0.17027203738689423], [-0.1940048635005951, 0.23439733684062958]]",False
early_neutral,5,25,0.991669443518827,0,[0],"[[-0.754222571849823, 0.008265826851129532], [-0.011752377264201641, 0.009611346758902073], [0.05710476636886597, -0.059566400945186615], [0.008697493001818657, -0.16406874358654022], [-0.2007710337638855, 0.23717863857746124]]",False
early_neutral,5,26,0.9913362212595801,0,[0],"[[-0.7493913173675537, 0.008067622780799866], [-0.011886673979461193, 0.009107904508709908], [0.0676153227686882, -0.06209312379360199], [0.00876048393547535, -0.15725348889827728], [-0.20836389064788818, 0.24041549861431122]]",False
early_neutral,5,27,0.9910029990003332,0,[0],"[[-0.7468228340148926, 0.007962252013385296], [-0.011989484541118145, 0.008418038487434387], [0.07896393537521362, -0.06429177522659302], [0.007894368842244148, -0.1502385139465332], [-0.21651344001293182, 0.2442334145307541]]",False
early_neutral,5,28,0.9906697767410862,0,[0],"[[-0.7476966977119446, 0.009009129367768764], [-0.012251891195774078, 0.006107857450842857], [0.09113717824220657, -0.06579139083623886], [0.0064294044859707355, -0.14302219450473785], [-0.22498777508735657, 0.24860277771949768]]",False
early_neutral,5,29,0.9903365544818394,0,[0],"[[-0.7501670718193054, 0.011267436668276787], [-0.012624481692910194, 0.0028693871572613716], [0.10394375026226044, -0.0662883073091507], [0.004421551711857319, -0.13543634116649628], [-0.23334795236587524, 0.2531183063983917]]",False
early_neutral,5,30,0.9900033322225925,0,[0],"[[-0.7531905174255371, 0.014394204132258892], [-0.013103201985359192, -0.0012848508777096868], [0.11710228025913239, -0.06598320603370667], [0.0020147962495684624, -0.12752266228199005], [-0.2420744150876999, 0.2579614222049713]]",False
early_neutral,5,31,0.9896701099633456,0,[0],"[[-0.7569458484649658, 0.018312744796276093], [-0.013678143732249737, -0.006296767387539148], [0.1303723156452179, -0.06465037167072296], [-0.0008975124219432473, -0.11937998980283737], [-0.25119590759277344, 0.26311442255973816]]",False
early_neutral,5,32,0.9893368877040987,0,[0],"[[-0.7613818645477295, 0.0229350496083498], [-0.014365688897669315, -0.012059278786182404], [0.1433773934841156, -0.06258028745651245], [-0.0024985538329929113, -0.11121415346860886], [-0.26067617535591125, 0.2685147523880005]]",False
early_neutral,5,33,0.9890036654448517,0,[0],"[[-0.7663824558258057, 0.028097817674279213], [-0.015211232006549835, -0.018439127132296562], [0.15283739566802979, -0.06081954017281532], [4.4335611164569855e-05, -0.10412108898162842], [-0.2700899839401245, 0.27391472458839417]]",False
early_neutral,5,34,0.9886704431856048,0,[0],"[[-0.7719144225120544, 0.03374001756310463], [-0.016249023377895355, -0.025322694331407547], [0.15911006927490234, -0.05924145504832268], [0.005792208015918732, -0.09754257649183273], [-0.2790467143058777, 0.2790672779083252]]",False
early_neutral,5,35,0.9883372209263579,0,[0],"[[-0.7777758836746216, 0.03965386003255844], [-0.017809711396694183, -0.032305698841810226], [0.16355562210083008, -0.05791476368904114], [0.012937432155013084, -0.0910787507891655], [-0.2879844009876251, 0.28422030806541443]]",False
early_neutral,5,36,0.988003998667111,0,[0],"[[-0.7839429974555969, 0.04579205811023712], [-0.020009102299809456, -0.03966028615832329], [0.16627007722854614, -0.05696602910757065], [0.021541593596339226, -0.08498130738735199], [-0.2968232035636902, 0.2893240451812744]]",False
early_neutral,5,37,0.987670776407864,0,[0],"[[-0.7904902696609497, 0.05225018411874771], [-0.022274380549788475, -0.04742344096302986], [0.16775530576705933, -0.05636519938707352], [0.028062844648957253, -0.07893513888120651], [-0.30565765500068665, 0.2944309711456299]]",False
early_neutral,5,38,0.9873375541486171,0,[0],"[[-0.797195553779602, 0.059061113744974136], [-0.023614922538399696, -0.05562087520956993], [0.16673749685287476, -0.05602925643324852], [0.029678739607334137, -0.07386066019535065], [-0.31462031602859497, 0.2996118366718292]]",False
early_neutral,5,39,0.9870043318893702,0,[0],"[[-0.803866446018219, 0.06621430069208145], [-0.024163465946912766, -0.0641268715262413], [0.16285021603107452, -0.055788055062294006], [0.027890222147107124, -0.06899494677782059], [-0.3227093517780304, 0.3050970137119293]]",False
early_neutral,5,40,0.9866711096301233,0,[0],"[[-0.8104711174964905, 0.073641337454319], [-0.025435328483581543, -0.07280513644218445], [0.15743939578533173, -0.055647678673267365], [0.025200748816132545, -0.06352962553501129], [-0.32892507314682007, 0.3096155822277069]]",False
early_neutral,5,41,0.9863378873708764,0,[0],"[[-0.8168838024139404, 0.0813249871134758], [-0.027668775990605354, -0.08156035095453262], [0.15059055387973785, -0.0553683340549469], [0.021767662838101387, -0.05789055675268173], [-0.33263465762138367, 0.31259873509407043]]",False
early_neutral,5,42,0.9860046651116294,0,[0],"[[-0.8226438164710999, 0.08888997882604599], [-0.028383897617459297, -0.08986771106719971], [0.1424665004014969, -0.054788731038570404], [0.01790723204612732, -0.05205005407333374], [-0.3348039984703064, 0.3139288127422333]]",False
early_neutral,5,43,0.9856714428523825,0,[0],"[[-0.826512336730957, 0.09624175727367401], [-0.024999678134918213, -0.09719835966825485], [0.1332734227180481, -0.05395258590579033], [0.01347334310412407, -0.045762401074171066], [-0.3367353081703186, 0.31504395604133606]]",False
early_neutral,5,44,0.9853382205931356,0,[0],"[[-0.8289675712585449, 0.1037774607539177], [-0.020355939865112305, -0.10451065748929977], [0.12318696081638336, -0.052939966320991516], [0.008448611944913864, -0.03954723849892616], [-0.3419794738292694, 0.3181126117706299]]",True
early_neutral,5,45,0.9850049983338887,0,[0],"[[-0.8307075500488281, 0.10938839614391327], [-0.019602352753281593, -0.11196877062320709], [0.11335930973291397, -0.051718030124902725], [0.0025146957486867905, -0.03328368812799454], [-0.34808847308158875, 0.32181793451309204]]",True
early_neutral,5,46,0.9846717760746417,0,[0],"[[-0.8316385746002197, 0.1113315150141716], [-0.02274532988667488, -0.11938393861055374], [0.10816945880651474, -0.050024427473545074], [-0.004228394944220781, -0.02687334641814232], [-0.35429325699806213, 0.32566753029823303]]",True
early_neutral,5,47,0.9843385538153949,0,[0],"[[-0.8316519856452942, 0.11134615540504456], [-0.027217911556363106, -0.12691135704517365], [0.10847293585538864, -0.047736868262290955], [-0.011781211011111736, -0.020403608679771423], [-0.35846734046936035, 0.32825636863708496]]",True
early_neutral,5,48,0.984005331556148,0,[0],"[[-0.8316519856452942, 0.11134615540504456], [-0.03325708955526352, -0.1343073546886444], [0.11006762832403183, -0.04466209560632706], [-0.02020113542675972, -0.014028754085302353], [-0.36043021082878113, 0.32947635650634766]]",True
early_neutral,5,49,0.9836721092969011,0,[0],"[[-0.8314537405967712, 0.11118270456790924], [-0.040889132767915726, -0.14123013615608215], [0.11155696213245392, -0.04098215699195862], [-0.029196755960583687, -0.007696791086345911], [-0.3604840040206909, 0.3295098543167114]]",True
early_neutral,5,50,0.9833388870376542,0,[0],"[[-0.8293635249137878, 0.10973049700260162], [-0.05098181217908859, -0.1465352177619934], [0.11278389394283295, -0.03687315061688423], [-0.038747549057006836, -0.0014810784487053752], [-0.36048102378845215, 0.3295082449913025]]",True
early_neutral,5,51,0.9830056647784072,0,[0],"[[-0.8259317874908447, 0.10786876827478409], [-0.062036361545324326, -0.15128536522388458], [0.11144956201314926, -0.03263906016945839], [-0.04862404614686966, 0.004700907506048679], [-0.3604779541492462, 0.3295065760612488]]",True
early_neutral,5,52,0.9826724425191603,0,[0],"[[-0.8224878311157227, 0.10633429884910583], [-0.07140985131263733, -0.15502305328845978], [0.10690777003765106, -0.02843240275979042], [-0.05857903137803078, 0.01096918061375618], [-0.3604191839694977, 0.32946982979774475]]",True
early_neutral,5,53,0.9823392202599134,0,[0],"[[-0.8191885948181152, 0.1050008162856102], [-0.07786428928375244, -0.1571250706911087], [0.10042592883110046, -0.0244688019156456], [-0.0685870498418808, 0.01730705052614212], [-0.3603365123271942, 0.3294180631637573]]",True
early_neutral,5,54,0.9820059980006665,0,[0],"[[-0.8155299425125122, 0.1036447212100029], [-0.08277839422225952, -0.1584715098142624], [0.09150305390357971, -0.022347358986735344], [-0.07862592488527298, 0.023703578859567642], [-0.36029136180877686, 0.329389750957489]]",True
early_neutral,5,55,0.9816727757414195,0,[0],"[[-0.8134198188781738, 0.10290264338254929], [-0.08603078126907349, -0.15920813381671906], [0.08120963722467422, -0.02181859314441681], [-0.08868096768856049, 0.03014899045228958], [-0.35963061451911926, 0.32964998483657837]]",True
early_neutral,5,56,0.9813395534821726,0,[0],"[[-0.8130089640617371, 0.10269424319267273], [-0.08798295259475708, -0.15956240892410278], [0.0706363096833229, -0.02188027650117874], [-0.0987873300909996, 0.03660529479384422], [-0.3580160140991211, 0.32976865768432617]]",True
early_neutral,5,57,0.9810063312229257,0,[0],"[[-0.8127155900001526, 0.10261999815702438], [-0.08836700767278671, -0.159629225730896], [0.059442147612571716, -0.022373931482434273], [-0.10896315425634384, 0.043049219995737076], [-0.3551631569862366, 0.32959485054016113]]",True
early_neutral,5,58,0.9806731089636788,0,[0],"[[-0.8092386722564697, 0.1024046391248703], [-0.08476444333791733, -0.15926393866539001], [0.0476369671523571, -0.02311027981340885], [-0.11902827769517899, 0.049590278416872025], [-0.3516736328601837, 0.329430490732193]]",True
early_neutral,5,59,0.9803398867044318,0,[0],"[[-0.8042864799499512, 0.10217724740505219], [-0.07963136583566666, -0.15889038145542145], [0.03525333106517792, -0.023657457903027534], [-0.12853212654590607, 0.05649517476558685], [-0.3474220931529999, 0.32938796281814575]]",True
early_neutral,5,60,0.9800066644451849,0,[0],"[[-0.8007445931434631, 0.10203678905963898], [-0.0765889436006546, -0.15854965150356293], [0.02242310531437397, -0.023893414065241814], [-0.13745877146720886, 0.06373246014118195], [-0.34346356987953186, 0.32948532700538635]]",True
early_neutral,5,61,0.979673442185938,0,[0],"[[-0.7993369102478027, 0.10195962339639664], [-0.07607431709766388, -0.158439040184021], [0.010499930940568447, -0.022545039653778076], [-0.14625494182109833, 0.07104756683111191], [-0.3394894301891327, 0.3297407031059265]]",True
early_neutral,5,62,0.9793402199266911,0,[0],"[[-0.7986311912536621, 0.10190954804420471], [-0.07745406031608582, -0.15819567441940308], [0.0011829505674540997, -0.01863529160618782], [-0.15505215525627136, 0.07836931943893433], [-0.33215564489364624, 0.3297387957572937]]",True
early_neutral,5,63,0.9790069976674441,0,[0],"[[-0.7946938872337341, 0.10172343254089355], [-0.08142956346273422, -0.1576635092496872], [-0.007400249131023884, -0.013417848385870457], [-0.16386324167251587, 0.08568944782018661], [-0.3232223093509674, 0.32941824197769165]]",True
early_neutral,5,64,0.9786737754081972,0,[0],"[[-0.7892407178878784, 0.10165280848741531], [-0.0869404748082161, -0.1571909338235855], [-0.015896065160632133, -0.0076101599261164665], [-0.17270439863204956, 0.09299826622009277], [-0.31386640667915344, 0.32928189635276794]]",True
early_neutral,5,65,0.9783405531489503,0,[0],"[[-0.7839786410331726, 0.10169093310832977], [-0.09391208738088608, -0.15664708614349365], [-0.024299899116158485, -0.001347500248812139], [-0.18155623972415924, 0.10030461102724075], [-0.3045107424259186, 0.3290708065032959]]",True
early_neutral,5,66,0.9780073308897035,0,[0],"[[-0.7787516117095947, 0.10176287591457367], [-0.1021953746676445, -0.15595705807209015], [-0.03361130133271217, 0.004670602735131979], [-0.19032496213912964, 0.10765552520751953], [-0.2949126362800598, 0.32854893803596497]]",True
early_neutral,5,67,0.9776741086304566,0,[0],"[[-0.7740898132324219, 0.10184131562709808], [-0.11158469319343567, -0.1551138162612915], [-0.04394691064953804, 0.010216481052339077], [-0.1989954113960266, 0.1150573119521141], [-0.28572145104408264, 0.32854893803596497]]",True
early_neutral,5,68,0.9773408863712096,0,[0],"[[-0.7698616981506348, 0.1018703281879425], [-0.12187734991312027, -0.15411219000816345], [-0.05466024577617645, 0.015675269067287445], [-0.20746144652366638, 0.12255969643592834], [-0.27639609575271606, 0.3285682797431946]]",True
early_neutral,5,69,0.9770076641119627,0,[0],"[[-0.7652806639671326, 0.101853147149086], [-0.13293707370758057, -0.1529541015625], [-0.06549394875764847, 0.021200591698288918], [-0.21565911173820496, 0.13018816709518433], [-0.2665129601955414, 0.32839876413345337]]",True
early_neutral,5,70,0.9766744418527158,0,[0],"[[-0.7615231275558472, 0.10178966075181961], [-0.14467944204807281, -0.15162193775177002], [-0.07634108513593674, 0.026840126141905785], [-0.22355127334594727, 0.1379523128271103], [-0.25831273198127747, 0.32730600237846375]]",True
early_neutral,5,71,0.9763412195934689,0,[0],"[[-0.7588145732879639, 0.10161784291267395], [-0.1569448709487915, -0.1500670462846756], [-0.08702602237462997, 0.03270125389099121], [-0.23105135560035706, 0.14587976038455963], [-0.25181031227111816, 0.3254022002220154]]",True
early_neutral,5,72,0.9760079973342219,0,[0],"[[-0.7578208446502686, 0.10087559372186661], [-0.16960370540618896, -0.1483023464679718], [-0.09757214784622192, 0.03873594477772713], [-0.23813965916633606, 0.15396632254123688], [-0.2466592937707901, 0.32235103845596313]]",True
early_neutral,5,73,0.975674775074975,0,[0],"[[-0.7580906748771667, 0.09832429140806198], [-0.18251648545265198, -0.14624597132205963], [-0.10832895338535309, 0.044662974774837494], [-0.2447083592414856, 0.16223658621311188], [-0.24098163843154907, 0.31823256611824036]]",True
early_neutral,5,74,0.9753415528157281,0,[0],"[[-0.7579290866851807, 0.09499844908714294], [-0.19464699923992157, -0.144118070602417], [-0.11935456097126007, 0.05041764676570892], [-0.25071707367897034, 0.17068544030189514], [-0.23460616171360016, 0.3138201832771301]]",True
early_neutral,5,75,0.9750083305564812,0,[0],"[[-0.7575856447219849, 0.0926869586110115], [-0.20263391733169556, -0.14250901341438293], [-0.13069218397140503, 0.055941082537174225], [-0.2559957802295685, 0.17933715879917145], [-0.22806397080421448, 0.30958014726638794]]",True
early_neutral,5,76,0.9746751082972342,0,[0],"[[-0.7570705413818359, 0.09041634202003479], [-0.208296537399292, -0.1410161405801773], [-0.14236946403980255, 0.061181601136922836], [-0.2603313624858856, 0.18820810317993164], [-0.22140833735466003, 0.3053121566772461]]",True
early_neutral,5,77,0.9743418860379873,0,[0],"[[-0.756123423576355, 0.08782818168401718], [-0.20981989800930023, -0.1405925154685974], [-0.1542826145887375, 0.06621315330266953], [-0.2637544274330139, 0.19724731147289276], [-0.21513381600379944, 0.3013646900653839]]",True
early_neutral,5,78,0.9740086637787404,0,[0],"[[-0.7544553875923157, 0.08508879691362381], [-0.20981989800930023, -0.1405925154685974], [-0.166130930185318, 0.07132380455732346], [-0.2665114402770996, 0.20638298988342285], [-0.2099991887807846, 0.29815658926963806]]",True
early_neutral,5,79,0.9736754415194935,0,[0],"[[-0.7525430917739868, 0.08284693211317062], [-0.20981989800930023, -0.1405925154685974], [-0.17787384986877441, 0.07654707878828049], [-0.2686775028705597, 0.2146390676498413], [-0.20648956298828125, 0.29597634077072144]]",True
early_neutral,5,80,0.9733422192602466,0,[0],"[[-0.7515526413917542, 0.08176515251398087], [-0.20981989800930023, -0.1405925154685974], [-0.1886768788099289, 0.08166754245758057], [-0.2700967788696289, 0.22003336250782013], [-0.20354682207107544, 0.2950458526611328]]",False
early_neutral,5,81,0.9730089970009996,0,[0],"[[-0.7514282464981079, 0.08163071423768997], [-0.2092450112104416, -0.14022056758403778], [-0.1962358057498932, 0.08518984168767929], [-0.271075040102005, 0.22372987866401672], [-0.20131516456604004, 0.29450809955596924]]",False
early_neutral,5,82,0.9726757747417527,0,[0],"[[-0.7520797252655029, 0.08007355779409409], [-0.20663104951381683, -0.1384672224521637], [-0.20125390589237213, 0.0873291864991188], [-0.2713945209980011, 0.2249365746974945], [-0.199223592877388, 0.2941471338272095]]",False
early_neutral,5,83,0.9723425524825058,0,[0],"[[-0.7534154653549194, 0.07734084129333496], [-0.2030644565820694, -0.13594959676265717], [-0.20714686810970306, 0.08987756073474884], [-0.27142134308815, 0.2250378429889679], [-0.1973421722650528, 0.29405125975608826]]",False
early_neutral,5,84,0.9720093302232589,0,[0],"[[-0.7553920745849609, 0.07378131151199341], [-0.19840937852859497, -0.13278231024742126], [-0.21402128040790558, 0.09297142177820206], [-0.2710512578487396, 0.2232207953929901], [-0.196170374751091, 0.29415977001190186]]",False
early_neutral,5,85,0.971676107964012,0,[0],"[[-0.7576808929443359, 0.06961599737405777], [-0.19250217080116272, -0.12917940318584442], [-0.22158576548099518, 0.0964655950665474], [-0.2707086503505707, 0.22029924392700195], [-0.19540180265903473, 0.29422274231910706]]",False
early_neutral,5,86,0.9713428857047651,0,[0],"[[-0.7602063417434692, 0.06491860002279282], [-0.18651512265205383, -0.12596726417541504], [-0.2291860580444336, 0.10000305622816086], [-0.27049165964126587, 0.2164788842201233], [-0.1970353126525879, 0.2944152057170868]]",False
early_neutral,5,87,0.9710096634455182,0,[0],"[[-0.7629048228263855, 0.05978547781705856], [-0.18105073273181915, -0.12376226484775543], [-0.236357644200325, 0.10349433124065399], [-0.27007484436035156, 0.2121882289648056], [-0.20107607543468475, 0.295027494430542]]",False
early_neutral,5,88,0.9706764411862713,0,[0],"[[-0.7658177018165588, 0.05409358814358711], [-0.1752350926399231, -0.1221260353922844], [-0.24259088933467865, 0.10645629465579987], [-0.2694203853607178, 0.20802360773086548], [-0.20644061267375946, 0.2960531711578369]]",False
early_neutral,5,89,0.9703432189270244,0,[0],"[[-0.7689234018325806, 0.04783402383327484], [-0.16927610337734222, -0.1225268766283989], [-0.2460748851299286, 0.10810145735740662], [-0.268501341342926, 0.2038804441690445], [-0.21322432160377502, 0.29715797305107117]]",False
early_neutral,5,90,0.9700099966677774,0,[0],"[[-0.7721604108810425, 0.04114990308880806], [-0.16337043046951294, -0.12403438985347748], [-0.24795426428318024, 0.10899277776479721], [-0.26695993542671204, 0.19981840252876282], [-0.22134849429130554, 0.2981448769569397]]",False
early_neutral,5,91,0.9696767744085305,0,[0],"[[-0.7754321694374084, 0.03422648832201958], [-0.1579679250717163, -0.12624050676822662], [-0.24903488159179688, 0.1095040887594223], [-0.26467040181159973, 0.19590862095355988], [-0.23044131696224213, 0.2988033890724182]]",True
early_neutral,5,92,0.9693435521492836,0,[0],"[[-0.7787768840789795, 0.026966789737343788], [-0.15424388647079468, -0.12926353514194489], [-0.24909450113773346, 0.10953208804130554], [-0.26133808493614197, 0.19273234903812408], [-0.23962494730949402, 0.2990066707134247]]",True
early_neutral,5,93,0.9690103298900367,0,[0],"[[-0.7810648083686829, 0.021469464525580406], [-0.15196165442466736, -0.13304676115512848], [-0.24864374101161957, 0.10926252603530884], [-0.26020166277885437, 0.19195663928985596], [-0.24915559589862823, 0.29870590567588806]]",True
early_neutral,5,94,0.9686771076307897,0,[0],"[[-0.7816164493560791, 0.019509056583046913], [-0.1517259180545807, -0.13699616491794586], [-0.24760615825653076, 0.10882990062236786], [-0.259604811668396, 0.19159986078739166], [-0.2594919800758362, 0.2978057861328125]]",True
early_neutral,5,95,0.9683438853715428,0,[0],"[[-0.7804036140441895, 0.02053600363433361], [-0.1517137885093689, -0.14111441373825073], [-0.24560868740081787, 0.10873635858297348], [-0.2570512592792511, 0.1898251324892044], [-0.27042850852012634, 0.29625630378723145]]",True
early_neutral,5,96,0.9680106631122959,0,[0],"[[-0.7781594395637512, 0.02307094819843769], [-0.15160293877124786, -0.14284788072109222], [-0.2426656186580658, 0.10889285057783127], [-0.25395041704177856, 0.18715189397335052], [-0.2818778455257416, 0.29418328404426575]]",True
early_neutral,5,97,0.967677440853049,0,[0],"[[-0.7755618095397949, 0.026412129402160645], [-0.15160293877124786, -0.14284788072109222], [-0.23908860981464386, 0.10911885648965836], [-0.2528131604194641, 0.1860973984003067], [-0.29355812072753906, 0.29138922691345215]]",True
early_neutral,5,98,0.967344218593802,0,[0],"[[-0.770975649356842, 0.02899884805083275], [-0.15160293877124786, -0.14284788072109222], [-0.23471203446388245, 0.10952603816986084], [-0.2528131604194641, 0.1860973984003067], [-0.30324307084083557, 0.2884346842765808]]",True
early_neutral,5,99,0.9670109963345551,0,[0],"[[-0.7656767964363098, 0.03130224347114563], [-0.15160293877124786, -0.14284788072109222], [-0.2296762466430664, 0.11003507673740387], [-0.25245049595832825, 0.18505977094173431], [-0.30920863151550293, 0.28401535749435425]]",True
early_neutral,5,100,0.9666777740753082,0,[0],"[[-0.7622084617614746, 0.032766278833150864], [-0.15153032541275024, -0.143032044172287], [-0.2234032154083252, 0.11085892468690872], [-0.2522922456264496, 0.18465374410152435], [-0.3132166862487793, 0.2793450355529785]]",True
early_neutral,5,101,0.9663445518160613,0,[0],"[[-0.759171724319458, 0.03388839587569237], [-0.1505405604839325, -0.1451108157634735], [-0.21611325442790985, 0.11161479353904724], [-0.2522922456264496, 0.18465374410152435], [-0.3154381811618805, 0.27541983127593994]]",True
early_neutral,5,102,0.9660113295568143,0,[0],"[[-0.7556123733520508, 0.034760866314172745], [-0.14879943430423737, -0.1479990929365158], [-0.2074858844280243, 0.1118752583861351], [-0.25181496143341064, 0.1836097240447998], [-0.31676185131073, 0.2714320421218872]]",True
early_neutral,5,103,0.9656781072975674,0,[0],"[[-0.7503055334091187, 0.034882836043834686], [-0.14766117930412292, -0.1496848464012146], [-0.19815033674240112, 0.11206933856010437], [-0.25042280554771423, 0.18088145554065704], [-0.31713104248046875, 0.2700628638267517]]",True
early_neutral,5,104,0.9653448850383206,0,[0],"[[-0.7444414496421814, 0.03498499095439911], [-0.14766117930412292, -0.1496848464012146], [-0.18908482789993286, 0.11218198388814926], [-0.24831010401248932, 0.17728260159492493], [-0.31713104248046875, 0.2700628638267517]]",True
early_neutral,5,105,0.9650116627790737,0,[0],"[[-0.7414305806159973, 0.035177867859601974], [-0.14753052592277527, -0.15020518004894257], [-0.18004202842712402, 0.11224308609962463], [-0.24606797099113464, 0.1733587086200714], [-0.31615954637527466, 0.2688923478126526]]",True
early_neutral,5,106,0.9646784405198268,0,[0],"[[-0.7409679293632507, 0.03522380068898201], [-0.14661270380020142, -0.1525162309408188], [-0.1707947850227356, 0.11226461082696915], [-0.24405649304389954, 0.1693822294473648], [-0.31370338797569275, 0.266383558511734]]",True
early_neutral,5,107,0.9643452182605798,0,[0],"[[-0.7389289736747742, 0.035445936024188995], [-0.14476695656776428, -0.15551544725894928], [-0.16128508746623993, 0.11228004842996597], [-0.24230529367923737, 0.1653541624546051], [-0.30998194217681885, 0.2632924020290375]]",True
early_neutral,5,108,0.9640119960013329,0,[0],"[[-0.7343313694000244, 0.03572189062833786], [-0.14373482763767242, -0.15678223967552185], [-0.15206563472747803, 0.11228277534246445], [-0.24088391661643982, 0.16127151250839233], [-0.30568060278892517, 0.2601798176765442]]",True
early_neutral,5,109,0.963678773742086,0,[0],"[[-0.7289307117462158, 0.03573860600590706], [-0.143728107213974, -0.1567889004945755], [-0.14256896078586578, 0.11229638010263443], [-0.23976506292819977, 0.1571502834558487], [-0.3011057674884796, 0.25723689794540405]]",True
early_neutral,5,110,0.9633455514828391,0,[0],"[[-0.7242598533630371, 0.03561985120177269], [-0.1427384465932846, -0.15746469795703888], [-0.133111834526062, 0.11230812221765518], [-0.23854902386665344, 0.1531011015176773], [-0.29627281427383423, 0.2544742524623871]]",True
early_neutral,5,111,0.9630123292235921,0,[0],"[[-0.719595193862915, 0.03542257472872734], [-0.14022478461265564, -0.15946514904499054], [-0.12384103238582611, 0.11231319606304169], [-0.23709779977798462, 0.14907926321029663], [-0.29119765758514404, 0.2519020736217499]]",True
early_neutral,5,112,0.9626791069643452,0,[0],"[[-0.7157476544380188, 0.03522219881415367], [-0.13723905384540558, -0.16237564384937286], [-0.11419809609651566, 0.11234195530414581], [-0.2353857010602951, 0.14503422379493713], [-0.28578853607177734, 0.24947485327720642]]",True
early_neutral,5,113,0.9623458847050983,0,[0],"[[-0.7121647000312805, 0.03504591062664986], [-0.13384602963924408, -0.16591225564479828], [-0.10496685653924942, 0.11234451085329056], [-0.23278428614139557, 0.14057385921478271], [-0.2792232036590576, 0.24683214724063873]]",True
early_neutral,5,114,0.9620126624458514,0,[0],"[[-0.7084397673606873, 0.03485782444477081], [-0.13049562275409698, -0.1694863736629486], [-0.09547018259763718, 0.11237373948097229], [-0.22867487370967865, 0.13566039502620697], [-0.2714276909828186, 0.24404525756835938]]",True
early_neutral,5,115,0.9616794401866045,0,[0],"[[-0.7040325403213501, 0.034038081765174866], [-0.12849925458431244, -0.17163704335689545], [-0.08601304888725281, 0.11239919066429138], [-0.22333556413650513, 0.1307954043149948], [-0.2631897032260895, 0.2413938194513321]]",True
early_neutral,5,116,0.9613462179273575,0,[0],"[[-0.702629804611206, 0.03337126225233078], [-0.1284758746623993, -0.17166216671466827], [-0.0767422541975975, 0.11241117864847183], [-0.21728667616844177, 0.12629544734954834], [-0.2548033595085144, 0.23894713819026947]]",True
early_neutral,5,117,0.9610129956681106,0,[0],"[[-0.7054147124290466, 0.03268113359808922], [-0.12767603993415833, -0.17174644768238068], [-0.06709931790828705, 0.11247920989990234], [-0.2105921357870102, 0.12220092862844467], [-0.2463335394859314, 0.2366248220205307]]",True
early_neutral,5,118,0.9606797734088637,0,[0],"[[-0.709281861782074, 0.03139882907271385], [-0.12408033758401871, -0.172332763671875], [-0.05786807835102081, 0.11248524487018585], [-0.20329970121383667, 0.118564672768116], [-0.23797474801540375, 0.2341383993625641]]",True
early_neutral,5,119,0.9603465511496168,0,[0],"[[-0.7144162058830261, 0.029889602214097977], [-0.11928108334541321, -0.17353178560733795], [-0.04837140068411827, 0.1125604584813118], [-0.19565452635288239, 0.11475937068462372], [-0.22974339127540588, 0.23147781193256378]]",True
early_neutral,5,120,0.9600133288903698,0,[0],"[[-0.7209082841873169, 0.028078002855181694], [-0.11351241171360016, -0.17524342238903046], [-0.038914281874895096, 0.11262593418359756], [-0.1880801022052765, 0.11002083122730255], [-0.2214515507221222, 0.22889821231365204]]",True
early_neutral,5,121,0.9596801066311229,0,[0],"[[-0.7286078333854675, 0.026002680882811546], [-0.10771774500608444, -0.17706245183944702], [-0.029428066685795784, 0.11258067190647125], [-0.18079760670661926, 0.10442814975976944], [-0.21302880346775055, 0.22650496661663055]]",True
early_neutral,5,122,0.9593468843718761,0,[0],"[[-0.7373291850090027, 0.023673610761761665], [-0.10335006564855576, -0.17845419049263], [-0.01915890723466873, 0.11261515319347382], [-0.173231303691864, 0.0984097346663475], [-0.20451413094997406, 0.22425299882888794]]",True
early_neutral,5,123,0.9590136621126292,0,[0],"[[-0.7468055486679077, 0.02116060070693493], [-0.10285481810569763, -0.17857933044433594], [-0.01179396454244852, 0.11416438966989517], [-0.16538897156715393, 0.09207751601934433], [-0.19596341252326965, 0.22205954790115356]]",True
early_neutral,5,124,0.9586804398533822,0,[0],"[[-0.7567060589790344, 0.01854306273162365], [-0.10269839316606522, -0.17859354615211487], [-0.0061669377610087395, 0.11654166877269745], [-0.15715619921684265, 0.0855933427810669], [-0.18780529499053955, 0.22003401815891266]]",True
early_neutral,5,125,0.9583472175941353,0,[0],"[[-0.7672773599624634, 0.015754718333482742], [-0.09992752969264984, -0.17883579432964325], [-0.0009264526888728142, 0.1200391948223114], [-0.1483413577079773, 0.07915016263723373], [-0.18163876235485077, 0.2187587469816208]]",True
early_neutral,5,126,0.9580139953348884,0,[0],"[[-0.7784332036972046, 0.012815520167350769], [-0.09579624235630035, -0.17917600274085999], [0.004701214376837015, 0.12467996031045914], [-0.1390179693698883, 0.07278650254011154], [-0.17539890110492706, 0.21774114668369293]]",True
early_neutral,5,127,0.9576807730756415,0,[0],"[[-0.7900700569152832, 0.009752782061696053], [-0.09023640304803848, -0.17959706485271454], [0.011168555356562138, 0.12896382808685303], [-0.12917375564575195, 0.0665813460946083], [-0.16831877827644348, 0.21689312160015106]]",True
early_neutral,5,128,0.9573475508163946,0,[0],"[[-0.8010668754577637, 0.00686092022806406], [-0.0842021107673645, -0.17999131977558136], [0.017758231610059738, 0.13322915136814117], [-0.11883074790239334, 0.060584429651498795], [-0.15989035367965698, 0.21627873182296753]]",True
early_neutral,5,129,0.9570143285571476,0,[0],"[[-0.8098287582397461, 0.004558413755148649], [-0.07779105007648468, -0.1803426593542099], [0.02443251572549343, 0.137992262840271], [-0.10783788561820984, 0.054981883615255356], [-0.15168878436088562, 0.21602021157741547]]",True
early_neutral,5,130,0.9566811062979007,0,[0],"[[-0.8182894587516785, 0.0023377169854938984], [-0.07137521356344223, -0.18061581254005432], [0.03118043951690197, 0.14173009991645813], [-0.09619616717100143, 0.04986554756760597], [-0.14526288211345673, 0.21620182693004608]]",True
early_neutral,5,131,0.9563478840386538,0,[0],"[[-0.8230190277099609, 0.001144750160165131], [-0.06507166475057602, -0.18075546622276306], [0.03802066668868065, 0.14356976747512817], [-0.0839240774512291, 0.04533398151397705], [-0.1388813555240631, 0.2167247235774994]]",True
early_neutral,5,132,0.9560146617794069,0,[0],"[[-0.8237507343292236, 0.000985591090284288], [-0.058638133108615875, -0.18075883388519287], [0.044764380902051926, 0.1438991129398346], [-0.07104409486055374, 0.041508108377456665], [-0.1325916051864624, 0.21740780770778656]]",True
early_neutral,5,133,0.9556814395201599,0,[0],"[[-0.8237543702125549, 0.0009848815388977528], [-0.052208904176950455, -0.1806252896785736], [0.05291631817817688, 0.1443062573671341], [-0.05767648294568062, 0.03839912265539169], [-0.1263624131679535, 0.2181822657585144]]",True
early_neutral,5,134,0.955348217260913,0,[0],"[[-0.8237543702125549, 0.0009848815388977528], [-0.04587186127901077, -0.1803789585828781], [0.062182892113924026, 0.14478541910648346], [-0.04397973418235779, 0.03590299189090729], [-0.12007266283035278, 0.21906284987926483]]",True
early_neutral,5,135,0.9550149950016661,0,[0],"[[-0.8237543702125549, 0.0009848815388977528], [-0.03950005769729614, -0.1800203025341034], [0.07142575085163116, 0.14481398463249207], [-0.03003322333097458, 0.034017741680145264], [-0.11301776766777039, 0.21999888122081757]]",True
early_neutral,5,136,0.9546817727424192,0,[0],"[[-0.8237543702125549, 0.0009848815388977528], [-0.03310700133442879, -0.17955070734024048], [0.08080913871526718, 0.14509059488773346], [-0.01590443029999733, 0.03276408463716507], [-0.10464336723089218, 0.22087650001049042]]",True
early_neutral,5,137,0.9543485504831722,0,[0],"[[-0.8237543702125549, 0.0009848815388977528], [-0.026749929413199425, -0.17904403805732727], [0.08807218819856644, 0.14563411474227905], [-0.0016640345565974712, 0.03215515613555908], [-0.09651642292737961, 0.22155633568763733]]",False
early_neutral,5,138,0.9540153282239253,0,[0],"[[-0.8237543702125549, 0.0009848815388977528], [-0.020447535440325737, -0.1785421073436737], [0.09367311745882034, 0.1466730833053589], [0.011754754930734634, 0.032004401087760925], [-0.09328755736351013, 0.2218206524848938]]",False
early_neutral,5,139,0.9536821059646784,0,[0],"[[-0.8237543702125549, 0.0009848815388977528], [-0.014061289839446545, -0.17803390324115753], [0.09859422594308853, 0.14832381904125214], [0.021799439564347267, 0.03168374300003052], [-0.09312228113412857, 0.2218920886516571]]",False
early_neutral,5,140,0.9533488837054315,0,[0],"[[-0.8237543702125549, 0.0009848815388977528], [-0.008004034869372845, -0.17643676698207855], [0.10276664793491364, 0.1497863531112671], [0.031192630529403687, 0.03112296760082245], [-0.09561634808778763, 0.2230886071920395]]",False
early_neutral,5,141,0.9530156614461847,0,[0],"[[-0.8237543702125549, 0.0009848815388977528], [-0.0021823998540639877, -0.17305812239646912], [0.10400412976741791, 0.1502201110124588], [0.04084472730755806, 0.030489591881632805], [-0.09928331524133682, 0.22489410638809204]]",False
early_neutral,5,142,0.9526824391869377,0,[0],"[[-0.8237543702125549, 0.0009848815388977528], [0.004161329939961433, -0.16893257200717926], [0.10384248197078705, 0.1501597911119461], [0.05126113072037697, 0.029787050560116768], [-0.10331560671329498, 0.22753117978572845]]",False
early_neutral,5,143,0.9523492169276908,0,[0],"[[-0.8237543702125549, 0.0009848815388977528], [0.011409961618483067, -0.16447626054286957], [0.10136598348617554, 0.14926905930042267], [0.059348247945308685, 0.029127195477485657], [-0.10724414885044098, 0.23044604063034058]]",False
early_neutral,5,144,0.9520159946684439,0,[0],"[[-0.8237543702125549, 0.0009848815388977528], [0.019486255943775177, -0.15978722274303436], [0.09738737344741821, 0.14787915349006653], [0.06684041023254395, 0.028584595769643784], [-0.1101234033703804, 0.23398976027965546]]",False
early_neutral,5,145,0.951682772409197,0,[0],"[[-0.8237543702125549, 0.0009848815388977528], [0.028355976566672325, -0.15493255853652954], [0.09212658554315567, 0.1460677981376648], [0.07453642040491104, 0.028232192620635033], [-0.112798772752285, 0.23779624700546265]]",False
early_neutral,5,146,0.95134955014995,0,[0],"[[-0.8237543702125549, 0.0009848815388977528], [0.038132194429636, -0.15014566481113434], [0.08563310652971268, 0.1438213288784027], [0.08369982242584229, 0.028108293190598488], [-0.11504896730184555, 0.24171751737594604]]",False
early_neutral,5,147,0.9510163278907031,0,[0],"[[-0.8237543702125549, 0.0009848815388977528], [0.04775738716125488, -0.14592194557189941], [0.07810105383396149, 0.14112576842308044], [0.09293550252914429, 0.028567787259817123], [-0.11668851226568222, 0.24576321244239807]]",False
early_neutral,5,148,0.9506831056314562,0,[0],"[[-0.8237543702125549, 0.0009848815388977528], [0.05583030357956886, -0.1430179923772812], [0.07019977271556854, 0.13755492866039276], [0.10256496071815491, 0.028389688581228256], [-0.11755670607089996, 0.2499089241027832]]",False
early_neutral,5,149,0.9503498833722093,0,[0],"[[-0.8237543702125549, 0.0009848815388977528], [0.06393799185752869, -0.1406012922525406], [0.06245486065745354, 0.13295337557792664], [0.11185894906520844, 0.027370747178792953], [-0.1171787679195404, 0.2536187171936035]]",True
early_neutral,5,150,0.9500166611129623,0,[0],"[[-0.8237543702125549, 0.0009848815388977528], [0.07017536461353302, -0.13928404450416565], [0.05561606585979462, 0.12768873572349548], [0.12045868486166, 0.026659701019525528], [-0.11346495896577835, 0.2550148069858551]]",True
early_neutral,5,151,0.9496834388537154,0,[0],"[[-0.8237543702125549, 0.0009848815388977528], [0.07649829983711243, -0.13852496445178986], [0.04944150149822235, 0.12170001864433289], [0.1297004371881485, 0.02643454633653164], [-0.10764304548501968, 0.2551567852497101]]",True
early_neutral,5,152,0.9493502165944685,0,[0],"[[-0.8237543702125549, 0.0009848815388977528], [0.08291882276535034, -0.13831612467765808], [0.044334571808576584, 0.11546590924263], [0.13831251859664917, 0.025921238586306572], [-0.10124833136796951, 0.2547314763069153]]",True
early_neutral,5,153,0.9490169943352216,0,[0],"[[-0.8237543702125549, 0.0009848815388977528], [0.0893206000328064, -0.13869740068912506], [0.041361842304468155, 0.10981286317110062], [0.14560097455978394, 0.025540776550769806], [-0.09501954913139343, 0.25369811058044434]]",True
early_neutral,5,154,0.9486837720759747,0,[0],"[[-0.8237543702125549, 0.0009848815388977528], [0.095578633248806, -0.13965556025505066], [0.03975430876016617, 0.10401760041713715], [0.15276411175727844, 0.027130696922540665], [-0.08897507935762405, 0.25226762890815735]]",True
early_neutral,5,155,0.9483505498167277,0,[0],"[[-0.8237543702125549, 0.0009848815388977528], [0.1015867292881012, -0.1411447525024414], [0.040171846747398376, 0.09967994689941406], [0.1581500917673111, 0.02967306599020958], [-0.0830928161740303, 0.25081345438957214]]",True
early_neutral,5,156,0.9480173275574808,0,[0],"[[-0.8237543702125549, 0.0009848815388977528], [0.10720089077949524, -0.14314855635166168], [0.042286086827516556, 0.09573131054639816], [0.16365402936935425, 0.03303147107362747], [-0.07710840553045273, 0.2492762804031372]]",True
early_neutral,5,157,0.9476841052982339,0,[0],"[[-0.8237543702125549, 0.0009848815388977528], [0.11224775016307831, -0.14570577442646027], [0.043796196579933167, 0.09304629266262054], [0.16973742842674255, 0.03672495856881142], [-0.07221335172653198, 0.24801014363765717]]",True
early_neutral,5,158,0.947350883038987,0,[0],"[[-0.8237543702125549, 0.0009848815388977528], [0.11562757939100266, -0.1490200161933899], [0.04384935647249222, 0.09295102953910828], [0.17651300132274628, 0.04077954217791557], [-0.07159364223480225, 0.24789409339427948]]",True
early_neutral,5,159,0.94701766077974,0,[0],"[[-0.8237543702125549, 0.0009848815388977528], [0.11871883273124695, -0.15268990397453308], [0.04440978169441223, 0.09272968769073486], [0.18295881152153015, 0.04461166262626648], [-0.07159364223480225, 0.24789409339427948]]",True
early_neutral,5,160,0.9466844385204932,0,[0],"[[-0.8237543702125549, 0.0009848815388977528], [0.12112834304571152, -0.15656891465187073], [0.047840896993875504, 0.09146954864263535], [0.18728399276733398, 0.04718314856290817], [-0.07159364223480225, 0.24789409339427948]]",True
early_neutral,5,161,0.9463512162612463,0,[0],"[[-0.8237543702125549, 0.0009848815388977528], [0.12281232327222824, -0.1606077402830124], [0.052730221301317215, 0.08987456560134888], [0.1892346888780594, 0.0483444482088089], [-0.07107566297054291, 0.24786631762981415]]",True
early_neutral,5,162,0.9460179940019994,0,[0],"[[-0.8237543702125549, 0.0009848815388977528], [0.12417297810316086, -0.1646994650363922], [0.05669228732585907, 0.08868451416492462], [0.1892654150724411, 0.04836273938417435], [-0.06750215590000153, 0.2476566731929779]]",True
early_neutral,5,163,0.9456847717427525,0,[0],"[[-0.8237543702125549, 0.0009848815388977528], [0.12532885372638702, -0.16881777346134186], [0.05683053657412529, 0.08864310383796692], [0.1892654150724411, 0.04836273938417435], [-0.062455084174871445, 0.24732306599617004]]",True
early_neutral,5,164,0.9453515494835055,0,[0],"[[-0.8237543702125549, 0.0009848815388977528], [0.1264171600341797, -0.17294399440288544], [0.05683053657412529, 0.08864310383796692], [0.18802346289157867, 0.04894951358437538], [-0.05997324734926224, 0.24715055525302887]]",True
early_neutral,5,165,0.9450183272242586,0,[0],"[[-0.8237543702125549, 0.0009848815388977528], [0.12760640680789948, -0.1770584136247635], [0.05683053657412529, 0.08864310383796692], [0.18604275584220886, 0.04935295507311821], [-0.05997324734926224, 0.24715055525302887]]",True
early_neutral,5,166,0.9446851049650117,0,[0],"[[-0.8237543702125549, 0.0009848815388977528], [0.1287093311548233, -0.1806364804506302], [0.05683053657412529, 0.08864310383796692], [0.18320322036743164, 0.04928822070360184], [-0.05997324734926224, 0.24715055525302887]]",True
early_neutral,5,167,0.9443518827057648,0,[0],"[[-0.8237543702125549, 0.0009848815388977528], [0.12887859344482422, -0.18119297921657562], [0.05683053657412529, 0.08864310383796692], [0.17975391447544098, 0.04923567920923233], [-0.05997324734926224, 0.24715055525302887]]",True
early_neutral,5,168,0.9440186604465178,0,[0],"[[-0.8237543702125549, 0.0009848815388977528], [0.12889662384986877, -0.18120986223220825], [0.05683053657412529, 0.08864310383796692], [0.17561089992523193, 0.04928739368915558], [-0.05997324734926224, 0.24715055525302887]]",True
early_neutral,5,169,0.9436854381872709,0,[0],"[[-0.8237543702125549, 0.0009848815388977528], [0.13057637214660645, -0.1826859563589096], [0.05683053657412529, 0.08864310383796692], [0.17170342803001404, 0.04948737099766731], [-0.05997324734926224, 0.24715055525302887]]",True
early_neutral,5,170,0.943352215928024,0,[0],"[[-0.8237543702125549, 0.0009848815388977528], [0.1334337443113327, -0.18497620522975922], [0.05683053657412529, 0.08864310383796692], [0.16872462630271912, 0.04989643022418022], [-0.05997324734926224, 0.24715055525302887]]",True
early_neutral,5,171,0.9430189936687771,0,[0],"[[-0.8237543702125549, 0.0009848815388977528], [0.13586142659187317, -0.18766780197620392], [0.05683053657412529, 0.08864310383796692], [0.16609203815460205, 0.0503043569624424], [-0.05997324734926224, 0.24715055525302887]]",True
early_neutral,5,172,0.9426857714095301,0,[0],"[[-0.8237543702125549, 0.0009848815388977528], [0.13324813544750214, -0.18990547955036163], [0.05691662058234215, 0.08857119828462601], [0.16255928575992584, 0.05049838498234749], [-0.05997324734926224, 0.24715055525302887]]",False
early_neutral,5,173,0.9423525491502832,0,[0],"[[-0.8237112164497375, 0.0010175248607993126], [0.12801678478717804, -0.19144615530967712], [0.05707045644521713, 0.08844270557165146], [0.15889734029769897, 0.050569213926792145], [-0.05960322543978691, 0.24679850041866302]]",False
early_neutral,5,174,0.9420193268910363,0,[0],"[[-0.8216133117675781, 0.002571570686995983], [0.12620919942855835, -0.19377270340919495], [0.05724044516682625, 0.08830071985721588], [0.15606342256069183, 0.050624020397663116], [-0.05764373019337654, 0.24457187950611115]]",False
early_neutral,5,175,0.9416861046317894,0,[0],"[[-0.8182594180107117, 0.004977131728082895], [0.12804251909255981, -0.19701868295669556], [0.057411450892686844, 0.08815788477659225], [0.1543378084897995, 0.05052421614527702], [-0.055522266775369644, 0.24128064513206482]]",False
early_neutral,5,176,0.9413528823725424,0,[0],"[[-0.8138911128044128, 0.00807249080389738], [0.12958572804927826, -0.19905851781368256], [0.057567037642002106, 0.08802792429924011], [0.15418590605258942, 0.048769671469926834], [-0.05493185669183731, 0.2370850145816803]]",False
early_neutral,5,177,0.9410196601132955,0,[0],"[[-0.8087570667266846, 0.011932541616261005], [0.12958790361881256, -0.19906143844127655], [0.0576535202562809, 0.08795569092035294], [0.1549975872039795, 0.04592841491103172], [-0.057124651968479156, 0.23230420053005219]]",False
early_neutral,5,178,0.9406864378540486,0,[0],"[[-0.8030763268470764, 0.016473175957798958], [0.129042848944664, -0.19908849895000458], [0.0576535202562809, 0.08795569092035294], [0.15618841350078583, 0.04218215122818947], [-0.060240793973207474, 0.22733747959136963]]",False
early_neutral,5,179,0.9403532155948018,0,[0],"[[-0.796959638595581, 0.021217361092567444], [0.12593388557434082, -0.19926531612873077], [0.0576535202562809, 0.08795569092035294], [0.15701353549957275, 0.03758755698800087], [-0.062128398567438126, 0.22333423793315887]]",False
early_neutral,5,180,0.9400199933355549,0,[0],"[[-0.790067195892334, 0.026290347799658775], [0.12149910628795624, -0.19956158101558685], [0.0576535202562809, 0.08795569092035294], [0.15725485980510712, 0.03254735842347145], [-0.06339294463396072, 0.2192310392856598]]",False
early_neutral,5,181,0.9396867710763079,0,[0],"[[-0.7830420732498169, 0.03163529932498932], [0.11558439582586288, -0.19996948540210724], [0.05761829763650894, 0.08796761184930801], [0.15678752958774567, 0.02691875584423542], [-0.063901387155056, 0.2171335071325302]]",False
early_neutral,5,182,0.939353548817061,0,[0],"[[-0.7762644290924072, 0.0374855138361454], [0.10822588950395584, -0.20041148364543915], [0.05578988790512085, 0.08859965950250626], [0.1562567502260208, 0.02078520692884922], [-0.063901387155056, 0.2171335071325302]]",False
early_neutral,5,183,0.9390203265578141,0,[0],"[[-0.7702182531356812, 0.04339359700679779], [0.10048002004623413, -0.20081683993339539], [0.0530245304107666, 0.08958425372838974], [0.15386207401752472, 0.015002597123384476], [-0.06494450569152832, 0.2168760746717453]]",False
early_neutral,5,184,0.9386871042985672,0,[0],"[[-0.7669258713722229, 0.047294728457927704], [0.09764090925455093, -0.20098058879375458], [0.04980598762631416, 0.09076587855815887], [0.149115189909935, 0.009610624052584171], [-0.06860236078500748, 0.2161255031824112]]",False
early_neutral,5,185,0.9383538820393202,0,[0],"[[-0.7651861906051636, 0.050345152616500854], [0.09764090925455093, -0.20098058879375458], [0.04574473574757576, 0.09229633957147598], [0.14183543622493744, 0.004876758437603712], [-0.07370826601982117, 0.21535766124725342]]",False
early_neutral,5,186,0.9380206597800733,0,[0],"[[-0.7646179795265198, 0.051905903965234756], [0.09764090925455093, -0.20098058879375458], [0.04053764045238495, 0.09431659430265427], [0.1338563859462738, 0.0007347760838456452], [-0.0800025537610054, 0.21477186679840088]]",False
early_neutral,5,187,0.9376874375208264,0,[0],"[[-0.7645650506019592, 0.05229094251990318], [0.09764090925455093, -0.20098058879375458], [0.03415169566869736, 0.09680488705635071], [0.12484025955200195, -0.0012856369139626622], [-0.0864238366484642, 0.21453127264976501]]",False
early_neutral,5,188,0.9373542152615795,0,[0],"[[-0.7645655274391174, 0.05229876935482025], [0.0963495597243309, -0.2005690038204193], [0.02671104297041893, 0.09971145540475845], [0.11480755358934402, -0.0030591487884521484], [-0.0928536131978035, 0.2146417647600174]]",False
early_neutral,5,189,0.9370209930023325,0,[0],"[[-0.7645655274391174, 0.05229876935482025], [0.09256912767887115, -0.1996147334575653], [0.0185407567769289, 0.10290578007698059], [0.10452137142419815, -0.004372038878500462], [-0.09924773126840591, 0.21509553492069244]]",False
early_neutral,5,190,0.9366877707430856,0,[0],"[[-0.7648047208786011, 0.05240795761346817], [0.08723488450050354, -0.19869551062583923], [0.009644283913075924, 0.1063845232129097], [0.09343424439430237, -0.005040162242949009], [-0.1055988296866417, 0.21586838364601135]]",False
early_neutral,5,191,0.9363545484838387,0,[0],"[[-0.7673370838165283, 0.053669340908527374], [0.08140454441308975, -0.1978728026151657], [0.00036509818164631724, 0.11001329123973846], [0.08163410425186157, -0.005138303618878126], [-0.11203364282846451, 0.21678556501865387]]",False
early_neutral,5,192,0.9360213262245918,0,[0],"[[-0.7699262499809265, 0.05513327941298485], [0.07517397403717041, -0.19709652662277222], [-0.009171925485134125, 0.11374302208423615], [0.06934355199337006, -0.004229160025715828], [-0.11931991577148438, 0.21793323755264282]]",False
early_neutral,5,193,0.9356881039653449,0,[0],"[[-0.7717733383178711, 0.056186530739068985], [0.06883088499307632, -0.1963966339826584], [-0.019253211095929146, 0.11768573522567749], [0.05692697688937187, -0.002127178478986025], [-0.12707310914993286, 0.2192714661359787]]",False
early_neutral,5,194,0.9353548817060979,0,[0],"[[-0.7726481556892395, 0.05662572383880615], [0.06361891329288483, -0.1944441795349121], [-0.029817745089530945, 0.12181748449802399], [0.044484563171863556, 0.0007071998552419245], [-0.13574860990047455, 0.22089292109012604]]",False
early_neutral,5,195,0.935021659446851,0,[0],"[[-0.772668182849884, 0.05663447454571724], [0.059121597558259964, -0.19152048230171204], [-0.04076971858739853, 0.12610076367855072], [0.032250504940748215, 0.004349461756646633], [-0.14453522861003876, 0.2226475179195404]]",False
early_neutral,5,196,0.9346884371876041,0,[0],"[[-0.772668182849884, 0.05663447454571724], [0.05446959659457207, -0.18863236904144287], [-0.05202248692512512, 0.13050170242786407], [0.020147807896137238, 0.008477477356791496], [-0.15326963365077972, 0.22450919449329376]]",False
early_neutral,5,197,0.9343552149283573,0,[0],"[[-0.772668182849884, 0.05663447454571724], [0.04925459623336792, -0.186186283826828], [-0.06350693851709366, 0.1349932700395584], [0.008119259029626846, 0.012908261269330978], [-0.16193421185016632, 0.22650408744812012]]",False
early_neutral,5,198,0.9340219926691103,0,[0],"[[-0.772668182849884, 0.05663447454571724], [0.043584175407886505, -0.18423409759998322], [-0.07516879588365555, 0.1395542323589325], [-0.0032638143748044968, 0.01733839511871338], [-0.17052116990089417, 0.22863638401031494]]",False
early_neutral,5,199,0.9336887704098634,0,[0],"[[-0.772668182849884, 0.05663447454571724], [0.03788204863667488, -0.1827567219734192], [-0.08696585148572922, 0.14416809380054474], [-0.01180411595851183, 0.020638618618249893], [-0.17902334034442902, 0.23090797662734985]]",False
early_neutral,5,200,0.9333555481506165,0,[0],"[[-0.772668182849884, 0.05663447454571724], [0.031784072518348694, -0.18162456154823303], [-0.09886559844017029, 0.1488221138715744], [-0.01974189467728138, 0.023653702810406685], [-0.18743376433849335, 0.23331986367702484]]",False
early_neutral,5,201,0.9330223258913696,0,[0],"[[-0.772668182849884, 0.05663447454571724], [0.025456145405769348, -0.1808772087097168], [-0.11084315180778503, 0.15350660681724548], [-0.02771654538810253, 0.02662728540599346], [-0.19574739038944244, 0.235869899392128]]",False
early_neutral,5,202,0.9326891036321227,0,[0],"[[-0.772668182849884, 0.05663447454571724], [0.01911143772304058, -0.18033048510551453], [-0.1228795275092125, 0.15821407735347748], [-0.035731274634599686, 0.029554886743426323], [-0.2039603590965271, 0.2385544627904892]]",False
early_neutral,5,203,0.9323558813728757,0,[0],"[[-0.772668182849884, 0.05663447454571724], [0.012803388759493828, -0.17986558377742767], [-0.13495704531669617, 0.16293776035308838], [-0.04377567768096924, 0.03244785591959953], [-0.21206814050674438, 0.2413712441921234]]",False
early_neutral,5,204,0.9320226591136288,0,[0],"[[-0.772668182849884, 0.05663447454571724], [0.006398120429366827, -0.17947222292423248], [-0.14706440269947052, 0.16767311096191406], [-0.05183237046003342, 0.03532630205154419], [-0.22007566690444946, 0.24430696666240692]]",False
early_neutral,5,205,0.9316894368543819,0,[0],"[[-0.772668182849884, 0.05663447454571724], [3.6831067973253084e-06, -0.17907792329788208], [-0.15917788445949554, 0.17241087555885315], [-0.059922344982624054, 0.03816458210349083], [-0.22798305749893188, 0.24735549092292786]]",False
early_neutral,5,206,0.931356214595135,0,[0],"[[-0.772668182849884, 0.05663447454571724], [-0.006273989100009203, -0.17859213054180145], [-0.17131316661834717, 0.1771572083234787], [-0.06819777190685272, 0.04076553136110306], [-0.23416610062122345, 0.2502604126930237]]",False
early_neutral,5,207,0.931022992335888,0,[0],"[[-0.772668182849884, 0.05663447454571724], [-0.012642817571759224, -0.17799922823905945], [-0.18346844613552094, 0.18191136419773102], [-0.07666940987110138, 0.04308360815048218], [-0.23648878931999207, 0.2540864050388336]]",False
early_neutral,5,208,0.9306897700766411,0,[0],"[[-0.772668182849884, 0.05663447454571724], [-0.018989017233252525, -0.1773180067539215], [-0.19538454711437225, 0.18657048046588898], [-0.08268111944198608, 0.04462207481265068], [-0.2370893955230713, 0.2582530975341797]]",False
early_neutral,5,209,0.9303565478173942,0,[0],"[[-0.772668182849884, 0.05663447454571724], [-0.025206418707966805, -0.17658615112304688], [-0.20689629018306732, 0.19109095633029938], [-0.08415959030389786, 0.045000430196523666], [-0.237443745136261, 0.262433260679245]]",True
early_neutral,5,210,0.9300233255581473,0,[0],"[[-0.772668182849884, 0.05663447454571724], [-0.031519290059804916, -0.1757783740758896], [-0.21470175683498383, 0.19477607309818268], [-0.08314863592386246, 0.044749390333890915], [-0.23765642940998077, 0.2666175067424774]]",True
early_neutral,5,211,0.9296901032989003,0,[0],"[[-0.772668182849884, 0.05663447454571724], [-0.03781312704086304, -0.17491118609905243], [-0.21857956051826477, 0.19829033315181732], [-0.07957559078931808, 0.04388539865612984], [-0.23769070208072662, 0.270803838968277]]",True
early_neutral,5,212,0.9293568810396534,0,[0],"[[-0.7720006108283997, 0.05763254687190056], [-0.04398030415177345, -0.17401565611362457], [-0.21983186900615692, 0.20196391642093658], [-0.07489869743585587, 0.042795419692993164], [-0.23751668632030487, 0.27498874068260193]]",True
early_neutral,5,213,0.9290236587804065,0,[0],"[[-0.7702445983886719, 0.06024906039237976], [-0.05024462565779686, -0.1730610728263855], [-0.21915358304977417, 0.20579977333545685], [-0.07310663908720016, 0.04238326475024223], [-0.2371682971715927, 0.2791691720485687]]",True
early_neutral,5,214,0.9286904365211596,0,[0],"[[-0.7680423855781555, 0.06351524591445923], [-0.05649278685450554, -0.172063410282135], [-0.216553196310997, 0.20932058990001678], [-0.07309508323669434, 0.04238060861825943], [-0.2367630898952484, 0.2833474576473236]]",True
early_neutral,5,215,0.9283572142619126,0,[0],"[[-0.7661452293395996, 0.06629534065723419], [-0.06264545768499374, -0.17102812230587006], [-0.21340064704418182, 0.21361824870109558], [-0.07266633957624435, 0.043500643223524094], [-0.2365184724330902, 0.2858550548553467]]",True
early_neutral,5,216,0.9280239920026658,0,[0],"[[-0.7641711235046387, 0.06914928555488586], [-0.06881672143936157, -0.16993337869644165], [-0.2085130214691162, 0.21781763434410095], [-0.07181325554847717, 0.04616697505116463], [-0.23651573061943054, 0.28588441014289856]]",True
early_neutral,5,217,0.9276907697434189,0,[0],"[[-0.7622217535972595, 0.07192625105381012], [-0.07500125467777252, -0.16877961158752441], [-0.2025272697210312, 0.22233422100543976], [-0.07125858962535858, 0.04975629225373268], [-0.23672115802764893, 0.2863946855068207]]",True
early_neutral,5,218,0.927357547484172,0,[0],"[[-0.7596724033355713, 0.07500352710485458], [-0.08112005144357681, -0.1675606220960617], [-0.19630199670791626, 0.22714731097221375], [-0.07343220710754395, 0.05341646820306778], [-0.2376490980386734, 0.2886955738067627]]",True
early_neutral,5,219,0.9270243252249251,0,[0],"[[-0.7562990784645081, 0.0782255306839943], [-0.08715008944272995, -0.16626934707164764], [-0.1898995190858841, 0.23095503449440002], [-0.0769183337688446, 0.05687859654426575], [-0.23892241716384888, 0.2918396294116974]]",True
early_neutral,5,220,0.9266911029656781,0,[0],"[[-0.7522482872009277, 0.08136879652738571], [-0.09321864694356918, -0.16487900912761688], [-0.18326200544834137, 0.23303194344043732], [-0.08175009489059448, 0.059315428137779236], [-0.24065597355365753, 0.2955372929573059]]",True
early_neutral,5,221,0.9263578807064312,0,[0],"[[-0.7479016184806824, 0.08276812732219696], [-0.0968172550201416, -0.16395753622055054], [-0.1765681654214859, 0.23359543085098267], [-0.08758866786956787, 0.06085255369544029], [-0.24117125570774078, 0.2965618669986725]]",True
early_neutral,5,222,0.9260246584471843,0,[0],"[[-0.743255615234375, 0.08135019242763519], [-0.0968594029545784, -0.16394394636154175], [-0.16957959532737732, 0.23388080298900604], [-0.09363605082035065, 0.06226010248064995], [-0.24117125570774078, 0.2965618669986725]]",True
early_neutral,5,223,0.9256914361879374,0,[0],"[[-0.7389144897460938, 0.0791889876127243], [-0.0968594029545784, -0.16394394636154175], [-0.16426841914653778, 0.234103724360466], [-0.09960372745990753, 0.06347570568323135], [-0.24117125570774078, 0.2965618669986725]]",True
early_neutral,5,224,0.9253582139286904,0,[0],"[[-0.7375308871269226, 0.0769382119178772], [-0.0968594029545784, -0.16394394636154175], [-0.16090618073940277, 0.23423023521900177], [-0.10582364350557327, 0.06453905999660492], [-0.24117125570774078, 0.2965618669986725]]",True
early_neutral,5,225,0.9250249916694435,0,[0],"[[-0.7367826700210571, 0.07453214377164841], [-0.0968594029545784, -0.16394394636154175], [-0.160598486661911, 0.23424182832241058], [-0.11157722771167755, 0.06535514444112778], [-0.24117125570774078, 0.2965618669986725]]",True
early_neutral,5,226,0.9246917694101966,0,[0],"[[-0.7385212779045105, 0.0721469596028328], [-0.0968594029545784, -0.16394394636154175], [-0.16128778457641602, 0.23463253676891327], [-0.11278712749481201, 0.06551492214202881], [-0.24117125570774078, 0.2965618669986725]]",True
early_neutral,5,227,0.9243585471509497,0,[0],"[[-0.7433919310569763, 0.07076386362314224], [-0.0970844104886055, -0.16382259130477905], [-0.1604219526052475, 0.2365570217370987], [-0.11278712749481201, 0.06551492214202881], [-0.24117125570774078, 0.2965618669986725]]",True
early_neutral,5,228,0.9240253248917027,0,[0],"[[-0.7484120726585388, 0.07043805718421936], [-0.09970615059137344, -0.16241557896137238], [-0.16023002564907074, 0.23954422771930695], [-0.11278712749481201, 0.06551492214202881], [-0.24117125570774078, 0.2965618669986725]]",True
early_neutral,5,229,0.9236921026324558,0,[0],"[[-0.7519181370735168, 0.07269887626171112], [-0.10354499518871307, -0.16037052869796753], [-0.16005517542362213, 0.24312826991081238], [-0.11278712749481201, 0.06551492214202881], [-0.24117125570774078, 0.2965618669986725]]",True
early_neutral,5,230,0.9233588803732089,0,[0],"[[-0.7551060914993286, 0.0759456530213356], [-0.10606126487255096, -0.15902793407440186], [-0.1598297506570816, 0.2464004009962082], [-0.11278712749481201, 0.06551492214202881], [-0.24117125570774078, 0.2965618669986725]]",True
early_neutral,5,231,0.923025658113962,0,[0],"[[-0.757257878780365, 0.0784432664513588], [-0.10606126487255096, -0.15902793407440186], [-0.15965008735656738, 0.24946282804012299], [-0.11278712749481201, 0.06551492214202881], [-0.24117125570774078, 0.2965618669986725]]",False
early_neutral,5,232,0.922692435854715,0,[0],"[[-0.7590986490249634, 0.08104398846626282], [-0.10606126487255096, -0.15902793407440186], [-0.15965816378593445, 0.251985639333725], [-0.11271343380212784, 0.06558401137590408], [-0.2427462637424469, 0.2974757254123688]]",False
early_neutral,5,233,0.9223592135954681,0,[0],"[[-0.7606168985366821, 0.08373146504163742], [-0.10606126487255096, -0.15902793407440186], [-0.1596650332212448, 0.25413817167282104], [-0.11112477630376816, 0.0673440620303154], [-0.24591459333896637, 0.29926514625549316]]",False
early_neutral,5,234,0.9220259913362212,0,[0],"[[-0.762691855430603, 0.0865328460931778], [-0.10606126487255096, -0.15902793407440186], [-0.1596699059009552, 0.2556629776954651], [-0.10920048505067825, 0.07018638402223587], [-0.24957217276096344, 0.30095645785331726]]",False
early_neutral,5,235,0.9216927690769744,0,[0],"[[-0.7672091722488403, 0.08930815011262894], [-0.10606126487255096, -0.15902793407440186], [-0.1603475958108902, 0.2559293508529663], [-0.10726165771484375, 0.07403980195522308], [-0.2514994442462921, 0.30189210176467896]]",False
early_neutral,5,236,0.9213595468177275,0,[0],"[[-0.7732681632041931, 0.0922490581870079], [-0.10606126487255096, -0.15902793407440186], [-0.16255097091197968, 0.2543531358242035], [-0.105275958776474, 0.07882550358772278], [-0.25379639863967896, 0.3021823465824127]]",False
early_neutral,5,237,0.9210263245584805,0,[0],"[[-0.7802883982658386, 0.09564125537872314], [-0.10606126487255096, -0.15902793407440186], [-0.16516408324241638, 0.2518012225627899], [-0.10349950939416885, 0.0844489336013794], [-0.2570902407169342, 0.3030465245246887]]",False
early_neutral,5,238,0.9206931022992336,0,[0],"[[-0.7881348729133606, 0.09942856431007385], [-0.10606126487255096, -0.15902793407440186], [-0.16669510304927826, 0.24797777831554413], [-0.10229375213384628, 0.0905592143535614], [-0.2617686688899994, 0.3056216537952423]]",False
early_neutral,5,239,0.9203598800399867,0,[0],"[[-0.7948553562164307, 0.10276682674884796], [-0.10606126487255096, -0.15902793407440186], [-0.16745103895664215, 0.24321436882019043], [-0.10173100978136063, 0.09728697687387466], [-0.266841322183609, 0.3087466359138489]]",False
early_neutral,5,240,0.9200266577807398,0,[0],"[[-0.8003448843955994, 0.1058100089430809], [-0.10606126487255096, -0.15902793407440186], [-0.16887253522872925, 0.23774592578411102], [-0.10207447409629822, 0.10412677377462387], [-0.2719177007675171, 0.3118816614151001]]",False
early_neutral,5,241,0.9196934355214929,0,[0],"[[-0.8046395182609558, 0.10841180384159088], [-0.1063157469034195, -0.15841299295425415], [-0.17168767750263214, 0.23180170357227325], [-0.10359575599431992, 0.11124087125062943], [-0.2774496376514435, 0.315499871969223]]",False
early_neutral,5,242,0.9193602132622459,0,[0],"[[-0.8077510595321655, 0.11051753908395767], [-0.10777401924133301, -0.15591078996658325], [-0.17566265165805817, 0.22637654840946198], [-0.1061936765909195, 0.11867190897464752], [-0.28351980447769165, 0.31969761848449707]]",True
early_neutral,5,243,0.919026991002999,0,[0],"[[-0.8106557726860046, 0.11269507557153702], [-0.11055375635623932, -0.1526954472064972], [-0.1811365932226181, 0.22394447028636932], [-0.11022422462701797, 0.12623055279254913], [-0.28878068923950195, 0.3229020833969116]]",True
early_neutral,5,244,0.9186937687437521,0,[0],"[[-0.8126207590103149, 0.11395516246557236], [-0.11270374804735184, -0.1506083458662033], [-0.18761150538921356, 0.22335185110569], [-0.1161343976855278, 0.13359323143959045], [-0.2918919026851654, 0.32509854435920715]]",True
early_neutral,5,245,0.9183605464845052,0,[0],"[[-0.8143301606178284, 0.11476467549800873], [-0.1127287745475769, -0.1505838930606842], [-0.19437502324581146, 0.22477541863918304], [-0.1237780749797821, 0.1402094066143036], [-0.2927234470844269, 0.3256993889808655]]",True
early_neutral,5,246,0.9180273242252582,0,[0],"[[-0.8133875727653503, 0.11432452499866486], [-0.1127287745475769, -0.1505838930606842], [-0.20169436931610107, 0.2273705154657364], [-0.133872389793396, 0.14466546475887299], [-0.29320627450942993, 0.32583650946617126]]",True
early_neutral,5,247,0.9176941019660113,0,[0],"[[-0.8100788593292236, 0.11256363987922668], [-0.1127287745475769, -0.1505838930606842], [-0.20971828699111938, 0.23023395240306854], [-0.1452540159225464, 0.1480444222688675], [-0.2941327691078186, 0.3260996341705322]]",True
early_neutral,5,248,0.9173608797067644,0,[0],"[[-0.8062791228294373, 0.11006763577461243], [-0.11275586485862732, -0.15057329833507538], [-0.2178039401769638, 0.2330777794122696], [-0.15664133429527283, 0.14895571768283844], [-0.29496994614601135, 0.3263188600540161]]",True
early_neutral,5,249,0.9170276574475175,0,[0],"[[-0.8030051589012146, 0.10774416476488113], [-0.11517741531133652, -0.14959897100925446], [-0.2253081053495407, 0.23566654324531555], [-0.16785630583763123, 0.14719630777835846], [-0.29582345485687256, 0.3264579474925995]]",True
early_neutral,5,250,0.9166944351882705,0,[0],"[[-0.7997715473175049, 0.10538046807050705], [-0.11909683048725128, -0.14795586466789246], [-0.2311326116323471, 0.2374439537525177], [-0.17920096218585968, 0.14436180889606476], [-0.29670748114585876, 0.3266019821166992]]",True
early_neutral,5,251,0.9163612129290236,0,[0],"[[-0.7966408133506775, 0.10302390903234482], [-0.12251320481300354, -0.14647559821605682], [-0.23708604276180267, 0.2390298694372177], [-0.19013774394989014, 0.14022357761859894], [-0.2971983551979065, 0.32666677236557007]]",True
early_neutral,5,252,0.9160279906697767,0,[0],"[[-0.7955939769744873, 0.10221367329359055], [-0.1226184219121933, -0.14642995595932007], [-0.24311542510986328, 0.2392895519733429], [-0.20096740126609802, 0.13547967374324799], [-0.2970554232597351, 0.3264061510562897]]",True
early_neutral,5,253,0.9156947684105298,0,[0],"[[-0.7953070402145386, 0.10197591781616211], [-0.1226184219121933, -0.14642995595932007], [-0.24943757057189941, 0.23891830444335938], [-0.21215586364269257, 0.1307334452867508], [-0.298462450504303, 0.3247778117656708]]",True
early_neutral,5,254,0.915361546151283,0,[0],"[[-0.7954918742179871, 0.101044200360775], [-0.1226184219121933, -0.14642995595932007], [-0.25431570410728455, 0.23883096873760223], [-0.2230551540851593, 0.1262812465429306], [-0.2995876371860504, 0.3218846917152405]]",True
early_neutral,5,255,0.915028323892036,0,[0],"[[-0.7957947254180908, 0.09846245497465134], [-0.1226184219121933, -0.14642995595932007], [-0.2547006607055664, 0.23886050283908844], [-0.23177528381347656, 0.12390312552452087], [-0.3008459806442261, 0.31827452778816223]]",True
early_neutral,5,256,0.9146951016327891,0,[0],"[[-0.79579758644104, 0.09522242099046707], [-0.12447996437549591, -0.14575935900211334], [-0.2526867389678955, 0.23844698071479797], [-0.24016700685024261, 0.12432704120874405], [-0.30263686180114746, 0.3138715922832489]]",True
early_neutral,5,257,0.9143618793735422,0,[0],"[[-0.7956237196922302, 0.09255188703536987], [-0.12837949395179749, -0.14449000358581543], [-0.24861156940460205, 0.23775224387645721], [-0.2467430830001831, 0.12457158416509628], [-0.3040195107460022, 0.30861544609069824]]",True
early_neutral,5,258,0.9140286571142953,0,[0],"[[-0.795332133769989, 0.08988568931818008], [-0.133620023727417, -0.1429954320192337], [-0.24315765500068665, 0.23701651394367218], [-0.2531525194644928, 0.12424245476722717], [-0.3057783246040344, 0.3024299740791321]]",True
early_neutral,5,259,0.9136954348550483,0,[0],"[[-0.7949829697608948, 0.08671732246875763], [-0.13917823135852814, -0.1415773183107376], [-0.2363387644290924, 0.23615020513534546], [-0.259256511926651, 0.12267918139696121], [-0.3075966536998749, 0.2965987026691437]]",True
early_neutral,5,260,0.9133622125958014,0,[0],"[[-0.7947799563407898, 0.0828237310051918], [-0.14523862302303314, -0.14019997417926788], [-0.22827555239200592, 0.2351640909910202], [-0.2650988698005676, 0.11935795098543167], [-0.3079720437526703, 0.2909218668937683]]",True
early_neutral,5,261,0.9130289903365545,0,[0],"[[-0.7947700023651123, 0.07936526834964752], [-0.1513846069574356, -0.1389770209789276], [-0.2192196100950241, 0.2340712547302246], [-0.2710472643375397, 0.1155490055680275], [-0.30823782086372375, 0.2853100299835205]]",False
early_neutral,5,262,0.9126957680773076,0,[0],"[[-0.7948410511016846, 0.07664348930120468], [-0.15749754011631012, -0.1380147486925125], [-0.20930549502372742, 0.23287220299243927], [-0.2750687599182129, 0.11202876269817352], [-0.30842286348342896, 0.2806102931499481]]",False
early_neutral,5,263,0.9123625458180606,0,[0],"[[-0.7949768304824829, 0.07391247898340225], [-0.16379353404045105, -0.1373053640127182], [-0.19885236024856567, 0.23151899874210358], [-0.2778336703777313, 0.10718682408332825], [-0.3085857033729553, 0.27647408843040466]]",False
early_neutral,5,264,0.9120293235588137,0,[0],"[[-0.7951582670211792, 0.07053552567958832], [-0.17013707756996155, -0.13686242699623108], [-0.1881786286830902, 0.2298405021429062], [-0.280971884727478, 0.1019328311085701], [-0.3095420300960541, 0.27317091822624207]]",False
early_neutral,5,265,0.9116961012995668,0,[0],"[[-0.795355498790741, 0.06619982421398163], [-0.17280150949954987, -0.13672573864459991], [-0.17696858942508698, 0.22780384123325348], [-0.28577858209609985, 0.09925150871276855], [-0.31216827034950256, 0.2719140350818634]]",False
early_neutral,5,266,0.9113628790403199,0,[0],"[[-0.7955439686775208, 0.06110697239637375], [-0.17280150949954987, -0.13672573864459991], [-0.165236696600914, 0.22557036578655243], [-0.2923835813999176, 0.09903378784656525], [-0.31642475724220276, 0.27238258719444275]]",False
early_neutral,5,267,0.911029656781073,0,[0],"[[-0.79571533203125, 0.05536232888698578], [-0.17280150949954987, -0.13672573864459991], [-0.15309280157089233, 0.2231570929288864], [-0.29690879583358765, 0.09909674525260925], [-0.32204893231391907, 0.27335935831069946]]",False
early_neutral,5,268,0.910696434521826,0,[0],"[[-0.7958820462226868, 0.049090560525655746], [-0.17280150949954987, -0.13672573864459991], [-0.1406199038028717, 0.22062382102012634], [-0.3006754219532013, 0.09938094019889832], [-0.32889318466186523, 0.2748129069805145]]",False
early_neutral,5,269,0.9103632122625791,0,[0],"[[-0.796047031879425, 0.042241062968969345], [-0.17280150949954987, -0.13672573864459991], [-0.12787094712257385, 0.21804478764533997], [-0.304443895816803, 0.09995683282613754], [-0.336466908454895, 0.27671265602111816]]",False
early_neutral,5,270,0.9100299900033322,0,[0],"[[-0.7962066531181335, 0.03515934944152832], [-0.17280150949954987, -0.13672573864459991], [-0.11490782350301743, 0.2154359221458435], [-0.30727940797805786, 0.10041552037000656], [-0.3427189886569977, 0.2784503698348999]]",False
early_neutral,5,271,0.9096967677440853,0,[0],"[[-0.7963656187057495, 0.027698708698153496], [-0.17280150949954987, -0.13672573864459991], [-0.1017690896987915, 0.21283024549484253], [-0.30894917249679565, 0.10074488073587418], [-0.34437334537506104, 0.2789298892021179]]",False
early_neutral,5,272,0.9093635454848384,0,[0],"[[-0.7966744303703308, 0.020457673817873], [-0.17280150949954987, -0.13672573864459991], [-0.08849102258682251, 0.21023991703987122], [-0.30927544832229614, 0.1007855013012886], [-0.34490251541137695, 0.2785302400588989]]",True
early_neutral,5,273,0.9090303232255915,0,[0],"[[-0.797128438949585, 0.015849536284804344], [-0.17280150949954987, -0.13672573864459991], [-0.07510972023010254, 0.2076563835144043], [-0.30927544832229614, 0.1007855013012886], [-0.3473230004310608, 0.27667731046676636]]",True
early_neutral,5,274,0.9086971009663446,0,[0],"[[-0.7977154850959778, 0.01338948030024767], [-0.17316612601280212, -0.13719654083251953], [-0.06165096536278725, 0.2050766944885254], [-0.30927544832229614, 0.1007855013012886], [-0.3506593406200409, 0.27406761050224304]]",True
early_neutral,5,275,0.9083638787070977,0,[0],"[[-0.7981576919555664, 0.012060788460075855], [-0.17511923611164093, -0.13922986388206482], [-0.04814200475811958, 0.20248158276081085], [-0.3094688951969147, 0.10051684081554413], [-0.35413888096809387, 0.2709606885910034]]",True
early_neutral,5,276,0.9080306564478507,0,[0],"[[-0.7985288500785828, 0.011228760704398155], [-0.1783021092414856, -0.14174796640872955], [-0.03462144732475281, 0.1998177170753479], [-0.30974045395851135, 0.10014194995164871], [-0.3572605848312378, 0.26751941442489624]]",True
early_neutral,5,277,0.9076974341886038,0,[0],"[[-0.7989802360534668, 0.010413691401481628], [-0.1795281320810318, -0.1426336020231247], [-0.02110498771071434, 0.1970762461423874], [-0.3100574016571045, 0.0997084304690361], [-0.3599970042705536, 0.26373207569122314]]",True
early_neutral,5,278,0.9073642119293569,0,[0],"[[-0.7994702458381653, 0.010483128018677235], [-0.1795281320810318, -0.1426336020231247], [-0.007651382591575384, 0.1941586434841156], [-0.31021633744239807, 0.09969577938318253], [-0.36212411522865295, 0.25978317856788635]]",False
early_neutral,5,279,0.90703098967011,0,[0],"[[-0.800162672996521, 0.0125924963504076], [-0.17808377742767334, -0.14224854111671448], [0.005713043734431267, 0.191038116812706], [-0.3097139298915863, 0.10091712325811386], [-0.3635634779930115, 0.2557048499584198]]",False
early_neutral,5,280,0.906697767410863,0,[0],"[[-0.8005451560020447, 0.01567883975803852], [-0.17571724951267242, -0.14161761105060577], [0.018962793052196503, 0.18769319355487823], [-0.3080153465270996, 0.1021193414926529], [-0.36446717381477356, 0.2517626881599426]]",False
early_neutral,5,281,0.9063645451516161,0,[0],"[[-0.80040442943573, 0.017837615683674812], [-0.17423385381698608, -0.14096210896968842], [0.03206772729754448, 0.1840980499982834], [-0.30582356452941895, 0.10363531112670898], [-0.3662204444408417, 0.24876569211483002]]",False
early_neutral,5,282,0.9060313228923692,0,[0],"[[-0.8002766966819763, 0.018272530287504196], [-0.17545364797115326, -0.13894891738891602], [0.044997379183769226, 0.1802324801683426], [-0.3048241436481476, 0.10439793020486832], [-0.36751723289489746, 0.24764615297317505]]",False
early_neutral,5,283,0.9056981006331223,0,[0],"[[-0.7997425198554993, 0.017508942633867264], [-0.1766989827156067, -0.1363564431667328], [0.057646386325359344, 0.1759844720363617], [-0.30417096614837646, 0.10487137734889984], [-0.3682367205619812, 0.24944928288459778]]",False
early_neutral,5,284,0.9053648783738754,0,[0],"[[-0.7982103824615479, 0.01496655773371458], [-0.17707212269306183, -0.13468866050243378], [0.06997023522853851, 0.17134405672550201], [-0.30144670605659485, 0.10528907924890518], [-0.3694138824939728, 0.25218722224235535]]",False
early_neutral,5,285,0.9050316561146284,0,[0],"[[-0.7964456677436829, 0.011446240358054638], [-0.17712977528572083, -0.13424403965473175], [0.0816950872540474, 0.16608816385269165], [-0.2971520721912384, 0.1062534973025322], [-0.3685656487941742, 0.2558434307575226]]",False
early_neutral,5,286,0.9046984338553815,0,[0],"[[-0.7944477200508118, 0.006989453919231892], [-0.17713364958763123, -0.13419079780578613], [0.09259272366762161, 0.16012348234653473], [-0.29169514775276184, 0.10776087641716003], [-0.36680281162261963, 0.2598198354244232]]",False
early_neutral,5,287,0.9043652115961346,0,[0],"[[-0.7922677397727966, 0.0016815133858472109], [-0.17713364958763123, -0.13419079780578613], [0.10237062722444534, 0.15360315144062042], [-0.2848737835884094, 0.10945124924182892], [-0.3659400939941406, 0.26186299324035645]]",False
early_neutral,5,288,0.9040319893368877,0,[0],"[[-0.7899583578109741, -0.004349695518612862], [-0.17713364958763123, -0.13419079780578613], [0.10877042263746262, 0.1465659737586975], [-0.27735647559165955, 0.1111476942896843], [-0.3659400939941406, 0.26186299324035645]]",False
early_neutral,5,289,0.9036987670776407,0,[0],"[[-0.787501335144043, -0.010961939580738544], [-0.17722582817077637, -0.13360366225242615], [0.11234834045171738, 0.13912789523601532], [-0.2722765803337097, 0.11367836594581604], [-0.3655467629432678, 0.2610440254211426]]",False
early_neutral,5,290,0.9033655448183938,0,[0],"[[-0.7849331498146057, -0.018065983429551125], [-0.17635776102542877, -0.13266070187091827], [0.11514873802661896, 0.13149453699588776], [-0.268485426902771, 0.1170581504702568], [-0.36418455839157104, 0.2584179937839508]]",False
early_neutral,5,291,0.903032322559147,0,[0],"[[-0.7821329236030579, -0.02558976225554943], [-0.17617136240005493, -0.13004864752292633], [0.11686674505472183, 0.12354198098182678], [-0.26638686656951904, 0.1190863624215126], [-0.362150102853775, 0.25489479303359985]]",True
early_neutral,5,292,0.9026991002999001,0,[0],"[[-0.7790310978889465, -0.03343159332871437], [-0.17625142633914948, -0.12646059691905975], [0.11819306761026382, 0.11711236834526062], [-0.26593780517578125, 0.11955035477876663], [-0.35957571864128113, 0.25052860379219055]]",True
early_neutral,5,293,0.9023658780406532,0,[0],"[[-0.7763357758522034, -0.04006878659129143], [-0.17621713876724243, -0.12212833017110825], [0.11936546117067337, 0.1106836125254631], [-0.2655773460865021, 0.11873854696750641], [-0.3566628694534302, 0.24535544216632843]]",True
early_neutral,5,294,0.9020326557814062,0,[0],"[[-0.7749733328819275, -0.04342363402247429], [-0.17617322504520416, -0.11702796816825867], [0.12049459666013718, 0.1043558269739151], [-0.26447999477386475, 0.11606942862272263], [-0.35368624329566956, 0.24035105109214783]]",True
early_neutral,5,295,0.9016994335221593,0,[0],"[[-0.7751306295394897, -0.042957454919815063], [-0.17612896859645844, -0.11122576147317886], [0.12172529846429825, 0.09813355654478073], [-0.26305484771728516, 0.11243020743131638], [-0.349702388048172, 0.23856322467327118]]",True
early_neutral,5,296,0.9013662112629124,0,[0],"[[-0.7759404182434082, -0.04051651060581207], [-0.17608922719955444, -0.10603494197130203], [0.12293146550655365, 0.09195397794246674], [-0.2612418532371521, 0.10790524631738663], [-0.3444453179836273, 0.2392326444387436]]",True
early_neutral,5,297,0.9010329890036655,0,[0],"[[-0.7769221663475037, -0.03716554865241051], [-0.17608733475208282, -0.10180774331092834], [0.12418656796216965, 0.08608894795179367], [-0.2602594494819641, 0.10297612100839615], [-0.34283339977264404, 0.2394976019859314]]",False
early_neutral,5,298,0.9006997667444185,0,[0],"[[-0.7782307267189026, -0.03291359543800354], [-0.17610125243663788, -0.09760714322328568], [0.12419106066226959, 0.08097369223833084], [-0.2619527578353882, 0.10087328404188156], [-0.34283339977264404, 0.2394976019859314]]",False
early_neutral,5,299,0.9003665444851716,0,[0],"[[-0.7800281643867493, -0.027848411351442337], [-0.1761089563369751, -0.0936288982629776], [0.12359344959259033, 0.07622268050909042], [-0.26394885778427124, 0.10037411004304886], [-0.34214654564857483, 0.23824426531791687]]",False
early_neutral,5,300,0.9000333222259247,0,[0],"[[-0.7822379469871521, -0.02212696708738804], [-0.17540401220321655, -0.09012366086244583], [0.12219100445508957, 0.07218381017446518], [-0.26394885778427124, 0.10037411004304886], [-0.3404986560344696, 0.23547014594078064]]",False
early_neutral,5,301,0.8997000999666778,0,[0],"[[-0.7846358418464661, -0.015860214829444885], [-0.1741020232439041, -0.08786594867706299], [0.11745762825012207, 0.06875092536211014], [-0.26394885778427124, 0.10037411004304886], [-0.3381154239177704, 0.23183448612689972]]",False
early_neutral,5,302,0.8993668777074308,0,[0],"[[-0.7871910929679871, -0.009100386872887611], [-0.1731768399477005, -0.08789169043302536], [0.11043685674667358, 0.06623604148626328], [-0.26394885778427124, 0.10037411004304886], [-0.33517953753471375, 0.22737498581409454]]",False
early_neutral,5,303,0.8990336554481839,0,[0],"[[-0.7897342443466187, -0.0021296103950589895], [-0.1713687926530838, -0.08984236419200897], [0.10243705660104752, 0.0638086199760437], [-0.26394885778427124, 0.10037411004304886], [-0.3318483829498291, 0.22214335203170776]]",False
early_neutral,5,304,0.898700433188937,0,[0],"[[-0.7923337817192078, 0.0052605546079576015], [-0.16943080723285675, -0.09289351850748062], [0.09448165446519852, 0.06146949902176857], [-0.26394885778427124, 0.10037411004304886], [-0.32909637689590454, 0.21631471812725067]]",False
early_neutral,5,305,0.8983672109296901,0,[0],"[[-0.7949828505516052, 0.013025018386542797], [-0.16713696718215942, -0.0968809574842453], [0.08473169058561325, 0.05888250842690468], [-0.26394885778427124, 0.10037411004304886], [-0.3287588059902191, 0.2097732424736023]]",False
early_neutral,5,306,0.8980339886704432,0,[0],"[[-0.7975950241088867, 0.021110501140356064], [-0.1646794080734253, -0.10159680992364883], [0.07433494180440903, 0.05616825819015503], [-0.26394885778427124, 0.10037411004304886], [-0.32957687973976135, 0.20281417667865753]]",False
early_neutral,5,307,0.8977007664111962,0,[0],"[[-0.8001415729522705, 0.029447609558701515], [-0.16194114089012146, -0.10689660161733627], [0.06613389402627945, 0.05402916297316551], [-0.26394885778427124, 0.10037411004304886], [-0.33107948303222656, 0.19581782817840576]]",False
early_neutral,5,308,0.8973675441519493,0,[0],"[[-0.802586555480957, 0.03798256069421768], [-0.15899492800235748, -0.1125996857881546], [0.06016334146261215, 0.05247185751795769], [-0.2640863358974457, 0.10040467232465744], [-0.3333902060985565, 0.1884874701499939]]",False
early_neutral,5,309,0.8970343218927024,0,[0],"[[-0.8048827648162842, 0.04661164805293083], [-0.15580254793167114, -0.11875461786985397], [0.05596320703625679, 0.051376327872276306], [-0.2648768424987793, 0.1005803570151329], [-0.3358178734779358, 0.18231546878814697]]",False
early_neutral,5,310,0.8967010996334556,0,[0],"[[-0.8067181706428528, 0.054091185331344604], [-0.15232273936271667, -0.12542849779129028], [0.05437106266617775, 0.05088772624731064], [-0.2651657462120056, 0.10064457356929779], [-0.3385061025619507, 0.1783672720193863]]",False
early_neutral,5,311,0.8963678773742086,0,[0],"[[-0.8083221316337585, 0.061379045248031616], [-0.14859993755817413, -0.13255628943443298], [0.05706697702407837, 0.05023431032896042], [-0.2651657462120056, 0.10064457356929779], [-0.34240958094596863, 0.17606231570243835]]",True
early_neutral,5,312,0.8960346551149617,0,[0],"[[-0.8093546628952026, 0.06821480393409729], [-0.14470767974853516, -0.14009229838848114], [0.061467308551073074, 0.04950038716197014], [-0.2658820152282715, 0.10120920091867447], [-0.34358736872673035, 0.17536228895187378]]",True
early_neutral,5,313,0.8957014328557148,0,[0],"[[-0.8094385266304016, 0.07202599197626114], [-0.14070890843868256, -0.1479554921388626], [0.0672471672296524, 0.048657577484846115], [-0.265542209148407, 0.10142142325639725], [-0.34359559416770935, 0.17535674571990967]]",True
early_neutral,5,314,0.8953682105964679,0,[0],"[[-0.8090503215789795, 0.07208679616451263], [-0.13675667345523834, -0.15609975159168243], [0.07400258630514145, 0.047495726495981216], [-0.2636220157146454, 0.10164402425289154], [-0.3414366543292999, 0.17681775987148285]]",True
early_neutral,5,315,0.895034988337221,0,[0],"[[-0.8069394826889038, 0.06996005773544312], [-0.13297684490680695, -0.16448619961738586], [0.08138062059879303, 0.046032752841711044], [-0.25956133008003235, 0.10152290761470795], [-0.3385704457759857, 0.17922236025333405]]",True
early_neutral,5,316,0.894701766077974,0,[0],"[[-0.803945779800415, 0.06703884899616241], [-0.12949584424495697, -0.17308424413204193], [0.08947868645191193, 0.04422612860798836], [-0.25413745641708374, 0.10142233967781067], [-0.3351839780807495, 0.1825055480003357]]",True
early_neutral,5,317,0.8943685438187271,0,[0],"[[-0.8000863790512085, 0.06335582584142685], [-0.12657956779003143, -0.1818893402814865], [0.09837348759174347, 0.04226018488407135], [-0.24762898683547974, 0.10143454372882843], [-0.3308968245983124, 0.18645824491977692]]",True
early_neutral,5,318,0.8940353215594802,0,[0],"[[-0.7954252362251282, 0.05897139757871628], [-0.1243441104888916, -0.19086606800556183], [0.10812501609325409, 0.040196001529693604], [-0.2414228618144989, 0.10163940489292145], [-0.3260022699832916, 0.19064120948314667]]",True
early_neutral,5,319,0.8937020993002333,0,[0],"[[-0.7899613976478577, 0.05403782054781914], [-0.12337297946214676, -0.20000328123569489], [0.11784787476062775, 0.03773941844701767], [-0.23251834511756897, 0.10164765268564224], [-0.3211541175842285, 0.19210828840732574]]",True
early_neutral,5,320,0.8933688770409863,0,[0],"[[-0.7834902405738831, 0.04883859306573868], [-0.12366661429405212, -0.20915456116199493], [0.12739498913288116, 0.03439484164118767], [-0.22322359681129456, 0.10164220631122589], [-0.3156815767288208, 0.19086040556430817]]",True
early_neutral,5,321,0.8930356547817394,0,[0],"[[-0.7761029601097107, 0.043597932904958725], [-0.12448433041572571, -0.21667811274528503], [0.1364363580942154, 0.03042868711054325], [-0.2138792723417282, 0.10162501782178879], [-0.31051918864250183, 0.18803846836090088]]",True
early_neutral,5,322,0.8927024325224925,0,[0],"[[-0.7689612507820129, 0.039270542562007904], [-0.12659510970115662, -0.22103412449359894], [0.14180080592632294, 0.02717716060578823], [-0.20445989072322845, 0.10160213708877563], [-0.30620071291923523, 0.18497078120708466]]",True
early_neutral,5,323,0.8923692102632456,0,[0],"[[-0.7614055871963501, 0.03539987653493881], [-0.13151752948760986, -0.22307001054286957], [0.14450673758983612, 0.02338533289730549], [-0.1948184072971344, 0.10160069912672043], [-0.3017955422401428, 0.1852731555700302]]",True
early_neutral,5,324,0.8920359880039986,0,[0],"[[-0.7549579739570618, 0.0326419360935688], [-0.13773506879806519, -0.22302038967609406], [0.14425653219223022, 0.019526202231645584], [-0.18562725186347961, 0.10159172862768173], [-0.2969207167625427, 0.18744748830795288]]",True
early_neutral,5,325,0.8917027657447517,0,[0],"[[-0.7491409778594971, 0.03095017373561859], [-0.14343494176864624, -0.22206401824951172], [0.14168353378772736, 0.015759050846099854], [-0.17608234286308289, 0.10161002725362778], [-0.29102370142936707, 0.1902415007352829]]",True
early_neutral,5,326,0.8913695434855048,0,[0],"[[-0.7435511350631714, 0.02987399324774742], [-0.14462339878082275, -0.22184693813323975], [0.13926135003566742, 0.01301589235663414], [-0.1666734367609024, 0.10162141174077988], [-0.2840311825275421, 0.1934576779603958]]",True
early_neutral,5,327,0.8910363212262579,0,[0],"[[-0.7395110130310059, 0.02948545292019844], [-0.14462339878082275, -0.22184693813323975], [0.13909591734409332, 0.012829259969294071], [-0.1573611944913864, 0.10163485258817673], [-0.27624064683914185, 0.1966690868139267]]",True
early_neutral,5,328,0.8907030989670109,0,[0],"[[-0.7354276776313782, 0.029440727084875107], [-0.14480817317962646, -0.2200038582086563], [0.13909591734409332, 0.012829259969294071], [-0.14771965146064758, 0.10168538987636566], [-0.26740777492523193, 0.19959908723831177]]",True
early_neutral,5,329,0.8903698767077641,0,[0],"[[-0.7315768003463745, 0.029600784182548523], [-0.14513683319091797, -0.216818168759346], [0.13909591734409332, 0.012829259969294071], [-0.1385284662246704, 0.10168536752462387], [-0.25763529539108276, 0.20224477350711823]]",True
early_neutral,5,330,0.8900366544485172,0,[0],"[[-0.7277389764785767, 0.029861673712730408], [-0.145225390791893, -0.2128489464521408], [0.13909591734409332, 0.012829259969294071], [-0.12898355722427368, 0.10176336765289307], [-0.24736542999744415, 0.20433788001537323]]",True
early_neutral,5,331,0.8897034321892703,0,[0],"[[-0.7242569327354431, 0.030178332701325417], [-0.14297062158584595, -0.209208682179451], [0.13909591734409332, 0.012829259969294071], [-0.1195746585726738, 0.10181138664484024], [-0.23618777096271515, 0.20597697794437408]]",True
early_neutral,5,332,0.8893702099300234,0,[0],"[[-0.7222869992256165, 0.03037804365158081], [-0.13989263772964478, -0.20557944476604462], [0.13909591734409332, 0.012829259969294071], [-0.11033480614423752, 0.1018221527338028], [-0.22428113222122192, 0.20731070637702942]]",True
early_neutral,5,333,0.8890369876707764,0,[0],"[[-0.7222982048988342, 0.030372491106390953], [-0.13836267590522766, -0.2037089467048645], [0.13934443891048431, 0.013146070763468742], [-0.10054390132427216, 0.10186231881380081], [-0.2117452174425125, 0.20812207460403442]]",True
early_neutral,5,334,0.8887037654115295,0,[0],"[[-0.7252926826477051, 0.029832027852535248], [-0.13836267590522766, -0.2037089467048645], [0.14066803455352783, 0.014980043284595013], [-0.09246531873941422, 0.10190441459417343], [-0.19983667135238647, 0.2084326595067978]]",True
early_neutral,5,335,0.8883705431522826,0,[0],"[[-0.7296562790870667, 0.028803808614611626], [-0.1374979466199875, -0.20324888825416565], [0.14236129820346832, 0.017630096524953842], [-0.08631248772144318, 0.10192282497882843], [-0.19055841863155365, 0.20834915339946747]]",False
early_neutral,5,336,0.8880373208930357,0,[0],"[[-0.7351832389831543, 0.027259625494480133], [-0.13452720642089844, -0.20160070061683655], [0.1444963961839676, 0.02109776809811592], [-0.08040501922369003, 0.10192274302244186], [-0.18148964643478394, 0.20808060467243195]]",False
early_neutral,5,337,0.8877040986337887,0,[0],"[[-0.7415989637374878, 0.025433572009205818], [-0.13050773739814758, -0.19924773275852203], [0.14694136381149292, 0.024629343301057816], [-0.07453152537345886, 0.10192267596721649], [-0.17534644901752472, 0.20925165712833405]]",False
early_neutral,5,338,0.8873708763745418,0,[0],"[[-0.7486485838890076, 0.02339470013976097], [-0.12559443712234497, -0.19656628370285034], [0.1489594578742981, 0.02725646272301674], [-0.0692179873585701, 0.10180165618658066], [-0.17329853773117065, 0.2126276046037674]]",False
early_neutral,5,339,0.8870376541152949,0,[0],"[[-0.7564337253570557, 0.021107541397213936], [-0.12042496353387833, -0.19407494366168976], [0.1493828296661377, 0.027816426008939743], [-0.06541524082422256, 0.10031870007514954], [-0.17189057171344757, 0.21708333492279053]]",False
early_neutral,5,340,0.886704431856048,0,[0],"[[-0.7649794220924377, 0.018578577786684036], [-0.11450231075286865, -0.1917179524898529], [0.14980340003967285, 0.028377726674079895], [-0.06338801234960556, 0.09713242202997208], [-0.1690170168876648, 0.22214405238628387]]",False
early_neutral,5,341,0.886371209596801,0,[0],"[[-0.7743319869041443, 0.015799468383193016], [-0.10690247267484665, -0.1896120309829712], [0.1499144285917282, 0.028525901958346367], [-0.06141171231865883, 0.0929618626832962], [-0.16505029797554016, 0.2275165319442749]]",False
early_neutral,5,342,0.8860379873375541,0,[0],"[[-0.7841627597808838, 0.012871059589087963], [-0.0979294702410698, -0.18804356455802917], [0.15005280077457428, 0.028592975810170174], [-0.05864322930574417, 0.0880485400557518], [-0.16255220770835876, 0.2321145236492157]]",False
early_neutral,5,343,0.8857047650783072,0,[0],"[[-0.7944064140319824, 0.009815207682549953], [-0.08796077221632004, -0.18675744533538818], [0.1516266018152237, 0.02909325249493122], [-0.054612211883068085, 0.08279082924127579], [-0.16397278010845184, 0.2358517050743103]]",True
early_neutral,5,344,0.8853715428190603,0,[1],"[[-0.8048199415206909, 0.0067050885409116745], [-0.07709422707557678, -0.18573208153247833], [0.15504002571105957, 0.02974558435380459], [-0.047789908945560455, 0.07888955622911453], [-0.16498994827270508, 0.2392273098230362]]",True
early_neutral,5,345,0.8850383205598134,0,[1],"[[-0.8123599886894226, 0.004451264161616564], [-0.065452940762043, -0.18491621315479279], [0.15984158217906952, 0.030513904988765717], [-0.03857143968343735, 0.07659822702407837], [-0.161523699760437, 0.24121597409248352]]",True
early_neutral,5,346,0.8847050983005664,0,[1],"[[-0.8188852667808533, 0.002498581539839506], [-0.053152669221162796, -0.18438246846199036], [0.16601718962192535, 0.03140971064567566], [-0.028691366314888, 0.0752357468008995], [-0.15579034388065338, 0.24252788722515106]]",True
early_neutral,5,347,0.8843718760413196,0,[1],"[[-0.8223820924758911, 0.0015507994685322046], [-0.040342774242162704, -0.1841595470905304], [0.17251212894916534, 0.03231597691774368], [-0.01789191924035549, 0.07457024604082108], [-0.1485348343849182, 0.24247361719608307]]",True
early_neutral,5,348,0.8840386537820727,0,[1],"[[-0.8232700824737549, 0.0014028506120666862], [-0.02715161256492138, -0.1841864287853241], [0.17989321053028107, 0.03314193710684776], [-0.0063245040364563465, 0.07441526651382446], [-0.14010222256183624, 0.24205277860164642]]",True
early_neutral,5,349,0.8837054315228258,0,[1],"[[-0.8232879638671875, 0.0014013128820806742], [-0.013679350726306438, -0.18451225757598877], [0.1891702264547348, 0.03398573771119118], [0.005869556218385696, 0.07452941685914993], [-0.13092762231826782, 0.24185523390769958]]",True
early_neutral,5,350,0.8833722092635788,0,[1],"[[-0.8232879638671875, 0.0014013128820806742], [-3.067886211738369e-08, -0.18504253029823303], [0.19890983402729034, 0.03477528318762779], [0.018157921731472015, 0.07495579123497009], [-0.12174113839864731, 0.24166391789913177]]",True
early_neutral,5,351,0.8830389870043319,0,[1],"[[-0.8232879638671875, 0.0014013128820806742], [0.013826259411871433, -0.18577717244625092], [0.20947812497615814, 0.03556090593338013], [0.02776096761226654, 0.07536675035953522], [-0.11255433410406113, 0.24147936701774597]]",True
early_neutral,5,352,0.882705764745085,0,[1],"[[-0.8232879638671875, 0.0014013128820806742], [0.026558823883533478, -0.18658185005187988], [0.22080020606517792, 0.0363510362803936], [0.03692686930298805, 0.07580979913473129], [-0.10336718708276749, 0.2413022369146347]]",True
early_neutral,5,353,0.8823725424858381,0,[1],"[[-0.8232879638671875, 0.0014013128820806742], [0.036006372421979904, -0.1873464584350586], [0.23268663883209229, 0.0377250500023365], [0.04633355513215065, 0.0761624351143837], [-0.09431422501802444, 0.24113529920578003]]",True
early_neutral,5,354,0.8820393202265912,0,[1],"[[-0.8232879638671875, 0.0014013128820806742], [0.044640474021434784, -0.188192680478096], [0.24493606388568878, 0.03983037918806076], [0.056550152599811554, 0.0763329565525055], [-0.08761782199144363, 0.241067573428154]]",True
early_neutral,5,355,0.8817060979673442,0,[1],"[[-0.8232879638671875, 0.0014013128820806742], [0.05101018399000168, -0.18893404304981232], [0.2577861547470093, 0.0401826947927475], [0.06737975776195526, 0.07629915326833725], [-0.08118415623903275, 0.24108637869358063]]",True
early_neutral,5,356,0.8813728757080973,0,[1],"[[-0.8232879638671875, 0.0014013128820806742], [0.0573108047246933, -0.18978096544742584], [0.2709577977657318, 0.04038655012845993], [0.07837031036615372, 0.07610878348350525], [-0.07600203156471252, 0.2403891682624817]]",True
early_neutral,5,357,0.8810396534488504,0,[1],"[[-0.8232879638671875, 0.0014013128820806742], [0.06437903642654419, -0.19071358442306519], [0.28439146280288696, 0.04045937582850456], [0.09001120924949646, 0.0757693350315094], [-0.07483403384685516, 0.23746800422668457]]",True
early_neutral,5,358,0.8807064311896035,0,[1],"[[-0.8232879638671875, 0.0014013128820806742], [0.07277026027441025, -0.1916508972644806], [0.2980237603187561, 0.04042225703597069], [0.102235808968544, 0.07533586025238037], [-0.07627616822719574, 0.23360390961170197]]",True
early_neutral,5,359,0.8803732089303565,0,[1],"[[-0.8232879638671875, 0.0014013128820806742], [0.08186490088701248, -0.1925024390220642], [0.31180718541145325, 0.04041053354740143], [0.11493345350027084, 0.074783556163311], [-0.07826366275548935, 0.22890643775463104]]",True
early_neutral,5,360,0.8800399866711096,0,[1],"[[-0.8232879638671875, 0.0014013128820806742], [0.09098491817712784, -0.19324462115764618], [0.3257026672363281, 0.04032205045223236], [0.12772318720817566, 0.07369649410247803], [-0.08044292032718658, 0.22340470552444458]]",True
early_neutral,5,361,0.8797067644118627,0,[1],"[[-0.8232879638671875, 0.0014013128820806742], [0.10012344270944595, -0.1938832700252533], [0.3396259546279907, 0.03969380259513855], [0.1380506008863449, 0.07068612426519394], [-0.08125077188014984, 0.21729612350463867]]",True
early_neutral,5,362,0.8793735421526158,0,[1],"[[-0.8232879638671875, 0.0014013128820806742], [0.10927018523216248, -0.1944705694913864], [0.3532828390598297, 0.03964708000421524], [0.1457073986530304, 0.06540579348802567], [-0.07892117649316788, 0.21081846952438354]]",True
early_neutral,5,363,0.8790403198933688,0,[1],"[[-0.8232879638671875, 0.0014013128820806742], [0.11842136830091476, -0.19502781331539154], [0.3665737509727478, 0.03965941444039345], [0.1530819982290268, 0.05935852602124214], [-0.0755033865571022, 0.20471550524234772]]",True
early_neutral,5,364,0.8787070976341219,0,[1],"[[-0.8232879638671875, 0.0014013128820806742], [0.12758494913578033, -0.1955721378326416], [0.3800881505012512, 0.03972851112484932], [0.16022373735904694, 0.052740100771188736], [-0.07176119089126587, 0.2016567438840866]]",True
early_neutral,5,365,0.878373875374875,0,[1],"[[-0.8232879638671875, 0.0014013128820806742], [0.1373797059059143, -0.19617004692554474], [0.3937806785106659, 0.03985622152686119], [0.16750545799732208, 0.04673426225781441], [-0.06685653328895569, 0.20159046351909637]]",True
early_neutral,5,366,0.8780406531156282,0,[1],"[[-0.8232879638671875, 0.0014013128820806742], [0.14796793460845947, -0.1968337893486023], [0.4076097011566162, 0.03997416794300079], [0.1739320158958435, 0.04377579689025879], [-0.06112237274646759, 0.20326830446720123]]",True
early_neutral,5,367,0.8777074308563813,0,[1],"[[-0.8232879638671875, 0.0014013128820806742], [0.15880820155143738, -0.19755315780639648], [0.4215427041053772, 0.04006499424576759], [0.17958393692970276, 0.044187020510435104], [-0.054995596408843994, 0.20621272921562195]]",True
early_neutral,5,368,0.8773742085971343,0,[1],"[[-0.8232879638671875, 0.0014013128820806742], [0.17029692232608795, -0.19835726916790009], [0.43551477789878845, 0.040237508714199066], [0.18542467057704926, 0.04674553498625755], [-0.048039987683296204, 0.20972596108913422]]",True
early_neutral,5,369,0.8770409863378874,0,[1],"[[-0.8232879638671875, 0.0014013128820806742], [0.18021458387374878, -0.19908282160758972], [0.44929686188697815, 0.04029826074838638], [0.1914938986301422, 0.050390925258398056], [-0.040960557758808136, 0.21353983879089355]]",True
early_neutral,5,370,0.8767077640786405,0,[1],"[[-0.8232879638671875, 0.0014013128820806742], [0.1893407106399536, -0.1997930407524109], [0.46258488297462463, 0.0403018482029438], [0.19843508303165436, 0.05444658547639847], [-0.03414207324385643, 0.21754789352416992]]",True
early_neutral,5,371,0.8763745418193936,0,[1],"[[-0.8232879638671875, 0.0014013128820806742], [0.19846048951148987, -0.2005370408296585], [0.4760577082633972, 0.0402921624481678], [0.2062794417142868, 0.058742623776197433], [-0.02793256565928459, 0.2221939116716385]]",True
early_neutral,5,372,0.8760413195601466,0,[1],"[[-0.8232879638671875, 0.0014013128820806742], [0.2075759321451187, -0.20130321383476257], [0.4897194504737854, 0.040267281234264374], [0.21388399600982666, 0.06228141114115715], [-0.02218823879957199, 0.2277962863445282]]",True
early_neutral,5,373,0.8757080973008997,0,[1],"[[-0.8232879638671875, 0.0014013128820806742], [0.2166871428489685, -0.20209042727947235], [0.5035250782966614, 0.04024090990424156], [0.21914902329444885, 0.06277626007795334], [-0.0174032561480999, 0.23306773602962494]]",True
early_neutral,5,374,0.8753748750416528,0,[1],"[[-0.8232879638671875, 0.0014013128820806742], [0.22579514980316162, -0.20289316773414612], [0.517440140247345, 0.04021959379315376], [0.222691610455513, 0.06027476117014885], [-0.012934771366417408, 0.23829400539398193]]",True
early_neutral,5,375,0.8750416527824059,0,[1],"[[-0.8232879638671875, 0.0014013128820806742], [0.23490040004253387, -0.20370905101299286], [0.5314117670059204, 0.04019249230623245], [0.22651471197605133, 0.05668902024626732], [-0.00907612033188343, 0.2430148720741272]]",True
early_neutral,5,376,0.8747084305231589,0,[1],"[[-0.8232879638671875, 0.0014013128820806742], [0.2424936443567276, -0.2043934166431427], [0.5452851057052612, 0.04017709940671921], [0.23062364757061005, 0.05219129100441933], [-0.006034713238477707, 0.24670416116714478]]",True
early_neutral,5,377,0.874375208263912,0,[1],"[[-0.8232879638671875, 0.0014013128820806742], [0.2488691657781601, -0.20495568215847015], [0.558609664440155, 0.040175434201955795], [0.23538470268249512, 0.048691488802433014], [-0.0029169863555580378, 0.2503467798233032]]",True
early_neutral,5,378,0.8740419860046651,0,[1],"[[-0.8232879638671875, 0.0014013128820806742], [0.25539034605026245, -0.2055189609527588], [0.5720384120941162, 0.04017630219459534], [0.2401125580072403, 0.048874564468860626], [0.0016413694247603416, 0.25293394923210144]]",True
early_neutral,5,379,0.8737087637454182,0,[0],"[[-0.8232879638671875, 0.0014013128820806742], [0.26307907700538635, -0.20616553723812103], [0.5856665372848511, 0.04017971456050873], [0.2446293830871582, 0.05146399140357971], [0.006988660432398319, 0.2551914155483246]]",True
early_neutral,5,380,0.8733755414861712,0,[0],"[[-0.8232879638671875, 0.0014013128820806742], [0.27193817496299744, -0.20688821375370026], [0.599446713924408, 0.040183987468481064], [0.24965110421180725, 0.05501474067568779], [0.012550287880003452, 0.2568380832672119]]",True
early_neutral,5,381,0.8730423192269243,0,[0],"[[-0.8232879638671875, 0.0014013128820806742], [0.28106385469436646, -0.20760080218315125], [0.6133424639701843, 0.04018758237361908], [0.2548687160015106, 0.059516653418540955], [0.018705204129219055, 0.2575276494026184]]",True
early_neutral,5,382,0.8727090969676774,0,[0],"[[-0.8232879638671875, 0.0014013128820806742], [0.29019656777381897, -0.20827412605285645], [0.6271387338638306, 0.040234532207250595], [0.2602643668651581, 0.06447874009609222], [0.025031544268131256, 0.25828567147254944]]",True
early_neutral,5,383,0.8723758747084305,0,[0],"[[-0.8232879638671875, 0.0014013128820806742], [0.2993365526199341, -0.20890429615974426], [0.6390957236289978, 0.04008364677429199], [0.2661189138889313, 0.06989949196577072], [0.03136608377099037, 0.2590174973011017]]",False
early_neutral,5,384,0.8720426524491836,0,[0],"[[-0.8232879638671875, 0.0014013128820806742], [0.30848535895347595, -0.20947782695293427], [0.6469332575798035, 0.039826877415180206], [0.27132731676101685, 0.0747983530163765], [0.037730392068624496, 0.2596302926540375]]",False
early_neutral,5,385,0.8717094301899367,0,[0],"[[-0.8232879638671875, 0.0014013128820806742], [0.3176422119140625, -0.2099941372871399], [0.6522131562232971, 0.04009317234158516], [0.27465662360191345, 0.07838839292526245], [0.044096700847148895, 0.26015809178352356]]",False
early_neutral,5,386,0.8713762079306898,0,[0],"[[-0.8232879638671875, 0.0014013128820806742], [0.32680457830429077, -0.2104668915271759], [0.6565887331962585, 0.04019377753138542], [0.27799999713897705, 0.08189749717712402], [0.05034510791301727, 0.2606217563152313]]",False
early_neutral,5,387,0.8710429856714429,0,[0],"[[-0.8232879638671875, 0.0014013128820806742], [0.3359714448451996, -0.2109016478061676], [0.661146879196167, 0.040359508246183395], [0.28313741087913513, 0.0840504914522171], [0.05674642324447632, 0.2610417604446411]]",False
early_neutral,5,388,0.870709763412196,0,[0],"[[-0.8232879638671875, 0.0014013128820806742], [0.3451419472694397, -0.21130231022834778], [0.6666792035102844, 0.04075467213988304], [0.2890986204147339, 0.08558079600334167], [0.06315336376428604, 0.26142364740371704]]",False
early_neutral,5,389,0.870376541152949,0,[0],"[[-0.8232879638671875, 0.0014013128820806742], [0.35431522130966187, -0.21167531609535217], [0.6735170483589172, 0.04113861545920372], [0.29598844051361084, 0.086894690990448], [0.06940419971942902, 0.26178714632987976]]",False
early_neutral,5,390,0.8700433188937021,0,[0],"[[-0.8232879638671875, 0.0014013128820806742], [0.3635925352573395, -0.21203140914440155], [0.681505560874939, 0.04134099557995796], [0.3043420910835266, 0.08765969425439835], [0.0758136659860611, 0.26215115189552307]]",False
early_neutral,5,391,0.8697100966344552,0,[0],"[[-0.8232879638671875, 0.0014013128820806742], [0.37368085980415344, -0.2124481052160263], [0.6906933188438416, 0.0412999726831913], [0.31362786889076233, 0.08779063820838928], [0.08251837641000748, 0.2625282108783722]]",False
early_neutral,5,392,0.8693768743752083,1,[0],"[[-1.0110293626785278, -0.0], [-0.03987361863255501, 0.04013187810778618], [-0.040441177785396576, -0.04065071418881416], [-0.10110294073820114, -0.10162678360939026], [-0.10111888498067856, 0.10164453834295273]]",False
early_neutral,5,393,0.8690436521159614,1,[0],"[[-1.0089824199676514, 1.5640835848707013e-11], [-0.03717528283596039, 0.03811408951878548], [-0.040441177785396576, -0.04065071418881416], [-0.10078411549329758, -0.10299738496541977], [-0.10232385247945786, 0.10329342633485794]]",False
early_neutral,5,394,0.8687104298567144,1,[0],"[[-1.0043838024139404, 3.806939485873073e-11], [-0.03302348777651787, 0.035802263766527176], [-0.0397246815264225, -0.03993050754070282], [-0.1004878357052803, -0.10582314431667328], [-0.10373026132583618, 0.10604331642389297]]",False
early_neutral,5,395,0.8683772075974675,1,[0],"[[-0.9982497692108154, -8.8717290458451e-11], [-0.030498750507831573, 0.03494818136096001], [-0.03741654381155968, -0.037610411643981934], [-0.10058889538049698, -0.10954046994447708], [-0.10498607158660889, 0.10973503440618515]]",False
early_neutral,5,396,0.8680439853382206,1,[0],"[[-0.9907007217407227, -6.609601199691895e-10], [-0.02866571582853794, 0.036336567252874374], [-0.034288808703422546, -0.034466467797756195], [-0.10081316530704498, -0.11385892331600189], [-0.106354720890522, 0.11406348645687103]]",False
early_neutral,5,397,0.8677107630789737,1,[0],"[[-0.9818990230560303, -9.418097413060877e-10], [-0.026001550257205963, 0.038155604153871536], [-0.0315287709236145, -0.03134196996688843], [-0.10111668705940247, -0.11877302080392838], [-0.10781283676624298, 0.11894568055868149]]",False
early_neutral,5,398,0.8673775408197267,1,[0],"[[-0.9725043773651123, -1.124062176671714e-09], [-0.023770086467266083, 0.03974528983235359], [-0.03004363365471363, -0.02894975058734417], [-0.10149452835321426, -0.12404893338680267], [-0.10930638015270233, 0.12428412586450577]]",False
early_neutral,5,399,0.8670443185604798,1,[0],"[[-0.9623619914054871, -1.2507369584469075e-09], [-0.024465398862957954, 0.04013058543205261], [-0.031171206384897232, -0.028971433639526367], [-0.10152602940797806, -0.1286342889070511], [-0.11041232943534851, 0.1302586793899536]]",False
early_neutral,5,400,0.8667110963012329,1,[0],"[[-0.9514985084533691, -1.3762423423102632e-09], [-0.02717609517276287, 0.04066779091954231], [-0.034919485449790955, -0.02936221845448017], [-0.1012248769402504, -0.1299402266740799], [-0.11075403541326523, 0.13682173192501068]]",False
early_neutral,5,401,0.866377874041986,1,[0],"[[-0.9404879212379456, -1.5313037504682825e-09], [-0.029661348089575768, 0.040364496409893036], [-0.03984316438436508, -0.029941823333501816], [-0.10139647126197815, -0.12947311997413635], [-0.11097678542137146, 0.14304567873477936]]",False
early_neutral,5,402,0.866044651782739,1,[0],"[[-0.9288374781608582, -1.5407453091142997e-09], [-0.03151179850101471, 0.039749059826135635], [-0.04616938903927803, -0.03070725128054619], [-0.1019015908241272, -0.1270686537027359], [-0.11291569471359253, 0.14620082080364227]]",False
early_neutral,5,403,0.8657114295234921,1,[0],"[[-0.9166154265403748, -2.1629527058308895e-09], [-0.033401742577552795, 0.03757603093981743], [-0.053608041256666183, -0.031624965369701385], [-0.10185252875089645, -0.12368373572826385], [-0.11693590879440308, 0.14623598754405975]]",False
early_neutral,5,404,0.8653782072642453,1,[0],"[[-0.9039192199707031, -2.6649153994640074e-09], [-0.03563816845417023, 0.03581983596086502], [-0.06193021312355995, -0.03261704370379448], [-0.10133937746286392, -0.11936762928962708], [-0.12189309298992157, 0.14475062489509583]]",False
early_neutral,5,405,0.8650449850049984,1,[0],"[[-0.8908576369285583, -3.1379896459071688e-09], [-0.03741897642612457, 0.03596440330147743], [-0.07099229842424393, -0.03365224227309227], [-0.10055278241634369, -0.11419171094894409], [-0.1275663524866104, 0.1423434466123581]]",False
early_neutral,5,406,0.8647117627457515,1,[0],"[[-0.8775166869163513, -3.7376310935144375e-09], [-0.0390118844807148, 0.03643488883972168], [-0.08071757107973099, -0.034703537821769714], [-0.0994870588183403, -0.10834882408380508], [-0.13172170519828796, 0.14052490890026093]]",False
early_neutral,5,407,0.8643785404865045,1,[0],"[[-0.864059567451477, -3.6024798699685334e-09], [-0.039790473878383636, 0.03834635019302368], [-0.09127739816904068, -0.03577844798564911], [-0.09823606163263321, -0.10207133740186691], [-0.13243304193019867, 0.14008308947086334]]",False
early_neutral,5,408,0.8640453182272576,1,[0],"[[-0.8529141545295715, -3.835680217889603e-09], [-0.04026445373892784, 0.041226211935281754], [-0.10256260633468628, -0.03686448559165001], [-0.09678126126527786, -0.0952705666422844], [-0.1319805383682251, 0.14049047231674194]]",False
early_neutral,5,409,0.8637120959680107,1,[0],"[[-0.8428518176078796, -3.511746005102623e-09], [-0.04050959274172783, 0.045087046921253204], [-0.11449695378541946, -0.037951722741127014], [-0.09512554854154587, -0.08830821514129639], [-0.12997417151927948, 0.14253927767276764]]",False
early_neutral,5,410,0.8633788737087638,1,[0],"[[-0.8351237773895264, -3.139180249078777e-09], [-0.040652334690093994, 0.04794652387499809], [-0.12695300579071045, -0.03900603577494621], [-0.09319796413183212, -0.08096310496330261], [-0.1275658905506134, 0.14554424583911896]]",False
early_neutral,5,411,0.8630456514495168,1,[0],"[[-0.8311296701431274, -2.822601485874543e-09], [-0.04068150371313095, 0.04853075370192528], [-0.1398177444934845, -0.04002336785197258], [-0.09079650789499283, -0.07327290624380112], [-0.12468048185110092, 0.14944714307785034]]",False
early_neutral,5,412,0.8627124291902699,1,[0],"[[-0.8281720280647278, 2.2454025838669622e-06], [-0.040708962827920914, 0.04890162870287895], [-0.15300582349300385, -0.04096820577979088], [-0.08704334497451782, -0.0654621422290802], [-0.12119343131780624, 0.15412963926792145]]",False
early_neutral,5,413,0.862379206931023,1,[0],"[[-0.8277102112770081, 1.4608482160838321e-05], [-0.040789201855659485, 0.05092908814549446], [-0.16476945579051971, -0.04183753579854965], [-0.08202388137578964, -0.05782658979296684], [-0.11715400964021683, 0.15947504341602325]]",False
early_neutral,5,414,0.8620459846717761,1,[0],"[[-0.8275028467178345, 2.4688557459739968e-05], [-0.0379188135266304, 0.052780818194150925], [-0.17182140052318573, -0.04245400428771973], [-0.0781828761100769, -0.05216909199953079], [-0.1125870943069458, 0.16534115374088287]]",False
early_neutral,5,415,0.8617127624125291,1,[0],"[[-0.8299740552902222, -5.8710964367492124e-05], [-0.03236892819404602, 0.052751462906599045], [-0.17773771286010742, -0.04275255650281906], [-0.07664889842271805, -0.049928996711969376], [-0.10760859400033951, 0.1715780794620514]]",False
early_neutral,5,416,0.8613795401532822,1,[0],"[[-0.8343402147293091, -0.00013105460675433278], [-0.02730027213692665, 0.05265895277261734], [-0.18501897156238556, -0.04255959391593933], [-0.07589787989854813, -0.05140288546681404], [-0.10483076423406601, 0.17804747819900513]]",False
early_neutral,5,417,0.8610463178940353,1,[0],"[[-0.8400896787643433, -0.00012869421334471554], [-0.02540598437190056, 0.05522087588906288], [-0.19336673617362976, -0.0416671447455883], [-0.07527630031108856, -0.054329559206962585], [-0.10408223420381546, 0.18505290150642395]]",False
early_neutral,5,418,0.8607130956347884,1,[0],"[[-0.8468865156173706, -9.880199650069699e-05], [-0.025170452892780304, 0.05908481404185295], [-0.20047420263290405, -0.04069436341524124], [-0.07516122609376907, -0.05818842723965645], [-0.10353923588991165, 0.19252078235149384]]",False
early_neutral,5,419,0.8603798733755414,1,[0],"[[-0.8545331358909607, -4.3082269257865846e-05], [-0.02510477602481842, 0.06385567784309387], [-0.20678751170635223, -0.0398879200220108], [-0.07516929507255554, -0.06260734796524048], [-0.10345063358545303, 0.20041429996490479]]",False
early_neutral,5,420,0.8600466511162945,1,[0],"[[-0.8628678321838379, 4.198667375021614e-05], [-0.025069043040275574, 0.06859467923641205], [-0.21331627666950226, -0.039125919342041016], [-0.07530168443918228, -0.06757998466491699], [-0.10387930274009705, 0.20824947953224182]]",False
early_neutral,5,421,0.8597134288570476,1,[0],"[[-0.8719939589500427, 0.00015627391985617578], [-0.025056997314095497, 0.0702613815665245], [-0.22103062272071838, -0.0384162962436676], [-0.07558567821979523, -0.07300274819135666], [-0.10497678816318512, 0.2135874330997467]]",False
early_neutral,5,422,0.8593802065978007,1,[0],"[[-0.8811827898025513, 0.0002885987632907927], [-0.02505629137158394, 0.07035897672176361], [-0.22989356517791748, -0.037846773862838745], [-0.07628113031387329, -0.07900436222553253], [-0.10862137377262115, 0.21694286167621613]]",False
early_neutral,5,423,0.8590469843385539,1,[0],"[[-0.8903711438179016, 0.0004363289917819202], [-0.02505629137158394, 0.07035897672176361], [-0.23905865848064423, -0.037397079169750214], [-0.07758385688066483, -0.08551684021949768], [-0.11400297284126282, 0.21851083636283875]]",False
early_neutral,5,424,0.8587137620793069,1,[0],"[[-0.8995592594146729, 0.0005929128383286297], [-0.02505629137158394, 0.07035897672176361], [-0.24823224544525146, -0.037027906626462936], [-0.07945578545331955, -0.09233760833740234], [-0.12032240629196167, 0.2183360755443573]]",False
early_neutral,5,425,0.85838053982006,1,[0],"[[-0.9087468385696411, 0.0007601773831993341], [-0.02505629137158394, 0.07035897672176361], [-0.25741222500801086, -0.036733031272888184], [-0.08203525841236115, -0.09928237646818161], [-0.12661351263523102, 0.21746158599853516]]",False
early_neutral,5,426,0.8580473175608131,1,[0],"[[-0.9179309606552124, 0.000992535729892552], [-0.02505629137158394, 0.07035897672176361], [-0.2665961980819702, -0.036497004330158234], [-0.08535623550415039, -0.10654797405004501], [-0.13285240530967712, 0.21643957495689392]]",False
early_neutral,5,427,0.8577140953015662,1,[0],"[[-0.9271089434623718, 0.0013120239600539207], [-0.0251863282173872, 0.07087954133749008], [-0.27578309178352356, -0.03631504252552986], [-0.0894390121102333, -0.11405777931213379], [-0.1391288787126541, 0.21529316902160645]]",False
early_neutral,5,428,0.8573808730423192,1,[0],"[[-0.9362807273864746, 0.0017004752298817039], [-0.02559625543653965, 0.07327604293823242], [-0.28517627716064453, -0.0361330583691597], [-0.09469008445739746, -0.12159882485866547], [-0.14652617275714874, 0.21416908502578735]]",False
early_neutral,5,429,0.8570476507830723,1,[0],"[[-0.9454485774040222, 0.0021261582151055336], [-0.025797424837946892, 0.07661328464746475], [-0.2954236567020416, -0.035923346877098083], [-0.10120651870965958, -0.12856875360012054], [-0.15522046387195587, 0.21325406432151794]]",False
early_neutral,5,430,0.8567144285238254,1,[0],"[[-0.9545490145683289, 0.0025850150268524885], [-0.02585631236433983, 0.08087918162345886], [-0.3061201572418213, -0.03565594181418419], [-0.10833581537008286, -0.13278330862522125], [-0.16435794532299042, 0.2126116007566452]]",False
early_neutral,5,431,0.8563812062645785,1,[0],"[[-0.9635505080223083, 0.003072957042604685], [-0.025890357792377472, 0.08601363003253937], [-0.317265123128891, -0.03528142720460892], [-0.1159355565905571, -0.13372038304805756], [-0.1735253483057022, 0.21218618750572205]]",False
early_neutral,5,432,0.8560479840053316,1,[0],"[[-0.9725475311279297, 0.003594286274164915], [-0.025252915918827057, 0.09122371673583984], [-0.32837074995040894, -0.0348290391266346], [-0.12148404121398926, -0.13202731311321259], [-0.1826939731836319, 0.21174980700016022]]",False
early_neutral,5,433,0.8557147617460846,1,[0],"[[-0.9788520932197571, 0.003916291985660791], [-0.022158360108733177, 0.09351543337106705], [-0.3376464545726776, -0.03433751314878464], [-0.12433689087629318, -0.12809696793556213], [-0.19195300340652466, 0.2104680985212326]]",False
early_neutral,5,434,0.8553815394868377,1,[0],"[[-0.9826493263244629, 0.003962500020861626], [-0.01680288463830948, 0.0937155932188034], [-0.3475523293018341, -0.03377164527773857], [-0.1272442489862442, -0.12345004826784134], [-0.19948552548885345, 0.20734214782714844]]",False
early_neutral,5,435,0.8550483172275908,1,[0],"[[-0.9850574135780334, 0.003929978236556053], [-0.010319028049707413, 0.09375414252281189], [-0.35823187232017517, -0.03312409669160843], [-0.13085734844207764, -0.11815359443426132], [-0.20630238950252533, 0.2030605971813202]]",False
early_neutral,5,436,0.8547150949683439,1,[0],"[[-0.9854785799980164, 0.003912829793989658], [-0.0028911966364830732, 0.09378281235694885], [-0.36904919147491455, -0.032472994178533554], [-0.1351453810930252, -0.11275757849216461], [-0.21332329511642456, 0.1981530785560608]]",False
early_neutral,5,437,0.8543818727090969,1,[0],"[[-0.9856005907058716, 0.003905901685357094], [0.005136123392730951, 0.09379691630601883], [-0.38045552372932434, -0.03180168941617012], [-0.14064112305641174, -0.1073620542883873], [-0.22056010365486145, 0.19297797977924347]]",False
early_neutral,5,438,0.85404865044985,1,[0],"[[-0.9856005907058716, 0.003905901685357094], [0.012916211038827896, 0.09391580522060394], [-0.39151427149772644, -0.031221577897667885], [-0.14745262265205383, -0.10210898518562317], [-0.22865831851959229, 0.18815559148788452]]",False
early_neutral,5,439,0.8537154281906031,1,[0],"[[-0.9856005907058716, 0.003905901685357094], [0.015740448608994484, 0.09415677934885025], [-0.4017980992794037, -0.03081751987338066], [-0.15573334693908691, -0.09872213006019592], [-0.23795151710510254, 0.18358837068080902]]",False
early_neutral,5,440,0.8533822059313562,1,[0],"[[-0.9856005907058716, 0.003905901685357094], [0.015651177614927292, 0.09410074353218079], [-0.41109171509742737, -0.030573353171348572], [-0.16587379574775696, -0.09705337136983871], [-0.24787537753582, 0.17900381982326508]]",False
early_neutral,5,441,0.8530489836721094,1,[0],"[[-0.9856005907058716, 0.003905901685357094], [0.01275244913995266, 0.09293387085199356], [-0.42028024792671204, -0.030432170256972313], [-0.17631657421588898, -0.0962856188416481], [-0.25790566205978394, 0.17444701492786407]]",False
early_neutral,5,442,0.8527157614128624,1,[0],"[[-0.9856005907058716, 0.003905901685357094], [0.008875908330082893, 0.09087150543928146], [-0.4294710159301758, -0.03038742020726204], [-0.18719983100891113, -0.09643625468015671], [-0.26814472675323486, 0.16982592642307281]]",False
early_neutral,5,443,0.8523825391536155,1,[0],"[[-0.9856005907058716, 0.003905901685357094], [0.004246891941875219, 0.08789908140897751], [-0.43866220116615295, -0.03038022480905056], [-0.19869080185890198, -0.09738483279943466], [-0.2787037193775177, 0.16500958800315857]]",False
early_neutral,5,444,0.8520493168943686,1,[0],"[[-0.9856005907058716, 0.003905901685357094], [-0.0012097598519176245, 0.08421417325735092], [-0.4478533864021301, -0.030376916751265526], [-0.21078374981880188, -0.0984337255358696], [-0.28950220346450806, 0.16003435850143433]]",False
early_neutral,5,445,0.8517160946351217,1,[0],"[[-0.9856005907058716, 0.003905901685357094], [-0.0077034528367221355, 0.08046127110719681], [-0.4570445716381073, -0.03037644922733307], [-0.22337450087070465, -0.09947419911623001], [-0.3004996180534363, 0.1549506038427353]]",False
early_neutral,5,446,0.8513828723758747,1,[0],"[[-0.9856005907058716, 0.003905901685357094], [-0.01474061794579029, 0.07659465819597244], [-0.4662357270717621, -0.0303762499243021], [-0.23635855317115784, -0.10047584027051926], [-0.31162378191947937, 0.14979544281959534]]",False
early_neutral,5,447,0.8510496501166278,1,[0],"[[-0.9856005907058716, 0.003905901685357094], [-0.022434579208493233, 0.07251319289207458], [-0.47542691230773926, -0.030376195907592773], [-0.24965780973434448, -0.1013740599155426], [-0.32191458344459534, 0.1454201340675354]]",False
early_neutral,5,448,0.8507164278573809,1,[0],"[[-0.9856005907058716, 0.003905901685357094], [-0.03057520091533661, 0.06882588565349579], [-0.48461809754371643, -0.03037617914378643], [-0.26320791244506836, -0.10210748761892319], [-0.33246085047721863, 0.14163361489772797]]",False
early_neutral,5,449,0.850383205598134,1,[0],"[[-0.9856005907058716, 0.003905901685357094], [-0.03904637694358826, 0.06485306471586227], [-0.4938092529773712, -0.030376169830560684], [-0.27696898579597473, -0.10241696983575821], [-0.3428981900215149, 0.13833695650100708]]",False
early_neutral,5,450,0.850049983338887,1,[0],"[[-0.9856005907058716, 0.003905901685357094], [-0.0477522648870945, 0.06006873399019241], [-0.5030004978179932, -0.030376169830560684], [-0.2908695638179779, -0.10230474919080734], [-0.353169322013855, 0.13517345488071442]]",False
early_neutral,5,451,0.8497167610796401,1,[0],"[[-0.9856005907058716, 0.003905901685357094], [-0.05682316794991493, 0.054803043603897095], [-0.512191653251648, -0.030376169830560684], [-0.304867148399353, -0.10207006335258484], [-0.36351513862609863, 0.13204675912857056]]",False
early_neutral,5,452,0.8493835388203932,1,[0],"[[-0.9856005907058716, 0.003905901685357094], [-0.06614678353071213, 0.04921190068125725], [-0.5213828086853027, -0.030376169830560684], [-0.31893855333328247, -0.10179594159126282], [-0.37459275126457214, 0.12934312224388123]]",False
early_neutral,5,453,0.8490503165611463,1,[0],"[[-0.9856005907058716, 0.003905901685357094], [-0.07566085457801819, 0.04336512088775635], [-0.5305740237236023, -0.030376169830560684], [-0.3330647349357605, -0.10147255659103394], [-0.3851517140865326, 0.1283029317855835]]",False
early_neutral,5,454,0.8487170943018993,1,[0],"[[-0.9856005907058716, 0.003905901685357094], [-0.08525306731462479, 0.037276044487953186], [-0.5397651791572571, -0.030376169830560684], [-0.34723028540611267, -0.10108784586191177], [-0.391726016998291, 0.12926679849624634]]",False
early_neutral,5,455,0.8483838720426524,1,[0],"[[-0.9856005907058716, 0.003905901685357094], [-0.09497366100549698, 0.031048353761434555], [-0.5489563345909119, -0.030376169830560684], [-0.3614296019077301, -0.10073757916688919], [-0.39634981751441956, 0.13259632885456085]]",False
early_neutral,5,456,0.8480506497834055,1,[0],"[[-0.9856005907058716, 0.003905901685357094], [-0.10494068264961243, 0.024814289063215256], [-0.5581475496292114, -0.030376169830560684], [-0.3756597936153412, -0.10090194642543793], [-0.40006890892982483, 0.13732558488845825]]",False
early_neutral,5,457,0.8477174275241586,1,[0],"[[-0.982825517654419, 0.004296398721635342], [-0.1151227131485939, 0.018595976755023003], [-0.567338764667511, -0.030376169830560684], [-0.3898657560348511, -0.10163910686969757], [-0.40401893854141235, 0.14267809689044952]]",False
early_neutral,5,458,0.8473842052649116,1,[0],"[[-0.9780507683753967, 0.005046697333455086], [-0.12551981210708618, 0.012428010813891888], [-0.5765299201011658, -0.030376169830560684], [-0.40406709909439087, -0.10252764075994492], [-0.4087449312210083, 0.14834780991077423]]",False
early_neutral,5,459,0.8470509830056647,1,[0],"[[-0.9718461036682129, 0.0061332411132752895], [-0.13611385226249695, 0.006325230468064547], [-0.5857210755348206, -0.030376169830560684], [-0.41829144954681396, -0.1033267080783844], [-0.41420936584472656, 0.15426169335842133]]",False
early_neutral,5,460,0.8467177607464179,1,[0],"[[-0.9643281698226929, 0.007511500734835863], [-0.14689257740974426, 0.00030090720974840224], [-0.5949122905731201, -0.030376169830560684], [-0.43253645300865173, -0.10402233153581619], [-0.420415461063385, 0.16004593670368195]]",False
early_neutral,5,461,0.846384538487171,1,[0],"[[-0.955690860748291, 0.00915551371872425], [-0.1578454077243805, -0.005634944885969162], [-0.6041034460067749, -0.030376169830560684], [-0.4468016028404236, -0.10458076745271683], [-0.4275882840156555, 0.1659126877784729]]",False
early_neutral,5,462,0.8460513162279241,1,[0],"[[-0.9466449618339539, 0.011009957641363144], [-0.16893476247787476, -0.011497657746076584], [-0.6132946014404297, -0.030376169830560684], [-0.46102267503738403, -0.10490792989730835], [-0.4355844259262085, 0.17184805870056152]]",False
early_neutral,5,463,0.8457180939686771,1,[0],"[[-0.9368945360183716, 0.013202184811234474], [-0.18008609116077423, -0.01733689196407795], [-0.6224858164787292, -0.030376169830560684], [-0.473250150680542, -0.10411548614501953], [-0.44463855028152466, 0.1775818169116974]]",False
early_neutral,5,464,0.8453848717094302,1,[0],"[[-0.9267053008079529, 0.015703601762652397], [-0.1912965029478073, -0.023148030042648315], [-0.631676971912384, -0.030376169830560684], [-0.4810413122177124, -0.10187666118144989], [-0.45461395382881165, 0.1830373853445053]]",False
early_neutral,5,465,0.8450516494501833,1,[0],"[[-0.9164102673530579, 0.018446138128638268], [-0.20262324810028076, -0.02887800894677639], [-0.6408681869506836, -0.030376169830560684], [-0.4847058355808258, -0.09800396114587784], [-0.4654351472854614, 0.18810583651065826]]",False
early_neutral,5,466,0.8447184271909364,1,[0],"[[-0.9056338667869568, 0.021515998989343643], [-0.21407943964004517, -0.03450963646173477], [-0.6500593423843384, -0.030376169830560684], [-0.48707231879234314, -0.09296566992998123], [-0.47704872488975525, 0.19267109036445618]]",False
early_neutral,5,467,0.8443852049316894,1,[0],"[[-0.8944574594497681, 0.02489081397652626], [-0.2256626933813095, -0.040039073675870895], [-0.6592504978179932, -0.030376169830560684], [-0.48971372842788696, -0.087285615503788], [-0.4892621636390686, 0.19677604734897614]]",False
early_neutral,5,468,0.8440519826724425,1,[0],"[[-0.8830766081809998, 0.02866326831281185], [-0.2373712658882141, -0.04546240344643593], [-0.6684417128562927, -0.030376169830560684], [-0.49287649989128113, -0.08127250522375107], [-0.5020149946212769, 0.20034588873386383]]",False
early_neutral,5,469,0.8437187604131956,1,[0],"[[-0.8728294968605042, 0.03239811956882477], [-0.24918794631958008, -0.050790850073099136], [-0.6776328682899475, -0.030376169830560684], [-0.49661675095558167, -0.07480250298976898], [-0.5149718523025513, 0.2037748545408249]]",False
early_neutral,5,470,0.8433855381539487,1,[0],"[[-0.8666964769363403, 0.03608128800988197], [-0.26104170083999634, -0.05608825758099556], [-0.6868240237236023, -0.030376169830560684], [-0.5008827447891235, -0.06834062933921814], [-0.5277911424636841, 0.20754121243953705]]",False
early_neutral,5,471,0.8430523158947018,1,[0],"[[-0.8613909482955933, 0.040117379277944565], [-0.2729226350784302, -0.06136280670762062], [-0.6960152983665466, -0.030376169830560684], [-0.5058938264846802, -0.06173843517899513], [-0.5405495166778564, 0.21148371696472168]]",False
early_neutral,5,472,0.8427190936354548,1,[0],"[[-0.858428955078125, 0.041669804602861404], [-0.28483420610427856, -0.06661027669906616], [-0.7052064538002014, -0.030376169830560684], [-0.5114176273345947, -0.05485045909881592], [-0.553750216960907, 0.21482709050178528]]",False
early_neutral,5,473,0.8423858713762079,1,[0],"[[-0.8564043045043945, 0.042730994522571564], [-0.29677820205688477, -0.07182814180850983], [-0.712757408618927, -0.03014557622373104], [-0.5164586305618286, -0.04742010310292244], [-0.567338764667511, 0.2174435406923294]]",False
early_neutral,5,474,0.842052649116961,1,[0],"[[-0.8551183938980103, 0.04340497404336929], [-0.3088015019893646, -0.07696914672851562], [-0.7164052128791809, -0.02935752645134926], [-0.5207189321517944, -0.03948786109685898], [-0.5790896415710449, 0.21927154064178467]]",False
early_neutral,5,475,0.8417194268577141,1,[0],"[[-0.8546786904335022, 0.043662331998348236], [-0.32101690769195557, -0.08191559463739395], [-0.7180490493774414, -0.028663942590355873], [-0.5259107947349548, -0.0315653532743454], [-0.5892065167427063, 0.2202768474817276]]",False
early_neutral,5,476,0.8413862045984671,1,[0],"[[-0.8571289777755737, 0.04273010790348053], [-0.3334009647369385, -0.0866822674870491], [-0.7201030850410461, -0.027811838313937187], [-0.532986581325531, -0.024090833961963654], [-0.5984399318695068, 0.22083857655525208]]",False
early_neutral,5,477,0.8410529823392202,1,[0],"[[-0.861285388469696, 0.04145636782050133], [-0.3456951379776001, -0.09154696017503738], [-0.7152109146118164, -0.025561869144439697], [-0.5403473377227783, -0.016654962673783302], [-0.6076183915138245, 0.22114527225494385]]",False
early_neutral,5,478,0.8407197600799733,1,[0],"[[-0.8668590784072876, 0.039913829416036606], [-0.3578207790851593, -0.09658794105052948], [-0.707958996295929, -0.023888785392045975], [-0.5441913604736328, -0.00865904614329338], [-0.6168084144592285, 0.22122079133987427]]",False
early_neutral,5,479,0.8403865378207265,1,[0],"[[-0.8736867904663086, 0.03809056058526039], [-0.3699103891849518, -0.10166597366333008], [-0.699683427810669, -0.0219232477247715], [-0.5457689762115479, -0.00036618034937418997], [-0.6259996294975281, 0.22123706340789795]]",False
early_neutral,5,480,0.8400533155614796,1,[0],"[[-0.8810691237449646, 0.03618864715099335], [-0.38212883472442627, -0.10661191493272781], [-0.6905880570411682, -0.01956077665090561], [-0.547491192817688, 0.00813827384263277], [-0.6351907849311829, 0.2212434709072113]]",False
early_neutral,5,481,0.8397200933022326,1,[0],"[[-0.8893935084342957, 0.03410804644227028], [-0.3944770097732544, -0.11141963303089142], [-0.6807705760002136, -0.01690538041293621], [-0.5494893193244934, 0.016795305535197258], [-0.6443819403648376, 0.2212442308664322]]",False
early_neutral,5,482,0.8393868710429857,1,[0],"[[-0.8979818820953369, 0.03197783976793289], [-0.4069722294807434, -0.11606371402740479], [-0.6708483695983887, -0.014067037031054497], [-0.5517451763153076, 0.02556219883263111], [-0.6535731554031372, 0.22124461829662323]]",False
early_neutral,5,483,0.8390536487837388,1,[0],"[[-0.9065765738487244, 0.029858293011784554], [-0.41961267590522766, -0.12053845822811127], [-0.660653829574585, -0.010962866246700287], [-0.5543044209480286, 0.03439842164516449], [-0.662764310836792, 0.2212446630001068]]",False
early_neutral,5,484,0.8387204265244919,1,[0],"[[-0.9151730537414551, 0.02774190902709961], [-0.43242204189300537, -0.12480458617210388], [-0.6499975323677063, -0.007557766977697611], [-0.5576284527778625, 0.04297931492328644], [-0.6719554662704468, 0.2212446630001068]]",False
early_neutral,5,485,0.8383872042652449,1,[0],"[[-0.9237695932388306, 0.025625668466091156], [-0.445408433675766, -0.12883785367012024], [-0.6390247344970703, -0.003778790356591344], [-0.5623436570167542, 0.04931703582406044], [-0.6811023354530334, 0.2212442308664322]]",False
early_neutral,5,486,0.838053982005998,1,[0],"[[-0.9323657751083374, 0.023508762940764427], [-0.4585948884487152, -0.13258513808250427], [-0.6280186176300049, 0.0003929258091375232], [-0.5682893991470337, 0.05241745337843895], [-0.6870202422142029, 0.22121261060237885]]",False
early_neutral,5,487,0.8377207597467511,1,[0],"[[-0.9409609436988831, 0.021389923989772797], [-0.4720418453216553, -0.13591711223125458], [-0.6193721294403076, 0.004006258677691221], [-0.5757221579551697, 0.05454437434673309], [-0.6877191066741943, 0.22120390832424164]]",False
early_neutral,5,488,0.8373875374875042,1,[0],"[[-0.9495546817779541, 0.019268956035375595], [-0.4857466220855713, -0.13876448571681976], [-0.6120675206184387, 0.007634669076651335], [-0.5844466686248779, 0.05620965361595154], [-0.6877191066741943, 0.22120390832424164]]",False
early_neutral,5,489,0.8370543152282572,1,[0],"[[-0.9581465721130371, 0.01714465767145157], [-0.49989521503448486, -0.14042311906814575], [-0.6063098311424255, 0.010927810333669186], [-0.593879222869873, 0.05762850120663643], [-0.6877191066741943, 0.22120390832424164]]",False
early_neutral,5,490,0.8367210929690103,1,[0],"[[-0.9667364358901978, 0.015016835182905197], [-0.5142669081687927, -0.14066219329833984], [-0.6020647883415222, 0.014070720411837101], [-0.6040911674499512, 0.05934489518404007], [-0.6877191066741943, 0.22120390832424164]]",False
early_neutral,5,491,0.8363878707097634,1,[0],"[[-0.9731772541999817, 0.013443666510283947], [-0.5272125005722046, -0.1401941329240799], [-0.5986523032188416, 0.017192641273140907], [-0.6149481534957886, 0.06136232987046242], [-0.6877191066741943, 0.22120390832424164]]",False
early_neutral,5,492,0.8360546484505165,1,[0],"[[-0.978325605392456, 0.01224165316671133], [-0.535732090473175, -0.14006514847278595], [-0.5979592800140381, 0.017857305705547333], [-0.6263086199760437, 0.06380228698253632], [-0.6877191066741943, 0.22120390832424164]]",False
early_neutral,5,493,0.8357214261912695,1,[0],"[[-0.982334554195404, 0.01132873073220253], [-0.5414896011352539, -0.14024516940116882], [-0.5979592800140381, 0.017857305705547333], [-0.6361948847770691, 0.06633294373750687], [-0.6881328821182251, 0.22012779116630554]]",False
early_neutral,5,494,0.8353882039320226,1,[0],"[[-0.9835657477378845, 0.011015024967491627], [-0.543300449848175, -0.1403079330921173], [-0.5979592800140381, 0.017857305705547333], [-0.6438435316085815, 0.0689883679151535], [-0.6886500716209412, 0.21784193813800812]]",False
early_neutral,5,495,0.8350549816727757,1,[0],"[[-0.9836857318878174, 0.010981825180351734], [-0.5434450507164001, -0.14031246304512024], [-0.5979592800140381, 0.017857305705547333], [-0.6497188210487366, 0.07185998558998108], [-0.6889057159423828, 0.21459433436393738]]",False
early_neutral,5,496,0.8347217594135288,1,[0],"[[-0.9836857318878174, 0.010981825180351734], [-0.5411826968193054, -0.1402006298303604], [-0.5979592800140381, 0.017857305705547333], [-0.6524336338043213, 0.07507653534412384], [-0.6890457272529602, 0.21038995683193207]]",False
early_neutral,5,497,0.8343885371542819,1,[0],"[[-0.9836857318878174, 0.010981825180351734], [-0.5373321771621704, -0.14001475274562836], [-0.6000214219093323, 0.01816214621067047], [-0.6537201404571533, 0.07855986058712006], [-0.689117431640625, 0.20530064404010773]]",False
early_neutral,5,498,0.834055314895035,1,[0],"[[-0.9836857318878174, 0.010981825180351734], [-0.532006561756134, -0.13975615799427032], [-0.6041957139968872, 0.01864456944167614], [-0.654148280620575, 0.0805242657661438], [-0.6891881823539734, 0.19945204257965088]]",False
early_neutral,5,499,0.8337220926357881,1,[0],"[[-0.9836857318878174, 0.010981825180351734], [-0.5260400772094727, -0.13942508399486542], [-0.6097776293754578, 0.019118908792734146], [-0.654338538646698, 0.08071141690015793], [-0.6894147992134094, 0.1929725706577301]]",False
early_neutral,5,500,0.8333888703765412,1,[0],"[[-0.9836857318878174, 0.010981825180351734], [-0.5196508169174194, -0.13901975750923157], [-0.6161448359489441, 0.019718211144208908], [-0.6547209620475769, 0.07985007762908936], [-0.6897212266921997, 0.18603989481925964]]",False
early_neutral,5,501,0.8330556481172943,1,[0],"[[-0.9836857318878174, 0.010981825180351734], [-0.5135767459869385, -0.13858835399150848], [-0.6224385499954224, 0.020401781424880028], [-0.6554354429244995, 0.07740902155637741], [-0.6895818710327148, 0.17895261943340302]]",False
early_neutral,5,502,0.8327224258580473,1,[0],"[[-0.9836857318878174, 0.010981825180351734], [-0.5119310617446899, -0.1384655237197876], [-0.6250718235969543, 0.02069743722677231], [-0.6555922031402588, 0.0740305632352829], [-0.688949704170227, 0.17144721746444702]]",False
early_neutral,5,503,0.8323892035988004,1,[0],"[[-0.9836857318878174, 0.010981825180351734], [-0.5119310617446899, -0.1384655237197876], [-0.6250718235969543, 0.02069743722677231], [-0.6557096242904663, 0.06978707015514374], [-0.6876034140586853, 0.16358956694602966]]",False
early_neutral,5,504,0.8320559813395535,1,[0],"[[-0.9836857318878174, 0.010981825180351734], [-0.5119310617446899, -0.1384655237197876], [-0.6250718235969543, 0.02069743722677231], [-0.6557477712631226, 0.06468890607357025], [-0.6846830248832703, 0.15558269619941711]]",False
early_neutral,5,505,0.8317227590803066,1,[0],"[[-0.9836857318878174, 0.010981825180351734], [-0.5119310617446899, -0.1384655237197876], [-0.6250718235969543, 0.02069743722677231], [-0.6557610630989075, 0.058857280761003494], [-0.6807236075401306, 0.14796200394630432]]",False
early_neutral,5,506,0.8313895368210596,1,[0],"[[-0.9836857318878174, 0.010981825180351734], [-0.5119310617446899, -0.1384655237197876], [-0.6250718235969543, 0.02069743722677231], [-0.6557630896568298, 0.05287642031908035], [-0.6779518723487854, 0.14269696176052094]]",False
early_neutral,5,507,0.8310563145618127,1,[0],"[[-0.9836857318878174, 0.010981825180351734], [-0.5119310617446899, -0.1384655237197876], [-0.6250718235969543, 0.02069743722677231], [-0.6557640433311462, 0.04689555987715721], [-0.675958514213562, 0.13891056180000305]]",False
early_neutral,5,508,0.8307230923025658,1,[0],"[[-0.9836857318878174, 0.010981825180351734], [-0.5119310617446899, -0.1384655237197876], [-0.6250718235969543, 0.02069743722677231], [-0.655764102935791, 0.04091470316052437], [-0.6746876239776611, 0.13649633526802063]]",False
early_neutral,5,509,0.8303898700433189,1,[0],"[[-0.9836857318878174, 0.010981825180351734], [-0.5119310617446899, -0.1384655237197876], [-0.6242808699607849, 0.022192319855093956], [-0.655764102935791, 0.03493383899331093], [-0.6741833090782166, 0.135957270860672]]",False
early_neutral,5,510,0.830056647784072,1,[0],"[[-0.9836857318878174, 0.010981825180351734], [-0.5119310617446899, -0.1384655237197876], [-0.6227266788482666, 0.02487323433160782], [-0.6554367542266846, 0.030291128903627396], [-0.6728008389472961, 0.13783849775791168]]",False
early_neutral,5,511,0.829723425524825,1,[0],"[[-0.9836857318878174, 0.010981825180351734], [-0.5119310617446899, -0.1384655237197876], [-0.6206948757171631, 0.028174279257655144], [-0.6549814343452454, 0.029129765927791595], [-0.6700511574745178, 0.14029598236083984]]",False
early_neutral,5,512,0.8293902032655781,1,[0],"[[-0.9836857318878174, 0.010981825180351734], [-0.5119310617446899, -0.1384655237197876], [-0.6179583668708801, 0.03255492076277733], [-0.6551914811134338, 0.029590224847197533], [-0.6660178899765015, 0.14321881532669067]]",False
early_neutral,5,513,0.8290569810063312,1,[0],"[[-0.9836857318878174, 0.010981825180351734], [-0.5119310617446899, -0.1384655237197876], [-0.6145862340927124, 0.037644922733306885], [-0.6559324860572815, 0.03196791559457779], [-0.6608660817146301, 0.14668340981006622]]",False
early_neutral,5,514,0.8287237587470843,1,[0],"[[-0.9836857318878174, 0.010981825180351734], [-0.5119310617446899, -0.1384655237197876], [-0.6107036471366882, 0.04318561777472496], [-0.6563035249710083, 0.03534143045544624], [-0.6546915173530579, 0.15063326060771942]]",False
early_neutral,5,515,0.8283905364878373,1,[0],"[[-0.9836857318878174, 0.010981825180351734], [-0.5119310617446899, -0.1384655237197876], [-0.6063433289527893, 0.04912782460451126], [-0.6564135551452637, 0.039664171636104584], [-0.64766526222229, 0.15496738255023956]]",False
early_neutral,5,516,0.8280573142285905,1,[0],"[[-0.9836857318878174, 0.010981825180351734], [-0.5119310617446899, -0.1384655237197876], [-0.6014835238456726, 0.055398426949977875], [-0.6564763188362122, 0.04485814645886421], [-0.6399374008178711, 0.1596384346485138]]",False
early_neutral,5,517,0.8277240919693436,1,[0],"[[-0.9836857318878174, 0.010981825180351734], [-0.5119310617446899, -0.1384655237197876], [-0.596216082572937, 0.06162694841623306], [-0.6564855575561523, 0.05074107646942139], [-0.631588339805603, 0.16458454728126526]]",False
early_neutral,5,518,0.8273908697100967,1,[0],"[[-0.9836857318878174, 0.010981825180351734], [-0.5119310617446899, -0.1384655237197876], [-0.5903070569038391, 0.06809709966182709], [-0.6564894914627075, 0.05672193691134453], [-0.6226236820220947, 0.16974003612995148]]",False
early_neutral,5,519,0.8270576474508498,1,[0],"[[-0.9836857318878174, 0.010981825180351734], [-0.5119310617446899, -0.1384655237197876], [-0.5839179158210754, 0.07482451945543289], [-0.6564903855323792, 0.06270279735326767], [-0.6130691170692444, 0.17499017715454102]]",False
early_neutral,5,520,0.8267244251916028,1,[0],"[[-0.9836857318878174, 0.010981825180351734], [-0.5119310617446899, -0.1384655237197876], [-0.5770667791366577, 0.0817369818687439], [-0.6564903855323792, 0.06868366152048111], [-0.603034257888794, 0.18029499053955078]]",False
early_neutral,5,521,0.8263912029323559,1,[0],"[[-0.9836857318878174, 0.010981825180351734], [-0.5119310617446899, -0.1384655237197876], [-0.570429265499115, 0.08819610625505447], [-0.6564903855323792, 0.07466451823711395], [-0.5925235152244568, 0.18555209040641785]]",False
early_neutral,5,522,0.826057980673109,1,[0],"[[-0.9836857318878174, 0.010981825180351734], [-0.5119310617446899, -0.1384655237197876], [-0.5650814771652222, 0.09313298016786575], [-0.6564167737960815, 0.07921034842729568], [-0.5824276208877563, 0.1903616487979889]]",False
early_neutral,5,523,0.8257247584138621,1,[0],"[[-0.9836857318878174, 0.010981825180351734], [-0.510495126247406, -0.13845768570899963], [-0.5597691535949707, 0.09779687970876694], [-0.6561517715454102, 0.08064687997102737], [-0.5743762254714966, 0.19359838962554932]]",False
early_neutral,5,524,0.8253915361546151,1,[0],"[[-0.9836857318878174, 0.010981825180351734], [-0.5065019130706787, -0.13846448063850403], [-0.5547848343849182, 0.1005619689822197], [-0.6554880142211914, 0.08309158682823181], [-0.5661994814872742, 0.1963278204202652]]",False
early_neutral,5,525,0.8250583138953682,1,[0],"[[-0.9836857318878174, 0.010981825180351734], [-0.501085638999939, -0.138530433177948], [-0.5490236282348633, 0.10242191702127457], [-0.6551628708839417, 0.08649443089962006], [-0.5578829050064087, 0.19887381792068481]]",False
early_neutral,5,526,0.8247250916361213,1,[0],"[[-0.9836857318878174, 0.010981825180351734], [-0.49468564987182617, -0.13873744010925293], [-0.5432280898094177, 0.10423965007066727], [-0.6550787687301636, 0.08969604969024658], [-0.5494750142097473, 0.20128953456878662]]",False
early_neutral,5,527,0.8243918693768744,1,[0],"[[-0.9836857318878174, 0.010981825180351734], [-0.4882752299308777, -0.1390913426876068], [-0.5373542904853821, 0.10594771802425385], [-0.6550491452217102, 0.09076709300279617], [-0.541017472743988, 0.20368094742298126]]",False
early_neutral,5,528,0.8240586471176274,1,[0],"[[-0.9836857318878174, 0.010981825180351734], [-0.4844346344470978, -0.13935023546218872], [-0.5314038395881653, 0.10753922164440155], [-0.655060887336731, 0.08906145393848419], [-0.5319898128509521, 0.20634424686431885]]",False
early_neutral,5,529,0.8237254248583805,1,[0],"[[-0.9836857318878174, 0.010981825180351734], [-0.4843897819519043, -0.13935324549674988], [-0.5253663063049316, 0.10898513346910477], [-0.6550708413124084, 0.08626198023557663], [-0.5228337049484253, 0.20910552144050598]]",False
early_neutral,5,530,0.8233922025991336,1,[0],"[[-0.9836857318878174, 0.010981825180351734], [-0.4835818111896515, -0.13939546048641205], [-0.5192475914955139, 0.11027838289737701], [-0.6550742387771606, 0.08255001157522202], [-0.5144301056861877, 0.21152770519256592]]",False
early_neutral,5,531,0.8230589803398867,1,[0],"[[-0.9836857318878174, 0.010981825180351734], [-0.47990280389785767, -0.13967713713645935], [-0.5130211114883423, 0.11132903397083282], [-0.6550766229629517, 0.07793579250574112], [-0.5059557557106018, 0.2138429880142212]]",False
early_neutral,5,532,0.8227257580806397,1,[0],"[[-0.9836857318878174, 0.010981825180351734], [-0.47491681575775146, -0.14023242890834808], [-0.5066937208175659, 0.11208241432905197], [-0.6550774574279785, 0.07249695807695389], [-0.4974067211151123, 0.21603892743587494]]",False
early_neutral,5,533,0.8223925358213928,1,[0],"[[-0.9836857318878174, 0.010981825180351734], [-0.473069965839386, -0.14046210050582886], [-0.5003018379211426, 0.11255442351102829], [-0.6550779342651367, 0.06652797758579254], [-0.4887832701206207, 0.21810801327228546]]",False
early_neutral,5,534,0.8220593135621459,1,[0],"[[-0.9836857318878174, 0.010981825180351734], [-0.473069965839386, -0.14046210050582886], [-0.49387919902801514, 0.11279202997684479], [-0.6550780534744263, 0.0605471096932888], [-0.4812556803226471, 0.21975529193878174]]",False
early_neutral,5,535,0.8217260913028991,1,[0],"[[-0.9836857318878174, 0.010981825180351734], [-0.4719456434249878, -0.14049826562404633], [-0.487446129322052, 0.11280010640621185], [-0.6550780534744263, 0.05456624925136566], [-0.4750117063522339, 0.22076082229614258]]",False
early_neutral,5,536,0.8213928690436522,1,[0],"[[-0.9836857318878174, 0.010981825180351734], [-0.46863847970962524, -0.1404014229774475], [-0.48101866245269775, 0.11262059956789017], [-0.6550780534744263, 0.04858538880944252], [-0.4686751067638397, 0.22146406769752502]]",False
early_neutral,5,537,0.8210596467844052,1,[0],"[[-0.9836857318878174, 0.010981825180351734], [-0.4639572203159332, -0.13991503417491913], [-0.4746084213256836, 0.11226591467857361], [-0.6550780534744263, 0.04260453209280968], [-0.46239611506462097, 0.2219160497188568]]",False
early_neutral,5,538,0.8207264245251583,1,[0],"[[-0.9836857318878174, 0.010981825180351734], [-0.4581892192363739, -0.1391058713197708], [-0.4682161509990692, 0.11179134249687195], [-0.6550780534744263, 0.03662366792559624], [-0.45606163144111633, 0.22214312851428986]]",False
early_neutral,5,539,0.8203932022659114,1,[0],"[[-0.9836857318878174, 0.010981825180351734], [-0.45210856199264526, -0.13816837966442108], [-0.4618336260318756, 0.11126383394002914], [-0.6550780534744263, 0.030642811208963394], [-0.44962915778160095, 0.22214622795581818]]",False
early_neutral,5,540,0.8200599800066645,1,[0],"[[-0.9836857318878174, 0.010981825180351734], [-0.44587913155555725, -0.13712170720100403], [-0.45546451210975647, 0.1106722503900528], [-0.6550780534744263, 0.024661948904395103], [-0.44325900077819824, 0.22194597125053406]]",False
early_neutral,5,541,0.8197267577474175,1,[0],"[[-0.9836857318878174, 0.010981825180351734], [-0.4398214519023895, -0.1370496302843094], [-0.44912445545196533, 0.10996098816394806], [-0.6550780534744263, 0.01868109032511711], [-0.4369907081127167, 0.22155898809432983]]",False
early_neutral,5,542,0.8193935354881706,1,[0],"[[-0.9836857318878174, 0.010981825180351734], [-0.43376219272613525, -0.1381380558013916], [-0.4428217113018036, 0.10912122577428818], [-0.6547743678092957, 0.013934128917753696], [-0.4306206703186035, 0.22097347676753998]]",False
early_neutral,5,543,0.8190603132289237,1,[0],"[[-0.9836630821228027, 0.01089905109256506], [-0.4275844395160675, -0.13930583000183105], [-0.4366133213043213, 0.10802700370550156], [-0.6543766260147095, 0.01260943990200758], [-0.42621898651123047, 0.21962063014507294]]",False
early_neutral,5,544,0.8187270909696768,1,[0],"[[-0.9833410978317261, 0.008876778185367584], [-0.4213654398918152, -0.1403784602880478], [-0.4305601119995117, 0.10661167651414871], [-0.6544625759124756, 0.012781746685504913], [-0.4262709319591522, 0.21672198176383972]]",False
early_neutral,5,545,0.8183938687104299,1,[0],"[[-0.9833851456642151, 0.006087073124945164], [-0.4151197671890259, -0.14138343930244446], [-0.42474403977394104, 0.10482807457447052], [-0.6551331877708435, 0.01471775583922863], [-0.42873239517211914, 0.2131790816783905]]",False
early_neutral,5,546,0.8180606464511829,1,[0],"[[-0.983756422996521, 0.004184538498520851], [-0.4088849127292633, -0.1423332244157791], [-0.41934138536453247, 0.10256040841341019], [-0.6555585861206055, 0.01757809706032276], [-0.43267959356307983, 0.2091308832168579]]",False
early_neutral,5,547,0.817727424191936,1,[0],"[[-0.9841100573539734, 0.003361228620633483], [-0.40268874168395996, -0.1432342678308487], [-0.4144187867641449, 0.09986744076013565], [-0.6557322144508362, 0.021398941054940224], [-0.4383658170700073, 0.20491652190685272]]",False
early_neutral,5,548,0.8173942019326891,1,[0],"[[-0.9841280579566956, 0.0033339322544634342], [-0.39639610052108765, -0.1441064476966858], [-0.40925461053848267, 0.0967511385679245], [-0.655851423740387, 0.026141704991459846], [-0.44536250829696655, 0.20057187974452972]]",False
early_neutral,5,549,0.8170609796734422,1,[0],"[[-0.9841280579566956, 0.0033339322544634342], [-0.39012935757637024, -0.14501050114631653], [-0.40342283248901367, 0.09289088100194931], [-0.6558811068534851, 0.03171582892537117], [-0.45334166288375854, 0.19609025120735168]]",False
early_neutral,5,550,0.8167277574141952,1,[0],"[[-0.9841280579566956, 0.0033339322544634342], [-0.3840041756629944, -0.14602433145046234], [-0.3973730802536011, 0.08834345638751984], [-0.6558921337127686, 0.03769668564200401], [-0.4622121751308441, 0.19153736531734467]]",False
early_neutral,5,551,0.8163945351549483,1,[0],"[[-0.9841280579566956, 0.0033339322544634342], [-0.37782078981399536, -0.14718039333820343], [-0.39195066690444946, 0.08306674659252167], [-0.6558955907821655, 0.043677546083927155], [-0.47193285822868347, 0.18698781728744507]]",False
early_neutral,5,552,0.8160613128957014,1,[0],"[[-0.9841280579566956, 0.0033339322544634342], [-0.37170445919036865, -0.1484781801700592], [-0.387272447347641, 0.07690662890672684], [-0.6558961272239685, 0.049658410251140594], [-0.48248809576034546, 0.18261462450027466]]",False
early_neutral,5,553,0.8157280906364545,1,[0],"[[-0.9841280579566956, 0.0033339322544634342], [-0.3656883239746094, -0.1499609798192978], [-0.3847297132015228, 0.0718778520822525], [-0.6558963656425476, 0.055639270693063736], [-0.49363893270492554, 0.17834918200969696]]",False
early_neutral,5,554,0.8153948683772076,1,[0],"[[-0.9841280579566956, 0.0033339322544634342], [-0.360072523355484, -0.15152743458747864], [-0.386748343706131, 0.06852459162473679], [-0.6556882858276367, 0.06090168654918671], [-0.5053459405899048, 0.17429567873477936]]",False
early_neutral,5,555,0.8150616461179607,1,[0],"[[-0.9841280579566956, 0.0033339322544634342], [-0.3583386242389679, -0.15196073055267334], [-0.391094446182251, 0.06545694172382355], [-0.6552330851554871, 0.0628240630030632], [-0.5174772143363953, 0.17042233049869537]]",False
early_neutral,5,556,0.8147284238587138,1,[0],"[[-0.9841280579566956, 0.0033339322544634342], [-0.3583386242389679, -0.15196073055267334], [-0.3958366811275482, 0.06262930482625961], [-0.6547976136207581, 0.06286860257387161], [-0.5299640893936157, 0.16674716770648956]]",False
early_neutral,5,557,0.8143952015994669,1,[0],"[[-0.9841280579566956, 0.0033339322544634342], [-0.3584553301334381, -0.15333308279514313], [-0.3993989825248718, 0.05936247855424881], [-0.6512026786804199, 0.06220480427145958], [-0.5422974228858948, 0.1633891761302948]]",False
early_neutral,5,558,0.81406197934022,1,[0],"[[-0.9841280579566956, 0.0033339322544634342], [-0.3586861193180084, -0.15593819320201874], [-0.40131863951683044, 0.05547351390123367], [-0.6459571123123169, 0.06161817908287048], [-0.5519288182258606, 0.16125831007957458]]",False
early_neutral,5,559,0.813728757080973,1,[0],"[[-0.9841280579566956, 0.0033339322544634342], [-0.3589411973953247, -0.15878377854824066], [-0.402929425239563, 0.051420602947473526], [-0.6392216682434082, 0.06116040050983429], [-0.5608990788459778, 0.16002196073532104]]",False
early_neutral,5,560,0.8133955348217261,1,[0],"[[-0.9841550588607788, 0.0029962407425045967], [-0.3591952621936798, -0.16252033412456512], [-0.404080331325531, 0.04730282351374626], [-0.6312286853790283, 0.06034276261925697], [-0.5678130388259888, 0.15986746549606323]]",False
early_neutral,5,561,0.8130623125624792,1,[0],"[[-0.9843802452087402, 0.0008959596161730587], [-0.35938897728919983, -0.1671750247478485], [-0.4046913683414459, 0.04313662275671959], [-0.6222919225692749, 0.0590549074113369], [-0.5706857442855835, 0.1617957353591919]]",False
early_neutral,5,562,0.8127290903032323,1,[0],"[[-0.9847032427787781, -0.0012927633943036199], [-0.35947385430336, -0.1724615842103958], [-0.4052940607070923, 0.03900783136487007], [-0.6131370663642883, 0.05716734379529953], [-0.5716962814331055, 0.16392575204372406]]",False
early_neutral,5,563,0.8123958680439853,1,[0],"[[-0.9848917126655579, -0.002453260123729706], [-0.35948577523231506, -0.1783715933561325], [-0.4061906933784485, 0.03495315462350845], [-0.6034926176071167, 0.05452320724725723], [-0.5723229050636292, 0.16684740781784058]]",False
early_neutral,5,564,0.8120626457847384,1,[0],"[[-0.9849687218666077, -0.0029449663124978542], [-0.3594919741153717, -0.18435245752334595], [-0.40740886330604553, 0.03084268793463707], [-0.5939023494720459, 0.051295358687639236], [-0.5731974840164185, 0.1700187474489212]]",False
early_neutral,5,565,0.8117294235254915,1,[0],"[[-0.9849704504013062, -0.0029564560391008854], [-0.359493225812912, -0.1903333216905594], [-0.4102816879749298, 0.02692180685698986], [-0.5843175053596497, 0.04755980521440506], [-0.5725563168525696, 0.1720169633626938]]",False
early_neutral,5,566,0.8113962012662446,1,[0],"[[-0.9849704504013062, -0.0029564560391008854], [-0.359493613243103, -0.19631417095661163], [-0.41515830159187317, 0.022888382896780968], [-0.5745063424110413, 0.043305713683366776], [-0.5673536062240601, 0.17306728661060333]]",False
early_neutral,5,567,0.8110629790069976,1,[0],"[[-0.9849704504013062, -0.0029564560391008854], [-0.3594937324523926, -0.20229503512382507], [-0.420625776052475, 0.018243534490466118], [-0.5657718181610107, 0.03781690448522568], [-0.5605162978172302, 0.17392000555992126]]",False
early_neutral,5,568,0.8107297567477507,1,[0],"[[-0.9849704504013062, -0.0029564560391008854], [-0.3594937324523926, -0.2082758992910385], [-0.42702412605285645, 0.013287443667650223], [-0.5593589544296265, 0.03082405962049961], [-0.5523654818534851, 0.17480500042438507]]",False
early_neutral,5,569,0.8103965344885038,1,[0],"[[-0.9849704504013062, -0.0029564560391008854], [-0.3594937324523926, -0.21425676345825195], [-0.43446898460388184, 0.008239315822720528], [-0.5531248450279236, 0.023471303284168243], [-0.5437800884246826, 0.17584958672523499]]",False
early_neutral,5,570,0.8100633122292569,1,[0],"[[-0.9849704504013062, -0.0029564560391008854], [-0.3594937324523926, -0.2202376425266266], [-0.4423692226409912, 0.0034174160100519657], [-0.5469440817832947, 0.01585281267762184], [-0.5394256711006165, 0.1777058094739914]]",False
early_neutral,5,571,0.80973008997001,1,[0],"[[-0.9849704504013062, -0.0029564560391008854], [-0.3594937324523926, -0.22621850669384003], [-0.4509262442588806, -0.0013974850298836827], [-0.5409075021743774, 0.007998377084732056], [-0.5402563810348511, 0.1802418977022171]]",False
early_neutral,5,572,0.809396867710763,1,[0],"[[-0.9849704504013062, -0.0029564560391008854], [-0.3594937324523926, -0.23219937086105347], [-0.46013587713241577, -0.006324823014438152], [-0.5353322625160217, -0.00013906134699936956], [-0.5441156029701233, 0.18177074193954468]]",False
early_neutral,5,573,0.8090636454515162,1,[0],"[[-0.9849704504013062, -0.0029564560391008854], [-0.3594937324523926, -0.2381802350282669], [-0.46827268600463867, -0.01072013471275568], [-0.530278742313385, -0.008482487872242928], [-0.5494909882545471, 0.18081820011138916]]",False
early_neutral,5,574,0.8087304231922693,1,[0],"[[-0.9849704504013062, -0.0029564560391008854], [-0.3594937324523926, -0.24416108429431915], [-0.47518056631088257, -0.014665155671536922], [-0.5261538028717041, -0.016978465020656586], [-0.5555410385131836, 0.17869961261749268]]",False
early_neutral,5,575,0.8083972009330224,1,[0],"[[-0.9825556874275208, -0.0020322934724390507], [-0.35919857025146484, -0.24890761077404022], [-0.48104605078697205, -0.01839015819132328], [-0.523558497428894, -0.02582528442144394], [-0.5623176693916321, 0.1757412850856781]]",False
early_neutral,5,576,0.8080639786737754,1,[0],"[[-0.9785229563713074, -0.00034028763184323907], [-0.35882988572120667, -0.25021371245384216], [-0.4864988625049591, -0.021410269662737846], [-0.5221357941627502, -0.03426060453057289], [-0.5682775974273682, 0.17196890711784363]]",False
early_neutral,5,577,0.8077307564145285,1,[0],"[[-0.9747108221054077, 0.002108039101585746], [-0.3592534363269806, -0.24970440566539764], [-0.4936373829841614, -0.024129243567585945], [-0.521197497844696, -0.04000825062394142], [-0.5707842707633972, 0.1671190708875656]]",False
early_neutral,5,578,0.8073975341552816,1,[0],"[[-0.9753132462501526, 0.0051832362078130245], [-0.3610227406024933, -0.24731327593326569], [-0.5008915662765503, -0.025840358808636665], [-0.5213928818702698, -0.041981734335422516], [-0.5710501670837402, 0.1613841950893402]]",False
early_neutral,5,579,0.8070643118960347,1,[0],"[[-0.9779056906700134, 0.008549059741199017], [-0.36320415139198303, -0.24393464624881744], [-0.5042301416397095, -0.024909324944019318], [-0.5238320827484131, -0.040828727185726166], [-0.5700159668922424, 0.15548959374427795]]",False
early_neutral,5,580,0.8067310896367877,1,[0],"[[-0.9798544049263, 0.01059097982943058], [-0.3657519519329071, -0.2396504431962967], [-0.5052270889282227, -0.022103358060121536], [-0.5267115235328674, -0.03845515847206116], [-0.567875862121582, 0.14960423111915588]]",False
early_neutral,5,581,0.8063978673775408,1,[0],"[[-0.9821085333824158, 0.012419933453202248], [-0.3687741458415985, -0.2345709651708603], [-0.5042726993560791, -0.01836092583835125], [-0.529869019985199, -0.0351518839597702], [-0.5648198127746582, 0.14401905238628387]]",False
early_neutral,5,582,0.8060646451182939,1,[0],"[[-0.9840436577796936, 0.013670084066689014], [-0.37213483452796936, -0.2289450764656067], [-0.5022213459014893, -0.013922546058893204], [-0.5338230133056641, -0.03343581408262253], [-0.5623016357421875, 0.14015522599220276]]",False
early_neutral,5,583,0.805731422859047,1,[0],"[[-0.9851706027984619, 0.01420808769762516], [-0.37573322653770447, -0.22302915155887604], [-0.500036895275116, -0.008813241496682167], [-0.539126455783844, -0.03405037522315979], [-0.5610002279281616, 0.13862837851047516]]",False
early_neutral,5,584,0.8053982005998,1,[0],"[[-0.9908088445663452, -0.0], [-0.42137184739112854, -0.16461162269115448], [-0.4858536720275879, -0.02198907546699047], [-0.5924326777458191, 0.12004959583282471], [-0.44657349586486816, 0.18923483788967133]]",False
early_neutral,5,585,0.8050649783405531,1,[0],"[[-0.9908088445663452, -0.0], [-0.42137184739112854, -0.16461162269115448], [-0.4858536720275879, -0.02198907546699047], [-0.5924326777458191, 0.12004959583282471], [-0.44657349586486816, 0.18923483788967133]]",False
early_neutral,5,586,0.8047317560813062,1,[0],"[[-0.9908088445663452, -0.0], [-0.42137184739112854, -0.16461162269115448], [-0.4858536720275879, -0.02198907546699047], [-0.5924326777458191, 0.12004959583282471], [-0.44657349586486816, 0.18923483788967133]]",False
early_neutral,5,587,0.8043985338220593,1,[0],"[[-0.9908088445663452, -0.0], [-0.42137184739112854, -0.16461162269115448], [-0.4858536720275879, -0.02198907546699047], [-0.5924326777458191, 0.12004959583282471], [-0.44657349586486816, 0.18923483788967133]]",False
early_neutral,5,588,0.8040653115628124,1,[0],"[[-0.9908088445663452, -0.0], [-0.42137184739112854, -0.16461162269115448], [-0.4858536720275879, -0.02198907546699047], [-0.5903882384300232, 0.12004959583282471], [-0.44657349586486816, 0.18923483788967133]]",False
early_neutral,5,589,0.8037320893035654,1,[0],"[[-0.9908088445663452, -0.0], [-0.42137184739112854, -0.16461162269115448], [-0.4858536720275879, -0.02198907546699047], [-0.5858253836631775, 0.12004959583282471], [-0.44657349586486816, 0.18923483788967133]]",False
early_neutral,5,590,0.8033988670443185,1,[0],"[[-0.9908088445663452, -0.0], [-0.42137184739112854, -0.16461162269115448], [-0.4858536720275879, -0.02198907546699047], [-0.5797784328460693, 0.12005036324262619], [-0.44657349586486816, 0.18923483788967133]]",False
early_neutral,5,591,0.8030656447850717,1,[0],"[[-0.9908088445663452, -0.0], [-0.42137184739112854, -0.16461162269115448], [-0.4858536720275879, -0.02198907546699047], [-0.5724669694900513, 0.12005249410867691], [-0.44657349586486816, 0.18923483788967133]]",False
early_neutral,5,592,0.8027324225258248,1,[0],"[[-0.9908088445663452, -0.0], [-0.42137184739112854, -0.16461162269115448], [-0.4858536720275879, -0.02198907546699047], [-0.5640336871147156, 0.12005466967821121], [-0.44657349586486816, 0.18923483788967133]]",False
early_neutral,5,593,0.8023992002665779,1,[0],"[[-0.9908088445663452, -0.0], [-0.42137184739112854, -0.16461162269115448], [-0.48587167263031006, -0.02194763720035553], [-0.5547201037406921, 0.1200554370880127], [-0.44657349586486816, 0.18923483788967133]]",False
early_neutral,5,594,0.8020659780073309,1,[0],"[[-0.9885962605476379, 0.0006607333780266345], [-0.42137184739112854, -0.16461162269115448], [-0.48655033111572266, -0.019926438108086586], [-0.5455946326255798, 0.1200554370880127], [-0.4471093416213989, 0.18923763930797577]]",False
early_neutral,5,595,0.801732755748084,1,[0],"[[-0.9843940138816833, 0.002105245366692543], [-0.42013558745384216, -0.16508519649505615], [-0.4871205985546112, -0.0166927520185709], [-0.536160945892334, 0.12002871930599213], [-0.44822612404823303, 0.18814636766910553]]",False
early_neutral,5,596,0.8013995334888371,1,[0],"[[-0.9790511727333069, 0.00424758717417717], [-0.4168255627155304, -0.16650450229644775], [-0.4871997535228729, -0.012612217105925083], [-0.528067946434021, 0.11919807642698288], [-0.448737770318985, 0.18817728757858276]]",False
early_neutral,5,597,0.8010663112295902,1,[0],"[[-0.9726419448852539, 0.006995330099016428], [-0.41253891587257385, -0.16859884560108185], [-0.48706868290901184, -0.008426591753959656], [-0.5229369401931763, 0.11732075363397598], [-0.4493560791015625, 0.1872471421957016]]",False
early_neutral,5,598,0.8007330889703432,1,[0],"[[-0.9653237462043762, 0.010291899554431438], [-0.4073644280433655, -0.1710517853498459], [-0.4867701232433319, -0.004251635167747736], [-0.5204471349716187, 0.11524387449026108], [-0.4499990940093994, 0.18627986311912537]]",True
early_neutral,5,599,0.8003998667110963,1,[0],"[[-0.9575438499450684, 0.013764806091785431], [-0.40202879905700684, -0.17339080572128296], [-0.4844083786010742, -0.0016332257073372602], [-0.5200439095497131, 0.11490324139595032], [-0.4500558376312256, 0.18619446456432343]]",True
early_neutral,5,600,0.8000666444518494,1,[0],"[[-0.9489251375198364, 0.017349332571029663], [-0.3964953124523163, -0.17552438378334045], [-0.4792625308036804, -0.0005698474706150591], [-0.5200439095497131, 0.11490324139595032], [-0.4500558376312256, 0.18619446456432343]]",True
early_neutral,5,601,0.7997334221926025,1,[0],"[[-0.9395828247070312, 0.020978912711143494], [-0.3907068967819214, -0.1773492395877838], [-0.47267213463783264, 0.0004883916117250919], [-0.5200439095497131, 0.11490324139595032], [-0.449843168258667, 0.18644669651985168]]",True
early_neutral,5,602,0.7994001999333555,1,[0],"[[-0.930008053779602, 0.024589218199253082], [-0.3846971094608307, -0.17883940041065216], [-0.4648405909538269, 0.0018139183521270752], [-0.5200439095497131, 0.11490324139595032], [-0.4495409429073334, 0.18680515885353088]]",True
early_neutral,5,603,0.7990669776741086,1,[0],"[[-0.9198215007781982, 0.028345119208097458], [-0.3784829080104828, -0.17991644144058228], [-0.4560796320438385, 0.0033704484812915325], [-0.5200439095497131, 0.11490324139595032], [-0.44937893748283386, 0.18699732422828674]]",True
early_neutral,5,604,0.7987337554148617,1,[0],"[[-0.9091178774833679, 0.03225218877196312], [-0.3721817433834076, -0.18055982887744904], [-0.44727903604507446, 0.005094718188047409], [-0.5200439095497131, 0.11490324139595032], [-0.44937893748283386, 0.18699732422828674]]",True
early_neutral,5,605,0.7984005331556148,1,[0],"[[-0.897989809513092, 0.03628164157271385], [-0.36952653527259827, -0.18075716495513916], [-0.4385620951652527, 0.006990363355726004], [-0.5200439095497131, 0.11490324139595032], [-0.44937893748283386, 0.18699732422828674]]",True
early_neutral,5,606,0.7980673108963678,1,[0],"[[-0.8865333199501038, 0.04040330648422241], [-0.36952653527259827, -0.18075716495513916], [-0.4298356771469116, 0.008866566233336926], [-0.5197570323944092, 0.11493959277868271], [-0.44937893748283386, 0.18699732422828674]]",True
early_neutral,5,607,0.7977340886371209,1,[0],"[[-0.8748307228088379, 0.04460122063755989], [-0.36952653527259827, -0.18075716495513916], [-0.4209900200366974, 0.010489302687346935], [-0.516456127166748, 0.11542455106973648], [-0.44937893748283386, 0.18699732422828674]]",True
early_neutral,5,608,0.797400866377874,1,[0],"[[-0.8631099462509155, 0.048793889582157135], [-0.36952653527259827, -0.18075716495513916], [-0.41191619634628296, 0.011922393925487995], [-0.5117194056510925, 0.11626597493886948], [-0.448392391204834, 0.18623249232769012]]",True
early_neutral,5,609,0.7970676441186271,1,[0],"[[-0.8538473844528198, 0.05210255831480026], [-0.3693704307079315, -0.18074139952659607], [-0.40204983949661255, 0.013490448705852032], [-0.5057031512260437, 0.1173059418797493], [-0.4464833438396454, 0.18587596714496613]]",True
early_neutral,5,610,0.7967344218593803,1,[0],"[[-0.8456922769546509, 0.05501003935933113], [-0.36663174629211426, -0.18037982285022736], [-0.39144182205200195, 0.015223213471472263], [-0.49938109517097473, 0.11807779222726822], [-0.4430377781391144, 0.18484677374362946]]",True
early_neutral,5,611,0.7964011996001333,1,[0],"[[-0.8383466005325317, 0.05683775246143341], [-0.3626260459423065, -0.17966404557228088], [-0.38016632199287415, 0.017109772190451622], [-0.493816077709198, 0.11852730065584183], [-0.43829384446144104, 0.18332278728485107]]",True
early_neutral,5,612,0.7960679773408864,1,[0],"[[-0.8311626315116882, 0.05716251581907272], [-0.35925349593162537, -0.17895887792110443], [-0.3683440387248993, 0.019166287034749985], [-0.49287715554237366, 0.1186043918132782], [-0.4325845241546631, 0.18040831387043]]",True
early_neutral,5,613,0.7957347550816395,1,[0],"[[-0.8245111703872681, 0.05717923864722252], [-0.359220951795578, -0.17895212769508362], [-0.3561078906059265, 0.021393857896327972], [-0.49287715554237366, 0.1186043918132782], [-0.42527177929878235, 0.17905554175376892]]",True
early_neutral,5,614,0.7954015328223926,1,[0],"[[-0.8181322813034058, 0.057102303951978683], [-0.35906416177749634, -0.17893972992897034], [-0.3436158001422882, 0.023896140977740288], [-0.4925859272480011, 0.11862041056156158], [-0.4168142080307007, 0.17863772809505463]]",True
early_neutral,5,615,0.7950683105631456,1,[0],"[[-0.8112700581550598, 0.05685777589678764], [-0.35631242394447327, -0.17862364649772644], [-0.3309807777404785, 0.026705829426646233], [-0.4892246425151825, 0.11887487769126892], [-0.4075030982494354, 0.17837543785572052]]",True
early_neutral,5,616,0.7947350883038987,1,[0],"[[-0.8050124049186707, 0.05649539828300476], [-0.35229188203811646, -0.17794468998908997], [-0.31842800974845886, 0.030052807182073593], [-0.4843798577785492, 0.11939305067062378], [-0.398057222366333, 0.17820784449577332]]",True
early_neutral,5,617,0.7944018660446518,1,[0],"[[-0.8022212386131287, 0.05615180730819702], [-0.3489120900630951, -0.1772550791501999], [-0.30617856979370117, 0.034090835601091385], [-0.47830408811569214, 0.12026067823171616], [-0.38845953345298767, 0.17801326513290405]]",True
early_neutral,5,618,0.7940686437854049,1,[0],"[[-0.8000692129135132, 0.055708903819322586], [-0.34887951612472534, -0.1772484928369522], [-0.2954980134963989, 0.03807687386870384], [-0.4721009433269501, 0.12136979401111603], [-0.37926846742630005, 0.17799073457717896]]",True
early_neutral,5,619,0.793735421526158,1,[0],"[[-0.7966296672821045, 0.05524469166994095], [-0.3487219214439392, -0.17724177241325378], [-0.28898194432258606, 0.04220915958285332], [-0.46598657965660095, 0.1226719468832016], [-0.36967629194259644, 0.17790919542312622]]",True
early_neutral,5,620,0.793402199266911,1,[0],"[[-0.793155312538147, 0.05509594455361366], [-0.345944881439209, -0.17703881859779358], [-0.2844170033931732, 0.04688452556729317], [-0.4599263370037079, 0.12407749891281128], [-0.36031463742256165, 0.17787420749664307]]",True
early_neutral,5,621,0.7930689770076641,1,[0],"[[-0.7902880311012268, 0.05490162596106529], [-0.3418580889701843, -0.176554873585701], [-0.2827226519584656, 0.0509079284965992], [-0.4539172053337097, 0.12557317316532135], [-0.3509589433670044, 0.1778324693441391]]",True
early_neutral,5,622,0.7927357547484172,1,[0],"[[-0.7895959615707397, 0.054803334176540375], [-0.3364131450653076, -0.17574812471866608], [-0.28228697180747986, 0.055050160735845566], [-0.44793203473091125, 0.1271091252565384], [-0.34136083722114563, 0.17772993445396423]]",True
early_neutral,5,623,0.7924025324891703,1,[0],"[[-0.7880039811134338, 0.05517848953604698], [-0.33048802614212036, -0.17490091919898987], [-0.28209877014160156, 0.05678491294384003], [-0.4419541656970978, 0.12865716218948364], [-0.33216968178749084, 0.17772991955280304]]",True
early_neutral,5,624,0.7920693102299233,1,[0],"[[-0.784050703048706, 0.05584263801574707], [-0.32419052720069885, -0.17404359579086304], [-0.28209877014160156, 0.05678491294384003], [-0.4359939396381378, 0.13023358583450317], [-0.3225775361061096, 0.1775965690612793]]",True
early_neutral,5,625,0.7917360879706764,1,[0],"[[-0.779979944229126, 0.0561942383646965], [-0.31787994503974915, -0.17323049902915955], [-0.281009703874588, 0.05697095766663551], [-0.43007737398147583, 0.13187812268733978], [-0.31321588158607483, 0.1775398552417755]]",True
early_neutral,5,626,0.7914028657114295,1,[0],"[[-0.7764194011688232, 0.05629568547010422], [-0.3116661608219147, -0.17248806357383728], [-0.27781742811203003, 0.05751519650220871], [-0.424203097820282, 0.13358575105667114], [-0.3038601875305176, 0.1774667203426361]]",True
early_neutral,5,627,0.7910696434521826,1,[0],"[[-0.7728495597839355, 0.056240443140268326], [-0.3053220808506012, -0.1717914342880249], [-0.27328166365623474, 0.05828491970896721], [-0.418319970369339, 0.13528043031692505], [-0.2942621111869812, 0.17728589475154877]]",True
early_neutral,5,628,0.7907364211929356,1,[0],"[[-0.7695294618606567, 0.05597660318017006], [-0.2989645004272461, -0.171149343252182], [-0.2675683796405792, 0.05908931419253349], [-0.41241344809532166, 0.13694028556346893], [-0.28507092595100403, 0.17728587985038757]]",True
early_neutral,5,629,0.7904031989336888,1,[0],"[[-0.7668412923812866, 0.0554497055709362], [-0.292683869600296, -0.17051057517528534], [-0.26147377490997314, 0.05967948958277702], [-0.4058811664581299, 0.13866174221038818], [-0.2754787802696228, 0.17704620957374573]]",True
early_neutral,5,630,0.7900699766744419,1,[0],"[[-0.7639582753181458, 0.05580991506576538], [-0.2863692343235016, -0.16984638571739197], [-0.255063533782959, 0.060029178857803345], [-0.3980315029621124, 0.14048582315444946], [-0.266117125749588, 0.1769443154335022]]",True
early_neutral,5,631,0.789736754415195,1,[0],"[[-0.7604460716247559, 0.05615203455090523], [-0.28002333641052246, -0.16915671527385712], [-0.24865464866161346, 0.06015612930059433], [-0.38928672671318054, 0.1422596573829651], [-0.25765809416770935, 0.1767721027135849]]",True
early_neutral,5,632,0.789403532155948,1,[0],"[[-0.7568640112876892, 0.05616428703069687], [-0.27371740341186523, -0.16843391954898834], [-0.24238377809524536, 0.060120414942502975], [-0.38042259216308594, 0.1438397318124771], [-0.25202611088752747, 0.17634619772434235]]",True
early_neutral,5,633,0.7890703098967011,1,[0],"[[-0.7537340521812439, 0.05585614591836929], [-0.26747727394104004, -0.1676722913980484], [-0.23595768213272095, 0.05992082133889198], [-0.3715246319770813, 0.14521755278110504], [-0.248040571808815, 0.17634616792201996]]",True
early_neutral,5,634,0.7887370876374542,1,[0],"[[-0.7512717247009277, 0.05536617711186409], [-0.26116710901260376, -0.16685552895069122], [-0.229544535279274, 0.059592388570308685], [-0.3647841811180115, 0.14612318575382233], [-0.24734267592430115, 0.17634616792201996]]",True
early_neutral,5,635,0.7884038653782073,1,[0],"[[-0.7525051832199097, 0.05492722615599632], [-0.25738292932510376, -0.1663561463356018], [-0.2232952117919922, 0.05922890082001686], [-0.3584412634372711, 0.1468234658241272], [-0.24734267592430115, 0.17634616792201996]]",True
early_neutral,5,636,0.7880706431189604,1,[0],"[[-0.7565991282463074, 0.05450917035341263], [-0.25733867287635803, -0.1663503646850586], [-0.21650154888629913, 0.05883125588297844], [-0.3536314368247986, 0.1472863405942917], [-0.24734267592430115, 0.17634616792201996]]",True
early_neutral,5,637,0.7877374208597134,1,[0],"[[-0.7612096071243286, 0.054417867213487625], [-0.2567921578884125, -0.16635756194591522], [-0.20843368768692017, 0.05848372355103493], [-0.35327452421188354, 0.1473105549812317], [-0.2478824108839035, 0.17611481249332428]]",True
early_neutral,5,638,0.7874041986004665,1,[0],"[[-0.764905571937561, 0.0544823594391346], [-0.25367459654808044, -0.16630294919013977], [-0.19927246868610382, 0.05823303014039993], [-0.35064172744750977, 0.14661957323551178], [-0.24682806432247162, 0.1745929718017578]]",True
early_neutral,5,639,0.7870709763412196,1,[0],"[[-0.768609881401062, 0.05463952198624611], [-0.2492465376853943, -0.16603881120681763], [-0.18924464285373688, 0.05801079422235489], [-0.3463703989982605, 0.14547677338123322], [-0.24638918042182922, 0.17179492115974426]]",True
early_neutral,5,640,0.7867377540819727,1,[0],"[[-0.7723034620285034, 0.05329480767250061], [-0.24351714551448822, -0.16557754576206207], [-0.17841704189777374, 0.0577961765229702], [-0.34253284335136414, 0.14440672099590302], [-0.24622710049152374, 0.16865286231040955]]",True
early_neutral,5,641,0.7864045318227257,1,[0],"[[-0.774448812007904, 0.04997885972261429], [-0.23740053176879883, -0.16510522365570068], [-0.1668824702501297, 0.057578377425670624], [-0.34218382835388184, 0.1442972719669342], [-0.24597907066345215, 0.16416506469249725]]",True
early_neutral,5,642,0.7860713095634788,1,[0],"[[-0.7764065265655518, 0.04610069841146469], [-0.2310078740119934, -0.16463245451450348], [-0.15473303198814392, 0.05732535198330879], [-0.34218382835388184, 0.1442972719669342], [-0.24588370323181152, 0.15879251062870026]]",True
early_neutral,5,643,0.7857380873042319,1,[0],"[[-0.777586042881012, 0.04198850318789482], [-0.22461311519145966, -0.16420626640319824], [-0.1420993208885193, 0.05703447014093399], [-0.34218382835388184, 0.1442972719669342], [-0.24585209786891937, 0.15282434225082397]]",True
early_neutral,5,644,0.785404865044985,1,[0],"[[-0.7779089212417603, 0.03801995515823364], [-0.2183169424533844, -0.1638948917388916], [-0.12908892333507538, 0.056696612387895584], [-0.34218382835388184, 0.1442972719669342], [-0.2475457340478897, 0.14727775752544403]]",True
early_neutral,5,645,0.785071642785738,1,[0],"[[-0.7777901291847229, 0.03505155071616173], [-0.2118910402059555, -0.16368985176086426], [-0.11578871309757233, 0.05630092695355415], [-0.34218382835388184, 0.1442972719669342], [-0.24858497083187103, 0.14349690079689026]]",True
early_neutral,5,646,0.7847384205264911,1,[0],"[[-0.7774055600166321, 0.032092709094285965], [-0.20545880496501923, -0.16360905766487122], [-0.10226615518331528, 0.055859461426734924], [-0.34218382835388184, 0.1442972719669342], [-0.24856649339199066, 0.1417306512594223]]",True
early_neutral,5,647,0.7844051982672442,1,[0],"[[-0.7768135070800781, 0.02991603873670101], [-0.19902747869491577, -0.1637120097875595], [-0.08857477456331253, 0.05536962300539017], [-0.34218382835388184, 0.1442972719669342], [-0.24857573211193085, 0.14163105189800262]]",True
early_neutral,5,648,0.7840719760079974,1,[0],"[[-0.7765473127365112, 0.029386701062321663], [-0.19266250729560852, -0.16400127112865448], [-0.07475550472736359, 0.05483679845929146], [-0.34218382835388184, 0.1442972719669342], [-0.24834859371185303, 0.14203456044197083]]",True
early_neutral,5,649,0.7837387537487505,1,[0],"[[-0.7757027745246887, 0.029705893248319626], [-0.18980741500854492, -0.16411301493644714], [-0.060839734971523285, 0.054266054183244705], [-0.3421229124069214, 0.14522992074489594], [-0.24601897597312927, 0.1413663774728775]]",True
early_neutral,5,650,0.7834055314895035,1,[0],"[[-0.7723973989486694, 0.03128264471888542], [-0.18979516625404358, -0.164112851023674], [-0.046847082674503326, 0.0537121407687664], [-0.3422257900238037, 0.14781059324741364], [-0.24171748757362366, 0.14109200239181519]]",True
early_neutral,5,651,0.7830723092302566,1,[0],"[[-0.7682839035987854, 0.033753931522369385], [-0.1883697360754013, -0.1640065610408783], [-0.03277687355875969, 0.05382702499628067], [-0.3427930772304535, 0.15127648413181305], [-0.2368665635585785, 0.14099572598934174]]",True
early_neutral,5,652,0.7827390869710097,1,[0],"[[-0.7641521692276001, 0.036572881042957306], [-0.18438327312469482, -0.16397853195667267], [-0.018741896376013756, 0.05480140075087547], [-0.34322065114974976, 0.15565653145313263], [-0.22994345426559448, 0.1408526450395584]]",True
early_neutral,5,653,0.7824058647117628,1,[0],"[[-0.7601578235626221, 0.0394744798541069], [-0.17943917214870453, -0.1643567532300949], [-0.004775281064212322, 0.05628876015543938], [-0.3429620862007141, 0.16087739169597626], [-0.2216852456331253, 0.14079850912094116]]",True
early_neutral,5,654,0.7820726424525158,1,[0],"[[-0.7554221153259277, 0.04180861636996269], [-0.17841435968875885, -0.16445410251617432], [0.009192736819386482, 0.057867344468832016], [-0.34161534905433655, 0.166711688041687], [-0.21295122802257538, 0.1411876082420349]]",True
early_neutral,5,655,0.7817394201932689,1,[0],"[[-0.7495384216308594, 0.04299416393041611], [-0.17841435968875885, -0.16445410251617432], [0.02316124737262726, 0.05951370298862457], [-0.33889222145080566, 0.17290730774402618], [-0.20651069283485413, 0.14217306673526764]]",True
early_neutral,5,656,0.781406197934022,1,[0],"[[-0.7436068654060364, 0.04388079792261124], [-0.17629669606685638, -0.1644541472196579], [0.03715696930885315, 0.06111278012394905], [-0.33495739102363586, 0.17928700149059296], [-0.20248523354530334, 0.14216582477092743]]",True
early_neutral,5,657,0.7810729756747751,1,[0],"[[-0.7414026260375977, 0.044219549745321274], [-0.1720399707555771, -0.1647080034017563], [0.05118034780025482, 0.06264784932136536], [-0.3299988806247711, 0.18547183275222778], [-0.20178735256195068, 0.14216460287570953]]",True
early_neutral,5,658,0.7807397534155281,1,[0],"[[-0.7411337494850159, 0.04426087066531181], [-0.167506605386734, -0.1652565747499466], [0.0652414858341217, 0.06406276673078537], [-0.3238501250743866, 0.19173364341259003], [-0.20221325755119324, 0.14233320951461792]]",True
early_neutral,5,659,0.7804065311562812,1,[0],"[[-0.7432226538658142, 0.04406338930130005], [-0.16707807779312134, -0.16531085968017578], [0.07934295386075974, 0.0653250589966774], [-0.31697410345077515, 0.19817276298999786], [-0.20146700739860535, 0.1434910148382187]]",True
early_neutral,5,660,0.7800733088970343,1,[0],"[[-0.7474324107170105, 0.04387770593166351], [-0.16707807779312134, -0.16531085968017578], [0.09348584711551666, 0.06639691442251205], [-0.30949246883392334, 0.20474760234355927], [-0.2010837197303772, 0.1461205929517746]]",True
early_neutral,5,661,0.7797400866377874,1,[0],"[[-0.7523420453071594, 0.04431594908237457], [-0.16707807779312134, -0.16531085968017578], [0.10767596960067749, 0.06718581169843674], [-0.3015379309654236, 0.21142315864562988], [-0.20101231336593628, 0.14913132786750793]]",True
early_neutral,5,662,0.7794068643785405,1,[0],"[[-0.7568625211715698, 0.04689691588282585], [-0.16707807779312134, -0.16531085968017578], [0.12190189212560654, 0.06763968616724014], [-0.2935534119606018, 0.21817481517791748], [-0.2008984535932541, 0.15347380936145782]]",True
early_neutral,5,663,0.7790736421192935,1,[0],"[[-0.7603143453598022, 0.05034438893198967], [-0.16564293205738068, -0.16530224680900574], [0.1361236870288849, 0.06718402355909348], [-0.2873520851135254, 0.22353601455688477], [-0.20085665583610535, 0.15868358314037323]]",True
early_neutral,5,664,0.7787404198600466,1,[0],"[[-0.7624090313911438, 0.05332420393824577], [-0.16166448593139648, -0.16548679769039154], [0.15017026662826538, 0.06566008925437927], [-0.28198662400245667, 0.22839193046092987], [-0.20114026963710785, 0.16446690261363983]]",True
early_neutral,5,665,0.7784071976007997,1,[0],"[[-0.7637977600097656, 0.05645015463232994], [-0.1567566692829132, -0.16603617370128632], [0.1640089750289917, 0.06345084309577942], [-0.2779499292373657, 0.2324192374944687], [-0.20279882848262787, 0.16895462572574615]]",True
early_neutral,5,666,0.7780739753415529,1,[0],"[[-0.7643217444419861, 0.05878472328186035], [-0.155738964676857, -0.16616293787956238], [0.177756667137146, 0.06101073697209358], [-0.27512598037719727, 0.2361786812543869], [-0.20293763279914856, 0.17194271087646484]]",True
early_neutral,5,667,0.777740753082306,1,[0],"[[-0.7642332315444946, 0.05947922542691231], [-0.155738964676857, -0.16616293787956238], [0.1914220005273819, 0.058379948139190674], [-0.2729046642780304, 0.24010665714740753], [-0.202935129404068, 0.1727512925863266]]",True
early_neutral,5,668,0.777407530823059,1,[0],"[[-0.7642045617103577, 0.0595712848007679], [-0.155738964676857, -0.16616293787956238], [0.205089271068573, 0.055752232670784], [-0.27106499671936035, 0.2441178560256958], [-0.20303161442279816, 0.1724788397550583]]",True
early_neutral,5,669,0.7770743085638121,1,[0],"[[-0.7642045617103577, 0.0595712848007679], [-0.155738964676857, -0.16616293787956238], [0.218770369887352, 0.053154319524765015], [-0.26956477761268616, 0.24818803369998932], [-0.20318692922592163, 0.17198112607002258]]",True
early_neutral,5,670,0.7767410863045652,1,[0],"[[-0.7642045617103577, 0.0595712848007679], [-0.155738964676857, -0.16616293787956238], [0.2321397215127945, 0.05075922608375549], [-0.26662683486938477, 0.25145915150642395], [-0.20308759808540344, 0.17143326997756958]]",True
early_neutral,5,671,0.7764078640453183,1,[0],"[[-0.7642045617103577, 0.0595712848007679], [-0.155738964676857, -0.16616293787956238], [0.24536097049713135, 0.048430878669023514], [-0.26578760147094727, 0.2522144913673401], [-0.20280562341213226, 0.17087465524673462]]",False
early_neutral,5,672,0.7760746417860713,1,[0],"[[-0.7642144560813904, 0.059590812772512436], [-0.155738964676857, -0.16616293787956238], [0.257301926612854, 0.046208884567022324], [-0.26578760147094727, 0.2522144913673401], [-0.2028757482767105, 0.1703321486711502]]",False
early_neutral,5,673,0.7757414195268244,1,[0],"[[-0.765172004699707, 0.06132441386580467], [-0.155738964676857, -0.16616293787956238], [0.26626235246658325, 0.04434403032064438], [-0.26466792821884155, 0.25082510709762573], [-0.2029452919960022, 0.16978159546852112]]",False
early_neutral,5,674,0.7754081972675775,1,[0],"[[-0.7668907642364502, 0.06408531218767166], [-0.155738964676857, -0.16616293787956238], [0.27283504605293274, 0.04302724823355675], [-0.2624798119068146, 0.24874593317508698], [-0.2030131071805954, 0.16924481093883514]]",False
early_neutral,5,675,0.7750749750083306,1,[0],"[[-0.7693700194358826, 0.06764161586761475], [-0.155738964676857, -0.16616293787956238], [0.27644583582878113, 0.042288560420274734], [-0.26119235157966614, 0.2475215643644333], [-0.20332464575767517, 0.16882270574569702]]",False
early_neutral,5,676,0.7747417527490836,1,[0],"[[-0.7726485729217529, 0.07194900512695312], [-0.155738964676857, -0.16616293787956238], [0.2799089252948761, 0.041154537349939346], [-0.2602957487106323, 0.24666671454906464], [-0.20578119158744812, 0.1675485521554947]]",True
early_neutral,5,677,0.7744085304898367,1,[0],"[[-0.776587188243866, 0.07668570429086685], [-0.155738964676857, -0.16616293787956238], [0.28215381503105164, 0.04043504223227501], [-0.2594413757324219, 0.2458486109972], [-0.2096676230430603, 0.1659192442893982]]",True
early_neutral,5,678,0.7740753082305898,1,[0],"[[-0.778641402721405, 0.07913970202207565], [-0.155738964676857, -0.16616293787956238], [0.28265005350112915, 0.04038846492767334], [-0.2593512535095215, 0.2455725073814392], [-0.21492618322372437, 0.16402709484100342]]",True
early_neutral,5,679,0.7737420859713429,1,[0],"[[-0.7788063287734985, 0.07936542481184006], [-0.155738964676857, -0.16616293787956238], [0.281523197889328, 0.040544986724853516], [-0.26006829738616943, 0.24577845633029938], [-0.22153057157993317, 0.16190458834171295]]",True
early_neutral,5,680,0.7734088637120959,1,[0],"[[-0.7788078784942627, 0.07936765998601913], [-0.155738964676857, -0.16616293787956238], [0.2778623104095459, 0.040600694715976715], [-0.2606240212917328, 0.24610859155654907], [-0.2294495552778244, 0.15971246361732483]]",True
early_neutral,5,681,0.773075641452849,1,[0],"[[-0.7788078784942627, 0.07936765998601913], [-0.155738964676857, -0.16616293787956238], [0.27307769656181335, 0.0406530499458313], [-0.26101478934288025, 0.2465325891971588], [-0.2361777275800705, 0.15805061161518097]]",False
early_neutral,5,682,0.7727424191936021,1,[0],"[[-0.7790433764457703, 0.078863225877285], [-0.15519987046718597, -0.16610397398471832], [0.2674909234046936, 0.040730029344558716], [-0.2615307867527008, 0.24696114659309387], [-0.23801827430725098, 0.15760686993598938]]",False
early_neutral,5,683,0.7724091969343552,1,[0],"[[-0.7797792553901672, 0.07651189714670181], [-0.1521340310573578, -0.1657305210828781], [0.26066526770591736, 0.040846485644578934], [-0.2620530426502228, 0.24739664793014526], [-0.23841224610805511, 0.15714603662490845]]",False
early_neutral,5,684,0.7720759746751082,1,[0],"[[-0.7801183462142944, 0.07320884615182877], [-0.14778542518615723, -0.1651260405778885], [0.2529744803905487, 0.04096413776278496], [-0.26256227493286133, 0.24782124161720276], [-0.23996441066265106, 0.15498538315296173]]",False
early_neutral,5,685,0.7717427524158614,1,[0],"[[-0.7802741527557373, 0.06897501647472382], [-0.14528030157089233, -0.16475525498390198], [0.24386928975582123, 0.04096345975995064], [-0.2631760239601135, 0.24807338416576385], [-0.24163863062858582, 0.15190282464027405]]",False
early_neutral,5,686,0.7714095301566145,1,[0],"[[-0.7806125283241272, 0.06387455761432648], [-0.14528030157089233, -0.16475525498390198], [0.23356220126152039, 0.040820810943841934], [-0.2662253677845001, 0.24857783317565918], [-0.24346786737442017, 0.14798997342586517]]",False
early_neutral,5,687,0.7710763078973676,1,[0],"[[-0.7811463475227356, 0.05804959684610367], [-0.14528030157089233, -0.16475525498390198], [0.22294007241725922, 0.0405096709728241], [-0.27063554525375366, 0.24948953092098236], [-0.2455011010169983, 0.14347891509532928]]",False
early_neutral,5,688,0.7707430856381207,1,[0],"[[-0.7817812561988831, 0.051667142659425735], [-0.14528030157089233, -0.16475525498390198], [0.2116672545671463, 0.04000930115580559], [-0.2764357328414917, 0.2504992187023163], [-0.24762195348739624, 0.13859450817108154]]",False
early_neutral,5,689,0.7704098633788737,1,[0],"[[-0.7825098037719727, 0.044756416231393814], [-0.14528030157089233, -0.16475525498390198], [0.1997833251953125, 0.039385031908750534], [-0.2828242778778076, 0.2509629428386688], [-0.25000277161598206, 0.1330975890159607]]",False
early_neutral,5,690,0.7700766411196268,1,[0],"[[-0.7832956910133362, 0.03764256462454796], [-0.14528030157089233, -0.16475525498390198], [0.18737195432186127, 0.038684263825416565], [-0.28900349140167236, 0.25047773122787476], [-0.25298598408699036, 0.12719862163066864]]",False
early_neutral,5,691,0.7697434188603799,1,[0],"[[-0.7841599583625793, 0.03012298420071602], [-0.14528030157089233, -0.16475525498390198], [0.17477869987487793, 0.037924740463495255], [-0.2942318022251129, 0.2483654022216797], [-0.25667503476142883, 0.12085570394992828]]",False
early_neutral,5,692,0.769410196601133,1,[0],"[[-0.7849565148353577, 0.023423878476023674], [-0.14528030157089233, -0.16475525498390198], [0.16545690596103668, 0.03735833987593651], [-0.2992064952850342, 0.24571792781352997], [-0.2603882849216461, 0.1143004298210144]]",False
early_neutral,5,693,0.769076974341886,1,[0],"[[-0.7857128977775574, 0.017393391579389572], [-0.14528030157089233, -0.16475525498390198], [0.1618727743625641, 0.03714064508676529], [-0.3039662837982178, 0.24290239810943604], [-0.263968288898468, 0.10733054578304291]]",False
early_neutral,5,694,0.7687437520826391,1,[0],"[[-0.7864396572113037, 0.011828083544969559], [-0.1455405205488205, -0.16466869413852692], [0.16421125829219818, 0.0371965691447258], [-0.30840837955474854, 0.23987500369548798], [-0.26748257875442505, 0.09991943836212158]]",False
early_neutral,5,695,0.7684105298233922,1,[0],"[[-0.7868680953979492, 0.008742697536945343], [-0.148638054728508, -0.16376708447933197], [0.16866402328014374, 0.03707282617688179], [-0.3126179575920105, 0.2367096096277237], [-0.2707458436489105, 0.09209035336971283]]",False
early_neutral,5,696,0.7680773075641453,1,[0],"[[-0.787277340888977, 0.006021418608725071], [-0.15329471230506897, -0.16268259286880493], [0.17441841959953308, 0.03649868816137314], [-0.31667274236679077, 0.2335934191942215], [-0.27358904480934143, 0.08390408009290695]]",False
early_neutral,5,697,0.7677440853048983,1,[0],"[[-0.7877142429351807, 0.004546742886304855], [-0.1563796103000641, -0.16203400492668152], [0.1802317351102829, 0.03530528396368027], [-0.3207802474498749, 0.23037107288837433], [-0.27612411975860596, 0.07545320689678192]]",False
early_neutral,5,698,0.7674108630456514,1,[0],"[[-0.7882506251335144, 0.0035877597983926535], [-0.15640805661678314, -0.16202504932880402], [0.18513286113739014, 0.03375714644789696], [-0.32433614134788513, 0.22729474306106567], [-0.2784455716609955, 0.06708665192127228]]",False
early_neutral,5,699,0.7670776407864045,1,[0],"[[-0.7883340716362, 0.003478233003988862], [-0.15893055498600006, -0.16116942465305328], [0.18657469749450684, 0.03319847956299782], [-0.3258422613143921, 0.2254023402929306], [-0.28059273958206177, 0.05954161286354065]]",False
early_neutral,5,700,0.7667444185271576,1,[0],"[[-0.7883340716362, 0.003478233003988862], [-0.16295623779296875, -0.15965424478054047], [0.18692582845687866, 0.03322958946228027], [-0.3248233199119568, 0.22528700530529022], [-0.2824898660182953, 0.0528876818716526]]",False
early_neutral,5,701,0.7664111962679107,1,[0],"[[-0.7883076071739197, 0.003376904409378767], [-0.16814804077148438, -0.1575477570295334], [0.18925976753234863, 0.033066608011722565], [-0.32105153799057007, 0.22605419158935547], [-0.2840942442417145, 0.04680782929062843]]",False
early_neutral,5,702,0.7660779740086637,1,[0],"[[-0.7877218127250671, 0.0015584379434585571], [-0.1733742207288742, -0.15573514997959137], [0.19360272586345673, 0.03266162425279617], [-0.31591612100601196, 0.22646108269691467], [-0.2856522798538208, 0.04090346768498421]]",False
early_neutral,5,703,0.7657447517494168,1,[0],"[[-0.786605715751648, -0.0011520319385454059], [-0.17527908086776733, -0.15543769299983978], [0.19931229948997498, 0.03204839304089546], [-0.312531977891922, 0.22465640306472778], [-0.28697097301483154, 0.03498702123761177]]",False
early_neutral,5,704,0.76541152949017,1,[0],"[[-0.7848562002182007, -0.004742486868053675], [-0.17578651010990143, -0.1555057168006897], [0.20607639849185944, 0.031335990875959396], [-0.3109281659126282, 0.22106173634529114], [-0.2868495583534241, 0.03064636141061783]]",False
early_neutral,5,705,0.7650783072309231,1,[0],"[[-0.782389760017395, -0.009169023483991623], [-0.17578651010990143, -0.1555057168006897], [0.21368344128131866, 0.030562076717615128], [-0.3093535900115967, 0.21654640138149261], [-0.2839313745498657, 0.028670048341155052]]",False
early_neutral,5,706,0.7647450849716761,1,[0],"[[-0.7791285514831543, -0.014293174259364605], [-0.17578651010990143, -0.1555057168006897], [0.22169072926044464, 0.02975846827030182], [-0.3077232837677002, 0.21118757128715515], [-0.27654191851615906, 0.028001729398965836]]",False
early_neutral,5,707,0.7644118627124292,1,[0],"[[-0.7753403782844543, -0.02002575248479843], [-0.17578651010990143, -0.1555057168006897], [0.23045319318771362, 0.02890973910689354], [-0.30616235733032227, 0.20530688762664795], [-0.2678731679916382, 0.027522293850779533]]",False
early_neutral,5,708,0.7640786404531823,1,[0],"[[-0.7711572051048279, -0.026279769837856293], [-0.176218643784523, -0.15514975786209106], [0.2400103062391281, 0.02803325094282627], [-0.30471330881118774, 0.1994008719921112], [-0.25830477476119995, 0.027049187570810318]]",False
early_neutral,5,709,0.7637454181939354,1,[0],"[[-0.7667807936668396, -0.032760150730609894], [-0.17734716832637787, -0.15480229258537292], [0.24949117004871368, 0.027157239615917206], [-0.30337002873420715, 0.19348424673080444], [-0.24794192612171173, 0.026112353429198265]]",False
early_neutral,5,710,0.7634121959346885,1,[0],"[[-0.7622007727622986, -0.03950647637248039], [-0.17784595489501953, -0.15464872121810913], [0.2576841115951538, 0.026281503960490227], [-0.3020971417427063, 0.1875610202550888], [-0.23695363104343414, 0.024657845497131348]]",True
early_neutral,5,711,0.7630789736754415,1,[0],"[[-0.7576743364334106, -0.046239640563726425], [-0.17784595489501953, -0.15464872121810913], [0.2636288106441498, 0.025608453899621964], [-0.3008800745010376, 0.1816328465938568], [-0.2255116105079651, 0.022551244124770164]]",True
early_neutral,5,712,0.7627457514161946,1,[0],"[[-0.7550377249717712, -0.05059576407074928], [-0.17814761400222778, -0.15491493046283722], [0.2669123709201813, 0.025251705199480057], [-0.30084067583084106, 0.17570754885673523], [-0.21404214203357697, 0.019410546869039536]]",True
early_neutral,5,713,0.7624125291569477,1,[0],"[[-0.7546609044075012, -0.05155487358570099], [-0.17897284030914307, -0.1556502729654312], [0.26750367879867554, 0.025193708017468452], [-0.30332279205322266, 0.17002281546592712], [-0.2031339555978775, 0.015233078971505165]]",True
early_neutral,5,714,0.7620793068977008,1,[0],"[[-0.7546609044075012, -0.05155487358570099], [-0.17979946732521057, -0.15634159743785858], [0.2680351734161377, 0.025105305016040802], [-0.3066122829914093, 0.16444748640060425], [-0.1953650861978531, 0.009352481923997402]]",True
early_neutral,5,715,0.7617460846384538,1,[0],"[[-0.7546609044075012, -0.05155487358570099], [-0.18031781911849976, -0.15682649612426758], [0.26966530084609985, 0.024624330922961235], [-0.30970248579978943, 0.15881487727165222], [-0.18948139250278473, 0.0023146981839090586]]",True
early_neutral,5,716,0.7614128623792069,1,[0],"[[-0.7559325695037842, -0.051987577229738235], [-0.1798149198293686, -0.1571345180273056], [0.2716327905654907, 0.023688632994890213], [-0.3126336932182312, 0.1531464010477066], [-0.18396587669849396, -0.005179661326110363]]",False
early_neutral,5,717,0.76107964011996,1,[0],"[[-0.7595400214195251, -0.05307181179523468], [-0.17907394468784332, -0.1574040651321411], [0.2719581425189972, 0.023490365594625473], [-0.31541505455970764, 0.14744603633880615], [-0.1790115386247635, -0.013093081302940845]]",False
early_neutral,5,718,0.7607464178607131,1,[0],"[[-0.7646047472953796, -0.054193831980228424], [-0.17833295464515686, -0.15767362713813782], [0.2719581425189972, 0.023490365594625473], [-0.31805360317230225, 0.14171698689460754], [-0.17497019469738007, -0.01986810378730297]]",False
early_neutral,5,719,0.7604131956014661,1,[0],"[[-0.7712962627410889, -0.05401844158768654], [-0.1778487116098404, -0.1578497737646103], [0.2719581425189972, 0.023490365594625473], [-0.32057690620422363, 0.13596594333648682], [-0.17282195389270782, -0.023469455540180206]]",False
early_neutral,5,720,0.7600799733422192,1,[0],"[[-0.7791122198104858, -0.0530242994427681], [-0.1778487116098404, -0.1578497737646103], [0.2719581425189972, 0.023490365594625473], [-0.32308241724967957, 0.13021159172058105], [-0.17290441691875458, -0.023231741040945053]]",False
early_neutral,5,721,0.7597467510829723,1,[0],"[[-0.7880712747573853, -0.052081670612096786], [-0.1778487116098404, -0.1578497737646103], [0.272278755903244, 0.02331661619246006], [-0.32558414340019226, 0.12445655465126038], [-0.17374855279922485, -0.020650465041399002]]",False
early_neutral,5,722,0.7594135288237254,1,[0],"[[-0.7980248928070068, -0.051192864775657654], [-0.1793546825647354, -0.1575167179107666], [0.2737359404563904, 0.022295096889138222], [-0.3282183110713959, 0.1187266930937767], [-0.17417387664318085, -0.017117727547883987]]",False
early_neutral,5,723,0.7590803065644786,1,[0],"[[-0.8081264495849609, -0.05051185563206673], [-0.18335828185081482, -0.15677335858345032], [0.27567949891090393, 0.020444335415959358], [-0.3310393691062927, 0.11303463578224182], [-0.1745525598526001, -0.012676273472607136]]",False
early_neutral,5,724,0.7587470843052316,1,[0],"[[-0.8143922686576843, -0.0511653907597065], [-0.18894684314727783, -0.15600614249706268], [0.2780427038669586, 0.017764616757631302], [-0.3340979814529419, 0.10739502310752869], [-0.17499950528144836, -0.007407528348267078]]",False
early_neutral,5,725,0.7584138620459847,1,[0],"[[-0.8166733980178833, -0.0538286417722702], [-0.19598762691020966, -0.1551564633846283], [0.28130775690078735, 0.014759935438632965], [-0.33748242259025574, 0.10183476656675339], [-0.17557284235954285, -0.001473785494454205]]",False
early_neutral,5,726,0.7580806397867378,1,[0],"[[-0.8185913562774658, -0.05762963742017746], [-0.20431607961654663, -0.15418444573879242], [0.28410840034484863, 0.011270689778029919], [-0.34088557958602905, 0.0962948203086853], [-0.17633752524852753, 0.005014538764953613]]",False
early_neutral,5,727,0.7577474175274909,1,[0],"[[-0.8216858506202698, -0.06086809188127518], [-0.2134975790977478, -0.15313759446144104], [0.28671714663505554, 0.007562720682471991], [-0.3414776623249054, 0.09050112962722778], [-0.1776074767112732, 0.011765541508793831]]",False
early_neutral,5,728,0.7574141952682439,1,[0],"[[-0.8272242546081543, -0.06261389702558517], [-0.22340573370456696, -0.15200980007648468], [0.28904715180397034, 0.0037131491117179394], [-0.33982059359550476, 0.08468310534954071], [-0.18174687027931213, 0.017922742292284966]]",False
early_neutral,5,729,0.757080973008997,1,[0],"[[-0.8336480855941772, -0.06346267461776733], [-0.23405997455120087, -0.1507987082004547], [0.29101985692977905, -0.00019354520190972835], [-0.33968985080718994, 0.07876263558864594], [-0.18762706220149994, 0.023967096582055092]]",False
early_neutral,5,730,0.7567477507497501,1,[0],"[[-0.8412749171257019, -0.06416957825422287], [-0.24479809403419495, -0.14957866072654724], [0.29087066650390625, -0.004136265255510807], [-0.3417826294898987, 0.07299385219812393], [-0.19412504136562347, 0.030290743336081505]]",False
early_neutral,5,731,0.7564145284905032,1,[0],"[[-0.850115954875946, -0.06473150849342346], [-0.25617772340774536, -0.1482861042022705], [0.28910472989082336, -0.008212234824895859], [-0.34441861510276794, 0.06726588308811188], [-0.2014174461364746, 0.03672594949603081]]",False
early_neutral,5,732,0.7560813062312562,1,[0],"[[-0.8579480648040771, -0.06510236859321594], [-0.2681657373905182, -0.14692460000514984], [0.2861618101596832, -0.012069826945662498], [-0.3480203151702881, 0.061767615377902985], [-0.2093186229467392, 0.043244607746601105]]",False
early_neutral,5,733,0.7557480839720093,1,[0],"[[-0.8651750683784485, -0.06538800895214081], [-0.28066486120224, -0.1455051302909851], [0.2805292308330536, -0.01505567692220211], [-0.35269635915756226, 0.056622352451086044], [-0.21751394867897034, 0.049915216863155365]]",False
early_neutral,5,734,0.7554148617127624,1,[0],"[[-0.8717942237854004, -0.06555837392807007], [-0.2935621738433838, -0.14404048025608063], [0.2735738456249237, -0.017470890656113625], [-0.35780009627342224, 0.05153702199459076], [-0.22595177590847015, 0.05669473856687546]]",False
early_neutral,5,735,0.7550816394535155,1,[0],"[[-0.8783645033836365, -0.06565959006547928], [-0.3067668378353119, -0.14254096150398254], [0.26581013202667236, -0.019860997796058655], [-0.3638625144958496, 0.04709581285715103], [-0.23456814885139465, 0.06356149911880493]]",False
early_neutral,5,736,0.7547484171942686,1,[0],"[[-0.8829702138900757, -0.06579561531543732], [-0.3202072083950043, -0.1410146951675415], [0.25702163577079773, -0.022142834961414337], [-0.37149858474731445, 0.043588701635599136], [-0.24333162605762482, 0.07048898190259933]]",False
early_neutral,5,737,0.7544151949350216,1,[0],"[[-0.883901834487915, -0.06569075584411621], [-0.3338271975517273, -0.1394680142402649], [0.24780243635177612, -0.024224257096648216], [-0.37989136576652527, 0.040004123002290726], [-0.25235500931739807, 0.0773811861872673]]",False
early_neutral,5,738,0.7540819726757747,1,[0],"[[-0.8838427066802979, -0.06532515585422516], [-0.3475837707519531, -0.13790585100650787], [0.23729953169822693, -0.02601655386388302], [-0.3890976011753082, 0.0363541841506958], [-0.2617507576942444, 0.08414345234632492]]",False
early_neutral,5,739,0.7537487504165278,1,[0],"[[-0.8839756846427917, -0.06521054357290268], [-0.3614335060119629, -0.13629396259784698], [0.22605842351913452, -0.02771194837987423], [-0.39853987097740173, 0.03282206505537033], [-0.2715418338775635, 0.09072886407375336]]",False
early_neutral,5,740,0.7534155281572809,1,[0],"[[-0.8844794034957886, -0.06574136018753052], [-0.3753308653831482, -0.13456584513187408], [0.21420994400978088, -0.029454359784722328], [-0.40865129232406616, 0.029227443039417267], [-0.28187641501426697, 0.09700461477041245]]",False
early_neutral,5,741,0.753082305898034,1,[0],"[[-0.8846660852432251, -0.06618641316890717], [-0.38908323645591736, -0.13275662064552307], [0.20187297463417053, -0.031227679923176765], [-0.4196301996707916, 0.026099011301994324], [-0.2926555573940277, 0.10291026532649994]]",False
early_neutral,5,742,0.7527490836387871,1,[0],"[[-0.884824275970459, -0.06661662459373474], [-0.3999629318714142, -0.1313120275735855], [0.18915677070617676, -0.03303106874227524], [-0.43128231167793274, 0.02560601197183132], [-0.30143603682518005, 0.10875312983989716]]",False
early_neutral,5,743,0.7524158613795402,1,[0],"[[-0.8850672841072083, -0.06704586744308472], [-0.4065685272216797, -0.13043494522571564], [0.17614609003067017, -0.03485434502363205], [-0.4432016909122467, 0.027001740410923958], [-0.30661332607269287, 0.1158984899520874]]",False
early_neutral,5,744,0.7520826391202933,1,[0],"[[-0.8850972056388855, -0.0669710636138916], [-0.4110715091228485, -0.1298370510339737], [0.16290555894374847, -0.03668266162276268], [-0.45537295937538147, 0.02914416790008545], [-0.31092432141304016, 0.12356141954660416]]",False
early_neutral,5,745,0.7517494168610463,1,[0],"[[-0.8842467665672302, -0.06492534279823303], [-0.41311728954315186, -0.12959371507167816], [0.14947859942913055, -0.038481488823890686], [-0.4674948751926422, 0.032216332852840424], [-0.3152044415473938, 0.131517231464386]]",False
early_neutral,5,746,0.7514161946017994,1,[0],"[[-0.8831710815429688, -0.06183156371116638], [-0.4116092026233673, -0.13091757893562317], [0.13590526580810547, -0.04024294763803482], [-0.4796167314052582, 0.035810437053442], [-0.31940555572509766, 0.13971172273159027]]",False
early_neutral,5,747,0.7510829723425525,1,[0],"[[-0.8818949460983276, -0.05778531730175018], [-0.4083941876888275, -0.13289892673492432], [0.12221481651067734, -0.04195501282811165], [-0.49166038632392883, 0.039862487465143204], [-0.3236430883407593, 0.14806798100471497]]",False
early_neutral,5,748,0.7507497500833056,1,[0],"[[-0.8804044127464294, -0.05284188315272331], [-0.4038284122943878, -0.13525117933750153], [0.10843077301979065, -0.04361157864332199], [-0.5036208033561707, 0.04426400363445282], [-0.3279242515563965, 0.15654456615447998]]",False
early_neutral,5,749,0.7504165278240587,1,[0],"[[-0.8787492513656616, -0.047116510570049286], [-0.3981913626194, -0.13814951479434967], [0.09458838403224945, -0.04526946321129799], [-0.5155306458473206, 0.048900917172431946], [-0.33249735832214355, 0.16505520045757294]]",False
early_neutral,5,750,0.7500833055648117,1,[0],"[[-0.8768991231918335, -0.040757324546575546], [-0.39188459515571594, -0.14159569144248962], [0.08072248101234436, -0.04699964448809624], [-0.5271053314208984, 0.05364122614264488], [-0.33761876821517944, 0.17350934445858002]]",False
early_neutral,5,751,0.7497500833055648,1,[0],"[[-0.874875545501709, -0.03388124704360962], [-0.38935279846191406, -0.14530938863754272], [0.06683655828237534, -0.048775337636470795], [-0.5357349514961243, 0.057678673416376114], [-0.3432298004627228, 0.1818900853395462]]",False
early_neutral,5,752,0.7494168610463179,1,[0],"[[-0.87279212474823, -0.026896005496382713], [-0.39123398065567017, -0.14944595098495483], [0.0529005341231823, -0.05046669766306877], [-0.5423068404197693, 0.06185578554868698], [-0.3492165207862854, 0.19020529091358185]]",False
early_neutral,5,753,0.749083638787071,1,[0],"[[-0.8705694079399109, -0.01953660324215889], [-0.3941251337528229, -0.15414030849933624], [0.03891684114933014, -0.05205504223704338], [-0.5463642477989197, 0.06562691926956177], [-0.35556191205978394, 0.198441743850708]]",False
early_neutral,5,754,0.748750416527824,1,[0],"[[-0.8682143688201904, -0.011807547882199287], [-0.39766940474510193, -0.15946973860263824], [0.02488730661571026, -0.05352088063955307], [-0.5477665662765503, 0.06969261169433594], [-0.3622506558895111, 0.20658884942531586]]",False
early_neutral,5,755,0.7484171942685771,1,[0],"[[-0.8657384514808655, -0.0037639434449374676], [-0.4016418755054474, -0.16505961120128632], [0.010815463960170746, -0.054852791130542755], [-0.5477198362350464, 0.07377798110246658], [-0.3692726492881775, 0.21463659405708313]]",False
early_neutral,5,756,0.7480839720093302,1,[0],"[[-0.8631596565246582, 0.004521963186562061], [-0.4061156213283539, -0.17112092673778534], [-0.0032933319453150034, -0.05604860931634903], [-0.5457069873809814, 0.07758606225252151], [-0.3766752779483795, 0.2225537747144699]]",False
early_neutral,5,757,0.7477507497500833,1,[0],"[[-0.8605042695999146, 0.012993759475648403], [-0.4110652208328247, -0.1776018887758255], [-0.01743464171886444, -0.0571042038500309], [-0.5433717370033264, 0.0814865306019783], [-0.3845440149307251, 0.2302902191877365]]",False
early_neutral,5,758,0.7474175274908363,1,[0],"[[-0.857783854007721, 0.021606147289276123], [-0.4163604974746704, -0.18448850512504578], [-0.031604014337062836, -0.0580168217420578], [-0.5406631231307983, 0.08600129187107086], [-0.3927852511405945, 0.2377752661705017]]",False
early_neutral,5,759,0.7470843052315894,1,[0],"[[-0.8550150394439697, 0.030325058847665787], [-0.42187848687171936, -0.19173213839530945], [-0.04580020532011986, -0.058759644627571106], [-0.5372055172920227, 0.09118610620498657], [-0.4012507200241089, 0.24500620365142822]]",False
early_neutral,5,760,0.7467510829723426,1,[0],"[[-0.8522086143493652, 0.03912415727972984], [-0.4268714189529419, -0.1984180063009262], [-0.06001833453774452, -0.05932466313242912], [-0.5332793593406677, 0.09659365564584732], [-0.4100204110145569, 0.252081960439682]]",False
early_neutral,5,761,0.7464178607130957,1,[0],"[[-0.8493735790252686, 0.04798349738121033], [-0.43055540323257446, -0.2038971185684204], [-0.0742545798420906, -0.05967292934656143], [-0.5291476249694824, 0.1019359678030014], [-0.41646504402160645, 0.258423388004303]]",False
early_neutral,5,762,0.7460846384538488,1,[0],"[[-0.8465214371681213, 0.056888647377491], [-0.43379685282707214, -0.20917311310768127], [-0.08850178122520447, -0.05975698307156563], [-0.5248208045959473, 0.10721254348754883], [-0.4215701222419739, 0.2633841633796692]]",True
early_neutral,5,763,0.7457514161946018,1,[0],"[[-0.8436984419822693, 0.06577838957309723], [-0.4357525110244751, -0.21318651735782623], [-0.10274612158536911, -0.05954042449593544], [-0.5203542709350586, 0.11243964731693268], [-0.426072895526886, 0.2669197916984558]]",True
early_neutral,5,764,0.7454181939353549,1,[0],"[[-0.842161238193512, 0.07435814291238785], [-0.4372214674949646, -0.21726153790950775], [-0.11695413291454315, -0.05884239077568054], [-0.5157599449157715, 0.11761963367462158], [-0.4318526089191437, 0.2713426649570465]]",True
early_neutral,5,765,0.745084971676108,1,[0],"[[-0.842216968536377, 0.08299388736486435], [-0.4378513693809509, -0.2193448841571808], [-0.13108249008655548, -0.05763843283057213], [-0.5113128423690796, 0.12285318970680237], [-0.4377416968345642, 0.27580076456069946]]",True
early_neutral,5,766,0.7447517494168611,1,[0],"[[-0.8432953357696533, 0.09079290926456451], [-0.4378513693809509, -0.2193448841571808], [-0.14504390954971313, -0.05578946694731712], [-0.5072441697120667, 0.12821553647518158], [-0.4412153959274292, 0.2784925699234009]]",True
early_neutral,5,767,0.7444185271576141,1,[0],"[[-0.844662606716156, 0.0956396535038948], [-0.4378513693809509, -0.2193448841571808], [-0.15873578190803528, -0.053224459290504456], [-0.5034109354019165, 0.13370414078235626], [-0.44310644268989563, 0.2799849212169647]]",True
early_neutral,5,768,0.7440853048983672,1,[0],"[[-0.8466264009475708, 0.09883672744035721], [-0.4378513693809509, -0.2193448841571808], [-0.17200817167758942, -0.049859631806612015], [-0.49920058250427246, 0.1395043581724167], [-0.4438018798828125, 0.2802838683128357]]",True
early_neutral,5,769,0.7437520826391203,1,[0],"[[-0.847383975982666, 0.09999674558639526], [-0.4377620220184326, -0.21928410232067108], [-0.18456606566905975, -0.045485932379961014], [-0.4944462776184082, 0.14572525024414062], [-0.44433343410491943, 0.2783164978027344]]",True
early_neutral,5,770,0.7434188603798734,1,[0],"[[-0.8474715352058411, 0.10013078153133392], [-0.43569961190223694, -0.2177405208349228], [-0.19620399177074432, -0.04014349356293678], [-0.4891626536846161, 0.15186525881290436], [-0.4445856511592865, 0.2756248712539673]]",True
early_neutral,5,771,0.7430856381206264,1,[0],"[[-0.846616804599762, 0.09861750155687332], [-0.4328191876411438, -0.2152451127767563], [-0.20653487741947174, -0.0337669663131237], [-0.48331785202026367, 0.1577952355146408], [-0.4446975588798523, 0.27206048369407654]]",True
early_neutral,5,772,0.7427524158613795,1,[0],"[[-0.845407247543335, 0.09586892277002335], [-0.4291639029979706, -0.21201331913471222], [-0.21527591347694397, -0.026452580466866493], [-0.4788166582584381, 0.16156472265720367], [-0.44478195905685425, 0.26829665899276733]]",True
early_neutral,5,773,0.7424191936021326,1,[0],"[[-0.8442158699035645, 0.0923590436577797], [-0.42479145526885986, -0.20894530415534973], [-0.22242817282676697, -0.019317710772156715], [-0.4742168188095093, 0.16448843479156494], [-0.4448510706424713, 0.26544487476348877]]",True
early_neutral,5,774,0.7420859713428857,1,[0],"[[-0.8428353667259216, 0.08880668133497238], [-0.41993245482444763, -0.20620909333229065], [-0.22718073427677155, -0.014576715417206287], [-0.4685653746128082, 0.16609394550323486], [-0.44487085938453674, 0.26463639736175537]]",True
early_neutral,5,775,0.7417527490836388,1,[0],"[[-0.8413053750991821, 0.08539324998855591], [-0.4149352014064789, -0.20371398329734802], [-0.2303919494152069, -0.011373310349881649], [-0.46239253878593445, 0.1670328676700592], [-0.44487085938453674, 0.26463639736175537]]",True
early_neutral,5,776,0.7414195268243918,1,[0],"[[-0.8408311605453491, 0.08381421118974686], [-0.40965524315834045, -0.20133650302886963], [-0.23219971358776093, -0.009569955058395863], [-0.4561856985092163, 0.1681312471628189], [-0.44503849744796753, 0.26490673422813416]]",True
early_neutral,5,777,0.7410863045651449,1,[0],"[[-0.840772271156311, 0.08275145292282104], [-0.4041580557823181, -0.1991080492734909], [-0.2316761016845703, -0.0091627798974514], [-0.45011913776397705, 0.16952276229858398], [-0.44532084465026855, 0.2652722895145416]]",True
early_neutral,5,778,0.740753082305898,1,[0],"[[-0.8407812714576721, 0.0826711505651474], [-0.39769336581230164, -0.19665978848934174], [-0.22790493071079254, -0.009352399036288261], [-0.4442216157913208, 0.17118947207927704], [-0.44593673944473267, 0.26569294929504395]]",True
early_neutral,5,779,0.7404198600466512,1,[0],"[[-0.8407812714576721, 0.0826711505651474], [-0.39003869891166687, -0.1939217746257782], [-0.2227778285741806, -0.009292743168771267], [-0.4385468661785126, 0.17301958799362183], [-0.44644221663475037, 0.26614487171173096]]",False
early_neutral,5,780,0.7400866377874042,1,[0],"[[-0.8405025005340576, 0.08238591253757477], [-0.3816021680831909, -0.1910099983215332], [-0.21627360582351685, -0.009095235727727413], [-0.43299323320388794, 0.17501848936080933], [-0.4463581144809723, 0.266694575548172]]",False
early_neutral,5,781,0.7397534155281573,1,[0],"[[-0.8388715386390686, 0.0803263783454895], [-0.37237152457237244, -0.18782207369804382], [-0.20848391950130463, -0.008805619552731514], [-0.4275020658969879, 0.17721061408519745], [-0.4462740123271942, 0.26724424958229065]]",False
early_neutral,5,782,0.7394201932689104,1,[0],"[[-0.8371917009353638, 0.07726572453975677], [-0.36245858669281006, -0.18439435958862305], [-0.19957293570041656, -0.008392189629375935], [-0.4227431118488312, 0.17920398712158203], [-0.44619616866111755, 0.26775267720222473]]",False
early_neutral,5,783,0.7390869710096635,1,[0],"[[-0.8354191780090332, 0.07324903458356857], [-0.3519291877746582, -0.1807468980550766], [-0.18971294164657593, -0.00782295223325491], [-0.41981789469718933, 0.1804526299238205], [-0.44672390818595886, 0.2683061957359314]]",False
early_neutral,5,784,0.7387537487504166,1,[0],"[[-0.8332414031028748, 0.0683978870511055], [-0.34090396761894226, -0.17691607773303986], [-0.17915329337120056, -0.007130180019885302], [-0.4181363880634308, 0.1811877340078354], [-0.44914576411247253, 0.27000269293785095]]",False
early_neutral,5,785,0.7384205264911696,1,[0],"[[-0.8308868408203125, 0.0633448138833046], [-0.3294847011566162, -0.1729491502046585], [-0.16831615567207336, -0.006396778393536806], [-0.4169555902481079, 0.18167683482170105], [-0.45111116766929626, 0.2713436484336853]]",True
early_neutral,5,786,0.7380873042319227,1,[0],"[[-0.8284838199615479, 0.058732546865940094], [-0.3177477717399597, -0.16889192163944244], [-0.156841441988945, -0.005606847815215588], [-0.41603776812553406, 0.1820492148399353], [-0.45142632722854614, 0.27152854204177856]]",True
early_neutral,5,787,0.7377540819726758,1,[0],"[[-0.8261508345603943, 0.054689668118953705], [-0.30573713779449463, -0.1648879051208496], [-0.14477677643299103, -0.004799895454198122], [-0.4151515066623688, 0.18221385776996613], [-0.45077458024024963, 0.2716539204120636]]",True
early_neutral,5,788,0.7374208597134289,1,[0],"[[-0.8252148032188416, 0.053161073476076126], [-0.2930417060852051, -0.16263927519321442], [-0.13221187889575958, -0.0040413858368992805], [-0.4133327901363373, 0.18282875418663025], [-0.4474618136882782, 0.2724502980709076]]",True
early_neutral,5,789,0.7370876374541819,1,[0],"[[-0.8250531554222107, 0.05293465033173561], [-0.2798597812652588, -0.162057027220726], [-0.11925593763589859, -0.0033286218531429768], [-0.4094558358192444, 0.18295873701572418], [-0.44301968812942505, 0.27383744716644287]]",True
early_neutral,5,790,0.736754415194935,1,[0],"[[-0.8232060670852661, 0.05350816622376442], [-0.26641249656677246, -0.1614619493484497], [-0.1059996634721756, -0.00263531063683331], [-0.4044463634490967, 0.18311727046966553], [-0.43739575147628784, 0.2755697965621948]]",True
early_neutral,5,791,0.7364211929356881,1,[0],"[[-0.8189719319343567, 0.05466453358530998], [-0.2527424693107605, -0.16087394952774048], [-0.09251128882169724, -0.001966694137081504], [-0.4002613127231598, 0.18342429399490356], [-0.43141648173332214, 0.27711355686187744]]",True
early_neutral,5,792,0.7360879706764412,1,[0],"[[-0.8135724067687988, 0.05586989223957062], [-0.23890438675880432, -0.1602761447429657], [-0.07884541153907776, -0.001316381385549903], [-0.39304018020629883, 0.18418577313423157], [-0.4253409802913666, 0.27835285663604736]]",True
early_neutral,5,793,0.7357547484171942,1,[0],"[[-0.8101173043251038, 0.05653056874871254], [-0.22494293749332428, -0.15963008999824524], [-0.06504351645708084, -0.0006866361363790929], [-0.38451090455055237, 0.18418417870998383], [-0.4194127023220062, 0.2791576683521271]]",True
early_neutral,5,794,0.7354215261579473,1,[0],"[[-0.8067305088043213, 0.05708521604537964], [-0.21088950335979462, -0.15893720090389252], [-0.05113770067691803, -7.7672659244854e-05], [-0.3751879334449768, 0.18404552340507507], [-0.4130181074142456, 0.2796035408973694]]",True
early_neutral,5,795,0.7350883038987004,1,[0],"[[-0.8027620911598206, 0.057574111968278885], [-0.19676843285560608, -0.15819579362869263], [-0.03715246170759201, 0.0005090439808554947], [-0.36579805612564087, 0.1839853972196579], [-0.40663424134254456, 0.2796253263950348]]",True
early_neutral,5,796,0.7347550816394535,1,[0],"[[-0.7983103394508362, 0.05785375088453293], [-0.1825980395078659, -0.157405823469162], [-0.023106809705495834, 0.0010756623232737184], [-0.3561570942401886, 0.1844581961631775], [-0.4007095396518707, 0.2791992127895355]]",True
early_neutral,5,797,0.7344218593802065,1,[0],"[[-0.7938298583030701, 0.05788753554224968], [-0.16839107871055603, -0.15657635033130646], [-0.009016401134431362, 0.0016366144409403205], [-0.34692633152008057, 0.18445442616939545], [-0.3945194184780121, 0.2782588303089142]]",True
early_neutral,5,798,0.7340886371209597,1,[0],"[[-0.7893376350402832, 0.05786265432834625], [-0.1541571468114853, -0.155714750289917], [0.005107848905026913, 0.0021932064555585384], [-0.3374296724796295, 0.18501335382461548], [-0.38846081495285034, 0.27685755491256714]]",True
early_neutral,5,799,0.7337554148617128,1,[0],"[[-0.7846053838729858, 0.057814210653305054], [-0.13990317285060883, -0.1548280268907547], [0.019259212538599968, 0.0027292855083942413], [-0.32797256112098694, 0.18550334870815277], [-0.38259580731391907, 0.27528250217437744]]",True
early_neutral,5,800,0.7334221926024659,1,[0],"[[-0.7802903652191162, 0.05774620175361633], [-0.12563163042068481, -0.1539396494626999], [0.033432237803936005, 0.003235507756471634], [-0.31875449419021606, 0.1855006366968155], [-0.3768078684806824, 0.2735840082168579]]",True
early_neutral,5,801,0.733088970343219,1,[0],"[[-0.7777503132820129, 0.05746829882264137], [-0.11143069714307785, -0.15305347740650177], [0.04761608690023422, 0.0037798434495925903], [-0.30997350811958313, 0.18566493690013885], [-0.37102845311164856, 0.27174559235572815]]",True
early_neutral,5,802,0.732755748083972,1,[0],"[[-0.776293158531189, 0.05714975297451019], [-0.09970279037952423, -0.15216323733329773], [0.061788491904735565, 0.0045302314683794975], [-0.3013280928134918, 0.18656431138515472], [-0.3652493953704834, 0.2699936032295227]]",True
early_neutral,5,803,0.7324225258247251,1,[0],"[[-0.776293158531189, 0.05714975297451019], [-0.09304504841566086, -0.15146607160568237], [0.07594115287065506, 0.005478988867253065], [-0.29199162125587463, 0.1870495229959488], [-0.3594222962856293, 0.26844266057014465]]",True
early_neutral,5,804,0.7320893035654782,1,[0],"[[-0.776293158531189, 0.05714975297451019], [-0.0925486609339714, -0.15107926726341248], [0.09009717404842377, 0.006446525454521179], [-0.28275826573371887, 0.18703918159008026], [-0.35483235120773315, 0.2673639953136444]]",True
early_neutral,5,805,0.7317560813062313,1,[0],"[[-0.7736102342605591, 0.05774931609630585], [-0.09633152931928635, -0.15065747499465942], [0.10426308959722519, 0.007381114177405834], [-0.27341458201408386, 0.18696899712085724], [-0.3544605076313019, 0.2672930359840393]]",True
early_neutral,5,806,0.7314228590469843,1,[0],"[[-0.769648015499115, 0.05838702619075775], [-0.10166474431753159, -0.15052327513694763], [0.11844094842672348, 0.008259677328169346], [-0.26407313346862793, 0.1868184357881546], [-0.3523852229118347, 0.26700064539909363]]",True
early_neutral,5,807,0.7310896367877374,1,[0],"[[-0.7658462524414062, 0.058765485882759094], [-0.10847470909357071, -0.15052886307239532], [0.13263320922851562, 0.009054015390574932], [-0.25490397214889526, 0.1866588145494461], [-0.34821537137031555, 0.2662658095359802]]",True
early_neutral,5,808,0.7307564145284905,1,[0],"[[-0.7623677849769592, 0.058967240154743195], [-0.11662188917398453, -0.15068207681179047], [0.14683789014816284, 0.009765096940100193], [-0.24572822451591492, 0.18657369911670685], [-0.34272265434265137, 0.2650875151157379]]",True
early_neutral,5,809,0.7304231922692436,1,[0],"[[-0.7588775753974915, 0.05904338136315346], [-0.12589910626411438, -0.15096615254878998], [0.16105280816555023, 0.010398317128419876], [-0.2363896369934082, 0.18656453490257263], [-0.3366241753101349, 0.2637535333633423]]",True
early_neutral,5,810,0.7300899700099966,1,[0],"[[-0.7553175091743469, 0.05898774042725563], [-0.13611814379692078, -0.15134288370609283], [0.1752764731645584, 0.010954475030303001], [-0.22683362662792206, 0.1865820735692978], [-0.3305234909057617, 0.26242396235466003]]",True
early_neutral,5,811,0.7297567477507497,1,[0],"[[-0.7517601251602173, 0.05879448354244232], [-0.1462298482656479, -0.1517864316701889], [0.18950694799423218, 0.01144258864223957], [-0.21764245629310608, 0.18658022582530975], [-0.32442882657051086, 0.2611537277698517]]",True
early_neutral,5,812,0.7294235254915028,1,[0],"[[-0.7478637099266052, 0.058471519500017166], [-0.15538746118545532, -0.1522960513830185], [0.2037428468465805, 0.01186781283468008], [-0.2070385068655014, 0.18680667877197266], [-0.31838828325271606, 0.2599824368953705]]",True
early_neutral,5,813,0.7290903032322559,1,[0],"[[-0.7433652877807617, 0.05813470482826233], [-0.16452965140342712, -0.1529119312763214], [0.21715527772903442, 0.012369795702397823], [-0.1989644169807434, 0.18564704060554504], [-0.31218671798706055, 0.2588678300380707]]",True
early_neutral,5,814,0.728757080973009,1,[0],"[[-0.7386629581451416, 0.05783334746956825], [-0.17364200949668884, -0.1536916047334671], [0.22654779255390167, 0.013003217056393623], [-0.19269795715808868, 0.18362703919410706], [-0.30596399307250977, 0.2578182518482208]]",True
early_neutral,5,815,0.728423858713762,1,[0],"[[-0.7341763973236084, 0.05735824629664421], [-0.18271207809448242, -0.15465781092643738], [0.23015789687633514, 0.013373577035963535], [-0.1875593364238739, 0.180465966463089], [-0.2998695969581604, 0.2568347454071045]]",True
early_neutral,5,816,0.7280906364545152,1,[0],"[[-0.7319621443748474, 0.05481195077300072], [-0.19004298746585846, -0.15551616251468658], [0.22787529230117798, 0.013944138772785664], [-0.1814848780632019, 0.17648160457611084], [-0.2936091125011444, 0.2558695375919342]]",True
early_neutral,5,817,0.7277574141952683,1,[0],"[[-0.7322849035263062, 0.0511704720556736], [-0.19189906120300293, -0.1557176411151886], [0.22326718270778656, 0.01445110235363245], [-0.17492690682411194, 0.17220526933670044], [-0.2869671583175659, 0.25485074520111084]]",True
early_neutral,5,818,0.7274241919360214,1,[0],"[[-0.7329146265983582, 0.04872339591383934], [-0.19189906120300293, -0.1557176411151886], [0.21715015172958374, 0.014797228388488293], [-0.16836056113243103, 0.1678684949874878], [-0.2791297435760498, 0.2535243630409241]]",True
early_neutral,5,819,0.7270909696767744,1,[0],"[[-0.7339125275611877, 0.04653724655508995], [-0.19189906120300293, -0.1557176411151886], [0.2096593976020813, 0.015136570669710636], [-0.1617022603750229, 0.16336847841739655], [-0.27039554715156555, 0.2518938183784485]]",True
early_neutral,5,820,0.7267577474175275,1,[0],"[[-0.735244870185852, 0.044211335480213165], [-0.19189906120300293, -0.1557176411151886], [0.2009555846452713, 0.015433616004884243], [-0.15520276129245758, 0.15913960337638855], [-0.26164230704307556, 0.2500704824924469]]",True
early_neutral,5,821,0.7264245251582806,1,[0],"[[-0.7365347146987915, 0.04156486690044403], [-0.18943984806537628, -0.15592707693576813], [0.19142764806747437, 0.01572277769446373], [-0.1487228274345398, 0.15452900528907776], [-0.2529838979244232, 0.2480645775794983]]",True
early_neutral,5,822,0.7260913028990337,1,[0],"[[-0.7363302707672119, 0.038935400545597076], [-0.18513253331184387, -0.15655338764190674], [0.18107463419437408, 0.016011221334338188], [-0.14223182201385498, 0.15013772249221802], [-0.2444092333316803, 0.24591128528118134]]",True
early_neutral,5,823,0.7257580806397868,1,[0],"[[-0.7348419427871704, 0.0363311767578125], [-0.17955465614795685, -0.15766555070877075], [0.17335405945777893, 0.016221022233366966], [-0.13586075603961945, 0.14567388594150543], [-0.23589888215065002, 0.24365253746509552]]",True
early_neutral,5,824,0.7254248583805398,1,[0],"[[-0.7325628995895386, 0.03392135351896286], [-0.17335794866085052, -0.15879091620445251], [0.17128635942935944, 0.016277210786938667], [-0.1296783834695816, 0.14086417853832245], [-0.22745153307914734, 0.24129566550254822]]",True
early_neutral,5,825,0.7250916361212929,1,[0],"[[-0.7289609909057617, 0.03215080872178078], [-0.16710668802261353, -0.15977832674980164], [0.17269694805145264, 0.016258392482995987], [-0.12317924946546555, 0.13663506507873535], [-0.2190476506948471, 0.23887385427951813]]",True
early_neutral,5,826,0.724758413862046,1,[0],"[[-0.725233256816864, 0.03066595084965229], [-0.16087032854557037, -0.16062583029270172], [0.17662400007247925, 0.016228925436735153], [-0.11656538397073746, 0.13235722482204437], [-0.21072529256343842, 0.23640434443950653]]",True
early_neutral,5,827,0.7244251916027991,1,[0],"[[-0.7222310304641724, 0.029401928186416626], [-0.1545986384153366, -0.16134336590766907], [0.18189053237438202, 0.016228610649704933], [-0.10989406704902649, 0.12809960544109344], [-0.20448140799999237, 0.234519824385643]]",True
early_neutral,5,828,0.7240919693435521,1,[0],"[[-0.7192893028259277, 0.02807909995317459], [-0.14823029935359955, -0.16193799674510956], [0.18832826614379883, 0.016240857541561127], [-0.10324697196483612, 0.12389717996120453], [-0.19865821301937103, 0.2327396273612976]]",True
early_neutral,5,829,0.7237587470843052,1,[0],"[[-0.7171174883842468, 0.027086153626441956], [-0.1418595314025879, -0.16242220997810364], [0.19573929905891418, 0.016257066279649734], [-0.09668659418821335, 0.11970832943916321], [-0.1925080269575119, 0.23081576824188232]]",True
early_neutral,5,830,0.7234255248250583,1,[0],"[[-0.7157629132270813, 0.026518626138567924], [-0.1355554312467575, -0.16281020641326904], [0.2036694437265396, 0.016276681795716286], [-0.0901653915643692, 0.11549363285303116], [-0.1852841079235077, 0.22843468189239502]]",True
early_neutral,5,831,0.7230923025658114,1,[0],"[[-0.7156541347503662, 0.026474766433238983], [-0.12913864850997925, -0.1631135642528534], [0.21120379865169525, 0.016287190839648247], [-0.08336295932531357, 0.11105100810527802], [-0.1775023639202118, 0.22574111819267273]]",True
early_neutral,5,832,0.7227590803065644,1,[0],"[[-0.7156541347503662, 0.026474766433238983], [-0.12271607667207718, -0.1633608192205429], [0.21758677065372467, 0.01624579168856144], [-0.07677819579839706, 0.1067626103758812], [-0.17167545855045319, 0.22378116846084595]]",True
early_neutral,5,833,0.7224258580473175,1,[0],"[[-0.714587390422821, 0.025983689352869987], [-0.11640758812427521, -0.1636090874671936], [0.22409360110759735, 0.016159243881702423], [-0.06966092437505722, 0.10226167738437653], [-0.1658976674079895, 0.22193951904773712]]",True
early_neutral,5,834,0.7220926357880706,1,[0],"[[-0.7114147543907166, 0.024331742897629738], [-0.10998610407114029, -0.1638682782649994], [0.23161214590072632, 0.016030000522732735], [-0.0634964257478714, 0.0976162925362587], [-0.16007184982299805, 0.2201629877090454]]",True
early_neutral,5,835,0.7217594135288238,1,[0],"[[-0.7082611918449402, 0.022365782409906387], [-0.10356936603784561, -0.16415080428123474], [0.24026267230510712, 0.0158550925552845], [-0.06048007309436798, 0.09316190332174301], [-0.15421094000339508, 0.21843606233596802]]",True
early_neutral,5,836,0.7214261912695769,1,[0],"[[-0.7078828811645508, 0.019472019746899605], [-0.09727787226438522, -0.1645091325044632], [0.24945789575576782, 0.01563248038291931], [-0.059783220291137695, 0.08883704990148544], [-0.14833389222621918, 0.21673692762851715]]",True
early_neutral,5,837,0.7210929690103299,1,[0],"[[-0.7108343839645386, 0.016548151150345802], [-0.09088184684515, -0.16496160626411438], [0.25933343172073364, 0.015347914770245552], [-0.05990584194660187, 0.08364831656217575], [-0.14264914393424988, 0.21499213576316833]]",True
early_neutral,5,838,0.720759746751083,1,[0],"[[-0.7132911086082458, 0.014328562654554844], [-0.08451303839683533, -0.16545294225215912], [0.2699233889579773, 0.014998466707766056], [-0.06018581986427307, 0.07764571905136108], [-0.13692303001880646, 0.2131102979183197]]",True
early_neutral,5,839,0.7204265244918361,1,[0],"[[-0.7152767777442932, 0.012351371347904205], [-0.07838103920221329, -0.165627121925354], [0.28078463673591614, 0.014571969397366047], [-0.060175713151693344, 0.07166486978530884], [-0.13153888285160065, 0.21123062074184418]]",True
early_neutral,5,840,0.7200933022325892,1,[0],"[[-0.7171866297721863, 0.010211378335952759], [-0.07200145721435547, -0.16542351245880127], [0.292280375957489, 0.014055623672902584], [-0.061004552990198135, 0.0654461532831192], [-0.1300143003463745, 0.21069708466529846]]",True
early_neutral,5,841,0.7197600799733422,1,[0],"[[-0.718981921672821, 0.0075022513046860695], [-0.06566961109638214, -0.16480311751365662], [0.3041769564151764, 0.013476005755364895], [-0.0631403774023056, 0.06046551838517189], [-0.1300143003463745, 0.21069708466529846]]",True
early_neutral,5,842,0.7194268577140953,1,[0],"[[-0.7202093601226807, 0.004659206606447697], [-0.06052473559975624, -0.16274556517601013], [0.31614449620246887, 0.012809639796614647], [-0.06640492379665375, 0.05652796849608421], [-0.1300143003463745, 0.21069708466529846]]",True
early_neutral,5,843,0.7190936354548484,1,[0],"[[-0.7230742573738098, 0.002446078462526202], [-0.0558263324201107, -0.1599372923374176], [0.3271154463291168, 0.012145099230110645], [-0.07137791067361832, 0.05315179377794266], [-0.1300143003463745, 0.21069708466529846]]",True
early_neutral,5,844,0.7187604131956015,1,[0],"[[-0.7282554507255554, 0.002000825945287943], [-0.05104006826877594, -0.15713952481746674], [0.33568137884140015, 0.011669536121189594], [-0.07850739359855652, 0.04970817640423775], [-0.1300143003463745, 0.21069708466529846]]",True
early_neutral,5,845,0.7184271909363545,1,[0],"[[-0.7326290011405945, 0.0018449422204867005], [-0.04626179113984108, -0.15433599054813385], [0.341768741607666, 0.011036262847483158], [-0.08531520515680313, 0.045604407787323], [-0.1300143003463745, 0.21069708466529846]]",True
early_neutral,5,846,0.7180939686771076,1,[0],"[[-0.7346225380897522, 0.0017654395196586847], [-0.04190412536263466, -0.1517583727836609], [0.34535008668899536, 0.010159797966480255], [-0.0918501764535904, 0.041331641376018524], [-0.1300143003463745, 0.21069708466529846]]",True
early_neutral,5,847,0.7177607464178607,1,[0],"[[-0.7348799705505371, 0.0017460818635299802], [-0.04103356972336769, -0.15118408203125], [0.3469352126121521, 0.008653774857521057], [-0.09836509823799133, 0.036972712725400925], [-0.1300143003463745, 0.21069708466529846]]",True
early_neutral,5,848,0.7174275241586138,1,[0],"[[-0.737923264503479, 0.0013416907750070095], [-0.04103356972336769, -0.15118408203125], [0.3464718759059906, 0.007250645663589239], [-0.1047532707452774, 0.03258475288748741], [-0.13025163114070892, 0.21080797910690308]]",True
early_neutral,5,849,0.7170943018993668,1,[0],"[[-0.7421954870223999, 0.0006204185192473233], [-0.04103356972336769, -0.15118408203125], [0.3443077802658081, 0.006355544086545706], [-0.11039505153894424, 0.028258411213755608], [-0.1331791877746582, 0.2119465470314026]]",True
early_neutral,5,850,0.7167610796401199,1,[0],"[[-0.7453275918960571, 6.683330866508186e-05], [-0.04103356972336769, -0.15118408203125], [0.34212344884872437, 0.0053008925169706345], [-0.11571858823299408, 0.023496195673942566], [-0.13763722777366638, 0.21323779225349426]]",True
early_neutral,5,851,0.716427857380873,1,[0],"[[-0.7467317581176758, -0.00011515870573930442], [-0.04103356972336769, -0.15118408203125], [0.3403659462928772, 0.004203410353511572], [-0.12184944748878479, 0.019487975165247917], [-0.14341796934604645, 0.21465624868869781]]",True
early_neutral,5,852,0.7160946351216261,1,[0],"[[-0.7471370697021484, -0.0003628282283898443], [-0.04103356972336769, -0.15118408203125], [0.3390895128250122, 0.0030784879345446825], [-0.12868455052375793, 0.015355270355939865], [-0.14935946464538574, 0.21626196801662445]]",True
early_neutral,5,853,0.7157614128623792,1,[0],"[[-0.749646782875061, -0.001995002618059516], [-0.04103356972336769, -0.15118408203125], [0.3383871018886566, 0.0022615650668740273], [-0.13551747798919678, 0.011365329846739769], [-0.15520817041397095, 0.21800561249256134]]",True
early_neutral,5,854,0.7154281906031323,1,[0],"[[-0.7530795931816101, -0.004093676805496216], [-0.04103356972336769, -0.15118408203125], [0.3379017114639282, 0.001682523638010025], [-0.14216898381710052, 0.007958180271089077], [-0.16091765463352203, 0.21993449330329895]]",True
early_neutral,5,855,0.7150949683438854,1,[0],"[[-0.7554627060890198, -0.005522673949599266], [-0.04125632718205452, -0.15148954093456268], [0.33622753620147705, 0.0012678933562710881], [-0.1495772749185562, 0.004618165548890829], [-0.16646885871887207, 0.2220500409603119]]",True
early_neutral,5,856,0.7147617460846385,1,[0],"[[-0.7573848366737366, -0.006692699156701565], [-0.0429777130484581, -0.15350177884101868], [0.33244314789772034, 0.0006519485614262521], [-0.15586501359939575, 0.0006497109425254166], [-0.1718699187040329, 0.22432447969913483]]",True
early_neutral,5,857,0.7144285238253916,1,[0],"[[-0.7583558559417725, -0.007353536318987608], [-0.045769937336444855, -0.1561417430639267], [0.32744285464286804, -0.0003605699457693845], [-0.16250355541706085, -0.0037147398106753826], [-0.17712333798408508, 0.22674092650413513]]",True
early_neutral,5,858,0.7140953015661446,1,[0],"[[-0.7610336542129517, -0.009162123315036297], [-0.050891678780317307, -0.15842236578464508], [0.3217524588108063, -0.001728978124447167], [-0.16897307336330414, -0.008080613799393177], [-0.18219242990016937, 0.2293180376291275]]",True
early_neutral,5,859,0.7137620793068977,1,[0],"[[-0.764083981513977, -0.011207724921405315], [-0.05817248672246933, -0.1597284972667694], [0.3160671591758728, -0.003028290346264839], [-0.1724262833595276, -0.012597047723829746], [-0.1869932860136032, 0.23210409283638]]",True
early_neutral,5,860,0.7134288570476508,1,[0],"[[-0.7644326090812683, -0.014114031568169594], [-0.06673861294984818, -0.16077639162540436], [0.310477614402771, -0.004391138907521963], [-0.17377695441246033, -0.016879430040717125], [-0.19150596857070923, 0.23508721590042114]]",True
early_neutral,5,861,0.7130956347884039,1,[0],"[[-0.7617009282112122, -0.016983652487397194], [-0.07625385373830795, -0.1617838591337204], [0.3049333989620209, -0.00571275781840086], [-0.17435213923454285, -0.021693289279937744], [-0.19575875997543335, 0.23822814226150513]]",True
early_neutral,5,862,0.712762412529157,1,[0],"[[-0.7596719264984131, -0.01913486421108246], [-0.08655136078596115, -0.16272985935211182], [0.30021312832832336, -0.006982587277889252], [-0.17640268802642822, -0.027006307616829872], [-0.19975261390209198, 0.24150985479354858]]",True
early_neutral,5,863,0.71242919026991,1,[0],"[[-0.7590491771697998, -0.020061949267983437], [-0.09376437216997147, -0.1634014993906021], [0.29606327414512634, -0.008607660420238972], [-0.17401450872421265, -0.03179796412587166], [-0.20382067561149597, 0.2447527050971985]]",True
early_neutral,5,864,0.7120959680106631,1,[0],"[[-0.7585761547088623, -0.020376499742269516], [-0.0953405424952507, -0.16355295479297638], [0.2912026345729828, -0.011053272522985935], [-0.17038436233997345, -0.035467252135276794], [-0.20817627012729645, 0.24767136573791504]]",True
early_neutral,5,865,0.7117627457514162,1,[0],"[[-0.7551329731941223, -0.021231483668088913], [-0.09370285272598267, -0.16398537158966064], [0.2848288118839264, -0.013344896957278252], [-0.16525258123874664, -0.038959942758083344], [-0.21263501048088074, 0.24911347031593323]]",True
early_neutral,5,866,0.7114295234921693,1,[0],"[[-0.7500724792480469, -0.02217506617307663], [-0.08999404311180115, -0.16512136161327362], [0.2772677540779114, -0.015241512097418308], [-0.15940895676612854, -0.04304290935397148], [-0.21793457865715027, 0.2494579255580902]]",True
early_neutral,5,867,0.7110963012329223,1,[0],"[[-0.7453802824020386, -0.023083893582224846], [-0.08522100001573563, -0.16689281165599823], [0.2692592442035675, -0.01714310236275196], [-0.15396305918693542, -0.04687929153442383], [-0.22399692237377167, 0.2496320754289627]]",True
early_neutral,5,868,0.7107630789736754,1,[0],"[[-0.741282045841217, -0.023834679275751114], [-0.08007225394248962, -0.16940659284591675], [0.2606460452079773, -0.018838820978999138], [-0.14958252012729645, -0.04990052431821823], [-0.23007087409496307, 0.24949391186237335]]",False
early_neutral,5,869,0.7104298567144285,1,[0],"[[-0.7370258569717407, -0.024552742019295692], [-0.07471626251935959, -0.171803280711174], [0.2500951290130615, -0.020173948258161545], [-0.14546169340610504, -0.05262843146920204], [-0.23646238446235657, 0.24902382493019104]]",False
early_neutral,5,870,0.7100966344551816,1,[0],"[[-0.7321715354919434, -0.024637140333652496], [-0.06926354765892029, -0.1734083741903305], [0.23938877880573273, -0.021266130730509758], [-0.14131373167037964, -0.05537431314587593], [-0.24272967875003815, 0.24822956323623657]]",False
early_neutral,5,871,0.7097634121959346,1,[0],"[[-0.7305390238761902, -0.024271832779049873], [-0.06582710146903992, -0.1736784428358078], [0.22816696763038635, -0.022209051996469498], [-0.13752177357673645, -0.05787191912531853], [-0.24863670766353607, 0.2471386343240738]]",False
early_neutral,5,872,0.7094301899366877,1,[0],"[[-0.7329610586166382, -0.02314179204404354], [-0.061910104006528854, -0.17392034828662872], [0.21697157621383667, -0.023030908778309822], [-0.13269636034965515, -0.06071170046925545], [-0.25465425848960876, 0.24566064774990082]]",False
early_neutral,5,873,0.7090969676774409,1,[0],"[[-0.736274003982544, -0.02132214978337288], [-0.05745530128479004, -0.1741165816783905], [0.20993785560131073, -0.023544570431113243], [-0.12818463146686554, -0.06310061365365982], [-0.2597499191761017, 0.24413718283176422]]",False
early_neutral,5,874,0.708763745418194,1,[0],"[[-0.7409660816192627, -0.01930784434080124], [-0.05395568534731865, -0.174394890666008], [0.20884819328784943, -0.023631272837519646], [-0.12648092210292816, -0.06400271505117416], [-0.26053932309150696, 0.2438964545726776]]",False
early_neutral,5,875,0.7084305231589471,1,[0],"[[-0.7472819685935974, -0.017284631729125977], [-0.04961582273244858, -0.17446991801261902], [0.21225503087043762, -0.023590611293911934], [-0.12692572176456451, -0.06374800950288773], [-0.26051169633865356, 0.24388648569583893]]",True
early_neutral,5,876,0.7080973008997001,1,[0],"[[-0.755013108253479, -0.015305580571293831], [-0.04384422302246094, -0.1744561791419983], [0.21710743010044098, -0.02378609962761402], [-0.12939150631427765, -0.062079139053821564], [-0.2581009566783905, 0.24291355907917023]]",True
early_neutral,5,877,0.7077640786404532,1,[0],"[[-0.7638400197029114, -0.013208968564867973], [-0.03786047175526619, -0.17468629777431488], [0.22323429584503174, -0.024193990975618362], [-0.1323813945055008, -0.05951844900846481], [-0.2543700337409973, 0.2411506474018097]]",True
early_neutral,5,878,0.7074308563812063,1,[0],"[[-0.7734867930412292, -0.01105174794793129], [-0.030834238976240158, -0.1749698668718338], [0.22964604198932648, -0.02453974261879921], [-0.13448168337345123, -0.05782537907361984], [-0.24975144863128662, 0.23862908780574799]]",True
early_neutral,5,879,0.7070976341219594,1,[0],"[[-0.7835934162139893, -0.008860722184181213], [-0.023223331198096275, -0.17527702450752258], [0.23524172604084015, -0.024781789630651474], [-0.13495533168315887, -0.05753202363848686], [-0.24496525526046753, 0.23583157360553741]]",True
early_neutral,5,880,0.7067644118627124,1,[0],"[[-0.794370174407959, -0.006583636626601219], [-0.016842953860759735, -0.17553310096263885], [0.2361116111278534, -0.02481801062822342], [-0.13365989923477173, -0.0581953302025795], [-0.24054013192653656, 0.2330898642539978]]",False
early_neutral,5,881,0.7064311896034655,1,[0],"[[-0.8035478591918945, -0.00467970035970211], [-0.010841356590390205, -0.17577174305915833], [0.23611046373844147, -0.024838566780090332], [-0.13017776608467102, -0.05992933362722397], [-0.23921379446983337, 0.23236529529094696]]",False
early_neutral,5,882,0.7060979673442186,1,[0],"[[-0.8123518228530884, -0.0028859188314527273], [-0.0036761572118848562, -0.1760566532611847], [0.23598849773406982, -0.02668122947216034], [-0.12544478476047516, -0.062185097485780716], [-0.23847968876361847, 0.23214146494865417]]",False
early_neutral,5,883,0.7057647450849717,1,[0],"[[-0.8198907375335693, -0.001370623940601945], [0.002777872607111931, -0.17631323635578156], [0.23539096117019653, -0.029625333845615387], [-0.1205669492483139, -0.06258091330528259], [-0.23511357605457306, 0.23109844326972961]]",False
early_neutral,5,884,0.7054315228257247,1,[0],"[[-0.8238521814346313, -0.0005895031499676406], [0.005670036654919386, -0.17642821371555328], [0.23164795339107513, -0.03260468319058418], [-0.1159934401512146, -0.06032705307006836], [-0.23044529557228088, 0.22962038218975067]]",False
early_neutral,5,885,0.7050983005664778,1,[0],"[[-0.8269656896591187, 1.0908917829510756e-05], [0.0051695602014660835, -0.17675119638442993], [0.22538533806800842, -0.03491153195500374], [-0.11211232095956802, -0.05676659569144249], [-0.2244231402873993, 0.2278209775686264]]",False
early_neutral,5,886,0.7047650783072309,1,[0],"[[-0.827353835105896, 7.730130892014131e-05], [0.0023236721754074097, -0.17813490331172943], [0.21817803382873535, -0.03702067956328392], [-0.10955433547496796, -0.05194178223609924], [-0.21703334152698517, 0.2258967012166977]]",False
early_neutral,5,887,0.704431856047984,1,[0],"[[-0.827522337436676, 0.00010009656398324296], [-0.00171628687530756, -0.1799803227186203], [0.2102220058441162, -0.03924986720085144], [-0.10674635320901871, -0.04643218591809273], [-0.20849674940109253, 0.2239849865436554]]",False
early_neutral,5,888,0.704098633788737,1,[0],"[[-0.8275243043899536, 0.00010031607234850526], [-0.006747217383235693, -0.18240487575531006], [0.20398308336734772, -0.04100225120782852], [-0.10276560485363007, -0.04089577868580818], [-0.19970248639583588, 0.22224752604961395]]",False
early_neutral,5,889,0.7037654115294901,1,[0],"[[-0.8275243043899536, 0.00010031607234850526], [-0.012424085289239883, -0.1854274421930313], [0.19774757325649261, -0.04276207461953163], [-0.09735099226236343, -0.03522804379463196], [-0.19081896543502808, 0.2207140326499939]]",False
early_neutral,5,890,0.7034321892702432,1,[0],"[[-0.8275243043899536, 0.00010031607234850526], [-0.01826438121497631, -0.18885430693626404], [0.1915399134159088, -0.044859837740659714], [-0.0909344032406807, -0.029818758368492126], [-0.1818818897008896, 0.21931782364845276]]",False
early_neutral,5,891,0.7030989670109964,1,[0],"[[-0.8275243043899536, 0.00010031607234850526], [-0.024411575868725777, -0.1930238902568817], [0.18568682670593262, -0.04707711562514305], [-0.08335616439580917, -0.024689678102731705], [-0.17290307581424713, 0.21804004907608032]]",False
early_neutral,5,892,0.7027657447517495,1,[0],"[[-0.8275261521339417, 8.041540422709659e-05], [-0.02971002086997032, -0.19790349900722504], [0.1799297332763672, -0.04916315898299217], [-0.0745907798409462, -0.019730083644390106], [-0.163900688290596, 0.21683408319950104]]",False
early_neutral,5,893,0.7024325224925025,1,[0],"[[-0.8275619149208069, -0.0014150268398225307], [-0.034879110753536224, -0.2031938135623932], [0.17379292845726013, -0.05089844763278961], [-0.06480340659618378, -0.014972316101193428], [-0.15489381551742554, 0.21564242243766785]]",False
early_neutral,5,894,0.7020993002332556,1,[0],"[[-0.8273743987083435, -0.004023586865514517], [-0.041190676391124725, -0.2086772620677948], [0.16849908232688904, -0.052395373582839966], [-0.0539059117436409, -0.010773653164505959], [-0.14656895399093628, 0.2145485281944275]]",False
early_neutral,5,895,0.7017660779740087,1,[0],"[[-0.8268735408782959, -0.007577931974083185], [-0.048585742712020874, -0.21423296630382538], [0.16494087874889374, -0.05340152233839035], [-0.0448017418384552, -0.007555800024420023], [-0.1430586576461792, 0.21407504379749298]]",False
early_neutral,5,896,0.7014328557147618,1,[0],"[[-0.8265185952186584, -0.012093409895896912], [-0.05658016353845596, -0.22004596889019012], [0.1630675196647644, -0.05393599346280098], [-0.03899300843477249, -0.0054550375789403915], [-0.143049955368042, 0.21407385170459747]]",False
early_neutral,5,897,0.7010996334555148,1,[0],"[[-0.8266184329986572, -0.017475077882409096], [-0.06505615264177322, -0.22606369853019714], [0.16389957070350647, -0.05442887917160988], [-0.03401406109333038, -0.002892472315579653], [-0.143049955368042, 0.21407385170459747]]",False
early_neutral,5,898,0.7007664111962679,1,[0],"[[-0.8270650506019592, -0.023572362959384918], [-0.0738605335354805, -0.2322695404291153], [0.16752037405967712, -0.05499003082513809], [-0.030383793637156487, 0.0005264273495413363], [-0.143049955368042, 0.21407385170459747]]",False
early_neutral,5,899,0.700433188937021,1,[0],"[[-0.8277595639228821, -0.030261944979429245], [-0.08287666738033295, -0.2386467009782791], [0.17257831990718842, -0.055442385375499725], [-0.027004925534129143, 0.004072167444974184], [-0.1443849802017212, 0.2143971472978592]]",False
early_neutral,5,900,0.7000999666777741,1,[0],"[[-0.8287391662597656, -0.037289127707481384], [-0.09204977005720139, -0.2451591193675995], [0.1790546476840973, -0.05593210831284523], [-0.024133071303367615, 0.007814820855855942], [-0.14832614362239838, 0.21505700051784515]]",False
early_neutral,5,901,0.6997667444185272,1,[0],"[[-0.8300374746322632, -0.04452352970838547], [-0.10132460296154022, -0.25178563594818115], [0.18660280108451843, -0.0564117506146431], [-0.022085532546043396, 0.011780239641666412], [-0.15371067821979523, 0.21549208462238312]]",False
early_neutral,5,902,0.6994335221592802,1,[0],"[[-0.8316589593887329, -0.052141908556222916], [-0.11066900193691254, -0.25850358605384827], [0.194905087351799, -0.05684642866253853], [-0.02114364132285118, 0.014216864481568336], [-0.16010510921478271, 0.21579256653785706]]",False
early_neutral,5,903,0.6991002999000333,1,[0],"[[-0.8333993554115295, -0.060109857469797134], [-0.12008086591959, -0.2652820646762848], [0.2041221708059311, -0.05732006952166557], [-0.0211327001452446, 0.014245348982512951], [-0.16653230786323547, 0.21597951650619507]]",False
early_neutral,5,904,0.6987670776407864,1,[0],"[[-0.8351909518241882, -0.06836186349391937], [-0.1295478343963623, -0.2721041142940521], [0.21415787935256958, -0.05788617208600044], [-0.0211327001452446, 0.014245348982512951], [-0.1729644387960434, 0.21607346832752228]]",False
early_neutral,5,905,0.6984338553815395,1,[0],"[[-0.836927056312561, -0.076840840280056], [-0.13905692100524902, -0.2789587378501892], [0.22478032112121582, -0.058480825275182724], [-0.0211327001452446, 0.014245348982512951], [-0.1793980598449707, 0.21610143780708313]]",False
early_neutral,5,906,0.6981006331222925,1,[0],"[[-0.8383655548095703, -0.08551239222288132], [-0.148598775267601, -0.2858373522758484], [0.23575785756111145, -0.058982737362384796], [-0.021101895719766617, 0.014240781776607037], [-0.18583154678344727, 0.21606336534023285]]",False
early_neutral,5,907,0.6977674108630456,1,[0],"[[-0.8394800424575806, -0.09400469064712524], [-0.15816530585289001, -0.2927340865135193], [0.2471306174993515, -0.05940179526805878], [-0.018353674560785294, 0.013924861326813698], [-0.1922529637813568, 0.2159433662891388]]",False
early_neutral,5,908,0.6974341886037987,1,[0],"[[-0.8399864435195923, -0.10035336762666702], [-0.1677505075931549, -0.2996443212032318], [0.25648361444473267, -0.05969997122883797], [-0.013848590664565563, 0.013612610287964344], [-0.19846898317337036, 0.2155577540397644]]",False
early_neutral,5,909,0.6971009663445518,1,[0],"[[-0.8399417400360107, -0.10599411278963089], [-0.17734980583190918, -0.3065647482872009], [0.26561784744262695, -0.05984602868556976], [-0.007944812998175621, 0.013405317440629005], [-0.20469313859939575, 0.21483708918094635]]",False
early_neutral,5,910,0.696767744085305,1,[0],"[[-0.8396669030189514, -0.10976669192314148], [-0.18695972859859467, -0.31349286437034607], [0.27471303939819336, -0.05982336401939392], [-0.0006948016816750169, 0.013061465695500374], [-0.21091413497924805, 0.21377824246883392]]",False
early_neutral,5,911,0.696434521826058,1,[0],"[[-0.839097261428833, -0.11285098642110825], [-0.19657762348651886, -0.32042673230171204], [0.283717542886734, -0.05979689583182335], [0.007749836426228285, 0.01250634528696537], [-0.21684589982032776, 0.21241819858551025]]",False
early_neutral,5,912,0.6961012995668111,1,[0],"[[-0.8384336233139038, -0.11542987823486328], [-0.20620140433311462, -0.3273650109767914], [0.2921878695487976, -0.0598931610584259], [0.017019446939229965, 0.01154302153736353], [-0.22252430021762848, 0.21074695885181427]]",False
early_neutral,5,913,0.6957680773075642,1,[0],"[[-0.837778627872467, -0.11774002760648727], [-0.2158297300338745, -0.3343064785003662], [0.2962551712989807, -0.060078322887420654], [0.0270261000841856, 0.010074484162032604], [-0.2281404733657837, 0.20870698988437653]]",False
early_neutral,5,914,0.6954348550483173,1,[0],"[[-0.8370901346206665, -0.11997737735509872], [-0.22545355558395386, -0.34124380350112915], [0.29668569564819336, -0.060070138424634933], [0.03544941917061806, 0.008431567810475826], [-0.23358969390392303, 0.2064870297908783]]",False
early_neutral,5,915,0.6951016327890703,1,[0],"[[-0.8363664150238037, -0.12202376872301102], [-0.2350672483444214, -0.34816208481788635], [0.2941264808177948, -0.0607602633535862], [0.04017286375164986, 0.005653398111462593], [-0.238885760307312, 0.20429186522960663]]",False
early_neutral,5,916,0.6947684105298234,1,[0],"[[-0.8360474705696106, -0.12283230572938919], [-0.24469226598739624, -0.3550736904144287], [0.2900182604789734, -0.0617460198700428], [0.04360373318195343, 0.0024058122653514147], [-0.2442852258682251, 0.20201529562473297]]",False
early_neutral,5,917,0.6944351882705765,1,[0],"[[-0.8360474705696106, -0.12283230572938919], [-0.25433972477912903, -0.3619779348373413], [0.2847245931625366, -0.06290476024150848], [0.04278627410531044, -0.000509088218677789], [-0.2497037649154663, 0.19979846477508545]]",False
early_neutral,5,918,0.6941019660113296,1,[0],"[[-0.8360335826873779, -0.12287440896034241], [-0.26402151584625244, -0.36887261271476746], [0.2782561779022217, -0.06459495425224304], [0.03929043188691139, -0.003643640084192157], [-0.2551775872707367, 0.19787801802158356]]",False
early_neutral,5,919,0.6937687437520826,1,[0],"[[-0.8354862332344055, -0.12489009648561478], [-0.27373743057250977, -0.37575191259384155], [0.27049538493156433, -0.06708808988332748], [0.03340910002589226, -0.00595439225435257], [-0.2610369026660919, 0.19615070521831512]]",False
early_neutral,5,920,0.6934355214928357,1,[0],"[[-0.83493971824646, -0.12792491912841797], [-0.2835097312927246, -0.38260364532470703], [0.262153685092926, -0.07000177353620529], [0.025493737310171127, -0.007142002694308758], [-0.26704999804496765, 0.19468961656093597]]",False
early_neutral,5,921,0.6931022992335888,1,[0],"[[-0.8346471190452576, -0.130604088306427], [-0.29334133863449097, -0.3894249200820923], [0.25313425064086914, -0.07321543991565704], [0.01639522798359394, -0.008047171868383884], [-0.2730250954627991, 0.19350950419902802]]",False
early_neutral,5,922,0.6927690769743419,1,[0],"[[-0.8344236016273499, -0.13311012089252472], [-0.30328109860420227, -0.3961784541606903], [0.24367880821228027, -0.07663245499134064], [0.0063818092457950115, -0.009077013470232487], [-0.279263436794281, 0.19255022704601288]]",False
early_neutral,5,923,0.692435854715095,1,[0],"[[-0.8342183232307434, -0.13591822981834412], [-0.3127211332321167, -0.40255117416381836], [0.23401689529418945, -0.08012516796588898], [-0.004409190267324448, -0.010229403153061867], [-0.28560054302215576, 0.1918325275182724]]",False
early_neutral,5,924,0.692102632455848,1,[0],"[[-0.8340831398963928, -0.13801294565200806], [-0.3194310665130615, -0.4074655771255493], [0.22379714250564575, -0.08381810039281845], [-0.015902338549494743, -0.01152700837701559], [-0.29188814759254456, 0.19124814867973328]]",False
early_neutral,5,925,0.6917694101966011,1,[0],"[[-0.8339391946792603, -0.13934536278247833], [-0.32454562187194824, -0.4110371768474579], [0.21306322515010834, -0.08766993880271912], [-0.0279515590518713, -0.013023914769291878], [-0.29819342494010925, 0.190755233168602]]",True
early_neutral,5,926,0.6914361879373542,1,[0],"[[-0.8331758379936218, -0.13950148224830627], [-0.328409343957901, -0.4132281243801117], [0.2018887847661972, -0.09162378311157227], [-0.04043259471654892, -0.014690360054373741], [-0.3045963943004608, 0.19034655392169952]]",True
early_neutral,5,927,0.6911029656781073,1,[0],"[[-0.8309733271598816, -0.137548565864563], [-0.3314412832260132, -0.4149961769580841], [0.1903671771287918, -0.0956524983048439], [-0.053231872618198395, -0.01653808355331421], [-0.3109752833843231, 0.1899738311767578]]",True
early_neutral,5,928,0.6907697434188603,1,[0],"[[-0.8281445503234863, -0.1347344070672989], [-0.3321468234062195, -0.41632601618766785], [0.1785631626844406, -0.09972181171178818], [-0.06626278907060623, -0.01855977438390255], [-0.3172548711299896, 0.18960857391357422]]",True
early_neutral,5,929,0.6904365211596135,1,[0],"[[-0.8246719837188721, -0.13126903772354126], [-0.3319069445133209, -0.4157964885234833], [0.16653500497341156, -0.10381331294775009], [-0.07946152240037918, -0.020735139027237892], [-0.3236633539199829, 0.18923752009868622]]",True
early_neutral,5,930,0.6901032989003666,1,[0],"[[-0.8210878372192383, -0.12779226899147034], [-0.3319270610809326, -0.4129922688007355], [0.15433630347251892, -0.10792263597249985], [-0.09277059882879257, -0.02306753396987915], [-0.3300659656524658, 0.18885640799999237]]",True
early_neutral,5,931,0.6897700766411197,1,[0],"[[-0.8176954388618469, -0.12423674762248993], [-0.3319316506385803, -0.40925389528274536], [0.14200197160243988, -0.11203832924365997], [-0.10615230351686478, -0.02554089017212391], [-0.33631569147109985, 0.18845976889133453]]",True
early_neutral,5,932,0.6894368543818727,1,[0],"[[-0.8148329854011536, -0.12048902362585068], [-0.3316699266433716, -0.4051101803779602], [0.129566490650177, -0.1161612942814827], [-0.11957278102636337, -0.02815338410437107], [-0.3427152633666992, 0.1880284994840622]]",True
early_neutral,5,933,0.6891036321226258,1,[0],"[[-0.8127748370170593, -0.11709413677453995], [-0.3310036361217499, -0.400937557220459], [0.11705425381660461, -0.120289646089077], [-0.13300754129886627, -0.030898936092853546], [-0.34910884499549866, 0.18756620585918427]]",True
early_neutral,5,934,0.6887704098633789,1,[0],"[[-0.8122614622116089, -0.11562304198741913], [-0.33100804686546326, -0.3949710726737976], [0.10448122024536133, -0.1244187131524086], [-0.14643628895282745, -0.0337749719619751], [-0.35533663630485535, 0.18707020580768585]]",True
early_neutral,5,935,0.688437187604132,1,[0],"[[-0.8122456073760986, -0.11548478901386261], [-0.3310263752937317, -0.38890281319618225], [0.09186026453971863, -0.12854577600955963], [-0.15984389185905457, -0.03677773103117943], [-0.3617135286331177, 0.18651452660560608]]",True
early_neutral,5,936,0.688103965344885,1,[0],"[[-0.8121982216835022, -0.11364883184432983], [-0.3305041491985321, -0.3840115964412689], [0.07920023053884506, -0.13266758620738983], [-0.173226460814476, -0.039889492094516754], [-0.36807867884635925, 0.18590934574604034]]",True
early_neutral,5,937,0.6877707430856381,1,[0],"[[-0.8118233680725098, -0.11071068048477173], [-0.33034616708755493, -0.378411203622818], [0.06650540232658386, -0.13677850365638733], [-0.18657708168029785, -0.04310406744480133], [-0.3742885887622833, 0.18525642156600952]]",False
early_neutral,5,938,0.6874375208263912,1,[0],"[[-0.8110285401344299, -0.10688721388578415], [-0.33037975430488586, -0.3737488090991974], [0.05378022789955139, -0.14087580144405365], [-0.19888241589069366, -0.04574064165353775], [-0.3806052505970001, 0.18452578783035278]]",False
early_neutral,5,939,0.6871042985671443,1,[0],"[[-0.8101587295532227, -0.10215988755226135], [-0.3289409875869751, -0.3700938820838928], [0.04093240574002266, -0.14482705295085907], [-0.2083730697631836, -0.046167682856321335], [-0.3870006501674652, 0.18370650708675385]]",False
early_neutral,5,940,0.6867710763078974,1,[0],"[[-0.8093190789222717, -0.09661933779716492], [-0.3249424695968628, -0.3669266104698181], [0.02785833738744259, -0.14846733212471008], [-0.21422787010669708, -0.04398229718208313], [-0.3943576514720917, 0.1825009286403656]]",False
early_neutral,5,941,0.6864378540486504,1,[0],"[[-0.8085492849349976, -0.09047827869653702], [-0.32050085067749023, -0.3638978898525238], [0.014883728697896004, -0.15176907181739807], [-0.2173546701669693, -0.039678387343883514], [-0.40273016691207886, 0.18073594570159912]]",False
early_neutral,5,942,0.6861046317894035,1,[0],"[[-0.8078603148460388, -0.08375148475170135], [-0.3161585032939911, -0.3609100878238678], [0.004941359627991915, -0.15427088737487793], [-0.21887420117855072, -0.034222863614559174], [-0.4095977246761322, 0.17887575924396515]]",False
early_neutral,5,943,0.6857714095301566,1,[0],"[[-0.8073530197143555, -0.07672271877527237], [-0.3117640018463135, -0.3578522205352783], [-0.0011835795594379306, -0.1558121144771576], [-0.22001692652702332, -0.02822793275117874], [-0.4150567650794983, 0.17666688561439514]]",False
early_neutral,5,944,0.6854381872709097,1,[0],"[[-0.8071484565734863, -0.06936253607273102], [-0.3076753318309784, -0.35498225688934326], [-0.0054128579795360565, -0.156876340508461], [-0.2210676521062851, -0.02170085534453392], [-0.41949811577796936, 0.17396992444992065]]",False
early_neutral,5,945,0.6851049650116627,1,[0],"[[-0.8071967363357544, -0.06160461902618408], [-0.30621176958084106, -0.35398435592651367], [-0.007050981745123863, -0.15728887915611267], [-0.22202061116695404, -0.014781341888010502], [-0.4197261333465576, 0.17095695436000824]]",False
early_neutral,5,946,0.6847717427524158,1,[0],"[[-0.8074832558631897, -0.053502365946769714], [-0.30614224076271057, -0.35320040583610535], [-0.004535204265266657, -0.1568457931280136], [-0.22289355099201202, -0.008163176476955414], [-0.41770246624946594, 0.1673140823841095]]",False
early_neutral,5,947,0.6844385204931689,1,[0],"[[-0.8081102967262268, -0.045134998857975006], [-0.3060947358608246, -0.35060250759124756], [-0.00034012942342087626, -0.15649083256721497], [-0.22367721796035767, -0.0020001584198325872], [-0.41347745060920715, 0.16367395222187042]]",False
early_neutral,5,948,0.6841052982339221,1,[0],"[[-0.8088434338569641, -0.03656097501516342], [-0.3064170181751251, -0.34700262546539307], [0.005257856100797653, -0.1563645303249359], [-0.2244531512260437, 0.004193962551653385], [-0.40753087401390076, 0.1599661260843277]]",False
early_neutral,5,949,0.6837720759746752,1,[0],"[[-0.8095250129699707, -0.02782486192882061], [-0.3047524392604828, -0.34332701563835144], [0.012227156199514866, -0.15633748471736908], [-0.2252901792526245, 0.0109320767223835], [-0.40109753608703613, 0.15576574206352234]]",False
early_neutral,5,950,0.6834388537154282,1,[0],"[[-0.8100748062133789, -0.018963458016514778], [-0.3005916476249695, -0.34024855494499207], [0.019938115030527115, -0.1564452201128006], [-0.22611355781555176, 0.017598798498511314], [-0.39436545968055725, 0.15169452130794525]]",False
early_neutral,5,951,0.6831056314561813,1,[0],"[[-0.8102150559425354, -0.01000367570668459], [-0.2954065501689911, -0.33745765686035156], [0.028493031859397888, -0.1566992551088333], [-0.22692105174064636, 0.023709263652563095], [-0.38733574748039246, 0.14781662821769714]]",False
early_neutral,5,952,0.6827724091969344,1,[0],"[[-0.8099333643913269, -0.0009761848486959934], [-0.28865084052085876, -0.3346770703792572], [0.037680499255657196, -0.15686054527759552], [-0.2276018112897873, 0.026766754686832428], [-0.37868931889533997, 0.145041823387146]]",False
early_neutral,5,953,0.6824391869376875,1,[0],"[[-0.8091692924499512, 0.00809136126190424], [-0.2803833782672882, -0.3321848511695862], [0.04687124490737915, -0.15683677792549133], [-0.22818642854690552, 0.028955260291695595], [-0.3685194253921509, 0.14347992837429047]]",False
early_neutral,5,954,0.6821059646784405,1,[0],"[[-0.8079032897949219, 0.017174188047647476], [-0.27129846811294556, -0.32950323820114136], [0.05425558239221573, -0.1566535383462906], [-0.22874629497528076, 0.032827191054821014], [-0.3579113483428955, 0.14219148457050323]]",False
early_neutral,5,955,0.6817727424191936,1,[0],"[[-0.8066201210021973, 0.025310590863227844], [-0.26161786913871765, -0.32636433839797974], [0.060658786445856094, -0.15625041723251343], [-0.2293042689561844, 0.0373581163585186], [-0.3468529284000397, 0.14107400178909302]]",False
early_neutral,5,956,0.6814395201599467,1,[0],"[[-0.806542694568634, 0.03067994862794876], [-0.2514612078666687, -0.322785347700119], [0.06706227362155914, -0.155653178691864], [-0.2298666089773178, 0.04188873991370201], [-0.3357914388179779, 0.14007079601287842]]",False
early_neutral,5,957,0.6811062979006998,1,[0],"[[-0.8074068427085876, 0.03446254879236221], [-0.24103441834449768, -0.31866902112960815], [0.07361911982297897, -0.15497589111328125], [-0.23059405386447906, 0.046881671994924545], [-0.3284579813480377, 0.1391432136297226]]",False
early_neutral,5,958,0.6807730756414528,1,[0],"[[-0.8075786232948303, 0.0352727472782135], [-0.23090581595897675, -0.3140924572944641], [0.08106286823749542, -0.15415243804454803], [-0.23160891234874725, 0.05255578085780144], [-0.32251933217048645, 0.13979457318782806]]",False
early_neutral,5,959,0.6804398533822059,1,[0],"[[-0.807589054107666, 0.03538665175437927], [-0.2242511808872223, -0.30985409021377563], [0.08903978765010834, -0.1532113254070282], [-0.2325102984905243, 0.0572780966758728], [-0.3169574439525604, 0.14175891876220703]]",True
early_neutral,5,960,0.680106631122959,1,[0],"[[-0.807589054107666, 0.03538665175437927], [-0.22302007675170898, -0.3059653639793396], [0.09795021265745163, -0.1520259827375412], [-0.2330087274312973, 0.05985313653945923], [-0.31225457787513733, 0.14465802907943726]]",True
early_neutral,5,961,0.6797734088637121,1,[0],"[[-0.807589054107666, 0.03538665175437927], [-0.2240397334098816, -0.30145224928855896], [0.10757067799568176, -0.15051719546318054], [-0.23334555327892303, 0.06159154325723648], [-0.3093979060649872, 0.14923164248466492]]",True
early_neutral,5,962,0.6794401866044651,1,[0],"[[-0.807589054107666, 0.03538665175437927], [-0.2253081053495407, -0.2960999011993408], [0.11782240122556686, -0.14874139428138733], [-0.23366904258728027, 0.06333325803279877], [-0.30730438232421875, 0.15476159751415253]]",False
early_neutral,5,963,0.6791069643452182,1,[0],"[[-0.807589054107666, 0.03538665175437927], [-0.22619976103305817, -0.29047033190727234], [0.12833820283412933, -0.14689819514751434], [-0.23408326506614685, 0.06555860489606857], [-0.305012583732605, 0.16055342555046082]]",False
early_neutral,5,964,0.6787737420859713,1,[0],"[[-0.807589054107666, 0.03538665175437927], [-0.22368425130844116, -0.28691723942756653], [0.13947279751300812, -0.1449439525604248], [-0.23496617376804352, 0.07028262317180634], [-0.3025253415107727, 0.16631099581718445]]",True
early_neutral,5,965,0.6784405198267244,1,[0],"[[-0.807589054107666, 0.03538665175437927], [-0.217923104763031, -0.28470924496650696], [0.15117140114307404, -0.14287878572940826], [-0.23603016138076782, 0.07548438012599945], [-0.29989099502563477, 0.1720409095287323]]",True
early_neutral,5,966,0.6781072975674776,1,[0],"[[-0.807589054107666, 0.03538665175437927], [-0.21098457276821136, -0.28227779269218445], [0.16333095729351044, -0.1406998336315155], [-0.23715488612651825, 0.08092687278985977], [-0.297151654958725, 0.1777520328760147]]",False
early_neutral,5,967,0.6777740753082306,1,[0],"[[-0.8077967762947083, 0.036488041281700134], [-0.2030438482761383, -0.2795083820819855], [0.1758527159690857, -0.13843658566474915], [-0.237958624958992, 0.08525262027978897], [-0.29239919781684875, 0.18234951794147491]]",False
early_neutral,5,968,0.6774408530489837,1,[0],"[[-0.8081880211830139, 0.03889251872897148], [-0.19457779824733734, -0.2765485942363739], [0.18867430090904236, -0.13615265488624573], [-0.23867888748645782, 0.08912909775972366], [-0.2877004146575928, 0.18523064255714417]]",False
early_neutral,5,969,0.6771076307897368,1,[0],"[[-0.808651328086853, 0.042254071682691574], [-0.18535855412483215, -0.27328193187713623], [0.2017270177602768, -0.13385365903377533], [-0.2394014447927475, 0.09276401251554489], [-0.28344714641571045, 0.18773359060287476]]",False
early_neutral,5,970,0.6767744085304899,1,[0],"[[-0.8092179894447327, 0.04657275229692459], [-0.175848588347435, -0.2697215676307678], [0.2148570418357849, -0.1313151717185974], [-0.24047718942165375, 0.09549277275800705], [-0.27931657433509827, 0.19023799896240234]]",False
early_neutral,5,971,0.676441186271243,1,[0],"[[-0.8098931312561035, 0.0517708957195282], [-0.16985353827476501, -0.26580214500427246], [0.22796781361103058, -0.12844783067703247], [-0.2436409592628479, 0.09684096276760101], [-0.275439977645874, 0.19286374747753143]]",False
early_neutral,5,972,0.676107964011996,1,[0],"[[-0.8106446862220764, 0.05771898850798607], [-0.16899161040782928, -0.26162657141685486], [0.2409616857767105, -0.1251770704984665], [-0.2488214522600174, 0.09665118157863617], [-0.2717847228050232, 0.1953345686197281]]",False
early_neutral,5,973,0.6757747417527491,1,[0],"[[-0.8114315271377563, 0.06428804993629456], [-0.17003914713859558, -0.25699883699417114], [0.2536996603012085, -0.12138185650110245], [-0.255414217710495, 0.09604034572839737], [-0.2677271068096161, 0.19778506457805634]]",False
early_neutral,5,974,0.6754415194935022,1,[0],"[[-0.8120335340499878, 0.07093637436628342], [-0.1721867173910141, -0.2516620457172394], [0.2658669650554657, -0.11744268983602524], [-0.263380765914917, 0.09568395465612411], [-0.264382541179657, 0.19983595609664917]]",False
early_neutral,5,975,0.6751082972342553,1,[0],"[[-0.8108304738998413, 0.07502105087041855], [-0.17487016320228577, -0.24661171436309814], [0.27766153216362, -0.11329066753387451], [-0.270827978849411, 0.09593454748392105], [-0.26142817735671997, 0.20173592865467072]]",False
early_neutral,5,976,0.6747750749750083,1,[0],"[[-0.8069527745246887, 0.0760546550154686], [-0.17648674547672272, -0.24256062507629395], [0.28898322582244873, -0.10874953866004944], [-0.2766000032424927, 0.09773503988981247], [-0.2578405737876892, 0.2039787769317627]]",True
early_neutral,5,977,0.6744418527157614,1,[0],"[[-0.8012239336967468, 0.07641801238059998], [-0.177577406167984, -0.23843598365783691], [0.2983229160308838, -0.10474804788827896], [-0.28163307905197144, 0.10026605427265167], [-0.2546939253807068, 0.20593573153018951]]",True
early_neutral,5,978,0.6741086304565145,1,[0],"[[-0.7940464019775391, 0.07628921419382095], [-0.17797665297985077, -0.23425987362861633], [0.3056737184524536, -0.10137441754341125], [-0.28484082221984863, 0.10370216518640518], [-0.2537953853607178, 0.20649421215057373]]",True
early_neutral,5,979,0.6737754081972676,1,[0],"[[-0.7873300909996033, 0.07542236894369125], [-0.17761600017547607, -0.23008227348327637], [0.31144264340400696, -0.09837283939123154], [-0.28756532073020935, 0.1074771136045456], [-0.253795325756073, 0.20649416744709015]]",True
early_neutral,5,980,0.6734421859380206,1,[0],"[[-0.7845233678817749, 0.07259513437747955], [-0.17659316956996918, -0.22595001757144928], [0.31499961018562317, -0.09567595273256302], [-0.29040271043777466, 0.11123456805944443], [-0.2537952661514282, 0.20649412274360657]]",True
early_neutral,5,981,0.6731089636787737,1,[0],"[[-0.7837147116661072, 0.06913192570209503], [-0.17507916688919067, -0.22188207507133484], [0.3175968527793884, -0.09272593259811401], [-0.291257381439209, 0.1144196093082428], [-0.2537952661514282, 0.20649412274360657]]",True
early_neutral,5,982,0.6727757414195268,1,[0],"[[-0.7836425304412842, 0.06719095259904861], [-0.1731119602918625, -0.21789659559726715], [0.31802159547805786, -0.08993750810623169], [-0.28769803047180176, 0.11651872843503952], [-0.2537952661514282, 0.20649412274360657]]",True
early_neutral,5,983,0.6724425191602799,1,[0],"[[-0.783848226070404, 0.06600575894117355], [-0.17089715600013733, -0.21396610140800476], [0.3150584399700165, -0.08794505894184113], [-0.2821299433708191, 0.11824717372655869], [-0.2537952661514282, 0.20649412274360657]]",True
early_neutral,5,984,0.6721092969010329,1,[0],"[[-0.7838618159294128, 0.06596669554710388], [-0.16847732663154602, -0.2100871354341507], [0.31045424938201904, -0.08597636967897415], [-0.2761617600917816, 0.1198091208934784], [-0.2537952661514282, 0.20649412274360657]]",True
early_neutral,5,985,0.6717760746417861,1,[0],"[[-0.7838618159294128, 0.06596669554710388], [-0.16596665978431702, -0.2062424123287201], [0.30454137921333313, -0.08372651040554047], [-0.27005720138549805, 0.1211293563246727], [-0.2537952661514282, 0.20649412274360657]]",True
early_neutral,5,986,0.6714428523825392,1,[0],"[[-0.7838618159294128, 0.06596669554710388], [-0.16348083317279816, -0.20245151221752167], [0.2974592447280884, -0.08132269233465195], [-0.26393210887908936, 0.12234684079885483], [-0.2520478665828705, 0.2075464129447937]]",True
early_neutral,5,987,0.6711096301232923,1,[0],"[[-0.7838618159294128, 0.06596669554710388], [-0.1609470397233963, -0.19860324263572693], [0.28938716650009155, -0.07873042672872543], [-0.25789666175842285, 0.12353259325027466], [-0.2520127594470978, 0.2088254988193512]]",True
early_neutral,5,988,0.6707764078640454,1,[0],"[[-0.7838372588157654, 0.06600669771432877], [-0.15841972827911377, -0.19475336372852325], [0.27997055649757385, -0.07607016712427139], [-0.2517315149307251, 0.12472979724407196], [-0.25133517384529114, 0.21131522953510284]]",True
early_neutral,5,989,0.6704431856047984,1,[0],"[[-0.7829577326774597, 0.06791741400957108], [-0.15596932172775269, -0.19096265733242035], [0.2702108919620514, -0.07331621646881104], [-0.24632199108600616, 0.12670335173606873], [-0.25117170810699463, 0.2143705189228058]]",True
early_neutral,5,990,0.6701099633455515,1,[0],"[[-0.7822892665863037, 0.0707978755235672], [-0.15350787341594696, -0.1870945543050766], [0.259917676448822, -0.07037840038537979], [-0.24165384471416473, 0.1294485628604889], [-0.251656711101532, 0.21736840903759003]]",True
early_neutral,5,991,0.6697767410863046,1,[0],"[[-0.7820954322814941, 0.07403214275836945], [-0.1514815092086792, -0.18393078446388245], [0.24908727407455444, -0.06723573058843613], [-0.23719997704029083, 0.13237926363945007], [-0.2503948211669922, 0.22230707108974457]]",True
early_neutral,5,992,0.6694435188270577,1,[0],"[[-0.7820034623146057, 0.0776427760720253], [-0.1512228399515152, -0.18359676003456116], [0.23788975179195404, -0.0637659803032875], [-0.23438456654548645, 0.13596804440021515], [-0.2502449154853821, 0.22796303033828735]]",True
early_neutral,5,993,0.6691102965678107,1,[0],"[[-0.7820154428482056, 0.08139096945524216], [-0.14947116374969482, -0.183432936668396], [0.22646456956863403, -0.0599643774330616], [-0.23178556561470032, 0.13975967466831207], [-0.25011715292930603, 0.23404298722743988]]",True
early_neutral,5,994,0.6687770743085638,1,[0],"[[-0.7821304798126221, 0.08458312600851059], [-0.14537936449050903, -0.1830810308456421], [0.2143966555595398, -0.056549910455942154], [-0.2294234335422516, 0.1436510682106018], [-0.24995307624340057, 0.2401902675628662]]",True
early_neutral,5,995,0.6684438520493169,1,[0],"[[-0.7824583649635315, 0.08581149578094482], [-0.13988378643989563, -0.1826537847518921], [0.20153966546058655, -0.05405285209417343], [-0.22781772911548615, 0.14770245552062988], [-0.24974840879440308, 0.24643574655056]]",True
early_neutral,5,996,0.66811062979007,1,[0],"[[-0.782490611076355, 0.08596841990947723], [-0.13300009071826935, -0.18209920823574066], [0.18825344741344452, -0.052093323320150375], [-0.22691908478736877, 0.15184663236141205], [-0.2497207373380661, 0.25241658091545105]]",True
early_neutral,5,997,0.667777407530823,1,[0],"[[-0.7816351652145386, 0.08788665384054184], [-0.12485348433256149, -0.18139325082302094], [0.17478618025779724, -0.050209470093250275], [-0.22655603289604187, 0.15602537989616394], [-0.24954946339130402, 0.25679951906204224]]",True
early_neutral,5,998,0.6674441852715761,1,[0],"[[-0.7808279991149902, 0.09058331698179245], [-0.11576106399297714, -0.1805443912744522], [0.16118210554122925, -0.048382870852947235], [-0.22670476138591766, 0.1602100133895874], [-0.24947507679462433, 0.2599237263202667]]",True
early_neutral,5,999,0.6671109630123292,1,[0],"[[-0.7803348302841187, 0.09316212683916092], [-0.10586020350456238, -0.1795535832643509], [0.1475037783384323, -0.04650764912366867], [-0.2271410971879959, 0.16438676416873932], [-0.249473437666893, 0.26143890619277954]]",True
early_neutral,5,1000,0.6667777407530823,1,[0],"[[-0.7800440192222595, 0.09472116082906723], [-0.09530328959226608, -0.1784365177154541], [0.13377702236175537, -0.044571954756975174], [-0.22780008614063263, 0.16855114698410034], [-0.249473437666893, 0.26145046949386597]]",True
early_neutral,5,1001,0.6664445184938353,1,[0],"[[-0.7801007032394409, 0.09411083161830902], [-0.08446450531482697, -0.17720651626586914], [0.12002277374267578, -0.04256439954042435], [-0.22826987504959106, 0.17104506492614746], [-0.249473437666893, 0.26145046949386597]]",True
early_neutral,5,1002,0.6661112962345884,1,[0],"[[-0.7802784442901611, 0.09165339916944504], [-0.07311183959245682, -0.1758270114660263], [0.10625661909580231, -0.04047887772321701], [-0.2282753735780716, 0.17107421159744263], [-0.249473437666893, 0.26145046949386597]]",True
early_neutral,5,1003,0.6657780739753415,1,[0],"[[-0.7803519368171692, 0.08889220654964447], [-0.06466953456401825, -0.17442214488983154], [0.0927232876420021, -0.03805813193321228], [-0.2282753735780716, 0.17107421159744263], [-0.24943742156028748, 0.2612020969390869]]",True
early_neutral,5,1004,0.6654448517160947,1,[0],"[[-0.7806099057197571, 0.0873701199889183], [-0.061806563287973404, -0.17372781038284302], [0.08177105337381363, -0.03421046957373619], [-0.2282753735780716, 0.17107421159744263], [-0.24949219822883606, 0.26379191875457764]]",True
early_neutral,5,1005,0.6651116294568478,1,[0],"[[-0.7806283831596375, 0.08729435503482819], [-0.06349806487560272, -0.17341728508472443], [0.07362762838602066, -0.02856069803237915], [-0.2282848358154297, 0.17111682891845703], [-0.24952085316181183, 0.26728111505508423]]",True
early_neutral,5,1006,0.6647784071976008,1,[0],"[[-0.7798734307289124, 0.08921276777982712], [-0.06751405447721481, -0.17263247072696686], [0.06571103632450104, -0.02232726477086544], [-0.22870437800884247, 0.17316953837871552], [-0.24941927194595337, 0.27022746205329895]]",True
early_neutral,5,1007,0.6644451849383539,1,[0],"[[-0.7791898250579834, 0.09166381508111954], [-0.07288523763418198, -0.171453058719635], [0.05787050351500511, -0.015701569616794586], [-0.22926996648311615, 0.176409050822258], [-0.24939756095409393, 0.27501457929611206]]",True
early_neutral,5,1008,0.664111962679107,1,[0],"[[-0.7786957025527954, 0.09441883862018585], [-0.07955422252416611, -0.1698550581932068], [0.04993642494082451, -0.008852167055010796], [-0.22986117005348206, 0.18047520518302917], [-0.2494007647037506, 0.28090596199035645]]",True
early_neutral,5,1009,0.6637787404198601,1,[0],"[[-0.7782819867134094, 0.09749380499124527], [-0.0873517319560051, -0.16780711710453033], [0.0415467694401741, -0.0020232354290783405], [-0.2304365187883377, 0.18464504182338715], [-0.2494087815284729, 0.2869865298271179]]",True
early_neutral,5,1010,0.6634455181606131,1,[0],"[[-0.7779970765113831, 0.10060615837574005], [-0.09574546664953232, -0.16539086401462555], [0.032715532928705215, 0.004733507987111807], [-0.2309918999671936, 0.18881601095199585], [-0.2494157999753952, 0.29226285219192505]]",True
early_neutral,5,1011,0.6631122959013662,1,[0],"[[-0.7778723239898682, 0.10308875888586044], [-0.104018434882164, -0.16278575360774994], [0.023261658847332, 0.011257014237344265], [-0.2315359115600586, 0.1929876059293747], [-0.24942117929458618, 0.2957027852535248]]",True
early_neutral,5,1012,0.6627790736421193,1,[0],"[[-0.7778946161270142, 0.1032763198018074], [-0.11129773408174515, -0.1603046953678131], [0.013190103694796562, 0.0174851231276989], [-0.23207347095012665, 0.1971595734357834], [-0.24942336976528168, 0.29696547985076904]]",True
early_neutral,5,1013,0.6624458513828724,1,[0],"[[-0.7779083251953125, 0.10331904143095016], [-0.1168389767408371, -0.15817797183990479], [0.002522369846701622, 0.023364946246147156], [-0.2324770987033844, 0.20031240582466125], [-0.24927181005477905, 0.2966752350330353]]",True
early_neutral,5,1014,0.6621126291236255,1,[0],"[[-0.7771472930908203, 0.10154838114976883], [-0.12222215533256531, -0.15588587522506714], [-0.008717194199562073, 0.028846709057688713], [-0.2325046807527542, 0.20052708685398102], [-0.24802179634571075, 0.29682105779647827]]",True
early_neutral,5,1015,0.6617794068643785,1,[0],"[[-0.7766420841217041, 0.09900686144828796], [-0.12740394473075867, -0.1534053087234497], [-0.020460307598114014, 0.033921122550964355], [-0.2325046807527542, 0.20052708685398102], [-0.24428662657737732, 0.2971675992012024]]",True
early_neutral,5,1016,0.6614461846051316,1,[0],"[[-0.7756696939468384, 0.09628035873174667], [-0.13235515356063843, -0.15073275566101074], [-0.03261797875165939, 0.03861226513981819], [-0.2325046807527542, 0.20052708685398102], [-0.239645853638649, 0.2972542643547058]]",True
early_neutral,5,1017,0.6611129623458847,1,[0],"[[-0.7716068029403687, 0.09363333880901337], [-0.13564351201057434, -0.14883612096309662], [-0.045144449919462204, 0.042913150042295456], [-0.2325046807527542, 0.20052708685398102], [-0.233556866645813, 0.2973187267780304]]",True
early_neutral,5,1018,0.6607797400866378,1,[0],"[[-0.7664763927459717, 0.0916920155286789], [-0.13576249778270721, -0.1487705111503601], [-0.057932086288928986, 0.04690869525074959], [-0.2325046807527542, 0.20052708685398102], [-0.22583919763565063, 0.29735735058784485]]",True
early_neutral,5,1019,0.6604465178273908,1,[0],"[[-0.7618826031684875, 0.09131847321987152], [-0.13576249778270721, -0.1487705111503601], [-0.07093854993581772, 0.05061957985162735], [-0.2325046807527542, 0.20052708685398102], [-0.2169417291879654, 0.2973635494709015]]",True
early_neutral,5,1020,0.6601132955681439,1,[0],"[[-0.7572495341300964, 0.09119154512882233], [-0.13576249778270721, -0.1487705111503601], [-0.08410235494375229, 0.05410982668399811], [-0.2325046807527542, 0.20052708685398102], [-0.2072424441576004, 0.2970614433288574]]",True
early_neutral,5,1021,0.659780073308897,1,[0],"[[-0.7519711256027222, 0.09093748033046722], [-0.13576249778270721, -0.1487705111503601], [-0.09736070036888123, 0.057461876422166824], [-0.23249220848083496, 0.20056939125061035], [-0.19911062717437744, 0.2959098219871521]]",True
early_neutral,5,1022,0.6594468510496501,1,[0],"[[-0.7463337182998657, 0.09081564098596573], [-0.13576249778270721, -0.1487705111503601], [-0.11027982831001282, 0.06059080362319946], [-0.23173052072525024, 0.20257888734340668], [-0.1926245093345642, 0.2939899265766144]]",True
early_neutral,5,1023,0.6591136287904032,1,[0],"[[-0.7410087585449219, 0.09050217270851135], [-0.13576249778270721, -0.1487705111503601], [-0.11983601748943329, 0.06340959668159485], [-0.2301110476255417, 0.2056620866060257], [-0.18750178813934326, 0.2909313142299652]]",True
early_neutral,5,1024,0.6587804065311563,1,[0],"[[-0.7383633255958557, 0.08802490681409836], [-0.13576249778270721, -0.1487705111503601], [-0.12642769515514374, 0.06743097305297852], [-0.22793525457382202, 0.20890192687511444], [-0.18235358595848083, 0.2867403030395508]]",True
early_neutral,5,1025,0.6584471842719094,1,[0],"[[-0.7371277809143066, 0.08446353673934937], [-0.13576249778270721, -0.1487705111503601], [-0.13237011432647705, 0.0719868615269661], [-0.22758513689041138, 0.20940861105918884], [-0.17817704379558563, 0.28219491243362427]]",True
early_neutral,5,1026,0.6581139620126625,1,[0],"[[-0.7379087209701538, 0.08136379718780518], [-0.13576249778270721, -0.1487705111503601], [-0.13723714649677277, 0.0770542323589325], [-0.22759725153446198, 0.20938962697982788], [-0.17563684284687042, 0.2778553366661072]]",True
early_neutral,5,1027,0.6577807397534156,1,[0],"[[-0.739677369594574, 0.07842090725898743], [-0.13576249778270721, -0.1487705111503601], [-0.1413159817457199, 0.0824136957526207], [-0.22853495180606842, 0.20768678188323975], [-0.17530113458633423, 0.273336261510849]]",True
early_neutral,5,1028,0.6574475174941686,1,[0],"[[-0.7417944073677063, 0.07527598738670349], [-0.13576249778270721, -0.1487705111503601], [-0.1455228626728058, 0.08773118257522583], [-0.22974622249603271, 0.20489700138568878], [-0.17629556357860565, 0.2680777609348297]]",True
early_neutral,5,1029,0.6571142952349217,1,[0],"[[-0.7447041273117065, 0.0720871314406395], [-0.13576249778270721, -0.1487705111503601], [-0.1497652232646942, 0.09283626824617386], [-0.23099607229232788, 0.20123301446437836], [-0.17828412353992462, 0.26296311616897583]]",True
early_neutral,5,1030,0.6567810729756748,1,[0],"[[-0.7484320998191833, 0.06927406042814255], [-0.13576249778270721, -0.1487705111503601], [-0.15327394008636475, 0.0964420735836029], [-0.23148415982723236, 0.19938534498214722], [-0.18116910755634308, 0.2587175965309143]]",True
early_neutral,5,1031,0.6564478507164279,1,[0],"[[-0.7540434002876282, 0.0679551437497139], [-0.13403640687465668, -0.14760062098503113], [-0.15716463327407837, 0.09977497905492783], [-0.2314896583557129, 0.1993296593427658], [-0.18581561744213104, 0.2553521990776062]]",True
early_neutral,5,1032,0.6561146284571809,1,[0],"[[-0.7603693604469299, 0.06761469691991806], [-0.1307634860277176, -0.14559949934482574], [-0.1615968495607376, 0.1028045043349266], [-0.23223163187503815, 0.19855687022209167], [-0.190834641456604, 0.25183022022247314]]",True
early_neutral,5,1033,0.655781406197934,1,[0],"[[-0.765069842338562, 0.06746761500835419], [-0.1273842602968216, -0.14368757605552673], [-0.16666561365127563, 0.10537689179182053], [-0.23415811359882355, 0.1963300108909607], [-0.1976952850818634, 0.24794338643550873]]",True
early_neutral,5,1034,0.6554481839386871,1,[0],"[[-0.7691292762756348, 0.06724287569522858], [-0.127047598361969, -0.14346811175346375], [-0.17200967669487, 0.10712752491235733], [-0.23658016324043274, 0.19340911507606506], [-0.20421457290649414, 0.24368220567703247]]",False
early_neutral,5,1035,0.6551149616794402,1,[0],"[[-0.7733091115951538, 0.06669728457927704], [-0.125656396150589, -0.1432988941669464], [-0.17582713067531586, 0.10601640492677689], [-0.23965436220169067, 0.19064530730247498], [-0.20906487107276917, 0.24025040864944458]]",False
early_neutral,5,1036,0.6547817394201932,1,[0],"[[-0.7774552702903748, 0.06434857845306396], [-0.12235719710588455, -0.1426994800567627], [-0.17876754701137543, 0.1028960719704628], [-0.24248036742210388, 0.18868233263492584], [-0.21293428540229797, 0.23764213919639587]]",False
early_neutral,5,1037,0.6544485171609463,1,[0],"[[-0.7808429598808289, 0.060484498739242554], [-0.11800993978977203, -0.14161555469036102], [-0.17960023880004883, 0.09904938191175461], [-0.24505865573883057, 0.18718963861465454], [-0.216097891330719, 0.23583188652992249]]",False
early_neutral,5,1038,0.6541152949016994,1,[0],"[[-0.7839770317077637, 0.055766601115465164], [-0.11694078147411346, -0.14132876694202423], [-0.1789606213569641, 0.0949932262301445], [-0.24699676036834717, 0.18594394624233246], [-0.21731923520565033, 0.2357175648212433]]",True
early_neutral,5,1039,0.6537820726424525,1,[0],"[[-0.7870463728904724, 0.05026333034038544], [-0.11694078147411346, -0.14132876694202423], [-0.17747211456298828, 0.09107305109500885], [-0.24871163070201874, 0.18474112451076508], [-0.21833284199237823, 0.23758630454540253]]",True
early_neutral,5,1040,0.6534488503832055,1,[0],"[[-0.7893775701522827, 0.04531373828649521], [-0.11694078147411346, -0.14132876694202423], [-0.17562587559223175, 0.08726704120635986], [-0.2503168284893036, 0.18351824581623077], [-0.2196367233991623, 0.24047735333442688]]",True
early_neutral,5,1041,0.6531156281239587,1,[0],"[[-0.7907491326332092, 0.04149096831679344], [-0.11694078147411346, -0.14132876694202423], [-0.17222100496292114, 0.08395988494157791], [-0.25191184878349304, 0.18107371032238007], [-0.22145552933216095, 0.244256392121315]]",False
early_neutral,5,1042,0.6527824058647118,1,[0],"[[-0.7917479276657104, 0.037837378680706024], [-0.11694078147411346, -0.14132876694202423], [-0.16824115812778473, 0.08062495291233063], [-0.25390875339508057, 0.17770005762577057], [-0.22368431091308594, 0.24878090620040894]]",False
early_neutral,5,1043,0.6524491836054649,1,[0],"[[-0.7925153970718384, 0.03599463775753975], [-0.11694078147411346, -0.14132876694202423], [-0.16395242512226105, 0.07789131253957748], [-0.25645941495895386, 0.17347608506679535], [-0.22560067474842072, 0.25354745984077454]]",False
early_neutral,5,1044,0.652115961346218,1,[0],"[[-0.79319828748703, 0.03489147499203682], [-0.11694078147411346, -0.14132876694202423], [-0.15866369009017944, 0.0772840827703476], [-0.2595213055610657, 0.1684814840555191], [-0.22724023461341858, 0.25759583711624146]]",False
early_neutral,5,1045,0.651782739086971,1,[0],"[[-0.793226420879364, 0.03485577926039696], [-0.11694078147411346, -0.14132876694202423], [-0.1520342230796814, 0.07688551396131516], [-0.2629946768283844, 0.16287767887115479], [-0.2289690524339676, 0.26162564754486084]]",False
early_neutral,5,1046,0.6514495168277241,1,[0],"[[-0.793226420879364, 0.03485577926039696], [-0.11694078147411346, -0.14132876694202423], [-0.14426341652870178, 0.07645980268716812], [-0.2667903006076813, 0.156770259141922], [-0.23289239406585693, 0.2645038664340973]]",False
early_neutral,5,1047,0.6511162945684772,1,[0],"[[-0.793226420879364, 0.03485577926039696], [-0.11694078147411346, -0.14132876694202423], [-0.1353440135717392, 0.07603941112756729], [-0.27085137367248535, 0.15025360882282257], [-0.23861277103424072, 0.26623427867889404]]",False
early_neutral,5,1048,0.6507830723092303,1,[0],"[[-0.793226420879364, 0.03485577926039696], [-0.11694078147411346, -0.14132876694202423], [-0.12569168210029602, 0.07560929656028748], [-0.2749677300453186, 0.1436595618724823], [-0.2441856414079666, 0.26676660776138306]]",True
early_neutral,5,1049,0.6504498500499833,1,[0],"[[-0.793226420879364, 0.03485577926039696], [-0.11694078147411346, -0.14132876694202423], [-0.11519915610551834, 0.0751090720295906], [-0.27928170561790466, 0.13682197034358978], [-0.24773898720741272, 0.2646908164024353]]",True
early_neutral,5,1050,0.6501166277907364,1,[0],"[[-0.793226420879364, 0.03485577926039696], [-0.11694078147411346, -0.14132876694202423], [-0.10398481041193008, 0.07453949004411697], [-0.2835156321525574, 0.13014160096645355], [-0.25103822350502014, 0.261252224445343]]",True
early_neutral,5,1051,0.6497834055314895,1,[0],"[[-0.793226420879364, 0.03485577926039696], [-0.11694078147411346, -0.14132876694202423], [-0.09211813658475876, 0.07387441396713257], [-0.28738874197006226, 0.12402964383363724], [-0.2548827826976776, 0.2570158541202545]]",False
early_neutral,5,1052,0.6494501832722426,1,[0],"[[-0.7939526438713074, 0.03405040130019188], [-0.11694078147411346, -0.14132876694202423], [-0.07973293215036392, 0.07307983934879303], [-0.2909591794013977, 0.11831506341695786], [-0.25902289152145386, 0.25198444724082947]]",False
early_neutral,5,1053,0.6491169610129957,1,[0],"[[-0.796004056930542, 0.03183866664767265], [-0.11694078147411346, -0.14132876694202423], [-0.06694654375314713, 0.07215624302625656], [-0.29442647099494934, 0.11276554316282272], [-0.2621822655200958, 0.24793116748332977]]",False
early_neutral,5,1054,0.6487837387537487,1,[0],"[[-0.7988471388816833, 0.028880886733531952], [-0.11694078147411346, -0.14132876694202423], [-0.053866300731897354, 0.07104422897100449], [-0.297741562128067, 0.1072186753153801], [-0.26306623220443726, 0.2467970848083496]]",False
early_neutral,5,1055,0.6484505164945018,1,[0],"[[-0.8024682998657227, 0.02515728957951069], [-0.11694078147411346, -0.14132876694202423], [-0.0405440628528595, 0.06987307965755463], [-0.29969310760498047, 0.10327953845262527], [-0.26275601983070374, 0.24720677733421326]]",False
early_neutral,5,1056,0.6481172942352549,1,[0],"[[-0.8068028688430786, 0.020724257454276085], [-0.11694078147411346, -0.14132876694202423], [-0.02696123719215393, 0.06908968836069107], [-0.29972362518310547, 0.10131490230560303], [-0.26140400767326355, 0.24942032992839813]]",False
early_neutral,5,1057,0.647784071976008,1,[0],"[[-0.8117151856422424, 0.01572032831609249], [-0.11694078147411346, -0.14132876694202423], [-0.013188846409320831, 0.06870536506175995], [-0.29948216676712036, 0.09996594488620758], [-0.2600920796394348, 0.25254425406455994]]",False
early_neutral,5,1058,0.647450849716761,1,[0],"[[-0.8167130947113037, 0.010636494494974613], [-0.11634692549705505, -0.14000189304351807], [0.0006972417468205094, 0.06832157075405121], [-0.29542678594589233, 0.10028959810733795], [-0.26140642166137695, 0.2554135322570801]]",False
early_neutral,5,1059,0.6471176274575141,1,[0],"[[-0.8213412165641785, 0.005934900604188442], [-0.11563782393932343, -0.13721755146980286], [0.014660842716693878, 0.06782364845275879], [-0.2881143093109131, 0.10207463800907135], [-0.26605847477912903, 0.25715798139572144]]",False
early_neutral,5,1060,0.6467844051982673,1,[0],"[[-0.8238480091094971, 0.0033910812344402075], [-0.11542393267154694, -0.13344113528728485], [0.02866540290415287, 0.06709756702184677], [-0.27959293127059937, 0.10387597233057022], [-0.2704225480556488, 0.2584492862224579]]",False
early_neutral,5,1061,0.6464511829390204,1,[0],"[[-0.8258967399597168, 0.0013202442787587643], [-0.11532264947891235, -0.12874488532543182], [0.04266301169991493, 0.06600255519151688], [-0.27008166909217834, 0.10556522011756897], [-0.27100977301597595, 0.2586487829685211]]",False
early_neutral,5,1062,0.6461179606797735,1,[0],"[[-0.8271262645721436, 0.000277084851404652], [-0.11528497189283371, -0.12322260439395905], [0.056592848151922226, 0.06444859504699707], [-0.25964733958244324, 0.10708549618721008], [-0.27090585231781006, 0.25840088725090027]]",False
early_neutral,5,1063,0.6457847384205265,1,[0],"[[-0.8276393413543701, -2.9020189685979858e-05], [-0.1152789518237114, -0.11724547296762466], [0.07023875415325165, 0.06199197471141815], [-0.2483917623758316, 0.10832679271697998], [-0.2699979543685913, 0.2560440003871918]]",False
early_neutral,5,1064,0.6454515161612796,1,[0],"[[-0.8277873396873474, -0.00010051848948933184], [-0.11527618020772934, -0.11126460880041122], [0.08340402692556381, 0.058612972497940063], [-0.23634859919548035, 0.10864713042974472], [-0.2688779830932617, 0.252666175365448]]",False
early_neutral,5,1065,0.6451182939020327,1,[0],"[[-0.8277873396873474, -0.00010051848948933184], [-0.11527577042579651, -0.10528373718261719], [0.09425053745508194, 0.055147938430309296], [-0.22408582270145416, 0.10770947486162186], [-0.26677170395851135, 0.24890607595443726]]",False
early_neutral,5,1066,0.6447850716427858,1,[0],"[[-0.8277873396873474, -0.00010051848948933184], [-0.11527559161186218, -0.09930288046598434], [0.10022324323654175, 0.05181283876299858], [-0.21463005244731903, 0.10603386908769608], [-0.26288673281669617, 0.24578523635864258]]",False
early_neutral,5,1067,0.6444518493835388,1,[0],"[[-0.8277873396873474, -0.00010051848948933184], [-0.1152755618095398, -0.0933220237493515], [0.10124855488538742, 0.04835085570812225], [-0.20718225836753845, 0.1025504618883133], [-0.2585032284259796, 0.2426736056804657]]",False
early_neutral,5,1068,0.6441186271242919,1,[0],"[[-0.8277873396873474, -0.00010051848948933184], [-0.1152755618095398, -0.08734115958213806], [0.09933513402938843, 0.044154658913612366], [-0.2010418176651001, 0.09816440939903259], [-0.25309398770332336, 0.23924079537391663]]",False
early_neutral,5,1069,0.643785404865045,1,[0],"[[-0.8277873396873474, -0.00010051848948933184], [-0.1152755618095398, -0.08136030286550522], [0.09562717378139496, 0.039570536464452744], [-0.19670544564723969, 0.09294605255126953], [-0.24629288911819458, 0.23565804958343506]]",False
early_neutral,5,1070,0.6434521826057981,1,[0],"[[-0.8277873396873474, -0.00010051848948933184], [-0.1152755618095398, -0.07537944614887238], [0.08981373906135559, 0.03516358882188797], [-0.19282063841819763, 0.0875263512134552], [-0.24033913016319275, 0.2328096330165863]]",False
early_neutral,5,1071,0.6431189603465511,1,[0],"[[-0.8277873396873474, -0.00010051848948933184], [-0.1152755618095398, -0.06939857453107834], [0.0817623883485794, 0.03150259703397751], [-0.18957680463790894, 0.08193277567625046], [-0.23518632352352142, 0.23030267655849457]]",False
early_neutral,5,1072,0.6427857380873042,1,[0],"[[-0.8277873396873474, -0.00010051848948933184], [-0.1152549684047699, -0.06387194991111755], [0.07313220947980881, 0.027868952602148056], [-0.1871645599603653, 0.07616378366947174], [-0.23010092973709106, 0.22773875296115875]]",False
early_neutral,5,1073,0.6424525158280573,1,[0],"[[-0.8277873396873474, -0.00010051848948933184], [-0.11518263816833496, -0.06153816357254982], [0.06414174288511276, 0.023935651406645775], [-0.1853233426809311, 0.07030469179153442], [-0.22529233992099762, 0.2249586582183838]]",False
early_neutral,5,1074,0.6421192935688104,1,[0],"[[-0.8277873396873474, -0.00010051848948933184], [-0.11519021540880203, -0.061552152037620544], [0.05470247566699982, 0.019645538181066513], [-0.18389901518821716, 0.06439661234617233], [-0.22081029415130615, 0.22195634245872498]]",False
early_neutral,5,1075,0.6417860713095634,1,[0],"[[-0.8277873396873474, -0.00010051848948933184], [-0.11572003364562988, -0.06336850672960281], [0.04513408616185188, 0.014804309234023094], [-0.1831681877374649, 0.05843937769532204], [-0.21654701232910156, 0.21882103383541107]]",False
early_neutral,5,1076,0.6414528490503165,1,[0],"[[-0.8277873396873474, -0.00010051848948933184], [-0.11616359651088715, -0.06637205183506012], [0.03583601489663124, 0.009261900559067726], [-0.18380901217460632, 0.052478838711977005], [-0.21243584156036377, 0.215600848197937]]",False
early_neutral,5,1077,0.6411196267910696,1,[0],"[[-0.8277873396873474, -0.00010051848948933184], [-0.11627054214477539, -0.07034379243850708], [0.026629582047462463, 0.003294060006737709], [-0.1859021782875061, 0.04667117819190025], [-0.20857973396778107, 0.21225129067897797]]",False
early_neutral,5,1078,0.6407864045318227,1,[0],"[[-0.8277873396873474, -0.00010051848948933184], [-0.11633411049842834, -0.07523155212402344], [0.017507370561361313, -0.0029965979047119617], [-0.1906917542219162, 0.04187312722206116], [-0.20524317026138306, 0.2086736559867859]]",False
early_neutral,5,1079,0.6404531822725759,1,[0],"[[-0.8277873396873474, -0.00010051848948933184], [-0.11635173112154007, -0.08093027770519257], [0.008452828973531723, -0.009530903771519661], [-0.1976250410079956, 0.03810766711831093], [-0.20246051251888275, 0.20490053296089172]]",False
early_neutral,5,1080,0.6401199600133289,1,[0],"[[-0.8277873396873474, -0.00010051848948933184], [-0.1163555309176445, -0.08691113442182541], [-0.000669727218337357, -0.016178978607058525], [-0.20523661375045776, 0.03476536273956299], [-0.20014671981334686, 0.2009950578212738]]",False
early_neutral,5,1081,0.639786737754082,1,[0],"[[-0.8277873396873474, -0.00010051848948933184], [-0.11635702848434448, -0.09289199858903885], [-0.009839784353971481, -0.02291635423898697], [-0.2135356366634369, 0.03220806270837784], [-0.1982838660478592, 0.1969887763261795]]",False
early_neutral,5,1082,0.6394535154948351,1,[0],"[[-0.8277873396873474, -0.00010051848948933184], [-0.11635717004537582, -0.09887285530567169], [-0.019040770828723907, -0.029724642634391785], [-0.22227349877357483, 0.03035707399249077], [-0.19689787924289703, 0.1929015964269638]]",False
early_neutral,5,1083,0.6391202932355882,1,[0],"[[-0.8285632729530334, -0.0002526979660615325], [-0.1163572445511818, -0.10485371947288513], [-0.02825721725821495, -0.036591313779354095], [-0.2310369461774826, 0.028553826734423637], [-0.19601593911647797, 0.18875561654567719]]",False
early_neutral,5,1084,0.6387870709763412,1,[0],"[[-0.8321580290794373, -0.0007808258524164557], [-0.11635725945234299, -0.11083458364009857], [-0.037464067339897156, -0.04351421073079109], [-0.2397756576538086, 0.02670067362487316], [-0.19546598196029663, 0.1845848262310028]]",False
early_neutral,5,1085,0.6384538487170943,1,[0],"[[-0.8371995687484741, -0.0011796961771324277], [-0.11635725945234299, -0.11681544035673141], [-0.04663614183664322, -0.05049491673707962], [-0.24820420145988464, 0.024327775463461876], [-0.1943649798631668, 0.18046191334724426]]",False
early_neutral,5,1086,0.6381206264578474,1,[0],"[[-0.8435186743736267, -0.0014982547145336866], [-0.11635725945234299, -0.12279630452394485], [-0.05576581135392189, -0.05752796307206154], [-0.2560338079929352, 0.02120462991297245], [-0.19260644912719727, 0.17643669247627258]]",False
early_neutral,5,1087,0.6377874041986005,1,[0],"[[-0.8508366942405701, -0.0018354845233261585], [-0.11635725945234299, -0.1287771612405777], [-0.06484770029783249, -0.0646088719367981], [-0.26250091195106506, 0.017196564003825188], [-0.19020673632621765, 0.17255429923534393]]",False
early_neutral,5,1088,0.6374541819393535,1,[0],"[[-0.858684778213501, -0.002163142431527376], [-0.11635725945234299, -0.13475802540779114], [-0.07387782633304596, -0.07173407822847366], [-0.26569655537605286, 0.011978576891124249], [-0.18719066679477692, 0.1688583940267563]]",False
early_neutral,5,1089,0.6371209596801066,1,[0],"[[-0.8674964904785156, -0.0024966010823845863], [-0.11635725945234299, -0.14073888957500458], [-0.08288194239139557, -0.07888554036617279], [-0.2669380009174347, 0.006071669980883598], [-0.18371018767356873, 0.16533762216567993]]",False
early_neutral,5,1090,0.6367877374208597,1,[0],"[[-0.8771175742149353, -0.002843270543962717], [-0.11635725945234299, -0.14671975374221802], [-0.09187433123588562, -0.0860525444149971], [-0.2673838138580322, -2.3957360099302605e-05], [-0.18007633090019226, 0.16188287734985352]]",False
early_neutral,5,1091,0.6364545151616128,1,[0],"[[-0.8876192569732666, -0.003207195783033967], [-0.11635725945234299, -0.15270060300827026], [-0.10087823122739792, -0.09322043508291245], [-0.2656421661376953, -0.005769782233983278], [-0.1763230711221695, 0.15848252177238464]]",False
early_neutral,5,1092,0.6361212929023659,1,[0],"[[-0.8984833359718323, -0.003575175302103162], [-0.11635725945234299, -0.1586814522743225], [-0.10995369404554367, -0.10035532712936401], [-0.26078540086746216, -0.01101995725184679], [-0.17267832159996033, 0.15503272414207458]]",False
early_neutral,5,1093,0.6357880706431189,1,[0],"[[-0.9099284410476685, -0.003956239204853773], [-0.11635725945234299, -0.16466231644153595], [-0.11910666525363922, -0.10745220631361008], [-0.25295403599739075, -0.015258880332112312], [-0.16921061277389526, 0.15150651335716248]]",False
early_neutral,5,1094,0.635454848383872,1,[0],"[[-0.9219617247581482, -0.004351756069809198], [-0.11635725945234299, -0.1706431806087494], [-0.12839101254940033, -0.11447951197624207], [-0.24382023513317108, -0.019017698243260384], [-0.16601650416851044, 0.14787325263023376]]",False
early_neutral,5,1095,0.6351216261246251,1,[0],"[[-0.9345033168792725, -0.00475734006613493], [-0.11635725945234299, -0.17662404477596283], [-0.13782057166099548, -0.12142681330442429], [-0.23436909914016724, -0.02258848398923874], [-0.1632203310728073, 0.14410364627838135]]",False
early_neutral,5,1096,0.6347884038653782,1,[0],"[[-0.9472247958183289, -0.005161471199244261], [-0.11635725945234299, -0.18260490894317627], [-0.14740927517414093, -0.12828293442726135], [-0.2241857647895813, -0.026170209050178528], [-0.16084599494934082, 0.14021365344524384]]",False
early_neutral,5,1097,0.6344551816061312,1,[0],"[[-0.9572528600692749, -0.005503559019416571], [-0.11635725945234299, -0.18858575820922852], [-0.15717411041259766, -0.13503436744213104], [-0.2134251743555069, -0.029868777841329575], [-0.15895792841911316, 0.136212557554245]]",False
early_neutral,5,1098,0.6341219593468844,1,[0],"[[-0.9664275646209717, -0.00586140900850296], [-0.11635725945234299, -0.19456662237644196], [-0.16708382964134216, -0.1416970044374466], [-0.20222829282283783, -0.033718254417181015], [-0.15758006274700165, 0.13215933740139008]]",False
early_neutral,5,1099,0.6337887370876375,1,[0],"[[-0.9736637473106384, -0.006167103536427021], [-0.11635725945234299, -0.2005474865436554], [-0.1769954115152359, -0.1483592838048935], [-0.19071853160858154, -0.03771958872675896], [-0.1570805013179779, 0.13045093417167664]]",False
early_neutral,5,1100,0.6334555148283906,1,[0],"[[-0.9786974787712097, -0.006399761885404587], [-0.11635725945234299, -0.20652835071086884], [-0.18688949942588806, -0.1550331711769104], [-0.17911545932292938, -0.04201314598321915], [-0.1570805013179779, 0.13045093417167664]]",False
early_neutral,5,1101,0.6331222925691437,1,[0],"[[-0.9831861853599548, -0.006677514873445034], [-0.11635725945234299, -0.21250922977924347], [-0.1967465579509735, -0.16173069179058075], [-0.16767926514148712, -0.04653635248541832], [-0.1570805013179779, 0.13045093417167664]]",False
early_neutral,5,1102,0.6327890703098967,1,[0],"[[-0.9848233461380005, -0.0069170803762972355], [-0.11635725945234299, -0.2184900939464569], [-0.20655514299869537, -0.16845861077308655], [-0.1589461863040924, -0.050252512097358704], [-0.1570805013179779, 0.13045093417167664]]",False
early_neutral,5,1103,0.6324558480506498,1,[0],"[[-0.9849264621734619, -0.006938274949789047], [-0.11635725945234299, -0.22447095811367035], [-0.21570193767547607, -0.17482246458530426], [-0.15492939949035645, -0.052200477570295334], [-0.1570805013179779, 0.13045093417167664]]",False
early_neutral,5,1104,0.6321226257914029,1,[0],"[[-0.9820475578308105, -0.006261596921831369], [-0.11607583612203598, -0.22921627759933472], [-0.2217952460050583, -0.17944777011871338], [-0.15630361437797546, -0.05223318561911583], [-0.1570805013179779, 0.13045093417167664]]",False
early_neutral,5,1105,0.631789403532156,1,[0],"[[-0.9773275256156921, -0.005612772423774004], [-0.11572007834911346, -0.2304999977350235], [-0.22494754195213318, -0.1828576773405075], [-0.16042867302894592, -0.05190659314393997], [-0.1570805013179779, 0.13045093417167664]]",False
early_neutral,5,1106,0.631456181272909,1,[0],"[[-0.9710601568222046, -0.005249717738479376], [-0.11586695164442062, -0.23020654916763306], [-0.22576402127742767, -0.18379554152488708], [-0.1659291833639145, -0.05150241777300835], [-0.15803776681423187, 0.1292194277048111]]",False
early_neutral,5,1107,0.6311229590136621,1,[0],"[[-0.9633957743644714, -0.0048866309225559235], [-0.1165565699338913, -0.22822964191436768], [-0.22576402127742767, -0.18379554152488708], [-0.1730552464723587, -0.05112399160861969], [-0.15948881208896637, 0.12657906115055084]]",False
early_neutral,5,1108,0.6307897367544152,1,[0],"[[-0.9545342922210693, -0.004537343513220549], [-0.11698617041110992, -0.22535839676856995], [-0.2238873839378357, -0.18315400183200836], [-0.18144825100898743, -0.05067727714776993], [-0.16050487756729126, 0.1236066073179245]]",False
early_neutral,5,1109,0.6304565144951683,1,[0],"[[-0.94507896900177, -0.004186617210507393], [-0.1171608418226242, -0.22151707112789154], [-0.22029294073581696, -0.18162645399570465], [-0.19087785482406616, -0.05029355362057686], [-0.16060113906860352, 0.12330770492553711]]",False
early_neutral,5,1110,0.6301232922359213,1,[0],"[[-0.9347366094589233, -0.003811167785897851], [-0.11728072166442871, -0.21674586832523346], [-0.21594199538230896, -0.1792830526828766], [-0.20111609995365143, -0.0499236173927784], [-0.16060113906860352, 0.12330770492553711]]",False
early_neutral,5,1111,0.6297900699766744,1,[0],"[[-0.9259160161018372, -0.003493822878226638], [-0.11730939894914627, -0.21113671362400055], [-0.21178415417671204, -0.1765933781862259], [-0.21172869205474854, -0.049652133136987686], [-0.16060113906860352, 0.12330770492553711]]",False
early_neutral,5,1112,0.6294568477174275,1,[0],"[[-0.922633171081543, -0.003375716507434845], [-0.11731940507888794, -0.2051558494567871], [-0.20769032835960388, -0.173425555229187], [-0.22246935963630676, -0.04955194890499115], [-0.16060113906860352, 0.12330770492553711]]",False
early_neutral,5,1113,0.6291236254581806,1,[0],"[[-0.9233965873718262, -0.003415214130654931], [-0.11732255667448044, -0.19917501509189606], [-0.20414771139621735, -0.17018674314022064], [-0.23371729254722595, -0.049578726291656494], [-0.16060113906860352, 0.12330770492553711]]",False
early_neutral,5,1114,0.6287904031989336,1,[0],"[[-0.9270583391189575, -0.003568360349163413], [-0.11732301115989685, -0.19319415092468262], [-0.20306818187236786, -0.1693054884672165], [-0.24555754661560059, -0.0495699904859066], [-0.16060113906860352, 0.12330770492553711]]",False
early_neutral,5,1115,0.6284571809396867,1,[0],"[[-0.932085394859314, -0.0037139144260436296], [-0.11732321232557297, -0.18721328675746918], [-0.20355698466300964, -0.16891445219516754], [-0.25796616077423096, -0.04956649988889694], [-0.16060113906860352, 0.12330770492553711]]",False
early_neutral,5,1116,0.6281239586804399,1,[0],"[[-0.9383904337882996, -0.003858837066218257], [-0.11732323467731476, -0.18123242259025574], [-0.20610323548316956, -0.16719785332679749], [-0.27069419622421265, -0.049540162086486816], [-0.16060113906860352, 0.12330770492553711]]",False
early_neutral,5,1117,0.627790736421193,1,[0],"[[-0.9457225799560547, -0.004016191698610783], [-0.11732323467731476, -0.1752515584230423], [-0.2099096179008484, -0.16516287624835968], [-0.2837730050086975, -0.049272485077381134], [-0.16060113906860352, 0.12330770492553711]]",False
early_neutral,5,1118,0.6274575141619461,1,[0],"[[-0.9535830020904541, -0.00417289650067687], [-0.11732323467731476, -0.16927070915699005], [-0.21181830763816833, -0.1641816943883896], [-0.2966288924217224, -0.048792071640491486], [-0.16060113906860352, 0.12330770492553711]]",False
early_neutral,5,1119,0.6271242919026991,1,[0],"[[-0.9618282318115234, -0.004401867743581533], [-0.11732323467731476, -0.1632898449897766], [-0.2118832916021347, -0.16414526104927063], [-0.30664363503456116, -0.04821142926812172], [-0.16060113906860352, 0.12330770492553711]]",False
early_neutral,5,1120,0.6267910696434522,1,[0],"[[-0.9655352234840393, -0.004754642024636269], [-0.1173095554113388, -0.1587449163198471], [-0.2118832916021347, -0.16414526104927063], [-0.3160420358181, -0.04741791635751724], [-0.16060113906860352, 0.12330770492553711]]",False
early_neutral,5,1121,0.6264578473842053,1,[0],"[[-0.9658874273300171, -0.00482844328507781], [-0.11730093508958817, -0.15781725943088531], [-0.2118832916021347, -0.16414526104927063], [-0.3234065771102905, -0.04659918323159218], [-0.16060113906860352, 0.12330770492553711]]",False
early_neutral,5,1122,0.6261246251249584,1,[0],"[[-0.9686028361320496, -0.005320115480571985], [-0.11732278764247894, -0.15817268192768097], [-0.21207284927368164, -0.16400058567523956], [-0.3301209509372711, -0.04557334631681442], [-0.16060113906860352, 0.12330770492553711]]",False
early_neutral,5,1123,0.6257914028657114,1,[0],"[[-0.9730831384658813, -0.005716257728636265], [-0.11741060018539429, -0.16020043194293976], [-0.21398530900478363, -0.1622447520494461], [-0.3367254436016083, -0.04471595585346222], [-0.16060113906860352, 0.12330770492553711]]",False
early_neutral,5,1124,0.6254581806064645,1,[0],"[[-0.9769914150238037, -0.005752153694629669], [-0.11746490001678467, -0.16308607161045074], [-0.21620945632457733, -0.15952695906162262], [-0.3397200107574463, -0.04492104426026344], [-0.16060113906860352, 0.12330770492553711]]",False
early_neutral,5,1125,0.6251249583472176,1,[0],"[[-0.9787172675132751, -0.005661203060299158], [-0.117486871778965, -0.16692860424518585], [-0.2173365205526352, -0.15787531435489655], [-0.3413248360157013, -0.04522291198372841], [-0.16060113906860352, 0.12330770492553711]]",False
early_neutral,5,1126,0.6247917360879707,1,[0],"[[-0.9787981510162354, -0.005652515683323145], [-0.11750195175409317, -0.17169980704784393], [-0.2173365205526352, -0.15787531435489655], [-0.3416287302970886, -0.044331636279821396], [-0.16060113906860352, 0.12330770492553711]]",False
early_neutral,5,1127,0.6244585138287237,1,[0],"[[-0.9787981510162354, -0.005652515683323145], [-0.11750555783510208, -0.17730814218521118], [-0.2173365205526352, -0.15787531435489655], [-0.3410871922969818, -0.042409926652908325], [-0.16060113906860352, 0.12330770492553711]]",False
early_neutral,5,1128,0.6241252915694768,1,[0],"[[-0.9787981510162354, -0.005652515683323145], [-0.11750681698322296, -0.18328900635242462], [-0.2173365205526352, -0.15787531435489655], [-0.3404047191143036, -0.0400095172226429], [-0.16060113906860352, 0.12330770492553711]]",False
early_neutral,5,1129,0.6237920693102299,1,[0],"[[-0.9764149785041809, -0.005968844518065453], [-0.11750737577676773, -0.18854744732379913], [-0.21735522150993347, -0.157858744263649], [-0.3401317596435547, -0.037744443863630295], [-0.16060113906860352, 0.12330770492553711]]",False
early_neutral,5,1130,0.623458847050983,1,[0],"[[-0.9716983437538147, -0.006273203995078802], [-0.11750756949186325, -0.19044746458530426], [-0.21879641711711884, -0.15631133317947388], [-0.3405526876449585, -0.03558649867773056], [-0.1595848798751831, 0.12448956817388535]]",False
early_neutral,5,1131,0.623125624791736,1,[0],"[[-0.9654446840286255, -0.006188781000673771], [-0.11750385910272598, -0.19046036899089813], [-0.22062140703201294, -0.15365763008594513], [-0.3408336937427521, -0.033400293439626694], [-0.15730586647987366, 0.12680089473724365]]",False
early_neutral,5,1132,0.6227924025324891,1,[0],"[[-0.9578051567077637, -0.005925894249230623], [-0.11745509505271912, -0.18864233791828156], [-0.22179126739501953, -0.15132547914981842], [-0.34076428413391113, -0.03118179924786091], [-0.15466028451919556, 0.12916211783885956]]",False
early_neutral,5,1133,0.6224591802732422,1,[0],"[[-0.9489476680755615, -0.00556566147133708], [-0.11741989850997925, -0.18594583868980408], [-0.22180861234664917, -0.1512889713048935], [-0.3401963412761688, -0.029204070568084717], [-0.15443386137485504, 0.12936265766620636]]",False
early_neutral,5,1134,0.6221259580139953,1,[0],"[[-0.9395349025726318, -0.005149086471647024], [-0.11740601062774658, -0.18229679763317108], [-0.22180159389972687, -0.15109889209270477], [-0.3389434814453125, -0.027096573263406754], [-0.15443386137485504, 0.12936265766620636]]",False
early_neutral,5,1135,0.6217927357547485,1,[0],"[[-0.9293352961540222, -0.004691733047366142], [-0.11739648133516312, -0.1777041256427765], [-0.2217950075864792, -0.14892242848873138], [-0.33726316690444946, -0.02502116560935974], [-0.15443386137485504, 0.12936265766620636]]",False
early_neutral,5,1136,0.6214595134955015,1,[0],"[[-0.9190580248832703, -0.004225576762109995], [-0.11739347875118256, -0.17225822806358337], [-0.22193951904773712, -0.14582227170467377], [-0.3357716202735901, -0.022740893065929413], [-0.15443386137485504, 0.12936265766620636]]",False
early_neutral,5,1137,0.6211262912362546,1,[0],"[[-0.9131289124488831, -0.0039563048630952835], [-0.11739267408847809, -0.16628754138946533], [-0.22208398580551147, -0.14398601651191711], [-0.3350941240787506, -0.020240670070052147], [-0.1537674367427826, 0.13016413152217865]]",False
early_neutral,5,1138,0.6207930689770077,1,[0],"[[-0.9124554395675659, -0.003926224075257778], [-0.11739234626293182, -0.16030669212341309], [-0.22208398580551147, -0.14398601651191711], [-0.33525314927101135, -0.018495075404644012], [-0.1516011655330658, 0.13231171667575836]]",False
early_neutral,5,1139,0.6204598467177608,1,[0],"[[-0.9152647256851196, -0.004037718754261732], [-0.11739234626293182, -0.15432582795619965], [-0.2226734161376953, -0.14365889132022858], [-0.33717775344848633, -0.017056990414857864], [-0.1485264003276825, 0.13476864993572235]]",False
early_neutral,5,1140,0.6201266244585139,1,[0],"[[-0.9197545051574707, -0.004072865471243858], [-0.11739234626293182, -0.1483449637889862], [-0.22532078623771667, -0.14200738072395325], [-0.3400276005268097, -0.015096905641257763], [-0.14790980517864227, 0.13524281978607178]]",False
early_neutral,5,1141,0.6197934021992669,1,[0],"[[-0.9256169199943542, -0.003943475894629955], [-0.11739234626293182, -0.14236409962177277], [-0.22864176332950592, -0.1395777314901352], [-0.3426517844200134, -0.012075826525688171], [-0.14790980517864227, 0.13524281978607178]]",False
early_neutral,5,1142,0.61946017994002,1,[0],"[[-0.9324972629547119, -0.00370545475743711], [-0.11739234626293182, -0.13638323545455933], [-0.23069828748703003, -0.1379755288362503], [-0.34415364265441895, -0.008979867212474346], [-0.14790980517864227, 0.13524281978607178]]",False
early_neutral,5,1143,0.6191269576807731,1,[0],"[[-0.940157949924469, -0.003350672544911504], [-0.11739234626293182, -0.13040238618850708], [-0.23111771047115326, -0.13764874637126923], [-0.3424478769302368, -0.0067587425000965595], [-0.14790980517864227, 0.13524281978607178]]",False
early_neutral,5,1144,0.6187937354215262,1,[0],"[[-0.94856196641922, -0.002861754735931754], [-0.11739234626293182, -0.12442152202129364], [-0.23057931661605835, -0.13808120787143707], [-0.3376832902431488, -0.005616542883217335], [-0.14759862422943115, 0.1357044279575348]]",False
early_neutral,5,1145,0.6184605131622792,1,[0],"[[-0.9576727151870728, -0.0022394955158233643], [-0.11739234626293182, -0.1184406578540802], [-0.22854071855545044, -0.13976596295833588], [-0.33116415143013, -0.005770030897110701], [-0.14641188085079193, 0.13796763122081757]]",False
early_neutral,5,1146,0.6181272909030323,1,[0],"[[-0.9667991399765015, -0.0015311309834942222], [-0.11739234626293182, -0.11245979368686676], [-0.22571216523647308, -0.14218010008335114], [-0.3237815499305725, -0.007126982789486647], [-0.14536075294017792, 0.1411171704530716]]",False
early_neutral,5,1147,0.6177940686437854,1,[0],"[[-0.9745853543281555, -0.0008673274423927069], [-0.11739234626293182, -0.10647893697023392], [-0.2235591560602188, -0.14375650882720947], [-0.31698015332221985, -0.008597086183726788], [-0.1449034959077835, 0.14255645871162415]]",False
early_neutral,5,1148,0.6174608463845385,1,[0],"[[-0.9788608551025391, -0.0004444075166247785], [-0.11739234626293182, -0.10049808770418167], [-0.22306033968925476, -0.14402993023395538], [-0.31480491161346436, -0.00905555859208107], [-0.14488141238689423, 0.14261038601398468]]",False
early_neutral,5,1149,0.6171276241252915,1,[0],"[[-0.9826078414916992, -3.147905954392627e-05], [-0.11739234626293182, -0.09451721608638763], [-0.2218901515007019, -0.14458157122135162], [-0.31465741991996765, -0.009219726547598839], [-0.14526525139808655, 0.1434866040945053]]",False
early_neutral,5,1150,0.6167944018660446,1,[0],"[[-0.9836517572402954, 7.06046776031144e-05], [-0.11739234626293182, -0.08853635936975479], [-0.2189657986164093, -0.14630213379859924], [-0.3138974606990814, -0.008774767629802227], [-0.14606139063835144, 0.14598846435546875]]",False
early_neutral,5,1151,0.6164611796067977,1,[0],"[[-0.9839658141136169, 9.59741955739446e-05], [-0.11797372996807098, -0.08228269219398499], [-0.21555157005786896, -0.14894254505634308], [-0.3125193119049072, -0.006650642026215792], [-0.14695969223976135, 0.1492938995361328]]",False
early_neutral,5,1152,0.6161279573475508,1,[0],"[[-0.9839677810668945, 9.610335109755397e-05], [-0.1198987066745758, -0.07555373013019562], [-0.21176162362098694, -0.1525140106678009], [-0.310391902923584, -0.004036987200379372], [-0.1496056467294693, 0.15259288251399994]]",False
early_neutral,5,1153,0.6157947350883038,1,[0],"[[-0.9839677810668945, 9.610335109755397e-05], [-0.123221755027771, -0.06853563338518143], [-0.2079205960035324, -0.15703150629997253], [-0.3076314926147461, -0.0007521314546465874], [-0.15425923466682434, 0.15460531413555145]]",False
early_neutral,5,1154,0.615461512829057,1,[0],"[[-0.9839677810668945, 9.610335109755397e-05], [-0.12715862691402435, -0.06117403879761696], [-0.2040174901485443, -0.16231712698936462], [-0.30426257848739624, 0.003363952739164233], [-0.16033649444580078, 0.1559380292892456]]",False
early_neutral,5,1155,0.6151282905698101,1,[0],"[[-0.9839677810668945, 9.610335109755397e-05], [-0.1317044347524643, -0.053572699427604675], [-0.19972442090511322, -0.1681174337863922], [-0.30068081617355347, 0.008022177964448929], [-0.16699732840061188, 0.15731041133403778]]",False
early_neutral,5,1156,0.6147950683105632,1,[0],"[[-0.9839677810668945, 9.610335109755397e-05], [-0.13666383922100067, -0.04577359929680824], [-0.19511020183563232, -0.1743296980857849], [-0.2974063456058502, 0.012784355320036411], [-0.1743917614221573, 0.15873858332633972]]",False
early_neutral,5,1157,0.6144618460513163,1,[0],"[[-0.9839677810668945, 9.610335109755397e-05], [-0.14200133085250854, -0.03784039989113808], [-0.1903296709060669, -0.18069231510162354], [-0.29447025060653687, 0.017774224281311035], [-0.18230296671390533, 0.16018128395080566]]",False
early_neutral,5,1158,0.6141286237920693,1,[0],"[[-0.9839677810668945, 9.610335109755397e-05], [-0.14766272902488708, -0.029816193506121635], [-0.18524222075939178, -0.18739044666290283], [-0.29248616099357605, 0.02354913018643856], [-0.1883852779865265, 0.16161468625068665]]",False
early_neutral,5,1159,0.6137954015328224,1,[0],"[[-0.9839677810668945, 9.610335109755397e-05], [-0.15361441671848297, -0.02173762209713459], [-0.18095065653324127, -0.19304001331329346], [-0.29184576869010925, 0.029510296881198883], [-0.1941908746957779, 0.16341537237167358]]",False
early_neutral,5,1160,0.6134621792735755,1,[0],"[[-0.9839677810668945, 9.610335109755397e-05], [-0.15985551476478577, -0.013641556724905968], [-0.17690019309520721, -0.1984087973833084], [-0.2917425036430359, 0.035490769892930984], [-0.19979682564735413, 0.16546937823295593]]",False
early_neutral,5,1161,0.6131289570143286,1,[0],"[[-0.9839677810668945, 9.610335109755397e-05], [-0.16660113632678986, -0.005633707623928785], [-0.17330099642276764, -0.20296312868595123], [-0.29145458340644836, 0.04075419902801514], [-0.20529191195964813, 0.16764652729034424]]",False
early_neutral,5,1162,0.6127957347550816,1,[0],"[[-0.9839677810668945, 9.610335109755397e-05], [-0.17390501499176025, 0.0022305313032120466], [-0.17163504660129547, -0.20448580384254456], [-0.2909632921218872, 0.04267740622162819], [-0.21071960031986237, 0.16989417374134064]]",False
early_neutral,5,1163,0.6124625124958347,1,[0],"[[-0.9839677810668945, 9.610335109755397e-05], [-0.18193937838077545, 0.009837165474891663], [-0.17170695960521698, -0.2044527381658554], [-0.29099157452583313, 0.042623985558748245], [-0.21631714701652527, 0.17195695638656616]]",False
early_neutral,5,1164,0.6121292902365878,1,[0],"[[-0.9839677810668945, 9.610335109755397e-05], [-0.190903902053833, 0.01703200303018093], [-0.17430123686790466, -0.20305174589157104], [-0.29176098108291626, 0.04048539698123932], [-0.22209835052490234, 0.17379264533519745]]",False
early_neutral,5,1165,0.6117960679773409,1,[0],"[[-0.9839677810668945, 9.610335109755397e-05], [-0.2007945328950882, 0.023725152015686035], [-0.17831021547317505, -0.20125621557235718], [-0.2922520339488983, 0.037321750074625015], [-0.22809335589408875, 0.17530792951583862]]",False
early_neutral,5,1166,0.611462845718094,1,[0],"[[-0.9839677810668945, 9.610335109755397e-05], [-0.21178992092609406, 0.02967054210603237], [-0.1841382384300232, -0.1999044120311737], [-0.29237180948257446, 0.03321434184908867], [-0.23428423702716827, 0.17644163966178894]]",False
early_neutral,5,1167,0.611129623458847,1,[0],"[[-0.9839677810668945, 9.610335109755397e-05], [-0.22374945878982544, 0.03476046025753021], [-0.1915990561246872, -0.19935892522335052], [-0.29245033860206604, 0.02823622338473797], [-0.24058160185813904, 0.17723038792610168]]",False
early_neutral,5,1168,0.6107964011996001,1,[0],"[[-0.9839677810668945, 9.610335109755397e-05], [-0.23436658084392548, 0.038661275058984756], [-0.2001865804195404, -0.1987086534500122], [-0.2924664616584778, 0.02249183878302574], [-0.24677282571792603, 0.17777937650680542]]",False
early_neutral,5,1169,0.6104631789403532,1,[0],"[[-0.9839677810668945, 9.610335109755397e-05], [-0.24314524233341217, 0.040642477571964264], [-0.20979277789592743, -0.19819556176662445], [-0.29247117042541504, 0.01651097647845745], [-0.25318431854248047, 0.17812174558639526]]",False
early_neutral,5,1170,0.6101299566811063,1,[0],"[[-0.9839677810668945, 9.610335109755397e-05], [-0.2521642744541168, 0.041773293167352676], [-0.2202320694923401, -0.19800838828086853], [-0.2924726605415344, 0.010530116967856884], [-0.25961312651634216, 0.17826421558856964]]",False
early_neutral,5,1171,0.6097967344218593,1,[0],"[[-0.9839677810668945, 9.610335109755397e-05], [-0.26133134961128235, 0.04214677959680557], [-0.22953340411186218, -0.19788900017738342], [-0.2924728989601135, 0.004549255128949881], [-0.26590290665626526, 0.17832329869270325]]",False
early_neutral,5,1172,0.6094635121626124,1,[0],"[[-0.9839677810668945, 9.610335109755397e-05], [-0.2702317535877228, 0.041810184717178345], [-0.2387164980173111, -0.19764100015163422], [-0.2924730181694031, -0.001431606593541801], [-0.27231839299201965, 0.17831653356552124]]",False
early_neutral,5,1173,0.6091302899033656,1,[0],"[[-0.9839677810668945, 9.610335109755397e-05], [-0.27669963240623474, 0.041103966534137726], [-0.24815447628498077, -0.19724193215370178], [-0.2924730181694031, -0.007412465754896402], [-0.27842772006988525, 0.1782519668340683]]",False
early_neutral,5,1174,0.6087970676441187,1,[0],"[[-0.9839677810668945, 9.610335109755397e-05], [-0.2828924357891083, 0.039975449442863464], [-0.2584223449230194, -0.19663137197494507], [-0.2924730181694031, -0.013393329456448555], [-0.28008389472961426, 0.1782323122024536]]",False
early_neutral,5,1175,0.6084638453848717,1,[0],"[[-0.9839677810668945, 9.610335109755397e-05], [-0.2888743281364441, 0.038526952266693115], [-0.26913416385650635, -0.195816308259964], [-0.2924730181694031, -0.019374188035726547], [-0.28008389472961426, 0.1782323122024536]]",False
early_neutral,5,1176,0.6081306231256248,1,[0],"[[-0.9815788865089417, -0.0002057300298474729], [-0.2946394085884094, 0.036865103989839554], [-0.2782805562019348, -0.19502262771129608], [-0.2924730181694031, -0.02535504847764969], [-0.2815294563770294, 0.17826099693775177]]",False
early_neutral,5,1177,0.6077974008663779,1,[0],"[[-0.976973831653595, -0.0009447696502320468], [-0.3003535866737366, 0.03494248911738396], [-0.28737524151802063, -0.19415858387947083], [-0.2924730181694031, -0.03133590891957283], [-0.28507307171821594, 0.17819760739803314]]",False
early_neutral,5,1178,0.607464178607131,1,[0],"[[-0.9709947109222412, -0.002145725768059492], [-0.30586883425712585, 0.03281363844871521], [-0.2946974039077759, -0.19350937008857727], [-0.2924730181694031, -0.03731676936149597], [-0.29003578424453735, 0.17791178822517395]]",False
early_neutral,5,1179,0.607130956347884,1,[0],"[[-0.9636978507041931, -0.0036419080570340157], [-0.31110483407974243, 0.030540598556399345], [-0.30110999941825867, -0.19317512214183807], [-0.2924730181694031, -0.04329763352870941], [-0.295937716960907, 0.17742562294006348]]",False
early_neutral,5,1180,0.6067977340886371,1,[0],"[[-0.9552100896835327, -0.005328558851033449], [-0.31626129150390625, 0.028037626296281815], [-0.3075264096260071, -0.19305598735809326], [-0.2924730181694031, -0.049278490245342255], [-0.30215415358543396, 0.17678804695606232]]",False
early_neutral,5,1181,0.6064645118293902,1,[0],"[[-0.9461753368377686, -0.007096779998391867], [-0.32124412059783936, 0.02538938820362091], [-0.31376925110816956, -0.1931871920824051], [-0.2924730181694031, -0.055259350687265396], [-0.3084765076637268, 0.17601320147514343]]",False
early_neutral,5,1182,0.6061312895701433,1,[0],"[[-0.9363875389099121, -0.009018399752676487], [-0.3261357247829437, 0.022785691544413567], [-0.3201497197151184, -0.19358283281326294], [-0.2924730181694031, -0.061240214854478836], [-0.3147404193878174, 0.17515452206134796]]",False
early_neutral,5,1183,0.6057980673108964,1,[0],"[[-0.9259811639785767, -0.011074011214077473], [-0.33113622665405273, 0.020151397213339806], [-0.32648545503616333, -0.19424645602703094], [-0.2924730181694031, -0.06722107529640198], [-0.3208858072757721, 0.17424191534519196]]",False
early_neutral,5,1184,0.6054648450516494,1,[0],"[[-0.9154109954833984, -0.013203255832195282], [-0.3361653685569763, 0.017544714733958244], [-0.3324425518512726, -0.1952497810125351], [-0.2924730181694031, -0.07320193946361542], [-0.32713374495506287, 0.17324303090572357]]",False
early_neutral,5,1185,0.6051316227924025,1,[0],"[[-0.9042494893074036, -0.015493655577301979], [-0.3412712812423706, 0.015123497694730759], [-0.33832743763923645, -0.19668054580688477], [-0.29309335350990295, -0.0785977765917778], [-0.3333589732646942, 0.1721971035003662]]",False
early_neutral,5,1186,0.6047984005331556,1,[0],"[[-0.8925626277923584, -0.017916370183229446], [-0.34663087129592896, 0.012857143767178059], [-0.34409379959106445, -0.19853346049785614], [-0.2961278259754181, -0.08101813495159149], [-0.33942940831184387, 0.17115221917629242]]",False
early_neutral,5,1187,0.6044651782739087,1,[0],"[[-0.8804495930671692, -0.020457448437809944], [-0.35220253467559814, 0.010765292681753635], [-0.3496807813644409, -0.20056384801864624], [-0.30134543776512146, -0.08127319067716599], [-0.34563952684402466, 0.17005781829357147]]",False
early_neutral,5,1188,0.6041319560146617,1,[0],"[[-0.8680066466331482, -0.023087890818715096], [-0.3578735589981079, 0.008869081735610962], [-0.3551156520843506, -0.2026398479938507], [-0.30798614025115967, -0.08132639527320862], [-0.3503199815750122, 0.16915792226791382]]",False
early_neutral,5,1189,0.6037987337554148,1,[0],"[[-0.8552979230880737, -0.025759780779480934], [-0.3636440336704254, 0.007155483588576317], [-0.36059364676475525, -0.20483537018299103], [-0.3159305155277252, -0.08135306090116501], [-0.3506735861301422, 0.16905464231967926]]",False
early_neutral,5,1190,0.6034655114961679,1,[0],"[[-0.8423851728439331, -0.028459547087550163], [-0.369613379240036, 0.005594579037278891], [-0.3660845160484314, -0.2069469839334488], [-0.324950248003006, -0.08135727047920227], [-0.35248199105262756, 0.16833361983299255]]",False
early_neutral,5,1191,0.603132289236921,1,[0],"[[-0.8293341994285583, -0.031213099136948586], [-0.3762764036655426, 0.004067067056894302], [-0.3716667592525482, -0.20877605676651], [-0.33414143323898315, -0.08135947585105896], [-0.35640081763267517, 0.16716846823692322]]",False
early_neutral,5,1192,0.6027990669776742,1,[0],"[[-0.8161879181861877, -0.034025102853775024], [-0.38427966833114624, 0.0024779136292636395], [-0.3775922954082489, -0.21040503680706024], [-0.34333255887031555, -0.08135986328125], [-0.36181890964508057, 0.1660834550857544]]",False
early_neutral,5,1193,0.6024658447184272,1,[1],"[[-0.8030096888542175, -0.03695680946111679], [-0.3931471109390259, 0.0009628704283386469], [-0.38404229283332825, -0.2118370682001114], [-0.3525237441062927, -0.08135996013879776], [-0.3675818145275116, 0.16507740318775177]]",False
early_neutral,5,1194,0.6021326224591803,1,[1],"[[-0.7898684740066528, -0.04008730873465538], [-0.4020916819572449, -0.00041271725785918534], [-0.3918665647506714, -0.21311146020889282], [-0.3617250621318817, -0.08135998994112015], [-0.373788446187973, 0.16409316658973694]]",False
early_neutral,5,1195,0.6017994001999334,1,[1],"[[-0.7767819166183472, -0.04340440034866333], [-0.4110383689403534, -0.001650616992264986], [-0.40080884099006653, -0.21407736837863922], [-0.3711971938610077, -0.08135998994112015], [-0.3800709843635559, 0.16319088637828827]]",False
early_neutral,5,1196,0.6014661779406865,1,[1],"[[-0.7637411952018738, -0.046862661838531494], [-0.4177977442741394, -0.002495088614523411], [-0.4098852872848511, -0.21501903235912323], [-0.3814903497695923, -0.08135998994112015], [-0.3862896263599396, 0.16233251988887787]]",False
early_neutral,5,1197,0.6011329556814395,1,[1],"[[-0.7507554888725281, -0.05045459419488907], [-0.42414259910583496, -0.0031885067000985146], [-0.41894054412841797, -0.21604356169700623], [-0.39231574535369873, -0.08135998994112015], [-0.3925088346004486, 0.16149236261844635]]",False
early_neutral,5,1198,0.6007997334221926,1,[1],"[[-0.7378629446029663, -0.054219190031290054], [-0.43089771270751953, -0.0038407561369240284], [-0.4279969036579132, -0.2170637845993042], [-0.40337321162223816, -0.08135998994112015], [-0.3988138437271118, 0.16065901517868042]]",False
early_neutral,5,1199,0.6004665111629457,1,[1],"[[-0.7250905632972717, -0.05817735567688942], [-0.4389466345310211, -0.00453962292522192], [-0.43708106875419617, -0.21797312796115875], [-0.4150775372982025, -0.08135998994112015], [-0.4050975739955902, 0.1598556935787201]]",False
early_neutral,5,1200,0.6001332889036988,1,[1],"[[-0.7124722599983215, -0.062356241047382355], [-0.4479830861091614, -0.005237951874732971], [-0.44619521498680115, -0.2187429517507553], [-0.427359014749527, -0.08135998994112015], [-0.4112927317619324, 0.1590958535671234]]",False
early_neutral,5,1201,0.5998000666444518,1,[1],"[[-0.700080931186676, -0.06682518124580383], [-0.45712029933929443, -0.005884846206754446], [-0.45535483956336975, -0.219230517745018], [-0.4401097595691681, -0.08135998994112015], [-0.4176240861415863, 0.15835167467594147]]",False
early_neutral,5,1202,0.5994668443852049,1,[1],"[[-0.6880799531936646, -0.07157953083515167], [-0.46626579761505127, -0.006480289623141289], [-0.4645414650440216, -0.21938981115818024], [-0.4532264173030853, -0.08135998994112015], [-0.4246145784854889, 0.15775001049041748]]",False
early_neutral,5,1203,0.599133622125958,1,[1],"[[-0.6787086129188538, -0.07687343657016754], [-0.47587698698043823, -0.00689599709585309], [-0.4738149642944336, -0.2190426141023636], [-0.46662628650665283, -0.08135998994112015], [-0.4329414963722229, 0.1575872302055359]]",False
early_neutral,5,1204,0.5988003998667111,1,[1],"[[-0.6738689541816711, -0.0830911248922348], [-0.4863987863063812, -0.00695229135453701], [-0.4827072322368622, -0.21770596504211426], [-0.4802439212799072, -0.08135998994112015], [-0.44210267066955566, 0.15789088606834412]]",False
early_neutral,5,1205,0.5984671776074642,1,[1],"[[-0.6728598475456238, -0.08961634337902069], [-0.496979683637619, -0.0067094480618834496], [-0.4904286563396454, -0.2155618518590927], [-0.4940281808376312, -0.08135998994112015], [-0.4512888789176941, 0.15807844698429108]]",False
early_neutral,5,1206,0.5981339553482172,1,[1],"[[-0.6751915812492371, -0.09558252990245819], [-0.5061591267585754, -0.007064718287438154], [-0.49892348051071167, -0.21509206295013428], [-0.5079395771026611, -0.08135998994112015], [-0.4604353904724121, 0.1580720692873001]]",False
early_neutral,5,1207,0.5978007330889703,1,[1],"[[-0.6770340800285339, -0.09976468980312347], [-0.5152343511581421, -0.008038067258894444], [-0.508352518081665, -0.21461085975170135], [-0.5219478011131287, -0.08135998994112015], [-0.4673023223876953, 0.15778003633022308]]",False
early_neutral,5,1208,0.5974675108297234,1,[1],"[[-0.678149402141571, -0.10335835814476013], [-0.5248609185218811, -0.00931202620267868], [-0.5182192921638489, -0.21406611800193787], [-0.5360292792320251, -0.08135998994112015], [-0.47363999485969543, 0.15706832706928253]]",False
early_neutral,5,1209,0.5971342885704765,1,[1],"[[-0.678176760673523, -0.10653938353061676], [-0.5353320837020874, -0.01069305557757616], [-0.5288786888122559, -0.21347540616989136], [-0.5501664280891418, -0.08135998994112015], [-0.47988978028297424, 0.1560744345188141]]",False
early_neutral,5,1210,0.5968010663112296,1,[1],"[[-0.6750290989875793, -0.10817160457372665], [-0.5462782382965088, -0.012118869461119175], [-0.5400450229644775, -0.21286329627037048], [-0.5643455386161804, -0.08135998994112015], [-0.4861363172531128, 0.15507164597511292]]",False
early_neutral,5,1211,0.5964678440519827,1,[1],"[[-0.6705908179283142, -0.10953464359045029], [-0.5554506778717041, -0.013177434913814068], [-0.5493844151496887, -0.21238648891448975], [-0.5785565376281738, -0.08135998994112015], [-0.49238482117652893, 0.1540749967098236]]",False
early_neutral,5,1212,0.5961346217927358,1,[1],"[[-0.6664155721664429, -0.11077642440795898], [-0.5645402669906616, -0.014062951318919659], [-0.5585522651672363, -0.2119608223438263], [-0.5927914977073669, -0.08135998994112015], [-0.49857330322265625, 0.15313482284545898]]",False
early_neutral,5,1213,0.5958013995334889,1,[1],"[[-0.6619083285331726, -0.11189454793930054], [-0.5736507177352905, -0.014853877946734428], [-0.5659254789352417, -0.21163734793663025], [-0.6070446372032166, -0.08135998994112015], [-0.5047777891159058, 0.15225136280059814]]",False
early_neutral,5,1214,0.595468177274242,1,[1],"[[-0.6574475765228271, -0.11290667951107025], [-0.5827658772468567, -0.015621588565409184], [-0.572344958782196, -0.2113582342863083], [-0.6208617687225342, -0.08195865899324417], [-0.5110810995101929, 0.15141266584396362]]",False
early_neutral,5,1215,0.595134955014995,1,[1],"[[-0.6541932821273804, -0.11359754204750061], [-0.5911901593208313, -0.016322998329997063], [-0.5787659287452698, -0.2110937386751175], [-0.6319632530212402, -0.08444378525018692], [-0.5173696279525757, 0.1506279855966568]]",False
early_neutral,5,1216,0.5948017327557481,1,[0],"[[-0.6541099548339844, -0.11420761793851852], [-0.5975440740585327, -0.016979604959487915], [-0.5851931571960449, -0.21090573072433472], [-0.6404858231544495, -0.08883444964885712], [-0.5235739946365356, 0.1499015837907791]]",False
early_neutral,5,1217,0.5944685104965012,1,[0],"[[-0.6564368009567261, -0.11355020105838776], [-0.6038553714752197, -0.017777448520064354], [-0.5915720462799072, -0.2108011692762375], [-0.6472521424293518, -0.09277787059545517], [-0.5299185514450073, 0.14920684695243835]]",False
early_neutral,5,1218,0.5941352882372543,1,[0],"[[-0.6604825258255005, -0.11271626502275467], [-0.6073324084281921, -0.01968555524945259], [-0.5974355340003967, -0.21061226725578308], [-0.6536761522293091, -0.09659403562545776], [-0.5351158976554871, 0.14740897715091705]]",False
early_neutral,5,1219,0.5938020659780073,1,[0],"[[-0.6659383773803711, -0.11185719072818756], [-0.6067006587982178, -0.023020483553409576], [-0.6045950651168823, -0.21017031371593475], [-0.6601775884628296, -0.10053978115320206], [-0.5382358431816101, 0.14394746720790863]]",False
early_neutral,5,1220,0.5934688437187604,1,[0],"[[-0.6730024218559265, -0.11168385297060013], [-0.6041122078895569, -0.026767002418637276], [-0.6127950549125671, -0.20940253138542175], [-0.6664271354675293, -0.1041327565908432], [-0.5398845076560974, 0.14047034084796906]]",False
early_neutral,5,1221,0.5931356214595135,1,[0],"[[-0.6821808815002441, -0.11229398846626282], [-0.6007193922996521, -0.030320655554533005], [-0.6210705041885376, -0.20857170224189758], [-0.6713264584541321, -0.10733829438686371], [-0.5401229858398438, 0.13992707431316376]]",False
early_neutral,5,1222,0.5928023992002666,1,[0],"[[-0.6898102760314941, -0.11126325279474258], [-0.5968893766403198, -0.033416640013456345], [-0.6293478608131409, -0.20774900913238525], [-0.6743418574333191, -0.11206000298261642], [-0.5401397347450256, 0.13994450867176056]]",False
early_neutral,5,1223,0.5924691769410196,1,[0],"[[-0.6972453594207764, -0.11018095165491104], [-0.5958502888679504, -0.03425808995962143], [-0.6366657614707947, -0.20702700316905975], [-0.675713300704956, -0.11716363579034805], [-0.5415870547294617, 0.14149293303489685]]",False
early_neutral,5,1224,0.5921359546817727,1,[0],"[[-0.7056330442428589, -0.10825219005346298], [-0.5958502888679504, -0.03425808995962143], [-0.6419504880905151, -0.20608606934547424], [-0.6764927506446838, -0.12108033895492554], [-0.543854296207428, 0.14401401579380035]]",False
early_neutral,5,1225,0.5918027324225258,1,[0],"[[-0.7153346538543701, -0.10536983609199524], [-0.5958502888679504, -0.03425808995962143], [-0.6468489766120911, -0.20524905622005463], [-0.6762278079986572, -0.1252623200416565], [-0.5469478368759155, 0.14725999534130096]]",False
early_neutral,5,1226,0.5914695101632789,1,[0],"[[-0.7253304123878479, -0.1023189052939415], [-0.5958774089813232, -0.03426872566342354], [-0.6508995294570923, -0.2046624720096588], [-0.6758491396903992, -0.12814295291900635], [-0.5510265231132507, 0.1504935771226883]]",False
early_neutral,5,1227,0.5911362879040319,1,[0],"[[-0.7358749508857727, -0.09903419762849808], [-0.5982815027236938, -0.035254739224910736], [-0.656665563583374, -0.20436649024486542], [-0.6756990551948547, -0.12901610136032104], [-0.5557982325553894, 0.1532600075006485]]",True
early_neutral,5,1228,0.590803065644785,1,[0],"[[-0.7469226121902466, -0.09557565301656723], [-0.6021315455436707, -0.03693322837352753], [-0.6644851565361023, -0.20422209799289703], [-0.6750180721282959, -0.1315271407365799], [-0.5615795850753784, 0.1546677052974701]]",True
early_neutral,5,1229,0.5904698433855382,1,[0],"[[-0.7583873867988586, -0.09198721498250961], [-0.6069909930229187, -0.03928269073367119], [-0.6732808947563171, -0.20439408719539642], [-0.673660397529602, -0.13495181500911713], [-0.5677499175071716, 0.15574432909488678]]",True
early_neutral,5,1230,0.5901366211262913,1,[0],"[[-0.7701787352561951, -0.08830434828996658], [-0.611814558506012, -0.0420512855052948], [-0.681850790977478, -0.2049526870250702], [-0.6725739240646362, -0.1372147798538208], [-0.5714327692985535, 0.15649907290935516]]",True
early_neutral,5,1231,0.5898033988670444,1,[0],"[[-0.7822354435920715, -0.08457035571336746], [-0.616062581539154, -0.044908225536346436], [-0.6883946061134338, -0.20500892400741577], [-0.6725675463676453, -0.13722798228263855], [-0.5714758634567261, 0.15650784969329834]]",True
early_neutral,5,1232,0.5894701766077974,1,[0],"[[-0.7944956421852112, -0.08079999685287476], [-0.6172783374786377, -0.04565137252211571], [-0.692840576171875, -0.2053292691707611], [-0.6725675463676453, -0.13722798228263855], [-0.5722656846046448, 0.15662649273872375]]",True
early_neutral,5,1233,0.5891369543485505,1,[0],"[[-0.8068748116493225, -0.07695404440164566], [-0.6176104545593262, -0.045170318335294724], [-0.694073498249054, -0.20543016493320465], [-0.6725675463676453, -0.13722798228263855], [-0.5758324265480042, 0.1572178155183792]]",True
early_neutral,5,1234,0.5888037320893036,1,[0],"[[-0.8193289041519165, -0.07303088903427124], [-0.6189120411872864, -0.04293482005596161], [-0.694125771522522, -0.2051514983177185], [-0.6725675463676453, -0.13722798228263855], [-0.5806963443756104, 0.15813201665878296]]",True
early_neutral,5,1235,0.5884705098300567,1,[0],"[[-0.8318779468536377, -0.06910198926925659], [-0.6202785968780518, -0.039820849895477295], [-0.6942185163497925, -0.20465652644634247], [-0.6725675463676453, -0.13722798228263855], [-0.5868045091629028, 0.15947169065475464]]",True
early_neutral,5,1236,0.5881372875708097,1,[0],"[[-0.8445398807525635, -0.06522547453641891], [-0.6208773851394653, -0.038438089191913605], [-0.6942217350006104, -0.2046394646167755], [-0.6712002158164978, -0.13742637634277344], [-0.5939828157424927, 0.16137294471263885]]",True
early_neutral,5,1237,0.5878040653115628,1,[0],"[[-0.8572244644165039, -0.06143772602081299], [-0.6208853125572205, -0.03842298686504364], [-0.6941502690315247, -0.20502029359340668], [-0.6672827005386353, -0.13783888518810272], [-0.6020214557647705, 0.1638491451740265]]",False
early_neutral,5,1238,0.5874708430523159,1,[0],"[[-0.867807924747467, -0.05857856199145317], [-0.619572103023529, -0.038049280643463135], [-0.6942116022109985, -0.20573939383029938], [-0.6619632840156555, -0.13806769251823425], [-0.6102262735366821, 0.16654424369335175]]",False
early_neutral,5,1239,0.587137620793069,1,[0],"[[-0.8746864795684814, -0.05799960717558861], [-0.6158128380775452, -0.03726300224661827], [-0.6942717432975769, -0.20634779334068298], [-0.6555639505386353, -0.13694019615650177], [-0.6183924674987793, 0.1693718582391739]]",False
early_neutral,5,1240,0.586804398533822,1,[0],"[[-0.8805460333824158, -0.058319054543972015], [-0.6105824708938599, -0.03662998601794243], [-0.6942717432975769, -0.20634779334068298], [-0.6483630537986755, -0.13489101827144623], [-0.6272451877593994, 0.172380268573761]]",False
early_neutral,5,1241,0.5864711762745751,1,[0],"[[-0.887157142162323, -0.056276582181453705], [-0.6039300560951233, -0.03600247576832771], [-0.6942717432975769, -0.20634779334068298], [-0.6399067044258118, -0.13299871981143951], [-0.6368950009346008, 0.1755356788635254]]",False
early_neutral,5,1242,0.5861379540153282,1,[0],"[[-0.8935946822166443, -0.05309600755572319], [-0.595973014831543, -0.035336934030056], [-0.6942717432975769, -0.20634779334068298], [-0.6302405595779419, -0.13161297142505646], [-0.6457207202911377, 0.17830638587474823]]",False
early_neutral,5,1243,0.5858047317560813,1,[0],"[[-0.8983493447303772, -0.050208624452352524], [-0.5869504809379578, -0.03470217064023018], [-0.6942717432975769, -0.20634779334068298], [-0.6197319030761719, -0.1306208372116089], [-0.6540768146514893, 0.18079712986946106]]",False
early_neutral,5,1244,0.5854715094968344,1,[0],"[[-0.9028054475784302, -0.047105152159929276], [-0.5770642161369324, -0.034154508262872696], [-0.6942717432975769, -0.20634779334068298], [-0.6089794039726257, -0.12949800491333008], [-0.6625040769577026, 0.1831841766834259]]",False
early_neutral,5,1245,0.5851382872375874,1,[0],"[[-0.9057660102844238, -0.04572456702589989], [-0.5664776563644409, -0.03376809507608414], [-0.6942717432975769, -0.20634779334068298], [-0.5976282358169556, -0.12814287841320038], [-0.6710070967674255, 0.18545447289943695]]",False
early_neutral,5,1246,0.5848050649783405,1,[0],"[[-0.9068735837936401, -0.04421078786253929], [-0.5556846261024475, -0.033943694084882736], [-0.6942717432975769, -0.20634779334068298], [-0.5868259072303772, -0.12585559487342834], [-0.6795831322669983, 0.1876053363084793]]",False
early_neutral,5,1247,0.5844718427190936,1,[0],"[[-0.9088022708892822, -0.041599102318286896], [-0.5442458987236023, -0.034706685692071915], [-0.6942717432975769, -0.20634779334068298], [-0.5802929401397705, -0.12216037511825562], [-0.6882293224334717, 0.18963387608528137]]",False
early_neutral,5,1248,0.5841386204598468,1,[0],"[[-0.9112605452537537, -0.03818487003445625], [-0.5322431325912476, -0.03584231063723564], [-0.6942717432975769, -0.20634779334068298], [-0.5768095254898071, -0.11699994653463364], [-0.6969420909881592, 0.19153788685798645]]",False
early_neutral,5,1249,0.5838053982005998,1,[0],"[[-0.9138690829277039, -0.03435870632529259], [-0.5198297500610352, -0.037432245910167694], [-0.6942717432975769, -0.20634779334068298], [-0.5733969807624817, -0.11133324354887009], [-0.7057161927223206, 0.19331872463226318]]",False
early_neutral,5,1250,0.5834721759413529,1,[0],"[[-0.915608286857605, -0.030788004398345947], [-0.5071223378181458, -0.03939883038401604], [-0.6942717432975769, -0.20634779334068298], [-0.572784423828125, -0.10544403642416], [-0.7145452499389648, 0.1949806958436966]]",False
early_neutral,5,1251,0.583138953682106,1,[0],"[[-0.914702832698822, -0.028025906533002853], [-0.49412721395492554, -0.04146797955036163], [-0.6942717432975769, -0.20634779334068298], [-0.5733546018600464, -0.09920859336853027], [-0.7234244346618652, 0.19652533531188965]]",True
early_neutral,5,1252,0.5828057314228591,1,[0],"[[-0.9134899377822876, -0.026425357908010483], [-0.48091354966163635, -0.04362206906080246], [-0.6942717432975769, -0.20634779334068298], [-0.5749555826187134, -0.09248679131269455], [-0.7323405146598816, 0.19797737896442413]]",True
early_neutral,5,1253,0.5824725091636122,1,[0],"[[-0.912622332572937, -0.02629542164504528], [-0.4675373136997223, -0.04585202783346176], [-0.6942717432975769, -0.20634779334068298], [-0.578062891960144, -0.08662930130958557], [-0.7412885427474976, 0.19934384524822235]]",True
early_neutral,5,1254,0.5821392869043652,1,[0],"[[-0.9117724895477295, -0.025140879675745964], [-0.45404455065727234, -0.04815709590911865], [-0.6942717432975769, -0.20634779334068298], [-0.5847421884536743, -0.08247757703065872], [-0.7502611875534058, 0.20064027607440948]]",True
early_neutral,5,1255,0.5818060646451183,1,[0],"[[-0.9111276865005493, -0.02365822158753872], [-0.4404546916484833, -0.05049709975719452], [-0.6942717432975769, -0.20634779334068298], [-0.5930935144424438, -0.07881750166416168], [-0.759250819683075, 0.20188575983047485]]",True
early_neutral,5,1256,0.5814728423858714,1,[0],"[[-0.9096617102622986, -0.020469198003411293], [-0.4267764091491699, -0.052827250212430954], [-0.6942717432975769, -0.20634779334068298], [-0.6018022894859314, -0.07505816221237183], [-0.7675756216049194, 0.20298172533512115]]",True
early_neutral,5,1257,0.5811396201266245,1,[0],"[[-0.9074447154998779, -0.016001960262656212], [-0.4130345582962036, -0.05515791103243828], [-0.6942717432975769, -0.20634779334068298], [-0.6111161708831787, -0.07102330029010773], [-0.7739353179931641, 0.2036130726337433]]",True
early_neutral,5,1258,0.5808063978673775,1,[0],"[[-0.9049933552742004, -0.010901248082518578], [-0.3992714583873749, -0.0575549453496933], [-0.6942717432975769, -0.20634779334068298], [-0.6209340691566467, -0.06669853627681732], [-0.7803344130516052, 0.2040429264307022]]",True
early_neutral,5,1259,0.5804731756081306,1,[0],"[[-0.9037755727767944, -0.005614896770566702], [-0.385502427816391, -0.060025181621313095], [-0.6942717432975769, -0.20634779334068298], [-0.6310672163963318, -0.06203078106045723], [-0.7867639064788818, 0.20406483113765717]]",False
early_neutral,5,1260,0.5801399533488837,1,[0],"[[-0.9041943550109863, -0.000778870889917016], [-0.37172114849090576, -0.0625310018658638], [-0.6942717432975769, -0.20634779334068298], [-0.641238272190094, -0.0569191575050354], [-0.7931469678878784, 0.20356209576129913]]",False
early_neutral,5,1261,0.5798067310896368,1,[0],"[[-0.9044392704963684, 0.0033859366085380316], [-0.3579249680042267, -0.0650506466627121], [-0.6928923726081848, -0.2065054029226303], [-0.6501030921936035, -0.051866982132196426], [-0.7981209754943848, 0.20287255942821503]]",False
early_neutral,5,1262,0.5794735088303898,1,[0],"[[-0.9044486880302429, 0.006242209579795599], [-0.34404265880584717, -0.06739471852779388], [-0.6889930367469788, -0.20685075223445892], [-0.6552404761314392, -0.04863175377249718], [-0.7995143532752991, 0.20267489552497864]]",False
early_neutral,5,1263,0.5791402865711429,1,[0],"[[-0.9043285846710205, 0.006866311654448509], [-0.32996588945388794, -0.06901108473539352], [-0.6837507486343384, -0.20714932680130005], [-0.6584881544113159, -0.04624834284186363], [-0.7994347214698792, 0.2028166800737381]]",False
early_neutral,5,1264,0.578807064311896,1,[0],"[[-0.9039538502693176, 0.006402201950550079], [-0.31600600481033325, -0.06947612017393112], [-0.6771470308303833, -0.20747634768486023], [-0.6626613140106201, -0.04343467950820923], [-0.7973185777664185, 0.20447514951229095]]",False
early_neutral,5,1265,0.5784738420526491,1,[0],"[[-0.902277946472168, 0.004323684610426426], [-0.302180677652359, -0.06988026946783066], [-0.6692782640457153, -0.20786474645137787], [-0.6670321226119995, -0.0407511331140995], [-0.7939249873161316, 0.20664076507091522]]",False
early_neutral,5,1266,0.5781406197934021,1,[0],"[[-0.8997742533683777, 0.001408940996043384], [-0.28847870230674744, -0.07059908658266068], [-0.6603198051452637, -0.20830029249191284], [-0.6691017746925354, -0.039889656007289886], [-0.7891796827316284, 0.20913462340831757]]",False
early_neutral,5,1267,0.5778073975341553,1,[0],"[[-0.8963605761528015, -0.0022714000660926104], [-0.27504873275756836, -0.07117359340190887], [-0.6504530906677246, -0.20876610279083252], [-0.6701148152351379, -0.03976793587207794], [-0.7838931083679199, 0.21151907742023468]]",False
early_neutral,5,1268,0.5774741752749084,1,[0],"[[-0.8919101357460022, -0.006568175740540028], [-0.261684775352478, -0.07199437916278839], [-0.6398777365684509, -0.2092384248971939], [-0.6702839732170105, -0.03980843722820282], [-0.7783738374710083, 0.2136697918176651]]",True
early_neutral,5,1269,0.5771409530156615,1,[0],"[[-0.8881018161773682, -0.010634453035891056], [-0.24840882420539856, -0.07295107841491699], [-0.6290177702903748, -0.2096220701932907], [-0.6702839732170105, -0.03980843722820282], [-0.772756040096283, 0.21571025252342224]]",True
early_neutral,5,1270,0.5768077307564146,1,[0],"[[-0.8887513875961304, -0.01313212513923645], [-0.23477864265441895, -0.07453112304210663], [-0.6175103783607483, -0.20992587506771088], [-0.6708702445030212, -0.03938870131969452], [-0.7670596837997437, 0.21765626966953278]]",True
early_neutral,5,1271,0.5764745084971676,1,[0],"[[-0.8930578231811523, -0.014165220782160759], [-0.2209799885749817, -0.07625457644462585], [-0.6054111123085022, -0.21019189059734344], [-0.6707746982574463, -0.03813270851969719], [-0.7612884640693665, 0.21950651705265045]]",True
early_neutral,5,1272,0.5761412862379207,1,[0],"[[-0.898601233959198, -0.014006195589900017], [-0.2070881724357605, -0.0779491513967514], [-0.5928177833557129, -0.21041272580623627], [-0.6712545156478882, -0.035666272044181824], [-0.7555171847343445, 0.2213566154241562]]",True
early_neutral,5,1273,0.5758080639786738,1,[0],"[[-0.9034045338630676, -0.012068131007254124], [-0.19311803579330444, -0.07959343492984772], [-0.5809228420257568, -0.2106076180934906], [-0.6715766191482544, -0.03231247887015343], [-0.7498378157615662, 0.2233232855796814]]",True
early_neutral,5,1274,0.5754748417194269,1,[0],"[[-0.9075183272361755, -0.00912630744278431], [-0.17910291254520416, -0.08124962449073792], [-0.5716671943664551, -0.21097810566425323], [-0.6720847487449646, -0.028739845380187035], [-0.7442541122436523, 0.22540289163589478]]",True
early_neutral,5,1275,0.5751416194601799,1,[0],"[[-0.9109219908714294, -0.005822582170367241], [-0.1651005893945694, -0.08307387679815292], [-0.5627803802490234, -0.2114979326725006], [-0.6732323169708252, -0.02456163428723812], [-0.7387633919715881, 0.2275848388671875]]",True
early_neutral,5,1276,0.574808397200933,1,[0],"[[-0.9127992987632751, -0.002394064562395215], [-0.1511220782995224, -0.08505865186452866], [-0.5565046072006226, -0.2106074094772339], [-0.6740001440048218, -0.019093390554189682], [-0.7333675622940063, 0.22986485064029694]]",True
early_neutral,5,1277,0.5744751749416861,1,[0],"[[-0.9128409028053284, 0.0010545911500230432], [-0.13712140917778015, -0.08704004436731339], [-0.5515152812004089, -0.20798064768314362], [-0.6737017035484314, -0.013146688230335712], [-0.7279775142669678, 0.2321508377790451]]",True
early_neutral,5,1278,0.5741419526824392,1,[0],"[[-0.9127575755119324, 0.0043953279964625835], [-0.12308816611766815, -0.08897030353546143], [-0.5482056140899658, -0.20418472588062286], [-0.6733112335205078, -0.007071473635733128], [-0.722541868686676, 0.23439063131809235]]",True
early_neutral,5,1279,0.5738087304231922,1,[0],"[[-0.9127398729324341, 0.006490707863122225], [-0.10902056097984314, -0.09082981944084167], [-0.5469802021980286, -0.1990704983472824], [-0.6720831394195557, -0.0007878816104494035], [-0.7170642614364624, 0.23658575117588043]]",True
early_neutral,5,1280,0.5734755081639453,1,[0],"[[-0.912676990032196, 0.008078708313405514], [-0.09491532295942307, -0.09259478002786636], [-0.5464730262756348, -0.1932307481765747], [-0.6702015399932861, 0.005374591797590256], [-0.711700975894928, 0.23886801302433014]]",True
early_neutral,5,1281,0.5731422859046984,1,[0],"[[-0.9125123023986816, 0.009195663034915924], [-0.08078938722610474, -0.09431145340204239], [-0.5458757281303406, -0.18726256489753723], [-0.6693673729896545, 0.011010481975972652], [-0.7066952586174011, 0.24040256440639496]]",True
early_neutral,5,1282,0.5728090636454515,1,[0],"[[-0.9120570421218872, 0.011486339382827282], [-0.06671476364135742, -0.09621327370405197], [-0.5451784133911133, -0.18129895627498627], [-0.669526994228363, 0.016986068338155746], [-0.7016032338142395, 0.24066320061683655]]",True
early_neutral,5,1283,0.5724758413862046,1,[0],"[[-0.9114468097686768, 0.014039372093975544], [-0.05270996689796448, -0.09833267331123352], [-0.5445361733436584, -0.17533278465270996], [-0.6698923110961914, 0.023061851039528847], [-0.6957530379295349, 0.24033455550670624]]",True
early_neutral,5,1284,0.5721426191269576,1,[0],"[[-0.9108612537384033, 0.016296885907649994], [-0.03884408250451088, -0.10081315040588379], [-0.5440374612808228, -0.16936080157756805], [-0.6703313589096069, 0.028921393677592278], [-0.6908465623855591, 0.2379126101732254]]",True
early_neutral,5,1285,0.5718093968677108,1,[0],"[[-0.9101443886756897, 0.018945785239338875], [-0.02517927624285221, -0.10373246669769287], [-0.5428164601325989, -0.16336113214492798], [-0.6705777645111084, 0.034817129373550415], [-0.6869909763336182, 0.23456797003746033]]",True
early_neutral,5,1286,0.5714761746084639,1,[0],"[[-0.9094869494438171, 0.021282754838466644], [-0.012486517429351807, -0.1067911759018898], [-0.5377479791641235, -0.15778984129428864], [-0.6705914735794067, 0.040996093302965164], [-0.6838449835777283, 0.2309190183877945]]",True
early_neutral,5,1287,0.571142952349217,1,[0],"[[-0.9091571569442749, 0.02324521541595459], [-0.0036537351552397013, -0.10911949723958969], [-0.530362606048584, -0.15277767181396484], [-0.6699729561805725, 0.04725209251046181], [-0.6814106702804565, 0.22704647481441498]]",True
early_neutral,5,1288,0.57080973008997,1,[0],"[[-0.9091556668281555, 0.02386450208723545], [0.0017309733666479588, -0.11101804673671722], [-0.5222967863082886, -0.14808432757854462], [-0.6674941778182983, 0.051961448043584824], [-0.6794159412384033, 0.22306618094444275]]",True
early_neutral,5,1289,0.5704765078307231,1,[0],"[[-0.9078710079193115, 0.02406536042690277], [0.0031764432787895203, -0.11154437065124512], [-0.5133625864982605, -0.14345848560333252], [-0.6636713743209839, 0.05550563707947731], [-0.6774951219558716, 0.21907053887844086]]",True
early_neutral,5,1290,0.5701432855714762,1,[0],"[[-0.9037777185440063, 0.024853691458702087], [0.0031764432787895203, -0.11154437065124512], [-0.5037171244621277, -0.13879866898059845], [-0.6582590341567993, 0.05901648849248886], [-0.6755198240280151, 0.2150871902704239]]",True
early_neutral,5,1291,0.5698100633122293,1,[0],"[[-0.8988381028175354, 0.026148375123739243], [0.0031764432787895203, -0.11154437065124512], [-0.49345895648002625, -0.1341233253479004], [-0.6515299081802368, 0.06301361322402954], [-0.6728625297546387, 0.21127748489379883]]",True
early_neutral,5,1292,0.5694768410529824,1,[0],"[[-0.8955137133598328, 0.02721886895596981], [0.0031764432787895203, -0.11154437065124512], [-0.48266664147377014, -0.12949465215206146], [-0.645046591758728, 0.0672530010342598], [-0.6694746017456055, 0.20772196352481842]]",True
early_neutral,5,1293,0.5691436187937354,1,[0],"[[-0.8925084471702576, 0.028376003727316856], [0.0031764432787895203, -0.11154437065124512], [-0.47148460149765015, -0.12488444149494171], [-0.6378757357597351, 0.0713886171579361], [-0.6645082831382751, 0.20536504685878754]]",True
early_neutral,5,1294,0.5688103965344885,1,[0],"[[-0.8893270492553711, 0.02971397340297699], [0.0031764432787895203, -0.11154437065124512], [-0.4599595367908478, -0.1203368529677391], [-0.630864679813385, 0.07427063584327698], [-0.6587181091308594, 0.20369172096252441]]",True
early_neutral,5,1295,0.5684771742752416,1,[0],"[[-0.8857170343399048, 0.031019968912005424], [0.0031764432787895203, -0.11154437065124512], [-0.4481985867023468, -0.11581132560968399], [-0.6241879463195801, 0.07588215172290802], [-0.6526890397071838, 0.20271804928779602]]",True
early_neutral,5,1296,0.5681439520159947,1,[0],"[[-0.8818866014480591, 0.03208764269948006], [0.0031764432787895203, -0.11154437065124512], [-0.4362607002258301, -0.1113000363111496], [-0.6172484755516052, 0.07607192546129227], [-0.6465199589729309, 0.20320402085781097]]",True
early_neutral,5,1297,0.5678107297567477,1,[0],"[[-0.8771370649337769, 0.031624164432287216], [0.0031764432787895203, -0.11154437065124512], [-0.4242027997970581, -0.1067831739783287], [-0.6088014245033264, 0.07552099972963333], [-0.6401451230049133, 0.20408274233341217]]",True
early_neutral,5,1298,0.5674775074975008,1,[0],"[[-0.872886061668396, 0.03004201501607895], [0.004515908658504486, -0.11187545210123062], [-0.41211146116256714, -0.1021970734000206], [-0.5995267033576965, 0.07518059760332108], [-0.6326704621315002, 0.20491252839565277]]",True
early_neutral,5,1299,0.5671442852382539,1,[0],"[[-0.8694309592247009, 0.02839152328670025], [0.008268894627690315, -0.11262200027704239], [-0.400010883808136, -0.0975409671664238], [-0.5902934074401855, 0.07518965005874634], [-0.6239425539970398, 0.20560912787914276]]",True
early_neutral,5,1300,0.566811062979007,1,[0],"[[-0.8660597205162048, 0.02675742842257023], [0.013414070941507816, -0.11334790289402008], [-0.38796162605285645, -0.09276926517486572], [-0.580949604511261, 0.07525209337472916], [-0.6147766709327698, 0.20611123740673065]]",True
early_neutral,5,1301,0.56647784071976,1,[0],"[[-0.8625198006629944, 0.025022754445672035], [0.01975443959236145, -0.11409922689199448], [-0.3759898841381073, -0.08787164837121964], [-0.5716075897216797, 0.07538612931966782], [-0.6055994033813477, 0.2064359039068222]]",True
early_neutral,5,1302,0.5661446184605131,1,[0],"[[-0.8600243330001831, 0.023729247972369194], [0.027077965438365936, -0.11488080769777298], [-0.3641052842140198, -0.08285217732191086], [-0.5628881454467773, 0.07553683966398239], [-0.5964115858078003, 0.20659202337265015]]",True
early_neutral,5,1303,0.5658113962012662,1,[0],"[[-0.8588901162147522, 0.022948473691940308], [0.03493156284093857, -0.11562662571668625], [-0.35231584310531616, -0.07771456986665726], [-0.5539036989212036, 0.07561628520488739], [-0.5872206687927246, 0.20662333071231842]]",True
early_neutral,5,1304,0.5654781739420194,1,[0],"[[-0.8586442470550537, 0.022806379944086075], [0.04265347495675087, -0.1161554753780365], [-0.34064969420433044, -0.07244157791137695], [-0.5445603132247925, 0.07562482357025146], [-0.5780305862426758, 0.20653605461120605]]",True
early_neutral,5,1305,0.5651449516827725,1,[0],"[[-0.8554390072822571, 0.022662807255983353], [0.04550939053297043, -0.11611315608024597], [-0.32922348380088806, -0.06693801283836365], [-0.5349924564361572, 0.07561015337705612], [-0.5688435435295105, 0.20635919272899628]]",True
early_neutral,5,1306,0.5648117294235255,1,[0],"[[-0.85148024559021, 0.02287445403635502], [0.04539942368865013, -0.11613540351390839], [-0.31806859374046326, -0.06119438260793686], [-0.5258013010025024, 0.07561179250478745], [-0.5596604347229004, 0.20610924065113068]]",True
early_neutral,5,1307,0.5644785071642786,1,[0],"[[-0.847208559513092, 0.02307342365384102], [0.04212561622262001, -0.11670202761888504], [-0.30740416049957275, -0.05506422370672226], [-0.5153388977050781, 0.07574416697025299], [-0.5517293214797974, 0.20584455132484436]]",True
early_neutral,5,1308,0.5641452849050317,1,[0],"[[-0.8425609469413757, 0.02329452522099018], [0.03744228184223175, -0.11769101768732071], [-0.2973876893520355, -0.04848289117217064], [-0.5072968602180481, 0.07456647604703903], [-0.5453056693077087, 0.2056092917919159]]",True
early_neutral,5,1309,0.5638120626457848,1,[0],"[[-0.8379175662994385, 0.023443572223186493], [0.031444404274225235, -0.11910471320152283], [-0.288445383310318, -0.042008399963378906], [-0.5010333061218262, 0.07254759967327118], [-0.5388838648796082, 0.20535396039485931]]",True
early_neutral,5,1310,0.5634788403865378,1,[0],"[[-0.8347546458244324, 0.02159125544130802], [0.024160349741578102, -0.12083578109741211], [-0.2828966975212097, -0.03675359487533569], [-0.49588853120803833, 0.06939870119094849], [-0.5324671268463135, 0.20504891872406006]]",True
early_neutral,5,1311,0.5631456181272909,1,[0],"[[-0.8344770669937134, 0.01852155663073063], [0.015751414000988007, -0.12284927070140839], [-0.2800518274307251, -0.03128502517938614], [-0.4912131428718567, 0.06426346302032471], [-0.5260576605796814, 0.20468568801879883]]",True
early_neutral,5,1312,0.562812395868044,1,[0],"[[-0.8348615765571594, 0.016277221962809563], [0.0064103007316589355, -0.12508536875247955], [-0.2794542610645294, -0.02704703062772751], [-0.4846183657646179, 0.06133786216378212], [-0.5196664929389954, 0.20425397157669067]]",True
early_neutral,5,1313,0.5624791736087971,1,[0],"[[-0.8356032371520996, 0.014584794640541077], [-0.003720231121405959, -0.127507284283638], [-0.2806888520717621, -0.022940542548894882], [-0.4779708683490753, 0.059889234602451324], [-0.5134367942810059, 0.20375213027000427]]",True
early_neutral,5,1314,0.5621459513495501,1,[0],"[[-0.8353387713432312, 0.014330776408314705], [-0.014566157944500446, -0.13009680807590485], [-0.2821536660194397, -0.01889507658779621], [-0.4709056317806244, 0.059754181653261185], [-0.5070685744285583, 0.20315629243850708]]",True
early_neutral,5,1315,0.5618127290903032,1,[0],"[[-0.8320927023887634, 0.015182800590991974], [-0.0260197464376688, -0.13282471895217896], [-0.28395876288414, -0.014996426180005074], [-0.46441319584846497, 0.05873013287782669], [-0.5007118582725525, 0.2025126963853836]]",True
early_neutral,5,1316,0.5614795068310563,1,[0],"[[-0.8281531929969788, 0.01620853692293167], [-0.03795395791530609, -0.1356602907180786], [-0.2861851751804352, -0.011069171130657196], [-0.45603758096694946, 0.0582912378013134], [-0.49450409412384033, 0.20191901922225952]]",True
early_neutral,5,1317,0.5611462845718094,1,[0],"[[-0.8246349692344666, 0.017043592408299446], [-0.05026508867740631, -0.13857689499855042], [-0.2880162298679352, -0.00812526699155569], [-0.446789026260376, 0.0582929365336895], [-0.48813021183013916, 0.2013489454984665]]",True
early_neutral,5,1318,0.5608130623125624,1,[0],"[[-0.8211528062820435, 0.01767711155116558], [-0.06286951899528503, -0.14155332744121552], [-0.28813061118125916, -0.007884351536631584], [-0.43744492530822754, 0.058339085429906845], [-0.48174890875816345, 0.20082589983940125]]",True
early_neutral,5,1319,0.5604798400533155,1,[0],"[[-0.8178894519805908, 0.018114706501364708], [-0.07569677382707596, -0.14458048343658447], [-0.2860562801361084, -0.007791157811880112], [-0.4281017780303955, 0.05843522399663925], [-0.475495308637619, 0.2004004865884781]]",True
early_neutral,5,1320,0.5601466177940686,1,[0],"[[-0.8155677318572998, 0.018388038501143456], [-0.08869360387325287, -0.1476479321718216], [-0.2818593680858612, -0.007874811068177223], [-0.41846519708633423, 0.0584661103785038], [-0.46910154819488525, 0.20006102323532104]]",True
early_neutral,5,1321,0.5598133955348217,1,[0],"[[-0.8153290152549744, 0.01841421239078045], [-0.1003587394952774, -0.1504012644290924], [-0.27638131380081177, -0.008361219428479671], [-0.4091493785381317, 0.05849612504243851], [-0.4626794159412384, 0.19981221854686737]]",True
early_neutral,5,1322,0.5594801732755748,1,[0],"[[-0.8153290152549744, 0.01841421239078045], [-0.10764573514461517, -0.15212120115756989], [-0.26990437507629395, -0.009020271711051464], [-0.3997482359409332, 0.05847012624144554], [-0.45633041858673096, 0.19962702691555023]]",True
early_neutral,5,1323,0.5591469510163279,1,[0],"[[-0.8153290152549744, 0.01841421239078045], [-0.1091979444026947, -0.15249192714691162], [-0.2625197470188141, -0.009809627197682858], [-0.3901956379413605, 0.0584130696952343], [-0.4499824047088623, 0.19949465990066528]]",True
early_neutral,5,1324,0.558813728757081,1,[0],"[[-0.8140206933021545, 0.018521660938858986], [-0.10588128864765167, -0.15198764204978943], [-0.25453317165374756, -0.010704448446631432], [-0.3810044527053833, 0.058414023369550705], [-0.4435356855392456, 0.19941295683383942]]",True
early_neutral,5,1325,0.5584805064978341,1,[0],"[[-0.8097667098045349, 0.01875349134206772], [-0.10094019770622253, -0.15169832110404968], [-0.24558106064796448, -0.011674598790705204], [-0.3713667690753937, 0.05829605832695961], [-0.43621551990509033, 0.19936871528625488]]",True
early_neutral,5,1326,0.5581472842385872,1,[0],"[[-0.8039618730545044, 0.018828852102160454], [-0.09456568211317062, -0.15156623721122742], [-0.23675289750099182, -0.012502836063504219], [-0.3620506823062897, 0.05826307088136673], [-0.42764827609062195, 0.19937007129192352]]",True
early_neutral,5,1327,0.5578140619793402,1,[0],"[[-0.7986207604408264, 0.018771309405565262], [-0.0868571326136589, -0.15144364535808563], [-0.23179124295711517, -0.01262645237147808], [-0.3526494801044464, 0.0581660121679306], [-0.41979533433914185, 0.19940491020679474]]",True
early_neutral,5,1328,0.5574808397200933,1,[0],"[[-0.7933595180511475, 0.01865364983677864], [-0.07797732204198837, -0.1513352394104004], [-0.23105637729167938, -0.012571804225444794], [-0.34309688210487366, 0.057998981326818466], [-0.4169471561908722, 0.1994181126356125]]",True
early_neutral,5,1329,0.5571476174608464,1,[0],"[[-0.7888195514678955, 0.018509216606616974], [-0.0687878429889679, -0.15122008323669434], [-0.2331215739250183, -0.012874138541519642], [-0.3339056968688965, 0.057998981326818466], [-0.416769415140152, 0.19941893219947815]]",True
early_neutral,5,1330,0.5568143952015995,1,[0],"[[-0.7849334478378296, 0.018370483070611954], [-0.059598520398139954, -0.15109993517398834], [-0.23727869987487793, -0.013567511923611164], [-0.32426801323890686, 0.05762472748756409], [-0.416769415140152, 0.19941893219947815]]",True
early_neutral,5,1331,0.5564811729423526,1,[0],"[[-0.7811689972877502, 0.01822957955300808], [-0.05040948837995529, -0.1509707272052765], [-0.24173200130462646, -0.014412131160497665], [-0.31495192646980286, 0.05751999467611313], [-0.416769415140152, 0.19941893219947815]]",True
early_neutral,5,1332,0.5561479506831056,1,[0],"[[-0.7781933546066284, 0.018218711018562317], [-0.041220810264348984, -0.15083138644695282], [-0.2421616166830063, -0.014497834257781506], [-0.3056880235671997, 0.05752403289079666], [-0.416769415140152, 0.19941893219947815]]",True
early_neutral,5,1333,0.5558147284238587,1,[0],"[[-0.7777073979377747, 0.018236376345157623], [-0.03203268349170685, -0.15067735314369202], [-0.24198588728904724, -0.015846170485019684], [-0.29535192251205444, 0.05674555152654648], [-0.416769415140152, 0.19941893219947815]]",True
early_neutral,5,1334,0.5554815061646118,1,[0],"[[-0.7756497859954834, 0.018361637368798256], [-0.02284540981054306, -0.1505032330751419], [-0.2412809580564499, -0.01853995956480503], [-0.2870127856731415, 0.05752766132354736], [-0.41646015644073486, 0.19952650368213654]]",True
early_neutral,5,1335,0.5551482839053649,1,[0],"[[-0.7716087698936462, 0.01845734752714634], [-0.013659274205565453, -0.15030543506145477], [-0.24016551673412323, -0.021342791616916656], [-0.2805418372154236, 0.05946873500943184], [-0.4137718379497528, 0.2004634588956833]]",True
early_neutral,5,1336,0.5548150616461179,1,[0],"[[-0.7675052881240845, 0.018420467153191566], [-0.004475477151572704, -0.15006612241268158], [-0.2400694638490677, -0.02157389000058174], [-0.2754323482513428, 0.0625317320227623], [-0.4098944664001465, 0.2018185257911682]]",True
early_neutral,5,1337,0.554481839386871,1,[0],"[[-0.7641268372535706, 0.020245011895895004], [0.0047053867019712925, -0.14978310465812683], [-0.2400694638490677, -0.02157389000058174], [-0.2682878375053406, 0.0652250349521637], [-0.4047487676143646, 0.20344209671020508]]",True
early_neutral,5,1338,0.5541486171276241,1,[0],"[[-0.7630781531333923, 0.023604866117239], [0.013883784413337708, -0.14946791529655457], [-0.2400694638490677, -0.02157389000058174], [-0.26101019978523254, 0.0687587559223175], [-0.3991532027721405, 0.20481152832508087]]",True
early_neutral,5,1339,0.5538153948683772,1,[0],"[[-0.7624351382255554, 0.026572514325380325], [0.023060021921992302, -0.14912712574005127], [-0.23930174112319946, -0.02150607667863369], [-0.2544819712638855, 0.07300767302513123], [-0.39295297861099243, 0.20592400431632996]]",True
early_neutral,5,1340,0.5534821726091302,1,[0],"[[-0.7617231607437134, 0.029454641044139862], [0.0322343073785305, -0.1487646996974945], [-0.23563919961452484, -0.021258946508169174], [-0.24760842323303223, 0.07687961310148239], [-0.3862365782260895, 0.206689715385437]]",True
early_neutral,5,1341,0.5531489503498833,1,[0],"[[-0.7609116435050964, 0.032389797270298004], [0.041407469660043716, -0.14839042723178864], [-0.23060500621795654, -0.02105887047946453], [-0.24044391512870789, 0.07971302419900894], [-0.3781701326370239, 0.20702651143074036]]",True
early_neutral,5,1342,0.5528157280906365,1,[0],"[[-0.7592387199401855, 0.03499123454093933], [0.05057938024401665, -0.1480034589767456], [-0.22439734637737274, -0.020524006336927414], [-0.23362039029598236, 0.08183693140745163], [-0.36910220980644226, 0.20675894618034363]]",True
early_neutral,5,1343,0.5524825058313896,1,[0],"[[-0.754760205745697, 0.03513891249895096], [0.059748273342847824, -0.1475873440504074], [-0.218195378780365, -0.019422149285674095], [-0.2270473688840866, 0.08247685432434082], [-0.3599664866924286, 0.20610925555229187]]",True
early_neutral,5,1344,0.5521492835721427,1,[0],"[[-0.7504203915596008, 0.03360192850232124], [0.06891338527202606, -0.1471373289823532], [-0.2121715098619461, -0.017960339784622192], [-0.21959543228149414, 0.08261515200138092], [-0.3508943021297455, 0.2051539421081543]]",True
early_neutral,5,1345,0.5518160613128957,1,[0],"[[-0.7471907734870911, 0.03201580420136452], [0.07587925344705582, -0.14680281281471252], [-0.20625413954257965, -0.016613241285085678], [-0.21148180961608887, 0.08288674056529999], [-0.3436366617679596, 0.20424863696098328]]",True
early_neutral,5,1346,0.5514828390536488,1,[0],"[[-0.7439371347427368, 0.030027788132429123], [0.07730256021022797, -0.14674372971057892], [-0.20012952387332916, -0.015331332571804523], [-0.20253607630729675, 0.08333197981119156], [-0.33732032775878906, 0.2034521996974945]]",True
early_neutral,5,1347,0.5511496167944019,1,[0],"[[-0.7412640452384949, 0.028019841760396957], [0.07810761779546738, -0.1468038260936737], [-0.19396691024303436, -0.014191700145602226], [-0.19475914537906647, 0.08394157141447067], [-0.33099550008773804, 0.20268620550632477]]",True
early_neutral,5,1348,0.550816394535155,1,[0],"[[-0.7403702139854431, 0.027194561436772346], [0.08177545666694641, -0.1468922644853592], [-0.1879306584596634, -0.013406461104750633], [-0.18615254759788513, 0.08511243760585785], [-0.32461756467819214, 0.202140212059021]]",True
early_neutral,5,1349,0.550483172275908,1,[0],"[[-0.7401263117790222, 0.02686123736202717], [0.08706019073724747, -0.1465771347284317], [-0.18157802522182465, -0.01294743176549673], [-0.17752070724964142, 0.08547224849462509], [-0.31820136308670044, 0.201839879155159]]",True
early_neutral,5,1350,0.5501499500166611,1,[0],"[[-0.7388302683830261, 0.027028191834688187], [0.09391117841005325, -0.14587438106536865], [-0.1751486361026764, -0.012818516232073307], [-0.16824105381965637, 0.08551299571990967], [-0.3118095397949219, 0.2017059028148651]]",True
early_neutral,5,1351,0.5498167277574142,1,[0],"[[-0.734696626663208, 0.02738703042268753], [0.10092666745185852, -0.14514878392219543], [-0.1687956601381302, -0.0127195343375206], [-0.1590278148651123, 0.08542893081903458], [-0.30550849437713623, 0.2016921490430832]]",True
early_neutral,5,1352,0.5494835054981673,1,[0],"[[-0.7302015423774719, 0.027484197169542313], [0.1080491691827774, -0.14432641863822937], [-0.16244976222515106, -0.012561265379190445], [-0.1506732702255249, 0.0852852538228035], [-0.2990769147872925, 0.20179732143878937]]",True
early_neutral,5,1353,0.5491502832389203,1,[0],"[[-0.7276377081871033, 0.02734360285103321], [0.11522973328828812, -0.14338111877441406], [-0.15602482855319977, -0.012342956848442554], [-0.14163362979888916, 0.08523105084896088], [-0.29203635454177856, 0.20205815136432648]]",True
early_neutral,5,1354,0.5488170609796734,1,[0],"[[-0.7267801761627197, 0.027217907831072807], [0.12247111648321152, -0.14232531189918518], [-0.14963077008724213, -0.012151421047747135], [-0.13179370760917664, 0.08526720106601715], [-0.2837439179420471, 0.20257066190242767]]",True
early_neutral,5,1355,0.5484838387204265,1,[0],"[[-0.7256900668144226, 0.026863180100917816], [0.12973648309707642, -0.14129452407360077], [-0.14333076775074005, -0.012035883031785488], [-0.1229262426495552, 0.08601502329111099], [-0.275351345539093, 0.20326173305511475]]",True
early_neutral,5,1356,0.5481506164611796,1,[0],"[[-0.7216858267784119, 0.026541363447904587], [0.13699598610401154, -0.14037781953811646], [-0.13689738512039185, -0.011991660110652447], [-0.11609967052936554, 0.0878303200006485], [-0.26896509528160095, 0.20376987755298615]]",True
early_neutral,5,1357,0.5478173942019327,1,[0],"[[-0.7170078754425049, 0.026288485154509544], [0.14454908668994904, -0.1394621729850769], [-0.13051103055477142, -0.011876569129526615], [-0.11096537113189697, 0.09067365527153015], [-0.26257267594337463, 0.20424261689186096]]",True
early_neutral,5,1358,0.5474841719426857,1,[0],"[[-0.7130733132362366, 0.02748812735080719], [0.15224529802799225, -0.13865673542022705], [-0.1242767870426178, -0.011519347317516804], [-0.10534485429525375, 0.09448865056037903], [-0.256205290555954, 0.2046194225549698]]",True
early_neutral,5,1359,0.5471509496834388,1,[0],"[[-0.7116072773933411, 0.03087279014289379], [0.15990717709064484, -0.13807477056980133], [-0.11791379749774933, -0.010904010385274887], [-0.0988333597779274, 0.09911701083183289], [-0.2499159574508667, 0.2048652172088623]]",True
early_neutral,5,1360,0.546817727424192,1,[0],"[[-0.7110589146614075, 0.03421546146273613], [0.16844221949577332, -0.13752248883247375], [-0.11203901469707489, -0.009536736644804478], [-0.09331656992435455, 0.10344316065311432], [-0.2434852123260498, 0.2049892544746399]]",True
early_neutral,5,1361,0.5464845051649451,1,[0],"[[-0.7110893726348877, 0.0370846651494503], [0.17759883403778076, -0.13700473308563232], [-0.10706406831741333, -0.007087070494890213], [-0.0905529335141182, 0.1067693829536438], [-0.23706066608428955, 0.20507776737213135]]",True
early_neutral,5,1362,0.5461512829056981,1,[0],"[[-0.7116643786430359, 0.039956025779247284], [0.18676358461380005, -0.13655179738998413], [-0.10206566005945206, -0.004453633911907673], [-0.09048710018396378, 0.11005809158086777], [-0.23078812658786774, 0.20523981750011444]]",True
early_neutral,5,1363,0.5458180606464512,1,[0],"[[-0.714804470539093, 0.042819663882255554], [0.19401945173740387, -0.13602901995182037], [-0.09704773128032684, -0.0018334698397666216], [-0.09286824613809586, 0.11364299058914185], [-0.2243652641773224, 0.20548292994499207]]",True
early_neutral,5,1364,0.5454848383872043,1,[0],"[[-0.7207314372062683, 0.04499029368162155], [0.1959957778453827, -0.13569572567939758], [-0.09210297465324402, 0.0008449567831121385], [-0.09673953801393509, 0.11677546799182892], [-0.21949556469917297, 0.20569182932376862]]",True
early_neutral,5,1365,0.5451516161279574,1,[0],"[[-0.7266623377799988, 0.046320535242557526], [0.19531409442424774, -0.13588041067123413], [-0.0872514471411705, 0.003584651043638587], [-0.10087127983570099, 0.1195477619767189], [-0.21910825371742249, 0.2056989073753357]]",True
early_neutral,5,1366,0.5448183938687104,1,[0],"[[-0.7320112586021423, 0.04720936343073845], [0.19182509183883667, -0.13674938678741455], [-0.08261089771986008, 0.006333836819976568], [-0.10451675206422806, 0.12206161767244339], [-0.21914714574813843, 0.20705275237560272]]",True
early_neutral,5,1367,0.5444851716094635,1,[0],"[[-0.7369861006736755, 0.04766121134161949], [0.18688242137432098, -0.13782775402069092], [-0.07795731723308563, 0.00922469049692154], [-0.1067582219839096, 0.12364713847637177], [-0.21948003768920898, 0.20978739857673645]]",True
early_neutral,5,1368,0.5441519493502166,1,[0],"[[-0.7391209006309509, 0.04578796401619911], [0.18052883446216583, -0.1391313523054123], [-0.0733519122004509, 0.012143882922828197], [-0.10766217112541199, 0.12425848096609116], [-0.2200961858034134, 0.21272002160549164]]",True
early_neutral,5,1369,0.5438187270909697,1,[0],"[[-0.7387807965278625, 0.04317295178771019], [0.1728854477405548, -0.14068157970905304], [-0.06875953078269958, 0.014920850284397602], [-0.10618852078914642, 0.12434646487236023], [-0.22020912170410156, 0.2134174406528473]]",True
early_neutral,5,1370,0.5434855048317228,1,[0],"[[-0.7381553053855896, 0.041211407631635666], [0.16412457823753357, -0.14244160056114197], [-0.06419123709201813, 0.01756124757230282], [-0.10449852049350739, 0.12440034747123718], [-0.22020912170410156, 0.2134174406528473]]",True
early_neutral,5,1371,0.5431522825724758,1,[0],"[[-0.7376304864883423, 0.03961040824651718], [0.15444713830947876, -0.14438194036483765], [-0.06295216083526611, 0.018348244950175285], [-0.10339752584695816, 0.12442595511674881], [-0.22020912170410156, 0.2134174406528473]]",True
early_neutral,5,1372,0.5428190603132289,1,[0],"[[-0.7375098466873169, 0.03925006836652756], [0.14398807287216187, -0.1464754194021225], [-0.06295216083526611, 0.018348244950175285], [-0.10242665559053421, 0.12443871051073074], [-0.22020912170410156, 0.2134174406528473]]",True
early_neutral,5,1373,0.542485838053982,1,[0],"[[-0.7375098466873169, 0.03925006836652756], [0.1328146904706955, -0.14870800077915192], [-0.06295216083526611, 0.018348244950175285], [-0.10166588425636292, 0.12444847822189331], [-0.21953146159648895, 0.21376924216747284]]",True
early_neutral,5,1374,0.5421526157947351,1,[0],"[[-0.7375098466873169, 0.03925006836652756], [0.12105028331279755, -0.151051864027977], [-0.06295216083526611, 0.018348244950175285], [-0.10142073780298233, 0.12445052713155746], [-0.21679171919822693, 0.2149636149406433]]",True
early_neutral,5,1375,0.5418193935354881,1,[0],"[[-0.7375098466873169, 0.03925006836652756], [0.10881929844617844, -0.15348131954669952], [-0.06295216083526611, 0.018348244950175285], [-0.10116684436798096, 0.12445265054702759], [-0.21266037225723267, 0.21639885008335114]]",True
early_neutral,5,1376,0.5414861712762412,1,[0],"[[-0.7375098466873169, 0.03925006836652756], [0.09622112661600113, -0.1559699922800064], [-0.061566825956106186, 0.018482904881238937], [-0.10111528635025024, 0.12445307523012161], [-0.2089300900697708, 0.21757641434669495]]",True
early_neutral,5,1377,0.5411529490169943,1,[0],"[[-0.7375098466873169, 0.03925006836652756], [0.08333738893270493, -0.15850061178207397], [-0.05762578547000885, 0.018707696348428726], [-0.1015692874789238, 0.12470236420631409], [-0.20880746841430664, 0.21761563420295715]]",True
early_neutral,5,1378,0.5408197267577474,1,[0],"[[-0.7375098466873169, 0.03925006836652756], [0.07023131102323532, -0.1610569804906845], [-0.05231402441859245, 0.018747543916106224], [-0.10077894479036331, 0.12651130557060242], [-0.20880746841430664, 0.21761563420295715]]",True
early_neutral,5,1379,0.5404865044985006,1,[0],"[[-0.7375604510307312, 0.03945566713809967], [0.05698153376579285, -0.16362114250659943], [-0.045640625059604645, 0.018713535740971565], [-0.10053971409797668, 0.1294357031583786], [-0.20880746841430664, 0.21761563420295715]]",True
early_neutral,5,1380,0.5401532822392536,1,[0],"[[-0.7377663850784302, 0.04139001667499542], [0.04581601917743683, -0.16576912999153137], [-0.03770646080374718, 0.01866021938621998], [-0.10048972070217133, 0.1324877291917801], [-0.20880746841430664, 0.21761563420295715]]",True
early_neutral,5,1381,0.5398200599800067,1,[0],"[[-0.7375006675720215, 0.04418135806918144], [0.036989517509937286, -0.1674371063709259], [-0.028698422014713287, 0.018622394651174545], [-0.10030611604452133, 0.13701246678829193], [-0.20852912962436676, 0.2189573049545288]]",True
early_neutral,5,1382,0.5394868377207598,1,[0],"[[-0.7368378639221191, 0.046943970024585724], [0.02815215475857258, -0.16908054053783417], [-0.018807264044880867, 0.018654216080904007], [-0.10024123638868332, 0.14241980016231537], [-0.20758754014968872, 0.22163057327270508]]",True
early_neutral,5,1383,0.5391536154615129,1,[0],"[[-0.7360734939575195, 0.049549803137779236], [0.01929900236427784, -0.17068758606910706], [-0.008209293708205223, 0.018746616318821907], [-0.10040152817964554, 0.14851270616054535], [-0.20587311685085297, 0.22508952021598816]]",True
early_neutral,5,1384,0.5388203932022659,1,[0],"[[-0.7351298928260803, 0.05231329798698425], [0.01042905729264021, -0.17225489020347595], [0.002667625667527318, 0.018877973780035973], [-0.10068318992853165, 0.15472491085529327], [-0.20413629710674286, 0.22911936044692993]]",True
early_neutral,5,1385,0.538487170943019,1,[0],"[[-0.7341119647026062, 0.05505284667015076], [0.0015294376062229276, -0.1737491488456726], [0.014182728715240955, 0.019048163667321205], [-0.10068274289369583, 0.1607057750225067], [-0.20275472104549408, 0.23317256569862366]]",True
early_neutral,5,1386,0.5381539486837721,1,[0],"[[-0.7330830693244934, 0.058339040726423264], [-0.007402068469673395, -0.17516054213047028], [0.026285972446203232, 0.019217319786548615], [-0.10121036320924759, 0.1669771671295166], [-0.2022441327571869, 0.2349080741405487]]",True
early_neutral,5,1387,0.5378207264245252,1,[0],"[[-0.7320981621742249, 0.06226755678653717], [-0.014615699648857117, -0.17620433866977692], [0.038881704211235046, 0.019334515556693077], [-0.10135800391435623, 0.17303934693336487], [-0.20009034872055054, 0.23587071895599365]]",True
early_neutral,5,1388,0.5374875041652782,1,[0],"[[-0.7313857078552246, 0.06593269854784012], [-0.02094590850174427, -0.17695148289203644], [0.05186299979686737, 0.019402233883738518], [-0.10192649066448212, 0.17903836071491241], [-0.19659925997257233, 0.23728904128074646]]",True
early_neutral,5,1389,0.5371542819060313,1,[0],"[[-0.7311152815818787, 0.06826779246330261], [-0.02649099752306938, -0.17749664187431335], [0.06514351069927216, 0.019426997750997543], [-0.10351351648569107, 0.18457813560962677], [-0.19247984886169434, 0.23953670263290405]]",True
early_neutral,5,1390,0.5368210596467844,1,[0],"[[-0.7309996485710144, 0.07107865065336227], [-0.027353500947356224, -0.177578866481781], [0.0786546841263771, 0.019403580576181412], [-0.1062229722738266, 0.1891142725944519], [-0.18944862484931946, 0.24299608170986176]]",True
early_neutral,5,1391,0.5364878373875375,1,[0],"[[-0.7311192750930786, 0.07346897572278976], [-0.027353500947356224, -0.177578866481781], [0.09234237670898438, 0.019316373392939568], [-0.11043846607208252, 0.19250144064426422], [-0.18700022995471954, 0.24681979417800903]]",True
early_neutral,5,1392,0.5361546151282905,1,[0],"[[-0.7340425848960876, 0.07545013725757599], [-0.027353500947356224, -0.177578866481781], [0.10616398602724075, 0.019152743741869926], [-0.1156548261642456, 0.19600601494312286], [-0.18689988553524017, 0.2508064806461334]]",True
early_neutral,5,1393,0.5358213928690436,1,[0],"[[-0.7396023273468018, 0.07585214823484421], [-0.027353500947356224, -0.177578866481781], [0.12008938938379288, 0.019007954746484756], [-0.12148761004209518, 0.19993175566196442], [-0.1877666413784027, 0.2548898756504059]]",True
early_neutral,5,1394,0.5354881706097967,1,[0],"[[-0.7440697550773621, 0.07589467614889145], [-0.027353500947356224, -0.177578866481781], [0.13409526646137238, 0.018999092280864716], [-0.1283254474401474, 0.20427446067333221], [-0.18873433768749237, 0.2590278089046478]]",True
early_neutral,5,1395,0.5351549483505498,1,[0],"[[-0.7477454543113708, 0.07570061832666397], [-0.027353500947356224, -0.177578866481781], [0.14816045761108398, 0.019083494320511818], [-0.13169711828231812, 0.20882537961006165], [-0.19008652865886688, 0.26312026381492615]]",True
early_neutral,5,1396,0.5348217260913029,1,[0],"[[-0.7514544129371643, 0.07526903599500656], [-0.02759215608239174, -0.17746910452842712], [0.1622713953256607, 0.01904640719294548], [-0.13300345838069916, 0.21313358843326569], [-0.19177693128585815, 0.2671595513820648]]",True
early_neutral,5,1397,0.5344885038320559,1,[0],"[[-0.7533307075500488, 0.0748840793967247], [-0.030349794775247574, -0.17618907988071442], [0.17641396820545197, 0.018859868869185448], [-0.13335612416267395, 0.21802952885627747], [-0.19359569251537323, 0.2711753249168396]]",True
early_neutral,5,1398,0.5341552815728091,1,[0],"[[-0.7535290122032166, 0.07482276111841202], [-0.03433766961097717, -0.17431271076202393], [0.1905806064605713, 0.01861422508955002], [-0.13490281999111176, 0.22390256822109222], [-0.1955159306526184, 0.27517107129096985]]",True
early_neutral,5,1399,0.5338220593135622,1,[0],"[[-0.7514742016792297, 0.07599372416734695], [-0.0370907299220562, -0.17300182580947876], [0.20476672053337097, 0.018361346796154976], [-0.1350475251674652, 0.2299073040485382], [-0.1976177990436554, 0.27912768721580505]]",True
early_neutral,5,1400,0.5334888370543153,1,[0],"[[-0.7483652234077454, 0.07828851789236069], [-0.0371423102915287, -0.17297706007957458], [0.21896785497665405, 0.018109578639268875], [-0.13502584397792816, 0.2359553873538971], [-0.1999451369047165, 0.28303053975105286]]",True
early_neutral,5,1401,0.5331556147950683,1,[0],"[[-0.7458795309066772, 0.08148150891065598], [-0.0371423102915287, -0.17297706007957458], [0.23318113386631012, 0.017879372462630272], [-0.1359223574399948, 0.24096055328845978], [-0.2025521695613861, 0.28685715794563293]]",True
early_neutral,5,1402,0.5328223925358214,1,[0],"[[-0.7448683977127075, 0.08543036133050919], [-0.0371423102915287, -0.17297706007957458], [0.2474036067724228, 0.01766621507704258], [-0.13647010922431946, 0.2444300353527069], [-0.20557157695293427, 0.2905530631542206]]",True
early_neutral,5,1403,0.5324891702765745,1,[0],"[[-0.7439263463020325, 0.0893351137638092], [-0.0371423102915287, -0.17297706007957458], [0.2616305649280548, 0.01740350015461445], [-0.13645005226135254, 0.24619626998901367], [-0.20879808068275452, 0.29392892122268677]]",True
early_neutral,5,1404,0.5321559480173276,1,[0],"[[-0.7432437539100647, 0.09168976545333862], [-0.0371423102915287, -0.17297706007957458], [0.2755283713340759, 0.017094163224101067], [-0.13644950091838837, 0.24624519050121307], [-0.20970435440540314, 0.2948312759399414]]",True
early_neutral,5,1405,0.5318227257580806,1,[0],"[[-0.7430002689361572, 0.09249602258205414], [-0.03737303242087364, -0.17286035418510437], [0.2875140905380249, 0.016812492161989212], [-0.13644950091838837, 0.24624519050121307], [-0.20970435440540314, 0.2948312759399414]]",True
early_neutral,5,1406,0.5314895034988337,1,[0],"[[-0.7432878017425537, 0.09060472249984741], [-0.0398845374584198, -0.17138409614562988], [0.29662376642227173, 0.01658019609749317], [-0.1361042559146881, 0.24593257904052734], [-0.20970435440540314, 0.2948312759399414]]",True
early_neutral,5,1407,0.5311562812395868,1,[0],"[[-0.7433701157569885, 0.08769498765468597], [-0.043150462210178375, -0.1689922958612442], [0.30456966161727905, 0.016353942453861237], [-0.13374745845794678, 0.2465946525335312], [-0.20970435440540314, 0.2948312759399414]]",True
early_neutral,5,1408,0.5308230589803399,1,[0],"[[-0.7413896918296814, 0.0841626450419426], [-0.0450313501060009, -0.16742317378520966], [0.3101048171520233, 0.016223980113863945], [-0.12946009635925293, 0.24684716761112213], [-0.20970435440540314, 0.2948312759399414]]",True
early_neutral,5,1409,0.530489836721093,1,[0],"[[-0.7364628314971924, 0.08079099655151367], [-0.0450313501060009, -0.16742317378520966], [0.3136237561702728, 0.016293369233608246], [-0.12464380264282227, 0.24690227210521698], [-0.20970435440540314, 0.2948312759399414]]",True
early_neutral,5,1410,0.530156614461846,1,[0],"[[-0.7311669588088989, 0.07796730846166611], [-0.0450313501060009, -0.16742317378520966], [0.3149387538433075, 0.016403663903474808], [-0.1177762821316719, 0.24699023365974426], [-0.20970435440540314, 0.2948312759399414]]",True
early_neutral,5,1411,0.5298233922025991,1,[0],"[[-0.7276399731636047, 0.07645320892333984], [-0.0450313501060009, -0.16742317378520966], [0.31501373648643494, 0.016410034149885178], [-0.10958071798086166, 0.24701380729675293], [-0.2088436335325241, 0.2949594557285309]]",True
early_neutral,5,1412,0.5294901699433522,1,[0],"[[-0.7241562008857727, 0.07520606368780136], [-0.0450313501060009, -0.16742317378520966], [0.31501373648643494, 0.016410034149885178], [-0.10090334713459015, 0.24662405252456665], [-0.20520684123039246, 0.294648677110672]]",True
early_neutral,5,1413,0.5291569476841053,1,[0],"[[-0.7228680849075317, 0.07245509326457977], [-0.0450313501060009, -0.16742317378520966], [0.3150290250778198, 0.016410812735557556], [-0.09454191476106644, 0.24564681947231293], [-0.2001143842935562, 0.2939735949039459]]",True
early_neutral,5,1414,0.5288237254248583,1,[0],"[[-0.725531280040741, 0.06907153129577637], [-0.0450313501060009, -0.16742317378520966], [0.3153841197490692, 0.01642514392733574], [-0.09049902111291885, 0.24565215408802032], [-0.1938883364200592, 0.293176531791687]]",True
early_neutral,5,1415,0.5284905031656114,1,[0],"[[-0.7283632755279541, 0.066606305539608], [-0.04523920267820358, -0.1663431078195572], [0.3159489035606384, 0.016439707949757576], [-0.0898011326789856, 0.24565304815769196], [-0.18839819729328156, 0.29243192076683044]]",True
early_neutral,5,1416,0.5281572809063645,1,[0],"[[-0.7288969159126282, 0.06600210815668106], [-0.04617127403616905, -0.16353881359100342], [0.3166324496269226, 0.016449272632598877], [-0.09000647813081741, 0.24574798345565796], [-0.1875459849834442, 0.29231229424476624]]",True
early_neutral,5,1417,0.5278240586471177,1,[0],"[[-0.7290204763412476, 0.06617247313261032], [-0.04811858385801315, -0.15994536876678467], [0.3153984546661377, 0.01644609123468399], [-0.0895351991057396, 0.24655205011367798], [-0.1875459849834442, 0.29231229424476624]]",True
early_neutral,5,1418,0.5274908363878708,1,[0],"[[-0.7297681570053101, 0.0680496096611023], [-0.04910633713006973, -0.15832951664924622], [0.311394065618515, 0.016628872603178024], [-0.08893805742263794, 0.24897155165672302], [-0.1875459849834442, 0.29231229424476624]]",True
early_neutral,5,1419,0.5271576141286238,1,[0],"[[-0.7303377389907837, 0.07082152366638184], [-0.04910633713006973, -0.15832951664924622], [0.3057604730129242, 0.017153169959783554], [-0.08875325322151184, 0.2523362338542938], [-0.1875459849834442, 0.29231229424476624]]",True
early_neutral,5,1420,0.5268243918693769,1,[0],"[[-0.7306454181671143, 0.07451442629098892], [-0.04910633713006973, -0.15832951664924622], [0.2987552881240845, 0.01781894825398922], [-0.08889730274677277, 0.25665661692619324], [-0.1875459849834442, 0.29231229424476624]]",True
early_neutral,5,1421,0.52649116961013,1,[0],"[[-0.7309368848800659, 0.07849932461977005], [-0.04910633713006973, -0.15832951664924622], [0.29049819707870483, 0.01855585351586342], [-0.08998814225196838, 0.2609880566596985], [-0.1875459849834442, 0.29231229424476624]]",True
early_neutral,5,1422,0.5261579473508831,1,[0],"[[-0.7312319278717041, 0.08306510001420975], [-0.04881465807557106, -0.15831823647022247], [0.28130289912223816, 0.01919066347181797], [-0.09240738302469254, 0.2637794613838196], [-0.1875459849834442, 0.29231229424476624]]",True
early_neutral,5,1423,0.5258247250916361,1,[0],"[[-0.7320644855499268, 0.08668477088212967], [-0.04546345770359039, -0.15817148983478546], [0.27125877141952515, 0.019608141854405403], [-0.09697545319795609, 0.2657386064529419], [-0.1884780079126358, 0.2926684319972992]]",True
early_neutral,5,1424,0.5254915028323892,1,[0],"[[-0.7361695766448975, 0.0878649428486824], [-0.040660858154296875, -0.15792469680309296], [0.26061496138572693, 0.019882652908563614], [-0.10330742597579956, 0.2667810618877411], [-0.19163960218429565, 0.2940295338630676]]",True
early_neutral,5,1425,0.5251582805731423,1,[0],"[[-0.741748571395874, 0.08788837492465973], [-0.03446859121322632, -0.1575709879398346], [0.2496246099472046, 0.02012578770518303], [-0.11075463891029358, 0.26748040318489075], [-0.1956859976053238, 0.2960570752620697]]",True
early_neutral,5,1426,0.5248250583138954,1,[0],"[[-0.7454877495765686, 0.08760642260313034], [-0.026937756687402725, -0.15711714327335358], [0.2379918396472931, 0.020353643223643303], [-0.11829536408185959, 0.26819348335266113], [-0.20046697556972504, 0.29873979091644287]]",True
early_neutral,5,1427,0.5244918360546484,1,[0],"[[-0.7490917444229126, 0.08699817210435867], [-0.018225692212581635, -0.1565573364496231], [0.2257855087518692, 0.02059749700129032], [-0.12465813755989075, 0.2687816321849823], [-0.20490674674510956, 0.3013029396533966]]",False
early_neutral,5,1428,0.5241586137954015,1,[0],"[[-0.7531516551971436, 0.08617356419563293], [-0.008731969632208347, -0.15589067339897156], [0.2131125032901764, 0.020873118191957474], [-0.13044290244579315, 0.26928338408470154], [-0.20820529758930206, 0.3026173710823059]]",False
early_neutral,5,1429,0.5238253915361546,1,[0],"[[-0.7586895227432251, 0.08554250746965408], [0.0015974817797541618, -0.15510527789592743], [0.20009072124958038, 0.021367447450757027], [-0.13632896542549133, 0.26979392766952515], [-0.21065936982631683, 0.3031458854675293]]",False
early_neutral,5,1430,0.5234921692769077,1,[0],"[[-0.7637779712677002, 0.08629917353391647], [0.00930861383676529, -0.15433938801288605], [0.18689802289009094, 0.02259029634296894], [-0.14167377352714539, 0.270229697227478], [-0.21275170147418976, 0.303353488445282]]",False
early_neutral,5,1431,0.5231589470176607,1,[0],"[[-0.7688314318656921, 0.08866821974515915], [0.011389185674488544, -0.15398262441158295], [0.1736658215522766, 0.024482838809490204], [-0.14606238901615143, 0.26946860551834106], [-0.21509213745594025, 0.30394935607910156]]",False
early_neutral,5,1432,0.5228257247584138,1,[0],"[[-0.7747368216514587, 0.09161626547574997], [0.01002315804362297, -0.15372790396213531], [0.16034722328186035, 0.0266188383102417], [-0.14847888052463531, 0.266835480928421], [-0.2174941897392273, 0.30472099781036377]]",False
early_neutral,5,1433,0.5224925024991669,1,[0],"[[-0.7811676263809204, 0.09539380669593811], [0.00608210451900959, -0.15317006409168243], [0.14697065949440002, 0.028944483026862144], [-0.14928388595581055, 0.2629806101322174], [-0.21975937485694885, 0.3054797351360321]]",False
early_neutral,5,1434,0.52215928023992,1,[0],"[[-0.7876293659210205, 0.09978777170181274], [0.0006401919526979327, -0.1526435911655426], [0.13353534042835236, 0.0313728004693985], [-0.1477220505475998, 0.25841179490089417], [-0.222990944981575, 0.3073478639125824]]",False
early_neutral,5,1435,0.5218260579806732,1,[0],"[[-0.7944739460945129, 0.10465961694717407], [-0.00619922811165452, -0.15188321471214294], [0.12004648149013519, 0.033856865018606186], [-0.14501544833183289, 0.25324490666389465], [-0.22755029797554016, 0.3096531629562378]]",False
early_neutral,5,1436,0.5214928357214262,1,[0],"[[-0.8017414212226868, 0.1099797785282135], [-0.014237877912819386, -0.15067477524280548], [0.10651864856481552, 0.03638652339577675], [-0.1428675502538681, 0.2472705990076065], [-0.23327231407165527, 0.3124642074108124]]",False
early_neutral,5,1437,0.5211596134621793,1,[0],"[[-0.807729959487915, 0.1144350990653038], [-0.021193720400333405, -0.14944496750831604], [0.0929575115442276, 0.0389421284198761], [-0.14162926375865936, 0.24059660732746124], [-0.23998534679412842, 0.3157833516597748]]",False
early_neutral,5,1438,0.5208263912029324,1,[0],"[[-0.8124545812606812, 0.11796700209379196], [-0.027374330908060074, -0.14828212559223175], [0.07937228679656982, 0.04151998460292816], [-0.1421128213405609, 0.23491069674491882], [-0.24741023778915405, 0.31946825981140137]]",False
early_neutral,5,1439,0.5204931689436855,1,[0],"[[-0.8161333799362183, 0.12066560238599777], [-0.033532559871673584, -0.14706997573375702], [0.06576436758041382, 0.044104740023612976], [-0.1460280865430832, 0.23138700425624847], [-0.2554565370082855, 0.3234628438949585]]",False
early_neutral,5,1440,0.5201599466844385,1,[0],"[[-0.8177258968353271, 0.12153283506631851], [-0.039581600576639175, -0.14587904512882233], [0.05213772505521774, 0.04669126495718956], [-0.15154431760311127, 0.2291020303964615], [-0.26404353976249695, 0.32772719860076904]]",False
early_neutral,5,1441,0.5198267244251916,1,[0],"[[-0.817838191986084, 0.12157934159040451], [-0.04574267193675041, -0.14467298984527588], [0.03849212825298309, 0.0492684580385685], [-0.1590110808610916, 0.22886241972446442], [-0.2727375030517578, 0.3320448100566864]]",False
early_neutral,5,1442,0.5194935021659447,1,[0],"[[-0.817838191986084, 0.12157934159040451], [-0.05190795660018921, -0.14347708225250244], [0.02482534945011139, 0.051823101937770844], [-0.16750377416610718, 0.22993822395801544], [-0.28194311261177063, 0.3366163671016693]]",False
early_neutral,5,1443,0.5191602799066978,1,[0],"[[-0.817838191986084, 0.12157934159040451], [-0.05802125483751297, -0.14235113561153412], [0.011138791218400002, 0.05435189977288246], [-0.17680980265140533, 0.23161883652210236], [-0.2916181683540344, 0.34142062067985535]]",False
early_neutral,5,1444,0.5188270576474509,1,[0],"[[-0.817838191986084, 0.12157934159040451], [-0.06420474499464035, -0.14128728210926056], [-0.002571546006947756, 0.0568404495716095], [-0.18674862384796143, 0.23385542631149292], [-0.3016848862171173, 0.3464183509349823]]",False
early_neutral,5,1445,0.5184938353882039,1,[0],"[[-0.817838191986084, 0.12157934159040451], [-0.07045207917690277, -0.1402875781059265], [-0.016304759308695793, 0.05928648263216019], [-0.1967889815568924, 0.23655234277248383], [-0.3120575547218323, 0.35156744718551636]]",False
early_neutral,5,1446,0.518160613128957,1,[0],"[[-0.8181678056716919, 0.12184078991413116], [-0.07669730484485626, -0.13940541446208954], [-0.030061019584536552, 0.06168588623404503], [-0.20680499076843262, 0.23957686126232147], [-0.3226667046546936, 0.3568344712257385]]",False
early_neutral,5,1447,0.5178273908697101,1,[0],"[[-0.820338785648346, 0.12347563356161118], [-0.08294027298688889, -0.13866467773914337], [-0.04384002089500427, 0.06403620541095734], [-0.2172369509935379, 0.243012934923172], [-0.33345773816108704, 0.3621925115585327]]",False
early_neutral,5,1448,0.5174941686104632,1,[0],"[[-0.8226923942565918, 0.12511946260929108], [-0.0893041118979454, -0.1380501687526703], [-0.05764060094952583, 0.06633758544921875], [-0.22810539603233337, 0.24672387540340424], [-0.34438684582710266, 0.36762139201164246]]",False
early_neutral,5,1449,0.5171609463512162,1,[0],"[[-0.8240940570831299, 0.1260892003774643], [-0.09567888081073761, -0.13757653534412384], [-0.07146155834197998, 0.06859064847230911], [-0.23928052186965942, 0.250708669424057], [-0.3555870056152344, 0.3731861412525177]]",False
early_neutral,5,1450,0.5168277240919693,1,[0],"[[-0.8246327042579651, 0.12647826969623566], [-0.10197803378105164, -0.13725051283836365], [-0.08530198037624359, 0.07079576700925827], [-0.25071921944618225, 0.25487610697746277], [-0.3659772574901581, 0.3784281313419342]]",False
early_neutral,5,1451,0.5164945018327224,1,[0],"[[-0.8246442675590515, 0.12648701667785645], [-0.10840494930744171, -0.13706092536449432], [-0.09915908426046371, 0.07295852899551392], [-0.2623855471611023, 0.2591569125652313], [-0.3733375072479248, 0.3828088343143463]]",True
early_neutral,5,1452,0.5161612795734755,1,[0],"[[-0.8246442675590515, 0.12648701667785645], [-0.11326610296964645, -0.13700175285339355], [-0.11303174495697021, 0.07508047670125961], [-0.2742254137992859, 0.2635268568992615], [-0.37843936681747437, 0.3857343792915344]]",True
early_neutral,5,1453,0.5158280573142285,1,[0],"[[-0.8246442675590515, 0.12648701667785645], [-0.11359722167253494, -0.13699887692928314], [-0.12691819667816162, 0.07716533541679382], [-0.28620514273643494, 0.26795724034309387], [-0.38248419761657715, 0.38762417435646057]]",True
early_neutral,5,1454,0.5154948350549817,1,[0],"[[-0.8246442675590515, 0.12648701667785645], [-0.11374800652265549, -0.1370294690132141], [-0.14081647992134094, 0.07921762764453888], [-0.2982124090194702, 0.2724047601222992], [-0.38520851731300354, 0.3891863226890564]]",True
early_neutral,5,1455,0.5151616127957348,1,[0],"[[-0.8246442675590515, 0.12648701667785645], [-0.11647093296051025, -0.13743126392364502], [-0.1542908102273941, 0.08117859065532684], [-0.30801308155059814, 0.2760222852230072], [-0.38583773374557495, 0.38891592621803284]]",True
early_neutral,5,1456,0.5148283905364879,1,[0],"[[-0.8246442675590515, 0.12648701667785645], [-0.12058128416538239, -0.1377178579568863], [-0.16455040872097015, 0.0826505497097969], [-0.3141380846500397, 0.27822282910346985], [-0.3859277069568634, 0.38767722249031067]]",True
early_neutral,5,1457,0.514495168277241,1,[0],"[[-0.8246442675590515, 0.12648701667785645], [-0.1261385977268219, -0.13779467344284058], [-0.17353691160678864, 0.08390568941831589], [-0.31800562143325806, 0.2795799672603607], [-0.3859967291355133, 0.3867327868938446]]",True
early_neutral,5,1458,0.514161946017994,1,[0],"[[-0.8246442675590515, 0.12648701667785645], [-0.13220040500164032, -0.13778811693191528], [-0.18251875042915344, 0.0851747989654541], [-0.318142831325531, 0.27962788939476013], [-0.3860112130641937, 0.3865661025047302]]",True
early_neutral,5,1459,0.5138287237587471,1,[0],"[[-0.8246442675590515, 0.12648701667785645], [-0.1386326402425766, -0.13769808411598206], [-0.19148866832256317, 0.08647916465997696], [-0.318142831325531, 0.27962788939476013], [-0.38597285747528076, 0.38658466935157776]]",True
early_neutral,5,1460,0.5134955014995002,1,[0],"[[-0.8246442675590515, 0.12648701667785645], [-0.14506158232688904, -0.1375359743833542], [-0.20045043528079987, 0.0878070816397667], [-0.31950387358665466, 0.2799270749092102], [-0.3860817551612854, 0.3841221332550049]]",True
early_neutral,5,1461,0.5131622792402533,1,[0],"[[-0.824598491191864, 0.12487678229808807], [-0.15137580037117004, -0.13736245036125183], [-0.20941399037837982, 0.08912990242242813], [-0.32336774468421936, 0.28062793612480164], [-0.38614487648010254, 0.3806367814540863]]",True
early_neutral,5,1462,0.5128290569810063,1,[0],"[[-0.8240947127342224, 0.12204604595899582], [-0.15780341625213623, -0.13717882335186005], [-0.21837963163852692, 0.09044670313596725], [-0.3282873332500458, 0.2813014090061188], [-0.38595888018608093, 0.37762215733528137]]",True
early_neutral,5,1463,0.5124958347217594,1,[0],"[[-0.8228675127029419, 0.11836168169975281], [-0.16423065960407257, -0.13698941469192505], [-0.2273460030555725, 0.09176140278577805], [-0.3297598361968994, 0.28152862191200256], [-0.38591742515563965, 0.3728306293487549]]",True
early_neutral,5,1464,0.5121626124625125,1,[0],"[[-0.8213063478469849, 0.11430033296346664], [-0.17058181762695312, -0.1368100494146347], [-0.23631271719932556, 0.09307511150836945], [-0.3300108015537262, 0.2810516357421875], [-0.3859226405620575, 0.3669537305831909]]",True
early_neutral,5,1465,0.5118293902032656,1,[0],"[[-0.8196179866790771, 0.11031443625688553], [-0.17697301506996155, -0.13664139807224274], [-0.2435188591480255, 0.09414064139127731], [-0.3311713933944702, 0.27878499031066895], [-0.38593706488609314, 0.36087319254875183]]",True
early_neutral,5,1466,0.5114961679440186,1,[0],"[[-0.8182082176208496, 0.10649709403514862], [-0.18334943056106567, -0.13648508489131927], [-0.24978256225585938, 0.09509702771902084], [-0.3326999545097351, 0.2756793797016144], [-0.3859613537788391, 0.35477691888809204]]",True
early_neutral,5,1467,0.5111629456847717,1,[0],"[[-0.8171305060386658, 0.10263422131538391], [-0.18602043390274048, -0.13642823696136475], [-0.2560378313064575, 0.09607649594545364], [-0.33436399698257446, 0.27174875140190125], [-0.38595911860466003, 0.3485029935836792]]",True
early_neutral,5,1468,0.5108297234255248,1,[0],"[[-0.8165922164916992, 0.09995020180940628], [-0.18602043390274048, -0.13642823696136475], [-0.2622891664505005, 0.0970664992928505], [-0.33571892976760864, 0.2676565945148468], [-0.3859657347202301, 0.34246909618377686]]",True
early_neutral,5,1469,0.5104965011662779,1,[0],"[[-0.8165205717086792, 0.09902868419885635], [-0.18602043390274048, -0.13642823696136475], [-0.2685350477695465, 0.09806784987449646], [-0.33667877316474915, 0.2635177969932556], [-0.38633012771606445, 0.3355199098587036]]",True
early_neutral,5,1470,0.510163278907031,1,[0],"[[-0.8165345191955566, 0.09866105020046234], [-0.18602043390274048, -0.13642823696136475], [-0.2746170163154602, 0.09923157095909119], [-0.3364696502685547, 0.25952333211898804], [-0.3866389989852905, 0.3286001682281494]]",False
early_neutral,5,1471,0.509830056647784,1,[0],"[[-0.8162755370140076, 0.09636492282152176], [-0.18617388606071472, -0.1364525705575943], [-0.28051021695137024, 0.10065318644046783], [-0.3364400863647461, 0.2560792863368988], [-0.38663986325263977, 0.32365232706069946]]",False
early_neutral,5,1472,0.5094968343885371,1,[0],"[[-0.8152133822441101, 0.09323493391275406], [-0.18893273174762726, -0.13673071563243866], [-0.28637564182281494, 0.10237173736095428], [-0.3376489281654358, 0.2523989677429199], [-0.3869207799434662, 0.3198959231376648]]",False
early_neutral,5,1473,0.5091636121292903,1,[0],"[[-0.8133397102355957, 0.08929838985204697], [-0.1930643916130066, -0.13680759072303772], [-0.29127582907676697, 0.10395447164773941], [-0.3389914333820343, 0.24861927330493927], [-0.3879902958869934, 0.3169783353805542]]",False
early_neutral,5,1474,0.5088303898700434,1,[0],"[[-0.8108611106872559, 0.08457066118717194], [-0.19860947132110596, -0.13656553626060486], [-0.293319970369339, 0.10462286323308945], [-0.339866042137146, 0.24518750607967377], [-0.3889239430427551, 0.31596702337265015]]",False
early_neutral,5,1475,0.5084971676107964,1,[0],"[[-0.8077920079231262, 0.07917556166648865], [-0.20462913811206818, -0.13615940511226654], [-0.29128721356391907, 0.1050650104880333], [-0.34072017669677734, 0.2420205920934677], [-0.39068418741226196, 0.3171587884426117]]",True
early_neutral,5,1476,0.5081639453515495,1,[0],"[[-0.8043950200080872, 0.07330936193466187], [-0.21100261807441711, -0.13558879494667053], [-0.28707054257392883, 0.10545633733272552], [-0.34173229336738586, 0.23788319528102875], [-0.3924647271633148, 0.3195832371711731]]",True
early_neutral,5,1477,0.5078307230923026,1,[0],"[[-0.8007081747055054, 0.06699769198894501], [-0.2165365219116211, -0.1349969506263733], [-0.2814517915248871, 0.10564222186803818], [-0.3424748182296753, 0.23301532864570618], [-0.39083969593048096, 0.3221801221370697]]",True
early_neutral,5,1478,0.5074975008330557,1,[0],"[[-0.7989501357078552, 0.062171824276447296], [-0.21739718317985535, -0.13490629196166992], [-0.27447646856307983, 0.10578301548957825], [-0.34350475668907166, 0.22892002761363983], [-0.38661763072013855, 0.3246895670890808]]",True
early_neutral,5,1479,0.5071642785738087,1,[0],"[[-0.799956202507019, 0.05796976760029793], [-0.21739718317985535, -0.13490629196166992], [-0.2666223645210266, 0.10587558895349503], [-0.34419119358062744, 0.2234201580286026], [-0.3808552026748657, 0.32567182183265686]]",False
early_neutral,5,1480,0.5068310563145618,1,[0],"[[-0.8008296489715576, 0.053771790117025375], [-0.21739718317985535, -0.13490629196166992], [-0.26056817173957825, 0.1070602759718895], [-0.34466710686683655, 0.21890473365783691], [-0.374477356672287, 0.32550048828125]]",False
early_neutral,5,1481,0.5064978340553149,1,[0],"[[-0.8012835383415222, 0.04966406896710396], [-0.21739718317985535, -0.13490629196166992], [-0.255279004573822, 0.10931064188480377], [-0.34695905447006226, 0.21488860249519348], [-0.3681914508342743, 0.32531362771987915]]",False
early_neutral,5,1482,0.506164611796068,1,[0],"[[-0.7998306751251221, 0.04633396491408348], [-0.21739718317985535, -0.13490629196166992], [-0.25084611773490906, 0.1117236316204071], [-0.3516290485858917, 0.2110961526632309], [-0.3621426820755005, 0.32558223605155945]]",False
early_neutral,5,1483,0.505831389536821,1,[0],"[[-0.7961923480033875, 0.042976658791303635], [-0.21739718317985535, -0.13490629196166992], [-0.2463580071926117, 0.11442174017429352], [-0.3559940457344055, 0.20799675583839417], [-0.35581570863723755, 0.3263300061225891]]",False
early_neutral,5,1484,0.5054981672775741,1,[0],"[[-0.7918818593025208, 0.03896674886345863], [-0.21739718317985535, -0.13490629196166992], [-0.24296699464321136, 0.11664600670337677], [-0.36045336723327637, 0.2049790322780609], [-0.34931427240371704, 0.3266289532184601]]",False
early_neutral,5,1485,0.5051649450183272,1,[0],"[[-0.7863391637802124, 0.03458840772509575], [-0.21739718317985535, -0.13490629196166992], [-0.240535706281662, 0.1182309165596962], [-0.36387118697166443, 0.20158995687961578], [-0.34223613142967224, 0.324722021818161]]",True
early_neutral,5,1486,0.5048317227590803,1,[0],"[[-0.780245840549469, 0.030459564179182053], [-0.21739718317985535, -0.13490629196166992], [-0.23871703445911407, 0.1190432533621788], [-0.3659501373767853, 0.1977340281009674], [-0.334891140460968, 0.3215616047382355]]",True
early_neutral,5,1487,0.5044985004998334,1,[0],"[[-0.7761684060096741, 0.028932711109519005], [-0.21528267860412598, -0.13491283357143402], [-0.23799537122249603, 0.11936561018228531], [-0.36766770482063293, 0.1937408298254013], [-0.32781198620796204, 0.31775233149528503]]",True
early_neutral,5,1488,0.5041652782405864,1,[0],"[[-0.773127555847168, 0.030507205054163933], [-0.21106471121311188, -0.13526014983654022], [-0.23762483894824982, 0.11944300681352615], [-0.36709165573120117, 0.1896548569202423], [-0.32145798206329346, 0.313435435295105]]",True
early_neutral,5,1489,0.5038320559813395,1,[0],"[[-0.7714247703552246, 0.03310538828372955], [-0.2055889219045639, -0.13621999323368073], [-0.23808272182941437, 0.1183738186955452], [-0.3658426105976105, 0.1855914294719696], [-0.315792977809906, 0.3087276518344879]]",True
early_neutral,5,1490,0.5034988337220926,1,[0],"[[-0.77080237865448, 0.035922758281230927], [-0.1995239406824112, -0.13761472702026367], [-0.2385922223329544, 0.11664848029613495], [-0.36490586400032043, 0.18357795476913452], [-0.3107200264930725, 0.3037421703338623]]",True
early_neutral,5,1491,0.5031656114628457,1,[0],"[[-0.7703067064285278, 0.03893980383872986], [-0.19362032413482666, -0.13927696645259857], [-0.23913900554180145, 0.11474136263132095], [-0.3622758686542511, 0.18172265589237213], [-0.30669403076171875, 0.2984679043292999]]",True
early_neutral,5,1492,0.5028323892035989,1,[0],"[[-0.7700070142745972, 0.04073319211602211], [-0.18790876865386963, -0.1412024050951004], [-0.2397160828113556, 0.11272859573364258], [-0.359216570854187, 0.1788357049226761], [-0.3067074418067932, 0.29303088784217834]]",True
early_neutral,5,1493,0.5024991669443519,1,[0],"[[-0.7700899839401245, 0.040441785007715225], [-0.18241864442825317, -0.14338362216949463], [-0.24048574268817902, 0.11004417389631271], [-0.35513076186180115, 0.1755436807870865], [-0.31015726923942566, 0.28758668899536133]]",True
early_neutral,5,1494,0.502165944685105,1,[0],"[[-0.7707714438438416, 0.03811975568532944], [-0.17840100824832916, -0.1451653093099594], [-0.24073995649814606, 0.1071062982082367], [-0.3484160304069519, 0.17308680713176727], [-0.3131028711795807, 0.2835388481616974]]",True
early_neutral,5,1495,0.5018327224258581,1,[0],"[[-0.7720187306404114, 0.03493459150195122], [-0.17812798917293549, -0.14528720080852509], [-0.24181753396987915, 0.10298045724630356], [-0.3402712047100067, 0.1708664447069168], [-0.3157697021961212, 0.27972885966300964]]",True
early_neutral,5,1496,0.5014995001666112,1,[0],"[[-0.7735365033149719, 0.030955517664551735], [-0.17812798917293549, -0.14528720080852509], [-0.24243804812431335, 0.09803439676761627], [-0.33194589614868164, 0.16833388805389404], [-0.31834447383880615, 0.275894433259964]]",True
early_neutral,5,1497,0.5011662779073642,1,[0],"[[-0.7749589085578918, 0.026896003633737564], [-0.17812798917293549, -0.14528720080852509], [-0.24239161610603333, 0.09256723523139954], [-0.3238388001918793, 0.16551744937896729], [-0.32073843479156494, 0.2721225321292877]]",True
early_neutral,5,1498,0.5008330556481173,1,[0],"[[-0.7760838866233826, 0.022774813696742058], [-0.17812798917293549, -0.14528720080852509], [-0.24221639335155487, 0.08690677583217621], [-0.31593337655067444, 0.16246715188026428], [-0.3230714201927185, 0.2682209610939026]]",True
early_neutral,5,1499,0.5004998333888704,1,[0],"[[-0.7767481803894043, 0.018611492589116096], [-0.17602892220020294, -0.14511169493198395], [-0.2420465499162674, 0.08156555891036987], [-0.30819588899612427, 0.15923967957496643], [-0.32502710819244385, 0.2648005783557892]]",True
early_neutral,5,1500,0.5001666111296235,1,[0],"[[-0.777072012424469, 0.01517143938690424], [-0.17178423702716827, -0.14491070806980133], [-0.24195779860019684, 0.07594332098960876], [-0.30063357949256897, 0.15584085881710052], [-0.3253978490829468, 0.26423379778862]]",True
early_neutral,5,1501,0.49983338887037654,1,[0],"[[-0.7774906754493713, 0.01382821798324585], [-0.16610974073410034, -0.14487150311470032], [-0.2419394552707672, 0.06990946829319], [-0.29324474930763245, 0.15228413045406342], [-0.32603704929351807, 0.2633967995643616]]",True
early_neutral,5,1502,0.4995001666111296,1,[0],"[[-0.7774921655654907, 0.01366824097931385], [-0.15967759490013123, -0.14496085047721863], [-0.2421194314956665, 0.06421166658401489], [-0.2860682010650635, 0.1485942155122757], [-0.3275263011455536, 0.2609724700450897]]",True
early_neutral,5,1503,0.4991669443518827,1,[0],"[[-0.7766492366790771, 0.011712765321135521], [-0.15330444276332855, -0.14516369998455048], [-0.2423762083053589, 0.05857435241341591], [-0.2806955873966217, 0.1457948535680771], [-0.3290099501609802, 0.2575538754463196]]",True
early_neutral,5,1504,0.49883372209263577,1,[0],"[[-0.7757458090782166, 0.00871643889695406], [-0.150443896651268, -0.1451968401670456], [-0.24260908365249634, 0.053952254354953766], [-0.27539777755737305, 0.14300085604190826], [-0.33029162883758545, 0.25346335768699646]]",False
early_neutral,5,1505,0.49850049983338884,1,[0],"[[-0.7748298048973083, 0.004997218959033489], [-0.15041954815387726, -0.14519503712654114], [-0.242604598402977, 0.050237707793712616], [-0.26937493681907654, 0.13949626684188843], [-0.3311750888824463, 0.24931710958480835]]",False
early_neutral,5,1506,0.498167277574142,1,[0],"[[-0.773253858089447, 0.0004459995834622532], [-0.1492132544517517, -0.144919753074646], [-0.2425999492406845, 0.0463777557015419], [-0.2631021738052368, 0.13547773659229279], [-0.3322007656097412, 0.24569205939769745]]",False
early_neutral,5,1507,0.49783405531489505,1,[0],"[[-0.7708613276481628, -0.004805978387594223], [-0.14672812819480896, -0.14432592689990997], [-0.2425955981016159, 0.04276854172348976], [-0.2596263587474823, 0.1332026869058609], [-0.3339032828807831, 0.2430732697248459]]",False
early_neutral,5,1508,0.49750083305564813,1,[0],"[[-0.7680476903915405, -0.010675482451915741], [-0.14437010884284973, -0.1437584012746811], [-0.24159324169158936, 0.03959644213318825], [-0.2591046094894409, 0.1328611671924591], [-0.3345978558063507, 0.24328163266181946]]",False
early_neutral,5,1509,0.4971676107964012,1,[0],"[[-0.7649340629577637, -0.017100678756833076], [-0.14229072630405426, -0.14324407279491425], [-0.2378554791212082, 0.0377664789557457], [-0.2591019570827484, 0.13285945355892181], [-0.33606719970703125, 0.2454640120267868]]",False
early_neutral,5,1510,0.4968343885371543,1,[0],"[[-0.7618972063064575, -0.023789361119270325], [-0.13990364968776703, -0.14264683425426483], [-0.2321140617132187, 0.0365862138569355], [-0.2591019570827484, 0.13285945355892181], [-0.3363686203956604, 0.24831385910511017]]",False
early_neutral,5,1511,0.49650116627790736,1,[0],"[[-0.75906902551651, -0.030857963487505913], [-0.14025932550430298, -0.14143551886081696], [-0.22500213980674744, 0.035332441329956055], [-0.2594393491744995, 0.13279730081558228], [-0.33265188336372375, 0.2503923773765564]]",False
early_neutral,5,1512,0.49616794401866043,1,[0],"[[-0.7564868927001953, -0.037968724966049194], [-0.1408621370792389, -0.14166997373104095], [-0.21663573384284973, 0.034074898809194565], [-0.2622227370738983, 0.13211365044116974], [-0.32689693570137024, 0.2517610192298889]]",False
early_neutral,5,1513,0.4958347217594135,1,[0],"[[-0.7548710107803345, -0.042449306696653366], [-0.14125612378120422, -0.1419822722673416], [-0.20724613964557648, 0.03275409713387489], [-0.26600033044815063, 0.13084682822227478], [-0.3207627236843109, 0.25148531794548035]]",True
early_neutral,5,1514,0.4955014995001666,1,[0],"[[-0.7546663284301758, -0.04326745495200157], [-0.14050650596618652, -0.14163629710674286], [-0.1970279961824417, 0.03130534291267395], [-0.2697399854660034, 0.12819316983222961], [-0.31451722979545593, 0.2505485415458679]]",True
early_neutral,5,1515,0.4951682772409197,1,[0],"[[-0.7573434114456177, -0.042249005287885666], [-0.13985274732112885, -0.14136360585689545], [-0.1863943487405777, 0.02977975457906723], [-0.2718614339828491, 0.12436952441930771], [-0.3112928569316864, 0.2499895989894867]]",True
early_neutral,5,1516,0.4948350549816728,1,[0],"[[-0.7615252733230591, -0.040979500859975815], [-0.140398308634758, -0.1397916078567505], [-0.1756143420934677, 0.028202781453728676], [-0.2731923758983612, 0.1201387569308281], [-0.3112928569316864, 0.2499895989894867]]",True
early_neutral,5,1517,0.49450183272242587,1,[0],"[[-0.7658811211585999, -0.03983968123793602], [-0.14120033383369446, -0.13725736737251282], [-0.1642279028892517, 0.026509134098887444], [-0.27398478984832764, 0.11508628726005554], [-0.3112928569316864, 0.2499895989894867]]",True
early_neutral,5,1518,0.49416861046317895,1,[0],"[[-0.7699525952339172, -0.03866168111562729], [-0.1424867808818817, -0.13410508632659912], [-0.15230605006217957, 0.02469130977988243], [-0.2738785147666931, 0.10928270220756531], [-0.3112928569316864, 0.2499895989894867]]",True
early_neutral,5,1519,0.493835388203932,1,[0],"[[-0.7738734483718872, -0.03712873533368111], [-0.14239993691444397, -0.13006164133548737], [-0.13996489346027374, 0.022726835682988167], [-0.2730073034763336, 0.10332991927862167], [-0.30979979038238525, 0.24936920404434204]]",True
early_neutral,5,1520,0.4935021659446851,1,[0],"[[-0.77613365650177, -0.0339214988052845], [-0.14382624626159668, -0.1253064125776291], [-0.12730063498020172, 0.020637271925807], [-0.27151501178741455, 0.09742958098649979], [-0.3064829707145691, 0.24773670732975006]]",True
early_neutral,5,1521,0.4931689436854382,1,[0],"[[-0.7766209840774536, -0.030353613197803497], [-0.14487706124782562, -0.11997205018997192], [-0.11440154910087585, 0.018412858247756958], [-0.2693534195423126, 0.09155331552028656], [-0.302857905626297, 0.2456040382385254]]",True
early_neutral,5,1522,0.49283572142619125,1,[0],"[[-0.7766554355621338, -0.026656417176127434], [-0.14528074860572815, -0.11381514370441437], [-0.10132814198732376, 0.016070637851953506], [-0.26638948917388916, 0.08537949621677399], [-0.3023160994052887, 0.2452777624130249]]",True
early_neutral,5,1523,0.49250249916694433,1,[0],"[[-0.776577889919281, -0.02297215722501278], [-0.14564572274684906, -0.10707809776067734], [-0.08810872584581375, 0.013668163679540157], [-0.2625196576118469, 0.07887530326843262], [-0.3023160994052887, 0.2452777624130249]]",True
early_neutral,5,1524,0.49216927690769746,1,[0],"[[-0.774542510509491, -0.020113607868552208], [-0.1459931582212448, -0.10030527412891388], [-0.0747784823179245, 0.011217981576919556], [-0.25825250148773193, 0.07240495830774307], [-0.3023160994052887, 0.2452777624130249]]",True
early_neutral,5,1525,0.49183605464845054,1,[0],"[[-0.7719027996063232, -0.0169980488717556], [-0.14626747369766235, -0.09454812854528427], [-0.06134948134422302, 0.00876430794596672], [-0.25349506735801697, 0.06567426025867462], [-0.3023160994052887, 0.2452777624130249]]",True
early_neutral,5,1526,0.4915028323892036,1,[0],"[[-0.7705509662628174, -0.015102675184607506], [-0.1466049700975418, -0.09021251648664474], [-0.04783432185649872, 0.006333659403026104], [-0.2485501915216446, 0.0591442845761776], [-0.3019552230834961, 0.24445264041423798]]",False
early_neutral,5,1527,0.4911696101299567,1,[0],"[[-0.7702779173851013, -0.01458820141851902], [-0.1470555067062378, -0.08599214255809784], [-0.03422091528773308, 0.004001573659479618], [-0.24536223709583282, 0.05513864383101463], [-0.3008436858654022, 0.24178974330425262]]",False
early_neutral,5,1528,0.49083638787070977,1,[0],"[[-0.7708678245544434, -0.013962624594569206], [-0.14748208224773407, -0.08199607580900192], [-0.020457617938518524, 0.0019507694523781538], [-0.24368348717689514, 0.05318581312894821], [-0.2994374632835388, 0.23816873133182526]]",False
early_neutral,5,1529,0.49050316561146284,1,[0],"[[-0.7726962566375732, -0.011779031716287136], [-0.14727216958999634, -0.07840351015329361], [-0.006554654333740473, 0.0002362188242841512], [-0.24240583181381226, 0.05172338709235191], [-0.2979062497615814, 0.23363065719604492]]",False
early_neutral,5,1530,0.4901699433522159,1,[0],"[[-0.7747823596000671, -0.008675863035023212], [-0.14620541036128998, -0.0759148970246315], [0.007553377654403448, -0.0006227062549442053], [-0.2416239231824875, 0.050898198038339615], [-0.2964806854724884, 0.228241965174675]]",False
early_neutral,5,1531,0.489836721092969,1,[0],"[[-0.7772072553634644, -0.004673415329307318], [-0.1453343629837036, -0.07566070556640625], [0.021739477291703224, -0.0004669249465223402], [-0.24139802157878876, 0.05096130818128586], [-0.2953099012374878, 0.22225336730480194]]",False
early_neutral,5,1532,0.4895034988337221,1,[0],"[[-0.7799791693687439, 0.000157724876771681], [-0.14344117045402527, -0.07739078253507614], [0.03590077906847, 0.00029127582092769444], [-0.2411799281835556, 0.0510222427546978], [-0.2943817377090454, 0.21587076783180237]]",False
early_neutral,5,1533,0.48917027657447515,1,[0],"[[-0.7829946875572205, 0.005678709130734205], [-0.14131420850753784, -0.08022306114435196], [0.05005987361073494, 0.0011450422462075949], [-0.24117477238178253, 0.0510236881673336], [-0.29371994733810425, 0.2089429497718811]]",False
early_neutral,5,1534,0.4888370543152283,1,[0],"[[-0.786203920841217, 0.011719639413058758], [-0.1388874351978302, -0.08397804200649261], [0.06421992182731628, 0.0020471324678510427], [-0.24116910994052887, 0.051025278866291046], [-0.293477326631546, 0.2018992006778717]]",False
early_neutral,5,1535,0.48850383205598136,1,[0],"[[-0.7895967364311218, 0.01825510524213314], [-0.1364256739616394, -0.08853010088205338], [0.07841109484434128, 0.002761564217507839], [-0.241008922457695, 0.050512734800577164], [-0.29368335008621216, 0.19449539482593536]]",False
early_neutral,5,1536,0.48817060979673443,1,[0],"[[-0.7929962277412415, 0.024977169930934906], [-0.13379408419132233, -0.09371717274188995], [0.09262911230325699, 0.0032538832165300846], [-0.2407904863357544, 0.04980878904461861], [-0.2943570911884308, 0.18770217895507812]]",False
early_neutral,5,1537,0.4878373875374875,1,[0],"[[-0.7965155243873596, 0.032109398394823074], [-0.1310296356678009, -0.09942396730184555], [0.10686852782964706, 0.0033709078561514616], [-0.24073335528373718, 0.04962471127510071], [-0.2957465350627899, 0.1817917674779892]]",True
early_neutral,5,1538,0.4875041652782406,1,[0],"[[-0.7992167472839355, 0.038056910037994385], [-0.12827463448047638, -0.10524899512529373], [0.12110177427530289, 0.00302507053129375], [-0.24073335528373718, 0.04962471127510071], [-0.2977120578289032, 0.17625650763511658]]",True
early_neutral,5,1539,0.48717094301899366,1,[0],"[[-0.8000548481941223, 0.040676768869161606], [-0.12531273066997528, -0.11157616227865219], [0.13522614538669586, 0.0021732868626713753], [-0.24158678948879242, 0.0502103827893734], [-0.2987743020057678, 0.17361758649349213]]",True
early_neutral,5,1540,0.48683772075974674,1,[0],"[[-0.7993502616882324, 0.04019179195165634], [-0.1222076565027237, -0.1182766854763031], [0.14792494475841522, -0.0003900241572409868], [-0.2432243674993515, 0.05133417621254921], [-0.2987964451313019, 0.17356477677822113]]",True
early_neutral,5,1541,0.4865044985004998,1,[0],"[[-0.7971782684326172, 0.0380900502204895], [-0.11905800551176071, -0.1251797080039978], [0.15908469259738922, -0.0043548657558858395], [-0.24461816251277924, 0.052271921187639236], [-0.3008377254009247, 0.17443522810935974]]",True
early_neutral,5,1542,0.4861712762412529,1,[0],"[[-0.7947641015052795, 0.03496278449892998], [-0.1157614067196846, -0.13250494003295898], [0.167338028550148, -0.007579667493700981], [-0.2456481158733368, 0.05287409573793411], [-0.30421945452690125, 0.17621135711669922]]",True
early_neutral,5,1543,0.485838053982006,1,[0],"[[-0.7919878959655762, 0.030900273472070694], [-0.1123560294508934, -0.14021015167236328], [0.17115440964698792, -0.010864858515560627], [-0.24671486020088196, 0.05349778011441231], [-0.3073468506336212, 0.17813773453235626]]",True
early_neutral,5,1544,0.4855048317227591,1,[0],"[[-0.7887906432151794, 0.026023821905255318], [-0.1089237704873085, -0.1482350379228592], [0.17225921154022217, -0.01469758152961731], [-0.24750319123268127, 0.053943801671266556], [-0.30797743797302246, 0.17847982048988342]]",True
early_neutral,5,1545,0.4851716094635122,1,[0],"[[-0.7861713767051697, 0.02194899320602417], [-0.10550525784492493, -0.15651479363441467], [0.17051436007022858, -0.018600547686219215], [-0.24835555255413055, 0.05442098155617714], [-0.30802014470100403, 0.17855916917324066]]",True
early_neutral,5,1546,0.48483838720426525,1,[0],"[[-0.7845303416252136, 0.019482754170894623], [-0.10220798850059509, -0.16500966250896454], [0.16760048270225525, -0.02233131416141987], [-0.24888502061367035, 0.05474596470594406], [-0.3090590238571167, 0.18043705821037292]]",True
early_neutral,5,1547,0.48450516494501833,1,[0],"[[-0.7831688523292542, 0.017465388402342796], [-0.09915079921483994, -0.1733560711145401], [0.1641908884048462, -0.025880159810185432], [-0.2490922510623932, 0.054943617433309555], [-0.3106633722782135, 0.18322674930095673]]",True
early_neutral,5,1548,0.4841719426857714,1,[0],"[[-0.7828574776649475, 0.016823943704366684], [-0.09698305279016495, -0.17972008883953094], [0.16032876074314117, -0.02922707237303257], [-0.24873186647891998, 0.054943617433309555], [-0.3127634525299072, 0.18684156239032745]]",True
early_neutral,5,1549,0.4838387204265245,1,[0],"[[-0.7828065752983093, 0.016670381650328636], [-0.09521135687828064, -0.18558867275714874], [0.15638329088687897, -0.032507073134183884], [-0.24855855107307434, 0.054943617433309555], [-0.31494808197021484, 0.19077938795089722]]",True
early_neutral,5,1550,0.48350549816727756,1,[0],"[[-0.7828065752983093, 0.016670381650328636], [-0.09375883638858795, -0.19149388372898102], [0.1525857299566269, -0.03578004240989685], [-0.24855855107307434, 0.054943617433309555], [-0.31687214970588684, 0.19440113008022308]]",True
early_neutral,5,1551,0.48317227590803064,1,[0],"[[-0.7828065752983093, 0.016670381650328636], [-0.09271174669265747, -0.19743531942367554], [0.14879798889160156, -0.03916415199637413], [-0.24855855107307434, 0.054943617433309555], [-0.3172729015350342, 0.19516094028949738]]",True
early_neutral,5,1552,0.4828390536487837,1,[0],"[[-0.7828065752983093, 0.016670381650328636], [-0.09294386953115463, -0.20317645370960236], [0.14359988272190094, -0.04201434552669525], [-0.24855855107307434, 0.054943617433309555], [-0.3172729015350342, 0.19516094028949738]]",True
early_neutral,5,1553,0.48250583138953684,1,[0],"[[-0.7828065752983093, 0.016670381650328636], [-0.09713484346866608, -0.208051398396492], [0.1363525241613388, -0.04427811875939369], [-0.2486705183982849, 0.054850999265909195], [-0.3155781328678131, 0.1954049915075302]]",True
early_neutral,5,1554,0.4821726091302899,1,[0],"[[-0.7828065752983093, 0.016670381650328636], [-0.10333134979009628, -0.21220842003822327], [0.1280360221862793, -0.04669879749417305], [-0.24918179214000702, 0.05563216283917427], [-0.3119354844093323, 0.19576424360275269]]",True
early_neutral,5,1555,0.481839386871043,1,[0],"[[-0.7828065752983093, 0.016670381650328636], [-0.10888153314590454, -0.21447865664958954], [0.11874970048666, -0.04916957765817642], [-0.2496454119682312, 0.05732583627104759], [-0.30684682726860046, 0.1960557997226715]]",True
early_neutral,5,1556,0.4815061646117961,1,[0],"[[-0.7828065752983093, 0.016670381650328636], [-0.11490800976753235, -0.2159416675567627], [0.10858655720949173, -0.05153406038880348], [-0.2497454285621643, 0.05865456536412239], [-0.3015100657939911, 0.1962667852640152]]",False
early_neutral,5,1557,0.48117294235254915,1,[0],"[[-0.7829546332359314, 0.017586493864655495], [-0.12091665714979172, -0.21740564703941345], [0.10060534626245499, -0.053289517760276794], [-0.24962565302848816, 0.06006738170981407], [-0.29712972044944763, 0.19646252691745758]]",False
early_neutral,5,1558,0.4808397200933022,1,[0],"[[-0.7832379341125488, 0.019810359925031662], [-0.12690728902816772, -0.21871386468410492], [0.09797125309705734, -0.05386888235807419], [-0.24953870475292206, 0.061093106865882874], [-0.292461633682251, 0.19670231640338898]]",False
early_neutral,5,1559,0.4805064978340553,1,[0],"[[-0.7835276126861572, 0.022980965673923492], [-0.13307300209999084, -0.21990914642810822], [0.09825518727302551, -0.05336136370897293], [-0.24990321695804596, 0.06153985485434532], [-0.2883514165878296, 0.1969430148601532]]",False
early_neutral,5,1560,0.4801732755748084,1,[0],"[[-0.7838540077209473, 0.027114367112517357], [-0.13776564598083496, -0.22073675692081451], [0.09940842539072037, -0.05141225829720497], [-0.2519792914390564, 0.06326019763946533], [-0.2840839922428131, 0.1972496658563614]]",False
early_neutral,5,1561,0.47984005331556145,1,[0],"[[-0.7842318415641785, 0.032145459204912186], [-0.13808540999889374, -0.22079266607761383], [0.10113836079835892, -0.048651501536369324], [-0.25463584065437317, 0.06592830270528793], [-0.2794380784034729, 0.1976458728313446]]",False
early_neutral,5,1562,0.4795068310563146,1,[0],"[[-0.7846511602401733, 0.0379507876932621], [-0.138331338763237, -0.22068993747234344], [0.10141047835350037, -0.044990990310907364], [-0.25780102610588074, 0.06948283314704895], [-0.27570730447769165, 0.19800199568271637]]",False
early_neutral,5,1563,0.47917360879706766,1,[0],"[[-0.7851128578186035, 0.04439595341682434], [-0.14109081029891968, -0.2194141149520874], [0.10111033916473389, -0.04051388055086136], [-0.261414498090744, 0.07386481016874313], [-0.2734333574771881, 0.19830279052257538]]",False
early_neutral,5,1564,0.47884038653782074,1,[0],"[[-0.7856058478355408, 0.051334235817193985], [-0.1448863446712494, -0.21738159656524658], [0.09943088889122009, -0.03549277037382126], [-0.2653738260269165, 0.07898860424757004], [-0.2734305262565613, 0.19860118627548218]]",False
early_neutral,5,1565,0.4785071642785738,1,[0],"[[-0.7861055135726929, 0.05841538682579994], [-0.1492578685283661, -0.21450074017047882], [0.09487985074520111, -0.031599029898643494], [-0.2697914242744446, 0.08468475937843323], [-0.2739424705505371, 0.19938510656356812]]",True
early_neutral,5,1566,0.4781739420193269,1,[0],"[[-0.7866313457489014, 0.0659051313996315], [-0.15314969420433044, -0.21117061376571655], [0.08885642141103745, -0.028429539874196053], [-0.274467408657074, 0.09070467203855515], [-0.27457869052886963, 0.2010655254125595]]",True
early_neutral,5,1567,0.47784071976007997,1,[0],"[[-0.7871328592300415, 0.07209771871566772], [-0.15603354573249817, -0.20804156363010406], [0.0821198895573616, -0.025514880195260048], [-0.27657946944236755, 0.09516356885433197], [-0.2751471698284149, 0.20308756828308105]]",True
early_neutral,5,1568,0.47750749750083304,1,[0],"[[-0.7875797748565674, 0.07553128898143768], [-0.15646708011627197, -0.2075493335723877], [0.07248280942440033, -0.02292044833302498], [-0.27432507276535034, 0.09891422092914581], [-0.2755390405654907, 0.2055172473192215]]",True
early_neutral,5,1569,0.4771742752415861,1,[0],"[[-0.788004457950592, 0.07789545506238937], [-0.1564784049987793, -0.20750689506530762], [0.062353942543268204, -0.021055199205875397], [-0.2710348069667816, 0.10251094400882721], [-0.2756609618663788, 0.20849572122097015]]",True
early_neutral,5,1570,0.4768410529823392,1,[0],"[[-0.7882964611053467, 0.07874047011137009], [-0.15698093175888062, -0.20546014606952667], [0.05159716308116913, -0.019950516521930695], [-0.26736122369766235, 0.10594692826271057], [-0.2757102847099304, 0.21204763650894165]]",True
early_neutral,5,1571,0.47650783072309233,1,[0],"[[-0.7883360385894775, 0.07882310450077057], [-0.15766170620918274, -0.2022194266319275], [0.040246207267045975, -0.01950233057141304], [-0.26341646909713745, 0.10924729704856873], [-0.2761439085006714, 0.21600554883480072]]",True
early_neutral,5,1572,0.4761746084638454,1,[0],"[[-0.7883360385894775, 0.07882310450077057], [-0.1582871824502945, -0.1986873596906662], [0.032113831490278244, -0.01923237182199955], [-0.25974464416503906, 0.11255323886871338], [-0.2760912775993347, 0.2201254814863205]]",True
early_neutral,5,1573,0.4758413862045985,1,[0],"[[-0.7883360385894775, 0.07882310450077057], [-0.15838544070720673, -0.19812381267547607], [0.029814157634973526, -0.019155625253915787], [-0.25624001026153564, 0.11604738235473633], [-0.27358219027519226, 0.22476208209991455]]",True
early_neutral,5,1574,0.47550816394535156,1,[0],"[[-0.786457896232605, 0.0793507993221283], [-0.15839655697345734, -0.1980813443660736], [0.032594695687294006, -0.019177721813321114], [-0.25300705432891846, 0.11966604739427567], [-0.2695755660533905, 0.22824163734912872]]",True
early_neutral,5,1575,0.47517494168610463,1,[0],"[[-0.782234787940979, 0.08050595968961716], [-0.15882554650306702, -0.19602791965007782], [0.037053223699331284, -0.019136592745780945], [-0.25038090348243713, 0.12348521500825882], [-0.26427343487739563, 0.23190179467201233]]",True
early_neutral,5,1576,0.4748417194268577,1,[0],"[[-0.7767725586891174, 0.08194919675588608], [-0.1592222899198532, -0.19276800751686096], [0.04283580183982849, -0.018992578610777855], [-0.248485267162323, 0.1274833083152771], [-0.2581866383552551, 0.2361728399991989]]",True
early_neutral,5,1577,0.4745084971676108,1,[0],"[[-0.7724566459655762, 0.0830925703048706], [-0.15892116725444794, -0.18895822763442993], [0.04994975030422211, -0.01876734010875225], [-0.24707138538360596, 0.13156747817993164], [-0.25193729996681213, 0.24069339036941528]]",True
early_neutral,5,1578,0.47417527490836386,1,[0],"[[-0.7681692242622375, 0.08424824476242065], [-0.15527425706386566, -0.18706075847148895], [0.05813407897949219, -0.018441081047058105], [-0.24580985307693481, 0.1356727033853531], [-0.2463962882757187, 0.2460774928331375]]",True
early_neutral,5,1579,0.47384205264911694,1,[0],"[[-0.7654532194137573, 0.08499786257743835], [-0.14930874109268188, -0.18633170425891876], [0.06711789965629578, -0.018071820959448814], [-0.24468281865119934, 0.13979454338550568], [-0.24130471050739288, 0.2512175142765045]]",True
early_neutral,5,1580,0.47350883038987,1,[0],"[[-0.7643855810165405, 0.08531109243631363], [-0.14197200536727905, -0.18572059273719788], [0.07696080207824707, -0.01770520955324173], [-0.24359790980815887, 0.14392119646072388], [-0.23543936014175415, 0.25536710023880005]]",True
early_neutral,5,1581,0.47317560813062315,1,[0],"[[-0.7637579441070557, 0.08552563190460205], [-0.13337546586990356, -0.18507951498031616], [0.0862136036157608, -0.017330816015601158], [-0.24253882467746735, 0.14805935323238373], [-0.22872726619243622, 0.25957754254341125]]",True
early_neutral,5,1582,0.4728423858713762,1,[1],"[[-0.7604140639305115, 0.08691290020942688], [-0.1241655945777893, -0.1844334751367569], [0.09532343596220016, -0.01691051572561264], [-0.2412438690662384, 0.1527383029460907], [-0.2226431965827942, 0.2642815411090851]]",True
early_neutral,5,1583,0.4725091636121293,1,[1],"[[-0.75650954246521, 0.08900735527276993], [-0.11443156003952026, -0.18369755148887634], [0.10387300699949265, -0.016473256051540375], [-0.23970960080623627, 0.1576400250196457], [-0.21664868295192719, 0.2690507471561432]]",True
early_neutral,5,1584,0.4721759413528824,1,[1],"[[-0.7524652481079102, 0.09157361090183258], [-0.10389219224452972, -0.18284693360328674], [0.11059606075286865, -0.016062431037425995], [-0.23824962973594666, 0.1617172807455063], [-0.20945607125759125, 0.27364277839660645]]",True
early_neutral,5,1585,0.47184271909363545,1,[0],"[[-0.7475411891937256, 0.09488625079393387], [-0.09313445538282394, -0.18189860880374908], [0.11736850440502167, -0.015578548423945904], [-0.23661914467811584, 0.16577592492103577], [-0.2019687443971634, 0.2783508002758026]]",True
early_neutral,5,1586,0.47150949683438853,1,[0],"[[-0.7423145771026611, 0.09863436222076416], [-0.0817812904715538, -0.18081168830394745], [0.12490460276603699, -0.015024685300886631], [-0.23456057906150818, 0.17033740878105164], [-0.19389678537845612, 0.28332534432411194]]",True
early_neutral,5,1587,0.4711762745751416,1,[0],"[[-0.7400796413421631, 0.10056815296411514], [-0.06983509659767151, -0.17959153652191162], [0.13336659967899323, -0.014396925456821918], [-0.23187805712223053, 0.1756172627210617], [-0.18530942499637604, 0.28857362270355225]]",True
early_neutral,5,1588,0.4708430523158947,1,[0],"[[-0.7398439049720764, 0.10087187588214874], [-0.05740434676408768, -0.17817027866840363], [0.14249353110790253, -0.013744841329753399], [-0.22868859767913818, 0.18122433125972748], [-0.17656365036964417, 0.2939050495624542]]",True
early_neutral,5,1589,0.47050983005664776,1,[0],"[[-0.7398439049720764, 0.10087187588214874], [-0.045159656554460526, -0.17661218345165253], [0.15163369476795197, -0.013115511275827885], [-0.22515366971492767, 0.18674473464488983], [-0.16927754878997803, 0.29807719588279724]]",True
early_neutral,5,1590,0.4701766077974009,1,[0],"[[-0.7398439049720764, 0.10087187588214874], [-0.03580719232559204, -0.1752086728811264], [0.16077691316604614, -0.012505496852099895], [-0.22127823531627655, 0.1921674907207489], [-0.16261176764965057, 0.302301824092865]]",True
early_neutral,5,1591,0.46984338553815397,1,[1],"[[-0.7398439049720764, 0.10087187588214874], [-0.026944996789097786, -0.17362406849861145], [0.16991542279720306, -0.011866175569593906], [-0.21707148849964142, 0.19748468697071075], [-0.15601812303066254, 0.30659082531929016]]",True
early_neutral,5,1592,0.46951016327890704,1,[1],"[[-0.7398439049720764, 0.10087187588214874], [-0.018174337223172188, -0.17183667421340942], [0.17904651165008545, -0.011183587834239006], [-0.21254104375839233, 0.2026880532503128], [-0.14910751581192017, 0.3110719323158264]]",True
early_neutral,5,1593,0.4691769410196601,1,[1],"[[-0.7398439049720764, 0.10087187588214874], [-0.009504691697657108, -0.16985155642032623], [0.18817183375358582, -0.010471316054463387], [-0.2086263746023178, 0.20676647126674652], [-0.14306558668613434, 0.31483975052833557]]",True
early_neutral,5,1594,0.4688437187604132,1,[0],"[[-0.7398439049720764, 0.10087187588214874], [-0.0009194219019263983, -0.16771605610847473], [0.19729577004909515, -0.009768981486558914], [-0.20484083890914917, 0.2101508527994156], [-0.136382594704628, 0.3191310167312622]]",True
early_neutral,5,1595,0.4685104965011663,1,[0],"[[-0.7398439049720764, 0.10087187588214874], [0.007643131073564291, -0.16554221510887146], [0.20641812682151794, -0.009063448756933212], [-0.20063666999340057, 0.2134924978017807], [-0.12900015711784363, 0.32394683361053467]]",True
early_neutral,5,1596,0.46817727424191935,1,[0],"[[-0.7398439049720764, 0.10087187588214874], [0.016184549778699875, -0.1633334755897522], [0.21553835272789001, -0.008350536227226257], [-0.19554318487644196, 0.21735431253910065], [-0.12132516503334045, 0.32897666096687317]]",True
early_neutral,5,1597,0.4678440519826724,1,[0],"[[-0.7398439049720764, 0.10087187588214874], [0.02469315379858017, -0.1610717624425888], [0.22465458512306213, -0.007618424482643604], [-0.18958443403244019, 0.22169212996959686], [-0.11319250613451004, 0.3343276083469391]]",True
early_neutral,5,1598,0.4675108297234255,1,[0],"[[-0.7403459548950195, 0.10095920413732529], [0.03316484019160271, -0.15875209867954254], [0.23377060890197754, -0.006886679213494062], [-0.1833370178937912, 0.2260788381099701], [-0.10463833063840866, 0.3399585783481598]]",True
early_neutral,5,1599,0.46717760746417863,1,[0],"[[-0.7437748312950134, 0.10153749585151672], [0.0416063591837883, -0.15638630092144012], [0.2428809553384781, -0.006127798929810524], [-0.17697477340698242, 0.23039507865905762], [-0.09573564678430557, 0.34581488370895386]]",True
early_neutral,5,1600,0.4668443852049317,1,[0],"[[-0.7481582164764404, 0.1022428646683693], [0.05002661794424057, -0.15398861467838287], [0.2519902288913727, -0.005364172626286745], [-0.17051295936107635, 0.23464830219745636], [-0.0880717858672142, 0.3508993685245514]]",True
early_neutral,5,1601,0.4665111629456848,1,[1],"[[-0.7525782585144043, 0.10141140222549438], [0.05779154971241951, -0.15175007283687592], [0.2610965967178345, -0.004587888717651367], [-0.16398558020591736, 0.2388589084148407], [-0.0813186839222908, 0.35535457730293274]]",True
early_neutral,5,1602,0.46617794068643786,1,[1],"[[-0.7557915449142456, 0.09826133400201797], [0.06368675082921982, -0.15007321536540985], [0.2702001631259918, -0.0037988859694451094], [-0.15738984942436218, 0.24302417039871216], [-0.07479093223810196, 0.3596063554286957]]",True
early_neutral,5,1603,0.46584471842719094,1,[1],"[[-0.7589070200920105, 0.09413953870534897], [0.06961067765951157, -0.14841608703136444], [0.2793048322200775, -0.003017304465174675], [-0.15066838264465332, 0.24710328876972198], [-0.06794759631156921, 0.36405864357948303]]",True
early_neutral,5,1604,0.465511496167944,1,[0],"[[-0.7625308036804199, 0.08926265686750412], [0.0764368548989296, -0.14667533338069916], [0.28840577602386475, -0.0022166853304952383], [-0.14380741119384766, 0.2510828673839569], [-0.06049611046910286, 0.3689039647579193]]",True
early_neutral,5,1605,0.4651782739086971,1,[0],"[[-0.7664967179298401, 0.08383674174547195], [0.08459002524614334, -0.144905686378479], [0.29750970005989075, -0.0014212391106411815], [-0.13820472359657288, 0.2542184591293335], [-0.053207628428936005, 0.37364256381988525]]",True
early_neutral,5,1606,0.46484505164945017,1,[0],"[[-0.7707570791244507, 0.077973872423172], [0.09220898896455765, -0.14344839751720428], [0.3065882623195648, -0.000610665010754019], [-0.13325169682502747, 0.2568904161453247], [-0.04611656069755554, 0.3782534897327423]]",True
early_neutral,5,1607,0.46451182939020325,1,[0],"[[-0.7753634452819824, 0.07162520289421082], [0.09838806092739105, -0.14228196442127228], [0.31476712226867676, 0.00013836634752806276], [-0.12808792293071747, 0.2596037685871124], [-0.039422657340765, 0.38260647654533386]]",True
early_neutral,5,1608,0.4641786071309563,1,[0],"[[-0.7802703380584717, 0.06485489010810852], [0.10457366704940796, -0.14113038778305054], [0.3211372494697571, 0.0007238336256705225], [-0.12202182412147522, 0.2628156840801239], [-0.0328073687851429, 0.3869091272354126]]",True
early_neutral,5,1609,0.46384538487170945,1,[0],"[[-0.7854413986206055, 0.057716306298971176], [0.11080671846866608, -0.14009355008602142], [0.3275078237056732, 0.0013078710762783885], [-0.115155890583992, 0.26649728417396545], [-0.02628468908369541, 0.3911530375480652]]",True
early_neutral,5,1610,0.46351216261246253,1,[0],"[[-0.790818989276886, 0.05028849095106125], [0.11709237843751907, -0.1392012983560562], [0.3338753581047058, 0.0019044919172301888], [-0.10985613614320755, 0.2693549394607544], [-0.019521424546837807, 0.39555320143699646]]",True
early_neutral,5,1611,0.4631789403532156,1,[0],"[[-0.7963573336601257, 0.04263688623905182], [0.1234060525894165, -0.1384229063987732], [0.3402353525161743, 0.0025329571217298508], [-0.10490669310092926, 0.2720297873020172], [-0.012974445708096027, 0.3998132050037384]]",True
early_neutral,5,1612,0.4628457180939687,1,[0],"[[-0.8020190000534058, 0.034813351929187775], [0.12963828444480896, -0.13772957026958466], [0.34620705246925354, 0.0032832652796059847], [-0.09997197985649109, 0.2747161090373993], [-0.006292921025305986, 0.40416041016578674]]",True
early_neutral,5,1613,0.46251249583472176,1,[0],"[[-0.8077747225761414, 0.02685871161520481], [0.13599829375743866, -0.13709761202335358], [0.3496668040752411, 0.00400175154209137], [-0.09507820755243301, 0.27743396162986755], [0.00042892093188129365, 0.4085337221622467]]",True
early_neutral,5,1614,0.46217927357547484,1,[0],"[[-0.813602089881897, 0.018804585561156273], [0.14081327617168427, -0.1366589218378067], [0.35066330432891846, 0.00437872065231204], [-0.09021903574466705, 0.2801779806613922], [0.007004532963037491, 0.412863165140152]]",True
early_neutral,5,1615,0.4618460513162279,1,[0],"[[-0.8191899061203003, 0.01108110137283802], [0.14114119112491608, -0.1366291046142578], [0.3477085828781128, 0.004799744114279747], [-0.08529893308877945, 0.28287553787231445], [0.014359517954289913, 0.417887806892395]]",True
early_neutral,5,1616,0.461512829056981,1,[0],"[[-0.8231136202812195, 0.00565769849345088], [0.14143037796020508, -0.13660189509391785], [0.34320342540740967, 0.005493614822626114], [-0.0802922397851944, 0.2855047583580017], [0.02123197726905346, 0.4202863276004791]]",True
early_neutral,5,1617,0.46117960679773407,1,[0],"[[-0.8259375095367432, 0.0017576473765075207], [0.14475448429584503, -0.13629576563835144], [0.33737826347351074, 0.006559144705533981], [-0.07518073171377182, 0.2880469560623169], [0.027794629335403442, 0.42138272523880005]]",True
early_neutral,5,1618,0.4608463845384872,1,[0],"[[-0.8271173238754272, 0.0002778446360025555], [0.14952179789543152, -0.1358710378408432], [0.3304215371608734, 0.008216301910579205], [-0.06994377076625824, 0.2904786467552185], [0.03519050404429436, 0.4214658737182617]]",True
early_neutral,5,1619,0.4605131622792403,1,[0],"[[-0.827385663986206, 6.26763139734976e-05], [0.15338142216205597, -0.135401651263237], [0.3225794732570648, 0.01053050346672535], [-0.0645926296710968, 0.2928027808666229], [0.0445496141910553, 0.4214855432510376]]",True
early_neutral,5,1620,0.46017994001999335,1,[0],"[[-0.8273900747299194, 5.994740786263719e-05], [0.15427671372890472, -0.13519906997680664], [0.3139072060585022, 0.013222637586295605], [-0.059159766882658005, 0.29504531621932983], [0.05265993997454643, 0.4210492670536041]]",True
early_neutral,5,1621,0.4598467177607464,1,[0],"[[-0.8273900747299194, 5.994740786263719e-05], [0.1535179167985916, -0.1350773423910141], [0.3045313358306885, 0.016226312145590782], [-0.05365178734064102, 0.29720866680145264], [0.05733639746904373, 0.4196995496749878]]",True
early_neutral,5,1622,0.4595134955014995,1,[0],"[[-0.8273900747299194, 5.994740786263719e-05], [0.1498199850320816, -0.13475997745990753], [0.29491445422172546, 0.01938263513147831], [-0.04810179024934769, 0.2992810904979706], [0.060586441308259964, 0.41698044538497925]]",True
early_neutral,5,1623,0.4591802732422526,1,[0],"[[-0.8273900747299194, 5.994740786263719e-05], [0.14461886882781982, -0.13470448553562164], [0.2848552167415619, 0.022744309157133102], [-0.04256724566221237, 0.30124256014823914], [0.06241726502776146, 0.41303688287734985]]",True
early_neutral,5,1624,0.45884705098300566,1,[0],"[[-0.8273900747299194, 5.994740786263719e-05], [0.13864682614803314, -0.13480748236179352], [0.2742861807346344, 0.026313990354537964], [-0.0368509441614151, 0.30316370725631714], [0.06375125050544739, 0.4079101085662842]]",True
early_neutral,5,1625,0.45851382872375873,1,[0],"[[-0.8273900747299194, 5.994740786263719e-05], [0.13239751756191254, -0.1348998099565506], [0.26324644684791565, 0.030040450394153595], [-0.03330620378255844, 0.30424678325653076], [0.06550372391939163, 0.4027385413646698]]",True
early_neutral,5,1626,0.4581806064645118,1,[0],"[[-0.8273900747299194, 5.994740786263719e-05], [0.12596485018730164, -0.13497918844223022], [0.2518322169780731, 0.03388803079724312], [-0.033246032893657684, 0.3042612075805664], [0.06768982857465744, 0.3994329273700714]]",True
early_neutral,5,1627,0.4578473842052649,1,[0],"[[-0.8273900747299194, 5.994740786263719e-05], [0.11953673511743546, -0.1350330412387848], [0.24011516571044922, 0.037816453725099564], [-0.03261951729655266, 0.30396461486816406], [0.07168589532375336, 0.39728862047195435]]",True
early_neutral,5,1628,0.457514161946018,1,[0],"[[-0.8273900747299194, 5.994740786263719e-05], [0.11321312189102173, -0.13504905998706818], [0.2281520664691925, 0.041792821139097214], [-0.029655462130904198, 0.3025382161140442], [0.07755768299102783, 0.39605477452278137]]",True
early_neutral,5,1629,0.4571809396867711,1,[0],"[[-0.8273900747299194, 5.994740786263719e-05], [0.10677939653396606, -0.13502800464630127], [0.21600614488124847, 0.04581443592905998], [-0.02561626397073269, 0.30055946111679077], [0.08480364084243774, 0.3954896628856659]]",True
early_neutral,5,1630,0.45684771742752417,1,[0],"[[-0.8273900747299194, 5.994740786263719e-05], [0.10034647583961487, -0.13499049842357635], [0.2037321776151657, 0.04988640174269676], [-0.01992991380393505, 0.2994617521762848], [0.09305363148450851, 0.3944256901741028]]",True
early_neutral,5,1631,0.45651449516827725,1,[0],"[[-0.8273900747299194, 5.994740786263719e-05], [0.09402730315923691, -0.13498838245868683], [0.19136252999305725, 0.053999681025743484], [-0.013608839362859726, 0.29936882853507996], [0.10157784819602966, 0.3935164213180542]]",True
early_neutral,5,1632,0.4561812729090303,1,[0],"[[-0.8273900747299194, 5.994740786263719e-05], [0.08759372681379318, -0.135023832321167], [0.1789279580116272, 0.05815466120839119], [-0.007204094901680946, 0.2995067238807678], [0.11065840721130371, 0.393099844455719]]",True
early_neutral,5,1633,0.4558480506497834,1,[0],"[[-0.8273900747299194, 5.994740786263719e-05], [0.08116105198860168, -0.13509581983089447], [0.1664479821920395, 0.06234641745686531], [-0.0009909184882417321, 0.2998741567134857], [0.11822081357240677, 0.3920339345932007]]",True
early_neutral,5,1634,0.4555148283905365,1,[0],"[[-0.8273900747299194, 5.994740786263719e-05], [0.07484375685453415, -0.13519695401191711], [0.1539435237646103, 0.06657863408327103], [0.0053688292391598225, 0.3005034923553467], [0.12286773324012756, 0.391841858625412]]",True
early_neutral,5,1635,0.45518160613128955,1,[0],"[[-0.8273900747299194, 5.994740786263719e-05], [0.06841321289539337, -0.1353304088115692], [0.14142939448356628, 0.07085253298282623], [0.011674047447741032, 0.30132967233657837], [0.12410943955183029, 0.39181119203567505]]",True
early_neutral,5,1636,0.4548483838720426,1,[0],"[[-0.8273900747299194, 5.994740786263719e-05], [0.062307532876729965, -0.13548269867897034], [0.12887582182884216, 0.0751180648803711], [0.017854956910014153, 0.30208078026771545], [0.12433858215808868, 0.3917858302593231]]",True
early_neutral,5,1637,0.45451516161279576,1,[0],"[[-0.8273900747299194, 5.994740786263719e-05], [0.06065221503376961, -0.1355227828025818], [0.1161969006061554, 0.07925556600093842], [0.02413325197994709, 0.3027496933937073], [0.12477826327085495, 0.39173710346221924]]",True
early_neutral,5,1638,0.45418193935354884,1,[0],"[[-0.8273900747299194, 5.994740786263719e-05], [0.06065221503376961, -0.1355227828025818], [0.10339353233575821, 0.08325253427028656], [0.02685074880719185, 0.303011029958725], [0.12512215971946716, 0.3916987180709839]]",True
early_neutral,5,1639,0.4538487170943019,1,[0],"[[-0.8273900747299194, 5.994740786263719e-05], [0.06065221503376961, -0.1355227828025818], [0.09043616056442261, 0.08705330640077591], [0.02685074880719185, 0.303011029958725], [0.12468856573104858, 0.39152711629867554]]",True
early_neutral,5,1640,0.453515494835055,1,[0],"[[-0.8273900747299194, 5.994740786263719e-05], [0.06065221503376961, -0.1355227828025818], [0.07732456922531128, 0.09063919633626938], [0.02685074880719185, 0.303011029958725], [0.12542833387851715, 0.3898845911026001]]",True
early_neutral,5,1641,0.45318227257580806,1,[0],"[[-0.8273900747299194, 5.994740786263719e-05], [0.06065221503376961, -0.1355227828025818], [0.06406071782112122, 0.0939924344420433], [0.02685074880719185, 0.303011029958725], [0.12547548115253448, 0.38702791929244995]]",True
early_neutral,5,1642,0.45284905031656114,1,[0],"[[-0.8273900747299194, 5.994740786263719e-05], [0.06065221503376961, -0.1355227828025818], [0.0506460927426815, 0.09709198772907257], [0.026881346479058266, 0.30282193422317505], [0.12537620961666107, 0.3836734890937805]]",True
early_neutral,5,1643,0.4525158280573142,1,[0],"[[-0.8273900747299194, 5.994740786263719e-05], [0.06065221503376961, -0.1355227828025818], [0.03710082173347473, 0.09995004534721375], [0.02724873274564743, 0.30068090558052063], [0.1244731917977333, 0.3790159821510315]]",True
early_neutral,5,1644,0.4521826057980673,1,[0],"[[-0.8273900747299194, 5.994740786263719e-05], [0.06065221503376961, -0.1355227828025818], [0.023471534252166748, 0.10264098644256592], [0.027816977351903915, 0.2976183593273163], [0.1221739649772644, 0.37442824244499207]]",True
early_neutral,5,1645,0.45184938353882037,1,[0],"[[-0.8273900747299194, 5.994740786263719e-05], [0.06065221503376961, -0.1355227828025818], [0.00979593861848116, 0.10517038404941559], [0.02860414795577526, 0.29369232058525085], [0.11852572858333588, 0.37082377076148987]]",True
early_neutral,5,1646,0.4515161612795735,1,[0],"[[-0.8273900747299194, 5.994740786263719e-05], [0.06065221503376961, -0.1355227828025818], [-0.0018424628069624305, 0.10722804069519043], [0.02949383109807968, 0.2895459532737732], [0.11316725611686707, 0.36747217178344727]]",True
early_neutral,5,1647,0.4511829390203266,1,[0],"[[-0.8273900747299194, 5.994740786263719e-05], [0.06065221503376961, -0.1355227828025818], [-0.009204824455082417, 0.10831382125616074], [0.030237309634685516, 0.28547602891921997], [0.10620684176683426, 0.3640412986278534]]",False
early_neutral,5,1648,0.45084971676107966,1,[0],"[[-0.8273900747299194, 5.994740786263719e-05], [0.06087744981050491, -0.1354016214609146], [-0.014531027525663376, 0.10953710228204727], [0.02939424477517605, 0.28211429715156555], [0.10026493668556213, 0.36013516783714294]]",False
early_neutral,5,1649,0.45051649450183273,1,[0],"[[-0.8250300288200378, 0.001082093920558691], [0.063651904463768, -0.13414326310157776], [-0.015791023150086403, 0.11265011131763458], [0.028931884095072746, 0.2791224718093872], [0.09550783783197403, 0.3572521209716797]]",False
early_neutral,5,1650,0.4501832722425858,1,[0],"[[-0.8211925029754639, 0.0030524993781000376], [0.06799294799566269, -0.13265125453472137], [-0.014738422818481922, 0.11670056730508804], [0.030392196029424667, 0.27761396765708923], [0.08932481706142426, 0.3558032810688019]]",False
early_neutral,5,1651,0.4498500499833389,1,[0],"[[-0.8165192604064941, 0.005884210113435984], [0.07079561054706573, -0.13187134265899658], [-0.013220340944826603, 0.12151458114385605], [0.03318300470709801, 0.27618536353111267], [0.08153767883777618, 0.35565125942230225]]",False
early_neutral,5,1652,0.44951682772409196,1,[0],"[[-0.8108193278312683, 0.009309404529631138], [0.07079561054706573, -0.13187134265899658], [-0.011520461179316044, 0.12709571421146393], [0.03440752997994423, 0.27538588643074036], [0.0726441890001297, 0.35595324635505676]]",False
early_neutral,5,1653,0.44918360546484504,1,[0],"[[-0.8041083812713623, 0.013164743781089783], [0.07134173810482025, -0.13185709714889526], [-0.0109748849645257, 0.13296812772750854], [0.034727662801742554, 0.275001585483551], [0.06280014663934708, 0.3564438223838806]]",True
early_neutral,5,1654,0.4488503832055981,1,[0],"[[-0.7990977764129639, 0.015988318249583244], [0.07443573325872421, -0.13162779808044434], [-0.01308734156191349, 0.13861586153507233], [0.03532557934522629, 0.27470096945762634], [0.05230722203850746, 0.35709261894226074]]",True
early_neutral,5,1655,0.4485171609463512,1,[0],"[[-0.7980190515518188, 0.01659623347222805], [0.07875409722328186, -0.13101793825626373], [-0.01583465375006199, 0.1438586264848709], [0.03569445386528969, 0.27450668811798096], [0.0414431095123291, 0.3577041029930115]]",True
early_neutral,5,1656,0.4481839386871043,1,[0],"[[-0.79881751537323, 0.016121452674269676], [0.08119780570268631, -0.13059131801128387], [-0.019722387194633484, 0.1461636871099472], [0.036328814923763275, 0.27419033646583557], [0.03002205304801464, 0.35827264189720154]]",True
early_neutral,5,1657,0.4478507164278574,1,[0],"[[-0.8016434907913208, 0.014467545785009861], [0.08119780570268631, -0.13059131801128387], [-0.02545536868274212, 0.14611808955669403], [0.03609941154718399, 0.27454516291618347], [0.021145597100257874, 0.3585858643054962]]",True
early_neutral,5,1658,0.4475174941686105,1,[0],"[[-0.8055081963539124, 0.01224930677562952], [0.08119780570268631, -0.13059131801128387], [-0.03115827403962612, 0.14453957974910736], [0.03639985993504524, 0.27269914746284485], [0.014712601900100708, 0.35855093598365784]]",True
early_neutral,5,1659,0.44718427190936355,1,[0],"[[-0.8103230595588684, 0.009507531300187111], [0.08119780570268631, -0.13059131801128387], [-0.03623207286000252, 0.14211156964302063], [0.03705088794231415, 0.2698995769023895], [0.008702946826815605, 0.35758304595947266]]",True
early_neutral,5,1660,0.4468510496501166,1,[0],"[[-0.815915584564209, 0.006331792101264], [0.08119780570268631, -0.13059131801128387], [-0.04011598974466324, 0.14021612703800201], [0.03735731542110443, 0.2661880850791931], [0.0033898213878273964, 0.35543903708457947]]",True
early_neutral,5,1661,0.4465178273908697,1,[0],"[[-0.8217463493347168, 0.003029984189197421], [0.08119780570268631, -0.13059131801128387], [-0.04067543148994446, 0.13998174667358398], [0.03677935153245926, 0.2620086669921875], [-0.0016469163820147514, 0.3529142737388611]]",True
early_neutral,5,1662,0.4461846051316228,1,[0],"[[-0.8268132209777832, 0.0001966192212421447], [0.08119780570268631, -0.13059131801128387], [-0.04077747464179993, 0.13980358839035034], [0.03591876104474068, 0.2571420967578888], [-0.004741705022752285, 0.3494488298892975]]",True
early_neutral,5,1663,0.44585138287237586,1,[0],"[[-0.8283213973045349, -0.0005470902542583644], [0.08119780570268631, -0.13059131801128387], [-0.041740357875823975, 0.137752965092659], [0.03600267320871353, 0.251191645860672], [-0.007153701968491077, 0.3455847501754761]]",True
early_neutral,5,1664,0.44551816061312893,1,[0],"[[-0.8285539746284485, -0.0006352578639052808], [0.08119780570268631, -0.13059131801128387], [-0.04271862283349037, 0.1347779929637909], [0.03608694672584534, 0.2451113909482956], [-0.00926508754491806, 0.34163224697113037]]",True
early_neutral,5,1665,0.44518493835388206,1,[0],"[[-0.8285539746284485, -0.0006352578639052808], [0.08119780570268631, -0.13059131801128387], [-0.04337603226304054, 0.13088692724704742], [0.036272551864385605, 0.2390320748090744], [-0.010691937059164047, 0.3375520706176758]]",True
early_neutral,5,1666,0.44485171609463514,1,[0],"[[-0.8285539746284485, -0.0006352578639052808], [0.08119780570268631, -0.13059131801128387], [-0.04338507726788521, 0.12670236825942993], [0.03646719455718994, 0.23295891284942627], [-0.011480665765702724, 0.33339807391166687]]",True
early_neutral,5,1667,0.4445184938353882,1,[0],"[[-0.8285539746284485, -0.0006352578639052808], [0.08119780570268631, -0.13059131801128387], [-0.04268097132444382, 0.1225433498620987], [0.036175381392240524, 0.22848734259605408], [-0.01184579636901617, 0.32921892404556274]]",True
early_neutral,5,1668,0.4441852715761413,1,[0],"[[-0.8285539746284485, -0.0006352578639052808], [0.08119780570268631, -0.13059131801128387], [-0.041192129254341125, 0.11847317963838577], [0.036095231771469116, 0.22370865941047668], [-0.011818025261163712, 0.3251371383666992]]",False
early_neutral,5,1669,0.44385204931689437,1,[0],"[[-0.828068196773529, -0.0007551019079983234], [0.08119780570268631, -0.13059131801128387], [-0.04024594649672508, 0.11420252174139023], [0.036295048892498016, 0.21906565129756927], [-0.011760749854147434, 0.32374751567840576]]",False
early_neutral,5,1670,0.44351882705764745,1,[0],"[[-0.8246064782142639, -0.0013686515158042312], [0.08039296418428421, -0.13065308332443237], [-0.041137758642435074, 0.10919776558876038], [0.03646983951330185, 0.215004101395607], [-0.011760749854147434, 0.32374751567840576]]",False
early_neutral,5,1671,0.4431856047984005,1,[0],"[[-0.8195658922195435, -0.0017786453245207667], [0.07676729559898376, -0.13109058141708374], [-0.04256792366504669, 0.10375690460205078], [0.035161346197128296, 0.21148870885372162], [-0.012875073589384556, 0.32354554533958435]]",False
early_neutral,5,1672,0.4428523825391536,1,[0],"[[-0.8130376935005188, -0.002068396657705307], [0.07187151908874512, -0.13198408484458923], [-0.04175502434372902, 0.09947587549686432], [0.030749619007110596, 0.20889320969581604], [-0.016164492815732956, 0.3229559361934662]]",False
early_neutral,5,1673,0.4425191602799067,1,[0],"[[-0.8051744699478149, -0.0025804589968174696], [0.06608667224645615, -0.13154031336307526], [-0.03807529807090759, 0.09654971212148666], [0.02522391825914383, 0.2066238820552826], [-0.020815324038267136, 0.32212990522384644]]",False
early_neutral,5,1674,0.4421859380206598,1,[0],"[[-0.7962624430656433, -0.0033910349011421204], [0.060390666127204895, -0.12973909080028534], [-0.03765575960278511, 0.0959790050983429], [0.02057005651295185, 0.2028646469116211], [-0.026488669216632843, 0.32104116678237915]]",False
early_neutral,5,1675,0.4418527157614129,1,[0],"[[-0.7868080735206604, -0.004587775096297264], [0.0562034472823143, -0.1281079649925232], [-0.037795308977365494, 0.09595614671707153], [0.015959136188030243, 0.19826897978782654], [-0.03242330253124237, 0.31977716088294983]]",False
early_neutral,5,1676,0.44151949350216596,1,[0],"[[-0.7767290472984314, -0.006184611469507217], [0.05587506666779518, -0.12797416746616364], [-0.03704242780804634, 0.09544006735086441], [0.012117460370063782, 0.19466032087802887], [-0.03847683221101761, 0.3183595538139343]]",False
early_neutral,5,1677,0.44118627124291904,1,[0],"[[-0.7683426737785339, -0.008014874532818794], [0.05419272184371948, -0.12815487384796143], [-0.03482745960354805, 0.093909852206707], [0.008329070173203945, 0.19127655029296875], [-0.04440724104642868, 0.3168012201786041]]",True
early_neutral,5,1678,0.4408530489836721,1,[0],"[[-0.7604087591171265, -0.010395131073892117], [0.050661876797676086, -0.12840409576892853], [-0.03328420966863632, 0.09160099923610687], [0.0041975947096943855, 0.18766431510448456], [-0.050115033984184265, 0.3150984048843384]]",True
early_neutral,5,1679,0.4405198267244252,1,[0],"[[-0.7538688778877258, -0.012713545002043247], [0.045672062784433365, -0.12857508659362793], [-0.03143343701958656, 0.08847219496965408], [-0.0001537803909741342, 0.18378707766532898], [-0.05583462864160538, 0.3131820261478424]]",True
early_neutral,5,1680,0.44018660446517827,1,[0],"[[-0.7519170641899109, -0.01340749766677618], [0.03921213373541832, -0.12855803966522217], [-0.029224898666143417, 0.08447906374931335], [-0.003912157379090786, 0.18038907647132874], [-0.061847396194934845, 0.3109431266784668]]",True
early_neutral,5,1681,0.43985338220593134,1,[0],"[[-0.7523059248924255, -0.013278794474899769], [0.031414326280355453, -0.12817668914794922], [-0.025903992354869843, 0.0796896442770958], [-0.007636497262865305, 0.17697523534297943], [-0.06878089904785156, 0.30809286236763]]",True
early_neutral,5,1682,0.4395201599466844,1,[0],"[[-0.7555455565452576, -0.01235076691955328], [0.02524149790406227, -0.12774348258972168], [-0.022840676829218864, 0.07427886128425598], [-0.011194607242941856, 0.17348754405975342], [-0.07629060000181198, 0.3047093152999878]]",True
early_neutral,5,1683,0.4391869376874375,1,[0],"[[-0.7602114677429199, -0.011324436403810978], [0.0243522971868515, -0.12769393622875214], [-0.019946901127696037, 0.06863380968570709], [-0.014505518600344658, 0.16989827156066895], [-0.08369842916727066, 0.301169216632843]]",True
early_neutral,5,1684,0.4388537154281906,1,[0],"[[-0.7662014961242676, -0.010210058651864529], [0.02488899603486061, -0.12762638926506042], [-0.016376864165067673, 0.06343122571706772], [-0.01771446503698826, 0.1659885048866272], [-0.09096667915582657, 0.2975085973739624]]",True
early_neutral,5,1685,0.4385204931689437,1,[0],"[[-0.7731680870056152, -0.008951947093009949], [0.027944374829530716, -0.12723073363304138], [-0.01221822015941143, 0.05776789039373398], [-0.021065060049295425, 0.1612141877412796], [-0.0980825275182724, 0.2937234044075012]]",True
early_neutral,5,1686,0.4381872709096968,1,[0],"[[-0.7807011008262634, -0.007632166612893343], [0.03227292746305466, -0.12664860486984253], [-0.006952306721359491, 0.05286653712391853], [-0.024297302588820457, 0.15570203959941864], [-0.10503401607275009, 0.28981101512908936]]",True
early_neutral,5,1687,0.43785404865044986,1,[0],"[[-0.7891514301300049, -0.00619481923058629], [0.036054518073797226, -0.12599630653858185], [-0.0013561929808929563, 0.04802536219358444], [-0.02716277725994587, 0.15001976490020752], [-0.11181854456663132, 0.28577640652656555]]",True
early_neutral,5,1688,0.43752082639120293,1,[0],"[[-0.7983222007751465, -0.0046610585413873196], [0.03694075345993042, -0.12574635446071625], [0.004266900476068258, 0.04314647614955902], [-0.029645849019289017, 0.14426176249980927], [-0.11844082176685333, 0.28162920475006104]]",True
early_neutral,5,1689,0.437187604131956,1,[0],"[[-0.8083570003509521, -0.0030081267468631268], [0.0369735062122345, -0.1257336437702179], [0.01023234985768795, 0.037926677614450455], [-0.031677745282649994, 0.13842977583408356], [-0.12480563670396805, 0.2774367928504944]]",True
early_neutral,5,1690,0.4368543818727091,1,[0],"[[-0.8163675665855408, -0.001699872431345284], [0.0369735062122345, -0.1257336437702179], [0.016227692365646362, 0.03267019987106323], [-0.0331743024289608, 0.132529616355896], [-0.12918148934841156, 0.27413851022720337]]",True
early_neutral,5,1691,0.43652115961346216,1,[0],"[[-0.821296215057373, -0.0009057100396603346], [0.03700387477874756, -0.1257309913635254], [0.021302711218595505, 0.02820861153304577], [-0.03409942612051964, 0.12703531980514526], [-0.13289600610733032, 0.27072182297706604]]",True
early_neutral,5,1692,0.43618793735421524,1,[0],"[[-0.8249907493591309, -0.0003251309390179813], [0.039255376905202866, -0.12555044889450073], [0.02525237947702408, 0.024811308830976486], [-0.03427717089653015, 0.12285131216049194], [-0.13599248230457306, 0.26705649495124817]]",False
early_neutral,5,1693,0.43585471509496837,1,[0],"[[-0.8259323239326477, -0.00024361698888242245], [0.04303755983710289, -0.12554831802845], [0.029224682599306107, 0.021462267264723778], [-0.03397997096180916, 0.11870436370372772], [-0.1381867229938507, 0.26312530040740967]]",False
early_neutral,5,1694,0.43552149283572145,1,[0],"[[-0.8260638117790222, -0.0002384341787546873], [0.0462813675403595, -0.1279435008764267], [0.032985858619213104, 0.018291229382157326], [-0.034174539148807526, 0.11514638364315033], [-0.13942933082580566, 0.25938087701797485]]",False
early_neutral,5,1695,0.4351882705764745,1,[0],"[[-0.8260638117790222, -0.0002384341787546873], [0.04822147265076637, -0.13180185854434967], [0.037300292402505875, 0.014813757501542568], [-0.035073548555374146, 0.11271880567073822], [-0.13974273204803467, 0.25855350494384766]]",False
early_neutral,5,1696,0.4348550483172276,1,[0],"[[-0.8260638117790222, -0.0002384341787546873], [0.049019955098629, -0.1339348703622818], [0.0427168607711792, 0.01087802555412054], [-0.035940125584602356, 0.11349845677614212], [-0.13974273204803467, 0.25855350494384766]]",False
early_neutral,5,1697,0.4345218260579807,1,[0],"[[-0.8260638117790222, -0.0002384341787546873], [0.04911593720316887, -0.1343548446893692], [0.04907502979040146, 0.0066618770360946655], [-0.0383659228682518, 0.11549094319343567], [-0.13974273204803467, 0.25855350494384766]]",False
early_neutral,5,1698,0.43418860379873375,1,[0],"[[-0.8260638117790222, -0.0002384341787546873], [0.04916626587510109, -0.133282870054245], [0.05577145516872406, 0.0021713501773774624], [-0.04008618742227554, 0.11743383854627609], [-0.13974273204803467, 0.25855350494384766]]",False
early_neutral,5,1699,0.43385538153948683,1,[0],"[[-0.8260638117790222, -0.0002384341787546873], [0.048730313777923584, -0.13089191913604736], [0.06296207010746002, -0.0027569099329411983], [-0.04040336608886719, 0.11795113235712051], [-0.13974273204803467, 0.25855350494384766]]",False
early_neutral,5,1700,0.4335221592802399,1,[0],"[[-0.8260638117790222, -0.0002384341787546873], [0.04818136990070343, -0.12807349860668182], [0.06998337060213089, -0.008004500530660152], [-0.04023681581020355, 0.11711913347244263], [-0.13974273204803467, 0.25855350494384766]]",False
early_neutral,5,1701,0.433188937020993,1,[0],"[[-0.8260638117790222, -0.0002384341787546873], [0.048012666404247284, -0.12522584199905396], [0.07695218920707703, -0.013793261721730232], [-0.039717480540275574, 0.11439558118581772], [-0.13974273204803467, 0.25855350494384766]]",True
early_neutral,5,1702,0.43285571476174606,1,[0],"[[-0.8260638117790222, -0.0002384341787546873], [0.048020731657743454, -0.12026342004537582], [0.08355680108070374, -0.020179355517029762], [-0.03908027336001396, 0.11070270836353302], [-0.13974273204803467, 0.25855350494384766]]",True
early_neutral,5,1703,0.4325224925024992,1,[0],"[[-0.8260638117790222, -0.0002384341787546873], [0.04801008105278015, -0.11449851840734482], [0.0867377370595932, -0.027362799271941185], [-0.040440935641527176, 0.10638841241598129], [-0.13995972275733948, 0.2582463026046753]]",True
early_neutral,5,1704,0.43218927024325227,1,[0],"[[-0.8260638117790222, -0.0002384341787546873], [0.04785560443997383, -0.1091538667678833], [0.08614844083786011, -0.034751422703266144], [-0.04446059837937355, 0.10189215838909149], [-0.14115305244922638, 0.25605857372283936]]",True
early_neutral,5,1705,0.43185604798400534,1,[0],"[[-0.8260638117790222, -0.0002384341787546873], [0.047764651477336884, -0.10384024679660797], [0.08550424128770828, -0.04130977764725685], [-0.04884481430053711, 0.09764871746301651], [-0.14220187067985535, 0.2528664171695709]]",False
early_neutral,5,1706,0.4315228257247584,1,[0],"[[-0.8260513544082642, -0.00019938647164963186], [0.04776741564273834, -0.09919542074203491], [0.08554236590862274, -0.04823556914925575], [-0.05314554646611214, 0.09512951225042343], [-0.14158478379249573, 0.24876528978347778]]",False
early_neutral,5,1707,0.4311896034655115,1,[0],"[[-0.825301468372345, 0.0013902443461120129], [0.047769829630851746, -0.09513227641582489], [0.08624869585037231, -0.05515812709927559], [-0.058689896017313004, 0.09336080402135849], [-0.13928015530109406, 0.24403637647628784]]",False
early_neutral,5,1708,0.43085638120626457,1,[0],"[[-0.8236358165740967, 0.0037568022962659597], [0.048903901129961014, -0.09187381714582443], [0.08781357854604721, -0.061049073934555054], [-0.064005047082901, 0.0918414443731308], [-0.1368708610534668, 0.2385665625333786]]",False
early_neutral,5,1709,0.43052315894701765,1,[0],"[[-0.8208968639373779, 0.006836249027401209], [0.052473146468400955, -0.09029772132635117], [0.09029180556535721, -0.06681236624717712], [-0.06880522519350052, 0.09037156403064728], [-0.1348157823085785, 0.2323688417673111]]",False
early_neutral,5,1710,0.4301899366877707,1,[0],"[[-0.8173903822898865, 0.01072288304567337], [0.0580776184797287, -0.08962167799472809], [0.09374714642763138, -0.07277298718690872], [-0.07355672121047974, 0.08883422613143921], [-0.1332814246416092, 0.2255738377571106]]",False
early_neutral,5,1711,0.4298567144285238,1,[0],"[[-0.813237726688385, 0.01535345520824194], [0.06514942646026611, -0.08906569331884384], [0.0982024073600769, -0.07903902232646942], [-0.07784067839384079, 0.08737931400537491], [-0.13280582427978516, 0.21870236098766327]]",False
early_neutral,5,1712,0.42952349216927693,1,[0],"[[-0.808642566204071, 0.02064252272248268], [0.07344058156013489, -0.08899682760238647], [0.10375086963176727, -0.08505945652723312], [-0.08077318221330643, 0.08640889078378677], [-0.13350583612918854, 0.21143651008605957]]",False
early_neutral,5,1713,0.42919026991003,1,[0],"[[-0.8037719130516052, 0.0265175923705101], [0.08257895708084106, -0.0891614556312561], [0.10985510051250458, -0.09102264046669006], [-0.08412732928991318, 0.08535841107368469], [-0.13501235842704773, 0.20480844378471375]]",False
early_neutral,5,1714,0.4288570476507831,1,[0],"[[-0.7989239692687988, 0.03275991231203079], [0.09259457886219025, -0.08911468088626862], [0.1164177730679512, -0.09695504605770111], [-0.08678167313337326, 0.08448585122823715], [-0.13671374320983887, 0.2001734972000122]]",False
early_neutral,5,1715,0.42852382539153616,1,[0],"[[-0.7942463159561157, 0.039324525743722916], [0.10302550345659256, -0.08899010717868805], [0.12240681052207947, -0.10298119485378265], [-0.08939024060964584, 0.08365896344184875], [-0.14098979532718658, 0.1975032538175583]]",False
early_neutral,5,1716,0.42819060313228924,1,[0],"[[-0.78981614112854, 0.046105846762657166], [0.1137084811925888, -0.08870451897382736], [0.12546202540397644, -0.10959015786647797], [-0.09116590023040771, 0.08321123570203781], [-0.14683640003204346, 0.1963123083114624]]",False
early_neutral,5,1717,0.4278573808730423,1,[0],"[[-0.7869135737419128, 0.051315680146217346], [0.12536770105361938, -0.0878986194729805], [0.1258087009191513, -0.11710403859615326], [-0.09185808897018433, 0.0831097885966301], [-0.15049093961715698, 0.19595502316951752]]",True
early_neutral,5,1718,0.4275241586137954,1,[0],"[[-0.784645140171051, 0.05637055262923241], [0.13762302696704865, -0.08707929402589798], [0.12406890839338303, -0.12322147190570831], [-0.09212863445281982, 0.08307930082082748], [-0.15083879232406616, 0.19590765237808228]]",True
early_neutral,5,1719,0.42719093635454847,1,[0],"[[-0.7831416130065918, 0.060087546706199646], [0.15037010610103607, -0.08632792532444], [0.12030196189880371, -0.12713384628295898], [-0.09212863445281982, 0.08307930082082748], [-0.15083879232406616, 0.19590765237808228]]",True
early_neutral,5,1720,0.42685771409530154,1,[0],"[[-0.7828038334846497, 0.06092248484492302], [0.1635098159313202, -0.08572176843881607], [0.11389816552400589, -0.12917311489582062], [-0.09212863445281982, 0.08307930082082748], [-0.15083879232406616, 0.19590765237808228]]",True
early_neutral,5,1721,0.4265244918360547,1,[0],"[[-0.7823790311813354, 0.060471512377262115], [0.17696547508239746, -0.08545994013547897], [0.10571952909231186, -0.1301833838224411], [-0.0914214700460434, 0.08337771892547607], [-0.15083879232406616, 0.19590765237808228]]",True
early_neutral,5,1722,0.42619126957680775,1,[0],"[[-0.7808215022087097, 0.05864737555384636], [0.19064867496490479, -0.08555856347084045], [0.09650524705648422, -0.13055090606212616], [-0.08973971009254456, 0.08361860364675522], [-0.15083879232406616, 0.19590765237808228]]",True
early_neutral,5,1723,0.42585804731756083,1,[0],"[[-0.7786655426025391, 0.05601372569799423], [0.20446932315826416, -0.08617544919252396], [0.08646944910287857, -0.13015331327915192], [-0.08685355633497238, 0.08381688594818115], [-0.15083879232406616, 0.19590765237808228]]",True
early_neutral,5,1724,0.4255248250583139,1,[0],"[[-0.7746872901916504, 0.053119488060474396], [0.21833893656730652, -0.0873340293765068], [0.07613887637853622, -0.12905336916446686], [-0.08332017809152603, 0.08399588614702225], [-0.1495196372270584, 0.19621406495571136]]",True
early_neutral,5,1725,0.425191602799067,1,[0],"[[-0.768714427947998, 0.050344597548246384], [0.23221370577812195, -0.08890329301357269], [0.06584074348211288, -0.12714019417762756], [-0.0789901539683342, 0.08404301851987839], [-0.14591152966022491, 0.19728054106235504]]",True
early_neutral,5,1726,0.42485838053982006,1,[0],"[[-0.7618920803070068, 0.04701148718595505], [0.2460555136203766, -0.09083843976259232], [0.055291254073381424, -0.12436443567276001], [-0.07406148314476013, 0.08406338095664978], [-0.14129556715488434, 0.1990213543176651]]",True
early_neutral,5,1727,0.42452515828057313,1,[0],"[[-0.754294753074646, 0.04322393238544464], [0.259886234998703, -0.09297534823417664], [0.04717078432440758, -0.12161590158939362], [-0.06783148646354675, 0.0840839147567749], [-0.1356258988380432, 0.20092877745628357]]",True
early_neutral,5,1728,0.4241919360213262,1,[0],"[[-0.7461371421813965, 0.039114028215408325], [0.27378979325294495, -0.09503154456615448], [0.04421413689851761, -0.12041809409856796], [-0.06032697856426239, 0.08421701937913895], [-0.1296684592962265, 0.202505961060524]]",True
early_neutral,5,1729,0.4238587137620793,1,[0],"[[-0.7410144209861755, 0.03547380119562149], [0.287467896938324, -0.0969674289226532], [0.045738738030195236, -0.11946051567792892], [-0.0517326295375824, 0.08570757508277893], [-0.12353318929672241, 0.20282883942127228]]",True
early_neutral,5,1730,0.42352549150283236,1,[0],"[[-0.7415003180503845, 0.03266528993844986], [0.2981444001197815, -0.09840299189090729], [0.04896968603134155, -0.11763408780097961], [-0.04255275800824165, 0.0859777182340622], [-0.11741164326667786, 0.2019321620464325]]",True
early_neutral,5,1731,0.4231922692435855,1,[0],"[[-0.7454639077186584, 0.03002791851758957], [0.3071884214878082, -0.09946850687265396], [0.05344318971037865, -0.11534366011619568], [-0.03327363729476929, 0.08596298843622208], [-0.11118948459625244, 0.2008693665266037]]",True
early_neutral,5,1732,0.42285904698433857,1,[0],"[[-0.7509838342666626, 0.027110470458865166], [0.31395745277404785, -0.10000047832727432], [0.05893968790769577, -0.1124483123421669], [-0.023930151015520096, 0.08588193356990814], [-0.1048760637640953, 0.20006708800792694]]",True
early_neutral,5,1733,0.42252582472509165,1,[0],"[[-0.758080780506134, 0.024187268689274788], [0.3156004548072815, -0.09996641427278519], [0.06526607275009155, -0.10893221944570541], [-0.015323005616664886, 0.08650942891836166], [-0.09854819625616074, 0.1995377540588379]]",True
early_neutral,5,1734,0.4221926024658447,1,[0],"[[-0.7662420868873596, 0.021093040704727173], [0.31454747915267944, -0.1001298800110817], [0.07220947742462158, -0.10483769327402115], [-0.007596767041832209, 0.08633659780025482], [-0.09582382440567017, 0.19930920004844666]]",True
early_neutral,5,1735,0.4218593802065978,1,[0],"[[-0.7752803564071655, 0.0178106389939785], [0.31088435649871826, -0.1009545847773552], [0.07959113270044327, -0.10020758211612701], [-0.0006586133968085051, 0.08450200408697128], [-0.0955393984913826, 0.19926556944847107]]",True
early_neutral,5,1736,0.4215261579473509,1,[0],"[[-0.7847107648849487, 0.01446660328656435], [0.30612123012542725, -0.10252746939659119], [0.08706416934728622, -0.09516118466854095], [0.004509916063398123, 0.08173719048500061], [-0.09220428019762039, 0.19894175231456757]]",True
early_neutral,5,1737,0.42119293568810395,1,[0],"[[-0.7946247458457947, 0.01100524328649044], [0.3002038896083832, -0.10468576848506927], [0.09434636682271957, -0.08976862579584122], [0.0098979901522398, 0.07829415798187256], [-0.08733216673135757, 0.19886423647403717]]",True
early_neutral,5,1738,0.42085971342885703,1,[0],"[[-0.804284930229187, 0.007671833038330078], [0.2931283414363861, -0.10726258903741837], [0.10169604420661926, -0.08387530595064163], [0.016021905466914177, 0.0744704082608223], [-0.08141254633665085, 0.1990131437778473]]",True
early_neutral,5,1739,0.4205264911696101,1,[0],"[[-0.8119753003120422, 0.005047465208917856], [0.2850522994995117, -0.11019326001405716], [0.10897797346115112, -0.0774834007024765], [0.02273581549525261, 0.07038635015487671], [-0.07531064748764038, 0.19905409216880798]]",True
early_neutral,5,1740,0.42019326891036324,1,[0],"[[-0.819242000579834, 0.0025953177828341722], [0.2761404514312744, -0.11340508610010147], [0.11575133353471756, -0.07050153613090515], [0.029287615790963173, 0.06636177748441696], [-0.06887803226709366, 0.1989801973104477]]",True
early_neutral,5,1741,0.4198600466511163,1,[0],"[[-0.8233025670051575, 0.0013746912591159344], [0.26692813634872437, -0.11670345067977905], [0.1218862384557724, -0.06300735473632812], [0.03585543856024742, 0.0621928945183754], [-0.06400400400161743, 0.19881786406040192]]",True
early_neutral,5,1742,0.4195268243918694,1,[0],"[[-0.8243375420570374, 0.0011801193468272686], [0.2611808776855469, -0.1187586635351181], [0.12674365937709808, -0.054932814091444016], [0.042428407818078995, 0.0578986331820488], [-0.06362077593803406, 0.19878044724464417]]",True
early_neutral,5,1743,0.41919360213262247,1,[0],"[[-0.8243488073348999, 0.0011788200354203582], [0.26022574305534363, -0.11910023540258408], [0.13042372465133667, -0.046447087079286575], [0.04898696765303612, 0.053609639406204224], [-0.06362077593803406, 0.19878044724464417]]",True
early_neutral,5,1744,0.41886037987337554,1,[0],"[[-0.8243488073348999, 0.0011788200354203582], [0.262655645608902, -0.11939313262701035], [0.13451644778251648, -0.037927914410829544], [0.0554829016327858, 0.04935967177152634], [-0.06362077593803406, 0.19878044724464417]]",True
early_neutral,5,1745,0.4185271576141286,1,[0],"[[-0.8243488073348999, 0.0011788200354203582], [0.26698848605155945, -0.11965563148260117], [0.138620063662529, -0.030389998108148575], [0.06227689981460571, 0.044803205877542496], [-0.06295156478881836, 0.1990341991186142]]",True
early_neutral,5,1746,0.4181939353548817,1,[0],"[[-0.8243488073348999, 0.0011788200354203582], [0.27274641394615173, -0.11953293532133102], [0.14192768931388855, -0.02578248269855976], [0.06802114844322205, 0.04091918468475342], [-0.059979185461997986, 0.2004508227109909]]",True
early_neutral,5,1747,0.4178607130956348,1,[0],"[[-0.8243488073348999, 0.0011788200354203582], [0.2798807621002197, -0.1187552660703659], [0.14621850848197937, -0.023553330451250076], [0.07243721932172775, 0.0379689559340477], [-0.05637912452220917, 0.20275692641735077]]",False
early_neutral,5,1748,0.41752749083638785,1,[0],"[[-0.8243488073348999, 0.0011788200354203582], [0.28789642453193665, -0.11762412637472153], [0.14921468496322632, -0.021773768588900566], [0.07659295946359634, 0.03526502102613449], [-0.055405475199222565, 0.2056237757205963]]",False
early_neutral,5,1749,0.4171942685771409,1,[0],"[[-0.8243488073348999, 0.0011788200354203582], [0.29277294874191284, -0.11562324315309525], [0.1531752049922943, -0.019353549927473068], [0.08077719807624817, 0.03254254162311554], [-0.05867879465222359, 0.20826201140880585]]",False
early_neutral,5,1750,0.41686104631789406,1,[0],"[[-0.8243488073348999, 0.0011788200354203582], [0.29419445991516113, -0.11207200586795807], [0.15646232664585114, -0.017429545521736145], [0.08456465601921082, 0.030052635818719864], [-0.06358794867992401, 0.21113315224647522]]",False
early_neutral,5,1751,0.41652782405864713,1,[0],"[[-0.8243488073348999, 0.0011788200354203582], [0.2967033386230469, -0.10847757011651993], [0.15838272869586945, -0.016387777402997017], [0.08755693584680557, 0.02722340077161789], [-0.06923262774944305, 0.2147088646888733]]",False
early_neutral,5,1752,0.4161946017994002,1,[0],"[[-0.8243488073348999, 0.0011788200354203582], [0.3014741837978363, -0.10598144680261612], [0.15978474915027618, -0.015590784139931202], [0.08886973559856415, 0.02517063356935978], [-0.07517559826374054, 0.21882522106170654]]",True
early_neutral,5,1753,0.4158613795401533,1,[0],"[[-0.8243488073348999, 0.0011788200354203582], [0.30702951550483704, -0.10418442636728287], [0.16094359755516052, -0.014849087223410606], [0.0878990888595581, 0.024916592985391617], [-0.0786338597536087, 0.22244441509246826]]",True
early_neutral,5,1754,0.41552815728090636,1,[0],"[[-0.8243488073348999, 0.0011788200354203582], [0.31343722343444824, -0.10293129831552505], [0.16149385273456573, -0.014586236327886581], [0.08437376469373703, 0.025575220584869385], [-0.08063649386167526, 0.22642195224761963]]",True
early_neutral,5,1755,0.41519493502165944,1,[0],"[[-0.8243488073348999, 0.0011788200354203582], [0.32074683904647827, -0.10246749222278595], [0.16016744077205658, -0.013795706443488598], [0.07971853762865067, 0.026962516829371452], [-0.081890769302845, 0.22879841923713684]]",True
early_neutral,5,1756,0.4148617127624125,1,[0],"[[-0.8243488073348999, 0.0011788200354203582], [0.3280448317527771, -0.1024792492389679], [0.16029414534568787, -0.012222394347190857], [0.07411175966262817, 0.029082749038934708], [-0.08190561830997467, 0.22882616519927979]]",True
early_neutral,5,1757,0.4145284905031656,1,[0],"[[-0.8243488073348999, 0.0011788200354203582], [0.3377567231655121, -0.10161665827035904], [0.1609124392271042, -0.009606356732547283], [0.0679658055305481, 0.031877439469099045], [-0.08175136148929596, 0.22932013869285583]]",True
early_neutral,5,1758,0.41419526824391867,1,[0],"[[-0.8243488073348999, 0.0011788200354203582], [0.3482239842414856, -0.10054219514131546], [0.1612328290939331, -0.006253567524254322], [0.06112632527947426, 0.03527643531560898], [-0.08074046671390533, 0.231615349650383]]",True
early_neutral,5,1759,0.4138620459846718,1,[0],"[[-0.8243488073348999, 0.0011788200354203582], [0.3590606153011322, -0.09969909489154816], [0.16090655326843262, -0.0018329565646126866], [0.05399085208773613, 0.039102163165807724], [-0.07888258248567581, 0.23459021747112274]]",True
early_neutral,5,1760,0.4135288237254249,1,[0],"[[-0.8243488073348999, 0.0011788200354203582], [0.37061649560928345, -0.09906826913356781], [0.16104565560817719, 0.0034740623086690903], [0.04672371223568916, 0.043051451444625854], [-0.07816935330629349, 0.2356298416852951]]",True
early_neutral,5,1761,0.41319560146617795,1,[0],"[[-0.8243488073348999, 0.0011788200354203582], [0.38280028104782104, -0.09857091307640076], [0.1619047224521637, 0.00898413360118866], [0.04098501428961754, 0.04664381965994835], [-0.07816935330629349, 0.2356298416852951]]",True
early_neutral,5,1762,0.41286237920693103,1,[0],"[[-0.8243488073348999, 0.0011788200354203582], [0.39550405740737915, -0.09829937666654587], [0.15991093218326569, 0.014388282783329487], [0.03946390375494957, 0.05063048005104065], [-0.07816935330629349, 0.2356298416852951]]",True
early_neutral,5,1763,0.4125291569476841,1,[0],"[[-0.8243488073348999, 0.0011788200354203582], [0.4086078405380249, -0.0982094407081604], [0.15766482055187225, 0.019383452832698822], [0.03945010155439377, 0.05481600761413574], [-0.07816935330629349, 0.2356298416852951]]",True
early_neutral,5,1764,0.4121959346884372,1,[0],"[[-0.8243488073348999, 0.0011788200354203582], [0.42201703786849976, -0.09822382032871246], [0.15467679500579834, 0.023597074672579765], [0.0392061211168766, 0.05899547412991524], [-0.07822508364915848, 0.23544318974018097]]",True
early_neutral,5,1765,0.41186271242919026,1,[0],"[[-0.8243488073348999, 0.0011788200354203582], [0.43565985560417175, -0.09834448993206024], [0.14996598660945892, 0.026923730969429016], [0.039369840174913406, 0.06287192553281784], [-0.07916416227817535, 0.23333629965782166]]",True
early_neutral,5,1766,0.41152949016994333,1,[0],"[[-0.8243488073348999, 0.0011788200354203582], [0.44948074221611023, -0.09853240847587585], [0.14463120698928833, 0.030541958287358284], [0.04146376997232437, 0.06575905531644821], [-0.08113450556993484, 0.23043668270111084]]",True
early_neutral,5,1767,0.4111962679106964,1,[0],"[[-0.8243488073348999, 0.0011788200354203582], [0.4633188545703888, -0.0988166332244873], [0.13883955776691437, 0.03469863906502724], [0.041525378823280334, 0.06959044933319092], [-0.0841585323214531, 0.22683942317962646]]",True
early_neutral,5,1768,0.41086304565144954,1,[0],"[[-0.8243488073348999, 0.0011788200354203582], [0.47635650634765625, -0.0993465781211853], [0.13319049775600433, 0.03895866498351097], [0.04008890688419342, 0.07360367476940155], [-0.0878855288028717, 0.2224898487329483]]",True
early_neutral,5,1769,0.4105298233922026,1,[0],"[[-0.8243488073348999, 0.0011788200354203582], [0.4880391061306, -0.10068820416927338], [0.12789002060890198, 0.04283199459314346], [0.03684874251484871, 0.07681342214345932], [-0.09182004630565643, 0.21797937154769897]]",True
early_neutral,5,1770,0.4101966011329557,1,[0],"[[-0.8243488073348999, 0.0011788200354203582], [0.49825751781463623, -0.1023256927728653], [0.1215076744556427, 0.04713550582528114], [0.031375087797641754, 0.07863011956214905], [-0.09363779425621033, 0.2159005105495453]]",True
early_neutral,5,1771,0.4098633788737088,1,[0],"[[-0.8243488073348999, 0.0011788200354203582], [0.505647599697113, -0.10347652435302734], [0.11493587493896484, 0.05168433487415314], [0.02513507753610611, 0.07961048185825348], [-0.09380314499139786, 0.21568289399147034]]",True
early_neutral,5,1772,0.40953015661446185,1,[0],"[[-0.8243488073348999, 0.0011788200354203582], [0.5086837410926819, -0.10411535948514938], [0.10878647863864899, 0.05602310597896576], [0.01878112182021141, 0.08026236295700073], [-0.0918792113661766, 0.21605998277664185]]",True
early_neutral,5,1773,0.4091969343552149,1,[0],"[[-0.8243488073348999, 0.0011788200354203582], [0.5056471824645996, -0.10352817922830582], [0.10406150668859482, 0.059367772191762924], [0.012372484430670738, 0.08062928169965744], [-0.08838389068841934, 0.21680818498134613]]",False
early_neutral,5,1774,0.408863712095968,1,[0],"[[-0.8236841559410095, 0.001762292580679059], [0.5010841488838196, -0.1027459129691124], [0.1000235304236412, 0.062009748071432114], [0.006191488821059465, 0.08253272622823715], [-0.08709446340799332, 0.21705636382102966]]",False
early_neutral,5,1775,0.4085304898367211,1,[0],"[[-0.8216717839241028, 0.003928470890969038], [0.4950781762599945, -0.10199957340955734], [0.09583890438079834, 0.06474766880273819], [0.0004768820945173502, 0.08620496839284897], [-0.08645477890968323, 0.2173214554786682]]",False
early_neutral,5,1776,0.40819726757747415,1,[0],"[[-0.8195123672485352, 0.0071297683753073215], [0.4877200126647949, -0.10141828656196594], [0.09197377413511276, 0.06727655977010727], [-0.005239265970885754, 0.09073168784379959], [-0.08517338335514069, 0.21792520582675934]]",False
early_neutral,5,1777,0.40786404531822723,1,[0],"[[-0.8170837759971619, 0.011280135251581669], [0.4793631434440613, -0.10108094662427902], [0.08774792402982712, 0.06950807571411133], [-0.010826090350747108, 0.09582839161157608], [-0.08389198780059814, 0.21852897107601166]]",False
early_neutral,5,1778,0.40753082305898036,1,[0],"[[-0.8143150210380554, 0.016268905252218246], [0.4727250337600708, -0.10088948160409927], [0.08397030830383301, 0.07071807980537415], [-0.016268355771899223, 0.10144272446632385], [-0.08371229469776154, 0.21861334145069122]]",False
early_neutral,5,1779,0.40719760079973344,1,[0],"[[-0.8112971186637878, 0.02198222279548645], [0.46631309390068054, -0.10080201923847198], [0.08280862122774124, 0.07061172276735306], [-0.020810453221201897, 0.10664170235395432], [-0.08363071084022522, 0.2186514139175415]]",False
early_neutral,5,1780,0.4068643785404865,1,[0],"[[-0.8080781698226929, 0.028289834037423134], [0.45989271998405457, -0.10073760896921158], [0.0834311842918396, 0.06867645680904388], [-0.02499695122241974, 0.11196555942296982], [-0.08353476971387863, 0.2181418389081955]]",False
early_neutral,5,1781,0.4065311562812396,1,[0],"[[-0.8047186136245728, 0.035108715295791626], [0.45345938205718994, -0.1006075069308281], [0.0859132707118988, 0.06616254150867462], [-0.028046194463968277, 0.1163456067442894], [-0.08201853930950165, 0.2180570662021637]]",False
early_neutral,5,1782,0.40619793402199267,1,[0],"[[-0.8012571930885315, 0.04239429906010628], [0.44677358865737915, -0.1004178449511528], [0.09094071388244629, 0.06414471566677094], [-0.030224796384572983, 0.12028395384550095], [-0.08089365065097809, 0.21803095936775208]]",False
early_neutral,5,1783,0.40586471176274574,1,[0],"[[-0.7978165149688721, 0.050077009946107864], [0.43891483545303345, -0.10013856738805771], [0.09760986268520355, 0.06264901906251907], [-0.03180825337767601, 0.1237846091389656], [-0.08064854145050049, 0.2176147848367691]]",True
early_neutral,5,1784,0.4055314895034988,1,[0],"[[-0.7931857109069824, 0.05755700543522835], [0.4299909472465515, -0.09971983730792999], [0.10543762147426605, 0.06115337833762169], [-0.03204815462231636, 0.12432998418807983], [-0.08068374544382095, 0.2170371264219284]]",True
early_neutral,5,1785,0.4051982672442519,1,[0],"[[-0.7854015231132507, 0.06312741339206696], [0.42083215713500977, -0.09924174845218658], [0.11427990347146988, 0.05967111140489578], [-0.03204815462231636, 0.12432998418807983], [-0.07983089238405228, 0.21714584529399872]]",True
early_neutral,5,1786,0.404865044985005,1,[0],"[[-0.7752991914749146, 0.0673857182264328], [0.41174542903900146, -0.09873172640800476], [0.12338092178106308, 0.058244455605745316], [-0.03204815462231636, 0.12432998418807983], [-0.0783972293138504, 0.21738241612911224]]",True
early_neutral,5,1787,0.4045318227257581,1,[0],"[[-0.7637157440185547, 0.06990385800600052], [0.4029395282268524, -0.09807518124580383], [0.13323597609996796, 0.056737352162599564], [-0.03204815462231636, 0.12432998418807983], [-0.07771160453557968, 0.21705570816993713]]",True
early_neutral,5,1788,0.4041986004665112,1,[0],"[[-0.7513547539710999, 0.07065296918153763], [0.39420291781425476, -0.09734213352203369], [0.14366082847118378, 0.055169180035591125], [-0.03204815462231636, 0.12432998418807983], [-0.07566963136196136, 0.21834836900234222]]",True
early_neutral,5,1789,0.40386537820726426,1,[0],"[[-0.741592288017273, 0.07129033654928207], [0.3859289586544037, -0.09677406400442123], [0.1543608456850052, 0.05357620120048523], [-0.03207816928625107, 0.12432598322629929], [-0.07231172919273376, 0.22014839947223663]]",True
early_neutral,5,1790,0.40353215594801733,1,[0],"[[-0.7331181764602661, 0.07215117663145065], [0.3790223300457001, -0.09585544466972351], [0.16568394005298615, 0.05190504342317581], [-0.0340447872877121, 0.1241079568862915], [-0.06817083805799484, 0.22270837426185608]]",True
early_neutral,5,1791,0.4031989336887704,1,[0],"[[-0.7264713644981384, 0.07297002524137497], [0.3727700710296631, -0.09411805868148804], [0.17757637798786163, 0.050173319876194], [-0.03769503906369209, 0.12380509823560715], [-0.06354062259197235, 0.22563479840755463]]",True
early_neutral,5,1792,0.4028657114295235,1,[0],"[[-0.7248899340629578, 0.07320688664913177], [0.3660944998264313, -0.09157921373844147], [0.18994228541851044, 0.04841644689440727], [-0.04279683530330658, 0.12356063723564148], [-0.05880875885486603, 0.22872577607631683]]",True
early_neutral,5,1793,0.40253248917027656,1,[0],"[[-0.7250433564186096, 0.07292205840349197], [0.35797956585884094, -0.089999258518219], [0.2026827037334442, 0.04665103554725647], [-0.04859204217791557, 0.12367048114538193], [-0.052313391119241714, 0.23290805518627167]]",True
early_neutral,5,1794,0.40219926691102964,1,[0],"[[-0.7268763780593872, 0.07095342874526978], [0.35008347034454346, -0.0894688293337822], [0.21572569012641907, 0.04491528123617172], [-0.05485367402434349, 0.12424660474061966], [-0.04571074619889259, 0.23719307780265808]]",True
early_neutral,5,1795,0.4018660446517827,1,[0],"[[-0.7298981547355652, 0.06842638552188873], [0.342289000749588, -0.0891319140791893], [0.22900798916816711, 0.043222419917583466], [-0.06103558838367462, 0.1253974437713623], [-0.03908703476190567, 0.24148206412792206]]",True
early_neutral,5,1796,0.40153282239253585,1,[0],"[[-0.7340156435966492, 0.06538598239421844], [0.33443379402160645, -0.08919605612754822], [0.24248751997947693, 0.04161091521382332], [-0.0659056231379509, 0.12868455052375793], [-0.032480206340551376, 0.24710959196090698]]",True
early_neutral,5,1797,0.4011996001332889,1,[0],"[[-0.7388372421264648, 0.06188083067536354], [0.32582712173461914, -0.08978339284658432], [0.2561261057853699, 0.04009600728750229], [-0.06913643330335617, 0.13363124430179596], [-0.025680944323539734, 0.25050806999206543]]",True
early_neutral,5,1798,0.400866377874042,1,[0],"[[-0.7440847754478455, 0.05812464654445648], [0.3168092966079712, -0.09093429148197174], [0.2698901891708374, 0.038677144795656204], [-0.07143377512693405, 0.13806210458278656], [-0.018994426354765892, 0.25211307406425476]]",True
early_neutral,5,1799,0.4005331556147951,1,[0],"[[-0.7500056028366089, 0.0539466068148613], [0.3079179525375366, -0.09244637191295624], [0.2837548553943634, 0.037358906120061874], [-0.07387207448482513, 0.1419357806444168], [-0.01205410622060299, 0.25229817628860474]]",True
early_neutral,5,1800,0.40019993335554815,1,[0],"[[-0.7564408779144287, 0.04942706972360611], [0.2991608679294586, -0.0942605584859848], [0.2976934313774109, 0.036111075431108475], [-0.07623865455389023, 0.14524419605731964], [-0.004127198830246925, 0.253561794757843]]",True
early_neutral,5,1801,0.39986671109630123,1,[0],"[[-0.7634857892990112, 0.04449310898780823], [0.2905559837818146, -0.096360944211483], [0.31167489290237427, 0.03485554829239845], [-0.0766168162226677, 0.14580880105495453], [0.0036652369890362024, 0.2529210150241852]]",True
early_neutral,5,1802,0.3995334888370543,1,[0],"[[-0.7708015441894531, 0.03937646374106407], [0.2820286750793457, -0.098592609167099], [0.3255135416984558, 0.033602025359869], [-0.0761999636888504, 0.14644105732440948], [0.010166709311306477, 0.2510101795196533]]",True
early_neutral,5,1803,0.3992002665778074,1,[0],"[[-0.7784684896469116, 0.03401825949549675], [0.27354493737220764, -0.10089349746704102], [0.3365025818347931, 0.032505106180906296], [-0.0761985182762146, 0.14644327759742737], [0.015306450426578522, 0.2479715198278427]]",True
early_neutral,5,1804,0.39886704431856046,1,[0],"[[-0.7865604758262634, 0.02836637757718563], [0.26507729291915894, -0.10321938991546631], [0.3432111144065857, 0.031430743634700775], [-0.0761985182762146, 0.14644327759742737], [0.020342709496617317, 0.2446412742137909]]",True
early_neutral,5,1805,0.39853382205931354,1,[0],"[[-0.7950230836868286, 0.022457189857959747], [0.256576269865036, -0.10549315065145493], [0.34839630126953125, 0.03035937435925007], [-0.07493570446968079, 0.14779265224933624], [0.026352044194936752, 0.24077849090099335]]",False
early_neutral,5,1806,0.39820059980006667,1,[0],"[[-0.8037037253379822, 0.016397571191191673], [0.24800288677215576, -0.10766063630580902], [0.35431206226348877, 0.028678689152002335], [-0.0725538358092308, 0.15042120218276978], [0.031480807811021805, 0.2375226467847824]]",False
early_neutral,5,1807,0.39786737754081974,1,[0],"[[-0.8108002543449402, 0.011444568634033203], [0.23915456235408783, -0.10992329567670822], [0.36096927523612976, 0.026076730340719223], [-0.0696253776550293, 0.15376482903957367], [0.03503139317035675, 0.23474019765853882]]",False
early_neutral,5,1808,0.3975341552815728,1,[0],"[[-0.8173497915267944, 0.006874226499348879], [0.23003926873207092, -0.11089099943637848], [0.368320107460022, 0.022831197828054428], [-0.06738565117120743, 0.15688671171665192], [0.03692718595266342, 0.23229382932186127]]",False
early_neutral,5,1809,0.3972009330223259,1,[0],"[[-0.8226209282875061, 0.0032642921432852745], [0.22040998935699463, -0.1110614687204361], [0.37630128860473633, 0.019093742594122887], [-0.06642768532037735, 0.15881672501564026], [0.036781735718250275, 0.23154018819332123]]",False
early_neutral,5,1810,0.396867710763079,1,[0],"[[-0.8246781826019287, 0.0022212183102965355], [0.21001732349395752, -0.11121860891580582], [0.3845885097980499, 0.015025578439235687], [-0.06856988370418549, 0.1583326905965805], [0.033805206418037415, 0.23192843794822693]]",False
early_neutral,5,1811,0.39653448850383205,1,[0],"[[-0.824761688709259, 0.0021913666278123856], [0.19883455336093903, -0.11135745048522949], [0.39320674538612366, 0.010717542842030525], [-0.07268482446670532, 0.15804161131381989], [0.029739852994680405, 0.23337480425834656]]",False
early_neutral,5,1812,0.3962012662445851,1,[0],"[[-0.824761688709259, 0.0021913666278123856], [0.1869414895772934, -0.11142735183238983], [0.40229958295822144, 0.006104667205363512], [-0.07806901633739471, 0.1573493331670761], [0.025531677529215813, 0.2361266314983368]]",False
early_neutral,5,1813,0.3958680439853382,1,[0],"[[-0.824761688709259, 0.0021913666278123856], [0.17447902262210846, -0.11137214303016663], [0.41184404492378235, 0.0012379457475617528], [-0.08422067761421204, 0.1561555117368698], [0.0209647249430418, 0.23967361450195312]]",False
early_neutral,5,1814,0.3955348217260913,1,[0],"[[-0.824761688709259, 0.0021913666278123856], [0.1616264134645462, -0.11065955460071564], [0.42175769805908203, -0.0037514143623411655], [-0.08855129033327103, 0.1550533026456833], [0.015644744038581848, 0.24375683069229126]]",False
early_neutral,5,1815,0.3952015994668444,1,[0],"[[-0.824761688709259, 0.0021913666278123856], [0.14877977967262268, -0.10856284946203232], [0.43199339509010315, -0.008776717819273472], [-0.08966940641403198, 0.15468575060367584], [0.009696394205093384, 0.24826174974441528]]",False
early_neutral,5,1816,0.3948683772075975,1,[0],"[[-0.824761688709259, 0.0021913666278123856], [0.13594958186149597, -0.10592250525951385], [0.4434250593185425, -0.011952122673392296], [-0.08909326046705246, 0.15457630157470703], [0.0036819782108068466, 0.2527843415737152]]",False
early_neutral,5,1817,0.39453515494835056,1,[0],"[[-0.824761688709259, 0.0021913666278123856], [0.12312684208154678, -0.1055646538734436], [0.45539095997810364, -0.015387914143502712], [-0.08525019884109497, 0.1540888398885727], [-0.002344666048884392, 0.2573000192642212]]",False
early_neutral,5,1818,0.39420193268910364,1,[0],"[[-0.824761688709259, 0.0021913666278123856], [0.11063830554485321, -0.1070619523525238], [0.46663227677345276, -0.01998700015246868], [-0.07991866022348404, 0.1534510999917984], [-0.007499244995415211, 0.26123151183128357]]",False
early_neutral,5,1819,0.3938687104298567,1,[0],"[[-0.824761688709259, 0.0021913666278123856], [0.10077852010726929, -0.10935400426387787], [0.47686144709587097, -0.02550513483583927], [-0.07363549619913101, 0.15264619886875153], [-0.011351113207638264, 0.26458415389060974]]",False
early_neutral,5,1820,0.3935354881706098,1,[0],"[[-0.824761688709259, 0.0021913666278123856], [0.09625130146741867, -0.11224356293678284], [0.48653608560562134, -0.030875999480485916], [-0.06739907711744308, 0.15161916613578796], [-0.014735717326402664, 0.2678939998149872]]",False
early_neutral,5,1821,0.39320226591136287,1,[0],"[[-0.824761688709259, 0.0021913666278123856], [0.09613461047410965, -0.11622770875692368], [0.49513378739356995, -0.035060662776231766], [-0.06125131621956825, 0.15038570761680603], [-0.015642870217561722, 0.2687958776950836]]",False
early_neutral,5,1822,0.39286904365211595,1,[0],"[[-0.824761688709259, 0.0021913666278123856], [0.09909871965646744, -0.12070336192846298], [0.5024113655090332, -0.03787233680486679], [-0.055160041898489, 0.1490381509065628], [-0.015642870217561722, 0.2687958776950836]]",False
early_neutral,5,1823,0.392535821392869,1,[0],"[[-0.824761688709259, 0.0021913666278123856], [0.10391832888126373, -0.12539710104465485], [0.5101752877235413, -0.040153730660676956], [-0.0491204671561718, 0.14759543538093567], [-0.015642870217561722, 0.2687958776950836]]",False
early_neutral,5,1824,0.3922025991336221,1,[0],"[[-0.824761688709259, 0.0021913666278123856], [0.11011481285095215, -0.1301923394203186], [0.5191002488136292, -0.04217921942472458], [-0.04245355352759361, 0.14587554335594177], [-0.015642870217561722, 0.2687958776950836]]",False
early_neutral,5,1825,0.39186937687437523,1,[0],"[[-0.824761688709259, 0.0021913666278123856], [0.1176016554236412, -0.1349697858095169], [0.5270641446113586, -0.04395151510834694], [-0.0347137525677681, 0.14371183514595032], [-0.015642870217561722, 0.2687958776950836]]",False
early_neutral,5,1826,0.3915361546151283,1,[0],"[[-0.824761688709259, 0.0021913666278123856], [0.12580358982086182, -0.13939893245697021], [0.532721996307373, -0.04521762207150459], [-0.026362663134932518, 0.1412406712770462], [-0.015642870217561722, 0.2687958776950836]]",False
early_neutral,5,1827,0.3912029323558814,1,[0],"[[-0.824761688709259, 0.0021913666278123856], [0.1350422352552414, -0.14362695813179016], [0.5376665592193604, -0.0462125688791275], [-0.017982058227062225, 0.13878488540649414], [-0.015592711977660656, 0.268767774105072]]",True
early_neutral,5,1828,0.39086971009663446,1,[0],"[[-0.824761688709259, 0.0021913666278123856], [0.14523430168628693, -0.14759285748004913], [0.5432639718055725, -0.04713013395667076], [-0.009581384249031544, 0.13635827600955963], [-0.01309099793434143, 0.2674926519393921]]",True
early_neutral,5,1829,0.39053648783738754,1,[0],"[[-0.824761688709259, 0.0021913666278123856], [0.15688945353031158, -0.14953406155109406], [0.5499115586280823, -0.04890463501214981], [-0.001188224065117538, 0.13392069935798645], [-0.008936572819948196, 0.26569321751594543]]",True
early_neutral,5,1830,0.3902032655781406,1,[0],"[[-0.824761688709259, 0.0021913666278123856], [0.16930705308914185, -0.14961013197898865], [0.5577978491783142, -0.05077684298157692], [0.0071861594915390015, 0.1314559280872345], [-0.004233917221426964, 0.2639605700969696]]",True
early_neutral,5,1831,0.3898700433188937,1,[0],"[[-0.824761688709259, 0.0021913666278123856], [0.18216615915298462, -0.1494620442390442], [0.5667906403541565, -0.052350565791130066], [0.015536528080701828, 0.12895691394805908], [-0.0035037368070334196, 0.26369553804397583]]",True
early_neutral,5,1832,0.38953682105964677,1,[0],"[[-0.824761688709259, 0.0021913666278123856], [0.19537733495235443, -0.1491403728723526], [0.5768420696258545, -0.053888507187366486], [0.023853620514273643, 0.1264113485813141], [-0.0035037368070334196, 0.26369553804397583]]",True
early_neutral,5,1833,0.38920359880039984,1,[0],"[[-0.824761688709259, 0.0021913666278123856], [0.2088632434606552, -0.14876173436641693], [0.5874739289283752, -0.05534522980451584], [0.03213891386985779, 0.12382224202156067], [-0.0035037368070334196, 0.26369553804397583]]",True
early_neutral,5,1834,0.388870376541153,1,[0],"[[-0.824761688709259, 0.0021913666278123856], [0.22256653010845184, -0.14844192564487457], [0.5984935164451599, -0.05659870058298111], [0.04040863737463951, 0.12121211737394333], [-0.0035037368070334196, 0.26369553804397583]]",True
early_neutral,5,1835,0.38853715428190605,1,[0],"[[-0.824761688709259, 0.0021913666278123856], [0.2364366203546524, -0.14818862080574036], [0.6081029772758484, -0.0574868880212307], [0.04866601526737213, 0.1185854896903038], [-0.0020696274004876614, 0.2637456953525543]]",True
early_neutral,5,1836,0.3882039320226591,1,[0],"[[-0.824761688709259, 0.0021913666278123856], [0.25043508410453796, -0.14804618060588837], [0.6170552372932434, -0.05799785628914833], [0.056922122836112976, 0.11595717817544937], [0.0019363599130883813, 0.2636796832084656]]",False
early_neutral,5,1837,0.3878707097634122,1,[1],"[[-0.824761688709259, 0.0021913666278123856], [0.2645300030708313, -0.14801479876041412], [0.6227537393569946, -0.05760979279875755], [0.06518615782260895, 0.11333942413330078], [0.0073464191518723965, 0.26324263215065]]",False
early_neutral,5,1838,0.3875374875041653,1,[1],"[[-0.824761688709259, 0.0021913666278123856], [0.2786969542503357, -0.1480267196893692], [0.6245173215866089, -0.05678977817296982], [0.07346191257238388, 0.11073741316795349], [0.013696321286261082, 0.2626347541809082]]",False
early_neutral,5,1839,0.38720426524491836,1,[1],"[[-0.824761688709259, 0.0021913666278123856], [0.2929183840751648, -0.14805465936660767], [0.6235452890396118, -0.05633446201682091], [0.08176260441541672, 0.10816926509141922], [0.020062461495399475, 0.26202908158302307]]",False
early_neutral,5,1840,0.38687104298567143,1,[1],"[[-0.824761688709259, 0.0021913666278123856], [0.3071812391281128, -0.14807471632957458], [0.6214531064033508, -0.0548650361597538], [0.09008961915969849, 0.10563747584819794], [0.02642865478992462, 0.2614535689353943]]",False
early_neutral,5,1841,0.3865378207264245,1,[1],"[[-0.824761688709259, 0.0021913666278123856], [0.32147520780563354, -0.14804470539093018], [0.6186673045158386, -0.05267597734928131], [0.09845708310604095, 0.10316284000873566], [0.03265894204378128, 0.2609516680240631]]",False
early_neutral,5,1842,0.3862045984671776,1,[1],"[[-0.824761688709259, 0.0021913666278123856], [0.335790753364563, -0.14791367948055267], [0.6161585450172424, -0.04962151125073433], [0.10686982423067093, 0.10075409710407257], [0.03905494883656502, 0.2604987621307373]]",True
early_neutral,5,1843,0.3858713762079307,1,[1],"[[-0.824761688709259, 0.0021913666278123856], [0.35009345412254333, -0.14730557799339294], [0.6163994669914246, -0.04639261215925217], [0.11533023416996002, 0.09841715544462204], [0.04542924463748932, 0.26018157601356506]]",True
early_neutral,5,1844,0.3855381539486838,1,[1],"[[-0.824761688709259, 0.0021913666278123856], [0.36432909965515137, -0.1461462825536728], [0.6188948154449463, -0.042784642428159714], [0.1238429993391037, 0.09616215527057648], [0.05162610858678818, 0.26017680764198303]]",True
early_neutral,5,1845,0.38520493168943687,1,[0],"[[-0.824761688709259, 0.0021913666278123856], [0.37847304344177246, -0.14453890919685364], [0.6233575344085693, -0.039228472858667374], [0.1324061155319214, 0.09398938715457916], [0.05803989991545677, 0.260493665933609]]",True
early_neutral,5,1846,0.38487170943018995,1,[0],"[[-0.824761688709259, 0.0021913666278123856], [0.3925158679485321, -0.14256815612316132], [0.6283856630325317, -0.035434771329164505], [0.14101630449295044, 0.09189683198928833], [0.06440936028957367, 0.2610824704170227]]",True
early_neutral,5,1847,0.384538487170943,1,[0],"[[-0.824761688709259, 0.0021913666278123856], [0.40644943714141846, -0.14027570188045502], [0.6327676177024841, -0.031205855309963226], [0.14967146515846252, 0.08988441526889801], [0.07063322514295578, 0.2616884112358093]]",True
early_neutral,5,1848,0.3842052649116961,1,[0],"[[-0.824761688709259, 0.0021913666278123856], [0.420312762260437, -0.1377982795238495], [0.6358946561813354, -0.02666308544576168], [0.15835261344909668, 0.08791977912187576], [0.076978400349617, 0.2623048722743988]]",True
early_neutral,5,1849,0.3838720426524492,1,[0],"[[-0.824761688709259, 0.0021913666278123856], [0.43411773443222046, -0.13517887890338898], [0.6369525790214539, -0.022373352199792862], [0.16704492270946503, 0.08597618341445923], [0.08333797752857208, 0.2629028558731079]]",True
early_neutral,5,1850,0.38353882039320225,1,[0],"[[-0.824761688709259, 0.0021913666278123856], [0.448147714138031, -0.13313546776771545], [0.637062668800354, -0.017686991021037102], [0.17585834860801697, 0.08412504941225052], [0.08959034085273743, 0.2632509469985962]]",True
early_neutral,5,1851,0.3832055981339553,1,[0],"[[-0.824761688709259, 0.0021913666278123856], [0.4624153971672058, -0.1319734752178192], [0.6373869180679321, -0.012707047164440155], [0.18539726734161377, 0.08253224194049835], [0.09592662751674652, 0.26329556107521057]]",True
early_neutral,5,1852,0.3828723758747084,1,[0],"[[-0.824761688709259, 0.0021913666278123856], [0.47677478194236755, -0.1314084678888321], [0.6379511952400208, -0.007138664368540049], [0.19586476683616638, 0.08121862262487411], [0.10234644263982773, 0.263033926486969]]",True
early_neutral,5,1853,0.38253915361546154,1,[0],"[[-0.824761688709259, 0.0021913666278123856], [0.49114248156547546, -0.13092629611492157], [0.6383728384971619, -0.0022155719343572855], [0.20653294026851654, 0.08009739220142365], [0.10872435569763184, 0.26248878240585327]]",True
early_neutral,5,1854,0.3822059313562146,1,[0],"[[-0.824761688709259, 0.0021913666278123856], [0.5055156350135803, -0.1305059790611267], [0.6385952830314636, 0.0034692923072725534], [0.21773874759674072, 0.0790516808629036], [0.11503458023071289, 0.2616758346557617]]",True
early_neutral,5,1855,0.3818727090969677,1,[0],"[[-0.824761688709259, 0.0021913666278123856], [0.5198867917060852, -0.13005104660987854], [0.6386301517486572, 0.009488008916378021], [0.22956855595111847, 0.07801446318626404], [0.12127576768398285, 0.2606593668460846]]",True
early_neutral,5,1856,0.38153948683772076,1,[0],"[[-0.824761688709259, 0.0021913666278123856], [0.5342541933059692, -0.12954223155975342], [0.6386301517486572, 0.015534176491200924], [0.24192173779010773, 0.07688472419977188], [0.12749680876731873, 0.25959163904190063]]",True
early_neutral,5,1857,0.38120626457847384,1,[0],"[[-0.824761688709259, 0.0021913666278123856], [0.5486156940460205, -0.12896427512168884], [0.6386347413063049, 0.02151503600180149], [0.25468355417251587, 0.07566691190004349], [0.1337025910615921, 0.25848695635795593]]",True
early_neutral,5,1858,0.3808730423192269,1,[0],"[[-0.824761688709259, 0.0021913666278123856], [0.5629692077636719, -0.12830470502376556], [0.638588011264801, 0.027786439284682274], [0.26778408885002136, 0.0744730681180954], [0.1399308443069458, 0.2574373483657837]]",True
early_neutral,5,1859,0.38053982005998,1,[0],"[[-0.824761688709259, 0.0021913666278123856], [0.5773130655288696, -0.127560093998909], [0.6385751366615295, 0.033848609775304794], [0.2811577618122101, 0.0733538344502449], [0.146190345287323, 0.2564696669578552]]",True
early_neutral,5,1860,0.38020659780073307,1,[0],"[[-0.824761688709259, 0.0021913666278123856], [0.5916444659233093, -0.12671847641468048], [0.6385405659675598, 0.03996613994240761], [0.2947427034378052, 0.07230424135923386], [0.14995317161083221, 0.25590580701828003]]",True
early_neutral,5,1861,0.37987337554148615,1,[0],"[[-0.824761688709259, 0.0021913666278123856], [0.6059615015983582, -0.12577925622463226], [0.6386144757270813, 0.04671010747551918], [0.308494508266449, 0.07134288549423218], [0.14999714493751526, 0.2558991014957428]]",True
early_neutral,5,1862,0.3795401532822393,1,[0],"[[-0.824761688709259, 0.0021913666278123856], [0.6202634572982788, -0.12474848330020905], [0.6370251178741455, 0.05213587358593941], [0.322299599647522, 0.07027050852775574], [0.15079709887504578, 0.2559843361377716]]",True
early_neutral,5,1863,0.37920693102299236,1,[0],"[[-0.824761688709259, 0.0021913666278123856], [0.6345497965812683, -0.12362868338823318], [0.6341575384140015, 0.05646152421832085], [0.33454951643943787, 0.06751690804958344], [0.15448659658432007, 0.2562737762928009]]",True
early_neutral,5,1864,0.37887370876374543,1,[0],"[[-0.824761688709259, 0.0021913666278123856], [0.6488191485404968, -0.12241922318935394], [0.6296103000640869, 0.0597703643143177], [0.3446151614189148, 0.06282928586006165], [0.15956731140613556, 0.2564757466316223]]",True
early_neutral,5,1865,0.3785404865044985,1,[0],"[[-0.824761688709259, 0.0021913666278123856], [0.6630696058273315, -0.1211189329624176], [0.6243104338645935, 0.06355003267526627], [0.35355255007743835, 0.057112257927656174], [0.16148066520690918, 0.25652819871902466]]",True
early_neutral,5,1866,0.3782072642452516,1,[0],"[[-0.824761688709259, 0.0021913666278123856], [0.6772952675819397, -0.11970808357000351], [0.6188347935676575, 0.06756506860256195], [0.3591845631599426, 0.049964480102062225], [0.16148066520690918, 0.25652819871902466]]",True
early_neutral,5,1867,0.37787404198600466,1,[0],"[[-0.824761688709259, 0.0021913666278123856], [0.6914543509483337, -0.11803888529539108], [0.6141570806503296, 0.07101517915725708], [0.3639419376850128, 0.04226519912481308], [0.16288448870182037, 0.2567271292209625]]",False
early_neutral,5,1868,0.37754081972675774,1,[0],"[[-0.824761688709259, 0.0021913666278123856], [0.70552659034729, -0.11608318984508514], [0.6101505160331726, 0.07366013526916504], [0.36942899227142334, 0.03451544791460037], [0.1658763289451599, 0.2581575810909271]]",False
early_neutral,5,1869,0.3772075974675108,1,[0],"[[-0.8248177170753479, 0.0031117538455873728], [0.7171690464019775, -0.11436140537261963], [0.6059864163398743, 0.07640913128852844], [0.37575408816337585, 0.026893960312008858], [0.16545850038528442, 0.26139524579048157]]",False
early_neutral,5,1870,0.3768743752082639,1,[0],"[[-0.8247873783111572, 0.0053418707102537155], [0.7252737283706665, -0.11260533332824707], [0.6020928025245667, 0.07897954434156418], [0.38230571150779724, 0.021151190623641014], [0.1620105654001236, 0.26481568813323975]]",False
early_neutral,5,1871,0.376541152949017,1,[0],"[[-0.8244951963424683, 0.008508449420332909], [0.7317736744880676, -0.11151556670665741], [0.5979474186897278, 0.08079111576080322], [0.38790789246559143, 0.018821971490979195], [0.15563897788524628, 0.2674465775489807]]",False
early_neutral,5,1872,0.3762079306897701,1,[0],"[[-0.824011504650116, 0.012629322707653046], [0.7343887090682983, -0.10983008146286011], [0.5931620001792908, 0.08044018596410751], [0.3938390016555786, 0.01914318837225437], [0.14775396883487701, 0.26983144879341125]]",False
early_neutral,5,1873,0.3758747084305232,1,[0],"[[-0.8234007954597473, 0.017643075436353683], [0.7334831357002258, -0.10751236230134964], [0.5875166654586792, 0.07885463535785675], [0.40051189064979553, 0.02105359360575676], [0.13898728787899017, 0.27251532673835754]]",False
early_neutral,5,1874,0.37554148617127625,1,[0],"[[-0.8226869106292725, 0.023427575826644897], [0.7299525141716003, -0.10512138903141022], [0.5807152986526489, 0.07683806121349335], [0.4079524278640747, 0.023682154715061188], [0.1294473260641098, 0.2754310369491577]]",False
early_neutral,5,1875,0.3752082639120293,1,[0],"[[-0.8219226598739624, 0.02985144406557083], [0.7242937684059143, -0.10278819501399994], [0.5728655457496643, 0.07444006204605103], [0.4161723256111145, 0.026776297017931938], [0.11923074722290039, 0.27854815125465393]]",False
early_neutral,5,1876,0.3748750416527824,1,[0],"[[-0.8211382031440735, 0.0367690771818161], [0.7174277901649475, -0.1006268784403801], [0.5640881657600403, 0.07179582118988037], [0.42498600482940674, 0.03030678816139698], [0.10840124636888504, 0.28184136748313904]]",False
early_neutral,5,1877,0.3745418193935355,1,[0],"[[-0.8204140663146973, 0.04384048283100128], [0.7093768119812012, -0.09850035607814789], [0.5544897317886353, 0.06901317089796066], [0.4335491359233856, 0.03426329046487808], [0.09707818925380707, 0.2852698862552643]]",False
early_neutral,5,1878,0.37420859713428856,1,[0],"[[-0.8197274804115295, 0.05132315680384636], [0.7005627155303955, -0.09669259190559387], [0.5441699028015137, 0.0661146268248558], [0.4420953392982483, 0.03887851536273956], [0.08536791056394577, 0.28880545496940613]]",False
early_neutral,5,1879,0.37387537487504163,1,[0],"[[-0.819092333316803, 0.059192363172769547], [0.6913301944732666, -0.09513883292675018], [0.5332249402999878, 0.06307268142700195], [0.45014190673828125, 0.04423202946782112], [0.0733531191945076, 0.29242008924484253]]",False
early_neutral,5,1880,0.3735421526157947,1,[0],"[[-0.8186163902282715, 0.0673874244093895], [0.6811552047729492, -0.0937022790312767], [0.5217752456665039, 0.0599219873547554], [0.4541743993759155, 0.049668800085783005], [0.06110181659460068, 0.2960943281650543]]",False
early_neutral,5,1881,0.37320893035654784,1,[0],"[[-0.8183220028877258, 0.07583501189947128], [0.6705724000930786, -0.09239859133958817], [0.510051965713501, 0.056501153856515884], [0.4532061815261841, 0.05491703376173973], [0.04866534844040871, 0.2998095750808716]]",False
early_neutral,5,1882,0.3728757080973009,1,[0],"[[-0.8182933330535889, 0.08447584509849548], [0.6594504117965698, -0.09121677279472351], [0.4982622265815735, 0.052675846964120865], [0.4481976628303528, 0.059783972799777985], [0.03608628734946251, 0.30355504155158997]]",False
early_neutral,5,1883,0.372542485838054,1,[0],"[[-0.8185700178146362, 0.09319787472486496], [0.6487322449684143, -0.09016388654708862], [0.48715588450431824, 0.048193588852882385], [0.4398687779903412, 0.06327586621046066], [0.023402439430356026, 0.30732929706573486]]",False
early_neutral,5,1884,0.37220926357880707,1,[0],"[[-0.8189881443977356, 0.10021589696407318], [0.6417190432548523, -0.089389368891716], [0.47976377606391907, 0.04259427636861801], [0.4307333528995514, 0.06636764109134674], [0.010639229789376259, 0.3111259937286377]]",False
early_neutral,5,1885,0.37187604131956015,1,[0],"[[-0.8197506666183472, 0.1056094616651535], [0.6354189515113831, -0.0886065736413002], [0.47569048404693604, 0.03563369810581207], [0.4212223291397095, 0.06976781040430069], [-0.0021840697154402733, 0.31494006514549255]]",False
early_neutral,5,1886,0.3715428190603132,1,[0],"[[-0.8207570314407349, 0.11006218194961548], [0.6291468739509583, -0.08775269240140915], [0.47158730030059814, 0.028252584859728813], [0.41121605038642883, 0.07350851595401764], [-0.01505279541015625, 0.31876760721206665]]",False
early_neutral,5,1887,0.3712095968010663,1,[0],"[[-0.8219752311706543, 0.11303319782018661], [0.6228801012039185, -0.08688708394765854], [0.4670642018318176, 0.020629050210118294], [0.40082502365112305, 0.07761223614215851], [-0.027955949306488037, 0.32260528206825256]]",False
early_neutral,5,1888,0.3708763745418194,1,[0],"[[-0.8233019113540649, 0.11528179049491882], [0.6166085004806519, -0.08600888401269913], [0.46164876222610474, 0.012981081381440163], [0.39023518562316895, 0.0821114033460617], [-0.040885165333747864, 0.32645073533058167]]",False
early_neutral,5,1889,0.37054315228257245,1,[0],"[[-0.8242230415344238, 0.1167033314704895], [0.6104394793510437, -0.08516345173120499], [0.45449668169021606, 0.00572987413033843], [0.37934109568595886, 0.08676659315824509], [-0.05383406952023506, 0.3303021192550659]]",False
early_neutral,5,1890,0.3702099300233256,1,[0],"[[-0.8243198394775391, 0.11684692651033401], [0.6041448712348938, -0.08429822325706482], [0.44581377506256104, -0.0009028335334733129], [0.3680972754955292, 0.09142893552780151], [-0.06679736077785492, 0.334158718585968]]",False
early_neutral,5,1891,0.36987670776407866,1,[0],"[[-0.8255309462547302, 0.11825400590896606], [0.597854495048523, -0.08341977000236511], [0.4358998239040375, -0.005405568052083254], [0.35652533173561096, 0.09603267908096313], [-0.0797712430357933, 0.3380196988582611]]",False
early_neutral,5,1892,0.36954348550483174,1,[0],"[[-0.8276841044425964, 0.12017326802015305], [0.5916869640350342, -0.08256428688764572], [0.42448800802230835, -0.007602195255458355], [0.34453845024108887, 0.1004038155078888], [-0.09275391697883606, 0.3418828547000885]]",False
early_neutral,5,1893,0.3692102632455848,1,[0],"[[-0.8300339579582214, 0.12175750732421875], [0.5854068994522095, -0.08170004934072495], [0.4123920500278473, -0.008403545245528221], [0.3321986794471741, 0.10453508049249649], [-0.10574451833963394, 0.34574583172798157]]",False
early_neutral,5,1894,0.3688770409863379,1,[0],"[[-0.8316708207130432, 0.12259625643491745], [0.5791122913360596, -0.08083484321832657], [0.40054187178611755, -0.006577654276043177], [0.319643497467041, 0.1085381731390953], [-0.11874084174633026, 0.34960901737213135]]",False
early_neutral,5,1895,0.36854381872709097,1,[0],"[[-0.8318321704864502, 0.12271738797426224], [0.5729162096977234, -0.07996069639921188], [0.3886377513408661, -0.003867204301059246], [0.30691754817962646, 0.11242853105068207], [-0.1317387968301773, 0.3534761667251587]]",False
early_neutral,5,1896,0.36821059646784404,1,[0],"[[-0.833249568939209, 0.12448789179325104], [0.5666842460632324, -0.07905761152505875], [0.3765856921672821, -0.0007151748286560178], [0.29408907890319824, 0.11626844853162766], [-0.14473716914653778, 0.3573475480079651]]",False
early_neutral,5,1897,0.3678773742085971,1,[0],"[[-0.8353329300880432, 0.12640269100666046], [0.5604126453399658, -0.07812382280826569], [0.36447402834892273, 0.002836306346580386], [0.28121161460876465, 0.12011010944843292], [-0.15773792564868927, 0.36121928691864014]]",False
early_neutral,5,1898,0.3675441519493502,1,[0],"[[-0.8374682664871216, 0.12786273658275604], [0.5541937351226807, -0.0771731585264206], [0.352154016494751, 0.006448096130043268], [0.2682948112487793, 0.1239500418305397], [-0.1707419604063034, 0.3650890588760376]]",False
early_neutral,5,1899,0.36721092969010327,1,[0],"[[-0.8386262655258179, 0.1284712702035904], [0.5480283498764038, -0.0762084499001503], [0.33964070677757263, 0.010058102197945118], [0.25534525513648987, 0.12778444588184357], [-0.18374907970428467, 0.3689565658569336]]",False
early_neutral,5,1900,0.3668777074308564,1,[0],"[[-0.8386654257774353, 0.12848661839962006], [0.5417851209640503, -0.07520902901887894], [0.3269416391849518, 0.013610022142529488], [0.24236831068992615, 0.13161079585552216], [-0.1967594176530838, 0.37282106280326843]]",False
early_neutral,5,1901,0.3665444851716095,1,[0],"[[-0.8386654257774353, 0.12848661839962006], [0.5355541706085205, -0.0741993859410286], [0.3140638768672943, 0.01705816760659218], [0.2293580174446106, 0.13541275262832642], [-0.20977242290973663, 0.37668290734291077]]",False
early_neutral,5,1902,0.36621126291236256,1,[0],"[[-0.8386654257774353, 0.12848661839962006], [0.5294278264045715, -0.07320517301559448], [0.3010362386703491, 0.02040104568004608], [0.21631360054016113, 0.1391831487417221], [-0.2227836698293686, 0.3805480897426605]]",False
early_neutral,5,1903,0.36587804065311563,1,[0],"[[-0.840236246585846, 0.1297363042831421], [0.5231955647468567, -0.07219215482473373], [0.2878826856613159, 0.023639902472496033], [0.20323388278484344, 0.14291535317897797], [-0.23579177260398865, 0.38441845774650574]]",False
early_neutral,5,1904,0.3655448183938687,1,[0],"[[-0.8428393602371216, 0.13173596560955048], [0.5187004208564758, -0.07151477783918381], [0.27461978793144226, 0.02677193656563759], [0.1901143193244934, 0.14659857749938965], [-0.24879932403564453, 0.3882899582386017]]",False
early_neutral,5,1905,0.3652115961346218,1,[0],"[[-0.8450614809989929, 0.13339310884475708], [0.518020510673523, -0.07141215354204178], [0.26127076148986816, 0.029813850298523903], [0.17695723474025726, 0.1502329707145691], [-0.26180970668792725, 0.39215782284736633]]",False
early_neutral,5,1906,0.36487837387537486,1,[0],"[[-0.8463340401649475, 0.1343396008014679], [0.5152338147163391, -0.07133614271879196], [0.2478480041027069, 0.032768912613391876], [0.163768470287323, 0.1538248360157013], [-0.27482160925865173, 0.39602383971214294]]",False
early_neutral,5,1907,0.36454515161612794,1,[0],"[[-0.8464200496673584, 0.1344035416841507], [0.5106297135353088, -0.07107119262218475], [0.23436668515205383, 0.03565074875950813], [0.15055014193058014, 0.15737517178058624], [-0.28782886266708374, 0.39989668130874634]]",False
early_neutral,5,1908,0.364211929356881,1,[0],"[[-0.8464200496673584, 0.1344035416841507], [0.5047333836555481, -0.07048579305410385], [0.22084173560142517, 0.03847701847553253], [0.13730911910533905, 0.16089317202568054], [-0.3008309304714203, 0.4037771224975586]]",False
early_neutral,5,1909,0.36387870709763415,1,[0],"[[-0.8464200496673584, 0.1344035416841507], [0.4976027011871338, -0.0696803405880928], [0.20727850496768951, 0.04124961793422699], [0.12405087053775787, 0.16438640654087067], [-0.3138415217399597, 0.4076457917690277]]",False
early_neutral,5,1910,0.3635454848383872,1,[0],"[[-0.9908088445663452, -0.0], [-0.7949766516685486, -0.08539491146802902], [-0.8522093296051025, 0.12414076924324036], [-0.8058908581733704, 0.2792574465274811], [-0.6685054898262024, 0.39048150181770325]]",False
early_neutral,5,1911,0.3632122625791403,1,[0],"[[-0.9908088445663452, -0.0], [-0.7949766516685486, -0.08539491146802902], [-0.8522093296051025, 0.12414076924324036], [-0.8058908581733704, 0.2792574465274811], [-0.6684784889221191, 0.3903992772102356]]",False
early_neutral,5,1912,0.3628790403198934,1,[0],"[[-0.9908088445663452, -0.0], [-0.7949466109275818, -0.08538860082626343], [-0.8522093296051025, 0.12414076924324036], [-0.8058908581733704, 0.2792574465274811], [-0.6680040955543518, 0.3884195387363434]]",False
early_neutral,5,1913,0.36254581806064645,1,[0],"[[-0.9908088445663452, -0.0], [-0.7921971082687378, -0.08493628352880478], [-0.8522093296051025, 0.12414076924324036], [-0.8053861856460571, 0.2791768014431], [-0.6676599383354187, 0.38540521264076233]]",False
early_neutral,5,1914,0.36221259580139953,1,[0],"[[-0.989372193813324, 4.173048000666313e-05], [-0.7876408696174622, -0.08448085188865662], [-0.8511127233505249, 0.12414268404245377], [-0.8018828630447388, 0.2787647843360901], [-0.6675470471382141, 0.38149452209472656]]",False
early_neutral,5,1915,0.3618793735421526,1,[0],"[[-0.9853305816650391, 0.00011700495088007301], [-0.781822144985199, -0.08420780301094055], [-0.8471227884292603, 0.12408194690942764], [-0.7968670725822449, 0.27846261858940125], [-0.667342483997345, 0.3767179846763611]]",False
early_neutral,5,1916,0.3615461512829057,1,[0],"[[-0.9798096418380737, 0.0001458241604268551], [-0.7758139371871948, -0.08395510166883469], [-0.8417359590530396, 0.12387922406196594], [-0.7904342412948608, 0.2782568335533142], [-0.6670275926589966, 0.37115713953971863]]",False
early_neutral,5,1917,0.36121292902365876,1,[0],"[[-0.9728482961654663, 0.00015446424367837608], [-0.7693918347358704, -0.0837017297744751], [-0.8357776403427124, 0.12359742075204849], [-0.7826933264732361, 0.278012752532959], [-0.6667979955673218, 0.3651781976222992]]",False
early_neutral,5,1918,0.3608797067644119,1,[0],"[[-0.9645780920982361, 0.00015399423136841506], [-0.7629684209823608, -0.08346593379974365], [-0.8295485377311707, 0.12327945977449417], [-0.7738035321235657, 0.27773022651672363], [-0.6667165756225586, 0.3591976463794708]]",False
early_neutral,5,1919,0.36054648450516497,1,[0],"[[-0.9551981091499329, 0.00014605083561036736], [-0.756672739982605, -0.08325624465942383], [-0.8231374025344849, 0.12292852997779846], [-0.7640597224235535, 0.27739715576171875], [-0.6667050719261169, 0.3532167971134186]]",False
early_neutral,5,1920,0.36021326224591804,1,[0],"[[-0.9449048042297363, 0.0001362508482998237], [-0.7502567172050476, -0.08306518197059631], [-0.8167434334754944, 0.12255537509918213], [-0.7534937858581543, 0.2770092487335205], [-0.6666994690895081, 0.34723591804504395]]",False
early_neutral,5,1921,0.3598800399866711,1,[0],"[[-0.9338306188583374, 0.00012461819278541952], [-0.7438281774520874, -0.08289621025323868], [-0.8104839324951172, 0.12216774374246597], [-0.7427611351013184, 0.2765803039073944], [-0.6666985750198364, 0.3412550687789917]]",False
early_neutral,5,1922,0.3595468177274242,1,[0],"[[-0.9220520853996277, 0.00011178907880093902], [-0.7374751567840576, -0.0827505812048912], [-0.8040823936462402, 0.12174870073795319], [-0.7315264940261841, 0.27609431743621826], [-0.666698157787323, 0.33527421951293945]]",False
early_neutral,5,1923,0.35921359546817727,1,[0],"[[-0.9097083806991577, 9.779723768588156e-05], [-0.7311081886291504, -0.08262603729963303], [-0.7976844310760498, 0.12130836397409439], [-0.7196694016456604, 0.27555400133132935], [-0.6666980981826782, 0.3292933404445648]]",False
early_neutral,5,1924,0.35888037320893035,1,[0],"[[-0.896923840045929, 8.302187052322552e-05], [-0.7246763706207275, -0.08252157270908356], [-0.7914483547210693, 0.12086030840873718], [-0.7072699069976807, 0.2749539911746979], [-0.6666980981826782, 0.3233124911785126]]",False
early_neutral,5,1925,0.3585471509496834,1,[0],"[[-0.8837987184524536, 6.765322905266657e-05], [-0.7182733416557312, -0.08243712782859802], [-0.7850567102432251, 0.12038177251815796], [-0.6944442391395569, 0.2742922306060791], [-0.6666980981826782, 0.31733161211013794]]",False
early_neutral,5,1926,0.3582139286904365,1,[0],"[[-0.8704128861427307, 5.1812068704748526e-05], [-0.7119516730308533, -0.0823722556233406], [-0.7786683440208435, 0.11988502740859985], [-0.6812862753868103, 0.27358344197273254], [-0.6666980981826782, 0.3113507628440857]]",False
early_neutral,5,1927,0.3578807064311896,1,[0],"[[-0.8568283319473267, 3.5654145904118195e-05], [-0.7055182456970215, -0.08232486248016357], [-0.7724394798278809, 0.11938567459583282], [-0.667872965335846, 0.2728252708911896], [-0.6666980981826782, 0.30536988377571106]]",False
early_neutral,5,1928,0.3575474841719427,1,[0],"[[-0.8433353304862976, 1.9532866645022295e-05], [-0.6990893483161926, -0.08229466527700424], [-0.7660588622093201, 0.11885889619588852], [-0.6542637944221497, 0.272025465965271], [-0.6666980981826782, 0.2993890047073364]]",False
early_neutral,5,1929,0.3572142619126958,1,[0],"[[-0.8328348994255066, 6.963637133594602e-06], [-0.6927919983863831, -0.08228006958961487], [-0.7595415115356445, 0.11831790208816528], [-0.6405059695243835, 0.2711822986602783], [-0.6666980981826782, 0.2934081554412842]]",False
early_neutral,5,1930,0.35688103965344886,1,[0],"[[-0.8269355297088623, -1.3417283639682864e-07], [-0.6863581538200378, -0.08228037506341934], [-0.7519047856330872, 0.11778844147920609], [-0.6266617178916931, 0.2701551616191864], [-0.6666980981826782, 0.28742727637290955]]",False
early_neutral,5,1931,0.35654781739420194,1,[0],"[[-0.8232775330543518, -4.551573056232883e-06], [-0.6795338988304138, -0.08230086416006088], [-0.7430994510650635, 0.11733219027519226], [-0.6129095554351807, 0.268374502658844], [-0.6654409170150757, 0.2827325761318207]]",False
early_neutral,5,1932,0.356214595134955,1,[0],"[[-0.8224046230316162, -5.6056292123685125e-06], [-0.6714339852333069, -0.08236272633075714], [-0.733421802520752, 0.11689883470535278], [-0.5993706583976746, 0.2658332288265228], [-0.6616601347923279, 0.28125420212745667]]",False
early_neutral,5,1933,0.3558813728757081,1,[0],"[[-0.823190450668335, 1.6656393199809827e-05], [-0.6623469591140747, -0.08247369527816772], [-0.7229166626930237, 0.11641982942819595], [-0.5859299898147583, 0.2629626989364624], [-0.6561026573181152, 0.2815256714820862]]",False
early_neutral,5,1934,0.35554815061646117,1,[0],"[[-0.8268353343009949, 0.0002351237926632166], [-0.6531577706336975, -0.0826004222035408], [-0.7116938829421997, 0.11589828133583069], [-0.5725282430648804, 0.25993701815605164], [-0.6497998237609863, 0.28338822722435]]",False
early_neutral,5,1935,0.35521492835721424,1,[0],"[[-0.8317784070968628, 0.0007624407298862934], [-0.643968939781189, -0.08273419737815857], [-0.6998196244239807, 0.11532288789749146], [-0.5602013468742371, 0.25710779428482056], [-0.6426969170570374, 0.2859724164009094]]",False
early_neutral,5,1936,0.3548817060979673,1,[0],"[[-0.838058352470398, 0.0015720570227131248], [-0.6347800493240356, -0.08286819607019424], [-0.6874227523803711, 0.11468686908483505], [-0.5508721470832825, 0.25546449422836304], [-0.6346011161804199, 0.2883983850479126]]",False
early_neutral,5,1937,0.35454848383872045,1,[0],"[[-0.8456258773803711, 0.0026054957415908575], [-0.6255909204483032, -0.08299412578344345], [-0.674614667892456, 0.11399909853935242], [-0.5418344140052795, 0.25438085198402405], [-0.6261844038963318, 0.29033827781677246]]",False
early_neutral,5,1938,0.35421526157947353,1,[0],"[[-0.8542921543121338, 0.0038517697248607874], [-0.6164014935493469, -0.0831121951341629], [-0.6614882946014404, 0.11325030773878098], [-0.5325300097465515, 0.25353628396987915], [-0.6173301935195923, 0.29175588488578796]]",False
early_neutral,5,1939,0.3538820393202266,1,[0],"[[-0.8637765645980835, 0.005255484022200108], [-0.6072119474411011, -0.08322329819202423], [-0.6481152176856995, 0.11245222389698029], [-0.5223416686058044, 0.2528567910194397], [-0.6082205176353455, 0.2925267517566681]]",False
early_neutral,5,1940,0.3535488170609797,1,[0],"[[-0.8740491271018982, 0.0068116881884634495], [-0.5980221629142761, -0.08332756906747818], [-0.6345525979995728, 0.11161352694034576], [-0.5117598176002502, 0.25223496556282043], [-0.5990815162658691, 0.2924909293651581]]",False
early_neutral,5,1941,0.35321559480173276,1,[0],"[[-0.8845773935317993, 0.008451825007796288], [-0.5888321995735168, -0.08342589437961578], [-0.6208451390266418, 0.11073913425207138], [-0.500691831111908, 0.25158625841140747], [-0.5907829999923706, 0.2917080223560333]]",False
early_neutral,5,1942,0.35288237254248583,1,[0],"[[-0.8956888914108276, 0.010229040868580341], [-0.579642117023468, -0.08351878076791763], [-0.6070245504379272, 0.10985230654478073], [-0.48898565769195557, 0.2508960962295532], [-0.5842716097831726, 0.2933059632778168]]",False
early_neutral,5,1943,0.3525491502832389,1,[0],"[[-0.9074085354804993, 0.01202415768057108], [-0.5704519152641296, -0.08360608667135239], [-0.5931171178817749, 0.10895898938179016], [-0.4767179787158966, 0.250120609998703], [-0.5793441534042358, 0.29601672291755676]]",False
early_neutral,5,1944,0.352215928023992,1,[0],"[[-0.9197582006454468, 0.013465365394949913], [-0.5612616539001465, -0.08368746191263199], [-0.5810171961784363, 0.10818889737129211], [-0.46400949358940125, 0.24923895299434662], [-0.5750478506088257, 0.29617878794670105]]",False
early_neutral,5,1945,0.35188270576474506,1,[0],"[[-0.9326019287109375, 0.01450495608150959], [-0.552071213722229, -0.0837630033493042], [-0.5717852711677551, 0.10765047371387482], [-0.451006144285202, 0.24819545447826385], [-0.5706029534339905, 0.29479002952575684]]",False
early_neutral,5,1946,0.3515494835054982,1,[0],"[[-0.9457831382751465, 0.015359555371105671], [-0.542880654335022, -0.08383390307426453], [-0.5626262426376343, 0.10715042054653168], [-0.4402462840080261, 0.2471161186695099], [-0.5663696527481079, 0.29606932401657104]]",False
early_neutral,5,1947,0.35121626124625127,1,[0],"[[-0.9591916799545288, 0.016018478199839592], [-0.5336900353431702, -0.08390051871538162], [-0.5534648299217224, 0.10666950047016144], [-0.431286096572876, 0.24578708410263062], [-0.5619865655899048, 0.29888293147087097]]",False
early_neutral,5,1948,0.35088303898700435,1,[0],"[[-0.9703788161277771, 0.01647799275815487], [-0.5244994163513184, -0.0839652493596077], [-0.5444355010986328, 0.10621268302202225], [-0.42364197969436646, 0.24456216394901276], [-0.5561872720718384, 0.3010382056236267]]",False
early_neutral,5,1949,0.3505498167277574,1,[0],"[[-0.978485643863678, 0.01670476421713829], [-0.5153087973594666, -0.08403098583221436], [-0.5390939116477966, 0.10594122856855392], [-0.42078104615211487, 0.2443767637014389], [-0.5485222339630127, 0.3016667664051056]]",False
early_neutral,5,1950,0.3502165944685105,1,[0],"[[-0.9850825071334839, 0.016844676807522774], [-0.5061182379722595, -0.08409980684518814], [-0.5386662483215332, 0.10591915249824524], [-0.4208393096923828, 0.24436597526073456], [-0.5397000312805176, 0.3015329837799072]]",False
early_neutral,5,1951,0.3498833722092636,1,[0],"[[-0.9872665405273438, 0.01690608635544777], [-0.4969279170036316, -0.08418223261833191], [-0.5386662483215332, 0.10591915249824524], [-0.4241822063922882, 0.24412959814071655], [-0.5323500037193298, 0.3007011413574219]]",False
early_neutral,5,1952,0.34955014995001665,1,[0],"[[-0.9874355792999268, 0.016912037506699562], [-0.4877380132675171, -0.0842796191573143], [-0.5386662483215332, 0.10591915249824524], [-0.4290294945240021, 0.24368366599082947], [-0.5282150506973267, 0.29765042662620544]]",False
early_neutral,5,1953,0.34921692769076973,1,[0],"[[-0.9874355792999268, 0.016912037506699562], [-0.47854840755462646, -0.08439123630523682], [-0.5391840934753418, 0.10594705492258072], [-0.43525370955467224, 0.24300533533096313], [-0.5241965055465698, 0.2934792935848236]]",False
early_neutral,5,1954,0.3488837054315228,1,[0],"[[-0.9874355792999268, 0.016912037506699562], [-0.46935927867889404, -0.08451660722494125], [-0.5426832437515259, 0.10598457604646683], [-0.44278278946876526, 0.24210809171199799], [-0.5196236371994019, 0.288719117641449]]",False
early_neutral,5,1955,0.3485504831722759,1,[0],"[[-0.9874355792999268, 0.016912037506699562], [-0.46017107367515564, -0.08466767519712448], [-0.547551155090332, 0.10574385523796082], [-0.45144152641296387, 0.24096214771270752], [-0.515188455581665, 0.283633291721344]]",False
early_neutral,5,1956,0.348217260913029,1,[0],"[[-0.9874355792999268, 0.016912037506699562], [-0.4509853720664978, -0.08487380295991898], [-0.5536880493164062, 0.10524535179138184], [-0.4609917104244232, 0.23949620127677917], [-0.5108134150505066, 0.27851954102516174]]",False
early_neutral,5,1957,0.3478840386537821,1,[0],"[[-0.9874355792999268, 0.016912037506699562], [-0.44180309772491455, -0.08513638377189636], [-0.5600677728652954, 0.10470351576805115], [-0.4712512195110321, 0.23768655955791473], [-0.506382167339325, 0.2736353576183319]]",False
early_neutral,5,1958,0.34755081639453517,1,[0],"[[-0.9874355792999268, 0.016912037506699562], [-0.4326251447200775, -0.08545675128698349], [-0.565294086933136, 0.10427434742450714], [-0.481372207403183, 0.23540280759334564], [-0.5022115111351013, 0.26854920387268066]]",False
early_neutral,5,1959,0.34721759413528824,1,[0],"[[-0.9874355792999268, 0.016912037506699562], [-0.4234524071216583, -0.08583525568246841], [-0.5662000775337219, 0.10425318032503128], [-0.4916014075279236, 0.2324703484773636], [-0.4967859983444214, 0.2638900876045227]]",False
early_neutral,5,1960,0.3468843718760413,1,[0],"[[-0.9874355792999268, 0.016912037506699562], [-0.4160705804824829, -0.08605367690324783], [-0.5660737752914429, 0.10423550754785538], [-0.5017587542533875, 0.22871962189674377], [-0.49033260345458984, 0.259631484746933]]",False
early_neutral,5,1961,0.3465511496167944,1,[0],"[[-0.9874355792999268, 0.016912037506699562], [-0.40964171290397644, -0.08591242134571075], [-0.5630866885185242, 0.10376157611608505], [-0.5105412602424622, 0.2232855260372162], [-0.4838496446609497, 0.2553918957710266]]",False
early_neutral,5,1962,0.3462179273575475,1,[0],"[[-0.9874355792999268, 0.016912037506699562], [-0.404058575630188, -0.0855703130364418], [-0.5586471557617188, 0.10293474793434143], [-0.5178519487380981, 0.2167293280363083], [-0.47735506296157837, 0.25115981698036194]]",False
early_neutral,5,1963,0.34588470509830055,1,[0],"[[-0.9874355792999268, 0.016912037506699562], [-0.40319162607192993, -0.0855104848742485], [-0.5530322194099426, 0.10163836181163788], [-0.5232478380203247, 0.2110329568386078], [-0.47085678577423096, 0.24693012237548828]]",False
early_neutral,5,1964,0.3455514828390536,1,[0],"[[-0.9874355792999268, 0.016912037506699562], [-0.40321969985961914, -0.0855010524392128], [-0.5465564131736755, 0.0995769128203392], [-0.5278926491737366, 0.2052692174911499], [-0.46435797214508057, 0.24270078539848328]]",False
early_neutral,5,1965,0.34521826057980676,1,[0],"[[-0.9874355792999268, 0.016912037506699562], [-0.4058297574520111, -0.0847809761762619], [-0.5427971482276917, 0.09668968617916107], [-0.5330185294151306, 0.19911101460456848], [-0.45787930488586426, 0.2384718954563141]]",False
early_neutral,5,1966,0.34488503832055983,1,[0],"[[-0.9874355792999268, 0.016912037506699562], [-0.41024520993232727, -0.08392617851495743], [-0.5416083931922913, 0.0926995649933815], [-0.5386173129081726, 0.192610502243042], [-0.45375263690948486, 0.23537184298038483]]",False
early_neutral,5,1967,0.3445518160613129,1,[0],"[[-0.9874355792999268, 0.016912037506699562], [-0.41621360182762146, -0.08328304439783096], [-0.5422582030296326, 0.08902201801538467], [-0.5426843762397766, 0.18675194680690765], [-0.4530574679374695, 0.23465017974376678]]",False
early_neutral,5,1968,0.344218593802066,1,[0],"[[-0.9874355792999268, 0.016912037506699562], [-0.4236479103565216, -0.08318396657705307], [-0.5462022423744202, 0.08721703290939331], [-0.5441334843635559, 0.18116824328899384], [-0.45438405871391296, 0.23429140448570251]]",False
early_neutral,5,1969,0.34388537154281906,1,[0],"[[-0.9874355792999268, 0.016912037506699562], [-0.43190422654151917, -0.08392074704170227], [-0.5520013570785522, 0.08585157990455627], [-0.5443960428237915, 0.17599700391292572], [-0.4582265317440033, 0.23348338901996613]]",False
early_neutral,5,1970,0.34355214928357214,1,[0],"[[-0.9874355792999268, 0.016912037506699562], [-0.43822169303894043, -0.08487478643655777], [-0.5589699149131775, 0.08409542590379715], [-0.5400667190551758, 0.17123284935951233], [-0.46358710527420044, 0.23265747725963593]]",False
early_neutral,5,1971,0.3432189270243252,1,[0],"[[-0.9874355792999268, 0.016912037506699562], [-0.44437307119369507, -0.08609901368618011], [-0.5669684410095215, 0.08191977441310883], [-0.5336839556694031, 0.16695170104503632], [-0.47028663754463196, 0.23158013820648193]]",False
early_neutral,5,1972,0.3428857047650783,1,[0],"[[-0.9874355792999268, 0.016912037506699562], [-0.45042338967323303, -0.08750509470701218], [-0.5753188133239746, 0.07942201942205429], [-0.5272009372711182, 0.16271214187145233], [-0.47811785340309143, 0.2300795614719391]]",False
early_neutral,5,1973,0.34255248250583137,1,[0],"[[-0.9874355792999268, 0.016912037506699562], [-0.4563075006008148, -0.08896129578351974], [-0.583482563495636, 0.07667544484138489], [-0.5207074880599976, 0.15847931802272797], [-0.4867002069950104, 0.22788405418395996]]",False
early_neutral,5,1974,0.34221926024658444,1,[0],"[[-0.9874355792999268, 0.016912037506699562], [-0.46227338910102844, -0.09052855521440506], [-0.5914673805236816, 0.07371378690004349], [-0.5142091512680054, 0.15424968302249908], [-0.49561524391174316, 0.224784716963768]]",False
early_neutral,5,1975,0.3418860379873376,1,[0],"[[-0.9874355792999268, 0.016912037506699562], [-0.46857938170433044, -0.09222546964883804], [-0.5993882417678833, 0.0706799179315567], [-0.5077103972434998, 0.1500203013420105], [-0.5045140981674194, 0.2208203226327896]]",False
early_neutral,5,1976,0.34155281572809065,1,[0],"[[-0.9871020913124084, 0.017049619928002357], [-0.4761312007904053, -0.09412968903779984], [-0.6072620153427124, 0.06759456545114517], [-0.5012113451957703, 0.14579114317893982], [-0.5132582187652588, 0.21655723452568054]]",False
early_neutral,5,1977,0.34121959346884373,1,[0],"[[-0.9840103983879089, 0.01842259243130684], [-0.4844200313091278, -0.09608270227909088], [-0.6151891946792603, 0.06456798315048218], [-0.4947122633457184, 0.14156199991703033], [-0.522297739982605, 0.21186228096485138]]",False
early_neutral,5,1978,0.3408863712095968,1,[0],"[[-0.9797741174697876, 0.020541545003652573], [-0.4905467629432678, -0.09760706126689911], [-0.6232244372367859, 0.06166452541947365], [-0.48821312189102173, 0.13733288645744324], [-0.5317381024360657, 0.20688021183013916]]",False
early_neutral,5,1979,0.3405531489503499,1,[0],"[[-0.9745891094207764, 0.023407738655805588], [-0.49648386240005493, -0.09921973943710327], [-0.6315522193908691, 0.05875264108181], [-0.4817139804363251, 0.13310378789901733], [-0.5416016578674316, 0.20172999799251556]]",False
early_neutral,5,1980,0.34021992669110296,1,[0],"[[-0.9685234427452087, 0.026927800849080086], [-0.502959132194519, -0.10104434937238693], [-0.6405758261680603, 0.05552798509597778], [-0.4752148687839508, 0.12887467443943024], [-0.5518127679824829, 0.1964615136384964]]",False
early_neutral,5,1981,0.33988670443185603,1,[0],"[[-0.9618257284164429, 0.03100763075053692], [-0.5106368660926819, -0.10316990315914154], [-0.6502084732055664, 0.05201999470591545], [-0.4687157869338989, 0.12464553862810135], [-0.5623493194580078, 0.19114764034748077]]",False
early_neutral,5,1982,0.3395534821726091,1,[0],"[[-0.9549545645713806, 0.035376179963350296], [-0.5190962553024292, -0.10545940697193146], [-0.6606817245483398, 0.04859986901283264], [-0.46221667528152466, 0.12041640281677246], [-0.5731696486473083, 0.18582771718502045]]",False
early_neutral,5,1983,0.3392202599133622,1,[0],"[[-0.9476118683815002, 0.040230512619018555], [-0.5276399254798889, -0.10766424983739853], [-0.6721622347831726, 0.04576004296541214], [-0.4557175040245056, 0.11618729680776596], [-0.5842668414115906, 0.1805570274591446]]",False
early_neutral,5,1984,0.3388870376541153,1,[0],"[[-0.9399350881576538, 0.04518180340528488], [-0.5362002849578857, -0.10976110398769379], [-0.684382438659668, 0.04343097284436226], [-0.44921839237213135, 0.11195818334817886], [-0.5956329107284546, 0.17537909746170044]]",False
early_neutral,5,1985,0.3385538153948684,1,[0],"[[-0.9316256642341614, 0.05004774034023285], [-0.5426596403121948, -0.11130798608064651], [-0.6971843838691711, 0.04167928174138069], [-0.4427192509174347, 0.10772908478975296], [-0.6072101593017578, 0.17028188705444336]]",False
early_neutral,5,1986,0.3382205931356215,1,[0],"[[-0.9230759739875793, 0.05470174178481102], [-0.548701822757721, -0.11274628341197968], [-0.710420548915863, 0.04051117226481438], [-0.4362201690673828, 0.10349992662668228], [-0.6189535856246948, 0.16525419056415558]]",False
early_neutral,5,1987,0.33788737087637455,1,[0],"[[-0.9167155623435974, 0.058137115091085434], [-0.5547451376914978, -0.11418263614177704], [-0.7234020233154297, 0.039561688899993896], [-0.42972105741500854, 0.09927079826593399], [-0.6308273077011108, 0.16028529405593872]]",False
early_neutral,5,1988,0.3375541486171276,1,[0],"[[-0.9118742942810059, 0.06075199693441391], [-0.5607826709747314, -0.11562935262918472], [-0.7332735061645508, 0.038888584822416306], [-0.4232219457626343, 0.09504169225692749], [-0.6427280306816101, 0.15528906881809235]]",False
early_neutral,5,1989,0.3372209263578807,1,[0],"[[-0.908526599407196, 0.06256014853715897], [-0.5668143033981323, -0.11708633601665497], [-0.7424218654632568, 0.03831161558628082], [-0.41672277450561523, 0.09081258624792099], [-0.6546350717544556, 0.15025776624679565]]",False
early_neutral,5,1990,0.3368877040986338,1,[0],"[[-0.9072723984718323, 0.06324183195829391], [-0.5727723836898804, -0.11852902173995972], [-0.7515571117401123, 0.03765427693724632], [-0.4102236330509186, 0.08658347278833389], [-0.6665841341018677, 0.14523731172084808]]",False
early_neutral,5,1991,0.33655448183938685,1,[0],"[[-0.9093331694602966, 0.062191035598516464], [-0.5787250399589539, -0.11997152119874954], [-0.7606645822525024, 0.036849867552518845], [-0.4037245512008667, 0.0823543444275856], [-0.6785941123962402, 0.14025472104549408]]",False
early_neutral,5,1992,0.33622125958013993,1,[0],"[[-0.9130935668945312, 0.06140337511897087], [-0.5847664475440979, -0.12143788486719131], [-0.7697336077690125, 0.03587824106216431], [-0.39722540974617004, 0.0781252309679985], [-0.6906982064247131, 0.13535146415233612]]",False
early_neutral,5,1993,0.33588803732089306,1,[0],"[[-0.9189811944961548, 0.06284906715154648], [-0.5915882587432861, -0.1231757178902626], [-0.7791566848754883, 0.03463979437947273], [-0.39072614908218384, 0.07389618456363678], [-0.7029829025268555, 0.13062776625156403]]",False
early_neutral,5,1994,0.33555481506164614,1,[0],"[[-0.9291733503341675, 0.06539156287908554], [-0.5994911193847656, -0.12535175681114197], [-0.7893009185791016, 0.033096540719270706], [-0.3842269778251648, 0.06966711580753326], [-0.7154305577278137, 0.12607641518115997]]",False
early_neutral,5,1995,0.3352215928023992,1,[0],"[[-0.9392020106315613, 0.06788863241672516], [-0.6078307032585144, -0.12788842618465424], [-0.7996511459350586, 0.031373683363199234], [-0.377727746963501, 0.06543804705142975], [-0.7278767824172974, 0.12151440978050232]]",False
early_neutral,5,1996,0.3348883705431523,1,[0],"[[-0.9440723657608032, 0.06910131126642227], [-0.6158931851387024, -0.13075792789459229], [-0.8105452656745911, 0.02942606620490551], [-0.37122851610183716, 0.06120898947119713], [-0.7402734160423279, 0.11688926815986633]]",False
early_neutral,5,1997,0.33455514828390537,1,[0],"[[-0.9908088445663452, 0.0], [-0.9502602815628052, -0.08391274511814117], [-0.9586071968078613, 0.0024807837326079607], [-0.9588947892189026, 0.05057461932301521], [-0.9546976089477539, 0.10940113663673401]]",False
early_neutral,5,1998,0.33422192602465844,1,[0],"[[-0.9908088445663452, 0.0], [-0.9502602815628052, -0.08391274511814117], [-0.9586071968078613, 0.0024807837326079607], [-0.9588947892189026, 0.05057461932301521], [-0.9546976089477539, 0.10940113663673401]]",False
early_neutral,5,1999,0.3338887037654115,1,[0],"[[-0.9908088445663452, 0.0], [-0.9502602815628052, -0.08391274511814117], [-0.9586071968078613, 0.0024807837326079607], [-0.9588947892189026, 0.05057461932301521], [-0.9546976089477539, 0.10940113663673401]]",False
early_neutral,5,2000,0.3335554815061646,1,[0],"[[-0.9908088445663452, 0.0], [-0.9502602815628052, -0.08391274511814117], [-0.9586071968078613, 0.0024807837326079607], [-0.9588947892189026, 0.05057461932301521], [-0.9546976089477539, 0.10940113663673401]]",False
early_neutral,5,2001,0.3332222592469177,1,[0],"[[-0.9908088445663452, 0.0], [-0.9502602815628052, -0.08391274511814117], [-0.9586071968078613, 0.0024807837326079607], [-0.9588947892189026, 0.05057461932301521], [-0.9546976089477539, 0.10940113663673401]]",False
early_neutral,5,2002,0.33288903698767075,1,[0],"[[-0.9908088445663452, 0.0], [-0.9502602815628052, -0.08391274511814117], [-0.9586071968078613, 0.0024807837326079607], [-0.9588947892189026, 0.05057461932301521], [-0.9546976089477539, 0.10940113663673401]]",False
early_neutral,5,2003,0.3325558147284239,1,[0],"[[-0.9908088445663452, 0.0], [-0.9502602815628052, -0.08391274511814117], [-0.9586071968078613, 0.0024807837326079607], [-0.9588947892189026, 0.05057461932301521], [-0.9546976089477539, 0.10940113663673401]]",False
early_neutral,5,2004,0.33222259246917696,1,[0],"[[-0.9907206296920776, 7.214358629425988e-05], [-0.950229823589325, -0.08391110599040985], [-0.9571846723556519, 0.0036481881979852915], [-0.9588947892189026, 0.05057461932301521], [-0.9546976089477539, 0.10940113663673401]]",False
early_neutral,5,2005,0.33188937020993003,1,[0],"[[-0.9907130599021912, 7.862783968448639e-05], [-0.9479771852493286, -0.08373827487230301], [-0.9545931816101074, 0.0059830863028764725], [-0.9585620164871216, 0.05083440989255905], [-0.9546976089477539, 0.10940113663673401]]",False
early_neutral,5,2006,0.3315561479506831,1,[0],"[[-0.9905925393104553, -0.0008506233571097255], [-0.9441946744918823, -0.08332552760839462], [-0.9513099789619446, 0.009132477454841137], [-0.9562922120094299, 0.0526190847158432], [-0.9546976089477539, 0.10940113663673401]]",False
early_neutral,5,2007,0.3312229256914362,1,[0],"[[-0.9900040626525879, -0.003338270355015993], [-0.9390313029289246, -0.0826321467757225], [-0.9468849301338196, 0.012835761532187462], [-0.9531005024909973, 0.055153485387563705], [-0.9546976089477539, 0.10940113663673401]]",False
early_neutral,5,2008,0.33088970343218926,1,[0],"[[-0.9891403317451477, -0.0057858568616211414], [-0.9324390888214111, -0.08178509771823883], [-0.9411593079566956, 0.01686861924827099], [-0.948945164680481, 0.058362267911434174], [-0.9546976089477539, 0.10940113663673401]]",False
early_neutral,5,2009,0.33055648117294234,1,[0],"[[-0.9888449311256409, -0.0073526459746062756], [-0.9245213270187378, -0.08086439967155457], [-0.9344127178192139, 0.020917370915412903], [-0.9437237977981567, 0.06211237609386444], [-0.9546976089477539, 0.10940113663673401]]",False
early_neutral,5,2010,0.3302232589136954,1,[0],"[[-0.9888453483581543, -0.007595630828291178], [-0.9154820442199707, -0.07987987250089645], [-0.9272031784057617, 0.024624811485409737], [-0.9374726414680481, 0.06624019891023636], [-0.9546976089477539, 0.10940113663673401]]",False
early_neutral,5,2011,0.3298900366544485,1,[0],"[[-0.9888455867767334, -0.007596911396831274], [-0.9054978489875793, -0.0788402259349823], [-0.9195725321769714, 0.027955882251262665], [-0.9304581880569458, 0.07044355571269989], [-0.9546976089477539, 0.10940113663673401]]",False
early_neutral,5,2012,0.3295568143952016,1,[0],"[[-0.9888455867767334, -0.007596911396831274], [-0.8949180245399475, -0.07786285132169724], [-0.9115533232688904, 0.03087501786649227], [-0.9225217700004578, 0.07479328662157059], [-0.9546976089477539, 0.10940113663673401]]",False
early_neutral,5,2013,0.3292235921359547,1,[0],"[[-0.9888455867767334, -0.007596911396831274], [-0.8839603066444397, -0.07714202255010605], [-0.9036355018615723, 0.03326977789402008], [-0.9140651822090149, 0.07893054932355881], [-0.9536266922950745, 0.1091516986489296]]",False
early_neutral,5,2014,0.3288903698767078,1,[0],"[[-0.9888455867767334, -0.007596911396831274], [-0.8723044395446777, -0.07664188742637634], [-0.8975311517715454, 0.034665025770664215], [-0.9047582149505615, 0.08295603096485138], [-0.9497641921043396, 0.1091398149728775]]",False
early_neutral,5,2015,0.32855714761746085,1,[0],"[[-0.9888455867767334, -0.007596911396831274], [-0.860034167766571, -0.0763852670788765], [-0.8912877440452576, 0.03566974774003029], [-0.8946366310119629, 0.08692403137683868], [-0.9444438219070435, 0.10921008139848709]]",False
early_neutral,5,2016,0.32822392535821393,1,[0],"[[-0.9888455867767334, -0.007596911396831274], [-0.8472760319709778, -0.07658879458904266], [-0.8849276304244995, 0.03629171475768089], [-0.8836413025856018, 0.09061899036169052], [-0.9382508993148804, 0.10774937272071838]]",False
early_neutral,5,2017,0.327890703098967,1,[0],"[[-0.9888455867767334, -0.007596911396831274], [-0.8341675400733948, -0.07720299065113068], [-0.8785062432289124, 0.036526888608932495], [-0.8721915483474731, 0.0937928557395935], [-0.932159423828125, 0.10448802262544632]]",False
early_neutral,5,2018,0.3275574808397201,1,[0],"[[-0.9888455867767334, -0.007596911396831274], [-0.8208441138267517, -0.0783320963382721], [-0.8720784783363342, 0.03637918829917908], [-0.8630042672157288, 0.095834881067276], [-0.9258111715316772, 0.10037694871425629]]",False
early_neutral,5,2019,0.32722425858047316,1,[0],"[[-0.9888455867767334, -0.007596911396831274], [-0.8074155449867249, -0.07997460663318634], [-0.8656943440437317, 0.03587033972144127], [-0.8540662527084351, 0.0972219854593277], [-0.9193073511123657, 0.09615091979503632]]",False
early_neutral,5,2020,0.32689103632122624,1,[0],"[[-0.9888455867767334, -0.007596911396831274], [-0.7939819097518921, -0.082132488489151], [-0.859400749206543, 0.03500715270638466], [-0.8449836373329163, 0.09812714159488678], [-0.9128067493438721, 0.09192267805337906]]",False
early_neutral,5,2021,0.32655781406197937,1,[0],"[[-0.9888455867767334, -0.007596911396831274], [-0.7806393504142761, -0.08482710272073746], [-0.8532294631004333, 0.03382670506834984], [-0.8358168005943298, 0.09853789955377579], [-0.9063073396682739, 0.08769377321004868]]",False
early_neutral,5,2022,0.32622459180273244,1,[0],"[[-0.9888455867767334, -0.007596911396831274], [-0.767444372177124, -0.08800918608903885], [-0.8472116589546204, 0.03234846889972687], [-0.8266282677650452, 0.09846856445074081], [-0.8998080492019653, 0.08346474915742874]]",False
early_neutral,5,2023,0.3258913695434855,1,[0],"[[-0.9888455867767334, -0.007596911396831274], [-0.7544601559638977, -0.09166731685400009], [-0.841360330581665, 0.03060908429324627], [-0.8171243667602539, 0.09796988219022751], [-0.8933089971542358, 0.07923560589551926]]",False
early_neutral,5,2024,0.3255581472842386,1,[0],"[[-0.9888455867767334, -0.007596911396831274], [-0.7417205572128296, -0.09576034545898438], [-0.8356630802154541, 0.028665021061897278], [-0.8068497776985168, 0.09702412039041519], [-0.8868098855018616, 0.07500647008419037]]",False
early_neutral,5,2025,0.3252249250249917,1,[0],"[[-0.9888455867767334, -0.007596911396831274], [-0.729219377040863, -0.10021387785673141], [-0.8300158977508545, 0.026483921334147453], [-0.7964512705802917, 0.09568937867879868], [-0.8803108334541321, 0.07077733427286148]]",False
early_neutral,5,2026,0.32489170276574475,1,[0],"[[-0.9888455867767334, -0.007596911396831274], [-0.7169813513755798, -0.10500950366258621], [-0.8235739469528198, 0.023774605244398117], [-0.7855975031852722, 0.09390660375356674], [-0.8738117218017578, 0.066548191010952]]",False
early_neutral,5,2027,0.3245584805064978,1,[0],"[[-0.9888455867767334, -0.007596911396831274], [-0.704958975315094, -0.11006177216768265], [-0.8163504600524902, 0.02047705091536045], [-0.7742395401000977, 0.09175021201372147], [-0.8673126101493835, 0.0623190701007843]]",False
early_neutral,5,2028,0.3242252582472509,1,[0],"[[-0.9888455867767334, -0.007596911396831274], [-0.6931476593017578, -0.11534261703491211], [-0.8089932799339294, 0.01689247600734234], [-0.7624979019165039, 0.08917950093746185], [-0.8608134984970093, 0.05808991566300392]]",False
early_neutral,5,2029,0.323892035988004,1,[0],"[[-0.9888455867767334, -0.007596911396831274], [-0.6815901398658752, -0.1208721175789833], [-0.8017825484275818, 0.01318407990038395], [-0.7508916854858398, 0.08623617142438889], [-0.8543144464492798, 0.05386078730225563]]",False
early_neutral,5,2030,0.32355881372875706,1,[0],"[[-0.9888455867767334, -0.007596911396831274], [-0.6703389286994934, -0.12667429447174072], [-0.7947145700454712, 0.009360981173813343], [-0.7420873045921326, 0.08356702327728271], [-0.8478153347969055, 0.049631647765636444]]",False
early_neutral,5,2031,0.3232255914695102,1,[0],"[[-0.9888455867767334, -0.007596911396831274], [-0.6594209671020508, -0.13274818658828735], [-0.7877638936042786, 0.005447789095342159], [-0.734119176864624, 0.08058870583772659], [-0.8413162231445312, 0.04540250450372696]]",False
early_neutral,5,2032,0.32289236921026326,1,[0],"[[-0.9888455867767334, -0.007596911396831274], [-0.6489037871360779, -0.13912013173103333], [-0.7809301018714905, 0.0014484211569651961], [-0.7284964323043823, 0.07776175439357758], [-0.834817111492157, 0.04117337614297867]]",False
early_neutral,5,2033,0.32255914695101634,1,[0],"[[-0.9888455867767334, -0.007596911396831274], [-0.6388130784034729, -0.14578205347061157], [-0.7741951942443848, -0.0026214346289634705], [-0.7247408628463745, 0.07437523454427719], [-0.8283180594444275, 0.036944229155778885]]",False
early_neutral,5,2034,0.3222259246917694,1,[0],"[[-0.9888455867767334, -0.007596911396831274], [-0.6290912628173828, -0.1526758074760437], [-0.7675527334213257, -0.0067550670355558395], [-0.721176028251648, 0.07067130506038666], [-0.8218188881874084, 0.03271510452032089]]",False
early_neutral,5,2035,0.3218927024325225,1,[0],"[[-0.9888455867767334, -0.007596911396831274], [-0.619706392288208, -0.15976682305335999], [-0.7609944939613342, -0.010945354588329792], [-0.7174530625343323, 0.0661127045750618], [-0.8153197765350342, 0.02848595567047596]]",False
early_neutral,5,2036,0.32155948017327557,1,[0],"[[-0.9888455867767334, -0.007596911396831274], [-0.6106065511703491, -0.16701574623584747], [-0.7545050978660583, -0.015180729329586029], [-0.7138851284980774, 0.06073654443025589], [-0.8088207244873047, 0.024256819859147072]]",False
early_neutral,5,2037,0.32122625791402865,1,[0],"[[-0.9888455867767334, -0.007596911396831274], [-0.6016459465026855, -0.17433904111385345], [-0.7480894327163696, -0.01946338079869747], [-0.708871603012085, 0.055769018828868866], [-0.8023051023483276, 0.020224444568157196]]",False
early_neutral,5,2038,0.3208930356547817,1,[0],"[[-0.9888455867767334, -0.007596911396831274], [-0.5929127335548401, -0.18163955211639404], [-0.7417827248573303, -0.023814039304852486], [-0.7022842168807983, 0.05163826048374176], [-0.7965278029441833, 0.01880214735865593]]",False
early_neutral,5,2039,0.3205598133955348,1,[0],"[[-0.9888455867767334, -0.007596911396831274], [-0.585632860660553, -0.18754155933856964], [-0.7355939149856567, -0.02823575586080551], [-0.6955525875091553, 0.04756859317421913], [-0.7916846871376038, 0.020684612914919853]]",False
early_neutral,5,2040,0.32022659113628793,1,[0],"[[-0.9888455867767334, -0.007596911396831274], [-0.5790125727653503, -0.19249190390110016], [-0.7295207977294922, -0.03272491320967674], [-0.6882810592651367, 0.04391402378678322], [-0.7864689230918884, 0.023740578442811966]]",False
early_neutral,5,2041,0.319893368877041,1,[0],"[[-0.9888455867767334, -0.007596911396831274], [-0.57277911901474, -0.19690826535224915], [-0.7235623598098755, -0.037278689444065094], [-0.6805624961853027, 0.04066845029592514], [-0.780388355255127, 0.02740495465695858]]",False
early_neutral,5,2042,0.3195601466177941,1,[0],"[[-0.9888455867767334, -0.007596911396831274], [-0.5664229989051819, -0.2012282758951187], [-0.7177150249481201, -0.04189303517341614], [-0.6725969910621643, 0.03742733597755432], [-0.7736841440200806, 0.03148915246129036]]",False
early_neutral,5,2043,0.31922692435854716,1,[0],"[[-0.9888455867767334, -0.007596911396831274], [-0.5599499344825745, -0.20547425746917725], [-0.7119613289833069, -0.04655700549483299], [-0.6639091372489929, 0.033900242298841476], [-0.766462504863739, 0.03567783907055855]]",False
early_neutral,5,2044,0.31889370209930024,1,[0],"[[-0.9888455867767334, -0.007596911396831274], [-0.553458571434021, -0.20970839262008667], [-0.7062875628471375, -0.05127924308180809], [-0.654973566532135, 0.03017178364098072], [-0.758455216884613, 0.040106043219566345]]",False
early_neutral,5,2045,0.3185604798400533,1,[0],"[[-0.9888455867767334, -0.007596911396831274], [-0.5469618439674377, -0.2139391005039215], [-0.7004988789558411, -0.05620052292943001], [-0.645749032497406, 0.026140647009015083], [-0.7500490546226501, 0.04449433833360672]]",False
early_neutral,5,2046,0.3182272575808064,1,[0],"[[-0.9888455867767334, -0.007596911396831274], [-0.5404630899429321, -0.2181684672832489], [-0.6942784190177917, -0.06157895550131798], [-0.6361061930656433, 0.021769728511571884], [-0.7409791946411133, 0.04894360527396202]]",False
early_neutral,5,2047,0.31789403532155946,1,[0],"[[-0.9888455867767334, -0.007596911396831274], [-0.5339641571044922, -0.22239769995212555], [-0.6878499984741211, -0.06722448766231537], [-0.6261602640151978, 0.017036378383636475], [-0.7312695980072021, 0.05349436402320862]]",False
early_neutral,5,2048,0.31756081306231254,1,[0],"[[-0.9888455867767334, -0.007596911396831274], [-0.5274649858474731, -0.22662681341171265], [-0.6813277006149292, -0.07302515208721161], [-0.6160889863967896, 0.011919835582375526], [-0.7209095358848572, 0.05804057419300079]]",False
early_neutral,5,2049,0.3172275908030656,1,[0],"[[-0.9888455867767334, -0.007596911396831274], [-0.5209658741950989, -0.23085589706897736], [-0.6744787693023682, -0.07917691022157669], [-0.6059180498123169, 0.006513216998428106], [-0.7099559903144836, 0.062491003423929214]]",False
early_neutral,5,2050,0.31689436854381875,1,[0],"[[-0.9888455867767334, -0.007596911396831274], [-0.5144667029380798, -0.23508501052856445], [-0.6673005819320679, -0.08562740683555603], [-0.5957620739936829, 0.0008155726245604455], [-0.6985303163528442, 0.06684207916259766]]",False
early_neutral,5,2051,0.3165611462845718,1,[0],"[[-0.9888455867767334, -0.007596911396831274], [-0.5079675912857056, -0.23931412398815155], [-0.659846305847168, -0.09231536835432053], [-0.5856336355209351, -0.005112137645483017], [-0.6866582632064819, 0.0710107609629631]]",False
early_neutral,5,2052,0.3162279240253249,1,[0],"[[-0.9888455867767334, -0.007596911396831274], [-0.5014684200286865, -0.24354323744773865], [-0.6521841287612915, -0.09919370710849762], [-0.5755407214164734, -0.01122280489653349], [-0.6744276881217957, 0.07500414550304413]]",False
early_neutral,5,2053,0.315894701766078,1,[0],"[[-0.9888455867767334, -0.007596911396831274], [-0.49496930837631226, -0.24777232110500336], [-0.644376814365387, -0.10622791945934296], [-0.565497875213623, -0.017486857250332832], [-0.6618618369102478, 0.07876671105623245]]",False
early_neutral,5,2054,0.31556147950683106,1,[0],"[[-0.9888455867767334, -0.007596911396831274], [-0.4884701669216156, -0.25200143456459045], [-0.6364503502845764, -0.11337945610284805], [-0.5554103255271912, -0.0238104946911335], [-0.6490155458450317, 0.08229891955852509]]",False
early_neutral,5,2055,0.31522825724758413,1,[0],"[[-0.9888455867767334, -0.007596911396831274], [-0.48197102546691895, -0.25623053312301636], [-0.6283803582191467, -0.12059690058231354], [-0.5452716946601868, -0.03016788512468338], [-0.635927140712738, 0.08559156954288483]]",False
early_neutral,5,2056,0.3148950349883372,1,[0],"[[-0.9888455867767334, -0.007596911396831274], [-0.4754718542098999, -0.26045966148376465], [-0.6201804876327515, -0.12785528600215912], [-0.5350911021232605, -0.03654875233769417], [-0.6226280927658081, 0.08863647282123566]]",False
early_neutral,5,2057,0.3145618127290903,1,[0],"[[-0.9888455867767334, -0.007596911396831274], [-0.46897274255752563, -0.26468876004219055], [-0.6117722392082214, -0.13509149849414825], [-0.5248750448226929, -0.042945124208927155], [-0.6091408729553223, 0.09141795337200165]]",False
early_neutral,5,2058,0.31422859046984336,1,[0],"[[-0.9888455867767334, -0.007596911396831274], [-0.46240290999412537, -0.2683680057525635], [-0.6031293272972107, -0.14227135479450226], [-0.5146371126174927, -0.04935653135180473], [-0.5954884886741638, 0.09392622858285904]]",False
early_neutral,5,2059,0.3138953682105965,1,[0],"[[-0.9888455867767334, -0.007596911396831274], [-0.4559152126312256, -0.27195385098457336], [-0.5942265391349792, -0.149363175034523], [-0.5044038891792297, -0.055793825536966324], [-0.5816918611526489, 0.09615247696638107]]",False
early_neutral,5,2060,0.31356214595134957,1,[0],"[[-0.9888455867767334, -0.007596911396831274], [-0.44931933283805847, -0.27565068006515503], [-0.5850103497505188, -0.15632052719593048], [-0.49416500329971313, -0.062241874635219574], [-0.5677693486213684, 0.09808634966611862]]",False
early_neutral,5,2061,0.31322892369210265,1,[0],"[[-0.9884076118469238, -0.0071533843874931335], [-0.4427151679992676, -0.27945777773857117], [-0.5754051208496094, -0.16305020451545715], [-0.48350441455841064, -0.06747116893529892], [-0.5537266135215759, 0.09966611862182617]]",False
early_neutral,5,2062,0.3128957014328557,1,[0],"[[-0.9868916869163513, -0.0052347066812217236], [-0.43618130683898926, -0.28325748443603516], [-0.5653127431869507, -0.16804392635822296], [-0.47266024351119995, -0.06981097906827927], [-0.539517343044281, 0.10045032203197479]]",False
early_neutral,5,2063,0.3125624791736088,1,[0],"[[-0.9857668876647949, -0.0031564433593302965], [-0.43032121658325195, -0.2855837941169739], [-0.5548005104064941, -0.16996930539608002], [-0.4622522294521332, -0.07025693356990814], [-0.5252485275268555, 0.1003439724445343]]",False
early_neutral,5,2064,0.3122292569143619,1,[0],"[[-0.9854328036308289, -0.0020688290242105722], [-0.42623740434646606, -0.28555700182914734], [-0.543300211429596, -0.17034657299518585], [-0.453255295753479, -0.06919167190790176], [-0.5109925270080566, 0.09978040307760239]]",False
early_neutral,5,2065,0.31189603465511495,1,[0],"[[-0.9853920936584473, -0.0016610847087576985], [-0.4222036898136139, -0.28378093242645264], [-0.531208872795105, -0.16984312236309052], [-0.44468042254447937, -0.06704000383615494], [-0.49674132466316223, 0.09911538660526276]]",False
early_neutral,5,2066,0.311562812395868,1,[0],"[[-0.9853928685188293, -0.0016533989692106843], [-0.4172537922859192, -0.2812122702598572], [-0.5187892913818359, -0.1684444397687912], [-0.43628478050231934, -0.06460796296596527], [-0.48312562704086304, 0.09840346872806549]]",False
early_neutral,5,2067,0.3112295901366211,1,[0],"[[-0.9853928685188293, -0.0016533989692106843], [-0.41177576780319214, -0.27788081765174866], [-0.5061389207839966, -0.1665463000535965], [-0.42811575531959534, -0.061868611723184586], [-0.4732685089111328, 0.0978836715221405]]",False
early_neutral,5,2068,0.31089636787737424,1,[0],"[[-0.9853928685188293, -0.0016533989692106843], [-0.405733585357666, -0.2740650177001953], [-0.49340590834617615, -0.1640968769788742], [-0.42194241285324097, -0.05956830084323883], [-0.4690879285335541, 0.09768696129322052]]",False
early_neutral,5,2069,0.3105631456181273,1,[0],"[[-0.9853928685188293, -0.0016533989692106843], [-0.39922717213630676, -0.2698713541030884], [-0.4806743562221527, -0.16116423904895782], [-0.4165192246437073, -0.057316333055496216], [-0.4702340364456177, 0.09886545687913895]]",False
early_neutral,5,2070,0.3102299233588804,1,[0],"[[-0.9853928685188293, -0.0016533989692106843], [-0.39272311329841614, -0.26564544439315796], [-0.4680877923965454, -0.15767398476600647], [-0.411242812871933, -0.054926205426454544], [-0.4728296101093292, 0.1010231003165245]]",False
early_neutral,5,2071,0.30989670109963346,1,[0],"[[-0.9853928685188293, -0.0016533989692106843], [-0.3862217366695404, -0.26141783595085144], [-0.45675620436668396, -0.15409515798091888], [-0.40621015429496765, -0.05249527096748352], [-0.47600826621055603, 0.1039874404668808]]",False
early_neutral,5,2072,0.30956347884038654,1,[0],"[[-0.9853928685188293, -0.0016533989692106843], [-0.3797222971916199, -0.2571888864040375], [-0.44884422421455383, -0.1507103443145752], [-0.40116310119628906, -0.04990152269601822], [-0.47942066192626953, 0.10787583142518997]]",False
early_neutral,5,2073,0.3092302565811396,1,[0],"[[-0.9853928685188293, -0.0016533989692106843], [-0.37322306632995605, -0.25295981764793396], [-0.44221124053001404, -0.14701592922210693], [-0.39613890647888184, -0.04714542254805565], [-0.4826529920101166, 0.1126909926533699]]",False
early_neutral,5,2074,0.3088970343218927,1,[0],"[[-0.9853928685188293, -0.0016533989692106843], [-0.3667239248752594, -0.24873074889183044], [-0.43795767426490784, -0.14384472370147705], [-0.39049291610717773, -0.04374508932232857], [-0.4857114851474762, 0.1182340458035469]]",False
early_neutral,5,2075,0.30856381206264577,1,[0],"[[-0.9853928685188293, -0.0016533989692106843], [-0.36022478342056274, -0.24450163543224335], [-0.43446555733680725, -0.14033256471157074], [-0.38431909680366516, -0.03961635008454323], [-0.48631566762924194, 0.12399046868085861]]",False
early_neutral,5,2076,0.30823058980339885,1,[0],"[[-0.9853928685188293, -0.0016533989692106843], [-0.3537256121635437, -0.24027252197265625], [-0.4313611388206482, -0.13666561245918274], [-0.37812453508377075, -0.03519802913069725], [-0.4835500717163086, 0.1292591392993927]]",False
early_neutral,5,2077,0.3078973675441519,1,[0],"[[-0.9853928685188293, -0.0016533989692106843], [-0.34722650051116943, -0.23604342341423035], [-0.42833346128463745, -0.13297158479690552], [-0.37204864621162415, -0.03071047179400921], [-0.47674399614334106, 0.13276033103466034]]",False
early_neutral,5,2078,0.30756414528490506,1,[0],"[[-0.9853928685188293, -0.0016533989692106843], [-0.3407273590564728, -0.23181430995464325], [-0.4253077507019043, -0.1292770802974701], [-0.3660621643066406, -0.026172233745455742], [-0.4682585895061493, 0.1351497918367386]]",False
early_neutral,5,2079,0.30723092302565813,1,[0],"[[-0.9853928685188293, -0.0016533989692106843], [-0.33404815196990967, -0.22771216928958893], [-0.42202553153038025, -0.1256767362356186], [-0.36005815863609314, -0.021643811836838722], [-0.45945248007774353, 0.13741743564605713]]",False
early_neutral,5,2080,0.3068977007664112,1,[0],"[[-0.9853928685188293, -0.0016533989692106843], [-0.32804983854293823, -0.2246193289756775], [-0.41845062375068665, -0.12216523289680481], [-0.3540228009223938, -0.017133085057139397], [-0.4504513144493103, 0.1379210203886032]]",False
early_neutral,5,2081,0.3065644785071643,1,[0],"[[-0.9853928685188293, -0.0016533989692106843], [-0.3220696747303009, -0.22411467134952545], [-0.4140647053718567, -0.11827314645051956], [-0.3478398323059082, -0.012708058580756187], [-0.4409258961677551, 0.13776718080043793]]",False
early_neutral,5,2082,0.30623125624791736,1,[0],"[[-0.9853928685188293, -0.0016533989692106843], [-0.3148215711116791, -0.22408993542194366], [-0.40862980484962463, -0.11392327398061752], [-0.34146592020988464, -0.008399277925491333], [-0.4305879473686218, 0.13729722797870636]]",False
early_neutral,5,2083,0.30589803398867044,1,[0],"[[-0.9853928685188293, -0.0016533989692106843], [-0.3063366413116455, -0.22407561540603638], [-0.4036563038825989, -0.11012745648622513], [-0.3360276222229004, -0.0048837740905582905], [-0.41981980204582214, 0.136679545044899]]",False
early_neutral,5,2084,0.3055648117294235,1,[0],"[[-0.9853928685188293, -0.0016533989692106843], [-0.2971593737602234, -0.2242085188627243], [-0.3996617794036865, -0.10684573650360107], [-0.3313754200935364, -0.0019919411279261112], [-0.40879324078559875, 0.1362346112728119]]",False
early_neutral,5,2085,0.3052315894701766,1,[0],"[[-0.9853928685188293, -0.0016533989692106843], [-0.2892373502254486, -0.22469507157802582], [-0.3958861827850342, -0.10345706343650818], [-0.32705360651016235, 0.0006110044778324664], [-0.39711081981658936, 0.13593725860118866]]",False
early_neutral,5,2086,0.30489836721092967,1,[0],"[[-0.9853928685188293, -0.0016533989692106843], [-0.2843414545059204, -0.22691164910793304], [-0.3927076458930969, -0.09981965273618698], [-0.32614296674728394, 0.0011532694334164262], [-0.38484418392181396, 0.13593895733356476]]",False
early_neutral,5,2087,0.3045651449516828,1,[0],"[[-0.9853928685188293, -0.0016533989692106843], [-0.27926814556121826, -0.23017068207263947], [-0.38829103112220764, -0.09681907296180725], [-0.32614296674728394, 0.0011532694334164262], [-0.3721392750740051, 0.1364847868680954]]",False
early_neutral,5,2088,0.3042319226924359,1,[0],"[[-0.9853928685188293, -0.0016533989692106843], [-0.27333617210388184, -0.23400887846946716], [-0.3831956088542938, -0.09431750327348709], [-0.3259561359882355, 0.0017046432476490736], [-0.35914015769958496, 0.13752657175064087]]",False
early_neutral,5,2089,0.30389870043318895,1,[0],"[[-0.9853928685188293, -0.0016533989692106843], [-0.2668508291244507, -0.23822307586669922], [-0.3794412314891815, -0.0923149362206459], [-0.32319989800453186, 0.003574928967282176], [-0.3460308015346527, 0.13926683366298676]]",False
early_neutral,5,2090,0.303565478173942,1,[0],"[[-0.9853928685188293, -0.0016533989692106843], [-0.26035070419311523, -0.24245154857635498], [-0.3786556124687195, -0.09181658178567886], [-0.3194526731967926, 0.0060547590255737305], [-0.3336065411567688, 0.14148131012916565]]",False
early_neutral,5,2091,0.3032322559146951,1,[0],"[[-0.9853928685188293, -0.0016533989692106843], [-0.25385117530822754, -0.24668040871620178], [-0.3786556124687195, -0.09181658178567886], [-0.3154700696468353, 0.008586135692894459], [-0.3251230716705322, 0.14334240555763245]]",False
early_neutral,5,2092,0.3028990336554482,1,[0],"[[-0.9853928685188293, -0.0016533989692106843], [-0.2473519891500473, -0.2509094774723053], [-0.3786556124687195, -0.09181658178567886], [-0.3148384690284729, 0.008977249264717102], [-0.3194880485534668, 0.1453581154346466]]",False
early_neutral,5,2093,0.30256581139620126,1,[0],"[[-0.9853928685188293, -0.0016533989692106843], [-0.24085280299186707, -0.2551385462284088], [-0.3786556124687195, -0.09181658178567886], [-0.3148384690284729, 0.008977249264717102], [-0.3143358528614044, 0.1478591114282608]]",False
early_neutral,5,2094,0.30223258913695433,1,[0],"[[-0.9853928685188293, -0.0016533989692106843], [-0.23435364663600922, -0.2593676447868347], [-0.3786556124687195, -0.09181658178567886], [-0.3148384690284729, 0.008977249264717102], [-0.3098152279853821, 0.1508326530456543]]",False
early_neutral,5,2095,0.3018993668777074,1,[0],"[[-0.9853928685188293, -0.0016533989692106843], [-0.22785452008247375, -0.263596773147583], [-0.3786556124687195, -0.09181658178567886], [-0.3148384690284729, 0.008977249264717102], [-0.3070621192455292, 0.15306156873703003]]",False
early_neutral,5,2096,0.3015661446184605,1,[0],"[[-0.9853928685188293, -0.0016533989692106843], [-0.2213553637266159, -0.2678258419036865], [-0.3786556124687195, -0.09181658178567886], [-0.3140173852443695, 0.00915809627622366], [-0.30677416920661926, 0.15331971645355225]]",False
early_neutral,5,2097,0.3012329223592136,1,[0],"[[-0.9853928685188293, -0.0016533989692106843], [-0.21485614776611328, -0.27205491065979004], [-0.3786556124687195, -0.09181658178567886], [-0.31090858578681946, 0.009628653526306152], [-0.30677416920661926, 0.15331971645355225]]",False
early_neutral,5,2098,0.3008997000999667,1,[0],"[[-0.9853928685188293, -0.0016533989692106843], [-0.20835697650909424, -0.27628400921821594], [-0.3786556124687195, -0.09181658178567886], [-0.3064173460006714, 0.009938967414200306], [-0.30677416920661926, 0.15331971645355225]]",False
early_neutral,5,2099,0.30056647784071977,1,[0],"[[-0.9853928685188293, -0.0016533989692106843], [-0.20207533240318298, -0.2798173129558563], [-0.3786556124687195, -0.09181658178567886], [-0.3006880283355713, 0.009903347119688988], [-0.30677416920661926, 0.15331971645355225]]",False
early_neutral,5,2100,0.30023325558147285,1,[0],"[[-0.9853928685188293, -0.0016533989692106843], [-0.1973595917224884, -0.28013545274734497], [-0.3768689036369324, -0.09110257774591446], [-0.2967314124107361, 0.009685930795967579], [-0.30677416920661926, 0.15331971645355225]]",False
early_neutral,5,2101,0.2999000333222259,1,[0],"[[-0.9853928685188293, -0.0016533989692106843], [-0.1935780942440033, -0.27782222628593445], [-0.372993528842926, -0.08988850563764572], [-0.2966471016407013, 0.00968198198825121], [-0.30677416920661926, 0.15331971645355225]]",False
early_neutral,5,2102,0.299566811062979,1,[0],"[[-0.9853928685188293, -0.0016533989692106843], [-0.19339095056056976, -0.2748033404350281], [-0.36764875054359436, -0.08859323710203171], [-0.2966471016407013, 0.00968198198825121], [-0.30677416920661926, 0.15331971645355225]]",False
early_neutral,5,2103,0.2992335888037321,1,[0],"[[-0.9853928685188293, -0.0016533989692106843], [-0.196768656373024, -0.2716715931892395], [-0.36131414771080017, -0.0865546390414238], [-0.2966471016407013, 0.00968198198825121], [-0.30677416920661926, 0.15331971645355225]]",False
early_neutral,5,2104,0.29890036654448515,1,[0],"[[-0.9853928685188293, -0.0016533989692106843], [-0.20158518850803375, -0.26825180649757385], [-0.35453829169273376, -0.08342766761779785], [-0.2966471016407013, 0.00968198198825121], [-0.30677416920661926, 0.15331971645355225]]",False
early_neutral,5,2105,0.29856714428523823,1,[0],"[[-0.9853928685188293, -0.0016533989692106843], [-0.20751388370990753, -0.2643820345401764], [-0.34774476289749146, -0.08032315969467163], [-0.29666435718536377, 0.009664751589298248], [-0.30677416920661926, 0.15331971645355225]]",False
early_neutral,5,2106,0.29823392202599136,1,[0],"[[-0.9853928685188293, -0.0016533989692106843], [-0.21426905691623688, -0.26029080152511597], [-0.3428020477294922, -0.08031512796878815], [-0.29800090193748474, 0.008053425699472427], [-0.30677416920661926, 0.15331971645355225]]",False
early_neutral,5,2107,0.29790069976674444,1,[0],"[[-0.9853928685188293, -0.0016533989692106843], [-0.22141338884830475, -0.25610384345054626], [-0.3387860059738159, -0.0826738029718399], [-0.29970574378967285, 0.005271004047244787], [-0.30677416920661926, 0.15331971645355225]]",False
early_neutral,5,2108,0.2975674775074975,1,[0],"[[-0.9853928685188293, -0.0016533989692106843], [-0.22928883135318756, -0.25160035490989685], [-0.3339828550815582, -0.08577048033475876], [-0.3008379340171814, 0.0027817238587886095], [-0.30677416920661926, 0.15331971645355225]]",False
early_neutral,5,2109,0.2972342552482506,1,[0],"[[-0.9853928685188293, -0.0016533989692106843], [-0.23747768998146057, -0.2470252811908722], [-0.3283044993877411, -0.08945127576589584], [-0.30086660385131836, 0.002718998584896326], [-0.30677416920661926, 0.15331971645355225]]",False
early_neutral,5,2110,0.29690103298900367,1,[0],"[[-0.9853928685188293, -0.0016533989692106843], [-0.24616824090480804, -0.24228739738464355], [-0.322238564491272, -0.09231357276439667], [-0.30086660385131836, 0.002718998584896326], [-0.30677416920661926, 0.15331971645355225]]",False
early_neutral,5,2111,0.29656781072975674,1,[0],"[[-0.9853928685188293, -0.0016533989692106843], [-0.2554013133049011, -0.23733830451965332], [-0.3176884055137634, -0.09176965802907944], [-0.30086660385131836, 0.002718998584896326], [-0.30677416920661926, 0.15331971645355225]]",False
early_neutral,5,2112,0.2962345884705098,1,[0],"[[-0.9853928685188293, -0.0016533989692106843], [-0.2641957998275757, -0.23268361389636993], [-0.3135263919830322, -0.08922330290079117], [-0.30086660385131836, 0.002718998584896326], [-0.30677416920661926, 0.15331971645355225]]",False
early_neutral,5,2113,0.2959013662112629,1,[0],"[[-0.9853928685188293, -0.0016533989692106843], [-0.27140045166015625, -0.22896449267864227], [-0.3084844648838043, -0.08599410206079483], [-0.3000156283378601, 0.0012410915223881602], [-0.30677416920661926, 0.15331971645355225]]",False
early_neutral,5,2114,0.29556814395201597,1,[0],"[[-0.9853928685188293, -0.0016533989692106843], [-0.278445303440094, -0.22540538012981415], [-0.3025893568992615, -0.08217785507440567], [-0.2979664206504822, -0.0014941602712497115], [-0.30677416920661926, 0.15331971645355225]]",False
early_neutral,5,2115,0.2952349216927691,1,[0],"[[-0.9853928685188293, -0.0016533989692106843], [-0.28227007389068604, -0.2235359400510788], [-0.2961134910583496, -0.07796712219715118], [-0.2949002981185913, -0.004640589933842421], [-0.30677416920661926, 0.15331971645355225]]",False
early_neutral,5,2116,0.2949016994335222,1,[0],"[[-0.9853928685188293, -0.0016533989692106843], [-0.28245073556900024, -0.22344912588596344], [-0.29000264406204224, -0.07492806762456894], [-0.29402172565460205, -0.005500498693436384], [-0.3067139685153961, 0.1533271223306656]]",False
early_neutral,5,2117,0.29456847717427526,1,[0],"[[-0.9853928685188293, -0.0016533989692106843], [-0.28245073556900024, -0.22344912588596344], [-0.2855733335018158, -0.075292207300663], [-0.29402172565460205, -0.005500498693436384], [-0.30446308851242065, 0.15350627899169922]]",False
early_neutral,5,2118,0.29423525491502833,1,[0],"[[-0.9853928685188293, -0.0016533989692106843], [-0.28245073556900024, -0.22344912588596344], [-0.28156957030296326, -0.07771341502666473], [-0.29402172565460205, -0.005500498693436384], [-0.3006485402584076, 0.15360262989997864]]",False
early_neutral,5,2119,0.2939020326557814,1,[0],"[[-0.9853928685188293, -0.0016533989692106843], [-0.28245073556900024, -0.22344912588596344], [-0.2769487798213959, -0.0808398500084877], [-0.29402172565460205, -0.005500498693436384], [-0.29697108268737793, 0.1535530984401703]]",False
early_neutral,5,2120,0.2935688103965345,1,[0],"[[-0.9853928685188293, -0.0016533989692106843], [-0.28245073556900024, -0.22344912588596344], [-0.27469485998153687, -0.08519597351551056], [-0.2933123707771301, -0.0057061598636209965], [-0.29689228534698486, 0.1535521298646927]]",False
early_neutral,5,2121,0.29323558813728756,1,[0],"[[-0.9853928685188293, -0.0016533989692106843], [-0.2805604040622711, -0.22406604886054993], [-0.2742989659309387, -0.09055876731872559], [-0.289963036775589, -0.006790487095713615], [-0.29689228534698486, 0.1535521298646927]]",False
early_neutral,5,2122,0.29290236587804064,1,[0],"[[-0.9853928685188293, -0.0016533989692106843], [-0.2768405079841614, -0.22538873553276062], [-0.274281769990921, -0.0964922308921814], [-0.2855345606803894, -0.008439580909907818], [-0.29689228534698486, 0.1535521298646927]]",False
early_neutral,5,2123,0.2925691436187937,1,[0],"[[-0.9853928685188293, -0.0016533989692106843], [-0.27293580770492554, -0.22689536213874817], [-0.2742728888988495, -0.10247308015823364], [-0.28388655185699463, -0.009083076380193233], [-0.29689228534698486, 0.1535521298646927]]",False
early_neutral,5,2124,0.2922359213595468,1,[0],"[[-0.9853928685188293, -0.0016533989692106843], [-0.2725905478000641, -0.2270299345254898], [-0.27427130937576294, -0.10845394432544708], [-0.28388655185699463, -0.009083076380193233], [-0.2954145073890686, 0.1529167890548706]]",False
early_neutral,5,2125,0.2919026991002999,1,[0],"[[-0.9853928685188293, -0.0016533989692106843], [-0.2725905478000641, -0.2270299345254898], [-0.2742709219455719, -0.11443480104207993], [-0.28388655185699463, -0.009083076380193233], [-0.29188141226768494, 0.15150298178195953]]",False
early_neutral,5,2126,0.291569476841053,1,[0],"[[-0.9853928685188293, -0.0016533989692106843], [-0.2723361551761627, -0.2271234542131424], [-0.27427080273628235, -0.12041566520929337], [-0.28388655185699463, -0.009083076380193233], [-0.28765374422073364, 0.1499405801296234]]",False
early_neutral,5,2127,0.2912362545818061,1,[0],"[[-0.9853928685188293, -0.0016533989692106843], [-0.26949629187583923, -0.22828032076358795], [-0.27427080273628235, -0.1263965219259262], [-0.2836294174194336, -0.009173456579446793], [-0.2866465449333191, 0.14954733848571777]]",False
early_neutral,5,2128,0.29090303232255915,1,[0],"[[-0.9853928685188293, -0.0016533989692106843], [-0.2656162977218628, -0.2301076203584671], [-0.27427080273628235, -0.13237738609313965], [-0.280782550573349, -0.010335057973861694], [-0.2866465449333191, 0.14954733848571777]]",False
early_neutral,5,2129,0.29056981006331223,1,[0],"[[-0.9853928685188293, -0.0016533989692106843], [-0.2633345425128937, -0.2312648743391037], [-0.27427080273628235, -0.1383582502603531], [-0.27689793705940247, -0.012265940196812153], [-0.2866465449333191, 0.14954733848571777]]",False
early_neutral,5,2130,0.2902365878040653,1,[0],"[[-0.9853928685188293, -0.0016533989692106843], [-0.26120689511299133, -0.23178289830684662], [-0.27427080273628235, -0.14433911442756653], [-0.27207431197166443, -0.014802832156419754], [-0.2865375578403473, 0.14950214326381683]]",False
early_neutral,5,2131,0.2899033655448184,1,[0],"[[-0.9853928685188293, -0.0016533989692106843], [-0.2577379643917084, -0.23284202814102173], [-0.2742096781730652, -0.15020324289798737], [-0.26681873202323914, -0.017216473817825317], [-0.283825546503067, 0.14849023520946503]]",False
early_neutral,5,2132,0.28957014328557146,1,[0],"[[-0.9853928685188293, -0.0016533989692106843], [-0.25310876965522766, -0.23449450731277466], [-0.2736930251121521, -0.15358075499534607], [-0.2620549499988556, -0.019142167642712593], [-0.2795761227607727, 0.1471513956785202]]",False
early_neutral,5,2133,0.28923692102632453,1,[0],"[[-0.9853928685188293, -0.0016533989692106843], [-0.24783512949943542, -0.236299067735672], [-0.27350685000419617, -0.15404658019542694], [-0.26120904088020325, -0.019419480115175247], [-0.27611204981803894, 0.14616332948207855]]",False
early_neutral,5,2134,0.28890369876707767,1,[0],"[[-0.9853928685188293, -0.0016533989692106843], [-0.24209536612033844, -0.23812392354011536], [-0.27389857172966003, -0.15314345061779022], [-0.25983569025993347, -0.01962183602154255], [-0.27593785524368286, 0.146108478307724]]",False
early_neutral,5,2135,0.28857047650783074,1,[0],"[[-0.9853928685188293, -0.0016533989692106843], [-0.2365352362394333, -0.23977240920066833], [-0.27446413040161133, -0.15096397697925568], [-0.255840539932251, -0.019960688427090645], [-0.2736712098121643, 0.1454503834247589]]",False
early_neutral,5,2136,0.2882372542485838,1,[0],"[[-0.9853928685188293, -0.0016533989692106843], [-0.2350257933139801, -0.2402164191007614], [-0.2747468948364258, -0.14786331355571747], [-0.25039735436439514, -0.01999889872968197], [-0.26943302154541016, 0.1446084827184677]]",False
early_neutral,5,2137,0.2879040319893369,1,[0],"[[-0.9853928685188293, -0.0016533989692106843], [-0.2350257933139801, -0.2402164191007614], [-0.2748929262161255, -0.14473864436149597], [-0.24443815648555756, -0.019839907065033913], [-0.2637842297554016, 0.1439693123102188]]",False
early_neutral,5,2138,0.28757080973008997,1,[0],"[[-0.9853928685188293, -0.0016533989692106843], [-0.23293465375900269, -0.2399788647890091], [-0.2749369144439697, -0.1437840312719345], [-0.23848363757133484, -0.019574543461203575], [-0.25786465406417847, 0.14348740875720978]]",False
early_neutral,5,2139,0.28723758747084305,1,[0],"[[-0.9853928685188293, -0.0016533989692106843], [-0.2287137806415558, -0.23940250277519226], [-0.2749257981777191, -0.14390452206134796], [-0.23675192892551422, -0.019567051902413368], [-0.25146934390068054, 0.1431397795677185]]",False
early_neutral,5,2140,0.2869043652115961,1,[0],"[[-0.9853928685188293, -0.0016533989692106843], [-0.22417402267456055, -0.2386622428894043], [-0.2748090326786041, -0.14605826139450073], [-0.23675192892551422, -0.019567051902413368], [-0.2455867975950241, 0.1429639309644699]]",False
early_neutral,5,2141,0.2865711429523492,1,[0],"[[-0.9853928685188293, -0.0016533989692106843], [-0.22331230342388153, -0.23848843574523926], [-0.27473482489585876, -0.14914587140083313], [-0.23675192892551422, -0.019567051902413368], [-0.24435298144817352, 0.1429368108510971]]",False
early_neutral,5,2142,0.2862379206931023,1,[0],"[[-0.9853928685188293, -0.0016533989692106843], [-0.22331230342388153, -0.23848843574523926], [-0.27326446771621704, -0.15290983021259308], [-0.23675192892551422, -0.019567051902413368], [-0.24435298144817352, 0.1429368108510971]]",False
early_neutral,5,2143,0.2859046984338554,1,[0],"[[-0.9853928685188293, -0.0016533989692106843], [-0.22331230342388153, -0.23848843574523926], [-0.27049151062965393, -0.15696634352207184], [-0.23675192892551422, -0.019567051902413368], [-0.24435298144817352, 0.1429368108510971]]",False
early_neutral,5,2144,0.2855714761746085,1,[0],"[[-0.9853928685188293, -0.0016533989692106843], [-0.22331230342388153, -0.23848843574523926], [-0.26998981833457947, -0.1619589924812317], [-0.23675192892551422, -0.019567051902413368], [-0.24435298144817352, 0.1429368108510971]]",False
early_neutral,5,2145,0.28523825391536156,1,[0],"[[-0.9853928685188293, -0.0016533989692106843], [-0.22331230342388153, -0.23848843574523926], [-0.2700534760951996, -0.16757340729236603], [-0.23563051223754883, -0.019107569009065628], [-0.24435298144817352, 0.1429368108510971]]",False
early_neutral,5,2146,0.28490503165611464,1,[0],"[[-0.9853928685188293, -0.0016533989692106843], [-0.22331230342388153, -0.23848843574523926], [-0.26957079768180847, -0.17095305025577545], [-0.23533600568771362, -0.018983041867613792], [-0.24435298144817352, 0.1429368108510971]]",False
early_neutral,5,2147,0.2845718093968677,1,[0],"[[-0.9853928685188293, -0.0016533989692106843], [-0.22331230342388153, -0.23848843574523926], [-0.26938173174858093, -0.17143699526786804], [-0.23533600568771362, -0.018983041867613792], [-0.24435298144817352, 0.1429368108510971]]",False
early_neutral,5,2148,0.2842385871376208,1,[0],"[[-0.9853928685188293, -0.0016533989692106843], [-0.22331230342388153, -0.23848843574523926], [-0.2688552141189575, -0.17274737358093262], [-0.23665748536586761, -0.019284723326563835], [-0.24435298144817352, 0.1429368108510971]]",False
early_neutral,5,2149,0.28390536487837387,1,[0],"[[-0.9853928685188293, -0.0016533989692106843], [-0.22331230342388153, -0.23848843574523926], [-0.2682364583015442, -0.17543649673461914], [-0.24049115180969238, -0.019911620765924454], [-0.24435298144817352, 0.1429368108510971]]",False
early_neutral,5,2150,0.28357214261912694,1,[0],"[[-0.9853928685188293, -0.0016533989692106843], [-0.22331230342388153, -0.23848843574523926], [-0.2680358588695526, -0.1790046989917755], [-0.24575157463550568, -0.020361529663205147], [-0.24545806646347046, 0.1420363485813141]]",False
early_neutral,5,2151,0.28323892035988,1,[0],"[[-0.9853928685188293, -0.0016533989692106843], [-0.2233058363199234, -0.23844559490680695], [-0.26792284846305847, -0.18326224386692047], [-0.25239941477775574, -0.020691385492682457], [-0.2482256442308426, 0.14002692699432373]]",False
early_neutral,5,2152,0.2829056981006331,1,[0],"[[-0.9853928685188293, -0.0016533989692106843], [-0.22325369715690613, -0.23637805879116058], [-0.2678425908088684, -0.1881265938282013], [-0.2603236138820648, -0.02086402289569378], [-0.2516857087612152, 0.1378052830696106]]",False
early_neutral,5,2153,0.28257247584138623,1,[0],"[[-0.9853928685188293, -0.0016533989692106843], [-0.2238481044769287, -0.23314760625362396], [-0.26780858635902405, -0.193395733833313], [-0.26930558681488037, -0.021032724529504776], [-0.2525038719177246, 0.13725696504116058]]",False
early_neutral,5,2154,0.2822392535821393,1,[0],"[[-0.9853928685188293, -0.0016533989692106843], [-0.2259216010570526, -0.2294478565454483], [-0.267803817987442, -0.1992955505847931], [-0.2790829539299011, -0.02149316482245922], [-0.2525038719177246, 0.13725696504116058]]",False
early_neutral,5,2155,0.2819060313228924,1,[0],"[[-0.9853928685188293, -0.0016533989692106843], [-0.23066461086273193, -0.2269655466079712], [-0.2677825689315796, -0.20455402135849], [-0.2895392179489136, -0.022228138521313667], [-0.2525038719177246, 0.13725696504116058]]",False
early_neutral,5,2156,0.28157280906364546,1,[0],"[[-0.9853928685188293, -0.0016533989692106843], [-0.2365017831325531, -0.22523291409015656], [-0.2677440345287323, -0.20648165047168732], [-0.3002009093761444, -0.02323286235332489], [-0.2525135576725006, 0.13734081387519836]]",False
early_neutral,5,2157,0.28123958680439853,1,[0],"[[-0.9853928685188293, -0.0016533989692106843], [-0.24265985190868378, -0.22493013739585876], [-0.2677114009857178, -0.20638415217399597], [-0.3114592432975769, -0.024533169344067574], [-0.2529287040233612, 0.13931554555892944]]",False
early_neutral,5,2158,0.2809063645451516,1,[0],"[[-0.9853928685188293, -0.0016533989692106843], [-0.248972088098526, -0.22532686591148376], [-0.26752033829689026, -0.20399175584316254], [-0.32328125834465027, -0.026039278134703636], [-0.2539389133453369, 0.1422083079814911]]",False
early_neutral,5,2159,0.2805731422859047,1,[0],"[[-0.9853928685188293, -0.0016533989692106843], [-0.25539490580558777, -0.22556093335151672], [-0.2673916220664978, -0.2006007879972458], [-0.335552841424942, -0.02777864970266819], [-0.2550414502620697, 0.14441359043121338]]",False
early_neutral,5,2160,0.28023992002665776,1,[0],"[[-0.9853928685188293, -0.0016533989692106843], [-0.2618279755115509, -0.2255789041519165], [-0.2673695683479309, -0.19629548490047455], [-0.34817713499069214, -0.029693445190787315], [-0.2552429437637329, 0.14470434188842773]]",False
early_neutral,5,2161,0.27990669776741084,1,[0],"[[-0.9853928685188293, -0.0016533989692106843], [-0.268253892660141, -0.22539426386356354], [-0.26735836267471313, -0.19115272164344788], [-0.3611340820789337, -0.03157848119735718], [-0.2556535601615906, 0.1444970667362213]]",False
early_neutral,5,2162,0.27957347550816397,1,[0],"[[-0.9853928685188293, -0.0016533989692106843], [-0.2745826840400696, -0.22507859766483307], [-0.2673553228378296, -0.18531295657157898], [-0.3743588924407959, -0.03340694308280945], [-0.2585834264755249, 0.14317522943019867]]",False
early_neutral,5,2163,0.27924025324891705,1,[0],"[[-0.9853928685188293, -0.0016533989692106843], [-0.2808976471424103, -0.22464700043201447], [-0.2673546373844147, -0.17933210730552673], [-0.387782484292984, -0.03521201014518738], [-0.2629035413265228, 0.14153152704238892]]",False
early_neutral,5,2164,0.2789070309896701,1,[0],"[[-0.9853928685188293, -0.0016533989692106843], [-0.28727516531944275, -0.22409529983997345], [-0.2673543691635132, -0.1733512431383133], [-0.4013598561286926, -0.03699401766061783], [-0.26860105991363525, 0.13960450887680054]]",False
early_neutral,5,2165,0.2785738087304232,1,[0],"[[-0.9853928685188293, -0.0016533989692106843], [-0.2936134338378906, -0.22349752485752106], [-0.2673543691635132, -0.16737037897109985], [-0.41421058773994446, -0.039293788373470306], [-0.2755742073059082, 0.13740020990371704]]",False
early_neutral,5,2166,0.2782405864711763,1,[0],"[[-0.9853928685188293, -0.0016533989692106843], [-0.2998502254486084, -0.22289788722991943], [-0.2673543691635132, -0.1613895148038864], [-0.4231065809726715, -0.04250339791178703], [-0.2836979031562805, 0.1350075602531433]]",False
early_neutral,5,2167,0.27790736421192935,1,[0],"[[-0.9853928685188293, -0.0016533989692106843], [-0.30621233582496643, -0.22227472066879272], [-0.2673543691635132, -0.15540865063667297], [-0.42764127254486084, -0.04682047292590141], [-0.2927698791027069, 0.13246268033981323]]",False
early_neutral,5,2168,0.27757414195268243,1,[0],"[[-0.9853928685188293, -0.0016533989692106843], [-0.31255868077278137, -0.221615731716156], [-0.2673543691635132, -0.14942780137062073], [-0.4319850206375122, -0.05188611522316933], [-0.30264636874198914, 0.12982726097106934]]",False
early_neutral,5,2169,0.2772409196934355,1,[0],"[[-0.9853928685188293, -0.0016533989692106843], [-0.3187410831451416, -0.22090573608875275], [-0.2673543691635132, -0.1434469372034073], [-0.4340261220932007, -0.057667236775159836], [-0.31274253129959106, 0.1273205280303955]]",False
early_neutral,5,2170,0.2769076974341886,1,[0],"[[-0.9853928685188293, -0.0016533989692106843], [-0.32505783438682556, -0.22011081874370575], [-0.2673543691635132, -0.13746607303619385], [-0.43708574771881104, -0.062493421137332916], [-0.32341182231903076, 0.12486574053764343]]",False
early_neutral,5,2171,0.27657447517494166,1,[0],"[[-0.9853928685188293, -0.0016533989692106843], [-0.3313618302345276, -0.21931421756744385], [-0.2673543691635132, -0.1314852088689804], [-0.44226786494255066, -0.06713281571865082], [-0.33476606011390686, 0.12248282134532928]]",False
early_neutral,5,2172,0.2762412529156948,1,[0],"[[-0.9853928685188293, -0.0016533989692106843], [-0.3375484347343445, -0.21868932247161865], [-0.2673543691635132, -0.12550434470176697], [-0.44764649868011475, -0.07167189568281174], [-0.3468916118144989, 0.12060827016830444]]",False
early_neutral,5,2173,0.27590803065644787,1,[0],"[[-0.9853928685188293, -0.0016533989692106843], [-0.34393981099128723, -0.21821154654026031], [-0.2673543691635132, -0.11952348798513412], [-0.4504360258579254, -0.07373080402612686], [-0.3596513271331787, 0.1194271594285965]]",False
early_neutral,5,2174,0.27557480839720094,1,[1],"[[-0.9838141202926636, -0.0020155361853539944], [-0.350564569234848, -0.21789103746414185], [-0.2675184905529022, -0.11354469507932663], [-0.4507932662963867, -0.07391750067472458], [-0.3728458881378174, 0.11895701289176941]]",False
early_neutral,5,2175,0.275241586137954,1,[1],"[[-0.9796995520591736, -0.003064169315621257], [-0.3584033250808716, -0.2177373766899109], [-0.26873108744621277, -0.10749975591897964], [-0.4505710005760193, -0.07211710512638092], [-0.3862946629524231, 0.11945164203643799]]",False
early_neutral,5,2176,0.2749083638787071,1,[1],"[[-0.9742810726165771, -0.004647578112781048], [-0.3673958480358124, -0.21783578395843506], [-0.27228298783302307, -0.10212425142526627], [-0.45044228434562683, -0.06923851370811462], [-0.39788147807121277, 0.12033218145370483]]",False
early_neutral,5,2177,0.2745751416194602,1,[1],"[[-0.9677127003669739, -0.006794045213609934], [-0.3772514760494232, -0.2180781364440918], [-0.278970867395401, -0.09800958633422852], [-0.45051032304763794, -0.06550534814596176], [-0.40633079409599304, 0.12261506915092468]]",False
early_neutral,5,2178,0.27424191936021325,1,[1],"[[-0.9601995944976807, -0.009528066031634808], [-0.38794344663619995, -0.2183898240327835], [-0.2883283495903015, -0.09622644633054733], [-0.45057567954063416, -0.06114371493458748], [-0.4134894609451294, 0.12524035573005676]]",False
early_neutral,5,2179,0.2739086971009663,1,[1],"[[-0.9522266387939453, -0.012686383910477161], [-0.39936256408691406, -0.21877895295619965], [-0.29875004291534424, -0.09600202739238739], [-0.4506194293498993, -0.056199535727500916], [-0.41916829347610474, 0.12720796465873718]]",False
early_neutral,5,2180,0.2735754748417194,1,[1],"[[-0.9438148736953735, -0.0161454938352108], [-0.41139763593673706, -0.2191619724035263], [-0.3093930184841156, -0.09623724967241287], [-0.45067083835601807, -0.050784360617399216], [-0.4248225688934326, 0.1291225552558899]]",False
early_neutral,5,2181,0.27324225258247253,1,[1],"[[-0.934837818145752, -0.019978372380137444], [-0.42348745465278625, -0.21766231954097748], [-0.32067105174064636, -0.09682857245206833], [-0.45169416069984436, -0.044824689626693726], [-0.42710813879966736, 0.1316733956336975]]",False
early_neutral,5,2182,0.2729090303232256,1,[1],"[[-0.9258779287338257, -0.023973239585757256], [-0.435150146484375, -0.21441872417926788], [-0.33254408836364746, -0.09761374443769455], [-0.4546288847923279, -0.039203692227602005], [-0.42585650086402893, 0.13514530658721924]]",False
early_neutral,5,2183,0.2725758080639787,1,[1],"[[-0.9165536165237427, -0.028301779180765152], [-0.4471862018108368, -0.21111874282360077], [-0.34491294622421265, -0.09856393188238144], [-0.46029147505760193, -0.03444216027855873], [-0.4251245856285095, 0.1392032504081726]]",False
early_neutral,5,2184,0.27224258580473176,1,[1],"[[-0.9067514538764954, -0.032861821353435516], [-0.45964550971984863, -0.2079569697380066], [-0.3576686382293701, -0.09965531527996063], [-0.4667111039161682, -0.029584847390651703], [-0.42601656913757324, 0.14328420162200928]]",False
early_neutral,5,2185,0.27190936354548484,1,[1],"[[-0.8962910771369934, -0.037379488348960876], [-0.47239625453948975, -0.20485125482082367], [-0.37073349952697754, -0.10081787407398224], [-0.4739791452884674, -0.024535678327083588], [-0.42723989486694336, 0.14722642302513123]]",False
early_neutral,5,2186,0.2715761412862379,1,[1],"[[-0.8852679133415222, -0.04179946705698967], [-0.4853123724460602, -0.2016889750957489], [-0.3840358853340149, -0.10204564034938812], [-0.481466680765152, -0.01950107514858246], [-0.4308156371116638, 0.14919565618038177]]",False
early_neutral,5,2187,0.271242919026991,1,[1],"[[-0.873943030834198, -0.04627564921975136], [-0.4983557462692261, -0.1984846591949463], [-0.39752888679504395, -0.10328994691371918], [-0.4894096255302429, -0.014251409098505974], [-0.4365394115447998, 0.14990560710430145]]",False
early_neutral,5,2188,0.27090969676774407,1,[1],"[[-0.8623976111412048, -0.05080481991171837], [-0.5115095376968384, -0.19527147710323334], [-0.4111717641353607, -0.104532390832901], [-0.4978247284889221, -0.008738964796066284], [-0.44272008538246155, 0.1504199504852295]]",False
early_neutral,5,2189,0.27057647450849714,1,[1],"[[-0.8506896495819092, -0.055379655212163925], [-0.5247521996498108, -0.19205987453460693], [-0.42492762207984924, -0.1057814508676529], [-0.5066289901733398, -0.0029875002801418304], [-0.44880035519599915, 0.15046170353889465]]",False
early_neutral,5,2190,0.2702432522492503,1,[1],"[[-0.8388601541519165, -0.05999089032411575], [-0.5381032228469849, -0.18892258405685425], [-0.43876713514328003, -0.10704876482486725], [-0.5157430171966553, 0.0029500459786504507], [-0.4551965594291687, 0.15003111958503723]]",False
early_neutral,5,2191,0.26991002999000335,1,[1],"[[-0.8269131183624268, -0.06460142135620117], [-0.5515684485435486, -0.18590299785137177], [-0.45267221331596375, -0.10832171887159348], [-0.5250921249389648, 0.009037151001393795], [-0.4615215063095093, 0.1492728739976883]]",False
early_neutral,5,2192,0.26957680773075643,1,[1],"[[-0.8148099184036255, -0.06913571804761887], [-0.5651203393936157, -0.18297675251960754], [-0.4666386544704437, -0.10954494029283524], [-0.5346231460571289, 0.015240340493619442], [-0.46767115592956543, 0.148467019200325]]",False
early_neutral,5,2193,0.2692435854715095,1,[1],"[[-0.8025693893432617, -0.07358753681182861], [-0.5787143111228943, -0.18007689714431763], [-0.48065584897994995, -0.11070909351110458], [-0.5442935824394226, 0.021533429622650146], [-0.4739578068256378, 0.14757689833641052]]",False
early_neutral,5,2194,0.2689103632122626,1,[1],"[[-0.7902491688728333, -0.07800327986478806], [-0.5923434495925903, -0.17720387876033783], [-0.49472177028656006, -0.11176968365907669], [-0.5540707111358643, 0.027895769104361534], [-0.48023083806037903, 0.14667178690433502]]",False
early_neutral,5,2195,0.26857714095301566,1,[1],"[[-0.7778714895248413, -0.08239426463842392], [-0.6060147881507874, -0.17438340187072754], [-0.5088317394256592, -0.11270078271627426], [-0.5639293789863586, 0.03431110456585884], [-0.4863883852958679, 0.1459345817565918]]",False
early_neutral,5,2196,0.26824391869376873,1,[1],"[[-0.7667216658592224, -0.08631878346204758], [-0.6197276711463928, -0.17162354290485382], [-0.5229784250259399, -0.1134951263666153], [-0.5738503336906433, 0.04076690599322319], [-0.4927542507648468, 0.1453421711921692]]",False
early_neutral,5,2197,0.2679106964345218,1,[1],"[[-0.7568016052246094, -0.0897747129201889], [-0.6330949664115906, -0.16849106550216675], [-0.5363017320632935, -0.11477726697921753], [-0.5838186144828796, 0.04725353419780731], [-0.4992915689945221, 0.14490669965744019]]",False
early_neutral,5,2198,0.2675774741752749,1,[1],"[[-0.7471558451652527, -0.09297990053892136], [-0.643855094909668, -0.1636955887079239], [-0.5458196997642517, -0.11722059547901154], [-0.5938228964805603, 0.05376361310482025], [-0.5069716572761536, 0.14459742605686188]]",False
early_neutral,5,2199,0.26724425191602796,1,[1],"[[-0.7390212416648865, -0.09402681887149811], [-0.6531080603599548, -0.1578126698732376], [-0.5511807799339294, -0.12102462351322174], [-0.6038546562194824, 0.06029150262475014], [-0.5158251523971558, 0.14448897540569305]]",False
early_neutral,5,2200,0.2669110296567811,1,[1],"[[-0.732438862323761, -0.09289763867855072], [-0.6625196933746338, -0.15172646939754486], [-0.5562644600868225, -0.12575556337833405], [-0.613907516002655, 0.06683291494846344], [-0.5229392647743225, 0.14448976516723633]]",False
early_neutral,5,2201,0.26657780739753417,1,[1],"[[-0.727850615978241, -0.09153571724891663], [-0.6720550060272217, -0.14547674357891083], [-0.5612775683403015, -0.13124065101146698], [-0.6239760518074036, 0.07338462024927139], [-0.529373049736023, 0.14449526369571686]]",False
early_neutral,5,2202,0.26624458513828725,1,[1],"[[-0.724799633026123, -0.09095697104930878], [-0.6812571287155151, -0.13947494328022003], [-0.5661939382553101, -0.13703401386737823], [-0.634056568145752, 0.07994414120912552], [-0.5357997417449951, 0.1450507938861847]]",True
early_neutral,5,2203,0.2659113628790403,1,[1],"[[-0.7230790853500366, -0.09062758088111877], [-0.6876841187477112, -0.13529075682163239], [-0.5713515281677246, -0.14319348335266113], [-0.644146203994751, 0.08650956302881241], [-0.541858971118927, 0.1478128731250763]]",True
early_neutral,5,2204,0.2655781406197934,1,[1],"[[-0.7225882411003113, -0.0904642790555954], [-0.6899790167808533, -0.13379478454589844], [-0.5766726136207581, -0.14976686239242554], [-0.6542425751686096, 0.09307948499917984], [-0.5476919412612915, 0.15189938247203827]]",True
early_neutral,5,2205,0.2652449183605465,1,[1],"[[-0.7234491109848022, -0.0905534103512764], [-0.6880624294281006, -0.13478656113147736], [-0.5797696113586426, -0.15720127522945404], [-0.6643441915512085, 0.09965281933546066], [-0.5539765357971191, 0.15660203993320465]]",True
early_neutral,5,2206,0.26491169610129955,1,[1],"[[-0.7230264544487, -0.09045383334159851], [-0.6844384074211121, -0.1363130360841751], [-0.580356776714325, -0.16519466042518616], [-0.6744496822357178, 0.10622870177030563], [-0.5607334971427917, 0.16178074479103088]]",True
early_neutral,5,2207,0.26457847384205263,1,[0],"[[-0.722272515296936, -0.09031481295824051], [-0.6791369915008545, -0.1375083327293396], [-0.5788071155548096, -0.1723414957523346], [-0.6839504837989807, 0.11241086572408676], [-0.5677186250686646, 0.16717743873596191]]",True
early_neutral,5,2208,0.2642452515828057,1,[0],"[[-0.7215524911880493, -0.09018906205892563], [-0.6721936464309692, -0.1377670019865036], [-0.5745068192481995, -0.1766429841518402], [-0.690980076789856, 0.11698505282402039], [-0.5749276876449585, 0.1726285219192505]]",True
early_neutral,5,2209,0.26391202932355884,1,[0],"[[-0.7209058403968811, -0.09009569138288498], [-0.6640494465827942, -0.13788746297359467], [-0.5678742527961731, -0.1783561259508133], [-0.6972858905792236, 0.12108944356441498], [-0.58237224817276, 0.17814238369464874]]",True
early_neutral,5,2210,0.2635788070643119,1,[0],"[[-0.7211844325065613, -0.09015405923128128], [-0.654827356338501, -0.1376885026693344], [-0.5609606504440308, -0.17878131568431854], [-0.7006559371948242, 0.12329759448766708], [-0.5886256098747253, 0.18260066211223602]]",True
early_neutral,5,2211,0.263245584805065,1,[0],"[[-0.7226636409759521, -0.09040702134370804], [-0.644719123840332, -0.13696500658988953], [-0.5544410347938538, -0.17900678515434265], [-0.7008135318756104, 0.12340132892131805], [-0.5949655175209045, 0.18693076074123383]]",False
early_neutral,5,2212,0.26291236254581807,1,[0],"[[-0.7223519086837769, -0.09039325267076492], [-0.6355795860290527, -0.13727836310863495], [-0.548011302947998, -0.1789086014032364], [-0.7006871104240417, 0.12475080043077469], [-0.6018608212471008, 0.19093692302703857]]",False
early_neutral,5,2213,0.26257914028657114,1,[0],"[[-0.7220292687416077, -0.09039736539125443], [-0.6270379424095154, -0.14002321660518646], [-0.5416232943534851, -0.17842188477516174], [-0.7004707455635071, 0.12745869159698486], [-0.6100752949714661, 0.19462069869041443]]",False
early_neutral,5,2214,0.2622459180273242,1,[0],"[[-0.7235537767410278, -0.08984065800905228], [-0.6187705397605896, -0.14329950511455536], [-0.5352717041969299, -0.17775462567806244], [-0.7006872892379761, 0.13076135516166687], [-0.6186259984970093, 0.19792768359184265]]",False
early_neutral,5,2215,0.2619126957680773,1,[0],"[[-0.7269012331962585, -0.08811262249946594], [-0.6111006140708923, -0.1465945988893509], [-0.528936505317688, -0.1770247519016266], [-0.702667772769928, 0.13381454348564148], [-0.6263109445571899, 0.20120728015899658]]",False
early_neutral,5,2216,0.2615794735088304,1,[0],"[[-0.7307089567184448, -0.08538582921028137], [-0.6036121845245361, -0.15006190538406372], [-0.5226173996925354, -0.17623773217201233], [-0.7051467299461365, 0.13669687509536743], [-0.6337202191352844, 0.2047448605298996]]",False
early_neutral,5,2217,0.26124625124958345,1,[0],"[[-0.7349717020988464, -0.08174864202737808], [-0.5962766408920288, -0.15366527438163757], [-0.5163116455078125, -0.17540670931339264], [-0.706642210483551, 0.13835622370243073], [-0.6406301856040955, 0.20868481695652008]]",False
early_neutral,5,2218,0.2609130289903366,1,[0],"[[-0.7398922443389893, -0.07737670093774796], [-0.5890846252441406, -0.15738902986049652], [-0.5100194215774536, -0.17453311383724213], [-0.7080214619636536, 0.14044667780399323], [-0.6468991041183472, 0.21305522322654724]]",False
early_neutral,5,2219,0.26057980673108966,1,[0],"[[-0.745274543762207, -0.07239849865436554], [-0.5820955038070679, -0.16127225756645203], [-0.5037382245063782, -0.17362678050994873], [-0.7096279859542847, 0.14241738617420197], [-0.6517283916473389, 0.21692907810211182]]",False
early_neutral,5,2220,0.26024658447184273,1,[0],"[[-0.751091718673706, -0.06692695617675781], [-0.575417160987854, -0.1653805375099182], [-0.4974673390388489, -0.17269058525562286], [-0.7094264030456543, 0.14267058670520782], [-0.6556493639945984, 0.2202482968568802]]",False
early_neutral,5,2221,0.2599133622125958,1,[0],"[[-0.7572910189628601, -0.06101231649518013], [-0.5693965554237366, -0.16950348019599915], [-0.49063411355018616, -0.17166650295257568], [-0.7089197039604187, 0.14271095395088196], [-0.6589616537094116, 0.2236664891242981]]",False
early_neutral,5,2222,0.2595801399533489,1,[0],"[[-0.7638261318206787, -0.05469914898276329], [-0.5668143630027771, -0.17330633103847504], [-0.48261332511901855, -0.17050454020500183], [-0.7083967924118042, 0.14275595545768738], [-0.6604183912277222, 0.22730419039726257]]",False
early_neutral,5,2223,0.25924691769410196,1,[0],"[[-0.7705927491188049, -0.048031434416770935], [-0.5664843916893005, -0.17748337984085083], [-0.4737149178981781, -0.16924290359020233], [-0.7079184055328369, 0.14282773435115814], [-0.6591832637786865, 0.2308989316225052]]",False
early_neutral,5,2224,0.25891369543485504,1,[0],"[[-0.7776713371276855, -0.041144225746393204], [-0.5664204955101013, -0.18166977167129517], [-0.4647540748119354, -0.1679125428199768], [-0.7078747749328613, 0.14283119142055511], [-0.6580325961112976, 0.23259089887142181]]",False
early_neutral,5,2225,0.2585804731756081,1,[0],"[[-0.7857785224914551, -0.034464478492736816], [-0.5663207769393921, -0.18585586547851562], [-0.4558083117008209, -0.16651280224323273], [-0.7078747749328613, 0.14283119142055511], [-0.6580325961112976, 0.23259089887142181]]",False
early_neutral,5,2226,0.2582472509163612,1,[0],"[[-0.7949464321136475, -0.028147153556346893], [-0.5660998225212097, -0.1900671422481537], [-0.44631555676460266, -0.16496501863002777], [-0.7083037495613098, 0.14280930161476135], [-0.6580325961112976, 0.23259089887142181]]",False
early_neutral,5,2227,0.25791402865711427,1,[0],"[[-0.8045287132263184, -0.021902678534388542], [-0.56544429063797, -0.194410040974617], [-0.4360530376434326, -0.16323992609977722], [-0.7107372879981995, 0.14268502593040466], [-0.6580325961112976, 0.23259089887142181]]",True
early_neutral,5,2228,0.2575808063978674,1,[0],"[[-0.814346969127655, -0.015669001266360283], [-0.5641912817955017, -0.19928936660289764], [-0.4251192510128021, -0.1613536775112152], [-0.7109531164169312, 0.1426740139722824], [-0.6580325961112976, 0.23259089887142181]]",True
early_neutral,5,2229,0.2572475841386205,1,[0],"[[-0.8243013620376587, -0.009416287764906883], [-0.5622918009757996, -0.20449088513851166], [-0.4135797619819641, -0.1593201756477356], [-0.7109531164169312, 0.1426740139722824], [-0.6580325961112976, 0.23259089887142181]]",True
early_neutral,5,2230,0.25691436187937355,1,[0],"[[-0.8342881202697754, -0.0031019055750221014], [-0.5583572387695312, -0.20921127498149872], [-0.40156427025794983, -0.1571471393108368], [-0.710960328578949, 0.1427309662103653], [-0.6580325961112976, 0.23259089887142181]]",True
early_neutral,5,2231,0.25658113962012663,1,[0],"[[-0.8442950248718262, 0.0032615005038678646], [-0.5526796579360962, -0.2120787352323532], [-0.3891686201095581, -0.15487591922283173], [-0.7109768986701965, 0.1428619623184204], [-0.6580325961112976, 0.23259089887142181]]",True
early_neutral,5,2232,0.2562479173608797,1,[0],"[[-0.8543292284011841, 0.00965369213372469], [-0.5468151569366455, -0.21398049592971802], [-0.3764796555042267, -0.15251943469047546], [-0.7109909653663635, 0.14297311007976532], [-0.6580325961112976, 0.23259089887142181]]",True
early_neutral,5,2233,0.2559146951016328,1,[0],"[[-0.8643844723701477, 0.016067247837781906], [-0.5410028100013733, -0.2158125936985016], [-0.3635757863521576, -0.15006887912750244], [-0.7109909653663635, 0.14297311007976532], [-0.6580325961112976, 0.23259089887142181]]",True
early_neutral,5,2234,0.25558147284238586,1,[0],"[[-0.8744568228721619, 0.022495973855257034], [-0.5355440974235535, -0.21694767475128174], [-0.35053741931915283, -0.14747796952724457], [-0.7109909653663635, 0.14297311007976532], [-0.6580325961112976, 0.23259089887142181]]",True
early_neutral,5,2235,0.25524825058313894,1,[0],"[[-0.88454270362854, 0.028935551643371582], [-0.5297331809997559, -0.2162139117717743], [-0.33740127086639404, -0.14477010071277618], [-0.7109909653663635, 0.14297311007976532], [-0.6580325961112976, 0.23259089887142181]]",True
early_neutral,5,2236,0.254915028323892,1,[0],"[[-0.8940127491950989, 0.0349835641682148], [-0.5227139592170715, -0.21560773253440857], [-0.3241630792617798, -0.1420295685529709], [-0.7102505564689636, 0.14259915053844452], [-0.6580325961112976, 0.23259089887142181]]",True
early_neutral,5,2237,0.25458180606464514,1,[0],"[[-0.9013828039169312, 0.03969133272767067], [-0.5145286321640015, -0.21498212218284607], [-0.31084293127059937, -0.1392720490694046], [-0.7085172533988953, 0.14249010384082794], [-0.6580325961112976, 0.23259089887142181]]",True
early_neutral,5,2238,0.2542485838053982,1,[0],"[[-0.9079079031944275, 0.04386372119188309], [-0.5053781867027283, -0.21435010433197021], [-0.29745399951934814, -0.13651391863822937], [-0.7056239247322083, 0.14287696778774261], [-0.6580325961112976, 0.23259089887142181]]",True
early_neutral,5,2239,0.2539153615461513,1,[0],"[[-0.9113008379936218, 0.046145204454660416], [-0.4954805076122284, -0.21367304027080536], [-0.2840079665184021, -0.13376544415950775], [-0.7026380896568298, 0.1431473344564438], [-0.6580325961112976, 0.23259089887142181]]",True
early_neutral,5,2240,0.2535821392869044,1,[0],"[[-0.9116628766059875, 0.04644429311156273], [-0.4847656488418579, -0.21291963756084442], [-0.27051547169685364, -0.13103048503398895], [-0.6990683078765869, 0.1433241069316864], [-0.6580325961112976, 0.23259089887142181]]",True
early_neutral,5,2241,0.25324891702765745,1,[0],"[[-0.9095486402511597, 0.04634920135140419], [-0.4733327627182007, -0.21209532022476196], [-0.2569836974143982, -0.12831425666809082], [-0.6955313682556152, 0.14323879778385162], [-0.6580325961112976, 0.23259089887142181]]",True
early_neutral,5,2242,0.2529156947684105,1,[0],"[[-0.9060625433921814, 0.04647214710712433], [-0.46126505732536316, -0.21119311451911926], [-0.24341937899589539, -0.12561815977096558], [-0.6924929618835449, 0.14293016493320465], [-0.6580325961112976, 0.23259089887142181]]",True
early_neutral,5,2243,0.2525824725091636,1,[0],"[[-0.9023200869560242, 0.04689920321106911], [-0.4486960768699646, -0.21021373569965363], [-0.22982877492904663, -0.12294086813926697], [-0.6851851344108582, 0.14294257760047913], [-0.6565806865692139, 0.23320665955543518]]",True
early_neutral,5,2244,0.2522492502499167,1,[0],"[[-0.8970409035682678, 0.04734960198402405], [-0.4357343912124634, -0.20917193591594696], [-0.2162160873413086, -0.12028247117996216], [-0.6763169765472412, 0.14334039390087128], [-0.6533774137496948, 0.2348347008228302]]",True
early_neutral,5,2245,0.25191602799066976,1,[0],"[[-0.8911142349243164, 0.04761350899934769], [-0.42247071862220764, -0.20806445181369781], [-0.20258256793022156, -0.1176476925611496], [-0.6669732928276062, 0.143510103225708], [-0.6494354009628296, 0.2372419387102127]]",True
early_neutral,5,2246,0.25158280573142283,1,[0],"[[-0.8872327208518982, 0.047686778008937836], [-0.4089736342430115, -0.2069081813097], [-0.18892815709114075, -0.11504194140434265], [-0.6576175689697266, 0.1438404768705368], [-0.6448351740837097, 0.2398318648338318]]",True
early_neutral,5,2247,0.25124958347217596,1,[0],"[[-0.8830621242523193, 0.04768184572458267], [-0.3952982723712921, -0.20570898056030273], [-0.17544548213481903, -0.11246507614850998], [-0.6480194330215454, 0.14465638995170593], [-0.6433573961257935, 0.24070100486278534]]",True
early_neutral,5,2248,0.25091636121292904,1,[0],"[[-0.879127025604248, 0.04760710150003433], [-0.38148748874664307, -0.20447306334972382], [-0.16364967823028564, -0.11009474098682404], [-0.6388282775878906, 0.1446564495563507], [-0.6433573961257935, 0.24070100486278534]]",True
early_neutral,5,2249,0.2505831389536821,1,[0],"[[-0.8753296732902527, 0.0475025549530983], [-0.3675737679004669, -0.2032071053981781], [-0.1561780720949173, -0.10846657305955887], [-0.6295033693313599, 0.1446303278207779], [-0.643325924873352, 0.24070262908935547]]",True
early_neutral,5,2250,0.2502499166944352,1,[0],"[[-0.8712806701660156, 0.04741053655743599], [-0.3535826802253723, -0.201913982629776], [-0.15046259760856628, -0.10710454732179642], [-0.6201599836349487, 0.14454619586467743], [-0.6405718326568604, 0.240975022315979]]",True
early_neutral,5,2251,0.24991669443518827,1,[0],"[[-0.8670719861984253, 0.047334011644124985], [-0.3395332992076874, -0.20059829950332642], [-0.14683178067207336, -0.1061776727437973], [-0.6100708842277527, 0.1445271074771881], [-0.6362140774726868, 0.24170458316802979]]",True
early_neutral,5,2252,0.24958347217594135,1,[0],"[[-0.8641285300254822, 0.04723602905869484], [-0.32544031739234924, -0.19926242530345917], [-0.14477190375328064, -0.10561659932136536], [-0.6017723083496094, 0.14552007615566254], [-0.630644679069519, 0.24290940165519714]]",True
early_neutral,5,2253,0.24925024991669442,1,[0],"[[-0.8626291751861572, 0.04705476388335228], [-0.311338871717453, -0.1978086233139038], [-0.14415578544139862, -0.10527142137289047], [-0.5950458645820618, 0.14730304479599], [-0.624453604221344, 0.24404692649841309]]",True
early_neutral,5,2254,0.24891702765744753,1,[0],"[[-0.8617862462997437, 0.04832494258880615], [-0.2972872853279114, -0.1960654854774475], [-0.1471775472164154, -0.10456603020429611], [-0.5898671746253967, 0.1501941680908203], [-0.6181860566139221, 0.24499133229255676]]",True
early_neutral,5,2255,0.2485838053982006,1,[0],"[[-0.8610444068908691, 0.05122728273272514], [-0.283580482006073, -0.1941012591123581], [-0.15166309475898743, -0.10360165685415268], [-0.5824440121650696, 0.15421898663043976], [-0.6119884252548218, 0.24591004848480225]]",True
early_neutral,5,2256,0.24825058313895368,1,[0],"[[-0.8606208562850952, 0.05414334312081337], [-0.27295878529548645, -0.19253137707710266], [-0.15749534964561462, -0.10235917568206787], [-0.577353298664093, 0.1587086170911789], [-0.6058095693588257, 0.24686524271965027]]",True
early_neutral,5,2257,0.24791736087970676,1,[0],"[[-0.8604962229728699, 0.056624721735715866], [-0.26637008786201477, -0.1915055364370346], [-0.16453243792057037, -0.10077015310525894], [-0.5744755864143372, 0.16306361556053162], [-0.5995664596557617, 0.24787676334381104]]",True
early_neutral,5,2258,0.24758413862045986,1,[0],"[[-0.8606003522872925, 0.05950986593961716], [-0.2627258896827698, -0.19077229499816895], [-0.1714988350868225, -0.09861911088228226], [-0.5739030241966248, 0.1674892157316208], [-0.594110906124115, 0.2500305771827698]]",True
early_neutral,5,2259,0.24725091636121294,1,[0],"[[-0.8610348105430603, 0.0620199553668499], [-0.26200199127197266, -0.1905420571565628], [-0.17602862417697906, -0.09478019922971725], [-0.5735376477241516, 0.1714717000722885], [-0.5892871618270874, 0.25275325775146484]]",True
early_neutral,5,2260,0.246917694101966,1,[0],"[[-0.8633335828781128, 0.06478234380483627], [-0.2630921006202698, -0.19043339788913727], [-0.17994000017642975, -0.09030319005250931], [-0.5732756853103638, 0.1745786815881729], [-0.5844323039054871, 0.25549569725990295]]",True
early_neutral,5,2261,0.2465844718427191,1,[0],"[[-0.8662956357002258, 0.0673883929848671], [-0.26694777607917786, -0.1902349591255188], [-0.18408416211605072, -0.08513901382684708], [-0.5731788873672485, 0.17634384334087372], [-0.5800173282623291, 0.2584914267063141]]",True
early_neutral,5,2262,0.24625124958347216,1,[0],"[[-0.8694713711738586, 0.06849698722362518], [-0.2722667455673218, -0.1902504712343216], [-0.18862555921077728, -0.0794176235795021], [-0.5731456875801086, 0.17631669342517853], [-0.5781035423278809, 0.2599277198314667]]",True
early_neutral,5,2263,0.24591802732422527,1,[0],"[[-0.8725103735923767, 0.06712432205677032], [-0.278233140707016, -0.1902913749217987], [-0.19343280792236328, -0.0733950287103653], [-0.5730645656585693, 0.17587749660015106], [-0.5780496001243591, 0.25997108221054077]]",True
early_neutral,5,2264,0.24558480506497835,1,[0],"[[-0.8744723200798035, 0.065374955534935], [-0.2844769060611725, -0.19021961092948914], [-0.19855523109436035, -0.0671776533126831], [-0.5728555917739868, 0.17540305852890015], [-0.5780496001243591, 0.25997108221054077]]",True
early_neutral,5,2265,0.24525158280573142,1,[0],"[[-0.8758265972137451, 0.06440800428390503], [-0.29090389609336853, -0.19002984464168549], [-0.2040979415178299, -0.06061933934688568], [-0.5722835063934326, 0.174872025847435], [-0.5780496001243591, 0.25997108221054077]]",True
early_neutral,5,2266,0.2449183605464845,1,[0],"[[-0.8759588599205017, 0.06435060501098633], [-0.2973099946975708, -0.18976710736751556], [-0.20992520451545715, -0.05371958017349243], [-0.5721399784088135, 0.17433898150920868], [-0.5778942108154297, 0.2599729299545288]]",False
early_neutral,5,2267,0.24458513828723757,1,[0],"[[-0.8754148483276367, 0.06616474688053131], [-0.3035823404788971, -0.1894722580909729], [-0.21595032513141632, -0.046530190855264664], [-0.5722390413284302, 0.1737903654575348], [-0.5779001712799072, 0.25859153270721436]]",False
early_neutral,5,2268,0.24425191602799068,1,[0],"[[-0.8749353289604187, 0.06916321069002151], [-0.30999496579170227, -0.1891327053308487], [-0.2214265614748001, -0.03997302055358887], [-0.5723381042480469, 0.1732417345046997], [-0.5772485136985779, 0.25583532452583313]]",False
early_neutral,5,2269,0.24391869376874376,1,[0],"[[-0.8747838735580444, 0.07312779873609543], [-0.31640052795410156, -0.18875163793563843], [-0.22504852712154388, -0.03563610091805458], [-0.5724198222160339, 0.17278912663459778], [-0.5766838192939758, 0.25400015711784363]]",False
early_neutral,5,2270,0.24358547150949683,1,[0],"[[-0.8747338056564331, 0.07800302654504776], [-0.32264184951782227, -0.18833333253860474], [-0.22780442237854004, -0.03233620896935463], [-0.5738393068313599, 0.17182447016239166], [-0.5762820839881897, 0.25251996517181396]]",True
early_neutral,5,2271,0.2432522492502499,1,[0],"[[-0.874812662601471, 0.08346108347177505], [-0.329033762216568, -0.1878565400838852], [-0.22932586073875427, -0.03051447495818138], [-0.576382577419281, 0.1697620302438736], [-0.5761135220527649, 0.25137418508529663]]",True
early_neutral,5,2272,0.242919026991003,1,[0],"[[-0.8748288750648499, 0.08634468913078308], [-0.33541250228881836, -0.18732328712940216], [-0.22822441160678864, -0.02975151501595974], [-0.5794108510017395, 0.16684478521347046], [-0.5763399004936218, 0.25115132331848145]]",True
early_neutral,5,2273,0.2425858047317561,1,[0],"[[-0.8747872710227966, 0.0866895392537117], [-0.34161490201950073, -0.18671846389770508], [-0.22441597282886505, -0.02899465151131153], [-0.581953227519989, 0.16446058452129364], [-0.5770102739334106, 0.25163930654525757]]",True
early_neutral,5,2274,0.24225258247250916,1,[0],"[[-0.8747868537902832, 0.08669193089008331], [-0.3479536175727844, -0.18600817024707794], [-0.219166561961174, -0.028446191921830177], [-0.582313597202301, 0.16414791345596313], [-0.5774601697921753, 0.2521955370903015]]",True
early_neutral,5,2275,0.24191936021326224,1,[0],"[[-0.8747868537902832, 0.08669193089008331], [-0.35394904017448425, -0.1852584034204483], [-0.21255284547805786, -0.027926616370677948], [-0.582313597202301, 0.16414791345596313], [-0.5776752829551697, 0.2527749538421631]]",False
early_neutral,5,2276,0.24158613795401532,1,[0],"[[-0.8748608231544495, 0.08616667240858078], [-0.35786423087120056, -0.1847596913576126], [-0.20468831062316895, -0.027424439787864685], [-0.582313597202301, 0.16414791345596313], [-0.5778365135192871, 0.2533091902732849]]",False
early_neutral,5,2277,0.24125291569476842,1,[0],"[[-0.8751077651977539, 0.0837792456150055], [-0.35834333300590515, -0.18467149138450623], [-0.1957404762506485, -0.026917163282632828], [-0.5826352834701538, 0.16506467759609222], [-0.5779984593391418, 0.25385144352912903]]",False
early_neutral,5,2278,0.2409196934355215,1,[0],"[[-0.8752734065055847, 0.08049263805150986], [-0.3550146520137787, -0.18476103246212006], [-0.18658369779586792, -0.02640024572610855], [-0.5829625129699707, 0.16625738143920898], [-0.5781564116477966, 0.25438013672828674]]",False
early_neutral,5,2279,0.24058647117627457,1,[0],"[[-0.875424861907959, 0.07629697769880295], [-0.35034194588661194, -0.18452051281929016], [-0.17742671072483063, -0.02588493935763836], [-0.5829262137413025, 0.16736306250095367], [-0.5779908895492554, 0.2548208236694336]]",False
early_neutral,5,2280,0.24025324891702765,1,[0],"[[-0.8756698369979858, 0.07124219089746475], [-0.3442939817905426, -0.18403206765651703], [-0.16826976835727692, -0.025369208306074142], [-0.5828925371170044, 0.16784675419330597], [-0.5755536556243896, 0.25616228580474854]]",False
early_neutral,5,2281,0.23992002665778073,1,[0],"[[-0.8757627606391907, 0.06623729318380356], [-0.33693432807922363, -0.1833588033914566], [-0.15911288559436798, -0.024853043258190155], [-0.5830123424530029, 0.16729988157749176], [-0.5719314813613892, 0.2574540972709656]]",False
early_neutral,5,2282,0.23958680439853383,1,[0],"[[-0.8754590749740601, 0.0645173117518425], [-0.32836201786994934, -0.18250511586666107], [-0.14995557069778442, -0.024340130388736725], [-0.5831321477890015, 0.16675300896167755], [-0.5691602230072021, 0.2581943869590759]]",False
early_neutral,5,2283,0.2392535821392869,1,[0],"[[-0.8752985596656799, 0.06459619104862213], [-0.31928080320358276, -0.18158277869224548], [-0.14079762995243073, -0.023831970989704132], [-0.5832400321960449, 0.16626083850860596], [-0.568946123123169, 0.258728563785553]]",False
early_neutral,5,2284,0.23892035988003998,1,[0],"[[-0.8741610646247864, 0.0666714683175087], [-0.3102037012577057, -0.1806434690952301], [-0.13163942098617554, -0.023325832560658455], [-0.5823505520820618, 0.1660597026348114], [-0.5691183805465698, 0.25924769043922424]]",False
early_neutral,5,2285,0.23858713762079306,1,[0],"[[-0.873100221157074, 0.06980033218860626], [-0.3011316657066345, -0.17968355119228363], [-0.1224815845489502, -0.02281690388917923], [-0.578632652759552, 0.16599532961845398], [-0.5684741735458374, 0.26016950607299805]]",False
early_neutral,5,2286,0.23825391536154616,1,[0],"[[-0.8722451329231262, 0.07391609996557236], [-0.2920650541782379, -0.17870230972766876], [-0.11332421004772186, -0.022304492071270943], [-0.5737063884735107, 0.16596753895282745], [-0.5678237676620483, 0.26063913106918335]]",False
early_neutral,5,2287,0.23792069310229924,1,[0],"[[-0.8713183403015137, 0.07892466336488724], [-0.2830062508583069, -0.1776910126209259], [-0.10416790097951889, -0.021784022450447083], [-0.5700830221176147, 0.16592691838741302], [-0.566799521446228, 0.2610090374946594]]",False
early_neutral,5,2288,0.23758747084305232,1,[0],"[[-0.8704299926757812, 0.08434602618217468], [-0.27395743131637573, -0.17664241790771484], [-0.09501281380653381, -0.021254580467939377], [-0.5661345720291138, 0.1660929173231125], [-0.5662876963615417, 0.2611939013004303]]",False
early_neutral,5,2289,0.2372542485838054,1,[0],"[[-0.8700208067893982, 0.08688365668058395], [-0.2659025490283966, -0.17561174929141998], [-0.08585794270038605, -0.020723484456539154], [-0.5623589754104614, 0.16670750081539154], [-0.5662876963615417, 0.2611939013004303]]",False
early_neutral,5,2290,0.23692102632455847,1,[0],"[[-0.8699885606765747, 0.08708234876394272], [-0.26272955536842346, -0.1749226301908493], [-0.07670248299837112, -0.020196709781885147], [-0.5599988102912903, 0.16731372475624084], [-0.5662876963615417, 0.2611939013004303]]",False
early_neutral,5,2291,0.23658780406531157,1,[0],"[[-0.8701602220535278, 0.0852522924542427], [-0.26261332631111145, -0.1748226433992386], [-0.06755088269710541, -0.019643180072307587], [-0.5583204627037048, 0.1678411364555359], [-0.5662876963615417, 0.2611939013004303]]",False
early_neutral,5,2292,0.23625458180606465,1,[0],"[[-0.8701982498168945, 0.0823197290301323], [-0.26568058133125305, -0.17441123723983765], [-0.0580851174890995, -0.018933061510324478], [-0.5539937615394592, 0.16810078918933868], [-0.5662876963615417, 0.2611939013004303]]",True
early_neutral,5,2293,0.23592135954681773,1,[0],"[[-0.8690751791000366, 0.07861470431089401], [-0.2703631520271301, -0.17391829192638397], [-0.0478242002427578, -0.01802441105246544], [-0.5479769706726074, 0.16840536892414093], [-0.5662876963615417, 0.2611939013004303]]",True
early_neutral,5,2294,0.2355881372875708,1,[0],"[[-0.8653577566146851, 0.07463870197534561], [-0.2761986553668976, -0.173424631357193], [-0.037289563566446304, -0.017018858343362808], [-0.5408622026443481, 0.1688687652349472], [-0.5662876963615417, 0.2611939013004303]]",True
early_neutral,5,2295,0.23525491502832388,1,[0],"[[-0.8605309724807739, 0.07020387053489685], [-0.282215416431427, -0.1729196161031723], [-0.0261906236410141, -0.015903044492006302], [-0.5336198210716248, 0.1693400740623474], [-0.5662876963615417, 0.2611939013004303]]",True
early_neutral,5,2296,0.23492169276907698,1,[0],"[[-0.8552508354187012, 0.065524160861969], [-0.2885967791080475, -0.1723860204219818], [-0.016002828255295753, -0.01485045999288559], [-0.5277247428894043, 0.16963988542556763], [-0.5662876963615417, 0.2611939013004303]]",False
early_neutral,5,2297,0.23458847050983006,1,[0],"[[-0.8497259020805359, 0.0609656497836113], [-0.29527050256729126, -0.17184342443943024], [-0.006928894203156233, -0.01395418867468834], [-0.5215522050857544, 0.16988688707351685], [-0.5662876963615417, 0.2611939013004303]]",False
early_neutral,5,2298,0.23425524825058314,1,[0],"[[-0.8449010252952576, 0.055804092437028885], [-0.3031874895095825, -0.17127490043640137], [0.0013379796873778105, -0.014578606933355331], [-0.5143195986747742, 0.17016440629959106], [-0.564680814743042, 0.2616198658943176]]",False
early_neutral,5,2299,0.2339220259913362,1,[0],"[[-0.8420635461807251, 0.04946508631110191], [-0.31223011016845703, -0.17071902751922607], [0.0075427028350532055, -0.01672900654375553], [-0.5087876319885254, 0.16976021230220795], [-0.5615925192832947, 0.2627345323562622]]",False
early_neutral,5,2300,0.23358880373208932,1,[0],"[[-0.8397952318191528, 0.04261578246951103], [-0.3221454620361328, -0.1701672524213791], [0.013196810148656368, -0.01932264305651188], [-0.5063465237617493, 0.16812551021575928], [-0.5575326681137085, 0.2645830512046814]]",False
early_neutral,5,2301,0.2332555814728424,1,[0],"[[-0.8375709652900696, 0.035648029297590256], [-0.33288735151290894, -0.1696123331785202], [0.019407451152801514, -0.02270418033003807], [-0.5051774382591248, 0.1651540845632553], [-0.5525867938995361, 0.2666279375553131]]",False
early_neutral,5,2302,0.23292235921359547,1,[0],"[[-0.8353039622306824, 0.02826325036585331], [-0.3428899645805359, -0.1691148281097412], [0.025893090292811394, -0.02683672122657299], [-0.5034664869308472, 0.1617630422115326], [-0.5470080971717834, 0.26856300234794617]]",False
early_neutral,5,2303,0.23258913695434855,1,[0],"[[-0.8330523371696472, 0.020729808136820793], [-0.3520545959472656, -0.16863203048706055], [0.03250698372721672, -0.03120974451303482], [-0.501063883304596, 0.1579194962978363], [-0.5411251187324524, 0.2702459990978241]]",False
early_neutral,5,2304,0.23225591469510162,1,[0],"[[-0.8308476805686951, 0.013190481811761856], [-0.3607543408870697, -0.16814742982387543], [0.039645250886678696, -0.03599681332707405], [-0.4977690577507019, 0.15448270738124847], [-0.5352110266685486, 0.2715628445148468]]",False
early_neutral,5,2305,0.23192269243585473,1,[0],"[[-0.8288823962211609, 0.006347264628857374], [-0.3671860694885254, -0.16768541932106018], [0.047007594257593155, -0.04097975417971611], [-0.49241477251052856, 0.15263091027736664], [-0.5291332006454468, 0.27253106236457825]]",False
early_neutral,5,2306,0.2315894701766078,1,[0],"[[-0.8277820348739624, 0.0024472547229379416], [-0.3735595941543579, -0.16711434721946716], [0.054677411913871765, -0.046200625598430634], [-0.4862196743488312, 0.15161803364753723], [-0.5227759480476379, 0.2731660306453705]]",False
early_neutral,5,2307,0.23125624791736088,1,[0],"[[-0.8270653486251831, -0.00016549414431210607], [-0.37866300344467163, -0.16634540259838104], [0.06275848299264908, -0.051727715879678726], [-0.47990548610687256, 0.1508152186870575], [-0.5164036750793457, 0.2735317349433899]]",False
early_neutral,5,2308,0.23092302565811396,1,[0],"[[-0.82697993516922, -0.0005119310226291418], [-0.3810892403125763, -0.16571632027626038], [0.07119321078062057, -0.05753741413354874], [-0.47355595231056213, 0.1501409411430359], [-0.5101302862167358, 0.2737075090408325]]",False
early_neutral,5,2309,0.23058980339886703,1,[0],"[[-0.826967179775238, -0.0005977736436761916], [-0.3808089792728424, -0.16540320217609406], [0.07989029586315155, -0.0635853260755539], [-0.4671970307826996, 0.14950473606586456], [-0.5036970376968384, 0.2737012803554535]]",False
early_neutral,5,2310,0.23025658113962014,1,[0],"[[-0.8269670605659485, -0.0005990854115225375], [-0.37719324231147766, -0.16505306959152222], [0.0887959748506546, -0.06981825083494186], [-0.46086952090263367, 0.14874762296676636], [-0.49727123975753784, 0.2735462188720703]]",False
early_neutral,5,2311,0.2299233588803732,1,[0],"[[-0.8269670605659485, -0.0005990854115225375], [-0.3721088767051697, -0.1647079586982727], [0.09785275161266327, -0.07620196789503098], [-0.45457926392555237, 0.1478687971830368], [-0.4910091161727905, 0.2733147442340851]]",False
early_neutral,5,2312,0.2295901366211263,1,[0],"[[-0.8269670605659485, -0.0005990854115225375], [-0.3655807673931122, -0.16435065865516663], [0.10701808333396912, -0.08270733803510666], [-0.44832873344421387, 0.14687713980674744], [-0.48459404706954956, 0.272996187210083]]",False
early_neutral,5,2313,0.22925691436187937,1,[0],"[[-0.8269670605659485, -0.0005990854115225375], [-0.3577152490615845, -0.16398456692695618], [0.1162472739815712, -0.08931808173656464], [-0.44212207198143005, 0.14577500522136688], [-0.4781939685344696, 0.2725915014743805]]",False
early_neutral,5,2314,0.22892369210263244,1,[0],"[[-0.8269670605659485, -0.0005990854115225375], [-0.348743200302124, -0.16362620890140533], [0.125519797205925, -0.0960129052400589], [-0.435956746339798, 0.14457841217517853], [-0.47197067737579346, 0.27209511399269104]]",False
early_neutral,5,2315,0.22859046984338555,1,[0],"[[-0.8269670605659485, -0.0005990854115225375], [-0.33956724405288696, -0.1632823497056961], [0.13484998047351837, -0.10275772213935852], [-0.4298301637172699, 0.1433003693819046], [-0.46560925245285034, 0.27147939801216125]]",False
early_neutral,5,2316,0.22825724758413862,1,[0],"[[-0.8269670605659485, -0.0005990854115225375], [-0.3303893804550171, -0.1629602313041687], [0.14422951638698578, -0.10953767597675323], [-0.4237433671951294, 0.14194411039352417], [-0.4592699110507965, 0.2707652151584625]]",False
early_neutral,5,2317,0.2279240253248917,1,[0],"[[-0.8269670605659485, -0.0005990854115225375], [-0.32120999693870544, -0.16265743970870972], [0.15364931523799896, -0.1163429543375969], [-0.4176936149597168, 0.14051944017410278], [-0.45304951071739197, 0.2700212299823761]]",False
early_neutral,5,2318,0.22759080306564478,1,[0],"[[-0.8269670605659485, -0.0005990854115225375], [-0.3120291829109192, -0.16237343847751617], [0.16310250759124756, -0.12316592037677765], [-0.41168177127838135, 0.13902832567691803], [-0.4467807710170746, 0.2692387104034424]]",False
early_neutral,5,2319,0.22725758080639788,1,[0],"[[-0.8269670605659485, -0.0005990854115225375], [-0.30261754989624023, -0.1620916873216629], [0.17258284986019135, -0.13000132143497467], [-0.4056980609893799, 0.13748995959758759], [-0.4404713213443756, 0.2684195935726166]]",False
early_neutral,5,2320,0.22692435854715096,1,[0],"[[-0.8269670605659485, -0.0005990854115225375], [-0.292415052652359, -0.16178739070892334], [0.18208742141723633, -0.13684409856796265], [-0.3997385799884796, 0.13591228425502777], [-0.4342125654220581, 0.26760178804397583]]",False
early_neutral,5,2321,0.22659113628790403,1,[0],"[[-0.8269670605659485, -0.0005990854115225375], [-0.28160083293914795, -0.16147109866142273], [0.19160887598991394, -0.14369341731071472], [-0.3937973380088806, 0.1343057006597519], [-0.4280101954936981, 0.2667964994907379]]",False
early_neutral,5,2322,0.2262579140286571,1,[0],"[[-0.8269670605659485, -0.0005990854115225375], [-0.27061352133750916, -0.16117306053638458], [0.2010592520236969, -0.1505967080593109], [-0.3878629207611084, 0.13268844783306122], [-0.4216992259025574, 0.2659823000431061]]",False
early_neutral,5,2323,0.22592469176941019,1,[0],"[[-0.8269670605659485, -0.0005990854115225375], [-0.2589678168296814, -0.16087952256202698], [0.21040070056915283, -0.15757183730602264], [-0.38193464279174805, 0.13106173276901245], [-0.41539880633354187, 0.26518136262893677]]",False
early_neutral,5,2324,0.2255914695101633,1,[0],"[[-0.8269670605659485, -0.0005990854115225375], [-0.24672766029834747, -0.16059406101703644], [0.21968626976013184, -0.16458530724048615], [-0.37600794434547424, 0.1294325292110443], [-0.4092221260070801, 0.264413446187973]]",False
early_neutral,5,2325,0.22525824725091637,1,[0],"[[-0.8269670605659485, -0.0005990854115225375], [-0.23399591445922852, -0.1603403389453888], [0.22901278734207153, -0.1715811938047409], [-0.37008199095726013, 0.12780222296714783], [-0.4028977155685425, 0.2636446952819824]]",False
early_neutral,5,2326,0.22492502499166944,1,[0],"[[-0.8269670605659485, -0.0005990854115225375], [-0.22087910771369934, -0.1601167917251587], [0.23824483156204224, -0.17849351465702057], [-0.3641575276851654, 0.1261696219444275], [-0.3965679109096527, 0.26289665699005127]]",True
early_neutral,5,2327,0.22459180273242252,1,[0],"[[-0.8269670605659485, -0.0005990854115225375], [-0.20746289193630219, -0.15992820262908936], [0.24674414098262787, -0.18488860130310059], [-0.3582351803779602, 0.1245337501168251], [-0.3903873860836029, 0.2621934711933136]]",True
early_neutral,5,2328,0.2242585804731756,1,[0],"[[-0.8269670605659485, -0.0005990854115225375], [-0.1938154101371765, -0.1597769856452942], [0.2534264028072357, -0.18985822796821594], [-0.35231471061706543, 0.12289496511220932], [-0.3840425908565521, 0.2614995539188385]]",True
early_neutral,5,2329,0.2239253582139287,1,[0],"[[-0.8269670605659485, -0.0005990854115225375], [-0.1799904704093933, -0.15965239703655243], [0.2580459415912628, -0.19309787452220917], [-0.3463953137397766, 0.12125466018915176], [-0.37769079208374023, 0.2608347535133362]]",False
early_neutral,5,2330,0.22359213595468178,1,[0],"[[-0.8269670605659485, -0.0005990854115225375], [-0.16602975130081177, -0.15955513715744019], [0.2615363895893097, -0.19533398747444153], [-0.34047698974609375, 0.11961259692907333], [-0.3714864253997803, 0.260221391916275]]",False
early_neutral,5,2331,0.22325891369543485,1,[0],"[[-0.8269670605659485, -0.0005990854115225375], [-0.15196555852890015, -0.15947356820106506], [0.26513975858688354, -0.1975594311952591], [-0.3345654010772705, 0.1179603636264801], [-0.3651190996170044, 0.2596298158168793]]",False
early_neutral,5,2332,0.22292569143618793,1,[0],"[[-0.8269670605659485, -0.0005990854115225375], [-0.137822687625885, -0.15939918160438538], [0.2698057293891907, -0.2003777176141739], [-0.32866281270980835, 0.1162945032119751], [-0.35874366760253906, 0.25906792283058167]]",True
early_neutral,5,2333,0.22259246917694103,1,[0],"[[-0.8269670605659485, -0.0005990854115225375], [-0.12361989170312881, -0.1593324989080429], [0.2754994332790375, -0.2037258744239807], [-0.3227674663066864, 0.11461786180734634], [-0.3524811565876007, 0.2584935128688812]]",True
early_neutral,5,2334,0.2222592469176941,1,[0],"[[-0.8269670605659485, -0.0005990854115225375], [-0.10937163233757019, -0.1592751145362854], [0.28214237093925476, -0.2075514942407608], [-0.31687599420547485, 0.11293542385101318], [-0.34616801142692566, 0.25788068771362305]]",True
early_neutral,5,2335,0.22192602465844719,1,[0],"[[-0.8269670605659485, -0.0005990854115225375], [-0.0950888842344284, -0.15922735631465912], [0.28917568922042847, -0.21152134239673615], [-0.3109886348247528, 0.11124692857265472], [-0.3398124873638153, 0.25722986459732056]]",True
early_neutral,5,2336,0.22159280239920026,1,[0],"[[-0.8269670605659485, -0.0005990854115225375], [-0.08077996969223022, -0.15919162333011627], [0.29521310329437256, -0.21450483798980713], [-0.30510711669921875, 0.10954984277486801], [-0.33351701498031616, 0.2565464377403259]]",True
early_neutral,5,2337,0.22125958013995334,1,[0],"[[-0.8269670605659485, -0.0005990854115225375], [-0.06645123660564423, -0.159169003367424], [0.30018821358680725, -0.21592973172664642], [-0.29923179745674133, 0.10784371942281723], [-0.3272893726825714, 0.2558296024799347]]",True
early_neutral,5,2338,0.22092635788070644,1,[0],"[[-0.8269670605659485, -0.0005990854115225375], [-0.05210750177502632, -0.15916284918785095], [0.3052781820297241, -0.21556755900382996], [-0.2933656573295593, 0.10612425208091736], [-0.320965051651001, 0.2550605535507202]]",True
early_neutral,5,2339,0.22059313562145952,1,[0],"[[-0.8269670605659485, -0.0005990854115225375], [-0.037752460688352585, -0.15917889773845673], [0.3107215464115143, -0.21370002627372742], [-0.2875111699104309, 0.104388028383255], [-0.31466665863990784, 0.25425466895103455]]",True
early_neutral,5,2340,0.2202599133622126,1,[0],"[[-0.8269670605659485, -0.0005990854115225375], [-0.023388909175992012, -0.1592123955488205], [0.3162785470485687, -0.21078063547611237], [-0.2816685736179352, 0.10263492166996002], [-0.30850812792778015, 0.2534283995628357]]",True
early_neutral,5,2341,0.21992669110296567,1,[0],"[[-0.8269670605659485, -0.0005990854115225375], [-0.009018798358738422, -0.15922684967517853], [0.32236677408218384, -0.20752742886543274], [-0.2758384943008423, 0.10086431354284286], [-0.3022189736366272, 0.25254571437835693]]",True
early_neutral,5,2342,0.21959346884371875,1,[0],"[[-0.8269670605659485, -0.0005990854115225375], [0.0053562200628221035, -0.15921492874622345], [0.3269326388835907, -0.205087348818779], [-0.27002084255218506, 0.09907643496990204], [-0.29594266414642334, 0.25162723660469055]]",True
early_neutral,5,2343,0.21926024658447185,1,[0],"[[-0.8269670605659485, -0.0005990854115225375], [0.019734269008040428, -0.15912841260433197], [0.32953429222106934, -0.20369568467140198], [-0.26421111822128296, 0.09727766364812851], [-0.2898329198360443, 0.25069892406463623]]",True
early_neutral,5,2344,0.21892702432522493,1,[0],"[[-0.8269670605659485, -0.0005990854115225375], [0.03411242738366127, -0.15892767906188965], [0.329772412776947, -0.20356832444667816], [-0.25840744376182556, 0.09547065198421478], [-0.2835797965526581, 0.2497136890888214]]",True
early_neutral,5,2345,0.218593802065978,1,[0],"[[-0.8269670605659485, -0.0005990854115225375], [0.048486966639757156, -0.15859729051589966], [0.3292911946773529, -0.20318715274333954], [-0.25260841846466064, 0.09365735203027725], [-0.277339369058609, 0.24869570136070251]]",True
early_neutral,5,2346,0.21826057980673108,1,[0],"[[-0.8269670605659485, -0.0005990854115225375], [0.06285036355257034, -0.1580837070941925], [0.32884952425956726, -0.20283733308315277], [-0.24681149423122406, 0.0918411836028099], [-0.2712639272212982, 0.24767223000526428]]",True
early_neutral,5,2347,0.21792735754748419,1,[0],"[[-0.8269670605659485, -0.0005990854115225375], [0.07719679921865463, -0.15738707780838013], [0.32915738224983215, -0.20308120548725128], [-0.24101664125919342, 0.09002222865819931], [-0.26504990458488464, 0.24659192562103271]]",True
early_neutral,5,2348,0.21759413528823726,1,[0],"[[-0.8269670605659485, -0.0005990854115225375], [0.09042134135961533, -0.1566363275051117], [0.32967570424079895, -0.20342521369457245], [-0.23522387444972992, 0.08820045739412308], [-0.25884729623794556, 0.24548019468784332]]",False
early_neutral,5,2349,0.21726091302899034,1,[0],"[[-0.8269670605659485, -0.0005990854115225375], [0.09938880056142807, -0.15570451319217682], [0.33057358860969543, -0.20391476154327393], [-0.22943319380283356, 0.0863758772611618], [-0.25276288390159607, 0.24435700476169586]]",False
early_neutral,5,2350,0.21692769076974341,1,[0],"[[-0.8269507884979248, -0.0006167162209749222], [0.1038244292140007, -0.1536536067724228], [0.33039695024490356, -0.20452332496643066], [-0.22364689409732819, 0.08454540371894836], [-0.24663583934307098, 0.24319258332252502]]",False
early_neutral,5,2351,0.2165944685104965,1,[0],"[[-0.8252864480018616, -0.002113085240125656], [0.10836178809404373, -0.15075714886188507], [0.3275390863418579, -0.2057182937860489], [-0.217866912484169, 0.08270654827356339], [-0.24047401547431946, 0.24198827147483826]]",False
early_neutral,5,2352,0.2162612462512496,1,[0],"[[-0.8221244215965271, -0.0043129390105605125], [0.11288119852542877, -0.14777745306491852], [0.3233017027378082, -0.20708487927913666], [-0.21209290623664856, 0.0808597281575203], [-0.23437516391277313, 0.2407628446817398]]",False
early_neutral,5,2353,0.21592802399200267,1,[0],"[[-0.8174790143966675, -0.006876734085381031], [0.11610138416290283, -0.14564897119998932], [0.3176368772983551, -0.20839820802211761], [-0.20632384717464447, 0.07900639623403549], [-0.228347048163414, 0.23951788246631622]]",False
early_neutral,5,2354,0.21559480173275575,1,[0],"[[-0.8115593791007996, -0.00986105389893055], [0.11913378536701202, -0.14388178288936615], [0.3105282187461853, -0.2095835953950882], [-0.20055969059467316, 0.07714658230543137], [-0.22222992777824402, 0.23822057247161865]]",False
early_neutral,5,2355,0.21526157947350882,1,[0],"[[-0.8044244050979614, -0.013124982826411724], [0.12231713533401489, -0.14246447384357452], [0.30207058787345886, -0.2103513479232788], [-0.19480185210704803, 0.07527852058410645], [-0.21614448726177216, 0.23689162731170654]]",False
early_neutral,5,2356,0.2149283572142619,1,[0],"[[-0.7965432405471802, -0.016457514837384224], [0.124310202896595, -0.14192438125610352], [0.29289770126342773, -0.2105853408575058], [-0.18905086815357208, 0.07340152561664581], [-0.21020251512527466, 0.23555296659469604]]",False
early_neutral,5,2357,0.214595134955015,1,[0],"[[-0.7877510190010071, -0.01989968866109848], [0.12544381618499756, -0.14187420904636383], [0.283145546913147, -0.2104998379945755], [-0.1833074688911438, 0.07151473313570023], [-0.20414285361766815, 0.23414607346057892]]",True
early_neutral,5,2358,0.21426191269576808,1,[0],"[[-0.7801858186721802, -0.022731449455022812], [0.12583260238170624, -0.1416085958480835], [0.2732120156288147, -0.2103545218706131], [-0.17757287621498108, 0.06961663067340851], [-0.1981058120727539, 0.2327008843421936]]",True
early_neutral,5,2359,0.21392869043652116,1,[0],"[[-0.7774384617805481, -0.023759817704558372], [0.12583260238170624, -0.1416085958480835], [0.2625763416290283, -0.2110130339860916], [-0.17184747755527496, 0.06770681589841843], [-0.19224078953266144, 0.2312512993812561]]",True
early_neutral,5,2360,0.21359546817727423,1,[0],"[[-0.7780848741531372, -0.023492595180869102], [0.12583260238170624, -0.1416085958480835], [0.2516207993030548, -0.21230919659137726], [-0.16613367199897766, 0.06578236818313599], [-0.1862504929304123, 0.22972385585308075]]",True
early_neutral,5,2361,0.21326224591802734,1,[0],"[[-0.781135082244873, -0.022177955135703087], [0.12660042941570282, -0.1409851461648941], [0.24332551658153534, -0.21477842330932617], [-0.16043198108673096, 0.06384274363517761], [-0.1802869290113449, 0.22815412282943726]]",True
early_neutral,5,2362,0.21292902365878041,1,[0],"[[-0.7852197289466858, -0.020298244431614876], [0.1264999955892563, -0.13941286504268646], [0.23917926847934723, -0.21868202090263367], [-0.1540934145450592, 0.061666909605264664], [-0.17449967563152313, 0.22657616436481476]]",True
early_neutral,5,2363,0.2125958013995335,1,[0],"[[-0.7903003692626953, -0.017890842631459236], [0.12689544260501862, -0.13676540553569794], [0.23663881421089172, -0.22253969311714172], [-0.14667052030563354, 0.05909666046500206], [-0.16859941184520721, 0.22491000592708588]]",True
early_neutral,5,2364,0.21226257914028657,1,[0],"[[-0.7962127327919006, -0.015070964582264423], [0.12680673599243164, -0.1337633579969406], [0.23378312587738037, -0.2262907177209854], [-0.13859087228775024, 0.05627470090985298], [-0.16273127496242523, 0.22319437563419342]]",True
early_neutral,5,2365,0.21192935688103964,1,[0],"[[-0.8025392889976501, -0.012033820152282715], [0.1264660805463791, -0.13026486337184906], [0.23047734797000885, -0.22987845540046692], [-0.13050828874111176, 0.053427163511514664], [-0.15700241923332214, 0.22145362198352814]]",True
early_neutral,5,2366,0.21159613462179275,1,[0],"[[-0.8089802265167236, -0.008923321962356567], [0.12652185559272766, -0.1250534951686859], [0.22655218839645386, -0.2331494837999344], [-0.12244288623332977, 0.05055907368659973], [-0.1512608528137207, 0.21963949501514435]]",True
early_neutral,5,2367,0.21126291236254582,1,[0],"[[-0.8145081996917725, -0.006239878945052624], [0.1265600174665451, -0.1191248819231987], [0.2221781313419342, -0.23544099926948547], [-0.1144241914153099, 0.047636110335588455], [-0.14551660418510437, 0.21775425970554352]]",True
early_neutral,5,2368,0.2109296901032989,1,[0],"[[-0.8198974132537842, -0.0036122819874435663], [0.12663602828979492, -0.11304455250501633], [0.21738450229167938, -0.23559360206127167], [-0.10646530240774155, 0.044644758105278015], [-0.1398724913597107, 0.2158193737268448]]",True
early_neutral,5,2369,0.21059646784405198,1,[0],"[[-0.8227792382240295, -0.002380061661824584], [0.1291535347700119, -0.10711890459060669], [0.2113928347826004, -0.2349870204925537], [-0.09847816079854965, 0.041543833911418915], [-0.13433508574962616, 0.21383251249790192]]",True
early_neutral,5,2370,0.21026324558480505,1,[0],"[[-0.8234387040138245, -0.002187442732974887], [0.12847848236560822, -0.10196271538734436], [0.2052900344133377, -0.23236815631389618], [-0.09001469612121582, 0.03815949708223343], [-0.128760427236557, 0.21174249053001404]]",True
early_neutral,5,2371,0.20993002332555816,1,[0],"[[-0.8234500288963318, -0.0021852555219084024], [0.1255735605955124, -0.0977296456694603], [0.19919179379940033, -0.2285596877336502], [-0.08100766688585281, 0.034434836357831955], [-0.12329760938882828, 0.2095639556646347]]",True
early_neutral,5,2372,0.20959680106631123,1,[0],"[[-0.8234500288963318, -0.0021852555219084024], [0.12091047316789627, -0.09437598288059235], [0.19276417791843414, -0.22430072724819183], [-0.07206384837627411, 0.030515043064951897], [-0.11805543303489685, 0.20731014013290405]]",True
early_neutral,5,2373,0.2092635788070643,1,[0],"[[-0.8234500288963318, -0.0021852555219084024], [0.11587466299533844, -0.09105445444583893], [0.18652862310409546, -0.21990711987018585], [-0.06279188394546509, 0.026222484186291695], [-0.11281038075685501, 0.20488585531711578]]",True
early_neutral,5,2374,0.2089303565478174,1,[0],"[[-0.8234500288963318, -0.0021852555219084024], [0.10997917503118515, -0.08711688965559006], [0.18049240112304688, -0.21539705991744995], [-0.05401366204023361, 0.02217656373977661], [-0.10884691774845123, 0.20179834961891174]]",False
early_neutral,5,2375,0.20859713428857046,1,[0],"[[-0.8234500288963318, -0.0021852555219084024], [0.10499347001314163, -0.08376828581094742], [0.17463363707065582, -0.21078899502754211], [-0.04865283519029617, 0.020152287557721138], [-0.107051320374012, 0.19794146716594696]]",False
early_neutral,5,2376,0.20826391202932357,1,[0],"[[-0.8217243552207947, -0.0013779281871393323], [0.10128799080848694, -0.08106287568807602], [0.16893383860588074, -0.20609712600708008], [-0.04517045617103577, 0.019190479069948196], [-0.10646063089370728, 0.1938338279724121]]",False
early_neutral,5,2377,0.20793068977007664,1,[0],"[[-0.8181129693984985, 0.0001850622647907585], [0.09885743260383606, -0.07882403582334518], [0.16314050555229187, -0.20145411789417267], [-0.04069570079445839, 0.018030215054750443], [-0.10859030485153198, 0.19004517793655396]]",False
early_neutral,5,2378,0.20759746751082972,1,[0],"[[-0.8131639361381531, 0.002156583359465003], [0.09881992638111115, -0.0780293345451355], [0.15718312561511993, -0.19689986109733582], [-0.034869998693466187, 0.01651488058269024], [-0.11193180084228516, 0.18648970127105713]]",False
early_neutral,5,2379,0.2072642452515828,1,[0],"[[-0.8070290684700012, 0.0046357824467122555], [0.10179062932729721, -0.07769084721803665], [0.15106996893882751, -0.19243383407592773], [-0.029692118987441063, 0.014958635903894901], [-0.11676356941461563, 0.18392018973827362]]",False
early_neutral,5,2380,0.2069310229923359,1,[0],"[[-0.7998800873756409, 0.007620884571224451], [0.1063656136393547, -0.07742622494697571], [0.14480999112129211, -0.18805478513240814], [-0.026621561497449875, 0.014045738615095615], [-0.1226273775100708, 0.1823653280735016]]",False
early_neutral,5,2381,0.20659780073308898,1,[0],"[[-0.7921674847602844, 0.01098359189927578], [0.11238690465688705, -0.07710503786802292], [0.13834187388420105, -0.183806911110878], [-0.025011885911226273, 0.013526965864002705], [-0.12885349988937378, 0.18153288960456848]]",False
early_neutral,5,2382,0.20626457847384205,1,[0],"[[-0.7839126586914062, 0.014757232740521431], [0.11963609606027603, -0.07674667239189148], [0.13136667013168335, -0.17991507053375244], [-0.02472163923084736, 0.013425733894109726], [-0.13515931367874146, 0.1820966899394989]]",True
early_neutral,5,2383,0.20593135621459513,1,[0],"[[-0.7754087448120117, 0.018094127997756004], [0.12798307836055756, -0.0763016939163208], [0.12393428385257721, -0.1764487624168396], [-0.02472163923084736, 0.013425733894109726], [-0.14140652120113373, 0.18300960958003998]]",True
early_neutral,5,2384,0.2055981339553482,1,[0],"[[-0.7660170793533325, 0.018673505634069443], [0.13714057207107544, -0.07576895505189896], [0.11767207831144333, -0.17471224069595337], [-0.026388445869088173, 0.014111476950347424], [-0.1475186049938202, 0.18430456519126892]]",True
early_neutral,5,2385,0.2052649116961013,1,[0],"[[-0.7559232115745544, 0.017487782984972], [0.14695635437965393, -0.07515723258256912], [0.11127522587776184, -0.1749364286661148], [-0.024440834298729897, 0.015668731182813644], [-0.1532658040523529, 0.1861778348684311]]",True
early_neutral,5,2386,0.2049316894368544,1,[0],"[[-0.7457917332649231, 0.016517283394932747], [0.1575993150472641, -0.07445713877677917], [0.10493535548448563, -0.17564904689788818], [-0.022563956677913666, 0.01839015632867813], [-0.1570192128419876, 0.18766644597053528]]",True
early_neutral,5,2387,0.20459846717760746,1,[0],"[[-0.7360014915466309, 0.016130108386278152], [0.16896237432956696, -0.07367238402366638], [0.09857726097106934, -0.17628911137580872], [-0.020484423264861107, 0.022032154724001884], [-0.1574547290802002, 0.18781280517578125]]",True
early_neutral,5,2388,0.20426524491836054,1,[0],"[[-0.728748619556427, 0.01613606885075569], [0.1809685379266739, -0.07278776168823242], [0.09220292419195175, -0.17672066390514374], [-0.01795796863734722, 0.02638254687190056], [-0.1574547290802002, 0.18781280517578125]]",True
early_neutral,5,2389,0.20393202265911362,1,[0],"[[-0.7238379716873169, 0.016443150117993355], [0.193481907248497, -0.07179024815559387], [0.08623198419809341, -0.1754770278930664], [-0.01598762907087803, 0.03158021718263626], [-0.1574547290802002, 0.18781280517578125]]",True
early_neutral,5,2390,0.20359880039986672,1,[0],"[[-0.7190157175064087, 0.017359580844640732], [0.20638896524906158, -0.07068344950675964], [0.08068618178367615, -0.17340995371341705], [-0.01297743245959282, 0.03757871687412262], [-0.1574547290802002, 0.18781280517578125]]",True
early_neutral,5,2391,0.2032655781406198,1,[0],"[[-0.7154650688171387, 0.020186053588986397], [0.21959009766578674, -0.06943697482347488], [0.07530048489570618, -0.17112265527248383], [-0.010981106199324131, 0.04323139041662216], [-0.15668989717960358, 0.18931986391544342]]",True
early_neutral,5,2392,0.20293235588137287,1,[0],"[[-0.7134382724761963, 0.02358151599764824], [0.23302899301052094, -0.06813237816095352], [0.07028405368328094, -0.16850382089614868], [-0.010438424535095692, 0.04903840273618698], [-0.15502430498600006, 0.19191960990428925]]",True
early_neutral,5,2393,0.20259913362212595,1,[0],"[[-0.7122222185134888, 0.026726890355348587], [0.24667441844940186, -0.06688906997442245], [0.06623013317584991, -0.16558310389518738], [-0.010183364152908325, 0.05511642247438431], [-0.1531882882118225, 0.19433218240737915]]",True
early_neutral,5,2394,0.20226591136287905,1,[0],"[[-0.711449146270752, 0.02993103489279747], [0.2600133717060089, -0.06577392667531967], [0.06683412194252014, -0.162486270070076], [-0.009670458734035492, 0.06152636557817459], [-0.1531101018190384, 0.19443705677986145]]",True
early_neutral,5,2395,0.20193268910363213,1,[0],"[[-0.7111538648605347, 0.03225167840719223], [0.27027028799057007, -0.06557855010032654], [0.07055813074111938, -0.15933679044246674], [-0.009998482652008533, 0.06719917804002762], [-0.15300554037094116, 0.19448645412921906]]",True
early_neutral,5,2396,0.2015994668443852,1,[0],"[[-0.7111203074455261, 0.033229440450668335], [0.2792915105819702, -0.06669449806213379], [0.07549257576465607, -0.1557822823524475], [-0.011382829397916794, 0.07288259267807007], [-0.15051734447479248, 0.19566524028778076]]",True
early_neutral,5,2397,0.20126624458513828,1,[0],"[[-0.7111353874206543, 0.033386338502168655], [0.2881915867328644, -0.0681876614689827], [0.08140679448843002, -0.1517539769411087], [-0.011899303644895554, 0.07841012626886368], [-0.14677587151527405, 0.19744472205638885]]",True
early_neutral,5,2398,0.20093302232589136,1,[0],"[[-0.7113597393035889, 0.03519866243004799], [0.2970612347126007, -0.06975554674863815], [0.08681540936231613, -0.14763948321342468], [-0.01140133198350668, 0.08408574759960175], [-0.14406782388687134, 0.19873906672000885]]",True
early_neutral,5,2399,0.20059980006664446,1,[0],"[[-0.7116451263427734, 0.037576399743556976], [0.306180477142334, -0.07140053063631058], [0.08728978037834167, -0.14456136524677277], [-0.010886038653552532, 0.08889330178499222], [-0.14406782388687134, 0.19873906672000885]]",True
early_neutral,5,2400,0.20026657780739754,1,[0],"[[-0.7119165658950806, 0.039792027324438095], [0.3161720931529999, -0.07311344146728516], [0.0838465616106987, -0.1420803964138031], [-0.010650582611560822, 0.09276267141103745], [-0.14355400204658508, 0.198688805103302]]",False
early_neutral,5,2401,0.19993335554815062,1,[0],"[[-0.7120811939239502, 0.040970925241708755], [0.3269427716732025, -0.07486282289028168], [0.07913130521774292, -0.13914474844932556], [-0.010629252530634403, 0.09660499542951584], [-0.14000849425792694, 0.19810590147972107]]",False
early_neutral,5,2402,0.1996001332889037,1,[0],"[[-0.7123205661773682, 0.04114160314202309], [0.338405042886734, -0.07670000195503235], [0.07338587194681168, -0.13569428026676178], [-0.010608035139739513, 0.10042695701122284], [-0.13538219034671783, 0.19685854017734528]]",False
early_neutral,5,2403,0.19926691102965677,1,[0],"[[-0.714918315410614, 0.042516108602285385], [0.35038474202156067, -0.07863553613424301], [0.0667601153254509, -0.13178978860378265], [-0.01077628880739212, 0.10388226807117462], [-0.1312313973903656, 0.1942586600780487]]",False
early_neutral,5,2404,0.19893368877040987,1,[0],"[[-0.7185211777687073, 0.044558849185705185], [0.36016079783439636, -0.08062269538640976], [0.059963636100292206, -0.12776346504688263], [-0.013067581690847874, 0.10635968297719955], [-0.12752626836299896, 0.1922406703233719]]",False
early_neutral,5,2405,0.19860046651116295,1,[0],"[[-0.7230720520019531, 0.047264568507671356], [0.36608242988586426, -0.08251041918992996], [0.05372614413499832, -0.12372201681137085], [-0.017936674878001213, 0.10763739049434662], [-0.12506282329559326, 0.1914311796426773]]",False
early_neutral,5,2406,0.19826724425191602,1,[0],"[[-0.7285794019699097, 0.05059090629220009], [0.3704061508178711, -0.0844934731721878], [0.05194368585944176, -0.1202329695224762], [-0.024390067905187607, 0.10858037322759628], [-0.12374018132686615, 0.1913350224494934]]",True
early_neutral,5,2407,0.1979340219926691,1,[0],"[[-0.7342477440834045, 0.05410288646817207], [0.36975157260894775, -0.08551207184791565], [0.05520932376384735, -0.117487333714962], [-0.031571224331855774, 0.10915862023830414], [-0.12374018132686615, 0.1913350224494934]]",True
early_neutral,5,2408,0.1976007997334222,1,[0],"[[-0.7377705574035645, 0.05663063004612923], [0.368183434009552, -0.08636120706796646], [0.0602853000164032, -0.1146196722984314], [-0.03799908608198166, 0.10931165516376495], [-0.12382160127162933, 0.1914505958557129]]",True
early_neutral,5,2409,0.19726757747417528,1,[0],"[[-0.740111768245697, 0.058610040694475174], [0.3661308288574219, -0.0873827412724495], [0.06648726016283035, -0.11133765429258347], [-0.044425759464502335, 0.10913821309804916], [-0.1240542083978653, 0.19178076088428497]]",True
early_neutral,5,2410,0.19693435521492836,1,[0],"[[-0.740818977355957, 0.05916383117437363], [0.3640042245388031, -0.0885772556066513], [0.07356888800859451, -0.10770471394062042], [-0.05081304907798767, 0.10891847312450409], [-0.12427879869937897, 0.19209955632686615]]",True
early_neutral,5,2411,0.19660113295568143,1,[0],"[[-0.741154670715332, 0.05935124680399895], [0.3623674809932709, -0.08974369615316391], [0.08092441409826279, -0.1036808118224144], [-0.05711166188120842, 0.10881258547306061], [-0.12403813004493713, 0.19216813147068024]]",True
early_neutral,5,2412,0.1962679106964345,1,[0],"[[-0.7411644458770752, 0.059355515986680984], [0.3613605797290802, -0.09073588252067566], [0.08868518471717834, -0.09917209297418594], [-0.06354529410600662, 0.10881607979536057], [-0.12455730885267258, 0.19133922457695007]]",True
early_neutral,5,2413,0.19593468843718762,1,[0],"[[-0.7411644458770752, 0.059355515986680984], [0.3607906401157379, -0.09119845181703568], [0.09631883352994919, -0.09435927122831345], [-0.06995172053575516, 0.10896100103855133], [-0.12355609238147736, 0.1896907091140747]]",True
early_neutral,5,2414,0.1956014661779407,1,[0],"[[-0.7410821318626404, 0.0591730996966362], [0.36024096608161926, -0.09135892242193222], [0.1040695309638977, -0.08905856311321259], [-0.07620159536600113, 0.10927730798721313], [-0.12320547550916672, 0.18685433268547058]]",True
early_neutral,5,2415,0.19526824391869377,1,[0],"[[-0.7404423356056213, 0.05702907219529152], [0.3596403896808624, -0.09153099358081818], [0.11195893585681915, -0.08329684287309647], [-0.08177147805690765, 0.1097041442990303], [-0.12300640344619751, 0.18370874226093292]]",True
early_neutral,5,2416,0.19493502165944684,1,[0],"[[-0.7401854395866394, 0.05389796942472458], [0.35742026567459106, -0.09175433218479156], [0.1196737140417099, -0.07698680460453033], [-0.08269834518432617, 0.10983144491910934], [-0.12260693311691284, 0.17963601648807526]]",True
early_neutral,5,2417,0.19460179940019992,1,[0],"[[-0.740372359752655, 0.049889612942934036], [0.35313552618026733, -0.0918964073061943], [0.12671680748462677, -0.07046743482351303], [-0.0827096477150917, 0.10981224477291107], [-0.12259001284837723, 0.17429816722869873]]",True
early_neutral,5,2418,0.19426857714095302,1,[0],"[[-0.7405368685722351, 0.04570438340306282], [0.34753918647766113, -0.09190796315670013], [0.1315220445394516, -0.06513406336307526], [-0.08355680108070374, 0.1080896183848381], [-0.12302505970001221, 0.16811636090278625]]",True
early_neutral,5,2419,0.1939353548817061,1,[0],"[[-0.7406599521636963, 0.04194655269384384], [0.3412875235080719, -0.0918988361954689], [0.1353955864906311, -0.05971230939030647], [-0.08457738906145096, 0.10526831448078156], [-0.12320969998836517, 0.1620245724916458]]",True
early_neutral,5,2420,0.19360213262245918,1,[0],"[[-0.7407485246658325, 0.03884706646203995], [0.3371950387954712, -0.09166351705789566], [0.1384546458721161, -0.054075125604867935], [-0.08543436229228973, 0.10152411460876465], [-0.12340885400772095, 0.156192809343338]]",True
early_neutral,5,2421,0.19326891036321225,1,[0],"[[-0.7408249974250793, 0.03578488901257515], [0.33469465374946594, -0.0912545919418335], [0.14061996340751648, -0.04826522246003151], [-0.08596721291542053, 0.09735262393951416], [-0.12455303221940994, 0.15201787650585175]]",True
early_neutral,5,2422,0.19293568810396536,1,[0],"[[-0.7408679723739624, 0.033189937472343445], [0.33188244700431824, -0.09079598635435104], [0.14178229868412018, -0.042336612939834595], [-0.08611129224300385, 0.09337806701660156], [-0.12465079128742218, 0.14903967082500458]]",True
early_neutral,5,2423,0.19260246584471843,1,[0],"[[-0.7408822178840637, 0.030594853684306145], [0.32875755429267883, -0.09025870263576508], [0.14171279966831207, -0.036360446363687515], [-0.08613896369934082, 0.09230020642280579], [-0.12464970350265503, 0.14823108911514282]]",True
early_neutral,5,2424,0.1922692435854715,1,[0],"[[-0.7407050132751465, 0.02778659015893936], [0.32694998383522034, -0.08988121896982193], [0.1403646469116211, -0.030453398823738098], [-0.08613896369934082, 0.09230020642280579], [-0.12456514686346054, 0.14861688017845154]]",True
early_neutral,5,2425,0.1919360213262246,1,[0],"[[-0.7401111125946045, 0.025751639157533646], [0.3268170952796936, -0.08985931426286697], [0.13679376244544983, -0.025001564994454384], [-0.08613896369934082, 0.09230020642280579], [-0.12443209439516068, 0.1493261605501175]]",True
early_neutral,5,2426,0.19160279906697766,1,[0],"[[-0.7396726012229919, 0.02517753839492798], [0.3268170952796936, -0.08985931426286697], [0.1314820647239685, -0.020155789330601692], [-0.08613896369934082, 0.09230020642280579], [-0.12455498427152634, 0.15009689331054688]]",True
early_neutral,5,2427,0.19126957680773077,1,[0],"[[-0.7389660477638245, 0.027116479352116585], [0.3268170952796936, -0.08985931426286697], [0.12744081020355225, -0.01599944941699505], [-0.08613896369934082, 0.09230020642280579], [-0.12485793977975845, 0.1508512645959854]]",False
early_neutral,5,2428,0.19093635454848384,1,[0],"[[-0.7385482788085938, 0.030164413154125214], [0.3261179029941559, -0.0897868275642395], [0.1262725293636322, -0.013614133931696415], [-0.08613896369934082, 0.09230020642280579], [-0.12478978931903839, 0.15139389038085938]]",False
early_neutral,5,2429,0.19060313228923692,1,[0],"[[-0.7385114431381226, 0.0335245281457901], [0.3249400556087494, -0.0891505628824234], [0.12607581913471222, -0.01224982924759388], [-0.08476316928863525, 0.09141546487808228], [-0.12472225725650787, 0.15194453299045563]]",False
early_neutral,5,2430,0.19026991002999,1,[0],"[[-0.7384850978851318, 0.034922849386930466], [0.3244137167930603, -0.08759307861328125], [0.12586772441864014, -0.010714678093791008], [-0.08355900645256042, 0.0893917977809906], [-0.12465640157461166, 0.15248142182826996]]",False
early_neutral,5,2431,0.18993668777074307,1,[0],"[[-0.737126350402832, 0.03400406613945961], [0.3233250081539154, -0.0852949470281601], [0.1322234570980072, -0.011150120757520199], [-0.08281166106462479, 0.08722221106290817], [-0.12464132159948349, 0.15297925472259521]]",False
early_neutral,5,2432,0.18960346551149618,1,[0],"[[-0.734902560710907, 0.031960539519786835], [0.319595068693161, -0.08303157240152359], [0.14033345878124237, -0.011355080641806126], [-0.08139008283615112, 0.08705735951662064], [-0.12492292374372482, 0.15501131117343903]]",True
early_neutral,5,2433,0.18927024325224925,1,[0],"[[-0.7327533960342407, 0.029598023742437363], [0.3142089247703552, -0.0816764235496521], [0.14951498806476593, -0.010997641831636429], [-0.08070889115333557, 0.08818275481462479], [-0.12566542625427246, 0.1579737514257431]]",True
early_neutral,5,2434,0.18893702099300233,1,[0],"[[-0.7320054173469543, 0.028409443795681], [0.30759191513061523, -0.08103126287460327], [0.15957914292812347, -0.010469269007444382], [-0.08113627880811691, 0.08941014856100082], [-0.12683269381523132, 0.16177238523960114]]",True
early_neutral,5,2435,0.1886037987337554,1,[0],"[[-0.7319600582122803, 0.028312919661402702], [0.3008086681365967, -0.08099230378866196], [0.17039819061756134, -0.009860269725322723], [-0.08256560564041138, 0.09170424938201904], [-0.12825432419776917, 0.16639474034309387]]",True
early_neutral,5,2436,0.1882705764745085,1,[0],"[[-0.7321455478668213, 0.029783952981233597], [0.29556334018707275, -0.08196103572845459], [0.18189874291419983, -0.009173582307994366], [-0.08406021445989609, 0.09485335648059845], [-0.12991134822368622, 0.1717604696750641]]",True
early_neutral,5,2437,0.1879373542152616,1,[0],"[[-0.7321957945823669, 0.03228814899921417], [0.2898915410041809, -0.08394881337881088], [0.1939837783575058, -0.008385313674807549], [-0.08547244966030121, 0.09880779683589935], [-0.1318003535270691, 0.17778043448925018]]",True
early_neutral,5,2438,0.18760413195601466,1,[0],"[[-0.7319681644439697, 0.03514746204018593], [0.28505849838256836, -0.08702488243579865], [0.2065306007862091, -0.007502058986574411], [-0.0871458351612091, 0.10338937491178513], [-0.13389018177986145, 0.18434831500053406]]",True
early_neutral,5,2439,0.18727090969676774,1,[0],"[[-0.7316803336143494, 0.037449248135089874], [0.2808389365673065, -0.09143340587615967], [0.21944379806518555, -0.006565175484865904], [-0.08868686109781265, 0.10722525417804718], [-0.1358661651611328, 0.1909700632095337]]",False
early_neutral,5,2440,0.18693768743752082,1,[0],"[[-0.7312448620796204, 0.040230344980955124], [0.27593252062797546, -0.09634827822446823], [0.2326415777206421, -0.005579296499490738], [-0.09031820297241211, 0.11091803014278412], [-0.1345977485179901, 0.1969081461429596]]",False
early_neutral,5,2441,0.18660446517827392,1,[0],"[[-0.7308781743049622, 0.042573481798172], [0.27013683319091797, -0.10098651051521301], [0.24607160687446594, -0.0046224468387663364], [-0.09194090217351913, 0.11459125578403473], [-0.12902051210403442, 0.2022598385810852]]",False
early_neutral,5,2442,0.186271242919027,1,[0],"[[-0.731816828250885, 0.04561924934387207], [0.26360023021698, -0.10518660396337509], [0.2596900165081024, -0.0037469861563295126], [-0.09361978620290756, 0.11792881041765213], [-0.12390150874853134, 0.20709562301635742]]",False
early_neutral,5,2443,0.18593802065978007,1,[0],"[[-0.734065055847168, 0.049386005848646164], [0.2563191056251526, -0.10882999002933502], [0.2722209692001343, -0.0029800250194966793], [-0.09782181680202484, 0.1208307147026062], [-0.12378225475549698, 0.21233510971069336]]",False
early_neutral,5,2444,0.18560479840053315,1,[0],"[[-0.7368693351745605, 0.05386846512556076], [0.24838410317897797, -0.11184020340442657], [0.28159791231155396, -0.002279440173879266], [-0.10464853793382645, 0.12259981781244278], [-0.12671655416488647, 0.21798035502433777]]",False
early_neutral,5,2445,0.18527157614128623,1,[0],"[[-0.7405673265457153, 0.058971911668777466], [0.24004636704921722, -0.11435545235872269], [0.2902534008026123, -0.0015311073511838913], [-0.11292561143636703, 0.12391693890094757], [-0.13032513856887817, 0.22410550713539124]]",False
early_neutral,5,2446,0.18493835388203933,1,[0],"[[-0.7449093461036682, 0.0642935261130333], [0.23151837289333344, -0.11658430099487305], [0.29667967557907104, -0.0010376463178545237], [-0.12198959290981293, 0.12524059414863586], [-0.13445177674293518, 0.23064634203910828]]",False
early_neutral,5,2447,0.1846051316227924,1,[0],"[[-0.7495707869529724, 0.06976501643657684], [0.22283706068992615, -0.1185477152466774], [0.30304625630378723, -0.0005167615599930286], [-0.12845784425735474, 0.12686224281787872], [-0.13897919654846191, 0.23758244514465332]]",False
early_neutral,5,2448,0.18427190936354548,1,[0],"[[-0.7547635436058044, 0.07568737864494324], [0.21408657729625702, -0.12037713080644608], [0.30926522612571716, 0.00033943538437597454], [-0.1315116286277771, 0.1299426257610321], [-0.14383354783058167, 0.24485769867897034]]",False
early_neutral,5,2449,0.18393868710429856,1,[0],"[[-0.7600521445274353, 0.08180596679449081], [0.20528078079223633, -0.12209046632051468], [0.315225750207901, 0.0010911509161815047], [-0.13345876336097717, 0.13431179523468018], [-0.14902609586715698, 0.25237828493118286]]",False
early_neutral,5,2450,0.18360546484505164,1,[0],"[[-0.7654666304588318, 0.08827900886535645], [0.19644637405872345, -0.12374062091112137], [0.3195924758911133, 0.001815208699554205], [-0.13476641476154327, 0.13961175084114075], [-0.15485140681266785, 0.25997501611709595]]",False
early_neutral,5,2451,0.18327224258580474,1,[0],"[[-0.7704386115074158, 0.09444019943475723], [0.18759764730930328, -0.1253579556941986], [0.32029595971107483, 0.002453505527228117], [-0.13527747988700867, 0.14554469287395477], [-0.1613367646932602, 0.2675619423389435]]",False
early_neutral,5,2452,0.18293902032655782,1,[0],"[[-0.7741146087646484, 0.09951851516962051], [0.17873531579971313, -0.126943439245224], [0.3207119405269623, 0.0034274233039468527], [-0.13591447472572327, 0.15151096880435944], [-0.1678382158279419, 0.2753118872642517]]",False
early_neutral,5,2453,0.1826057980673109,1,[0],"[[-0.7772722244262695, 0.10435924679040909], [0.16986069083213806, -0.12849952280521393], [0.32069122791290283, 0.0038326915819197893], [-0.13681529462337494, 0.15746279060840607], [-0.17409923672676086, 0.28327319025993347]]",False
early_neutral,5,2454,0.18227257580806397,1,[0],"[[-0.778826892375946, 0.10732829570770264], [0.16097384691238403, -0.13002578914165497], [0.32057443261146545, 0.003953980747610331], [-0.13825254142284393, 0.16336864233016968], [-0.17971760034561157, 0.29133889079093933]]",False
early_neutral,5,2455,0.18193935354881707,1,[0],"[[-0.7796642780303955, 0.10968362540006638], [0.15207268297672272, -0.13151633739471436], [0.31959718465805054, 0.004039035178720951], [-0.14037537574768066, 0.1691863238811493], [-0.18581141531467438, 0.29954594373703003]]",False
early_neutral,5,2456,0.18160613128957015,1,[0],"[[-0.7801282405853271, 0.11105220019817352], [0.14315691590309143, -0.1329694241285324], [0.31726962327957153, 0.004584984388202429], [-0.14315564930438995, 0.17488569021224976], [-0.19137990474700928, 0.3065720796585083]]",True
early_neutral,5,2457,0.18127290903032323,1,[0],"[[-0.780423641204834, 0.1116262897849083], [0.13608387112617493, -0.13410481810569763], [0.31436580419540405, 0.005563916638493538], [-0.14653964340686798, 0.18044514954090118], [-0.19441832602024078, 0.3110939562320709]]",True
early_neutral,5,2458,0.1809396867710763,1,[0],"[[-0.7804337739944458, 0.11164084821939468], [0.13411737978458405, -0.1344204694032669], [0.31374552845954895, 0.005784093867987394], [-0.1503600925207138, 0.18568862974643707], [-0.19737938046455383, 0.31514230370521545]]",True
early_neutral,5,2459,0.18060646451182938,1,[0],"[[-0.7804337739944458, 0.11164084821939468], [0.13472160696983337, -0.13467995822429657], [0.31374552845954895, 0.005784091539680958], [-0.15348565578460693, 0.1894410401582718], [-0.2000114917755127, 0.31799471378326416]]",True
early_neutral,5,2460,0.18027324225258248,1,[0],"[[-0.7804185748100281, 0.11162283271551132], [0.1380331814289093, -0.13588275015354156], [0.31374552845954895, 0.005784091539680958], [-0.15683810412883759, 0.19301389157772064], [-0.20155291259288788, 0.32032379508018494]]",True
early_neutral,5,2461,0.17994001999333556,1,[0],"[[-0.7790786623954773, 0.11000439524650574], [0.1425330638885498, -0.13748084008693695], [0.31374552845954895, 0.005784091539680958], [-0.1603279411792755, 0.19653108716011047], [-0.2018290013074875, 0.32074087858200073]]",True
early_neutral,5,2462,0.17960679773408864,1,[0],"[[-0.7769774198532104, 0.1073819026350975], [0.1471322476863861, -0.13875724375247955], [0.31374552845954895, 0.005784091539680958], [-0.16379472613334656, 0.20005792379379272], [-0.2018290013074875, 0.32074087858200073]]",True
early_neutral,5,2463,0.1792735754748417,1,[0],"[[-0.7749629020690918, 0.10482344031333923], [0.14926481246948242, -0.13911940157413483], [0.31374552845954895, 0.005784091539680958], [-0.16725996136665344, 0.20358537137508392], [-0.2018290013074875, 0.32074087858200073]]",True
early_neutral,5,2464,0.1789403532155948,1,[0],"[[-0.7732412815093994, 0.10275247693061829], [0.1480971723794937, -0.1391306221485138], [0.31374552845954895, 0.005784091539680958], [-0.17083080112934113, 0.20706786215305328], [-0.20311476290225983, 0.32023587822914124]]",True
early_neutral,5,2465,0.1786071309563479,1,[0],"[[-0.771515429019928, 0.10077951103448868], [0.1438656449317932, -0.13923218846321106], [0.31374552845954895, 0.005784091539680958], [-0.17448872327804565, 0.21046994626522064], [-0.20429985225200653, 0.3193092942237854]]",True
early_neutral,5,2466,0.17827390869710097,1,[0],"[[-0.7702464461326599, 0.09938827902078629], [0.1384344846010208, -0.13956141471862793], [0.31374552845954895, 0.005784091539680958], [-0.17638322710990906, 0.21201097965240479], [-0.2051233947277069, 0.3175398111343384]]",True
early_neutral,5,2467,0.17794068643785405,1,[0],"[[-0.7692297697067261, 0.09831411391496658], [0.1359599232673645, -0.13973449170589447], [0.31238681077957153, 0.0065737999975681305], [-0.1766802817583084, 0.2121952474117279], [-0.206160768866539, 0.3154006600379944]]",True
early_neutral,5,2468,0.17760746417860712,1,[0],"[[-0.7695170640945435, 0.09676077961921692], [0.1356012523174286, -0.1397595852613449], [0.30903589725494385, 0.008024170063436031], [-0.1766802817583084, 0.2121952474117279], [-0.20756828784942627, 0.31287726759910583]]",True
early_neutral,5,2469,0.17727424191936023,1,[0],"[[-0.7702794075012207, 0.09399446845054626], [0.13390645384788513, -0.13989371061325073], [0.3042246699333191, 0.00945838913321495], [-0.1766802817583084, 0.2121952474117279], [-0.20884060859680176, 0.3107226490974426]]",True
early_neutral,5,2470,0.1769410196601133,1,[0],"[[-0.7709667682647705, 0.09154889732599258], [0.13038617372512817, -0.14014090597629547], [0.29835444688796997, 0.01102134957909584], [-0.1766802817583084, 0.2121952474117279], [-0.2099166214466095, 0.3089869022369385]]",True
early_neutral,5,2471,0.17660779740086638,1,[0],"[[-0.771337628364563, 0.09037090092897415], [0.125440314412117, -0.14044378697872162], [0.2913864254951477, 0.01294473186135292], [-0.1766802817583084, 0.2121952474117279], [-0.21198770403862, 0.30459097027778625]]",True
early_neutral,5,2472,0.17627457514161946,1,[0],"[[-0.7713865637779236, 0.09023081511259079], [0.11950746923685074, -0.14077524840831757], [0.2838183641433716, 0.015089912340044975], [-0.1766802817583084, 0.2121952474117279], [-0.214747816324234, 0.3001081347465515]]",True
early_neutral,5,2473,0.17594135288237253,1,[0],"[[-0.7718890309333801, 0.08842792361974716], [0.11323114484548569, -0.14109957218170166], [0.27598437666893005, 0.01698514260351658], [-0.1766802817583084, 0.2121952474117279], [-0.21638858318328857, 0.2956085801124573]]",True
early_neutral,5,2474,0.17560813062312564,1,[0],"[[-0.7722879648208618, 0.08551005274057388], [0.10686719417572021, -0.1414024382829666], [0.2678498923778534, 0.01856483891606331], [-0.1766802817583084, 0.2121952474117279], [-0.2173873484134674, 0.2910531163215637]]",True
early_neutral,5,2475,0.1752749083638787,1,[0],"[[-0.7723979353904724, 0.08239584416151047], [0.10195862501859665, -0.14162859320640564], [0.2589072287082672, 0.01994209922850132], [-0.1766802817583084, 0.2121952474117279], [-0.21879418194293976, 0.2860355079174042]]",True
early_neutral,5,2476,0.1749416861046318,1,[0],"[[-0.7726428508758545, 0.0794983059167862], [0.10031646490097046, -0.14170363545417786], [0.24985063076019287, 0.02095620147883892], [-0.17721772193908691, 0.21135403215885162], [-0.22014214098453522, 0.28138887882232666]]",True
early_neutral,5,2477,0.17460846384538486,1,[0],"[[-0.7730258107185364, 0.07655075937509537], [0.10292644053697586, -0.141587033867836], [0.24073338508605957, 0.021711627021431923], [-0.17835766077041626, 0.20908746123313904], [-0.22100478410720825, 0.2775994539260864]]",False
early_neutral,5,2478,0.17427524158613794,1,[0],"[[-0.773603081703186, 0.07289861142635345], [0.10719501227140427, -0.14143119752407074], [0.23158645629882812, 0.022295664995908737], [-0.1795305460691452, 0.20666350424289703], [-0.2217250019311905, 0.2736024856567383]]",False
early_neutral,5,2479,0.17394201932689105,1,[0],"[[-0.773939847946167, 0.06906819343566895], [0.11093738675117493, -0.14118100702762604], [0.22223690152168274, 0.022838866338133812], [-0.1810215562582016, 0.2035350203514099], [-0.22256873548030853, 0.2689211070537567]]",False
early_neutral,5,2480,0.17360879706764412,1,[0],"[[-0.7714107632637024, 0.06576105952262878], [0.1119091585278511, -0.14102046191692352], [0.2121361345052719, 0.023778950795531273], [-0.18249186873435974, 0.1998828649520874], [-0.22364498674869537, 0.26530274748802185]]",False
early_neutral,5,2481,0.1732755748083972,1,[0],"[[-0.7686650156974792, 0.06159280985593796], [0.11116763949394226, -0.14086027443408966], [0.2013959288597107, 0.02517320029437542], [-0.18378862738609314, 0.19627828896045685], [-0.2248915433883667, 0.2630314528942108]]",False
early_neutral,5,2482,0.17294235254915027,1,[0],"[[-0.7654680013656616, 0.05671973526477814], [0.10752662271261215, -0.1403813660144806], [0.19004274904727936, 0.026845315471291542], [-0.1852123737335205, 0.19253288209438324], [-0.22590598464012146, 0.2630261480808258]]",False
early_neutral,5,2483,0.17260913028990338,1,[0],"[[-0.7616850137710571, 0.051324859261512756], [0.10237772017717361, -0.14014628529548645], [0.17818553745746613, 0.028763847425580025], [-0.18664389848709106, 0.1879822015762329], [-0.22816558182239532, 0.26465609669685364]]",True
early_neutral,5,2484,0.17227590803065645,1,[0],"[[-0.7575508952140808, 0.04562310501933098], [0.09640466421842575, -0.14008553326129913], [0.16592814028263092, 0.030869396403431892], [-0.18762128055095673, 0.1827477216720581], [-0.23106810450553894, 0.26716986298561096]]",True
early_neutral,5,2485,0.17194268577140953,1,[0],"[[-0.7530648112297058, 0.0394103117287159], [0.09020095318555832, -0.1400446742773056], [0.15332452952861786, 0.03304070234298706], [-0.18645904958248138, 0.1769525706768036], [-0.23468872904777527, 0.2704813778400421]]",False
early_neutral,5,2486,0.1716094635121626,1,[0],"[[-0.7485498189926147, 0.03312500938773155], [0.08376721292734146, -0.14002497494220734], [0.14044949412345886, 0.03525979816913605], [-0.18307992815971375, 0.17093946039676666], [-0.2390792965888977, 0.27365589141845703]]",False
early_neutral,5,2487,0.17127624125291568,1,[0],"[[-0.7455155849456787, 0.028863010928034782], [0.07733762264251709, -0.14001543819904327], [0.12734532356262207, 0.037469372153282166], [-0.17924027144908905, 0.1648256629705429], [-0.24444150924682617, 0.27580761909484863]]",False
early_neutral,5,2488,0.1709430189936688,1,[0],"[[-0.7428171634674072, 0.025026630610227585], [0.07105852663516998, -0.14000074565410614], [0.1140536218881607, 0.0396433062851429], [-0.1750970482826233, 0.15832370519638062], [-0.24975666403770447, 0.2778142988681793]]",False
early_neutral,5,2489,0.17060979673442186,1,[0],"[[-0.7414439916610718, 0.022978318855166435], [0.06462477892637253, -0.13998019695281982], [0.1006184071302414, 0.04179028794169426], [-0.17064841091632843, 0.15141065418720245], [-0.2520061135292053, 0.2787041664123535]]",False
early_neutral,5,2490,0.17027657447517494,1,[0],"[[-0.7411864995956421, 0.022548072040081024], [0.05819106847047806, -0.13995705544948578], [0.08707210421562195, 0.0439130961894989], [-0.1659475564956665, 0.14412978291511536], [-0.252332478761673, 0.2788330316543579]]",False
early_neutral,5,2491,0.16994335221592802,1,[0],"[[-0.7411825656890869, 0.02254066802561283], [0.051916174590587616, -0.1399388313293457], [0.07343070209026337, 0.04598865658044815], [-0.16103801131248474, 0.1365586221218109], [-0.2505490183830261, 0.27811571955680847]]",True
early_neutral,5,2492,0.1696101299566811,1,[0],"[[-0.7411825656890869, 0.02254066802561283], [0.045482389628887177, -0.13992491364479065], [0.05968794971704483, 0.04794347286224365], [-0.1559523046016693, 0.12876276671886444], [-0.24685971438884735, 0.27665650844573975]]",True
early_neutral,5,2493,0.1692769076974342,1,[0],"[[-0.7411825656890869, 0.02254066802561283], [0.038840197026729584, -0.1399223953485489], [0.045856986194849014, 0.049765218049287796], [-0.15071073174476624, 0.12079703062772751], [-0.2419435828924179, 0.2747366726398468]]",True
early_neutral,5,2494,0.16894368543818727,1,[0],"[[-0.7411825656890869, 0.02254066802561283], [0.031006047502160072, -0.1399746537208557], [0.031930260360240936, 0.05137570574879646], [-0.1460145115852356, 0.11406762897968292], [-0.23589561879634857, 0.27229684591293335]]",True
early_neutral,5,2495,0.16861046317894035,1,[0],"[[-0.7411825656890869, 0.02254066802561283], [0.02204427868127823, -0.14010845124721527], [0.017915915697813034, 0.05274137854576111], [-0.14243721961975098, 0.10811492800712585], [-0.22892150282859802, 0.2693563997745514]]",True
early_neutral,5,2496,0.16827724091969343,1,[0],"[[-0.7422141432762146, 0.021340740844607353], [0.012242968194186687, -0.14035551249980927], [0.0037895722780376673, 0.053568754345178604], [-0.14140458405017853, 0.10218218713998795], [-0.22343438863754272, 0.2668454349040985]]",True
early_neutral,5,2497,0.16794401866044653,1,[0],"[[-0.7436810731887817, 0.01927502267062664], [0.0016077783657237887, -0.14074014127254486], [-0.010403905063867569, 0.05334250256419182], [-0.1408015787601471, 0.09611432999372482], [-0.2183849811553955, 0.2642516791820526]]",True
early_neutral,5,2498,0.1676107964011996,1,[0],"[[-0.7448847889900208, 0.01725975051522255], [-0.009751864708960056, -0.14126254618167877], [-0.024208517745137215, 0.05217119678854942], [-0.14011168479919434, 0.09005041420459747], [-0.2135588377714157, 0.26148396730422974]]",True
early_neutral,5,2499,0.16727757414195268,1,[0],"[[-0.7458714246749878, 0.015911949798464775], [-0.0217573419213295, -0.14194059371948242], [-0.034816302359104156, 0.05079347640275955], [-0.13865509629249573, 0.08376331627368927], [-0.20899417996406555, 0.25853443145751953]]",True
early_neutral,5,2500,0.16694435188270576,1,[0],"[[-0.7459661960601807, 0.015806525945663452], [-0.03426754102110863, -0.14280608296394348], [-0.04016483575105667, 0.04875679314136505], [-0.136652410030365, 0.07769132405519485], [-0.20470565557479858, 0.25541427731513977]]",True
early_neutral,5,2501,0.16661112962345884,1,[0],"[[-0.7459661960601807, 0.015806525945663452], [-0.047218210995197296, -0.14351603388786316], [-0.04128657653927803, 0.04568881541490555], [-0.13575874269008636, 0.07208850234746933], [-0.2006761133670807, 0.2521510422229767]]",True
early_neutral,5,2502,0.16627790736421194,1,[0],"[[-0.7459661960601807, 0.015806525945663452], [-0.06053117290139198, -0.14382542669773102], [-0.038682375103235245, 0.04275103285908699], [-0.13569845259189606, 0.06608084589242935], [-0.1969074159860611, 0.248758465051651]]",True
early_neutral,5,2503,0.16594468510496502,1,[0],"[[-0.7458084225654602, 0.015081065706908703], [-0.07244107872247696, -0.14388491213321686], [-0.03474613279104233, 0.039345573633909225], [-0.13586381077766418, 0.06000138819217682], [-0.19342781603336334, 0.24523764848709106]]",True
early_neutral,5,2504,0.1656114628457181,1,[0],"[[-0.7453534007072449, 0.012949341908097267], [-0.0798569917678833, -0.14322149753570557], [-0.029773050919175148, 0.035444226115942], [-0.1361972689628601, 0.05398721620440483], [-0.1902703493833542, 0.24159057438373566]]",True
early_neutral,5,2505,0.16527824058647117,1,[0],"[[-0.7447319030761719, 0.009952615015208721], [-0.08489440381526947, -0.14162631332874298], [-0.025499911978840828, 0.0319380909204483], [-0.1383270025253296, 0.048797182738780975], [-0.18776732683181763, 0.23832519352436066]]",True
early_neutral,5,2506,0.16494501832722425,1,[0],"[[-0.7454534769058228, 0.007316259667277336], [-0.08567553013563156, -0.14137448370456696], [-0.024477124214172363, 0.030783848837018013], [-0.14145687222480774, 0.04447004944086075], [-0.1873873472213745, 0.23781470954418182]]",True
early_neutral,5,2507,0.16461179606797735,1,[0],"[[-0.7467966079711914, 0.004779044538736343], [-0.08567553013563156, -0.14137448370456696], [-0.02372138574719429, 0.030913010239601135], [-0.1462169736623764, 0.04114393889904022], [-0.18741846084594727, 0.23781117796897888]]",True
early_neutral,5,2508,0.16427857380873043,1,[0],"[[-0.7488950490951538, 0.0023282270412892103], [-0.08567553013563156, -0.14137448370456696], [-0.020222721621394157, 0.031589530408382416], [-0.15256433188915253, 0.037807706743478775], [-0.1901715099811554, 0.23753216862678528]]",True
early_neutral,5,2509,0.1639453515494835,1,[0],"[[-0.752700924873352, 0.0006696766940876842], [-0.08567553013563156, -0.14137448370456696], [-0.015384080819785595, 0.03224742040038109], [-0.15923084318637848, 0.03448247164487839], [-0.19463108479976654, 0.23715677857398987]]",True
early_neutral,5,2510,0.16361212929023658,1,[0],"[[-0.7566293478012085, -0.0003861153672914952], [-0.08567553013563156, -0.14137448370456696], [-0.009267893619835377, 0.03292880207300186], [-0.16479046642780304, 0.03167688474059105], [-0.20044635236263275, 0.23675493896007538]]",False
early_neutral,5,2511,0.16327890703098968,1,[0],"[[-0.7587036490440369, -0.0007821540930308402], [-0.08748967200517654, -0.14065876603126526], [-0.0022794590331614017, 0.03367583081126213], [-0.16883327066898346, 0.029024867340922356], [-0.20759272575378418, 0.23629438877105713]]",False
early_neutral,5,2512,0.16294568477174276,1,[0],"[[-0.7590640187263489, -0.0008303378126583993], [-0.09106487780809402, -0.1391015648841858], [0.005419979803264141, 0.034464627504348755], [-0.17358464002609253, 0.025908062234520912], [-0.215601846575737, 0.23583662509918213]]",False
early_neutral,5,2513,0.16261246251249584,1,[0],"[[-0.76117342710495, -0.0009033088572323322], [-0.09529991447925568, -0.13664163649082184], [0.014070500619709492, 0.03528470918536186], [-0.17816853523254395, 0.022601036354899406], [-0.2219591736793518, 0.23648884892463684]]",False
early_neutral,5,2514,0.1622792402532489,1,[0],"[[-0.7653703689575195, -0.0009663780801929533], [-0.0974951982498169, -0.13232803344726562], [0.023465119302272797, 0.03596958890557289], [-0.17963162064552307, 0.01996343955397606], [-0.22775927186012268, 0.23829473555088043]]",False
early_neutral,5,2515,0.161946017994002,1,[0],"[[-0.7709155082702637, -0.0009341003024019301], [-0.0978928729891777, -0.12776294350624084], [0.03371945396065712, 0.036494676023721695], [-0.17761074006557465, 0.01771078258752823], [-0.23349744081497192, 0.24018824100494385]]",False
early_neutral,5,2516,0.1616127957347551,1,[0],"[[-0.7776026129722595, -0.0008650519885122776], [-0.0978500097990036, -0.12547747790813446], [0.04431089386343956, 0.036902543157339096], [-0.17382411658763885, 0.015105056576430798], [-0.23922236263751984, 0.24209867417812347]]",False
early_neutral,5,2517,0.16127957347550817,1,[0],"[[-0.7852081656455994, -0.0007696893298998475], [-0.09770223498344421, -0.12422894686460495], [0.05545823276042938, 0.03722041845321655], [-0.16843342781066895, 0.012289202772080898], [-0.24419844150543213, 0.24378171563148499]]",False
early_neutral,5,2518,0.16094635121626125,1,[0],"[[-0.7934271097183228, -0.0006482528988271952], [-0.09766865521669388, -0.12406033277511597], [0.0672270655632019, 0.03747069090604782], [-0.16191519796848297, 0.00947198923677206], [-0.24525295197963715, 0.24416309595108032]]",True
early_neutral,5,2519,0.16061312895701432,1,[0],"[[-0.8006857633590698, -0.0012059519067406654], [-0.09766865521669388, -0.12406033277511597], [0.07954760640859604, 0.037641312927007675], [-0.15453696250915527, 0.006367893423885107], [-0.24525295197963715, 0.24416309595108032]]",True
early_neutral,5,2520,0.1602799066977674,1,[0],"[[-0.8027855157852173, -0.003247871994972229], [-0.09791537374258041, -0.12442974746227264], [0.09208497405052185, 0.037701696157455444], [-0.14672674238681793, 0.003138449043035507], [-0.24525295197963715, 0.24416309595108032]]",True
early_neutral,5,2521,0.1599466844385205,1,[0],"[[-0.8011130094528198, -0.006229910999536514], [-0.09818613529205322, -0.12208805978298187], [0.10199056565761566, 0.037635836750268936], [-0.13875293731689453, -0.0002581722510512918], [-0.24525295197963715, 0.24416309595108032]]",True
early_neutral,5,2522,0.15961346217927358,1,[0],"[[-0.796484112739563, -0.008986769244074821], [-0.09833303093910217, -0.11870450526475906], [0.11117509007453918, 0.03741186857223511], [-0.13017569482326508, -0.004041351843625307], [-0.24525295197963715, 0.24416309595108032]]",True
early_neutral,5,2523,0.15928023992002666,1,[0],"[[-0.7898584008216858, -0.011387535370886326], [-0.09842032939195633, -0.11441250145435333], [0.12035007029771805, 0.03705865517258644], [-0.12212464958429337, -0.008281142450869083], [-0.24525295197963715, 0.24416309595108032]]",True
early_neutral,5,2524,0.15894701766077973,1,[0],"[[-0.7819012403488159, -0.01370146218687296], [-0.09852783381938934, -0.10925973206758499], [0.12951210141181946, 0.0365840420126915], [-0.11448653042316437, -0.013319188728928566], [-0.24525295197963715, 0.24416309595108032]]",True
early_neutral,5,2525,0.1586137954015328,1,[0],"[[-0.7734839916229248, -0.015593791380524635], [-0.09861923009157181, -0.10320790112018585], [0.1386592537164688, 0.035999830812215805], [-0.10699116438627243, -0.019012892618775368], [-0.24525295197963715, 0.24416309595108032]]",True
early_neutral,5,2526,0.1582805731422859,1,[0],"[[-0.7661969661712646, -0.016869306564331055], [-0.0986679345369339, -0.0970541462302208], [0.1477983593940735, 0.03536422178149223], [-0.100272536277771, -0.023588670417666435], [-0.24525295197963715, 0.24416309595108032]]",True
early_neutral,5,2527,0.157947350883039,1,[0],"[[-0.7618962526321411, -0.017349062487483025], [-0.098676897585392, -0.09102149307727814], [0.1569300889968872, 0.03468518704175949], [-0.0932474434375763, -0.02744174748659134], [-0.24525295197963715, 0.24416309595108032]]",True
early_neutral,5,2528,0.15761412862379207,1,[0],"[[-0.75757896900177, -0.017488308250904083], [-0.09862571209669113, -0.08474666625261307], [0.1660563200712204, 0.03397546708583832], [-0.08613188564777374, -0.03033980168402195], [-0.24525295197963715, 0.24416309595108032]]",True
early_neutral,5,2529,0.15728090636454514,1,[0],"[[-0.7540777921676636, -0.015598110854625702], [-0.09862247109413147, -0.07873973250389099], [0.1751781702041626, 0.03324233368039131], [-0.08065144717693329, -0.030143745243549347], [-0.24525295197963715, 0.24416309595108032]]",True
early_neutral,5,2530,0.15694768410529825,1,[0],"[[-0.7522439360618591, -0.01260704267770052], [-0.09856212884187698, -0.07256007939577103], [0.1842915117740631, 0.03246602788567543], [-0.07512474060058594, -0.028519464656710625], [-0.24525295197963715, 0.24416309595108032]]",True
early_neutral,5,2531,0.15661446184605132,1,[0],"[[-0.7506615519523621, -0.009746793657541275], [-0.09850949794054031, -0.06640615314245224], [0.1933852732181549, 0.03159792721271515], [-0.06853364408016205, -0.026817768812179565], [-0.24525295197963715, 0.24416309595108032]]",True
early_neutral,5,2532,0.1562812395868044,1,[0],"[[-0.7494933605194092, -0.0068240901455283165], [-0.0984865352511406, -0.06037348136305809], [0.20218850672245026, 0.03066680021584034], [-0.06161820888519287, -0.025767875835299492], [-0.24525295197963715, 0.24416309595108032]]",True
early_neutral,5,2533,0.15594801732755748,1,[0],"[[-0.7487657070159912, -0.0041786800138652325], [-0.09835609793663025, -0.05409865453839302], [0.20689265429973602, 0.03009769693017006], [-0.054580479860305786, -0.027289342135190964], [-0.24525295197963715, 0.24416309595108032]]",True
early_neutral,5,2534,0.15561479506831055,1,[0],"[[-0.748213529586792, -0.0019251519115641713], [-0.09834452718496323, -0.048091720789670944], [0.20719599723815918, 0.029825692996382713], [-0.047394610941410065, -0.030298661440610886], [-0.24590319395065308, 0.2433500736951828]]",True
early_neutral,5,2535,0.15528157280906366,1,[0],"[[-0.7476989030838013, 0.0003104164788965136], [-0.0982147604227066, -0.04191206395626068], [0.20683874189853668, 0.02831859514117241], [-0.0414244644343853, -0.03164982795715332], [-0.2477530688047409, 0.24102099239826202]]",True
early_neutral,5,2536,0.15494835054981673,1,[0],"[[-0.747288167476654, 0.002287647221237421], [-0.09810180217027664, -0.03575814515352249], [0.2063591480255127, 0.025691449642181396], [-0.03859728202223778, -0.029933808371424675], [-0.250224769115448, 0.23786020278930664]]",True
early_neutral,5,2537,0.1546151282905698,1,[0],"[[-0.747204601764679, 0.0027349968440830708], [-0.09803882241249084, -0.02975507453083992], [0.2065669745206833, 0.022501960396766663], [-0.03585609793663025, -0.027459528297185898], [-0.2530577480792999, 0.2338051199913025]]",True
early_neutral,5,2538,0.15428190603132289,1,[0],"[[-0.747053861618042, 0.0034688191954046488], [-0.09770705550909042, -0.023517215624451637], [0.2093225121498108, 0.01877071149647236], [-0.030613884329795837, -0.02744845487177372], [-0.25592494010925293, 0.22885774075984955]]",True
early_neutral,5,2539,0.15394868377207596,1,[0],"[[-0.7464856505393982, 0.005588655360043049], [-0.09733248502016068, -0.01680208183825016], [0.21388667821884155, 0.014645768329501152], [-0.024700436741113663, -0.029050620272755623], [-0.2579925060272217, 0.22484299540519714]]",True
early_neutral,5,2540,0.15361546151282907,1,[0],"[[-0.7456289529800415, 0.008063632063567638], [-0.0969611406326294, -0.010455459356307983], [0.2169436812400818, 0.010878929868340492], [-0.01931629329919815, -0.03229309618473053], [-0.25834134221076965, 0.22417661547660828]]",True
early_neutral,5,2541,0.15328223925358214,1,[0],"[[-0.7451626658439636, 0.00961212906986475], [-0.09663309156894684, -0.005687725264579058], [0.21839836239814758, 0.006807063706219196], [-0.013749729841947556, -0.03647083044052124], [-0.25834134221076965, 0.22417661547660828]]",False
early_neutral,5,2542,0.15294901699433522,1,[0],"[[-0.7450694441795349, 0.010058043524622917], [-0.09663309156894684, -0.0013562330277636647], [0.22068829834461212, 0.003020239295437932], [-0.00777634559199214, -0.03927827998995781], [-0.2589561939239502, 0.22499515116214752]]",False
early_neutral,5,2543,0.1526157947350883,1,[0],"[[-0.7459871768951416, 0.010781905613839626], [-0.09663309156894684, 0.002762704622000456], [0.22514784336090088, 0.00023101220722310245], [-0.0033334544859826565, -0.03852928429841995], [-0.26068317890167236, 0.22727619111537933]]",False
early_neutral,5,2544,0.1522825724758414,1,[0],"[[-0.7482307553291321, 0.012896495871245861], [-0.09668776392936707, 0.006676634773612022], [0.2304673194885254, -0.0021766817662864923], [-4.362218896858394e-05, -0.035430558025836945], [-0.26308923959732056, 0.2299691140651703]]",False
early_neutral,5,2545,0.15194935021659448,1,[0],"[[-0.7507225275039673, 0.01595393382012844], [-0.09777820855379105, 0.009976525790989399], [0.23694181442260742, -0.0046378266997635365], [0.003290035529062152, -0.03130809962749481], [-0.2646125257015228, 0.23022828996181488]]",False
early_neutral,5,2546,0.15161612795734755,1,[0],"[[-0.7536429762840271, 0.019887825474143028], [-0.09903322905302048, 0.011815793812274933], [0.24473077058792114, -0.006948679685592651], [0.006319141481071711, -0.026211583986878395], [-0.26576805114746094, 0.22999843955039978]]",False
early_neutral,5,2547,0.15128290569810063,1,[0],"[[-0.7570077180862427, 0.024614211171865463], [-0.10006153583526611, 0.011317540891468525], [0.25161948800086975, -0.008450006134808064], [0.009348268620669842, -0.020393917337059975], [-0.2659088671207428, 0.2299564778804779]]",False
early_neutral,5,2548,0.1509496834388537,1,[0],"[[-0.7607208490371704, 0.029992885887622833], [-0.10183761268854141, 0.009103816002607346], [0.2538830637931824, -0.008699942380189896], [0.012552398256957531, -0.01401285920292139], [-0.26596763730049133, 0.2299383580684662]]",False
early_neutral,5,2549,0.1506164611796068,1,[0],"[[-0.7647401690483093, 0.03588619455695152], [-0.10380875319242477, 0.005900036543607712], [0.2531857490539551, -0.00877051055431366], [0.014631075784564018, -0.007922087796032429], [-0.2659960389137268, 0.229929581284523]]",False
early_neutral,5,2550,0.15028323892035989,1,[0],"[[-0.7690176367759705, 0.04221849516034126], [-0.10602939128875732, 0.0017865992849692702], [0.2494904100894928, -0.009172900579869747], [0.012674923986196518, -0.0037083786446601152], [-0.26600155234336853, 0.22992786765098572]]",False
early_neutral,5,2551,0.14995001666111296,1,[0],"[[-0.7733749747276306, 0.04872974008321762], [-0.10665836930274963, -0.002794342814013362], [0.2444130778312683, -0.009869158267974854], [0.007861293852329254, -4.7153440391412005e-05], [-0.2660064399242401, 0.22992633283138275]]",False
early_neutral,5,2552,0.14961679440186604,1,[0],"[[-0.7779572010040283, 0.055634524673223495], [-0.10513819009065628, -0.007907120510935783], [0.23802421987056732, -0.010894443839788437], [0.0019173423061147332, 0.0035503150429576635], [-0.2657652199268341, 0.22982437908649445]]",False
early_neutral,5,2553,0.14928357214261911,1,[0],"[[-0.7827469110488892, 0.06289590150117874], [-0.10329917818307877, -0.013704453594982624], [0.23045672476291656, -0.012285863049328327], [-0.005311086308211088, 0.007191171403974295], [-0.2654256224632263, 0.22968129813671112]]",False
early_neutral,5,2554,0.14895034988337222,1,[0],"[[-0.7876877784729004, 0.07045730948448181], [-0.10147447884082794, -0.020131058990955353], [0.22191138565540314, -0.013998344540596008], [-0.012763398699462414, 0.010909087024629116], [-0.2650700509548187, 0.22953148186206818]]",False
early_neutral,5,2555,0.1486171276241253,1,[0],"[[-0.7927379608154297, 0.07825363427400589], [-0.09965267777442932, -0.0270914938300848], [0.21270541846752167, -0.015789955854415894], [-0.020435914397239685, 0.015187459997832775], [-0.264795184135437, 0.22942250967025757]]",False
early_neutral,5,2556,0.14828390536487837,1,[0],"[[-0.7978593707084656, 0.0862341970205307], [-0.09772440046072006, -0.03452523052692413], [0.20271044969558716, -0.017673583701252937], [-0.028247132897377014, 0.01997898891568184], [-0.26474010944366455, 0.22939999401569366]]",False
early_neutral,5,2557,0.14795068310563145,1,[0],"[[-0.8029077053070068, 0.09425683319568634], [-0.0955498144030571, -0.042343925684690475], [0.19241638481616974, -0.019509732723236084], [-0.03603421151638031, 0.024906150996685028], [-0.26474010944366455, 0.22939999401569366]]",False
early_neutral,5,2558,0.14761746084638455,1,[0],"[[-0.8064652681350708, 0.1006062850356102], [-0.0930909663438797, -0.05045587196946144], [0.18148989975452423, -0.021346965804696083], [-0.044195860624313354, 0.03018462285399437], [-0.2647547423839569, 0.2293405383825302]]",True
early_neutral,5,2559,0.14728423858713763,1,[0],"[[-0.8079147934913635, 0.10368050634860992], [-0.09003319591283798, -0.058741021901369095], [0.1699410080909729, -0.023191304877400398], [-0.05294700711965561, 0.03562842682003975], [-0.26492124795913696, 0.22866356372833252]]",True
early_neutral,5,2560,0.1469510163278907,1,[0],"[[-0.8067934513092041, 0.10310490429401398], [-0.08628841489553452, -0.06711158901453018], [0.15781918168067932, -0.024944061413407326], [-0.06251121312379837, 0.040969740599393845], [-0.2649514079093933, 0.22854101657867432]]",True
early_neutral,5,2561,0.14661779406864378,1,[0],"[[-0.8042036890983582, 0.10088381171226501], [-0.08191651105880737, -0.07551296800374985], [0.1452336609363556, -0.026578590273857117], [-0.07277564704418182, 0.046156007796525955], [-0.2649514079093933, 0.22854101657867432]]",True
early_neutral,5,2562,0.14628457180939686,1,[0],"[[-0.8012670874595642, 0.09766671061515808], [-0.0768270418047905, -0.08386778086423874], [0.13232193887233734, -0.028233157470822334], [-0.08377300202846527, 0.0510219968855381], [-0.26414668560028076, 0.228387251496315]]",True
early_neutral,5,2563,0.14595134955014996,1,[0],"[[-0.7979258894920349, 0.09353704750537872], [-0.07189980149269104, -0.09230620414018631], [0.11915983259677887, -0.029914405196905136], [-0.09540637582540512, 0.05552646517753601], [-0.2624072730541229, 0.2283117026090622]]",True
early_neutral,5,2564,0.14561812729090304,1,[0],"[[-0.7943713665008545, 0.08855108171701431], [-0.07024835050106049, -0.10081985592842102], [0.10567048192024231, -0.031043000519275665], [-0.10720014572143555, 0.060088321566581726], [-0.25922611355781555, 0.22811304032802582]]",True
early_neutral,5,2565,0.14528490503165611,1,[0],"[[-0.7888917326927185, 0.08357555419206619], [-0.0704163908958435, -0.10937295854091644], [0.09191907197237015, -0.031003866344690323], [-0.11902809143066406, 0.06478963792324066], [-0.25465694069862366, 0.2277936488389969]]",True
early_neutral,5,2566,0.1449516827724092,1,[0],"[[-0.7811355590820312, 0.07921663671731949], [-0.07097272574901581, -0.11810391396284103], [0.07882290333509445, -0.030194725841283798], [-0.13078103959560394, 0.06969951093196869], [-0.24956899881362915, 0.2285994291305542]]",True
early_neutral,5,2567,0.14461846051316227,1,[0],"[[-0.7736531496047974, 0.07532171905040741], [-0.07206125557422638, -0.12694136798381805], [0.06973692029714584, -0.029610227793455124], [-0.14235013723373413, 0.07488535344600677], [-0.24285157024860382, 0.22837616503238678]]",True
early_neutral,5,2568,0.14428523825391537,1,[0],"[[-0.7689186334609985, 0.07307732850313187], [-0.07332592457532883, -0.1343386322259903], [0.06648263335227966, -0.029398450627923012], [-0.153655007481575, 0.08034617453813553], [-0.23470854759216309, 0.22815385460853577]]",True
early_neutral,5,2569,0.14395201599466845,1,[0],"[[-0.7641867399215698, 0.07120970636606216], [-0.0751277431845665, -0.14020244777202606], [0.06889085471630096, -0.029434766620397568], [-0.16279307007789612, 0.08677247911691666], [-0.2255200445652008, 0.228157177567482]]",True
early_neutral,5,2570,0.14361879373542152,1,[0],"[[-0.7585164904594421, 0.07061772793531418], [-0.07646159827709198, -0.14561136066913605], [0.07311929762363434, -0.029365994036197662], [-0.16936619579792023, 0.09411127120256424], [-0.21617580950260162, 0.22812551259994507]]",True
early_neutral,5,2571,0.1432855714761746,1,[0],"[[-0.7527471780776978, 0.07056718319654465], [-0.07403526455163956, -0.14878568053245544], [0.0786767229437828, -0.029152031987905502], [-0.17563502490520477, 0.10176399350166321], [-0.20653831958770752, 0.22810497879981995]]",True
early_neutral,5,2572,0.1429523492169277,1,[0],"[[-0.749141275882721, 0.07036738842725754], [-0.06832088530063629, -0.15027764439582825], [0.08556285500526428, -0.028869688510894775], [-0.1813722401857376, 0.1097569614648819], [-0.19722223281860352, 0.22809076309204102]]",True
early_neutral,5,2573,0.14261912695768078,1,[0],"[[-0.7469836473464966, 0.06996778398752213], [-0.06111075356602669, -0.15160074830055237], [0.09367203712463379, -0.028503112494945526], [-0.18664903938770294, 0.11800888925790787], [-0.18782101571559906, 0.22808948159217834]]",True
early_neutral,5,2574,0.14228590469843386,1,[0],"[[-0.7439266443252563, 0.06943640857934952], [-0.05259096622467041, -0.15278910100460052], [0.10273750126361847, -0.027967987582087517], [-0.19147825241088867, 0.12634174525737762], [-0.1782684326171875, 0.22809216380119324]]",True
early_neutral,5,2575,0.14195268243918693,1,[0],"[[-0.7401159405708313, 0.06915589421987534], [-0.043051496148109436, -0.15385274589061737], [0.11182636022567749, -0.02729998342692852], [-0.19510267674922943, 0.13298797607421875], [-0.16907724738121033, 0.2280917763710022]]",True
early_neutral,5,2576,0.14161946017994,1,[0],"[[-0.7358167171478271, 0.06918281316757202], [-0.032638467848300934, -0.1549026072025299], [0.11864176392555237, -0.026675693690776825], [-0.1978747844696045, 0.13869015872478485], [-0.1581362783908844, 0.22775624692440033]]",True
early_neutral,5,2577,0.14128623792069311,1,[0],"[[-0.7307798266410828, 0.06932704150676727], [-0.02214723266661167, -0.15580429136753082], [0.12497277557849884, -0.025931453332304955], [-0.19991731643676758, 0.1433115303516388], [-0.15036316215991974, 0.22906556725502014]]",True
early_neutral,5,2578,0.1409530156614462,1,[0],"[[-0.7258078455924988, 0.0696730837225914], [-0.012955372221767902, -0.15597891807556152], [0.1313265860080719, -0.025092540308833122], [-0.20143309235572815, 0.1473800390958786], [-0.1441129893064499, 0.23108242452144623]]",True
early_neutral,5,2579,0.14061979340219927,1,[0],"[[-0.7229498028755188, 0.07194512337446213], [-0.0037930826656520367, -0.15553775429725647], [0.13790838420391083, -0.02427961863577366], [-0.202644482254982, 0.15149061381816864], [-0.1389898806810379, 0.23423290252685547]]",True
early_neutral,5,2580,0.14028657114295234,1,[0],"[[-0.7222742438316345, 0.07564713060855865], [0.005305931903421879, -0.1546967476606369], [0.14538398385047913, -0.023427432402968407], [-0.20320667326450348, 0.15565913915634155], [-0.1327255666255951, 0.23810063302516937]]",True
early_neutral,5,2581,0.13995334888370542,1,[0],"[[-0.7226517200469971, 0.07827340811491013], [0.014334524981677532, -0.1535796821117401], [0.15358904004096985, -0.022569216787815094], [-0.2030637562274933, 0.1598421186208725], [-0.12615442276000977, 0.24230678379535675]]",True
early_neutral,5,2582,0.13962012662445852,1,[0],"[[-0.7241805195808411, 0.08023463189601898], [0.023283055052161217, -0.15221567451953888], [0.16263552010059357, -0.02168397791683674], [-0.2009304314851761, 0.16374894976615906], [-0.11945663392543793, 0.24659989774227142]]",True
early_neutral,5,2583,0.1392869043652116,1,[0],"[[-0.7258078455924988, 0.08207292854785919], [0.03216257691383362, -0.1506723016500473], [0.17173506319522858, -0.02084166556596756], [-0.1977231502532959, 0.16733388602733612], [-0.11262062937021255, 0.2509424090385437]]",True
early_neutral,5,2584,0.13895368210596468,1,[0],"[[-0.7270768284797668, 0.08317548036575317], [0.04070846363902092, -0.14901202917099], [0.18084344267845154, -0.02004079706966877], [-0.19450761377811432, 0.17095644772052765], [-0.10612109303474426, 0.2551712691783905]]",True
early_neutral,5,2585,0.13862045984671775,1,[0],"[[-0.7272056341171265, 0.08326151221990585], [0.046893224120140076, -0.14759084582328796], [0.189957395195961, -0.019267180934548378], [-0.1908199042081833, 0.17438526451587677], [-0.09911435842514038, 0.25948095321655273]]",True
early_neutral,5,2586,0.13828723758747083,1,[0],"[[-0.7272056341171265, 0.08326151221990585], [0.052828386425971985, -0.14597606658935547], [0.1988060027360916, -0.018540728837251663], [-0.1866658329963684, 0.17758060991764069], [-0.09247313439846039, 0.2637326121330261]]",True
early_neutral,5,2587,0.13795401532822393,1,[0],"[[-0.7272056341171265, 0.08326151221990585], [0.05871390551328659, -0.1443151980638504], [0.20531535148620605, -0.018014991655945778], [-0.18218007683753967, 0.18058085441589355], [-0.08553618937730789, 0.2680189907550812]]",True
early_neutral,5,2588,0.137620793068977,1,[0],"[[-0.7272056341171265, 0.08326151221990585], [0.06455618888139725, -0.14283093810081482], [0.21170127391815186, -0.017505047842860222], [-0.17741210758686066, 0.1833907812833786], [-0.07837505638599396, 0.27159324288368225]]",True
early_neutral,5,2589,0.1372875708097301,1,[0],"[[-0.7272056341171265, 0.08326151221990585], [0.0706309974193573, -0.14145268499851227], [0.2180890589952469, -0.017005054280161858], [-0.1724250316619873, 0.18603546917438507], [-0.07150930166244507, 0.2736181318759918]]",True
early_neutral,5,2590,0.13695434855048316,1,[0],"[[-0.7273158431053162, 0.08308543264865875], [0.07676798105239868, -0.14024923741817474], [0.22447963058948517, -0.016520442441105843], [-0.16728459298610687, 0.18855272233486176], [-0.06493210792541504, 0.27420076727867126]]",True
early_neutral,5,2591,0.13662112629123627,1,[0],"[[-0.7288092970848083, 0.0811384841799736], [0.08283644914627075, -0.13930313289165497], [0.2308725267648697, -0.01604890078306198], [-0.16198617219924927, 0.19092689454555511], [-0.05710415542125702, 0.27383556962013245]]",True
early_neutral,5,2592,0.13628790403198934,1,[0],"[[-0.731403112411499, 0.07853366434574127], [0.08916901051998138, -0.13856661319732666], [0.23726564645767212, -0.015578806400299072], [-0.15648144483566284, 0.19309280812740326], [-0.04801312834024429, 0.2731491029262543]]",True
early_neutral,5,2593,0.13595468177274242,1,[0],"[[-0.7350867390632629, 0.07535804063081741], [0.09555123001337051, -0.13804806768894196], [0.24365878105163574, -0.015108585357666016], [-0.15078245103359222, 0.19503435492515564], [-0.03882196545600891, 0.2731582522392273]]",True
early_neutral,5,2594,0.1356214595134955,1,[0],"[[-0.7394125461578369, 0.0716872438788414], [0.10180848836898804, -0.1376419961452484], [0.2500516176223755, -0.014636865817010403], [-0.144902303814888, 0.1967315822839737], [-0.02961297705769539, 0.2729233205318451]]",True
early_neutral,5,2595,0.13528823725424857,1,[0],"[[-0.7441748380661011, 0.06770791858434677], [0.10820379108190536, -0.13731658458709717], [0.2564440667629242, -0.014162861742079258], [-0.13886143267154694, 0.19817005097866058], [-0.022020554170012474, 0.27292802929878235]]",False
early_neutral,5,2596,0.13495501499500168,1,[0],"[[-0.7495274543762207, 0.0633009523153305], [0.11448469012975693, -0.13695496320724487], [0.2628690302371979, -0.014455998316407204], [-0.1339906007051468, 0.1991620659828186], [-0.016030028462409973, 0.2737511992454529]]",False
early_neutral,5,2597,0.13462179273575475,1,[0],"[[-0.7553723454475403, 0.05851440876722336], [0.117489293217659, -0.1348801553249359], [0.26810383796691895, -0.015424049459397793], [-0.13258881866931915, 0.19944503903388977], [-0.010953347198665142, 0.27535510063171387]]",False
early_neutral,5,2598,0.13428857047650783,1,[0],"[[-0.7617645859718323, 0.05329343304038048], [0.11664678156375885, -0.13134202361106873], [0.27057263255119324, -0.013361921533942223], [-0.13275845348834991, 0.19939552247524261], [-0.006323338486254215, 0.27698785066604614]]",False
early_neutral,5,2599,0.1339553482172609,1,[0],"[[-0.768447756767273, 0.04784294590353966], [0.11424798518419266, -0.12715327739715576], [0.27125027775764465, -0.010134460404515266], [-0.1357189118862152, 0.19845713675022125], [-0.004226259887218475, 0.2777274250984192]]",False
early_neutral,5,2600,0.13362212595801398,1,[0],"[[-0.7754185795783997, 0.04216166213154793], [0.11132961511611938, -0.12219379842281342], [0.2717651128768921, -0.0072274780832231045], [-0.1396709531545639, 0.19684073328971863], [-0.004074836149811745, 0.2777806222438812]]",False
early_neutral,5,2601,0.13328890369876709,1,[0],"[[-0.7827825546264648, 0.0361630916595459], [0.1081233099102974, -0.1166023463010788], [0.2724163830280304, -0.0043321046978235245], [-0.14423708617687225, 0.19434809684753418], [-0.00623139925301075, 0.2771512269973755]]",False
early_neutral,5,2602,0.13295568143952016,1,[0],"[[-0.7904919385910034, 0.029884491115808487], [0.1054779589176178, -0.11048955470323563], [0.27308136224746704, -0.0017187412595376372], [-0.14838458597660065, 0.19132471084594727], [-0.010315051302313805, 0.27633610367774963]]",False
early_neutral,5,2603,0.13262245918027324,1,[0],"[[-0.798453152179718, 0.023402344435453415], [0.10354156047105789, -0.10370384901762009], [0.27378249168395996, 0.0008906181901693344], [-0.1499667763710022, 0.18833322823047638], [-0.015923088416457176, 0.2757648527622223]]",False
early_neutral,5,2604,0.13228923692102632,1,[0],"[[-0.8061323165893555, 0.017150703817605972], [0.10238631069660187, -0.09672622382640839], [0.2745400071144104, 0.003025241196155548], [-0.1493651270866394, 0.18490122258663177], [-0.022351155057549477, 0.2757110893726349]]",False
early_neutral,5,2605,0.13195601466177942,1,[0],"[[-0.8138120770454407, 0.010899352841079235], [0.10192479193210602, -0.08937844634056091], [0.27522867918014526, 0.004405585583299398], [-0.14671610295772552, 0.18141436576843262], [-0.028734849765896797, 0.2762151062488556]]",False
early_neutral,5,2606,0.1316227924025325,1,[0],"[[-0.8208383321762085, 0.005180675536394119], [0.10241798311471939, -0.08183253556489944], [0.2747027277946472, 0.004774672910571098], [-0.14186911284923553, 0.17893128097057343], [-0.03507346659898758, 0.27693191170692444]]",False
early_neutral,5,2607,0.13128957014328557,1,[0],"[[-0.8250004649162292, 0.0017934410134330392], [0.1050821915268898, -0.07640628516674042], [0.27451199293136597, 0.004788467660546303], [-0.1362626552581787, 0.17689235508441925], [-0.04137920215725899, 0.2777625024318695]]",False
early_neutral,5,2608,0.13095634788403865,1,[0],"[[-0.8276640772819519, -0.00037264591082930565], [0.10988879203796387, -0.07422485947608948], [0.2743026316165924, 0.004803609102964401], [-0.130710169672966, 0.17477771639823914], [-0.04515272378921509, 0.27829456329345703]]",False
early_neutral,5,2609,0.13062312562479172,1,[0],"[[-0.828007161617279, -0.0006484869518317282], [0.11686243861913681, -0.07393757998943329], [0.27410486340522766, 0.004791989456862211], [-0.12526239454746246, 0.1725507527589798], [-0.04519683122634888, 0.2783007025718689]]",False
early_neutral,5,2610,0.13028990336554483,1,[0],"[[-0.8280524015426636, -0.0006820574053563178], [0.12503190338611603, -0.07430347800254822], [0.2740146815776825, 0.00478369789198041], [-0.11997274309396744, 0.17016832530498505], [-0.04519683122634888, 0.2783007025718689]]",False
early_neutral,5,2611,0.1299566811062979,1,[0],"[[-0.8280537128448486, -0.000683033314999193], [0.13414694368839264, -0.07455939054489136], [0.2740146815776825, 0.00478369789198041], [-0.1148807480931282, 0.1676100492477417], [-0.04519683122634888, 0.2783007025718689]]",False
early_neutral,5,2612,0.12962345884705098,1,[0],"[[-0.8280537128448486, -0.000683033314999193], [0.14403779804706573, -0.07489091902971268], [0.2740146815776825, 0.00478369789198041], [-0.10993517190217972, 0.16493220627307892], [-0.04519683122634888, 0.2783007025718689]]",False
early_neutral,5,2613,0.12929023658780406,1,[0],"[[-0.8280537128448486, -0.000683033314999193], [0.15464448928833008, -0.0752963274717331], [0.27382731437683105, 0.005554205272346735], [-0.10498246550559998, 0.16225992143154144], [-0.04519683122634888, 0.2783007025718689]]",True
early_neutral,5,2614,0.12895701432855713,1,[0],"[[-0.8280537128448486, -0.000683033314999193], [0.16552792489528656, -0.07578273117542267], [0.2737634778022766, 0.007846608757972717], [-0.10001876950263977, 0.1595963090658188], [-0.04519683122634888, 0.2783007025718689]]",True
early_neutral,5,2615,0.12862379206931024,1,[0],"[[-0.8280538320541382, -0.0006630962598137558], [0.1770142763853073, -0.07636319845914841], [0.27377554774284363, 0.009819493629038334], [-0.09507934004068375, 0.1569136530160904], [-0.04417824745178223, 0.277437686920166]]",False
early_neutral,5,2616,0.12829056981006332,1,[0],"[[-0.8278847336769104, 0.0008083271095529199], [0.18668878078460693, -0.07695391029119492], [0.27402836084365845, 0.01130119152367115], [-0.09017464518547058, 0.15420414507389069], [-0.04164177179336548, 0.27540093660354614]]",False
early_neutral,5,2617,0.1279573475508164,1,[0],"[[-0.8271867632865906, 0.0032689536456018686], [0.1958124190568924, -0.07767631858587265], [0.2742380201816559, 0.012529981322586536], [-0.0841599702835083, 0.15238870680332184], [-0.03815889731049538, 0.2750800549983978]]",False
early_neutral,5,2618,0.12762412529156947,1,[0],"[[-0.8257885575294495, 0.006594727747142315], [0.20491339266300201, -0.07851212471723557], [0.27430588006973267, 0.013053498230874538], [-0.07632917910814285, 0.15217675268650055], [-0.035048335790634155, 0.2763250470161438]]",False
early_neutral,5,2619,0.12729090303232257,1,[0],"[[-0.8240325450897217, 0.010838991031050682], [0.21400737762451172, -0.07937949895858765], [0.2726809084415436, 0.013230320066213608], [-0.06742526590824127, 0.15262064337730408], [-0.03372764214873314, 0.2766896188259125]]",False
early_neutral,5,2620,0.12695768077307565,1,[0],"[[-0.8220901489257812, 0.015941757708787918], [0.22309520840644836, -0.08027389645576477], [0.2689138948917389, 0.013879489153623581], [-0.057571012526750565, 0.15304619073867798], [-0.03473694995045662, 0.27591565251350403]]",False
early_neutral,5,2621,0.12662445851382872,1,[0],"[[-0.8199864029884338, 0.02176642045378685], [0.2321794480085373, -0.08118358254432678], [0.2639191448688507, 0.014974026009440422], [-0.04690643027424812, 0.15339553356170654], [-0.03532131761312485, 0.2748369872570038]]",False
early_neutral,5,2622,0.1262912362545818,1,[0],"[[-0.8177434206008911, 0.02819485031068325], [0.2412608414888382, -0.08210518956184387], [0.25755348801612854, 0.016242990270256996], [-0.03614979609847069, 0.15345080196857452], [-0.03439171239733696, 0.27225661277770996]]",False
early_neutral,5,2623,0.12595801399533488,1,[0],"[[-0.8154621124267578, 0.035007648169994354], [0.25034207105636597, -0.08302751183509827], [0.2499040961265564, 0.01747947186231613], [-0.02498679608106613, 0.15312707424163818], [-0.03331771120429039, 0.2687085270881653]]",False
early_neutral,5,2624,0.12562479173608798,1,[0],"[[-0.8132119178771973, 0.04205091670155525], [0.25942638516426086, -0.08393679559230804], [0.24328121542930603, 0.01781069114804268], [-0.014429452829062939, 0.15252967178821564], [-0.032160039991140366, 0.2648579478263855]]",False
early_neutral,5,2625,0.12529156947684106,1,[0],"[[-0.8109264969825745, 0.0495152622461319], [0.268510103225708, -0.08484871685504913], [0.2369880974292755, 0.016973527148365974], [-0.0068109966814517975, 0.152022123336792], [-0.03075961023569107, 0.2610647678375244]]",False
early_neutral,5,2626,0.12495834721759413,1,[0],"[[-0.8086331486701965, 0.05735389515757561], [0.2775736451148987, -0.08584152907133102], [0.23134398460388184, 0.01538681797683239], [-0.0016714809462428093, 0.14994236826896667], [-0.029074380174279213, 0.2575211226940155]]",False
early_neutral,5,2627,0.12462512495834721,1,[0],"[[-0.8064296245574951, 0.06550531089305878], [0.28661298751831055, -0.08692391961812973], [0.22766660153865814, 0.012225181795656681], [0.00468899542465806, 0.14752362668514252], [-0.027912400662899017, 0.2555389106273651]]",False
early_neutral,5,2628,0.1242919026991003,1,[0],"[[-0.8043296337127686, 0.07390164583921432], [0.2956543266773224, -0.08799923211336136], [0.22519585490226746, 0.00861313845962286], [0.012348001822829247, 0.14500437676906586], [-0.027163907885551453, 0.25449398159980774]]",False
early_neutral,5,2629,0.12395868043985338,1,[0],"[[-0.8024199604988098, 0.08249586075544357], [0.3047126829624176, -0.08901219069957733], [0.2245723456144333, 0.007617794442921877], [0.019107237458229065, 0.14306066930294037], [-0.02705192379653454, 0.25436025857925415]]",True
early_neutral,5,2630,0.12362545818060647,1,[0],"[[-0.8005974292755127, 0.09101405739784241], [0.3137871026992798, -0.08996234834194183], [0.2245723456144333, 0.007617794442921877], [0.02514754608273506, 0.14162063598632812], [-0.02705192379653454, 0.25436025857925415]]",True
early_neutral,5,2631,0.12329223592135954,1,[0],"[[-0.7988622188568115, 0.09729913622140884], [0.3228767216205597, -0.09084881842136383], [0.22421441972255707, 0.006285923533141613], [0.03049859218299389, 0.14052870869636536], [-0.02705192379653454, 0.25436025857925415]]",True
early_neutral,5,2632,0.12295901366211263,1,[0],"[[-0.7979342937469482, 0.0999307781457901], [0.3319811224937439, -0.09166835248470306], [0.22359192371368408, 0.003603074699640274], [0.031330808997154236, 0.14035971462726593], [-0.02705192379653454, 0.25436025857925415]]",True
early_neutral,5,2633,0.12262579140286571,1,[0],"[[-0.7957533597946167, 0.09928415715694427], [0.34110626578330994, -0.09238312393426895], [0.2227751612663269, 9.032937668962404e-05], [0.03130320832133293, 0.1403697431087494], [-0.027365315705537796, 0.25425466895103455]]",True
early_neutral,5,2634,0.12229256914361879,1,[0],"[[-0.7921364903450012, 0.09771360456943512], [0.35009661316871643, -0.09297250956296921], [0.22136668860912323, -0.003945148549973965], [0.02893221378326416, 0.1413547247648239], [-0.02787879668176174, 0.254081666469574]]",True
early_neutral,5,2635,0.12195934688437188,1,[0],"[[-0.7874250411987305, 0.09549033641815186], [0.35699400305747986, -0.09338458627462387], [0.2190966010093689, -0.007326627150177956], [0.025277655571699142, 0.14316461980342865], [-0.028378905728459358, 0.2539370357990265]]",True
early_neutral,5,2636,0.12162612462512495,1,[0],"[[-0.7815454006195068, 0.09274283051490784], [0.3629205822944641, -0.09376370906829834], [0.21505795419216156, -0.009057377465069294], [0.020667746663093567, 0.14565221965312958], [-0.029036084190011024, 0.25380566716194153]]",True
early_neutral,5,2637,0.12129290236587804,1,[0],"[[-0.7746002674102783, 0.08955218642950058], [0.3678789436817169, -0.09409723430871964], [0.21032431721687317, -0.010776239447295666], [0.01537773571908474, 0.14803242683410645], [-0.029977871105074883, 0.2534227669239044]]",True
early_neutral,5,2638,0.12095968010663112,1,[0],"[[-0.7667211890220642, 0.0860411524772644], [0.3685140609741211, -0.0941404327750206], [0.2085684835910797, -0.011406302452087402], [0.009777967818081379, 0.15008504688739777], [-0.032620660960674286, 0.2526024281978607]]",True
early_neutral,5,2639,0.12062645784738421,1,[0],"[[-0.7580134272575378, 0.08230462670326233], [0.3685140609741211, -0.0941404327750206], [0.208404079079628, -0.011464572511613369], [0.004085640888661146, 0.1518656611442566], [-0.03471772372722626, 0.2519729435443878]]",False
early_neutral,5,2640,0.12029323558813729,1,[0],"[[-0.7505654692649841, 0.07913501560688019], [0.3685140609741211, -0.0941404327750206], [0.2100638598203659, -0.010744608938694], [-0.001779310405254364, 0.1534355878829956], [-0.03689861297607422, 0.25151628255844116]]",False
early_neutral,5,2641,0.11996001332889036,1,[0],"[[-0.7470135688781738, 0.07728300988674164], [0.3685140609741211, -0.0941404327750206], [0.21296504139900208, -0.00929749570786953], [-0.007835166528820992, 0.1548023521900177], [-0.03870725631713867, 0.2511375844478607]]",False
early_neutral,5,2642,0.11962679106964345,1,[0],"[[-0.7443178296089172, 0.07513667643070221], [0.36848223209381104, -0.09414111822843552], [0.21624581515789032, -0.007025803439319134], [-0.011124330572783947, 0.15549536049365997], [-0.03946957737207413, 0.2509779632091522]]",False
early_neutral,5,2643,0.11929356881039653,1,[0],"[[-0.7432094812393188, 0.07212194055318832], [0.36815133690834045, -0.09416017681360245], [0.21526508033275604, -0.00427946075797081], [-0.011758691631257534, 0.1556290090084076], [-0.03946957737207413, 0.2509779632091522]]",False
early_neutral,5,2644,0.11896034655114962,1,[0],"[[-0.7428770065307617, 0.06905543059110641], [0.36708053946495056, -0.0946250632405281], [0.21060648560523987, -0.002052369760349393], [-0.011183695867657661, 0.15480393171310425], [-0.03946957737207413, 0.2509779632091522]]",False
early_neutral,5,2645,0.1186271242919027,1,[0],"[[-0.7426754236221313, 0.0664539709687233], [0.36580100655555725, -0.09538480639457703], [0.20440170168876648, 0.0002157798589905724], [-0.009660940617322922, 0.15245090425014496], [-0.03946957737207413, 0.2509779632091522]]",False
early_neutral,5,2646,0.11829390203265579,1,[0],"[[-0.742522120475769, 0.06363027542829514], [0.36489102244377136, -0.09609699249267578], [0.19693878293037415, 0.0026364175137132406], [-0.00795031152665615, 0.1492399275302887], [-0.03946957737207413, 0.2509779632091522]]",False
early_neutral,5,2647,0.11796067977340886,1,[0],"[[-0.7424355149269104, 0.06094299256801605], [0.36260804533958435, -0.09672792255878448], [0.18853642046451569, 0.004993574693799019], [-0.008235888555645943, 0.14502935111522675], [-0.03946957737207413, 0.2509779632091522]]",False
early_neutral,5,2648,0.11762745751416194,1,[0],"[[-0.7422104477882385, 0.05797749385237694], [0.3583438992500305, -0.09751365333795547], [0.17987465858459473, 0.006990759167820215], [-0.010304301977157593, 0.14020070433616638], [-0.03946957737207413, 0.2509779632091522]]",False
early_neutral,5,2649,0.11729423525491503,1,[0],"[[-0.7411534786224365, 0.054951347410678864], [0.352867990732193, -0.0985901802778244], [0.17100092768669128, 0.008622354827821255], [-0.01377500593662262, 0.1357797086238861], [-0.03946957737207413, 0.2509779632091522]]",False
early_neutral,5,2650,0.1169610129956681,1,[0],"[[-0.7401021718978882, 0.0532311387360096], [0.34673672914505005, -0.09989739954471588], [0.1617438793182373, 0.010082531720399857], [-0.01939479447901249, 0.1344587504863739], [-0.03946957737207413, 0.2509779632091522]]",False
early_neutral,5,2651,0.1166277907364212,1,[0],"[[-0.7397386431694031, 0.05171234533190727], [0.34062471985816956, -0.10125409811735153], [0.15164004266262054, 0.011493094265460968], [-0.026441575959324837, 0.13461481034755707], [-0.03946957737207413, 0.2509779632091522]]",False
early_neutral,5,2652,0.11629456847717427,1,[0],"[[-0.7387399077415466, 0.05018821731209755], [0.3345809280872345, -0.1026700809597969], [0.1411052644252777, 0.012784222140908241], [-0.03455618396401405, 0.13507993519306183], [-0.03946957737207413, 0.2509779632091522]]",False
early_neutral,5,2653,0.11596134621792736,1,[0],"[[-0.7377037405967712, 0.048722587525844574], [0.32861489057540894, -0.10412472486495972], [0.13021503388881683, 0.013959844596683979], [-0.043638456612825394, 0.1358736753463745], [-0.03946957737207413, 0.2509779632091522]]",False
early_neutral,5,2654,0.11562812395868044,1,[0],"[[-0.7369265556335449, 0.04762309417128563], [0.3225383460521698, -0.10556229203939438], [0.11867479234933853, 0.015071640722453594], [-0.05298119783401489, 0.13670678436756134], [-0.03946957737207413, 0.2509779632091522]]",False
early_neutral,5,2655,0.11529490169943352,1,[0],"[[-0.7360823750495911, 0.04642873257398605], [0.31677836179733276, -0.10661067068576813], [0.1065516397356987, 0.016123615205287933], [-0.06309942156076431, 0.13748526573181152], [-0.03946957737207413, 0.2509779632091522]]",False
early_neutral,5,2656,0.1149616794401866,1,[0],"[[-0.7358192801475525, 0.046100638806819916], [0.31136712431907654, -0.10743750631809235], [0.09394571930170059, 0.0170474611222744], [-0.07378862798213959, 0.13817133009433746], [-0.03946957737207413, 0.2509779632091522]]",False
early_neutral,5,2657,0.11462845718093968,1,[0],"[[-0.7330675721168518, 0.046751055866479874], [0.30576661229133606, -0.10820051282644272], [0.08096521347761154, 0.017881056293845177], [-0.08467099815607071, 0.13873089849948883], [-0.039512235671281815, 0.25096598267555237]]",False
early_neutral,5,2658,0.11429523492169277,1,[0],"[[-0.7308555841445923, 0.04729403927922249], [0.3003231883049011, -0.10887685418128967], [0.06768834590911865, 0.018599947914481163], [-0.09621524065732956, 0.139201357960701], [-0.03980951011180878, 0.25088611245155334]]",False
early_neutral,5,2659,0.11396201266244585,1,[0],"[[-0.7302595376968384, 0.04745893180370331], [0.2948884069919586, -0.10954597592353821], [0.054180748760700226, 0.019202960655093193], [-0.10835780203342438, 0.13962221145629883], [-0.040681689977645874, 0.2506544589996338]]",False
early_neutral,5,2660,0.11362879040319894,1,[0],"[[-0.7308710813522339, 0.04732886701822281], [0.2891145646572113, -0.11025329679250717], [0.04049181193113327, 0.019654082134366035], [-0.1209932416677475, 0.13995352387428284], [-0.044231247156858444, 0.24972373247146606]]",False
early_neutral,5,2661,0.11329556814395202,1,[0],"[[-0.731583297252655, 0.04631378501653671], [0.28288695216178894, -0.11099446564912796], [0.026849308982491493, 0.019943594932556152], [-0.13225260376930237, 0.13998515903949738], [-0.049095552414655685, 0.24856910109519958]]",False
early_neutral,5,2662,0.11296234588470509,1,[0],"[[-0.7328110337257385, 0.04386897757649422], [0.2753450572490692, -0.11174433678388596], [0.016097959131002426, 0.01994192786514759], [-0.14132854342460632, 0.13906745612621307], [-0.0550386980175972, 0.24724918603897095]]",False
early_neutral,5,2663,0.11262912362545818,1,[0],"[[-0.7342692613601685, 0.040553927421569824], [0.26658758521080017, -0.11238637566566467], [0.010587246157228947, 0.01948600262403488], [-0.1501902937889099, 0.13748569786548615], [-0.06168307736515999, 0.2456255555152893]]",False
early_neutral,5,2664,0.11229590136621126,1,[0],"[[-0.7383376955986023, 0.03721246123313904], [0.25716128945350647, -0.11299816519021988], [0.006895127240568399, 0.01866363175213337], [-0.15896178781986237, 0.1356995403766632], [-0.06963162869215012, 0.24355769157409668]]",False
early_neutral,5,2665,0.11196267910696435,1,[0],"[[-0.7445195317268372, 0.03410211578011513], [0.2469222992658615, -0.11368119716644287], [0.0031934985890984535, 0.017683688551187515], [-0.16767215728759766, 0.13377085328102112], [-0.07830872386693954, 0.24158835411071777]]",False
early_neutral,5,2666,0.11162945684771743,1,[0],"[[-0.7518596649169922, 0.03078322671353817], [0.23615507781505585, -0.11441394686698914], [-0.0002621214371174574, 0.016635822132229805], [-0.17660000920295715, 0.1318167746067047], [-0.08715593814849854, 0.23997095227241516]]",False
early_neutral,5,2667,0.11129623458847052,1,[0],"[[-0.7601189017295837, 0.027208952233195305], [0.22515635192394257, -0.11516443639993668], [-0.00352749926969409, 0.015606477856636047], [-0.18630991876125336, 0.1298086792230606], [-0.09612859040498734, 0.2386772632598877]]",False
early_neutral,5,2668,0.11096301232922359,1,[0],"[[-0.7689664363861084, 0.023486299440264702], [0.21350976824760437, -0.11596014350652695], [-0.0067649343982338905, 0.014560120180249214], [-0.19659650325775146, 0.12779168784618378], [-0.10518734902143478, 0.23766914010047913]]",False
early_neutral,5,2669,0.11062979006997667,1,[0],"[[-0.7782204151153564, 0.019654041156172752], [0.20128090679645538, -0.11678725481033325], [-0.009885316714644432, 0.013539138250052929], [-0.20707963407039642, 0.12580588459968567], [-0.11444875597953796, 0.23690927028656006]]",False
early_neutral,5,2670,0.11029656781072976,1,[0],"[[-0.7880657315254211, 0.01563119702041149], [0.18857458233833313, -0.11762826889753342], [-0.01300249993801117, 0.012514027766883373], [-0.21821092069149017, 0.12375635653734207], [-0.12453273683786392, 0.23620052635669708]]",False
early_neutral,5,2671,0.10996334555148284,1,[0],"[[-0.7984268069267273, 0.011432399973273277], [0.17661172151565552, -0.11841048300266266], [-0.015773501247167587, 0.010999707505106926], [-0.22990910708904266, 0.12159435451030731], [-0.13540072739124298, 0.23553383350372314]]",False
early_neutral,5,2672,0.10963012329223593,1,[0],"[[-0.809210479259491, 0.0070981187745928764], [0.16925832629203796, -0.11889129132032394], [-0.017599977552890778, 0.009371913969516754], [-0.24205687642097473, 0.11930618435144424], [-0.14698313176631927, 0.23492418229579926]]",False
early_neutral,5,2673,0.109296901032989,1,[0],"[[-0.8187580704689026, 0.00327969528734684], [0.16802190244197845, -0.11896507441997528], [-0.018203455954790115, 0.008805900812149048], [-0.25458359718322754, 0.11697728931903839], [-0.15918175876140594, 0.23446817696094513]]",False
early_neutral,5,2674,0.10896367877374209,1,[0],"[[-0.8243308067321777, 0.001063083065673709], [0.17139407992362976, -0.11868889629840851], [-0.021312372758984566, 0.008670257404446602], [-0.26747554540634155, 0.11478381603956223], [-0.170732319355011, 0.23420745134353638]]",False
early_neutral,5,2675,0.10863045651449517,1,[0],"[[-0.8279660940170288, -0.00037995402817614377], [0.17602810263633728, -0.11829210817813873], [-0.023186830803751945, 0.008344130590558052], [-0.28065305948257446, 0.11271368712186813], [-0.17994891107082367, 0.23422229290008545]]",False
early_neutral,5,2676,0.10829723425524825,1,[0],"[[-0.828289270401001, -0.0005279314937070012], [0.17744053900241852, -0.11800485104322433], [-0.023843053728342056, 0.008161934092640877], [-0.29398465156555176, 0.11056689918041229], [-0.1891344040632248, 0.23442761600017548]]",False
early_neutral,5,2677,0.10796401199600134,1,[0],"[[-0.8283617496490479, -0.0005744060035794973], [0.17694151401519775, -0.11790619045495987], [-0.02393084578216076, 0.008091827854514122], [-0.3073881268501282, 0.10832250118255615], [-0.1983155757188797, 0.2347065657377243]]",False
early_neutral,5,2678,0.10763078973675441,1,[0],"[[-0.8283617496490479, -0.0005744060035794973], [0.17652173340320587, -0.11784038692712784], [-0.023938948288559914, 0.008062204346060753], [-0.3186410963535309, 0.10635063052177429], [-0.20749357342720032, 0.235026553273201]]",False
early_neutral,5,2679,0.1072975674775075,1,[0],"[[-0.8283617496490479, -0.0005744060035794973], [0.17630347609519958, -0.11780613660812378], [-0.02367338538169861, 0.008322501555085182], [-0.3274073898792267, 0.10454986989498138], [-0.2166709452867508, 0.23535415530204773]]",False
early_neutral,5,2680,0.10696434521826058,1,[0],"[[-0.8283617496490479, -0.0005744060035794973], [0.17643100023269653, -0.11781985312700272], [-0.02333851158618927, 0.008653596043586731], [-0.33601072430610657, 0.10245200246572495], [-0.22585095465183258, 0.2356487214565277]]",False
early_neutral,5,2681,0.10663112295901367,1,[0],"[[-0.8283617496490479, -0.0005744060035794973], [0.17694564163684845, -0.11787424981594086], [-0.02298858016729355, 0.008994823321700096], [-0.3442206382751465, 0.09976962208747864], [-0.23503023386001587, 0.23595033586025238]]",False
early_neutral,5,2682,0.10629790069976675,1,[0],"[[-0.8283617496490479, -0.0005744060035794973], [0.17759770154953003, -0.11793631315231323], [-0.02262837439775467, 0.009303386323153973], [-0.35172128677368164, 0.09662791341543198], [-0.24418753385543823, 0.2364589422941208]]",False
early_neutral,5,2683,0.10596467844051982,1,[0],"[[-0.8283617496490479, -0.0005744060035794973], [0.1801784783601761, -0.11789309233427048], [-0.02259955182671547, 0.009331883862614632], [-0.35544779896736145, 0.09331271052360535], [-0.25330767035484314, 0.23719842731952667]]",False
early_neutral,5,2684,0.10563145618127291,1,[0],"[[-0.8283617496490479, -0.0005744060035794973], [0.18474626541137695, -0.11779529601335526], [-0.02259955182671547, 0.009331883862614632], [-0.3557737171649933, 0.08915198594331741], [-0.26240724325180054, 0.23804053664207458]]",False
early_neutral,5,2685,0.10529823392202599,1,[0],"[[-0.8304669857025146, -0.0004867969255428761], [0.19063584506511688, -0.11774355918169022], [-0.022428084164857864, 0.00942909624427557], [-0.35358354449272156, 0.08545408397912979], [-0.2715003192424774, 0.23891212046146393]]",True
early_neutral,5,2686,0.10496501166277908,1,[0],"[[-0.834626317024231, -0.0001406841620337218], [0.19751274585723877, -0.1176924929022789], [-0.0227692648768425, 0.009769419208168983], [-0.3491308391094208, 0.08266938477754593], [-0.2793557345867157, 0.23967033624649048]]",True
early_neutral,5,2687,0.10463178940353215,1,[0],"[[-0.8389976024627686, 0.0004116129712201655], [0.2052360624074936, -0.11758136749267578], [-0.024697063490748405, 0.009940526448190212], [-0.34364256262779236, 0.0802592784166336], [-0.28573429584503174, 0.24021759629249573]]",True
early_neutral,5,2688,0.10429856714428523,1,[0],"[[-0.8401135206222534, 0.0005110249039717019], [0.21335147321224213, -0.11739348620176315], [-0.027885448187589645, 0.009976095519959927], [-0.3367195129394531, 0.07792819291353226], [-0.2918025255203247, 0.24068231880664825]]",True
early_neutral,5,2689,0.10396534488503832,1,[0],"[[-0.8402225971221924, 0.0005215375567786396], [0.22244380414485931, -0.11721029132604599], [-0.031558241695165634, 0.009937302209436893], [-0.32835179567337036, 0.07593477517366409], [-0.29344800114631653, 0.24080602824687958]]",True
early_neutral,5,2690,0.1036321226257914,1,[0],"[[-0.8370714783668518, 0.0007205226575024426], [0.232344850897789, -0.11708109080791473], [-0.03484291583299637, 0.009909539483487606], [-0.3195158541202545, 0.0742897167801857], [-0.29344800114631653, 0.24080602824687958]]",True
early_neutral,5,2691,0.10329890036654449,1,[0],"[[-0.8327067494392395, 0.0012045606272295117], [0.24296781420707703, -0.11700178682804108], [-0.03871023282408714, 0.009629271924495697], [-0.3105791211128235, 0.07289416342973709], [-0.29137635231018066, 0.24058878421783447]]",False
early_neutral,5,2692,0.10296567810729756,1,[0],"[[-0.8282177448272705, 0.0019702832214534283], [0.2538761794567108, -0.11697764694690704], [-0.043268732726573944, 0.009032117202877998], [-0.30289846658706665, 0.07182583957910538], [-0.2871047258377075, 0.24019403755664825]]",False
early_neutral,5,2693,0.10263245584805065,1,[0],"[[-0.8238823413848877, 0.003470468334853649], [0.26543813943862915, -0.11700455844402313], [-0.046714238822460175, 0.008580761961638927], [-0.30056557059288025, 0.07146089524030685], [-0.2817003130912781, 0.23976489901542664]]",False
early_neutral,5,2694,0.10229923358880373,1,[0],"[[-0.8227380514144897, 0.0043188948184251785], [0.27760252356529236, -0.11704973131418228], [-0.04773727059364319, 0.008446745574474335], [-0.30056557059288025, 0.07146089524030685], [-0.2780553698539734, 0.23948165774345398]]",False
early_neutral,5,2695,0.10196601132955681,1,[0],"[[-0.8257982730865479, 0.004659843165427446], [0.2898569703102112, -0.117092564702034], [-0.04773727059364319, 0.008446745574474335], [-0.30056557059288025, 0.07146089524030685], [-0.27804043889045715, 0.23948103189468384]]",False
early_neutral,5,2696,0.1016327890703099,1,[0],"[[-0.8294157385826111, 0.0054025352001190186], [0.3009919822216034, -0.1171266958117485], [-0.04773727059364319, 0.008446745574474335], [-0.30056557059288025, 0.07146089524030685], [-0.2814615070819855, 0.23978585004806519]]",False
early_neutral,5,2697,0.10129956681106297,1,[0],"[[-0.8305055499076843, 0.006318942178040743], [0.3078317940235138, -0.11721239238977432], [-0.04773727059364319, 0.008446745574474335], [-0.298772394657135, 0.0721469596028328], [-0.286191463470459, 0.24027204513549805]]",False
early_neutral,5,2698,0.10096634455181606,1,[0],"[[-0.8307626247406006, 0.007138777058571577], [0.3122498095035553, -0.11772704124450684], [-0.04773727059364319, 0.008446745574474335], [-0.2949216067790985, 0.07326031476259232], [-0.2922462821006775, 0.2409380078315735]]",False
early_neutral,5,2699,0.10063312229256914,1,[0],"[[-0.8307626843452454, 0.007225546054542065], [0.3138372600078583, -0.117988720536232], [-0.04773727059364319, 0.008446745574474335], [-0.2895735204219818, 0.07429239153862], [-0.29858165979385376, 0.24166752398014069]]",False
early_neutral,5,2700,0.10029990003332223,1,[0],"[[-0.8307627439498901, 0.007321175187826157], [0.3133922815322876, -0.11822384595870972], [-0.04773727059364319, 0.008446745574474335], [-0.2832799255847931, 0.07514722645282745], [-0.30490967631340027, 0.24240829050540924]]",False
early_neutral,5,2701,0.09996667777407531,1,[0],"[[-0.8307626843452454, 0.007390724960714579], [0.31197017431259155, -0.11900844424962997], [-0.04773727059364319, 0.008446745574474335], [-0.2768888771533966, 0.07569023221731186], [-0.31109219789505005, 0.24311967194080353]]",False
early_neutral,5,2702,0.09963345551482838,1,[0],"[[-0.8307624459266663, 0.007459572516381741], [0.3104437589645386, -0.1199532002210617], [-0.04773727059364319, 0.008446745574474335], [-0.2696375548839569, 0.0760132446885109], [-0.3174310326576233, 0.24383649230003357]]",False
early_neutral,5,2703,0.09930023325558147,1,[0],"[[-0.8307622671127319, 0.007517551071941853], [0.30900973081588745, -0.12104266881942749], [-0.04773727059364319, 0.008446745574474335], [-0.26118379831314087, 0.07609004527330399], [-0.32377520203590393, 0.24451805651187897]]",False
early_neutral,5,2704,0.09896701099633455,1,[0],"[[-0.8307620286941528, 0.00755739351734519], [0.3079666793346405, -0.12216783314943314], [-0.04773727059364319, 0.008446745574474335], [-0.2520161271095276, 0.07588318735361099], [-0.32998237013816833, 0.24509409070014954]]",False
early_neutral,5,2705,0.09863378873708764,1,[0],"[[-0.830810546875, 0.007528414484113455], [0.3075096607208252, -0.12262846529483795], [-0.04773727059364319, 0.008446745574474335], [-0.24284684658050537, 0.07547438144683838], [-0.3363705277442932, 0.2455911636352539]]",False
early_neutral,5,2706,0.09830056647784072,1,[0],"[[-0.8316514492034912, 0.0073973555117845535], [0.305095911026001, -0.1225270926952362], [-0.04773727059364319, 0.008446745574474335], [-0.23397140204906464, 0.07490329444408417], [-0.3427717685699463, 0.24598993360996246]]",False
early_neutral,5,2707,0.09796734421859381,1,[0],"[[-0.8333508968353271, 0.007727335672825575], [0.30100521445274353, -0.12216507643461227], [-0.04773727059364319, 0.008446745574474335], [-0.2292052060365677, 0.07463047653436661], [-0.34904178977012634, 0.24626435339450836]]",False
early_neutral,5,2708,0.09763412195934688,1,[0],"[[-0.8342372179031372, 0.00809983629733324], [0.29653990268707275, -0.1218855008482933], [-0.04773727059364319, 0.008446745574474335], [-0.22898077964782715, 0.07461962848901749], [-0.3554508686065674, 0.2464223951101303]]",False
early_neutral,5,2709,0.09730089970009996,1,[0],"[[-0.8347686529159546, 0.008470031432807446], [0.2956409454345703, -0.12183262407779694], [-0.04773727059364319, 0.008446745574474335], [-0.2313305288553238, 0.07422837615013123], [-0.3618839979171753, 0.2464635968208313]]",False
early_neutral,5,2710,0.09696767744085305,1,[0],"[[-0.8351402878761292, 0.008798731490969658], [0.2956409454345703, -0.12183262407779694], [-0.04773727059364319, 0.008446745574474335], [-0.2358819991350174, 0.07355589419603348], [-0.3682393431663513, 0.24643906950950623]]",False
early_neutral,5,2711,0.09663445518160613,1,[0],"[[-0.8331039547920227, 0.008834066800773144], [0.2956409454345703, -0.12183262407779694], [-0.04871484637260437, 0.008416824974119663], [-0.24165646731853485, 0.07281199842691422], [-0.3745887875556946, 0.2463633418083191]]",False
early_neutral,5,2712,0.09630123292235922,1,[0],"[[-0.8309349417686462, 0.008838249370455742], [0.2956409454345703, -0.12183262407779694], [-0.052723631262779236, 0.008035499602556229], [-0.2466239184141159, 0.07163716852664948], [-0.3810192942619324, 0.24623462557792664]]",False
early_neutral,5,2713,0.0959680106631123,1,[0],"[[-0.8290583491325378, 0.008841868489980698], [0.29417136311531067, -0.12171895802021027], [-0.057995881885290146, 0.007005344610661268], [-0.24925817549228668, 0.07056479901075363], [-0.38740235567092896, 0.246004119515419]]",False
early_neutral,5,2714,0.09563478840386538,1,[0],"[[-0.8278763294219971, 0.008844147436320782], [0.2903122007846832, -0.121657595038414], [-0.0644175186753273, 0.005398498382419348], [-0.247074156999588, 0.07022929191589355], [-0.39367783069610596, 0.2456464320421219]]",False
early_neutral,5,2715,0.09530156614461846,1,[0],"[[-0.8270803093910217, 0.008845683187246323], [0.2851947844028473, -0.12202058732509613], [-0.07206463068723679, 0.0036068549379706383], [-0.2432193160057068, 0.06927387416362762], [-0.40006598830223083, 0.24514979124069214]]",False
early_neutral,5,2716,0.09496834388537154,1,[0],"[[-0.824390172958374, 0.008912262506783009], [0.27910128235816956, -0.12268124520778656], [-0.08074208348989487, 0.0017475340282544494], [-0.23798692226409912, 0.0683758407831192], [-0.4064391255378723, 0.24461768567562103]]",False
early_neutral,5,2717,0.09463512162612463,1,[0],"[[-0.8198218941688538, 0.009223741479218006], [0.2716476619243622, -0.12356618791818619], [-0.09004634618759155, 4.96558022859972e-05], [-0.2313171774148941, 0.0676080733537674], [-0.41267895698547363, 0.2441769242286682]]",False
early_neutral,5,2718,0.0943018993668777,1,[0],"[[-0.8143455386161804, 0.009849746711552143], [0.26272085309028625, -0.12472131848335266], [-0.10025262832641602, -0.0015042125014588237], [-0.22370275855064392, 0.06704127043485641], [-0.41908735036849976, 0.24380581080913544]]",False
early_neutral,5,2719,0.0939686771076308,1,[0],"[[-0.8096326589584351, 0.009976397268474102], [0.25321272015571594, -0.12603262066841125], [-0.11071234196424484, -0.0030474592931568623], [-0.2151322066783905, 0.06648296117782593], [-0.42550304532051086, 0.24351558089256287]]",False
early_neutral,5,2720,0.09363545484838387,1,[0],"[[-0.8071459531784058, 0.009749091230332851], [0.24293267726898193, -0.12752798199653625], [-0.12157722562551498, -0.004743821918964386], [-0.2058379054069519, 0.06595034897327423], [-0.4317663013935089, 0.24331101775169373]]",False
early_neutral,5,2721,0.09330223258913696,1,[0],"[[-0.8084707260131836, 0.00851444248110056], [0.23242582380771637, -0.12917092442512512], [-0.13299615681171417, -0.006642513442784548], [-0.19576729834079742, 0.06539279222488403], [-0.43819698691368103, 0.24318206310272217]]",False
early_neutral,5,2722,0.09296901032989004,1,[0],"[[-0.810919463634491, 0.006252462975680828], [0.22135846316814423, -0.13102596998214722], [-0.14477846026420593, -0.009004843421280384], [-0.18492403626441956, 0.06480222940444946], [-0.4448355436325073, 0.2431471198797226]]",False
early_neutral,5,2723,0.09263578807064311,1,[0],"[[-0.814519464969635, 0.0037944894284009933], [0.20971934497356415, -0.13303795456886292], [-0.1567225307226181, -0.011932646855711937], [-0.1740281730890274, 0.06421362608671188], [-0.4526442587375641, 0.24330466985702515]]",False
early_neutral,5,2724,0.0923025658113962,1,[0],"[[-0.8186760544776917, 0.0017057651421055198], [0.19756710529327393, -0.1351359635591507], [-0.168807715177536, -0.01522968802601099], [-0.16390350461006165, 0.06366772204637527], [-0.46150338649749756, 0.24373286962509155]]",False
early_neutral,5,2725,0.09196934355214928,1,[0],"[[-0.8213099837303162, 0.0005124586750753224], [0.18501043319702148, -0.1373009979724884], [-0.180918350815773, -0.018915439024567604], [-0.15443576872348785, 0.0631580576300621], [-0.4683454632759094, 0.24421803653240204]]",False
early_neutral,5,2726,0.09163612129290237,1,[0],"[[-0.8228915333747864, -0.0004062569933012128], [0.17213840782642365, -0.13951894640922546], [-0.19318699836730957, -0.022696636617183685], [-0.14419850707054138, 0.06260716170072556], [-0.47470927238464355, 0.24483263492584229]]",False
early_neutral,5,2727,0.09130289903365545,1,[0],"[[-0.8231291174888611, -0.0005682087503373623], [0.15902183949947357, -0.14177754521369934], [-0.20586341619491577, -0.02613505907356739], [-0.13330437242984772, 0.062021102756261826], [-0.4794958531856537, 0.24538874626159668]]",False
early_neutral,5,2728,0.09096967677440854,1,[0],"[[-0.8231291174888611, -0.0005682087503373623], [0.14572137594223022, -0.14407861232757568], [-0.21841852366924286, -0.029142994433641434], [-0.12249767035245895, 0.06143982335925102], [-0.48014673590660095, 0.24547958374023438]]",False
early_neutral,5,2729,0.09063645451516161,1,[0],"[[-0.8231291174888611, -0.0005682087503373623], [0.13228490948677063, -0.1464250236749649], [-0.2282545268535614, -0.03088492527604103], [-0.11267825216054916, 0.06091167405247688], [-0.48019787669181824, 0.24529235064983368]]",False
early_neutral,5,2730,0.09030323225591469,1,[0],"[[-0.8231291174888611, -0.0005682087503373623], [0.11875279992818832, -0.14882604777812958], [-0.2373437136411667, -0.031523674726486206], [-0.10311221331357956, 0.06039715185761452], [-0.4805200695991516, 0.24311749637126923]]",False
early_neutral,5,2731,0.08997000999666778,1,[0],"[[-0.8231291174888611, -0.0005682087503373623], [0.10517027229070663, -0.15132127702236176], [-0.2432853877544403, -0.03195883333683014], [-0.09278391301631927, 0.05984194576740265], [-0.4804348647594452, 0.23994313180446625]]",False
early_neutral,5,2732,0.08963678773742086,1,[0],"[[-0.8231291174888611, -0.0005682087503373623], [0.09155557304620743, -0.1539006233215332], [-0.2445792406797409, -0.03214787319302559], [-0.0821584165096283, 0.05927273631095886], [-0.47966739535331726, 0.23588313162326813]]",False
early_neutral,5,2733,0.08930356547817395,1,[0],"[[-0.8231291174888611, -0.0005682087503373623], [0.0778811126947403, -0.15646414458751678], [-0.2433004230260849, -0.031800128519535065], [-0.07237377762794495, 0.058755602687597275], [-0.4780219495296478, 0.2310411036014557]]",False
early_neutral,5,2734,0.08897034321892702,1,[0],"[[-0.8231291174888611, -0.0005682087503373623], [0.06414631009101868, -0.15898127853870392], [-0.23962481319904327, -0.0307600237429142], [-0.06289065629243851, 0.0582609623670578], [-0.4752798080444336, 0.2255980223417282]]",False
early_neutral,5,2735,0.08863712095968011,1,[0],"[[-0.8231291174888611, -0.0005682087503373623], [0.050362855195999146, -0.16145575046539307], [-0.23471234738826752, -0.02930479124188423], [-0.053845446556806564, 0.05860182270407677], [-0.47191542387008667, 0.22003298997879028]]",False
early_neutral,5,2736,0.08830389870043319,1,[0],"[[-0.8231291174888611, -0.0005682087503373623], [0.03654073551297188, -0.1638929545879364], [-0.22846747934818268, -0.027640240266919136], [-0.04643664136528969, 0.058721788227558136], [-0.46810492873191833, 0.2145974338054657]]",False
early_neutral,5,2737,0.08797067644118627,1,[0],"[[-0.8231291174888611, -0.0005682087503373623], [0.02311558835208416, -0.16622395813465118], [-0.22089442610740662, -0.025983043015003204], [-0.04025658592581749, 0.05827907845377922], [-0.4638189673423767, 0.21104796230793]]",False
early_neutral,5,2738,0.08763745418193936,1,[0],"[[-0.8231291174888611, -0.0005682087503373623], [0.013028214685618877, -0.1679721474647522], [-0.2121623009443283, -0.024379996582865715], [-0.03347638621926308, 0.0577922984957695], [-0.4593430459499359, 0.2110576331615448]]",False
early_neutral,5,2739,0.08730423192269243,1,[0],"[[-0.8231291174888611, -0.0005682087503373623], [0.008316949009895325, -0.16878840327262878], [-0.2024904489517212, -0.022746846079826355], [-0.026736097410321236, 0.05727816000580788], [-0.4540237486362457, 0.21256113052368164]]",False
early_neutral,5,2740,0.08697100966344552,1,[0],"[[-0.8231291174888611, -0.0005682087503373623], [0.009618393145501614, -0.16859175264835358], [-0.19210827350616455, -0.021163759753108025], [-0.019801313057541847, 0.05673254653811455], [-0.44742679595947266, 0.2143975794315338]]",False
early_neutral,5,2741,0.0866377874041986,1,[0],"[[-0.8231291174888611, -0.0005682087503373623], [0.013708371669054031, -0.1681458204984665], [-0.18151399493217468, -0.019771618768572807], [-0.012866520322859287, 0.05618693307042122], [-0.43964001536369324, 0.21648436784744263]]",True
early_neutral,5,2742,0.08630456514495169,1,[0],"[[-0.8231291174888611, -0.0005682087503373623], [0.019201839342713356, -0.16774766147136688], [-0.17026208341121674, -0.018504483625292778], [-0.007527494803071022, 0.05671592429280281], [-0.4310307204723358, 0.21855466067790985]]",True
early_neutral,5,2743,0.08597134288570477,1,[0],"[[-0.8231291174888611, -0.0005682087503373623], [0.02604123391211033, -0.16716066002845764], [-0.15838740766048431, -0.01732170581817627], [-0.005136091262102127, 0.05639484152197838], [-0.42228057980537415, 0.22038356959819794]]",True
early_neutral,5,2744,0.08563812062645784,1,[0],"[[-0.8231291174888611, -0.0005682087503373623], [0.033733077347278595, -0.16636335849761963], [-0.1459677815437317, -0.016329964622855186], [-0.0028315368108451366, 0.05490077659487724], [-0.4134259819984436, 0.22198620438575745]]",False
early_neutral,5,2745,0.08530489836721093,1,[0],"[[-0.8231291174888611, -0.0005682087503373623], [0.04002801701426506, -0.1655004769563675], [-0.13311131298542023, -0.015586880967020988], [0.0022706249728798866, 0.053386837244033813], [-0.40449076890945435, 0.22338652610778809]]",False
early_neutral,5,2746,0.08497167610796401,1,[0],"[[-0.8231291174888611, -0.0005682087503373623], [0.04624447226524353, -0.16442330181598663], [-0.11990121006965637, -0.015385724604129791], [0.00894917082041502, 0.05200357362627983], [-0.3954898715019226, 0.2245962768793106]]",False
early_neutral,5,2747,0.0846384538487171,1,[0],"[[-0.8231291174888611, -0.0005682087503373623], [0.05291595309972763, -0.16320137679576874], [-0.10646156221628189, -0.01580660790205002], [0.016445931047201157, 0.05073285102844238], [-0.38645151257514954, 0.22568194568157196]]",True
early_neutral,5,2748,0.08430523158947018,1,[0],"[[-0.8231291174888611, -0.0005682087503373623], [0.060833074152469635, -0.16194401681423187], [-0.09288918972015381, -0.016698099672794342], [0.022300204262137413, 0.049540311098098755], [-0.37738236784935, 0.22665263712406158]]",True
early_neutral,5,2749,0.08397200933022327,1,[0],"[[-0.8231291174888611, -0.0005682087503373623], [0.0689849928021431, -0.16082251071929932], [-0.08079826086759567, -0.01778007484972477], [0.02576989307999611, 0.048673681914806366], [-0.36875247955322266, 0.2275306135416031]]",False
early_neutral,5,2750,0.08363878707097634,1,[0],"[[-0.8231291174888611, -0.0005682087503373623], [0.07538953423500061, -0.1601402461528778], [-0.07166153192520142, -0.018898067995905876], [0.028562461957335472, 0.047573309391736984], [-0.36389097571372986, 0.22891058027744293]]",False
early_neutral,5,2751,0.08330556481172942,1,[0],"[[-0.8232340216636658, -4.5330365537665784e-05], [0.08177085220813751, -0.15963858366012573], [-0.06312806159257889, -0.02038213424384594], [0.03047563135623932, 0.04681945592164993], [-0.36051157116889954, 0.23121729493141174]]",False
early_neutral,5,2752,0.08297234255248251,1,[0],"[[-0.8239714503288269, 0.0023075430653989315], [0.08815909922122955, -0.15920227766036987], [-0.058724988251924515, -0.02300615981221199], [0.0318354032933712, 0.04628366231918335], [-0.35705095529556274, 0.23375304043293]]",False
early_neutral,5,2753,0.08263912029323559,1,[0],"[[-0.8254900574684143, 0.005469968542456627], [0.09453991800546646, -0.15880480408668518], [-0.05850750580430031, -0.026954567059874535], [0.032297369092702866, 0.04618309065699577], [-0.35357189178466797, 0.2362935096025467]]",False
early_neutral,5,2754,0.08230589803398868,1,[0],"[[-0.8276693224906921, 0.009449092671275139], [0.1009211540222168, -0.1584157645702362], [-0.05915924161672592, -0.031723253428936005], [0.03005318157374859, 0.04733361676335335], [-0.350085973739624, 0.23883002996444702]]",False
early_neutral,5,2755,0.08197267577474175,1,[0],"[[-0.8302883505821228, 0.014232493005692959], [0.10730995237827301, -0.15801742672920227], [-0.060170333832502365, -0.037249065935611725], [0.026100367307662964, 0.04885876178741455], [-0.3470346927642822, 0.24104462563991547]]",False
early_neutral,5,2756,0.08163945351549484,1,[0],"[[-0.8332598805427551, 0.0197028499096632], [0.11369674652814865, -0.15760302543640137], [-0.06090429052710533, -0.04239799454808235], [0.020698251202702522, 0.050636887550354004], [-0.3440835773944855, 0.24318403005599976]]",False
early_neutral,5,2757,0.08130623125624792,1,[0],"[[-0.8364275097846985, 0.025684446096420288], [0.12006968259811401, -0.15707670152187347], [-0.05856876075267792, -0.04622933268547058], [0.014006546698510647, 0.05269817262887955], [-0.3409937918186188, 0.2454216331243515]]",False
early_neutral,5,2758,0.080973008997001,1,[0],"[[-0.8397917151451111, 0.032183047384023666], [0.12642121315002441, -0.1564353108406067], [-0.054561108350753784, -0.04944653436541557], [0.006145347375422716, 0.05496518313884735], [-0.33784565329551697, 0.24764461815357208]]",False
early_neutral,5,2759,0.08063978673775409,1,[0],"[[-0.84316486120224, 0.038869570940732956], [0.13274699449539185, -0.15568770468235016], [-0.0490402989089489, -0.05088363587856293], [-0.0026543044950813055, 0.0574670284986496], [-0.3349109888076782, 0.2476714551448822]]",False
early_neutral,5,2760,0.08030656447850716,1,[0],"[[-0.8466492891311646, 0.04595251753926277], [0.13906154036521912, -0.15489999949932098], [-0.04272108152508736, -0.05101281404495239], [-0.012233711779117584, 0.06016796454787254], [-0.33048391342163086, 0.24756114184856415]]",False
early_neutral,5,2761,0.07997334221926025,1,[0],"[[-0.8502545952796936, 0.053418274968862534], [0.1453629434108734, -0.1540680080652237], [-0.0362328365445137, -0.05079564452171326], [-0.022038955241441727, 0.06296155601739883], [-0.3254125416278839, 0.2475052922964096]]",False
early_neutral,5,2762,0.07964011996001333,1,[0],"[[-0.8539268374443054, 0.061216749250888824], [0.15165546536445618, -0.15320906043052673], [-0.02938135527074337, -0.050515685230493546], [-0.03231872245669365, 0.0659380778670311], [-0.32377302646636963, 0.24675926566123962]]",False
early_neutral,5,2763,0.0793068977007664,1,[0],"[[-0.8576235771179199, 0.06927917897701263], [0.15794329345226288, -0.1523359715938568], [-0.021709997206926346, -0.050145745277404785], [-0.04303804785013199, 0.06925427168607712], [-0.3210175633430481, 0.24593934416770935]]",False
early_neutral,5,2764,0.0789736754415195,1,[0],"[[-0.8613309860229492, 0.07754639536142349], [0.16421504318714142, -0.15141496062278748], [-0.013217680156230927, -0.04964902624487877], [-0.053524307906627655, 0.0735664963722229], [-0.31650739908218384, 0.24554213881492615]]",False
early_neutral,5,2765,0.07864045318227257,1,[0],"[[-0.8649966716766357, 0.0859791487455368], [0.17047478258609772, -0.15045961737632751], [-0.004007878713309765, -0.04871257767081261], [-0.06338562816381454, 0.07892004400491714], [-0.30960169434547424, 0.2456178367137909]]",False
early_neutral,5,2766,0.07830723092302566,1,[0],"[[-0.8677674531936646, 0.09329899400472641], [0.17671345174312592, -0.14944584667682648], [0.005848458036780357, -0.04720237851142883], [-0.07324301451444626, 0.08461720496416092], [-0.3022640347480774, 0.24581216275691986]]",False
early_neutral,5,2767,0.07797400866377874,1,[0],"[[-0.8690404891967773, 0.09748328477144241], [0.18292206525802612, -0.1483544558286667], [0.014976903796195984, -0.04549938812851906], [-0.08316336572170258, 0.09052371233701706], [-0.29482582211494446, 0.24618540704250336]]",False
early_neutral,5,2768,0.07764078640453183,1,[0],"[[-0.8680894374847412, 0.09813637286424637], [0.18910080194473267, -0.14719133079051971], [0.023696374148130417, -0.043609295040369034], [-0.09320829063653946, 0.09653699398040771], [-0.2902328372001648, 0.24630048871040344]]",True
early_neutral,5,2769,0.0773075641452849,1,[0],"[[-0.8644394278526306, 0.09754328429698944], [0.19525817036628723, -0.14598016440868378], [0.03172809258103371, -0.04176470264792442], [-0.10344617813825607, 0.10256322473287582], [-0.2863551676273346, 0.24655310809612274]]",True
early_neutral,5,2770,0.07697434188603798,1,[0],"[[-0.8595393896102905, 0.09626588225364685], [0.20140129327774048, -0.14473849534988403], [0.03802289813756943, -0.04201659560203552], [-0.11385989189147949, 0.10857830941677094], [-0.2856607437133789, 0.24659813940525055]]",True
early_neutral,5,2771,0.07664111962679107,1,[0],"[[-0.853553295135498, 0.09425478428602219], [0.2075260728597641, -0.1434594988822937], [0.043878015130758286, -0.043741364032030106], [-0.12448244541883469, 0.11452838033437729], [-0.2858339548110962, 0.24805426597595215]]",True
early_neutral,5,2772,0.07630789736754415,1,[0],"[[-0.846802830696106, 0.09138897061347961], [0.21364083886146545, -0.14216139912605286], [0.049760445952415466, -0.045433610677719116], [-0.1352960169315338, 0.12040221691131592], [-0.2821997404098511, 0.2483481764793396]]",True
early_neutral,5,2773,0.07597467510829724,1,[0],"[[-0.8392556309700012, 0.08797561377286911], [0.21974338591098785, -0.14083980023860931], [0.05585399270057678, -0.04677269980311394], [-0.14622129499912262, 0.12624281644821167], [-0.27703338861465454, 0.2484254240989685]]",True
early_neutral,5,2774,0.07564145284905031,1,[0],"[[-0.8305445313453674, 0.08461754024028778], [0.22583602368831635, -0.13950009644031525], [0.06055255979299545, -0.04758574441075325], [-0.157221719622612, 0.13206538558006287], [-0.27049070596694946, 0.24845987558364868]]",True
early_neutral,5,2775,0.0753082305898034,1,[0],"[[-0.8208826184272766, 0.0815044492483139], [0.2319231778383255, -0.13815097510814667], [0.06119820475578308, -0.047690898180007935], [-0.16822127997875214, 0.1379203051328659], [-0.26391980051994324, 0.24954305589199066]]",True
early_neutral,5,2776,0.07497500833055648,1,[0],"[[-0.810832679271698, 0.07873653620481491], [0.2379976361989975, -0.13677887618541718], [0.060965534299612045, -0.04748329520225525], [-0.17909234762191772, 0.14389969408512115], [-0.2553829550743103, 0.2498530149459839]]",True
early_neutral,5,2777,0.07464178607130956,1,[0],"[[-0.8000150322914124, 0.07617251574993134], [0.244069904088974, -0.13540416955947876], [0.05876505747437477, -0.04553917422890663], [-0.18962183594703674, 0.1498635709285736], [-0.24611923098564148, 0.24984751641750336]]",True
early_neutral,5,2778,0.07430856381206265,1,[0],"[[-0.7903974056243896, 0.07433371245861053], [0.24959154427051544, -0.13398590683937073], [0.05563505366444588, -0.04281677305698395], [-0.1978640854358673, 0.15446607768535614], [-0.23677529394626617, 0.24979253113269806]]",True
early_neutral,5,2779,0.07397534155281572,1,[0],"[[-0.7808681130409241, 0.07304229587316513], [0.25281018018722534, -0.13282029330730438], [0.05176563933491707, -0.03932829573750496], [-0.2049952745437622, 0.1582392007112503], [-0.22740814089775085, 0.24971257150173187]]",True
early_neutral,5,2780,0.07364211929356881,1,[0],"[[-0.7728769779205322, 0.07229497283697128], [0.25408631563186646, -0.13218407332897186], [0.04766650125384331, -0.03494567796587944], [-0.2106582224369049, 0.16104087233543396], [-0.21776777505874634, 0.24992921948432922]]",True
early_neutral,5,2781,0.07330889703432189,1,[0],"[[-0.7675092816352844, 0.07216021418571472], [0.25133639574050903, -0.13203968107700348], [0.04368814826011658, -0.029724443331360817], [-0.21601316332817078, 0.1633605659008026], [-0.2084953486919403, 0.2499396651983261]]",True
early_neutral,5,2782,0.07297567477507498,1,[0],"[[-0.7624590396881104, 0.07230507582426071], [0.24641115963459015, -0.13203836977481842], [0.040138304233551025, -0.02420857734978199], [-0.22052855789661407, 0.16512416303157806], [-0.19904690980911255, 0.25021257996559143]]",True
early_neutral,5,2783,0.07264245251582806,1,[0],"[[-0.7585601210594177, 0.07253339141607285], [0.24047861993312836, -0.13210351765155792], [0.03708941861987114, -0.01856725662946701], [-0.2210218608379364, 0.1653105616569519], [-0.18954156339168549, 0.25055208802223206]]",True
early_neutral,5,2784,0.07230923025658113,1,[0],"[[-0.7546744346618652, 0.07284317910671234], [0.23438118398189545, -0.13227561116218567], [0.03394141048192978, -0.012950610369443893], [-0.2210218608379364, 0.1653105616569519], [-0.18033911287784576, 0.25055089592933655]]",True
early_neutral,5,2785,0.07197600799733422,1,[0],"[[-0.7500807046890259, 0.0732475146651268], [0.22796306014060974, -0.1325661987066269], [0.029971756041049957, -0.007558914832770824], [-0.2210218608379364, 0.1653105616569519], [-0.1717974841594696, 0.25081121921539307]]",True
early_neutral,5,2786,0.0716427857380873,1,[0],"[[-0.7449727654457092, 0.07365952432155609], [0.22155596315860748, -0.1329442858695984], [0.025249846279621124, -0.002429581480100751], [-0.2210218608379364, 0.1653105616569519], [-0.1649976670742035, 0.2509777843952179]]",True
early_neutral,5,2787,0.07130956347884039,1,[0],"[[-0.740547239780426, 0.07398825138807297], [0.21531188488006592, -0.13334447145462036], [0.019971009343862534, 0.0024650078266859055], [-0.2203088253736496, 0.1665547788143158], [-0.15950454771518707, 0.25006425380706787]]",True
early_neutral,5,2788,0.07097634121959347,1,[0],"[[-0.7371421456336975, 0.07407911866903305], [0.20891377329826355, -0.13378477096557617], [0.014185452833771706, 0.007110845297574997], [-0.2195221185684204, 0.1680268496274948], [-0.1559017300605774, 0.247863307595253]]",True
early_neutral,5,2789,0.07064311896034656,1,[0],"[[-0.7354692816734314, 0.07382502406835556], [0.20251938700675964, -0.1342473030090332], [0.00808325968682766, 0.011583037674427032], [-0.2195221185684204, 0.1680268496274948], [-0.15374067425727844, 0.2442886233329773]]",True
early_neutral,5,2790,0.07030989670109963,1,[0],"[[-0.7368130087852478, 0.0720883309841156], [0.1962624043226242, -0.13468430936336517], [0.0017687591025605798, 0.015928642824292183], [-0.2195221185684204, 0.1680268496274948], [-0.15378697216510773, 0.23951393365859985]]",True
early_neutral,5,2791,0.06997667444185271,1,[0],"[[-0.7381700277328491, 0.06994796544313431], [0.18988032639026642, -0.1351088583469391], [-0.004720109980553389, 0.02024235762655735], [-0.2195221185684204, 0.1680268496274948], [-0.15352241694927216, 0.23400311172008514]]",True
early_neutral,5,2792,0.0696434521826058,1,[0],"[[-0.7413801550865173, 0.06756564974784851], [0.18347668647766113, -0.13551367819309235], [-0.011495898477733135, 0.024877775460481644], [-0.2195221185684204, 0.1680268496274948], [-0.15213769674301147, 0.2284938246011734]]",True
early_neutral,5,2793,0.06931022992335888,1,[0],"[[-0.7458329796791077, 0.0648236870765686], [0.17714643478393555, -0.13589219748973846], [-0.018673241138458252, 0.029949428513646126], [-0.2195221185684204, 0.1680268496274948], [-0.15340854227542877, 0.2223440408706665]]",True
early_neutral,5,2794,0.06897700766411197,1,[0],"[[-0.7486739158630371, 0.061404041945934296], [0.17081883549690247, -0.1362484246492386], [-0.025787988677620888, 0.03519550338387489], [-0.21954195201396942, 0.16801084578037262], [-0.15351401269435883, 0.21631164848804474]]",True
early_neutral,5,2795,0.06864378540486504,1,[1],"[[-0.7503839731216431, 0.05748656764626503], [0.16440613567829132, -0.13658738136291504], [-0.03308861702680588, 0.04080608859658241], [-0.22125446796417236, 0.16659097373485565], [-0.15340587496757507, 0.2104482203722]]",True
early_neutral,5,2796,0.06831056314561813,1,[1],"[[-0.7521037459373474, 0.05387172847986221], [0.15802061557769775, -0.13690701127052307], [-0.04068377986550331, 0.04676741734147072], [-0.2239147126674652, 0.16430151462554932], [-0.15380443632602692, 0.20443448424339294]]",True
early_neutral,5,2797,0.06797734088637121,1,[1],"[[-0.7534874081611633, 0.05053958296775818], [0.15173348784446716, -0.1372062712907791], [-0.04858962818980217, 0.05300310626626015], [-0.22731147706508636, 0.1613359898328781], [-0.15534767508506775, 0.19857345521450043]]",True
early_neutral,5,2798,0.06764411862712429,1,[1],"[[-0.7546253800392151, 0.0472070537507534], [0.14531512558460236, -0.1374962478876114], [-0.0567573718726635, 0.05944712832570076], [-0.22889700531959534, 0.15982970595359802], [-0.15558677911758423, 0.1921241730451584]]",True
early_neutral,5,2799,0.06731089636787738,1,[1],"[[-0.7555339336395264, 0.04399855062365532], [0.13828346133232117, -0.13779950141906738], [-0.06537996977567673, 0.06591669470071793], [-0.22893758118152618, 0.15978051722049713], [-0.15550470352172852, 0.18535153567790985]]",True
early_neutral,5,2800,0.06697767410863045,1,[1],"[[-0.7562815546989441, 0.040772512555122375], [0.12998351454734802, -0.13814350962638855], [-0.07448132336139679, 0.07229936122894287], [-0.23016023635864258, 0.1593370884656906], [-0.15532130002975464, 0.1782669574022293]]",True
early_neutral,5,2801,0.06664445184938354,1,[1],"[[-0.7570059299468994, 0.03715905174612999], [0.12065938115119934, -0.1385168433189392], [-0.08234435319900513, 0.07745089381933212], [-0.2336946427822113, 0.15826718509197235], [-0.15504927933216095, 0.17074763774871826]]",True
early_neutral,5,2802,0.06631122959013662,1,[1],"[[-0.7578515410423279, 0.03300876542925835], [0.11047223955392838, -0.1389240026473999], [-0.08818423748016357, 0.07963676005601883], [-0.23858536779880524, 0.1573285311460495], [-0.15480032563209534, 0.16283567249774933]]",True
early_neutral,5,2803,0.06597800733088971,1,[1],"[[-0.758659303188324, 0.02921256236732006], [0.09950839728116989, -0.13936322927474976], [-0.09372548013925552, 0.07941921800374985], [-0.24366478621959686, 0.15697647631168365], [-0.15444815158843994, 0.15467491745948792]]",True
early_neutral,5,2804,0.06564478507164279,1,[1],"[[-0.7595744729042053, 0.027143536135554314], [0.08783920854330063, -0.13983899354934692], [-0.09618953615427017, 0.07682187855243683], [-0.24427036941051483, 0.15692771971225739], [-0.15221558511257172, 0.1469886302947998]]",True
early_neutral,5,2805,0.06531156281239586,1,[1],"[[-0.7602617740631104, 0.026121221482753754], [0.07557231932878494, -0.14036351442337036], [-0.09710656106472015, 0.0729031190276146], [-0.24427036941051483, 0.15692771971225739], [-0.1517844796180725, 0.13856510818004608]]",True
early_neutral,5,2806,0.06497834055314895,1,[1],"[[-0.7596478462219238, 0.02452818490564823], [0.06283295154571533, -0.14093735814094543], [-0.09562590718269348, 0.06835481524467468], [-0.2445477545261383, 0.15698744356632233], [-0.15179775655269623, 0.12994948029518127]]",True
early_neutral,5,2807,0.06464511829390203,1,[1],"[[-0.7590838074684143, 0.021717237308621407], [0.049727484583854675, -0.1415882706642151], [-0.09268099069595337, 0.06332788616418839], [-0.24761565029621124, 0.157765194773674], [-0.15195634961128235, 0.1211768165230751]]",True
early_neutral,5,2808,0.06431189603465512,1,[1],"[[-0.758959949016571, 0.01846197433769703], [0.03634089604020119, -0.14232569932937622], [-0.08950376510620117, 0.05776773765683174], [-0.25182363390922546, 0.15907259285449982], [-0.15228718519210815, 0.11227976530790329]]",True
early_neutral,5,2809,0.0639786737754082,1,[1],"[[-0.7590842843055725, 0.014377426356077194], [0.022745242342352867, -0.1431829333305359], [-0.08582529425621033, 0.05186718702316284], [-0.2560232877731323, 0.1616973578929901], [-0.15260961651802063, 0.10328546166419983]]",True
early_neutral,5,2810,0.06364545151616129,1,[1],"[[-0.7594370245933533, 0.010301698930561543], [0.008999920450150967, -0.1441918909549713], [-0.08185262233018875, 0.04591765254735947], [-0.25826677680015564, 0.1660771518945694], [-0.15285703539848328, 0.09421581029891968]]",True
early_neutral,5,2811,0.06331222925691436,1,[1],"[[-0.7596182227134705, 0.007723961491137743], [-0.004847360774874687, -0.14536991715431213], [-0.07786691188812256, 0.04052881896495819], [-0.259023517370224, 0.17143002152442932], [-0.15539942681789398, 0.08511199057102203]]",True
early_neutral,5,2812,0.06297900699766744,1,[1],"[[-0.7596687078475952, 0.005232313647866249], [-0.018749747425317764, -0.146764874458313], [-0.07355882227420807, 0.03524608537554741], [-0.258703351020813, 0.1773742139339447], [-0.15649454295635223, 0.0760883316397667]]",True
early_neutral,5,2813,0.06264578473842053,1,[1],"[[-0.7596766352653503, 0.002343286294490099], [-0.03271820396184921, -0.1482047736644745], [-0.06889929622411728, 0.030091365799307823], [-0.2572857439517975, 0.18328002095222473], [-0.15649977326393127, 0.06740245968103409]]",True
early_neutral,5,2814,0.062312562479173605,1,[1],"[[-0.7598499059677124, -0.0014199394499883056], [-0.04688100889325142, -0.1488531231880188], [-0.06387733668088913, 0.025082841515541077], [-0.25504210591316223, 0.18907850980758667], [-0.15635670721530914, 0.058622632175683975]]",True
early_neutral,5,2815,0.06197934021992669,1,[1],"[[-0.7601444721221924, -0.005044872406870127], [-0.061090655624866486, -0.1485971212387085], [-0.05942381173372269, 0.020684845745563507], [-0.25213298201560974, 0.19475039839744568], [-0.15600202977657318, 0.0497206375002861]]",True
early_neutral,5,2816,0.06164611796067977,1,[1],"[[-0.7603657841682434, -0.008273004554212093], [-0.07314420491456985, -0.14798496663570404], [-0.056451886892318726, 0.018268566578626633], [-0.2493205964565277, 0.19958381354808807], [-0.15561528503894806, 0.040723368525505066]]",True
early_neutral,5,2817,0.061312895701432855,1,[1],"[[-0.7605147957801819, -0.011502894572913647], [-0.08041289448738098, -0.14676140248775482], [-0.051102571189403534, 0.01789242960512638], [-0.24758309125900269, 0.20361359417438507], [-0.1553209275007248, 0.03165125846862793]]",True
early_neutral,5,2818,0.06097967344218594,1,[1],"[[-0.7608083486557007, -0.013470146805047989], [-0.08416599780321121, -0.14371785521507263], [-0.04459783807396889, 0.018488239496946335], [-0.24639438092708588, 0.20772632956504822], [-0.1541804075241089, 0.022620007395744324]]",True
early_neutral,5,2819,0.06064645118293902,1,[1],"[[-0.7610288262367249, -0.014076289720833302], [-0.08600397408008575, -0.1399109810590744], [-0.03697981312870979, 0.01929040253162384], [-0.24603554606437683, 0.211902916431427], [-0.15400081872940063, 0.013719059526920319]]",True
early_neutral,5,2820,0.060313228923692105,1,[1],"[[-0.7610352635383606, -0.01408704835921526], [-0.08729219436645508, -0.13604293763637543], [-0.028259729966521263, 0.020306039601564407], [-0.24659039080142975, 0.21607041358947754], [-0.1542607843875885, 0.0053118434734642506]]",True
early_neutral,5,2821,0.05998000666444518,1,[1],"[[-0.7610352635383606, -0.01408704835921526], [-0.08765380084514618, -0.13499422371387482], [-0.01914452575147152, 0.021416757255792618], [-0.24712087213993073, 0.21880879998207092], [-0.1545022577047348, -0.0020414821337908506]]",False
early_neutral,5,2822,0.059646784405198265,1,[1],"[[-0.7610313296318054, -0.01412684004753828], [-0.08747051656246185, -0.13355299830436707], [-0.010024634189903736, 0.022514160722494125], [-0.24713380634784698, 0.21949268877506256], [-0.15435416996479034, -0.007984304800629616]]",False
early_neutral,5,2823,0.05931356214595135,1,[1],"[[-0.760646641254425, -0.015770580619573593], [-0.08816558867692947, -0.13061320781707764], [-0.0007647177553735673, 0.023584628477692604], [-0.24719716608524323, 0.21888750791549683], [-0.15420950949192047, -0.013790284283459187]]",False
early_neutral,5,2824,0.05898033988670443,1,[0],"[[-0.7595714330673218, -0.018269510939717293], [-0.09036805480718613, -0.12723183631896973], [0.009296447038650513, 0.024568460881710052], [-0.24748791754245758, 0.21625961363315582], [-0.15406356751918793, -0.01964792050421238]]",False
early_neutral,5,2825,0.058647117627457515,1,[0],"[[-0.7576223611831665, -0.0215741079300642], [-0.09135255217552185, -0.1260267198085785], [0.020136693492531776, 0.02543170191347599], [-0.24790993332862854, 0.2126757800579071], [-0.1532398760318756, -0.025140143930912018]]",False
early_neutral,5,2826,0.0583138953682106,1,[0],"[[-0.7549143433570862, -0.025693414732813835], [-0.09127438068389893, -0.12581762671470642], [0.03167744353413582, 0.02621903084218502], [-0.24840600788593292, 0.20851023495197296], [-0.15079417824745178, -0.02884165197610855]]",False
early_neutral,5,2827,0.05798067310896368,1,[0],"[[-0.7514106035232544, -0.030510656535625458], [-0.09148283302783966, -0.1248757541179657], [0.043819501996040344, 0.026895897462964058], [-0.24887870252132416, 0.20433494448661804], [-0.14621827006340027, -0.031060446053743362]]",False
early_neutral,5,2828,0.05764745084971676,1,[0],"[[-0.7473134398460388, -0.03593193739652634], [-0.09184703975915909, -0.12363101541996002], [0.0564393475651741, 0.027463821694254875], [-0.24932505190372467, 0.20015844702720642], [-0.13992764055728912, -0.033152054995298386]]",True
early_neutral,5,2829,0.05731422859046984,1,[0],"[[-0.7427578568458557, -0.04187357425689697], [-0.08914749324321747, -0.12410013377666473], [0.06943139433860779, 0.027963479980826378], [-0.2497352510690689, 0.19598037004470825], [-0.13201646506786346, -0.03480919450521469]]",True
early_neutral,5,2830,0.056981006331222925,1,[0],"[[-0.7381852865219116, -0.047116879373788834], [-0.08569827675819397, -0.12465415149927139], [0.08271568268537521, 0.028380492702126503], [-0.25010791420936584, 0.1918007880449295], [-0.12291251868009567, -0.03626270219683647]]",True
early_neutral,5,2831,0.05664778407197601,1,[0],"[[-0.7339423298835754, -0.04895491525530815], [-0.08146946132183075, -0.12467305362224579], [0.0962265208363533, 0.02872183918952942], [-0.2504378855228424, 0.18761970102787018], [-0.11292244493961334, -0.03778262063860893]]",True
early_neutral,5,2832,0.05631456181272909,1,[0],"[[-0.7290160655975342, -0.048058848828077316], [-0.0763809010386467, -0.1242513507604599], [0.109913170337677, 0.028972288593649864], [-0.25072234869003296, 0.18343719840049744], [-0.10240861773490906, -0.039344437420368195]]",True
early_neutral,5,2833,0.055981339553482175,1,[0],"[[-0.7241545915603638, -0.04565989598631859], [-0.06999316811561584, -0.12388383597135544], [0.1221621036529541, 0.029135696589946747], [-0.25097256898880005, 0.17901058495044708], [-0.09178857505321503, -0.04099390655755997]]",True
early_neutral,5,2834,0.05564811729423526,1,[0],"[[-0.7193419933319092, -0.04288182035088539], [-0.06270869821310043, -0.12388639152050018], [0.1314678192138672, 0.029131978750228882], [-0.25120291113853455, 0.173780158162117], [-0.08055929839611053, -0.042804647237062454]]",True
early_neutral,5,2835,0.055314895034988334,1,[0],"[[-0.7170894145965576, -0.04018809646368027], [-0.05463489145040512, -0.12392422556877136], [0.14079710841178894, 0.02901420369744301], [-0.2513834238052368, 0.1678934395313263], [-0.06936148554086685, -0.04459695518016815]]",True
early_neutral,5,2836,0.05498167277574142,1,[0],"[[-0.7198879718780518, -0.037526071071624756], [-0.04554972052574158, -0.12402152270078659], [0.1509069800376892, 0.0287559162825346], [-0.2514725923538208, 0.16191288828849792], [-0.060333140194416046, -0.045962560921907425]]",True
early_neutral,5,2837,0.0546484505164945,1,[1],"[[-0.7250349521636963, -0.03506240248680115], [-0.03767170384526253, -0.12404059618711472], [0.16171620786190033, 0.02834521420300007], [-0.251462459564209, 0.15593205392360687], [-0.05139729008078575, -0.047233376652002335]]",True
early_neutral,5,2838,0.054315228257247584,1,[1],"[[-0.7315552234649658, -0.03234466165304184], [-0.02981773391366005, -0.1240088939666748], [0.17108692228794098, 0.027790827676653862], [-0.2513350546360016, 0.14995183050632477], [-0.04470561072230339, -0.048280566930770874]]",True
early_neutral,5,2839,0.05398200599800067,1,[1],"[[-0.739355206489563, -0.029499832540750504], [-0.019742656499147415, -0.12404827773571014], [0.18019439280033112, 0.026988651603460312], [-0.251068651676178, 0.14397352933883667], [-0.03853641822934151, -0.04946761578321457]]",True
early_neutral,5,2840,0.05364878373875375,1,[1],"[[-0.7481141090393066, -0.026455989107489586], [-0.00932883657515049, -0.1240772157907486], [0.1880202740430832, 0.026110313832759857], [-0.2506565749645233, 0.1379987597465515], [-0.03246832266449928, -0.05085720866918564]]",True
early_neutral,5,2841,0.053315561479506834,1,[1],"[[-0.7576259970664978, -0.02319810725748539], [0.00179364625364542, -0.12410353124141693], [0.19394148886203766, 0.02505374513566494], [-0.25006556510925293, 0.13203038275241852], [-0.02658853493630886, -0.05246874317526817]]",True
early_neutral,5,2842,0.05298233922025991,1,[1],"[[-0.767794132232666, -0.019754789769649506], [0.013462423346936703, -0.12420246005058289], [0.1991119682788849, 0.023755613714456558], [-0.24929402768611908, 0.12607070803642273], [-0.02406661957502365, -0.053177375346422195]]",True
early_neutral,5,2843,0.052649116961012994,1,[1],"[[-0.7785324454307556, -0.016140403226017952], [0.02453533560037613, -0.12500624358654022], [0.2005869746208191, 0.023022089153528214], [-0.24683478474617004, 0.12035992741584778], [-0.024158237501978874, -0.053357962518930435]]",True
early_neutral,5,2844,0.05231589470176608,1,[1],"[[-0.7895646095275879, -0.012453107163310051], [0.03520418703556061, -0.1261947900056839], [0.20040595531463623, 0.022683098912239075], [-0.24227559566497803, 0.1152157410979271], [-0.025208715349435806, -0.055433791130781174]]",False
early_neutral,5,2845,0.05198267244251916,1,[1],"[[-0.8004739880561829, -0.008821474388241768], [0.042112044990062714, -0.12963160872459412], [0.20012015104293823, 0.022309420630335808], [-0.23758234083652496, 0.1100735142827034], [-0.02672938071191311, -0.05844961479306221]]",False
early_neutral,5,2846,0.051649450183272244,1,[1],"[[-0.8113909959793091, -0.005199669860303402], [0.048551514744758606, -0.13269339501857758], [0.2003132551908493, 0.021385010331869125], [-0.23282797634601593, 0.10495501756668091], [-0.028730617836117744, -0.06232321634888649]]",False
early_neutral,5,2847,0.05131622792402533,1,[1],"[[-0.8203718662261963, -0.002226530574262142], [0.05469735339283943, -0.13531719148159027], [0.20004229247570038, 0.02093246951699257], [-0.2281331717967987, 0.10002058744430542], [-0.03131243214011192, -0.06698419898748398]]",False
early_neutral,5,2848,0.050983005664778404,1,[1],"[[-0.8252274990081787, -0.000624339038040489], [0.06035852059721947, -0.13841700553894043], [0.19957856833934784, 0.02052939496934414], [-0.22466835379600525, 0.09639638662338257], [-0.03453380614519119, -0.07230997085571289]]",False
early_neutral,5,2849,0.05064978340553149,1,[1],"[[-0.8282114267349243, 0.0003517500590533018], [0.06680958718061447, -0.14155280590057373], [0.1990039199590683, 0.02008179947733879], [-0.22127218544483185, 0.09284057468175888], [-0.03832803666591644, -0.07775665074586868]]",False
early_neutral,5,2850,0.05031656114628457,1,[1],"[[-0.8283122777938843, 0.0003801846469286829], [0.07473316788673401, -0.14425165951251984], [0.1962847262620926, 0.019077584147453308], [-0.21816861629486084, 0.08917591720819473], [-0.04255874082446098, -0.08306556195020676]]",False
early_neutral,5,2851,0.049983338887037654,1,[1],"[[-0.8283611536026001, 0.00039183779153972864], [0.08361400663852692, -0.1460469514131546], [0.19207718968391418, 0.017435461282730103], [-0.2157372534275055, 0.08530227839946747], [-0.04671361669898033, -0.08839989453554153]]",False
early_neutral,5,2852,0.04965011662779074,1,[1],"[[-0.8283611536026001, 0.00039183779153972864], [0.09362957626581192, -0.14642499387264252], [0.18680591881275177, 0.015128427185118198], [-0.21383324265480042, 0.08130362629890442], [-0.050497595220804214, -0.09384983777999878]]",False
early_neutral,5,2853,0.04931689436854382,1,[1],"[[-0.8283611536026001, 0.00039183779153972864], [0.1043367013335228, -0.1462046205997467], [0.18043333292007446, 0.012474758550524712], [-0.21158936619758606, 0.07738092541694641], [-0.053832150995731354, -0.0994219034910202]]",False
early_neutral,5,2854,0.048983672109296904,1,[1],"[[-0.8283611536026001, 0.00039183779153972864], [0.11520986258983612, -0.14601671695709229], [0.17314039170742035, 0.009579325094819069], [-0.20890170335769653, 0.07357815653085709], [-0.056530240923166275, -0.10513784736394882]]",False
early_neutral,5,2855,0.04865044985004998,1,[1],"[[-0.8283611536026001, 0.00039183779153972864], [0.1267092078924179, -0.14589060842990875], [0.1652485430240631, 0.006516225170344114], [-0.20586302876472473, 0.06988848000764847], [-0.058574676513671875, -0.11096758395433426]]",False
early_neutral,5,2856,0.048317227590803064,1,[1],"[[-0.8283611536026001, 0.00039183779153972864], [0.13880619406700134, -0.14577366411685944], [0.1573272943496704, 0.0034827692434191704], [-0.20252826809883118, 0.06630869954824448], [-0.06001744791865349, -0.11687325686216354]]",False
early_neutral,5,2857,0.04798400533155615,1,[1],"[[-0.8283611536026001, 0.00039183779153972864], [0.15142011642456055, -0.14570362865924835], [0.14917373657226562, 0.00018323365657124668], [-0.19874641299247742, 0.06262583285570145], [-0.06087033078074455, -0.12282727658748627]]",False
early_neutral,5,2858,0.04765078307230923,1,[1],"[[-0.8283611536026001, 0.00039183779153972864], [0.16443762183189392, -0.1456812173128128], [0.14062228798866272, -0.003706166287884116], [-0.19413748383522034, 0.058338601142168045], [-0.061525825411081314, -0.12761662900447845]]",False
early_neutral,5,2859,0.047317560813062313,1,[1],"[[-0.8283611536026001, 0.00039183779153972864], [0.17776823043823242, -0.1457202434539795], [0.13178683817386627, -0.008135545998811722], [-0.1887979507446289, 0.05358564108610153], [-0.06277981400489807, -0.13172131776809692]]",False
early_neutral,5,2860,0.0469843385538154,1,[1],"[[-0.8283611536026001, 0.00039183779153972864], [0.19133397936820984, -0.1458444595336914], [0.12239335477352142, -0.012799675576388836], [-0.183275505900383, 0.04880477860569954], [-0.06506285816431046, -0.1355769783258438]]",False
early_neutral,5,2861,0.04665111629456848,1,[1],"[[-0.8283611536026001, 0.00039183779153972864], [0.20506976544857025, -0.14605851471424103], [0.11244111508131027, -0.017564069479703903], [-0.17766962945461273, 0.0440652072429657], [-0.06947481632232666, -0.13849802315235138]]",False
early_neutral,5,2862,0.046317894035321557,1,[1],"[[-0.8283611536026001, 0.00039183779153972864], [0.21893084049224854, -0.14631828665733337], [0.10203028470277786, -0.022390693426132202], [-0.17196395993232727, 0.03937637805938721], [-0.07459668815135956, -0.1410163938999176]]",False
early_neutral,5,2863,0.04598467177607464,1,[1],"[[-0.8283611536026001, 0.00039183779153972864], [0.23256616294384003, -0.14683780074119568], [0.09117841720581055, -0.02718718908727169], [-0.16613872349262238, 0.03475021943449974], [-0.07990587502717972, -0.14337944984436035]]",False
early_neutral,5,2864,0.04565144951682772,1,[1],"[[-0.8283611536026001, 0.00039183779153972864], [0.24566885828971863, -0.14756141602993011], [0.08006762713193893, -0.0320381224155426], [-0.16031408309936523, 0.030124612152576447], [-0.08547307550907135, -0.14547601342201233]]",False
early_neutral,5,2865,0.045318227257580806,1,[1],"[[-0.8283611536026001, 0.00039183779153972864], [0.25893476605415344, -0.14814792573451996], [0.0691974088549614, -0.03733650967478752], [-0.1551036834716797, 0.025200312957167625], [-0.09169545769691467, -0.1467466652393341]]",False
early_neutral,5,2866,0.04498500499833389,1,[1],"[[-0.8283611536026001, 0.00039183779153972864], [0.272482693195343, -0.1486814022064209], [0.058654703199863434, -0.04306930676102638], [-0.15062697231769562, 0.019979223608970642], [-0.09925593435764313, -0.14617742598056793]]",False
early_neutral,5,2867,0.04465178273908697,1,[1],"[[-0.8283611536026001, 0.00039183779153972864], [0.2863783836364746, -0.1491403728723526], [0.04818655177950859, -0.04898102208971977], [-0.14825476706027985, 0.014302794821560383], [-0.10769897699356079, -0.14477050304412842]]",False
early_neutral,5,2868,0.044318560479840056,1,[1],"[[-0.8283611536026001, 0.00039183779153972864], [0.29981374740600586, -0.15016889572143555], [0.03773367032408714, -0.05499545484781265], [-0.14861845970153809, 0.008436731062829494], [-0.11704584956169128, -0.14311642944812775]]",False
early_neutral,5,2869,0.04398533822059313,1,[1],"[[-0.8283611536026001, 0.00039183779153972864], [0.31069159507751465, -0.15209141373634338], [0.026878396049141884, -0.060597099363803864], [-0.14978407323360443, 0.0025072856806218624], [-0.12717367708683014, -0.14125150442123413]]",False
early_neutral,5,2870,0.043652115961346216,1,[1],"[[-0.8283611536026001, 0.00039183779153972864], [0.31910717487335205, -0.15504299104213715], [0.015179120004177094, -0.06381778419017792], [-0.1521325707435608, -0.0032702323514968157], [-0.1357967108488083, -0.13960589468479156]]",False
early_neutral,5,2871,0.0433188937020993,1,[1],"[[-0.8283611536026001, 0.00039183779153972864], [0.3261059522628784, -0.15833500027656555], [0.002720765769481659, -0.06528935581445694], [-0.15549464523792267, -0.008642945438623428], [-0.1419185847043991, -0.13831833004951477]]",False
early_neutral,5,2872,0.04298567144285238,1,[1],"[[-0.8283611536026001, 0.00039183779153972864], [0.33306437730789185, -0.16250497102737427], [-0.009762510657310486, -0.06503822654485703], [-0.1581287682056427, -0.012551932595670223], [-0.1480722725391388, -0.13734830915927887]]",False
early_neutral,5,2873,0.042652449183605466,1,[0],"[[-0.8294133543968201, 0.0001522230013506487], [0.3378894329071045, -0.1669784039258957], [-0.021692493930459023, -0.06257708370685577], [-0.16068778932094574, -0.016393117606639862], [-0.15418510138988495, -0.13807515799999237]]",False
early_neutral,5,2874,0.04231922692435855,1,[0],"[[-0.8331036567687988, -0.0004540994414128363], [0.33988654613494873, -0.1720861941576004], [-0.03382396697998047, -0.05975494533777237], [-0.16132064163684845, -0.01976682059466839], [-0.16017767786979675, -0.13950517773628235]]",False
early_neutral,5,2875,0.04198600466511163,1,[0],"[[-0.8382337093353271, -0.0008736141608096659], [0.34036967158317566, -0.1774364560842514], [-0.04629999399185181, -0.05695526674389839], [-0.1578616201877594, -0.022172261029481888], [-0.16627223789691925, -0.14099234342575073]]",False
early_neutral,5,2876,0.04165278240586471,1,[0],"[[-0.8445899486541748, -0.0012136190198361874], [0.3402007818222046, -0.18275412917137146], [-0.05813753604888916, -0.0544518418610096], [-0.15254484117031097, -0.024553947150707245], [-0.17219632863998413, -0.1425274759531021]]",False
early_neutral,5,2877,0.04131956014661779,1,[0],"[[-0.8518977165222168, -0.001565744518302381], [0.3394361138343811, -0.18798811733722687], [-0.06743191927671432, -0.05331479758024216], [-0.14584386348724365, -0.027064772322773933], [-0.17581206560134888, -0.14510029554367065]]",False
early_neutral,5,2878,0.040986337887370876,1,[0],"[[-0.8598141670227051, -0.0019050838891416788], [0.33853670954704285, -0.19334770739078522], [-0.0763353779911995, -0.053011830896139145], [-0.13777849078178406, -0.029444759711623192], [-0.17953409254550934, -0.14858797192573547]]",False
early_neutral,5,2879,0.04065311562812396,1,[0],"[[-0.8686975240707397, -0.0022470136173069477], [0.33845943212509155, -0.19932828843593597], [-0.08288372308015823, -0.053246814757585526], [-0.12921439111232758, -0.03161536157131195], [-0.18418383598327637, -0.15246246755123138]]",False
early_neutral,5,2880,0.04031989336887704,1,[0],"[[-0.8783094882965088, -0.0026052091270685196], [0.3374361991882324, -0.20457452535629272], [-0.08923069387674332, -0.05392134562134743], [-0.1205485537648201, -0.03360765799880028], [-0.18982519209384918, -0.156812384724617]]",False
early_neutral,5,2881,0.039986671109630126,1,[0],"[[-0.8887724876403809, -0.0029867945704609156], [0.334289014339447, -0.20772644877433777], [-0.09422135353088379, -0.053685884922742844], [-0.11208837479352951, -0.03563239052891731], [-0.19507057964801788, -0.16068482398986816]]",False
early_neutral,5,2882,0.0396534488503832,1,[0],"[[-0.8995329141616821, -0.003384895622730255], [0.32867172360420227, -0.20966418087482452], [-0.09575411677360535, -0.051243122667074203], [-0.10491808503866196, -0.037877652794122696], [-0.19676639139652252, -0.1621565967798233]]",False
early_neutral,5,2883,0.039320226591136286,1,[0],"[[-0.9108778238296509, -0.0038148260209709406], [0.32162463665008545, -0.21166293323040009], [-0.09559358656406403, -0.04857204854488373], [-0.09861665964126587, -0.04004092141985893], [-0.1968812197446823, -0.162288635969162]]",False
early_neutral,5,2884,0.03898700433188937,1,[0],"[[-0.9228238463401794, -0.0042746178805828094], [0.31328046321868896, -0.21361981332302094], [-0.09548069536685944, -0.0480927936732769], [-0.09530877321958542, -0.039372753351926804], [-0.1968812197446823, -0.162288635969162]]",False
early_neutral,5,2885,0.03865378207264245,1,[0],"[[-0.9352883100509644, -0.00475988769903779], [0.3042340576648712, -0.2155732810497284], [-0.09744493663311005, -0.04729285091161728], [-0.09289301186800003, -0.03915335610508919], [-0.1968812197446823, -0.162288635969162]]",False
early_neutral,5,2886,0.038320559813395536,1,[0],"[[-0.9477882981300354, -0.005252555478364229], [0.29435989260673523, -0.2176385223865509], [-0.10096918046474457, -0.04566890373826027], [-0.0909799262881279, -0.03994226083159447], [-0.1968812197446823, -0.162288635969162]]",False
early_neutral,5,2887,0.03798733755414862,1,[0],"[[-0.9575085639953613, -0.005639702547341585], [0.28402411937713623, -0.2197236865758896], [-0.10510964691638947, -0.04222768545150757], [-0.09201052784919739, -0.04076239839196205], [-0.1968812197446823, -0.162288635969162]]",False
early_neutral,5,2888,0.0376541152949017,1,[0],"[[-0.9666820764541626, -0.006009854841977358], [0.2733590304851532, -0.22178705036640167], [-0.10857412964105606, -0.03770311549305916], [-0.0964217558503151, -0.041430599987506866], [-0.1968812197446823, -0.162288635969162]]",False
early_neutral,5,2889,0.03732089303565478,1,[0],"[[-0.9735998511314392, -0.006328703369945288], [0.26204878091812134, -0.22389909625053406], [-0.11228744685649872, -0.033057987689971924], [-0.10247130692005157, -0.04244741052389145], [-0.1968812197446823, -0.162288635969162]]",False
early_neutral,5,2890,0.03698767077640786,1,[0],"[[-0.978700578212738, -0.006645892281085253], [0.2501569390296936, -0.22604702413082123], [-0.11654792726039886, -0.02856529876589775], [-0.10922124981880188, -0.04423841834068298], [-0.1968812197446823, -0.162288635969162]]",False
early_neutral,5,2891,0.036654448517160945,1,[0],"[[-0.9825266003608704, -0.006903713569045067], [0.23777151107788086, -0.22816742956638336], [-0.1215115338563919, -0.023739075288176537], [-0.11500987410545349, -0.04579078033566475], [-0.1968812197446823, -0.162288635969162]]",False
early_neutral,5,2892,0.03632122625791403,1,[0],"[[-0.9837656021118164, -0.006856855470687151], [0.22499901056289673, -0.23026242852210999], [-0.12756824493408203, -0.01846490427851677], [-0.12078672647476196, -0.047633521258831024], [-0.1968812197446823, -0.162288635969162]]",False
early_neutral,5,2893,0.03598800399866711,1,[0],"[[-0.9838961362838745, -0.006841764785349369], [0.21191120147705078, -0.2322966307401657], [-0.13648581504821777, -0.0146870706230402], [-0.12664014101028442, -0.04932064935564995], [-0.1968812197446823, -0.162288635969162]]",False
early_neutral,5,2894,0.035654781739420195,1,[0],"[[-0.9838961362838745, -0.006841764785349369], [0.198575958609581, -0.23426975309848785], [-0.1462302953004837, -0.010924890637397766], [-0.13248565793037415, -0.05071275681257248], [-0.1968812197446823, -0.162288635969162]]",False
early_neutral,5,2895,0.03532155948017328,1,[0],"[[-0.9838961362838745, -0.006841764785349369], [0.18505346775054932, -0.23620213568210602], [-0.15543031692504883, -0.006784592289477587], [-0.13866159319877625, -0.05188343673944473], [-0.1968812197446823, -0.162288635969162]]",False
early_neutral,5,2896,0.034988337220926355,1,[0],"[[-0.9838961362838745, -0.006841764785349369], [0.1713830530643463, -0.23808865249156952], [-0.1650885045528412, -0.003531143767759204], [-0.14493055641651154, -0.052784670144319534], [-0.1968812197446823, -0.162288635969162]]",False
early_neutral,5,2897,0.03465511496167944,1,[0],"[[-0.9838961362838745, -0.006841764785349369], [0.15759854018688202, -0.23993553221225739], [-0.17484822869300842, -0.0021603519562631845], [-0.15110495686531067, -0.05342424660921097], [-0.1968812197446823, -0.162288635969162]]",False
early_neutral,5,2898,0.03432189270243252,1,[0],"[[-0.9838961362838745, -0.006841764785349369], [0.1437242478132248, -0.2417425662279129], [-0.18378616869449615, -0.002605167916044593], [-0.15748323500156403, -0.053834423422813416], [-0.1968812197446823, -0.162288635969162]]",False
early_neutral,5,2899,0.033988670443185605,1,[0],"[[-0.9838961362838745, -0.006841764785349369], [0.12977878749370575, -0.24350927770137787], [-0.19207614660263062, -0.005244431085884571], [-0.16391058266162872, -0.05401444807648659], [-0.1968812197446823, -0.162288635969162]]",False
early_neutral,5,2900,0.03365544818393869,1,[0],"[[-0.9838961362838745, -0.006841764785349369], [0.11577696353197098, -0.24523673951625824], [-0.2001079022884369, -0.009399102069437504], [-0.17026512324810028, -0.05413347855210304], [-0.1968812197446823, -0.162288635969162]]",False
early_neutral,5,2901,0.03332222592469177,1,[0],"[[-0.9838961362838745, -0.006841764785349369], [0.10172989964485168, -0.24692508578300476], [-0.20817211270332336, -0.013929400593042374], [-0.17661349475383759, -0.05424259975552559], [-0.1968812197446823, -0.162288635969162]]",False
early_neutral,5,2902,0.032989003665444855,1,[0],"[[-0.9838961362838745, -0.006841764785349369], [0.08764924108982086, -0.24858573079109192], [-0.21655240654945374, -0.01889658533036709], [-0.18304504454135895, -0.0543450228869915], [-0.1968812197446823, -0.162288635969162]]",False
early_neutral,5,2903,0.03265578140619793,1,[0],"[[-0.9838961362838745, -0.006841764785349369], [0.07354175299406052, -0.2502203583717346], [-0.22546876966953278, -0.02407814934849739], [-0.18942613899707794, -0.054542407393455505], [-0.1968812197446823, -0.162288635969162]]",False
early_neutral,5,2904,0.032322559146951015,1,[0],"[[-0.9838961362838745, -0.006841764785349369], [0.05941571667790413, -0.25184154510498047], [-0.23503604531288147, -0.029277458786964417], [-0.1957009881734848, -0.05489100143313408], [-0.1968812197446823, -0.162288635969162]]",False
early_neutral,5,2905,0.0319893368877041,1,[0],"[[-0.9838961362838745, -0.006841764785349369], [0.04527746140956879, -0.2534593939781189], [-0.2450975626707077, -0.03449883684515953], [-0.20208632946014404, -0.0554020032286644], [-0.1968812197446823, -0.162288635969162]]",False
early_neutral,5,2906,0.03165611462845718,1,[0],"[[-0.9838961362838745, -0.006841764785349369], [0.031131133437156677, -0.25507909059524536], [-0.25551989674568176, -0.03975480794906616], [-0.20842230319976807, -0.05606204271316528], [-0.1968812197446823, -0.162288635969162]]",False
early_neutral,5,2907,0.031322892369210265,1,[0],"[[-0.9838961362838745, -0.006841764785349369], [0.016984015703201294, -0.25671982765197754], [-0.26627492904663086, -0.04499102756381035], [-0.21457615494728088, -0.05684890225529671], [-0.1968812197446823, -0.162288635969162]]",False
early_neutral,5,2908,0.030989670109963344,1,[0],"[[-0.9838961362838745, -0.006841764785349369], [0.002837906591594219, -0.25838223099708557], [-0.277526319026947, -0.049987733364105225], [-0.22084155678749084, -0.05779964104294777], [-0.1968812197446823, -0.162288635969162]]",False
early_neutral,5,2909,0.030656447850716428,1,[0],"[[-0.9838961362838745, -0.006841764785349369], [-0.011311720125377178, -0.26004552841186523], [-0.2892706096172333, -0.054665517061948776], [-0.22647541761398315, -0.058128759264945984], [-0.1968812197446823, -0.162288635969162]]",False
early_neutral,5,2910,0.03032322559146951,1,[0],"[[-0.9838961362838745, -0.006841764785349369], [-0.025466300547122955, -0.26170122623443604], [-0.3010098934173584, -0.05948760360479355], [-0.22970309853553772, -0.05565478652715683], [-0.1968812197446823, -0.162288635969162]]",False
early_neutral,5,2911,0.02999000333222259,1,[0],"[[-0.9838961362838745, -0.006841764785349369], [-0.03962623327970505, -0.26334527134895325], [-0.3124274015426636, -0.06472555547952652], [-0.23158851265907288, -0.051701512187719345], [-0.1968812197446823, -0.162288635969162]]",False
early_neutral,5,2912,0.029656781072975674,1,[0],"[[-0.9838961362838745, -0.006841764785349369], [-0.05379287526011467, -0.26497071981430054], [-0.3229590356349945, -0.06984740495681763], [-0.2336292415857315, -0.0469234474003315], [-0.1968812197446823, -0.162288635969162]]",False
early_neutral,5,2913,0.029323558813728758,1,[0],"[[-0.9838961362838745, -0.006841764785349369], [-0.06796649843454361, -0.2665748596191406], [-0.3314123749732971, -0.07272019237279892], [-0.23604753613471985, -0.04141925275325775], [-0.1968812197446823, -0.162288635969162]]",False
early_neutral,5,2914,0.02899033655448184,1,[0],"[[-0.9838961362838745, -0.006841764785349369], [-0.08215172588825226, -0.2681386172771454], [-0.339647114276886, -0.07254350185394287], [-0.2393132746219635, -0.03676518425345421], [-0.1968812197446823, -0.162288635969162]]",False
early_neutral,5,2915,0.02865711429523492,1,[0],"[[-0.9838961362838745, -0.006841764785349369], [-0.09634902328252792, -0.26965808868408203], [-0.34814509749412537, -0.0703832134604454], [-0.244233176112175, -0.03549311310052872], [-0.1968812197446823, -0.162288635969162]]",False
early_neutral,5,2916,0.028323892035988004,1,[0],"[[-0.9838961362838745, -0.006841764785349369], [-0.11056193709373474, -0.27111655473709106], [-0.3560526669025421, -0.06643852591514587], [-0.2501641511917114, -0.035836361348629], [-0.1968812197446823, -0.162288635969162]]",False
early_neutral,5,2917,0.027990669776741087,1,[0],"[[-0.9838961362838745, -0.006841764785349369], [-0.12479294836521149, -0.27250009775161743], [-0.3633907735347748, -0.06181313097476959], [-0.2542198896408081, -0.033798348158597946], [-0.1968812197446823, -0.162288635969162]]",False
early_neutral,5,2918,0.027657447517494167,1,[0],"[[-0.9838961362838745, -0.006841764785349369], [-0.1390874683856964, -0.2735264003276825], [-0.37026628851890564, -0.05655134841799736], [-0.2573777735233307, -0.030199578031897545], [-0.1968812197446823, -0.162288635969162]]",False
early_neutral,5,2919,0.02732422525824725,1,[0],"[[-0.9838961362838745, -0.006841764785349369], [-0.1534550040960312, -0.27320948243141174], [-0.37687772512435913, -0.05057842656970024], [-0.2615026831626892, -0.02839108742773533], [-0.1968812197446823, -0.162288635969162]]",False
early_neutral,5,2920,0.026991002999000334,1,[0],"[[-0.9838961362838745, -0.006841764785349369], [-0.16759580373764038, -0.2715132236480713], [-0.38351970911026, -0.04411913454532623], [-0.2671319544315338, -0.029047705233097076], [-0.1968812197446823, -0.162288635969162]]",False
early_neutral,5,2921,0.026657780739753417,1,[0],"[[-0.9838961362838745, -0.006841764785349369], [-0.18157851696014404, -0.26930245757102966], [-0.38998669385910034, -0.03719167411327362], [-0.27372869849205017, -0.0303921177983284], [-0.1968812197446823, -0.162288635969162]]",False
early_neutral,5,2922,0.026324558480506497,1,[0],"[[-0.9838961362838745, -0.006841764785349369], [-0.1954958140850067, -0.2669229209423065], [-0.3964155316352844, -0.02994224987924099], [-0.2816242277622223, -0.03165828809142113], [-0.1968812197446823, -0.162288635969162]]",False
early_neutral,5,2923,0.02599133622125958,1,[0],"[[-0.9838961362838745, -0.006841764785349369], [-0.2093709409236908, -0.264440655708313], [-0.4028130769729614, -0.022443599998950958], [-0.29060855507850647, -0.03269347921013832], [-0.1968812197446823, -0.162288635969162]]",False
early_neutral,5,2924,0.025658113962012664,1,[0],"[[-0.9838961362838745, -0.006841764785349369], [-0.22325116395950317, -0.26197028160095215], [-0.40939146280288696, -0.01517022866755724], [-0.29995208978652954, -0.03336138278245926], [-0.1968812197446823, -0.162288635969162]]",False
early_neutral,5,2925,0.025324891702765744,1,[0],"[[-0.9838961362838745, -0.006841764785349369], [-0.2371031939983368, -0.2594360411167145], [-0.41571247577667236, -0.010416137054562569], [-0.31014013290405273, -0.03366437926888466], [-0.1968812197446823, -0.162288635969162]]",False
early_neutral,5,2926,0.024991669443518827,1,[0],"[[-0.9838961362838745, -0.006841764785349369], [-0.25063765048980713, -0.2562633156776428], [-0.42114198207855225, -0.009125728160142899], [-0.32074636220932007, -0.03393889218568802], [-0.1968812197446823, -0.162288635969162]]",False
early_neutral,5,2927,0.02465844718427191,1,[0],"[[-0.9838961362838745, -0.006841764785349369], [-0.26371169090270996, -0.2523576617240906], [-0.42726436257362366, -0.010162790305912495], [-0.33174896240234375, -0.0345035046339035], [-0.1968812197446823, -0.162288635969162]]",False
early_neutral,5,2928,0.02432522492502499,1,[0],"[[-0.9838961362838745, -0.006841764785349369], [-0.27654626965522766, -0.2481229454278946], [-0.43379858136177063, -0.012660816311836243], [-0.34334778785705566, -0.03537962958216667], [-0.1968812197446823, -0.162288635969162]]",False
early_neutral,5,2929,0.023992002665778073,1,[0],"[[-0.9838961362838745, -0.006841764785349369], [-0.2893497049808502, -0.2445862740278244], [-0.441188782453537, -0.015621226280927658], [-0.35530075430870056, -0.037100646644830704], [-0.1968812197446823, -0.162288635969162]]",False
early_neutral,5,2930,0.023658780406531157,1,[0],"[[-0.9838961362838745, -0.006841764785349369], [-0.3008815348148346, -0.24351175129413605], [-0.44970881938934326, -0.018562190234661102], [-0.3671295940876007, -0.0401194766163826], [-0.1968812197446823, -0.162288635969162]]",False
early_neutral,5,2931,0.02332555814728424,1,[0],"[[-0.9838961362838745, -0.006841764785349369], [-0.31189578771591187, -0.2451249212026596], [-0.45909181237220764, -0.021406209096312523], [-0.3782607316970825, -0.04428054392337799], [-0.1968812197446823, -0.162288635969162]]",False
early_neutral,5,2932,0.02299233588803732,1,[0],"[[-0.9838961362838745, -0.006841764785349369], [-0.3234183192253113, -0.24711553752422333], [-0.4688943922519684, -0.024016080424189568], [-0.3865782916545868, -0.05022059753537178], [-0.1968812197446823, -0.162288635969162]]",False
early_neutral,5,2933,0.022659113628790403,1,[0],"[[-0.9838961362838745, -0.006841764785349369], [-0.33546364307403564, -0.2470903992652893], [-0.4794814884662628, -0.02650376968085766], [-0.39386555552482605, -0.05700775235891342], [-0.1968812197446823, -0.162288635969162]]",False
early_neutral,5,2934,0.022325891369543487,1,[0],"[[-0.9838961362838745, -0.006841764785349369], [-0.3473522663116455, -0.24491378664970398], [-0.4889380931854248, -0.028630318120121956], [-0.4013653099536896, -0.063984714448452], [-0.1968812197446823, -0.162288635969162]]",False
early_neutral,5,2935,0.021992669110296566,1,[0],"[[-0.9838961362838745, -0.006841764785349369], [-0.3595234155654907, -0.242346853017807], [-0.4933144748210907, -0.029614455997943878], [-0.4090730845928192, -0.07109222561120987], [-0.1968812197446823, -0.162288635969162]]",False
early_neutral,5,2936,0.02165944685104965,1,[0],"[[-0.9838961362838745, -0.006841764785349369], [-0.3719325363636017, -0.23949258029460907], [-0.49288409948349, -0.02882564812898636], [-0.4174114465713501, -0.07807154208421707], [-0.1968812197446823, -0.162288635969162]]",False
early_neutral,5,2937,0.021326224591802733,1,[0],"[[-0.9814932346343994, -0.007818619720637798], [-0.38454312086105347, -0.2364528924226761], [-0.4915176331996918, -0.0264463871717453], [-0.4265856444835663, -0.08474086225032806], [-0.1968812197446823, -0.162288635969162]]",False
early_neutral,5,2938,0.020993002332555816,1,[0],"[[-0.9774030447006226, -0.009540765546262264], [-0.39734798669815063, -0.23334014415740967], [-0.4902050495147705, -0.023183666169643402], [-0.4363585114479065, -0.09116144478321075], [-0.1968812197446823, -0.162288635969162]]",False
early_neutral,5,2939,0.020659780073308896,1,[0],"[[-0.9721307158470154, -0.011844255030155182], [-0.4103027284145355, -0.23017160594463348], [-0.4890148639678955, -0.019041836261749268], [-0.44653746485710144, -0.09740424156188965], [-0.1968812197446823, -0.162288635969162]]",False
early_neutral,5,2940,0.02032655781406198,1,[0],"[[-0.9657567143440247, -0.014666016213595867], [-0.42339083552360535, -0.22699201107025146], [-0.4881584346294403, -0.014073306694626808], [-0.4571186304092407, -0.10343233495950699], [-0.1968812197446823, -0.162288635969162]]",False
early_neutral,5,2941,0.019993335554815063,1,[0],"[[-0.958416223526001, -0.017946390435099602], [-0.4365861713886261, -0.22381317615509033], [-0.4879287779331207, -0.008370311930775642], [-0.4682212471961975, -0.10911037772893906], [-0.1968812197446823, -0.162288635969162]]",False
early_neutral,5,2942,0.019660113295568143,1,[0],"[[-0.9506620168685913, -0.02144176885485649], [-0.4498603343963623, -0.2206294685602188], [-0.48858994245529175, -0.0020593982189893723], [-0.4798247516155243, -0.11439777165651321], [-0.1968812197446823, -0.162288635969162]]",False
early_neutral,5,2943,0.019326891036321226,1,[0],"[[-0.9422900676727295, -0.02524324506521225], [-0.4631926417350769, -0.21743881702423096], [-0.490116149187088, 0.004617797210812569], [-0.4918977916240692, -0.11926133930683136], [-0.1968812197446823, -0.162288635969162]]",False
early_neutral,5,2944,0.01899366877707431,1,[0],"[[-0.9334730505943298, -0.02931765653192997], [-0.47657251358032227, -0.21424874663352966], [-0.49261513352394104, 0.01123629231005907], [-0.5044019818305969, -0.12367461621761322], [-0.1968812197446823, -0.162288635969162]]",False
early_neutral,5,2945,0.01866044651782739,1,[0],"[[-0.9246655106544495, -0.03359229862689972], [-0.48999613523483276, -0.21107260882854462], [-0.49617812037467957, 0.018113570287823677], [-0.5172899961471558, -0.12762245535850525], [-0.1968812197446823, -0.162288635969162]]",False
early_neutral,5,2946,0.018327224258580473,1,[0],"[[-0.9154935479164124, -0.038245849311351776], [-0.5034578442573547, -0.20791561901569366], [-0.501014769077301, 0.025024864822626114], [-0.5305123925209045, -0.13109657168388367], [-0.1968812197446823, -0.162288635969162]]",False
early_neutral,5,2947,0.017994001999333556,1,[0],"[[-0.9059706926345825, -0.04321248456835747], [-0.5169708728790283, -0.20481443405151367], [-0.5091366767883301, 0.03078971430659294], [-0.5440237522125244, -0.13408580422401428], [-0.1968812197446823, -0.162288635969162]]",False
early_neutral,5,2948,0.01766077974008664,1,[0],"[[-0.8962329626083374, -0.048489633947610855], [-0.5305355787277222, -0.20178046822547913], [-0.5188551545143127, 0.03560845926403999], [-0.5577729344367981, -0.1365950107574463], [-0.1968812197446823, -0.162288635969162]]",False
early_neutral,5,2949,0.01732755748083972,1,[0],"[[-0.8863623142242432, -0.05403044819831848], [-0.5441394448280334, -0.19879840314388275], [-0.5279440879821777, 0.037988923490047455], [-0.5717160701751709, -0.13862034678459167], [-0.1968812197446823, -0.162288635969162]]",False
early_neutral,5,2950,0.016994335221592802,1,[0],"[[-0.8764796257019043, -0.05983726680278778], [-0.5577690601348877, -0.19584888219833374], [-0.5352909564971924, 0.037173159420490265], [-0.5858045220375061, -0.14018326997756958], [-0.1968812197446823, -0.162288635969162]]",False
early_neutral,5,2951,0.016661112962345886,1,[0],"[[-0.8666507005691528, -0.065886951982975], [-0.5714207291603088, -0.19292974472045898], [-0.5427054166793823, 0.035203687846660614], [-0.5999941825866699, -0.14131340384483337], [-0.1968812197446823, -0.162288635969162]]",False
early_neutral,5,2952,0.016327890703098966,1,[0],"[[-0.856941282749176, -0.0721687600016594], [-0.5850861668586731, -0.19002774357795715], [-0.5507910847663879, 0.03258754312992096], [-0.6142573356628418, -0.14195235073566437], [-0.1968812197446823, -0.162288635969162]]",False
early_neutral,5,2953,0.01599466844385205,1,[0],"[[-0.847404956817627, -0.07867347449064255], [-0.5987633466720581, -0.1871413141489029], [-0.5592218041419983, 0.029511425644159317], [-0.6285535097122192, -0.1418195515871048], [-0.1968812197446823, -0.162288635969162]]",False
early_neutral,5,2954,0.015661446184605132,1,[0],"[[-0.8395605087280273, -0.08465629816055298], [-0.6124524474143982, -0.18427295982837677], [-0.5682749152183533, 0.02606966532766819], [-0.6427816152572632, -0.14088881015777588], [-0.1968812197446823, -0.162288635969162]]",False
early_neutral,5,2955,0.015328223925358214,1,[0],"[[-0.8360652327537537, -0.08938396722078323], [-0.6261534690856934, -0.18142414093017578], [-0.5778876543045044, 0.022372782230377197], [-0.6569869518280029, -0.1397937536239624], [-0.1968812197446823, -0.162288635969162]]",False
early_neutral,5,2956,0.014995001666111295,1,[0],"[[-0.8349513411521912, -0.09388652443885803], [-0.6398857831954956, -0.17863740026950836], [-0.5887476205825806, 0.0202447772026062], [-0.6712257862091064, -0.13889524340629578], [-0.1968812197446823, -0.162288635969162]]",False
early_neutral,5,2957,0.014661779406864379,1,[0],"[[-0.8335523009300232, -0.09951373934745789], [-0.6536968946456909, -0.17601796984672546], [-0.6000458598136902, 0.021107643842697144], [-0.6854804158210754, -0.13810455799102783], [-0.1968812197446823, -0.162288635969162]]",False
early_neutral,5,2958,0.01432855714761746,1,[0],"[[-0.8322298526763916, -0.1047019213438034], [-0.6675845980644226, -0.17357373237609863], [-0.6116461157798767, 0.023081133142113686], [-0.6997199058532715, -0.13720232248306274], [-0.1968812197446823, -0.162288635969162]]",False
early_neutral,5,2959,0.013995334888370544,1,[0],"[[-0.8311798572540283, -0.10934223979711533], [-0.6815539598464966, -0.17133359611034393], [-0.6234660744667053, 0.025709718465805054], [-0.713939905166626, -0.13617582619190216], [-0.1968812197446823, -0.162288635969162]]",False
early_neutral,5,2960,0.013662112629123625,1,[0],"[[-0.8305818438529968, -0.11302878707647324], [-0.6956005692481995, -0.1693066954612732], [-0.6354252099990845, 0.028841817751526833], [-0.7281025052070618, -0.13498879969120026], [-0.1968812197446823, -0.162288635969162]]",False
early_neutral,5,2961,0.013328890369876709,1,[0],"[[-0.8302280902862549, -0.11520909518003464], [-0.7098032236099243, -0.16783210635185242], [-0.6477537155151367, 0.03191589564085007], [-0.740126371383667, -0.1339268982410431], [-0.1968812197446823, -0.162288635969162]]",False
early_neutral,5,2962,0.01299566811062979,1,[0],"[[-0.8301242589950562, -0.11584921926259995], [-0.7241653203964233, -0.167331725358963], [-0.6604115962982178, 0.034865450114011765], [-0.7479493021965027, -0.1332397758960724], [-0.1969015747308731, -0.1622728854417801]]",False
early_neutral,5,2963,0.012662445851382872,1,[0],"[[-0.8301421999931335, -0.11581990122795105], [-0.7381067276000977, -0.16767333447933197], [-0.6734116077423096, 0.0375346839427948], [-0.7529148459434509, -0.13279549777507782], [-0.19873040914535522, -0.16088132560253143]]",False
early_neutral,5,2964,0.012329223592135955,1,[0],"[[-0.8302169442176819, -0.11565191298723221], [-0.7487332224845886, -0.16846424341201782], [-0.686736524105072, 0.03981221094727516], [-0.7538412809371948, -0.1326475888490677], [-0.20175614953041077, -0.15863166749477386]]",False
early_neutral,5,2965,0.011996001332889037,1,[0],"[[-0.8302810192108154, -0.11541946977376938], [-0.7575488090515137, -0.17013347148895264], [-0.7003298997879028, 0.04166361689567566], [-0.7539451718330383, -0.13262386620044708], [-0.20575633645057678, -0.15572288632392883]]",False
early_neutral,5,2966,0.01166277907364212,1,[0],"[[-0.8304110765457153, -0.11491190642118454], [-0.7635957598686218, -0.172615647315979], [-0.7141517400741577, 0.04299991577863693], [-0.7539451718330383, -0.13262386620044708], [-0.2106979489326477, -0.15217730402946472]]",False
early_neutral,5,2967,0.011329556814395202,1,[0],"[[-0.830572783946991, -0.11426835507154465], [-0.7643282413482666, -0.17603881657123566], [-0.7281332015991211, 0.043826889246702194], [-0.7541834712028503, -0.13172076642513275], [-0.21649964153766632, -0.14807462692260742]]",False
early_neutral,5,2968,0.010996334555148283,1,[0],"[[-0.8308469653129578, -0.11339949816465378], [-0.7625209093093872, -0.18020756542682648], [-0.7422120571136475, 0.04418230056762695], [-0.7546187043190002, -0.12912237644195557], [-0.22302201390266418, -0.1435108780860901]]",False
early_neutral,5,2969,0.010663112295901367,1,[0],"[[-0.8307833671569824, -0.11356110870838165], [-0.7598085403442383, -0.18507488071918488], [-0.7563389539718628, 0.04407210648059845], [-0.7549411654472351, -0.12560805678367615], [-0.23016183078289032, -0.13856111466884613]]",False
early_neutral,5,2970,0.010329890036654448,1,[0],"[[-0.8305237293243408, -0.11437191069126129], [-0.756151020526886, -0.1904415339231491], [-0.7704894542694092, 0.04375443980097771], [-0.7579739689826965, -0.12174984812736511], [-0.2375810593366623, -0.13347598910331726]]",False
early_neutral,5,2971,0.009996667777407531,1,[0],"[[-0.8311545848846436, -0.11298609524965286], [-0.7522329092025757, -0.19585174322128296], [-0.7846589088439941, 0.04337761178612709], [-0.7634986042976379, -0.11808688193559647], [-0.2452390193939209, -0.12829118967056274]]",False
early_neutral,5,2972,0.009663445518160613,1,[0],"[[-0.8323277235031128, -0.11096608638763428], [-0.7482261657714844, -0.20123431086540222], [-0.7988430261611938, 0.04296194761991501], [-0.7697904109954834, -0.11390582472085953], [-0.25341978669166565, -0.12285611033439636]]",False
early_neutral,5,2973,0.009330223258913695,0,[0],"[[-1.0110293626785278, -0.0], [-8.321868335769977e-06, 0.02051541768014431], [-3.322206051925569e-11, -0.020196471363306046], [-0.10110294073820114, -0.10162678360939026], [-0.10110294073820114, 0.10162678360939026]]",False
early_neutral,5,2974,0.008997000999666778,0,[0],"[[-1.010373830795288, 5.510307054396035e-12], [-7.565184932900593e-05, 0.02266084775328636], [-4.77827666323094e-10, -0.01794319599866867], [-0.10034609586000443, -0.10151349753141403], [-0.101765938103199, 0.10242900252342224]]",False
early_neutral,5,2975,0.00866377874041986,0,[0],"[[-1.0064316987991333, 3.0021783670175495e-11], [-0.00011169500066898763, 0.025574171915650368], [-8.105589532902968e-10, -0.014641948975622654], [-0.09673444926738739, -0.10090474039316177], [-0.10335853695869446, 0.10474634915590286]]",False
early_neutral,5,2976,0.008330556481172943,0,[0],"[[-1.0009567737579346, 4.4776543584035267e-11], [0.0015198184410110116, 0.02845257706940174], [-8.365266812582206e-10, -0.011203648522496223], [-0.09222766757011414, -0.10170000046491623], [-0.1050376296043396, 0.10793697088956833]]",False
early_neutral,5,2977,0.007997334221926024,0,[0],"[[-0.9940472841262817, -4.52296033959243e-10], [0.006205607205629349, 0.02985815703868866], [-8.560396835832762e-10, -0.007462314795702696], [-0.0887557789683342, -0.10479305684566498], [-0.10698038339614868, 0.11188169568777084]]",True
early_neutral,5,2978,0.007664111962679107,0,[0],"[[-0.9858376979827881, -8.615139712730979e-10], [0.01217729039490223, 0.03081015683710575], [-8.485189773033142e-10, -0.004739229567348957], [-0.08526141196489334, -0.10878597944974899], [-0.1092214286327362, 0.1164102703332901]]",True
early_neutral,5,2979,0.007330889703432189,0,[0],"[[-0.9766295552253723, 1.96738892555004e-06], [0.019252344965934753, 0.03202575072646141], [-8.393405415141331e-10, -0.0031770109198987484], [-0.08106057345867157, -0.11341674625873566], [-0.11166145652532578, 0.12131735682487488]]",True
early_neutral,5,2980,0.006997667444185272,0,[0],"[[-0.9669506549835205, 1.914389940793626e-05], [0.02655051276087761, 0.03362198546528816], [-8.475056212375875e-10, -0.0021613233257085085], [-0.07624875754117966, -0.11854372173547745], [-0.11435484141111374, 0.12685677409172058]]",True
early_neutral,5,2981,0.006664445184938354,0,[0],"[[-0.9564129710197449, 5.636519563267939e-05], [0.03416447341442108, 0.03541629761457443], [0.0004121753154322505, -0.0021799213718622923], [-0.07104187458753586, -0.12411411851644516], [-0.11702797561883926, 0.13286758959293365]]",True
early_neutral,5,2982,0.006331222925691436,0,[0],"[[-0.9455912709236145, 0.0001060592257999815], [0.042931489646434784, 0.03718486428260803], [0.0009538594749756157, -0.002461044117808342], [-0.06548202782869339, -0.13014180958271027], [-0.11969304084777832, 0.13942472636699677]]",True
early_neutral,5,2983,0.005998000666444518,0,[0],"[[-0.934333086013794, 0.0001630577608011663], [0.05240003392100334, 0.03889213874936104], [0.0011697713052853942, -0.0027922545559704304], [-0.05957045406103134, -0.13656389713287354], [-0.12203570455312729, 0.1461910754442215]]",True
early_neutral,5,2984,0.005664778407197601,0,[0],"[[-0.9224632978439331, 0.00022712288773618639], [0.06250150501728058, 0.04058827459812164], [0.0012454100651666522, -0.003180295927450061], [-0.053220465779304504, -0.14328286051750183], [-0.12410003691911697, 0.15340864658355713]]",False
early_neutral,5,2985,0.005331556147950683,0,[0],"[[-0.9100565314292908, 0.0002953585353679955], [0.0715695470571518, 0.042316194623708725], [0.0013134903274476528, -0.0037309112958610058], [-0.04635190963745117, -0.1500619351863861], [-0.12591637670993805, 0.16106392443180084]]",False
early_neutral,5,2986,0.004998333888703766,0,[0],"[[-0.8972265720367432, 0.0003667974378913641], [0.07731765508651733, 0.04417170584201813], [0.001381576992571354, -0.004281532485038042], [-0.039461687207221985, -0.1547558605670929], [-0.127140074968338, 0.16912001371383667]]",False
early_neutral,5,2987,0.004665111629456847,0,[0],"[[-0.8840690851211548, 0.00040873154648579657], [0.07771956920623779, 0.047357961535453796], [0.0014445557026192546, -0.0047908565029501915], [-0.03371002897620201, -0.15596367418766022], [-0.12762433290481567, 0.1774863600730896]]",False
early_neutral,5,2988,0.00433188937020993,0,[0],"[[-0.8706603050231934, 0.00038996277726255357], [0.07620025426149368, 0.05168941617012024], [0.0020548675674945116, -0.005323171615600586], [-0.029457300901412964, -0.1544509083032608], [-0.12704552710056305, 0.18606363236904144]]",False
early_neutral,5,2989,0.003998667110963012,0,[0],"[[-0.8583402037620544, 0.0003337295784149319], [0.07453417778015137, 0.05595840886235237], [0.00469969492405653, -0.00682421401143074], [-0.027689214795827866, -0.15114741027355194], [-0.1250763088464737, 0.1947024017572403]]",False
early_neutral,5,2990,0.0036654448517160947,0,[0],"[[-0.8478304743766785, 0.0002604306791909039], [0.07346691936254501, 0.05948313698172569], [0.008458004333078861, -0.008757690899074078], [-0.026086341589689255, -0.14689816534519196], [-0.12270523607730865, 0.20186041295528412]]",False
early_neutral,5,2991,0.003332222592469177,0,[0],"[[-0.8385158181190491, 0.00029997259844094515], [0.07235630601644516, 0.06357119232416153], [0.013323947787284851, -0.01117247436195612], [-0.024686021730303764, -0.14177431166172028], [-0.11799150705337524, 0.20684783160686493]]",False
early_neutral,5,2992,0.002999000333222259,0,[0],"[[-0.8327300548553467, 0.0018824093276634812], [0.07119879871606827, 0.06820592284202576], [0.01922939158976078, -0.014070119708776474], [-0.023716947063803673, -0.1359344869852066], [-0.11163556575775146, 0.2108319252729416]]",False
early_neutral,5,2993,0.0026657780739753416,0,[0],"[[-0.8303965330123901, 0.005543021950870752], [0.07171913981437683, 0.07152999937534332], [0.02617671899497509, -0.01729346066713333], [-0.022813670337200165, -0.129982590675354], [-0.10352577269077301, 0.21193374693393707]]",False
early_neutral,5,2994,0.0023325558147284237,0,[0],"[[-0.8286190032958984, 0.01013889443129301], [0.07491640001535416, 0.0732814148068428], [0.03427114337682724, -0.020550325512886047], [-0.021845802664756775, -0.12403499335050583], [-0.09473645687103271, 0.21073393523693085]]",False
early_neutral,5,2995,0.001999333555481506,0,[0],"[[-0.8271082639694214, 0.01560827624052763], [0.08016097545623779, 0.07457808405160904], [0.043302021920681, -0.023694388568401337], [-0.020885707810521126, -0.11808687448501587], [-0.08812505006790161, 0.20787455141544342]]",False
early_neutral,5,2996,0.0016661112962345886,0,[0],"[[-0.8259740471839905, 0.021584078669548035], [0.08696039021015167, 0.07568994164466858], [0.05281674489378929, -0.026233527809381485], [-0.02002188190817833, -0.11213251203298569], [-0.08153955638408661, 0.20405319333076477]]",False
early_neutral,5,2997,0.0013328890369876708,0,[0],"[[-0.824883759021759, 0.027853837236762047], [0.09515941888093948, 0.07638271898031235], [0.06332503259181976, -0.028269827365875244], [-0.01928083412349224, -0.10617125034332275], [-0.07526228576898575, 0.20019127428531647]]",False
early_neutral,5,2998,0.000999666777740753,0,[0],"[[-0.8237688541412354, 0.03459370508790016], [0.10372131317853928, 0.07693484425544739], [0.07463869452476501, -0.030038578435778618], [-0.0187949538230896, -0.10019897669553757], [-0.0695532038807869, 0.19682234525680542]]",False
early_neutral,5,2999,0.0006664445184938354,0,[0],"[[-0.8229975700378418, 0.03931384161114693], [0.10989264398813248, 0.07721651345491409], [0.08661668747663498, -0.031578049063682556], [-0.01855231449007988, -0.09424273669719696], [-0.06505400687456131, 0.19428445398807526]]",False
early_neutral,5,3000,0.0003332222592469177,0,[0],"[[-0.8228242993354797, 0.04037410020828247], [0.11597295105457306, 0.07737335562705994], [0.09881721436977386, -0.033085137605667114], [-0.0162158515304327, -0.08954036235809326], [-0.0605444461107254, 0.19172659516334534]]",False
