context_label,episode_id,step,t_norm,delta_score,sprint_bits,position,possession
early_neutral,6,0,1.0,0,[0],"[[-1.0110293626785278, -0.0], [0.0, 0.02032535709440708], [0.0, -0.02032535709440708], [-0.10110294073820114, -0.10162678360939026], [-0.10110294073820114, 0.10162678360939026]]",False
early_neutral,6,1,0.9996667777407531,0,[0],"[[-1.0110293626785278, -0.0], [1.7392050299935846e-10, 0.018740758299827576], [0.0, -0.02032535709440708], [-0.1006706953048706, -0.10181447863578796], [-0.10211002081632614, 0.10283345729112625]]",False
early_neutral,6,2,0.9993335554815062,0,[0],"[[-1.0097103118896484, 9.885581242485841e-11], [3.8069492003245387e-10, 0.015645671635866165], [0.0, -0.02032535709440708], [-0.09777618944644928, -0.10315611213445663], [-0.10387767851352692, 0.10531198233366013]]",False
early_neutral,6,3,0.9990003332222592,0,[0],"[[-1.005424976348877, 3.227304534725306e-10], [4.1179573639915645e-10, 0.011891854926943779], [2.5253311832784675e-05, -0.020663097500801086], [-0.09386216104030609, -0.1051463782787323], [-0.10587399452924728, 0.10868190228939056]]",False
early_neutral,6,4,0.9986671109630123,0,[0],"[[-0.9995788931846619, 4.2835363034399165e-10], [4.0079876917342716e-11, 0.008027947507798672], [0.00029132465715520084, -0.022846203297376633], [-0.08895044773817062, -0.1077909916639328], [-0.10813568532466888, 0.11273232102394104]]",False
early_neutral,6,5,0.9983338887037654,0,[0],"[[-0.9922854900360107, -1.872880184272674e-10], [-2.0425965086001696e-10, 0.00528319925069809], [0.0008081018459051847, -0.025396469980478287], [-0.08307788521051407, -0.11104375123977661], [-0.11062559485435486, 0.11737734824419022]]",True
early_neutral,6,6,0.9980006664445185,0,[0],"[[-0.9837011694908142, -5.471840758275448e-10], [-3.207377141656309e-10, 0.003577466821298003], [0.0021386481821537018, -0.028735769912600517], [-0.07642635703086853, -0.11485832929611206], [-0.11320072412490845, 0.12238803505897522]]",True
early_neutral,6,7,0.9976674441852715,0,[0],"[[-0.9743693470954895, -3.520084874253371e-06], [-4.2515788112318376e-10, 0.002616944955661893], [0.004575273487716913, -0.03281388059258461], [-0.06934204697608948, -0.11910820752382278], [-0.1160273477435112, 0.12801669538021088]]",True
early_neutral,6,8,0.9973342219260246,0,[0],"[[-0.9644051194190979, -2.1224483134574257e-05], [-6.013800013526804e-10, 0.0016979060601443052], [0.007933217100799084, -0.037183232605457306], [-0.0617641918361187, -0.12384047359228134], [-0.11910995841026306, 0.1341511458158493]]",True
early_neutral,6,9,0.9970009996667777,0,[0],"[[-0.9536178708076477, -5.707999662263319e-05], [-7.5208306249408e-10, 0.0009124198695644736], [0.01245049200952053, -0.04193101078271866], [-0.054118040949106216, -0.1288011521100998], [-0.12244740128517151, 0.14073145389556885]]",True
early_neutral,6,10,0.9966677774075309,0,[0],"[[-0.9426809549331665, -0.00010126110282726586], [-7.649340605375698e-10, 0.0008504881407134235], [0.018254168331623077, -0.04679397493600845], [-0.046201564371585846, -0.1341356337070465], [-0.12603135406970978, 0.14745165407657623]]",True
early_neutral,6,11,0.996334555148284,0,[0],"[[-0.931149959564209, -0.00015236344188451767], [-7.786915556806662e-10, 0.0007841878687031567], [0.02304440550506115, -0.05169660225510597], [-0.03797493502497673, -0.13983388245105743], [-0.1299912929534912, 0.1545390486717224]]",True
early_neutral,6,12,0.996001332889037,0,[0],"[[-0.9190328121185303, -0.00020885076082777232], [-7.826318482173633e-10, 0.0007651984924450517], [0.02473497949540615, -0.057316794991493225], [-0.029566165059804916, -0.14589574933052063], [-0.1342778503894806, 0.1619638353586197]]",True
early_neutral,6,13,0.9956681106297901,0,[0],"[[-0.906416654586792, -0.0002687173546291888], [-7.831373882716264e-10, 0.0007627622107975185], [0.025454487651586533, -0.06282089650630951], [-0.021113798022270203, -0.15229466557502747], [-0.138939768075943, 0.16964063048362732]]",True
early_neutral,6,14,0.9953348883705432,0,[0],"[[-0.8934151530265808, -0.00033153416006825864], [-7.83462794640144e-10, 0.0007611942710354924], [0.02586938627064228, -0.06699869781732559], [-0.012930432334542274, -0.1591068059206009], [-0.14392521977424622, 0.177503302693367]]",True
early_neutral,6,15,0.9950016661112963,0,[0],"[[-0.8801190257072449, -0.0003960686444770545], [-7.834801696304794e-10, 0.0007611103355884552], [0.026142723858356476, -0.07114700973033905], [-0.005292241461575031, -0.1663779616355896], [-0.14918458461761475, 0.18550100922584534]]",True
early_neutral,6,16,0.9946684438520493,0,[0],"[[-0.8665990233421326, -0.0004618485691025853], [-7.83497600131966e-10, 0.0007610264583490789], [0.026245001703500748, -0.07288471609354019], [0.0017685722559690475, -0.17403529584407806], [-0.15470297634601593, 0.19358691573143005]]",True
early_neutral,6,17,0.9943352215928024,0,[0],"[[-0.852910041809082, -0.0005284853978082538], [-7.834996540445616e-10, 0.0007610163884237409], [0.026245001703500748, -0.07288471609354019], [0.008036182262003422, -0.18208427727222443], [-0.16042351722717285, 0.2017374336719513]]",True
early_neutral,6,18,0.9940019993335555,0,[0],"[[-0.8390938639640808, -0.0005956663517281413], [-7.835003756895276e-10, 0.0007610131870023906], [0.026245001703500748, -0.07288471609354019], [0.013373978435993195, -0.1900148093700409], [-0.166331946849823, 0.20992574095726013]]",True
early_neutral,6,19,0.9936687770743086,0,[0],"[[-0.8251822590827942, -0.0006632290314882994], [-7.835006532452837e-10, 0.0007610117318108678], [0.026245001703500748, -0.07288471609354019], [0.016983401030302048, -0.19569598138332367], [-0.17240378260612488, 0.21813547611236572]]",True
early_neutral,6,20,0.9933355548150616,0,[0],"[[-0.8111993074417114, -0.0007310189539566636], [-7.835006532452837e-10, 0.0007610117318108678], [0.026245001703500748, -0.07288471609354019], [0.01840858906507492, -0.19789807498455048], [-0.17862367630004883, 0.22635267674922943]]",True
early_neutral,6,21,0.9930023325558147,0,[0],"[[-0.7971627712249756, -0.0007989432197064161], [2.2071897642916838e-09, 0.0008806283003650606], [0.026251595467329025, -0.07290481775999069], [0.018493834882974625, -0.1963486224412918], [-0.18476012349128723, 0.2343054562807083]]",True
early_neutral,6,22,0.9926691102965678,0,[0],"[[-0.7830860614776611, -0.0008669099188409746], [2.4042710045080184e-09, -0.0020882103126496077], [0.02679263986647129, -0.07469784468412399], [0.017993830144405365, -0.19332294166088104], [-0.18932458758354187, 0.24021342396736145]]",True
early_neutral,6,23,0.9923358880373209,0,[0],"[[-0.7689796686172485, -0.0009348578751087189], [2.3636732571219454e-09, -0.0059705739840865135], [0.027546929195523262, -0.07755415141582489], [0.016372134909033775, -0.18988880515098572], [-0.19222715497016907, 0.24399171769618988]]",True
early_neutral,6,24,0.9920026657780739,0,[0],"[[-0.7557522654533386, -0.000998476054519415], [0.0001323982432950288, -0.00976198073476553], [0.028118344023823738, -0.07996713370084763], [0.01178741455078125, -0.1884145885705948], [-0.1934189647436142, 0.24554836750030518]]",True
early_neutral,6,25,0.991669443518827,0,[0],"[[-0.7467374801635742, -0.001041832030750811], [-0.0013846446527168155, -0.01416107825934887], [0.028127072378993034, -0.08000355213880539], [0.005376070737838745, -0.18784987926483154], [-0.1934189647436142, 0.24554836750030518]]",True
early_neutral,6,26,0.9913362212595801,0,[0],"[[-0.7409660220146179, -0.0010695898672565818], [-0.004233135376125574, -0.018441008403897285], [0.02921461872756481, -0.08117961883544922], [-0.002293502911925316, -0.18773271143436432], [-0.1934189647436142, 0.24554836750030518]]",True
early_neutral,6,27,0.9910029990003332,0,[0],"[[-0.737534761428833, -0.0010860925540328026], [-0.008821355178952217, -0.021763833239674568], [0.03128696605563164, -0.08354740589857101], [-0.011110754683613777, -0.18839335441589355], [-0.1934189647436142, 0.24554836750030518]]",True
early_neutral,6,28,0.9906697767410862,0,[0],"[[-0.7364949584007263, -0.0017807779368013144], [-0.014501724392175674, -0.02552824467420578], [0.03339643031358719, -0.08608986437320709], [-0.020229266956448555, -0.18948766589164734], [-0.1934189647436142, 0.24554836750030518]]",True
early_neutral,6,29,0.9903365544818394,0,[0],"[[-0.7367956638336182, -0.004404561594128609], [-0.020807374268770218, -0.029898807406425476], [0.03506987914443016, -0.08730734139680862], [-0.030029652640223503, -0.1903427541255951], [-0.1934189647436142, 0.24554836750030518]]",True
early_neutral,6,30,0.9900033322225925,0,[0],"[[-0.7374984622001648, -0.007808685302734375], [-0.02693650871515274, -0.03433440998196602], [0.038307905197143555, -0.08921470493078232], [-0.04026074707508087, -0.1909332573413849], [-0.1934189647436142, 0.24554836750030518]]",True
early_neutral,6,31,0.9896701099633456,0,[0],"[[-0.7381919026374817, -0.010918665677309036], [-0.032804232090711594, -0.03851527348160744], [0.041981447488069534, -0.09106965363025665], [-0.04943830892443657, -0.1907062828540802], [-0.1934189647436142, 0.24554836750030518]]",True
early_neutral,6,32,0.9893368877040987,0,[0],"[[-0.7388297319412231, -0.01403367705643177], [-0.03919558599591255, -0.04281321167945862], [0.042340248823165894, -0.09124752879142761], [-0.05848420038819313, -0.18967305123806], [-0.1934189647436142, 0.24554836750030518]]",True
early_neutral,6,33,0.9890036654448517,0,[0],"[[-0.7398005127906799, -0.01750645786523819], [-0.046880874782800674, -0.04740382730960846], [0.042340248823165894, -0.09124752879142761], [-0.06511732190847397, -0.18803642690181732], [-0.19418200850486755, 0.2453703135251999]]",True
early_neutral,6,34,0.9886704431856048,0,[0],"[[-0.7417770028114319, -0.021260427311062813], [-0.05381496250629425, -0.05178116634488106], [0.0423554927110672, -0.09143739193677902], [-0.07032424211502075, -0.18574270606040955], [-0.19767175614833832, 0.24457694590091705]]",False
early_neutral,6,35,0.9883372209263579,0,[0],"[[-0.7445394992828369, -0.024905912578105927], [-0.0588703416287899, -0.05508524551987648], [0.04227524250745773, -0.09361060708761215], [-0.07624074071645737, -0.18465232849121094], [-0.2025124430656433, 0.24351812899112701]]",False
early_neutral,6,36,0.988003998667111,0,[0],"[[-0.7473465204238892, -0.029372621327638626], [-0.06322424113750458, -0.05695964768528938], [0.04162390157580376, -0.09667769819498062], [-0.08234357833862305, -0.18383070826530457], [-0.20855259895324707, 0.24233414232730865]]",False
early_neutral,6,37,0.987670776407864,0,[0],"[[-0.7495954036712646, -0.03481019660830498], [-0.06746594607830048, -0.056530412286520004], [0.04019320756196976, -0.10053274035453796], [-0.08698731660842896, -0.18312840163707733], [-0.21478474140167236, 0.24129532277584076]]",False
early_neutral,6,38,0.9873375541486171,0,[0],"[[-0.7512550354003906, -0.040759991854429245], [-0.07228866964578629, -0.054543156176805496], [0.03826216235756874, -0.10452546924352646], [-0.09156374633312225, -0.18243396282196045], [-0.22106635570526123, 0.24039337038993835]]",False
early_neutral,6,39,0.9870043318893702,0,[0],"[[-0.752534031867981, -0.047284506261348724], [-0.07801205664873123, -0.05173833668231964], [0.035563599318265915, -0.10818124562501907], [-0.09618908911943436, -0.18172763288021088], [-0.227227583527565, 0.2395622283220291]]",False
early_neutral,6,40,0.9866711096301233,0,[0],"[[-0.7535132169723511, -0.05426238104701042], [-0.08426535129547119, -0.04801606386899948], [0.03093765303492546, -0.11074873805046082], [-0.0998840183019638, -0.1805548220872879], [-0.2335425168275833, 0.23876126110553741]]",False
early_neutral,6,41,0.9863378873708764,0,[0],"[[-0.7542819380760193, -0.061486635357141495], [-0.09091487526893616, -0.0437493771314621], [0.02646978758275509, -0.1129971519112587], [-0.10419174283742905, -0.1792866438627243], [-0.23905710875988007, 0.23809771239757538]]",False
early_neutral,6,42,0.9860046651116294,0,[0],"[[-0.7548822164535522, -0.06905363500118256], [-0.09811653196811676, -0.0390387661755085], [0.02374967187643051, -0.11507228016853333], [-0.10970548540353775, -0.17833936214447021], [-0.23991434276103973, 0.23799484968185425]]",True
early_neutral,6,43,0.9856714428523825,0,[0],"[[-0.7552946209907532, -0.07473153620958328], [-0.10571176558732986, -0.03409228101372719], [0.024348139762878418, -0.11540256440639496], [-0.11636050045490265, -0.17774811387062073], [-0.2399442195892334, 0.23799042403697968]]",True
early_neutral,6,44,0.9853382205931356,0,[0],"[[-0.7554373145103455, -0.07669609785079956], [-0.11371389776468277, -0.029044168069958687], [0.02801883965730667, -0.11539564281702042], [-0.12382745742797852, -0.17723163962364197], [-0.2421022653579712, 0.23753800988197327]]",True
early_neutral,6,45,0.9850049983338887,0,[0],"[[-0.756520688533783, -0.07580157369375229], [-0.12231514602899551, -0.023775596171617508], [0.03288554772734642, -0.11522229015827179], [-0.13145862519741058, -0.17682240903377533], [-0.24559378623962402, 0.2364848107099533]]",True
early_neutral,6,46,0.9846717760746417,0,[0],"[[-0.7588438391685486, -0.07358476519584656], [-0.13165557384490967, -0.01846807263791561], [0.03917811065912247, -0.11492392420768738], [-0.13671520352363586, -0.1765020191669464], [-0.25015363097190857, 0.2347048670053482]]",True
early_neutral,6,47,0.9843385538153949,0,[0],"[[-0.7615345120429993, -0.07044870406389236], [-0.14187318086624146, -0.013374460861086845], [0.046557486057281494, -0.1144993007183075], [-0.1408565193414688, -0.1762387901544571], [-0.2551725208759308, 0.2326033115386963]]",True
early_neutral,6,48,0.984005331556148,0,[0],"[[-0.7640886306762695, -0.06663575023412704], [-0.1510663479566574, -0.009350758977234364], [0.05441225320100784, -0.1140923798084259], [-0.14426587522029877, -0.17602208256721497], [-0.26047298312187195, 0.2302820235490799]]",True
early_neutral,6,49,0.9836721092969011,0,[0],"[[-0.7650747895240784, -0.06305525451898575], [-0.15939831733703613, -0.00683469558134675], [0.06308834254741669, -0.11365872621536255], [-0.14635013043880463, -0.17588959634304047], [-0.26547154784202576, 0.2279953956604004]]",True
early_neutral,6,50,0.9833388870376542,0,[0],"[[-0.7627161145210266, -0.05953938886523247], [-0.16726338863372803, -0.005209346767514944], [0.07225508987903595, -0.11324957013130188], [-0.14689408242702484, -0.17585502564907074], [-0.26679474115371704, 0.22726815938949585]]",True
early_neutral,6,51,0.9830056647784072,0,[0],"[[-0.7599295377731323, -0.05564182996749878], [-0.17361469566822052, -0.005597406066954136], [0.08229410648345947, -0.1127835288643837], [-0.14458271861076355, -0.17600193619728088], [-0.26679474115371704, 0.22726815938949585]]",True
early_neutral,6,52,0.9826724425191603,0,[0],"[[-0.756578803062439, -0.05404162034392357], [-0.17971926927566528, -0.006859125569462776], [0.09282653778791428, -0.11229272931814194], [-0.14181126654148102, -0.1761283427476883], [-0.26679474115371704, 0.22726815938949585]]",True
early_neutral,6,53,0.9823392202599134,0,[0],"[[-0.7526242136955261, -0.05314921587705612], [-0.1843453198671341, -0.009382043965160847], [0.10353509336709976, -0.11180031299591064], [-0.13845285773277283, -0.17626015841960907], [-0.26681211590766907, 0.22725097835063934]]",True
early_neutral,6,54,0.9820059980006665,0,[0],"[[-0.7504575848579407, -0.05266309529542923], [-0.18828557431697845, -0.012652087025344372], [0.11490187793970108, -0.11124879866838455], [-0.13387367129325867, -0.17647548019886017], [-0.2685389816761017, 0.2257838100194931]]",False
early_neutral,6,55,0.9816727757414195,0,[0],"[[-0.7497132420539856, -0.052461616694927216], [-0.1909772753715515, -0.01643790304660797], [0.12694263458251953, -0.11100322008132935], [-0.12843623757362366, -0.1768142580986023], [-0.2717292606830597, 0.2235979586839676]]",False
early_neutral,6,56,0.9813395534821726,0,[0],"[[-0.7502595782279968, -0.051829710602760315], [-0.1906849592924118, -0.021375011652708054], [0.13932354748249054, -0.11164388060569763], [-0.1219496801495552, -0.17722663283348083], [-0.27478039264678955, 0.22185620665550232]]",False
early_neutral,6,57,0.9810063312229257,0,[0],"[[-0.7524483799934387, -0.04977894574403763], [-0.18881846964359283, -0.026964528486132622], [0.15109924972057343, -0.11318717896938324], [-0.1142200380563736, -0.17776015400886536], [-0.27486884593963623, 0.221807062625885]]",False
early_neutral,6,58,0.9806731089636788,0,[0],"[[-0.755887508392334, -0.04720218852162361], [-0.1866350919008255, -0.03311039134860039], [0.15892240405082703, -0.11552891880273819], [-0.10581564903259277, -0.17943982779979706], [-0.2746075391769409, 0.22172190248966217]]",False
early_neutral,6,59,0.9803398867044318,0,[0],"[[-0.7602989673614502, -0.044143542647361755], [-0.184253990650177, -0.03982524946331978], [0.16118042171001434, -0.11824378371238708], [-0.09728073328733444, -0.18246714770793915], [-0.271586537361145, 0.22072084248065948]]",False
early_neutral,6,60,0.9800066644451849,0,[0],"[[-0.7654256820678711, -0.040643829852342606], [-0.18179772794246674, -0.04669623076915741], [0.15819448232650757, -0.11942887306213379], [-0.08862543106079102, -0.18586570024490356], [-0.26721519231796265, 0.2192358523607254]]",False
early_neutral,6,61,0.979673442185938,0,[0],"[[-0.7709494233131409, -0.03693138435482979], [-0.1792030781507492, -0.053845904767513275], [0.15274864435195923, -0.12010195851325989], [-0.0794784277677536, -0.18961083889007568], [-0.2615184783935547, 0.21735453605651855]]",False
early_neutral,6,62,0.9793402199266911,0,[0],"[[-0.7771872282028198, -0.03279395401477814], [-0.17639295756816864, -0.06139588728547096], [0.14820367097854614, -0.12023109197616577], [-0.06977169960737228, -0.19365829229354858], [-0.25443384051322937, 0.21528810262680054]]",False
early_neutral,6,63,0.9790069976674441,0,[0],"[[-0.7840233445167542, -0.028281765058636665], [-0.17305554449558258, -0.06923847645521164], [0.1468927264213562, -0.1203656792640686], [-0.0592866986989975, -0.19766975939273834], [-0.2461184710264206, 0.2131834477186203]]",False
early_neutral,6,64,0.9786737754081972,0,[0],"[[-0.7914760708808899, -0.023380722850561142], [-0.16904695332050323, -0.0772523507475853], [0.1489705592393875, -0.12077935039997101], [-0.04801877215504646, -0.20143349468708038], [-0.2371109277009964, 0.2111232578754425]]",True
early_neutral,6,65,0.9783405531489503,0,[0],"[[-0.7991647124290466, -0.018334539607167244], [-0.163265198469162, -0.08484996855258942], [0.15170666575431824, -0.12013963609933853], [-0.03608381375670433, -0.20487575232982635], [-0.22717374563217163, 0.2090521901845932]]",True
early_neutral,6,66,0.9780073308897035,0,[0],"[[-0.8072889447212219, -0.01301011722534895], [-0.15464463829994202, -0.09118238836526871], [0.1549833118915558, -0.11890937387943268], [-0.023475339636206627, -0.20774240791797638], [-0.21685463190078735, 0.20705722272396088]]",True
early_neutral,6,67,0.9776741086304566,0,[0],"[[-0.814685583114624, -0.008167591877281666], [-0.1452552080154419, -0.09672454744577408], [0.15939229726791382, -0.1172354593873024], [-0.010372945107519627, -0.21008460223674774], [-0.20593500137329102, 0.2050996869802475]]",True
early_neutral,6,68,0.9773408863712096,0,[0],"[[-0.8195961117744446, -0.004956473596394062], [-0.13668818771839142, -0.09959759563207626], [0.16400057077407837, -0.11522213369607925], [0.0031336199026554823, -0.21180522441864014], [-0.19437098503112793, 0.20313547551631927]]",True
early_neutral,6,69,0.9770076641119627,0,[0],"[[-0.8239269256591797, -0.0021343512926250696], [-0.1297743320465088, -0.09913790971040726], [0.16954731941223145, -0.1132252886891365], [0.016925541684031487, -0.21291787922382355], [-0.18224461376667023, 0.2011694759130478]]",True
early_neutral,6,70,0.9766744418527158,0,[0],"[[-0.8255409598350525, -0.001273706671781838], [-0.12496762722730637, -0.09596158564090729], [0.1768677532672882, -0.11189348995685577], [0.0308972354978323, -0.21348325908184052], [-0.16987431049346924, 0.19927829504013062]]",True
early_neutral,6,71,0.9763412195934689,0,[0],"[[-0.8257551193237305, -0.0011940941913053393], [-0.12166433781385422, -0.09111020714044571], [0.18374958634376526, -0.11181579530239105], [0.04497229680418968, -0.213510662317276], [-0.16008304059505463, 0.19787603616714478]]",True
early_neutral,6,72,0.9760079973342219,0,[0],"[[-0.8257551193237305, -0.0011940941913053393], [-0.11807819455862045, -0.08562671393156052], [0.19172824919223785, -0.11192583292722702], [0.059094544500112534, -0.21313728392124176], [-0.15106602013111115, 0.19671763479709625]]",True
early_neutral,6,73,0.975674775074975,0,[0],"[[-0.8257551193237305, -0.0011940941913053393], [-0.11294969916343689, -0.08002454787492752], [0.20085354149341583, -0.1119585782289505], [0.07323144376277924, -0.21244199573993683], [-0.14379280805587769, 0.1958669275045395]]",True
early_neutral,6,74,0.9753415528157281,0,[0],"[[-0.8257551193237305, -0.0011940941913053393], [-0.10696222633123398, -0.07488186657428741], [0.21022182703018188, -0.11191632598638535], [0.08735822141170502, -0.2114427536725998], [-0.13743466138839722, 0.1952272355556488]]",True
early_neutral,6,75,0.9750083305564812,0,[0],"[[-0.8257551193237305, -0.0011940941913053393], [-0.1015368103981018, -0.07276657968759537], [0.2198629528284073, -0.11191374808549881], [0.10146090388298035, -0.2101850062608719], [-0.13187779486179352, 0.19473527371883392]]",True
early_neutral,6,76,0.9746751082972342,0,[0],"[[-0.8257551193237305, -0.0011940941913053393], [-0.09575658291578293, -0.07370896637439728], [0.22913555800914764, -0.11189620196819305], [0.11535685509443283, -0.20870697498321533], [-0.13101381063461304, 0.19466009736061096]]",True
early_neutral,6,77,0.9743418860379873,0,[0],"[[-0.8257551193237305, -0.0011940941913053393], [-0.0904666930437088, -0.0765557810664177], [0.2385840117931366, -0.1119382306933403], [0.12648499011993408, -0.20760305225849152], [-0.13101381063461304, 0.19466009736061096]]",True
early_neutral,6,78,0.9740086637787404,0,[0],"[[-0.8257551193237305, -0.0011940941913053393], [-0.08512882888317108, -0.08055748790502548], [0.24809184670448303, -0.11198949813842773], [0.13563932478427887, -0.2070731520652771], [-0.13101381063461304, 0.19466009736061096]]",True
early_neutral,6,79,0.9736754415194935,0,[0],"[[-0.8257551193237305, -0.0011940941913053393], [-0.07901135087013245, -0.08494164049625397], [0.257334440946579, -0.11198493093252182], [0.14481475949287415, -0.20672428607940674], [-0.13101381063461304, 0.19466009736061096]]",True
early_neutral,6,80,0.9733422192602466,0,[0],"[[-0.8257551193237305, -0.0011940941913053393], [-0.07251091301441193, -0.0897485613822937], [0.26697424054145813, -0.11212079972028732], [0.15399722754955292, -0.20646515488624573], [-0.12957817316055298, 0.1946180760860443]]",True
early_neutral,6,81,0.9730089970009996,0,[0],"[[-0.8257551193237305, -0.0011940941913053393], [-0.06556769460439682, -0.09499620646238327], [0.2762444317340851, -0.11213360726833344], [0.16318413615226746, -0.2062837928533554], [-0.12554697692394257, 0.194748193025589]]",True
early_neutral,6,82,0.9726757747417527,0,[0],"[[-0.8257551193237305, -0.0011940941913053393], [-0.05839123576879501, -0.10033196955919266], [0.2856910824775696, -0.112352654337883], [0.17237187922000885, -0.20612020790576935], [-0.12014228105545044, 0.19536133110523224]]",True
early_neutral,6,83,0.9723425524825058,0,[0],"[[-0.8257551193237305, -0.0011940941913053393], [-0.05069022625684738, -0.10593957453966141], [0.2951950430870056, -0.11262478679418564], [0.18156002461910248, -0.20596657693386078], [-0.11438211798667908, 0.19629043340682983]]",True
early_neutral,6,84,0.9720093302232589,0,[0],"[[-0.8257551193237305, -0.0011940941913053393], [-0.0424913726747036, -0.11179910600185394], [0.30442479252815247, -0.11272043734788895], [0.19074887037277222, -0.20583195984363556], [-0.10836102813482285, 0.19748899340629578]]",True
early_neutral,6,85,0.971676107964012,0,[0],"[[-0.8257551193237305, -0.0011940941913053393], [-0.033774953335523605, -0.11780800670385361], [0.31406575441360474, -0.11390040069818497], [0.19993847608566284, -0.20572160184383392], [-0.10236606746912003, 0.1989099681377411]]",True
early_neutral,6,86,0.9713428857047651,0,[0],"[[-0.8257551193237305, -0.0011940941913053393], [-0.024607576429843903, -0.12389994412660599], [0.32333776354789734, -0.11410996317863464], [0.20912891626358032, -0.2056483030319214], [-0.09987848997116089, 0.19954603910446167]]",True
early_neutral,6,87,0.9710096634455182,0,[0],"[[-0.8257551193237305, -0.0011940941913053393], [-0.015003630891442299, -0.12999394536018372], [0.33274704217910767, -0.11425666511058807], [0.21832002699375153, -0.20564357936382294], [-0.09987848997116089, 0.19954603910446167]]",True
early_neutral,6,88,0.9706764411862713,0,[1],"[[-0.8257551193237305, -0.0011940941913053393], [-0.004981054924428463, -0.13602644205093384], [0.3429638147354126, -0.11453321576118469], [0.22751064598560333, -0.2057076394557953], [-0.09882451593875885, 0.20018015801906586]]",True
early_neutral,6,89,0.9703432189270244,0,[0],"[[-0.8257551193237305, -0.0011940941913053393], [0.0054202391766011715, -0.14196141064167023], [0.35377979278564453, -0.11479150503873825], [0.23670001327991486, -0.20582564175128937], [-0.09594729542732239, 0.20197035372257233]]",True
early_neutral,6,90,0.9700099966677774,0,[0],"[[-0.8257551193237305, -0.0011940941913053393], [0.016202790662646294, -0.14774274826049805], [0.36275869607925415, -0.11429249495267868], [0.24588754773139954, -0.20599335432052612], [-0.09243377298116684, 0.20424747467041016]]",False
early_neutral,6,91,0.9696767744085305,0,[0],"[[-0.8257551193237305, -0.0011940941913053393], [0.027611829340457916, -0.15309618413448334], [0.3699773848056793, -0.11323893815279007], [0.25482505559921265, -0.2072276622056961], [-0.09171474725008011, 0.204717218875885]]",False
early_neutral,6,92,0.9693435521492836,0,[0],"[[-0.8257551193237305, -0.0011940941913053393], [0.04011097922921181, -0.1574029177427292], [0.3761782944202423, -0.11243748664855957], [0.2632395923137665, -0.20995908975601196], [-0.09171474725008011, 0.204717218875885]]",False
early_neutral,6,93,0.9690103298900367,0,[0],"[[-0.8257551193237305, -0.0011940941913053393], [0.05338382348418236, -0.16061551868915558], [0.3804551959037781, -0.1120140552520752], [0.2724337577819824, -0.2126428633928299], [-0.09171474725008011, 0.204717218875885]]",False
early_neutral,6,94,0.9686771076307897,0,[0],"[[-0.8257551193237305, -0.0011940941913053393], [0.06588874757289886, -0.1620573252439499], [0.38135263323783875, -0.11199850589036942], [0.2823798358440399, -0.21534965932369232], [-0.09171474725008011, 0.204717218875885]]",False
early_neutral,6,95,0.9683438853715428,0,[0],"[[-0.8257551193237305, -0.0011940941913053393], [0.07711458206176758, -0.1606738269329071], [0.3805731236934662, -0.11190684884786606], [0.29244884848594666, -0.21813374757766724], [-0.09110048413276672, 0.20506128668785095]]",False
early_neutral,6,96,0.9680106631122959,0,[0],"[[-0.8257551193237305, -0.0011940941913053393], [0.08848816156387329, -0.15808652341365814], [0.37719276547431946, -0.11147860437631607], [0.3028741180896759, -0.22111093997955322], [-0.08842431753873825, 0.20671895146369934]]",False
early_neutral,6,97,0.967677440853049,0,[0],"[[-0.8257551193237305, -0.0011940941913053393], [0.10023729503154755, -0.1551310271024704], [0.372363805770874, -0.11081880331039429], [0.31178414821624756, -0.22393913567066193], [-0.08503018319606781, 0.20913709700107574]]",False
early_neutral,6,98,0.967344218593802,0,[0],"[[-0.8257551193237305, -0.0011940941913053393], [0.11229541152715683, -0.15192870795726776], [0.36640241742134094, -0.10964368283748627], [0.3198584020137787, -0.22613348066806793], [-0.08380873501300812, 0.21004371345043182]]",False
early_neutral,6,99,0.9670109963345551,0,[0],"[[-0.8257551193237305, -0.0011940941913053393], [0.1250084489583969, -0.14928138256072998], [0.36054524779319763, -0.10791836678981781], [0.32845166325569153, -0.227178156375885], [-0.08380873501300812, 0.21004371345043182]]",True
early_neutral,6,100,0.9666777740753082,0,[0],"[[-0.8257551193237305, -0.0011940941913053393], [0.13821175694465637, -0.14743009209632874], [0.35554149746894836, -0.10539746284484863], [0.3377099633216858, -0.2277059257030487], [-0.08380873501300812, 0.21004371345043182]]",True
early_neutral,6,101,0.9663445518160613,0,[0],"[[-0.8257551193237305, -0.0011940941913053393], [0.14913411438465118, -0.1464511603116989], [0.35260868072509766, -0.10217385739088058], [0.34695321321487427, -0.2285916656255722], [-0.08380873501300812, 0.21004371345043182]]",True
early_neutral,6,102,0.9660113295568143,0,[0],"[[-0.8257551193237305, -0.0011940941913053393], [0.1582861989736557, -0.1469360888004303], [0.3520427346229553, -0.09807565063238144], [0.356094628572464, -0.2292226254940033], [-0.08367293328046799, 0.21009618043899536]]",True
early_neutral,6,103,0.9656781072975674,0,[0],"[[-0.8257551193237305, -0.0011940941913053393], [0.16577379405498505, -0.1480032503604889], [0.3483375310897827, -0.09427309781312943], [0.36435285210609436, -0.22907033562660217], [-0.08117178082466125, 0.21090459823608398]]",True
early_neutral,6,104,0.9653448850383206,0,[0],"[[-0.8257551193237305, -0.0011940941913053393], [0.17172080278396606, -0.1495899260044098], [0.3420051336288452, -0.09092726558446884], [0.37136998772621155, -0.22806759178638458], [-0.07728403061628342, 0.21183142066001892]]",True
early_neutral,6,105,0.9650116627790737,0,[0],"[[-0.8257551193237305, -0.0011940941913053393], [0.17695735394954681, -0.15183869004249573], [0.3342721164226532, -0.08778724074363708], [0.3772391974925995, -0.22578081488609314], [-0.07190234959125519, 0.21274906396865845]]",True
early_neutral,6,106,0.9646784405198268,0,[0],"[[-0.8257551193237305, -0.0011940941913053393], [0.17998257279396057, -0.1552683711051941], [0.3254843056201935, -0.08481359481811523], [0.3840515613555908, -0.22259388864040375], [-0.0660446360707283, 0.21347656846046448]]",True
early_neutral,6,107,0.9643452182605798,0,[0],"[[-0.8257551193237305, -0.0011940941913053393], [0.18221479654312134, -0.1591811627149582], [0.3158622682094574, -0.08190502226352692], [0.3919539153575897, -0.21938340365886688], [-0.0596599206328392, 0.21398653090000153]]",True
early_neutral,6,108,0.9640119960013329,0,[0],"[[-0.8257551193237305, -0.0011940941913053393], [0.1833619326353073, -0.16116909682750702], [0.30622661113739014, -0.07866028696298599], [0.39916080236434937, -0.21623516082763672], [-0.05406283214688301, 0.2142152637243271]]",True
early_neutral,6,109,0.963678773742086,0,[0],"[[-0.8257551193237305, -0.0011940941913053393], [0.1832427829504013, -0.16120164096355438], [0.29626402258872986, -0.07490759342908859], [0.4061504602432251, -0.2123807668685913], [-0.05311596021056175, 0.21420113742351532]]",True
early_neutral,6,110,0.9633455514828391,0,[0],"[[-0.8257551193237305, -0.0011940941913053393], [0.18039129674434662, -0.16201874613761902], [0.2859724164009094, -0.07075097411870956], [0.41316139698028564, -0.208360955119133], [-0.05311596021056175, 0.21420113742351532]]",True
early_neutral,6,111,0.9630123292235921,0,[0],"[[-0.8257551193237305, -0.0011940941913053393], [0.17616434395313263, -0.16331607103347778], [0.275563508272171, -0.06611762940883636], [0.4203619658946991, -0.20451420545578003], [-0.05311596021056175, 0.21420113742351532]]",True
early_neutral,6,112,0.9626791069643452,0,[0],"[[-0.8257551193237305, -0.0011940941913053393], [0.17303811013698578, -0.16433130204677582], [0.26514890789985657, -0.0610540546476841], [0.42794090509414673, -0.201057568192482], [-0.05311596021056175, 0.21420113742351532]]",True
early_neutral,6,113,0.9623458847050983,0,[1],"[[-0.8257551193237305, -0.0011940941913053393], [0.172722727060318, -0.1644379198551178], [0.2548885643482208, -0.05554754287004471], [0.4344545304775238, -0.19742734730243683], [-0.05311596021056175, 0.21420113742351532]]",True
early_neutral,6,114,0.9620126624458514,0,[1],"[[-0.8257551193237305, -0.0011940941913053393], [0.172722727060318, -0.1644379198551178], [0.24487219750881195, -0.049627695232629776], [0.44075942039489746, -0.193229541182518], [-0.05311596021056175, 0.21420113742351532]]",True
early_neutral,6,115,0.9616794401866045,0,[0],"[[-0.8257551193237305, -0.0011940941913053393], [0.172722727060318, -0.1644379198551178], [0.2344721555709839, -0.04381898045539856], [0.44804519414901733, -0.18963909149169922], [-0.05101984739303589, 0.2139725685119629]]",True
early_neutral,6,116,0.9613462179273575,0,[0],"[[-0.8257551193237305, -0.0011940941913053393], [0.172722727060318, -0.1644379198551178], [0.22349831461906433, -0.03833180293440819], [0.4551736116409302, -0.18553423881530762], [-0.046780649572610855, 0.213373601436615]]",True
early_neutral,6,117,0.9610129956681106,0,[0],"[[-0.8257551193237305, -0.0011940941913053393], [0.17549815773963928, -0.16481904685497284], [0.21253594756126404, -0.033806901425123215], [0.46242761611938477, -0.18076108396053314], [-0.04116849973797798, 0.21238499879837036]]",True
early_neutral,6,118,0.9606797734088637,0,[0],"[[-0.8257551193237305, -0.0011940941913053393], [0.18016047775745392, -0.16581030189990997], [0.20405808091163635, -0.03164227679371834], [0.46990177035331726, -0.17575883865356445], [-0.03496755287051201, 0.211268812417984]]",True
early_neutral,6,119,0.9603465511496168,0,[0],"[[-0.8257551193237305, -0.0011940941913053393], [0.18596546351909637, -0.16754455864429474], [0.19851672649383545, -0.03227606788277626], [0.47781023383140564, -0.1703828126192093], [-0.02881607785820961, 0.21016529202461243]]",True
early_neutral,6,120,0.9600133288903698,0,[0],"[[-0.8257551193237305, -0.0011940941913053393], [0.19292216002941132, -0.16972626745700836], [0.1936468482017517, -0.03520434349775314], [0.4861769676208496, -0.16471971571445465], [-0.02614664100110531, 0.20974399149417877]]",True
early_neutral,6,121,0.9596801066311229,0,[0],"[[-0.8257551193237305, -0.0011940941913053393], [0.2009531557559967, -0.1722489446401596], [0.18926861882209778, -0.03949092701077461], [0.49501344561576843, -0.15888018906116486], [-0.02614664100110531, 0.20974399149417877]]",True
early_neutral,6,122,0.9593468843718761,0,[0],"[[-0.8257551193237305, -0.0011940941913053393], [0.2094024419784546, -0.1748184859752655], [0.18461869657039642, -0.04452310502529144], [0.5039202570915222, -0.1532895416021347], [-0.02614664100110531, 0.20974399149417877]]",True
early_neutral,6,123,0.9590136621126292,0,[0],"[[-0.8257551193237305, -0.0011940941913053393], [0.21864019334316254, -0.17746186256408691], [0.17960862815380096, -0.05014243349432945], [0.5111291408538818, -0.14912033081054688], [-0.02614664100110531, 0.20974399149417877]]",True
early_neutral,6,124,0.9586804398533822,0,[0],"[[-0.8257551193237305, -0.0011940941913053393], [0.22856411337852478, -0.1800593137741089], [0.17442147433757782, -0.05614963546395302], [0.5170723795890808, -0.14555665850639343], [-0.02402270957827568, 0.20969000458717346]]",True
early_neutral,6,125,0.9583472175941353,0,[0],"[[-0.8257551193237305, -0.0011940941913053393], [0.23898263275623322, -0.18218402564525604], [0.16910719871520996, -0.06239970400929451], [0.5225746631622314, -0.1440741866827011], [-0.01969420537352562, 0.20949897170066833]]",True
early_neutral,6,126,0.9580139953348884,0,[0],"[[-0.8257551193237305, -0.0011940941913053393], [0.2502828538417816, -0.18392381072044373], [0.163527250289917, -0.0690445676445961], [0.52693772315979, -0.14393021166324615], [-0.013907351531088352, 0.20913124084472656]]",True
early_neutral,6,127,0.9576807730756415,0,[0],"[[-0.8257551193237305, -0.0011940941913053393], [0.26222363114356995, -0.18444623053073883], [0.1577029973268509, -0.0760372057557106], [0.5321589112281799, -0.14468006789684296], [-0.007503614295274019, 0.20872686803340912]]",True
early_neutral,6,128,0.9573475508163946,0,[0],"[[-0.8257551193237305, -0.0011940941913053393], [0.27388429641723633, -0.18221807479858398], [0.1517082154750824, -0.08332115411758423], [0.5401250720024109, -0.14533258974552155], [-0.001149582676589489, 0.20834589004516602]]",True
early_neutral,6,129,0.9570143285571476,0,[0],"[[-0.8257551193237305, -0.0011940941913053393], [0.28472277522087097, -0.17864586412906647], [0.1466919630765915, -0.09068366140127182], [0.5495787262916565, -0.14572563767433167], [0.0015895249089226127, 0.20821058750152588]]",True
early_neutral,6,130,0.9566811062979007,0,[0],"[[-0.8257551193237305, -0.0011940941913053393], [0.29155233502388, -0.1743319034576416], [0.14548543095588684, -0.09663593024015427], [0.5599924921989441, -0.14563868939876556], [0.0018817463424056768, 0.20821325480937958]]",True
early_neutral,6,131,0.9563478840386538,0,[0],"[[-0.8257551193237305, -0.0011940941913053393], [0.29413658380508423, -0.16915041208267212], [0.1487409472465515, -0.10071487724781036], [0.5685046315193176, -0.1454474925994873], [0.00527142034843564, 0.20821641385555267]]",True
early_neutral,6,132,0.9560146617794069,0,[0],"[[-0.8257551193237305, -0.0011940941913053393], [0.2994980812072754, -0.16428624093532562], [0.1548667848110199, -0.10369888693094254], [0.5773274898529053, -0.14497867226600647], [0.010200290940701962, 0.20816025137901306]]",True
early_neutral,6,133,0.9556814395201599,0,[0],"[[-0.8257551193237305, -0.0011940941913053393], [0.3077642619609833, -0.16048535704612732], [0.16223499178886414, -0.10681834816932678], [0.5864853858947754, -0.14409539103507996], [0.01643812470138073, 0.20804215967655182]]",True
early_neutral,6,134,0.955348217260913,0,[0],"[[-0.8257551193237305, -0.0011940941913053393], [0.3169437646865845, -0.1571684181690216], [0.16983182728290558, -0.11029879003763199], [0.5951703190803528, -0.1435222327709198], [0.022869255393743515, 0.20792098343372345]]",True
early_neutral,6,135,0.9550149950016661,0,[0],"[[-0.8257551193237305, -0.0011940941913053393], [0.32688453793525696, -0.153950497508049], [0.17798742651939392, -0.11415975540876389], [0.6044601798057556, -0.1435263603925705], [0.028475191444158554, 0.20781885087490082]]",True
early_neutral,6,136,0.9546817727424192,0,[0],"[[-0.8257551193237305, -0.0011940941913053393], [0.33760619163513184, -0.1507660448551178], [0.18580980598926544, -0.11803913116455078], [0.6146928668022156, -0.14355485141277313], [0.02942153811454773, 0.20781271159648895]]",True
early_neutral,6,137,0.9543485504831722,0,[0],"[[-0.8257551193237305, -0.0011940941913053393], [0.3489376902580261, -0.14751183986663818], [0.1927715390920639, -0.12194277346134186], [0.6237386465072632, -0.14333759248256683], [0.03085806779563427, 0.207854226231575]]",True
early_neutral,6,138,0.9540153282239253,0,[0],"[[-0.8257551193237305, -0.0011940941913053393], [0.3607790470123291, -0.14424754679203033], [0.19918790459632874, -0.12597349286079407], [0.6322152614593506, -0.14319367706775665], [0.03489140793681145, 0.20800022780895233]]",True
early_neutral,6,139,0.9536821059646784,0,[0],"[[-0.8257551193237305, -0.0011940941913053393], [0.37298673391342163, -0.14093339443206787], [0.20337806642055511, -0.12925602495670319], [0.6414679884910583, -0.14319173991680145], [0.04036761447787285, 0.2082514464855194]]",True
early_neutral,6,140,0.9533488837054315,0,[0],"[[-0.8257551193237305, -0.0011940941913053393], [0.385468065738678, -0.13756924867630005], [0.20681650936603546, -0.13279148936271667], [0.6510815620422363, -0.14319933950901031], [0.0463203489780426, 0.20856927335262299]]",True
early_neutral,6,141,0.9530156614461847,0,[0],"[[-0.8257551193237305, -0.0011940941913053393], [0.39811787009239197, -0.1341039538383484], [0.21099714934825897, -0.13558654487133026], [0.6615296006202698, -0.14321696758270264], [0.052590787410736084, 0.20894673466682434]]",True
early_neutral,6,142,0.9526824391869377,0,[0],"[[-0.8257551193237305, -0.0011940941913053393], [0.4107719957828522, -0.13037900626659393], [0.21663911640644073, -0.13726793229579926], [0.6723357439041138, -0.1432405412197113], [0.05899091809988022, 0.20937342941761017]]",True
early_neutral,6,143,0.9523492169276908,0,[0],"[[-0.8257551193237305, -0.0011940941913053393], [0.42340007424354553, -0.12642638385295868], [0.22264142334461212, -0.13830389082431793], [0.6832346320152283, -0.14243367314338684], [0.06536149233579636, 0.20974408090114594]]",True
early_neutral,6,144,0.9520159946684439,0,[0],"[[-0.8257551193237305, -0.0011940941913053393], [0.43608349561691284, -0.12240798026323318], [0.2286321222782135, -0.13772590458393097], [0.6927995085716248, -0.1410202831029892], [0.0716690719127655, 0.21000300347805023]]",True
early_neutral,6,145,0.951682772409197,0,[0],"[[-0.8257551193237305, -0.0011940941913053393], [0.44882339239120483, -0.11836019158363342], [0.23480206727981567, -0.13665951788425446], [0.702025830745697, -0.14101913571357727], [0.07809828221797943, 0.21015840768814087]]",True
early_neutral,6,146,0.95134955014995,0,[0],"[[-0.8257551193237305, -0.0011940941913053393], [0.4615994989871979, -0.11428218334913254], [0.2410176545381546, -0.13557861745357513], [0.7115077376365662, -0.14105452597141266], [0.0845242440700531, 0.2102731168270111]]",True
early_neutral,6,147,0.9510163278907031,0,[0],"[[-0.8257551193237305, -0.0011940941913053393], [0.47439655661582947, -0.11017294973134995], [0.24720022082328796, -0.13442029058933258], [0.7218038439750671, -0.1411510854959488], [0.09081682562828064, 0.21042796969413757]]",True
early_neutral,6,148,0.9506831056314562,0,[0],"[[-0.8257551193237305, -0.0011940941913053393], [0.48720455169677734, -0.10603410005569458], [0.25337454676628113, -0.13324372470378876], [0.7317289113998413, -0.14101208746433258], [0.09724318236112595, 0.21062926948070526]]",True
early_neutral,6,149,0.9503498833722093,0,[0],"[[-0.8257551193237305, -0.0011940941913053393], [0.5000132918357849, -0.10186334699392319], [0.2596028447151184, -0.13219471275806427], [0.7393177151679993, -0.1406993865966797], [0.10365551710128784, 0.21089902520179749]]",True
early_neutral,6,150,0.9500166611129623,0,[0],"[[-0.8257551193237305, -0.0011940941913053393], [0.5128200054168701, -0.09766555577516556], [0.26556286215782166, -0.13131926953792572], [0.7466427683830261, -0.14233370125293732], [0.10991086065769196, 0.2112910896539688]]",True
early_neutral,6,151,0.9496834388537154,0,[0],"[[-0.8257551193237305, -0.0011940941913053393], [0.5256853103637695, -0.09352603554725647], [0.26718276739120483, -0.1310940831899643], [0.7521318793296814, -0.14483942091464996], [0.11629161238670349, 0.21182632446289062]]",True
early_neutral,6,152,0.9493502165944685,0,[0],"[[-0.8257551193237305, -0.0011940941913053393], [0.5386315584182739, -0.08948035538196564], [0.26718276739120483, -0.1310940831899643], [0.7575678825378418, -0.14826993644237518], [0.12262576073408127, 0.21250960230827332]]",True
early_neutral,6,153,0.9490169943352216,0,[0],"[[-0.8257551193237305, -0.0011940941913053393], [0.5516657829284668, -0.0855451300740242], [0.2696123421192169, -0.13113175332546234], [0.7639201879501343, -0.15226811170578003], [0.12873075902462006, 0.21339857578277588]]",True
early_neutral,6,154,0.9486837720759747,0,[0],"[[-0.8257551193237305, -0.0011940941913053393], [0.5648027062416077, -0.08174863457679749], [0.27432432770729065, -0.13104981184005737], [0.7707321643829346, -0.15643034875392914], [0.13490159809589386, 0.21454961597919464]]",True
early_neutral,6,155,0.9483505498167277,0,[0],"[[-0.8257551193237305, -0.0011940941913053393], [0.5780460238456726, -0.07810572534799576], [0.2800959646701813, -0.13072490692138672], [0.7752918004989624, -0.160675510764122], [0.14067663252353668, 0.21584771573543549]]",True
early_neutral,6,156,0.9480173275574808,0,[0],"[[-0.8257551193237305, -0.0011940941913053393], [0.5914498567581177, -0.0747157484292984], [0.28173375129699707, -0.1306217759847641], [0.7809850573539734, -0.16489391028881073], [0.14234228432178497, 0.21615609526634216]]",True
early_neutral,6,157,0.9476841052982339,0,[0],"[[-0.8257551193237305, -0.0011940941913053393], [0.6050132513046265, -0.07160161435604095], [0.28173375129699707, -0.1306217759847641], [0.7875559329986572, -0.16912925243377686], [0.14234228432178497, 0.21615609526634216]]",True
early_neutral,6,158,0.947350883038987,0,[0],"[[-0.8257551193237305, -0.0011940941913053393], [0.6186841726303101, -0.06868886947631836], [0.28173375129699707, -0.1306217759847641], [0.7942365407943726, -0.1733807474374771], [0.14234228432178497, 0.21615609526634216]]",True
early_neutral,6,159,0.94701766077974,0,[0],"[[-0.8257551193237305, -0.0011940941913053393], [0.6324246525764465, -0.06591536849737167], [0.28173375129699707, -0.1306217759847641], [0.8009828329086304, -0.17758798599243164], [0.14236317574977875, 0.21617068350315094]]",True
early_neutral,6,160,0.9466844385204932,0,[0],"[[-0.8257551193237305, -0.0011940941913053393], [0.6462253332138062, -0.06326854228973389], [0.28270548582077026, -0.13070015609264374], [0.8076808452606201, -0.18209677934646606], [0.14400574564933777, 0.21718837320804596]]",True
early_neutral,6,161,0.9463512162612463,0,[0],"[[-0.8257551193237305, -0.0011940941913053393], [0.6600629091262817, -0.06070246547460556], [0.2867802679538727, -0.13097335398197174], [0.8142664432525635, -0.1863841414451599], [0.14700369536876678, 0.21875876188278198]]",True
early_neutral,6,162,0.9460179940019994,0,[0],"[[-0.8257551193237305, -0.0011940941913053393], [0.6739342212677002, -0.05821367725729942], [0.29238492250442505, -0.1312347650527954], [0.8203268647193909, -0.19094794988632202], [0.1513989120721817, 0.22070327401161194]]",True
early_neutral,6,163,0.9456847717427525,0,[0],"[[-0.8257551193237305, -0.0011940941913053393], [0.6878394484519958, -0.055805597454309464], [0.2962252199649811, -0.13137421011924744], [0.8280051946640015, -0.19488225877285004], [0.15650464594364166, 0.2226441651582718]]",True
early_neutral,6,164,0.9453515494835055,0,[0],"[[-0.8257551193237305, -0.0011940941913053393], [0.7017778754234314, -0.05347976088523865], [0.29626867175102234, -0.13137581944465637], [0.8358850479125977, -0.19832417368888855], [0.1622239351272583, 0.22449570894241333]]",True
early_neutral,6,165,0.9450183272242586,0,[1],"[[-0.8257551193237305, -0.0011940941913053393], [0.7157456278800964, -0.05122917518019676], [0.29626867175102234, -0.13137581944465637], [0.8424031734466553, -0.20208977162837982], [0.16785484552383423, 0.2260381132364273]]",True
early_neutral,6,166,0.9446851049650117,0,[1],"[[-0.8257551193237305, -0.0011940941913053393], [0.7297371625900269, -0.049041420221328735], [0.29626867175102234, -0.13137581944465637], [0.8492677211761475, -0.20596492290496826], [0.16950973868370056, 0.2263706773519516]]",True
early_neutral,6,167,0.9443518827057648,0,[0],"[[-0.8257551193237305, -0.0011940941913053393], [0.7434931993484497, -0.04710064083337784], [0.2963332533836365, -0.13138516247272491], [0.8568413257598877, -0.2089945524930954], [0.17032040655612946, 0.2263738363981247]]",True
early_neutral,6,168,0.9440186604465178,0,[0],"[[-0.8257551193237305, -0.0011940941913053393], [0.7569921612739563, -0.045353300869464874], [0.2994038164615631, -0.131930410861969], [0.865104079246521, -0.21252454817295074], [0.17405906319618225, 0.22640766203403473]]",True
early_neutral,6,169,0.9436854381872709,0,[0],"[[-0.8257551193237305, -0.0011940941913053393], [0.7703021764755249, -0.04358590766787529], [0.3041243851184845, -0.13303647935390472], [0.8742101192474365, -0.21582874655723572], [0.1792082041501999, 0.22649194300174713]]",True
early_neutral,6,170,0.943352215928024,0,[0],"[[-0.8257551193237305, -0.0011940941913053393], [0.7834008932113647, -0.04190227761864662], [0.3091001808643341, -0.13448277115821838], [0.8836850523948669, -0.21932104229927063], [0.18159925937652588, 0.22652870416641235]]",True
early_neutral,6,171,0.9430189936687771,0,[0],"[[-0.8257551193237305, -0.0011940941913053393], [0.7969220280647278, -0.03995861858129501], [0.30988600850105286, -0.13471536338329315], [0.8937717080116272, -0.2230859398841858], [0.18189150094985962, 0.22653000056743622]]",True
early_neutral,6,172,0.9426857714095301,0,[0],"[[-0.8257551193237305, -0.0011940941913053393], [0.8107232451438904, -0.0378619059920311], [0.30988600850105286, -0.13471536338329315], [0.9044522643089294, -0.2270156890153885], [0.18528087437152863, 0.2265457659959793]]",True
early_neutral,6,173,0.9423525491502832,0,[0],"[[-0.8257551193237305, -0.0011940941913053393], [0.8246184587478638, -0.03587542101740837], [0.30988600850105286, -0.13471536338329315], [0.9156408309936523, -0.2309885025024414], [0.19020937383174896, 0.2265705168247223]]",True
early_neutral,6,174,0.9420193268910363,0,[0],"[[-0.8257551193237305, -0.0011940941913053393], [0.8385995030403137, -0.03402511030435562], [0.30988600850105286, -0.13471536338329315], [0.9272456169128418, -0.2349715232849121], [0.19614963233470917, 0.22659564018249512]]",True
early_neutral,6,175,0.9416861046317894,0,[0],"[[-0.8257551193237305, -0.0011940941913053393], [0.8527166843414307, -0.03255745768547058], [0.31069543957710266, -0.13548775017261505], [0.939209520816803, -0.2389037013053894], [0.20226287841796875, 0.226608008146286]]",True
early_neutral,6,176,0.9413528823725424,0,[0],"[[-0.8257551193237305, -0.0011940941913053393], [0.8669565916061401, -0.03157706558704376], [0.31325089931488037, -0.1375110000371933], [0.9510985016822815, -0.24264255166053772], [0.20869670808315277, 0.22660702466964722]]",True
early_neutral,6,177,0.9410196601132955,0,[0],"[[-0.8257551193237305, -0.0011940941913053393], [0.8812718391418457, -0.031065402552485466], [0.31687381863594055, -0.13980919122695923], [0.9620305895805359, -0.24616795778274536], [0.21357692778110504, 0.22659920156002045]]",True
early_neutral,6,178,0.9406864378540486,0,[0],"[[-0.8257551193237305, -0.0011940941913053393], [0.8956212401390076, -0.030984528362751007], [0.3176758289337158, -0.14029598236083984], [0.9727605581283569, -0.2492610365152359], [0.21396437287330627, 0.226598858833313]]",True
early_neutral,6,179,0.9403532155948018,0,[0],"[[-0.8257551193237305, -0.0011940941913053393], [0.9096856713294983, -0.03129089996218681], [0.3176758289337158, -0.14029598236083984], [0.9822728633880615, -0.2518487274646759], [0.21396437287330627, 0.226598858833313]]",False
early_neutral,6,180,0.9400199933355549,0,[0],"[[-0.8257551193237305, -0.0011940941913053393], [0.9206607937812805, -0.03180445358157158], [0.31879785656929016, -0.14146952331066132], [0.9910289645195007, -0.25439539551734924], [0.21396437287330627, 0.226598858833313]]",False
early_neutral,6,181,0.9396867710763079,0,[0],"[[-0.8257551193237305, -0.0011940941913053393], [0.9297248125076294, -0.03278958797454834], [0.3211716115474701, -0.14382101595401764], [0.9973645210266113, -0.2562370002269745], [0.21477444469928741, 0.22658541798591614]]",False
early_neutral,6,182,0.939353548817061,0,[0],"[[-0.8257551193237305, -0.0011940941913053393], [0.9372063279151917, -0.03508193790912628], [0.3247712552547455, -0.14659003913402557], [1.0023021697998047, -0.2577260434627533], [0.21848447620868683, 0.22630548477172852]]",False
early_neutral,6,183,0.9390203265578141,0,[0],"[[-0.8257551193237305, -0.0011940941913053393], [0.9414326548576355, -0.039826180785894394], [0.3301812410354614, -0.14838561415672302], [1.006044626235962, -0.25886160135269165], [0.22354504466056824, 0.2254868447780609]]",False
early_neutral,6,184,0.9386871042985672,0,[0],"[[-0.8257551193237305, -0.0011940941913053393], [0.9429910182952881, -0.0451362244784832], [0.3361084461212158, -0.1498280167579651], [1.0082842111587524, -0.25938957929611206], [0.22988805174827576, 0.22417795658111572]]",False
early_neutral,6,185,0.9383538820393202,0,[0],"[[-0.8257551193237305, -0.0011940941913053393], [0.9426128268241882, -0.04930107668042183], [0.33860254287719727, -0.15044181048870087], [1.008232593536377, -0.25928688049316406], [0.23743076622486115, 0.2224857658147812]]",False
early_neutral,6,186,0.9380206597800733,0,[0],"[[-0.8257551193237305, -0.0011940941913053393], [0.9431102275848389, -0.0538368783891201], [0.33860254287719727, -0.15044181048870087], [1.0064568519592285, -0.2589884102344513], [0.2446160763502121, 0.22079841792583466]]",False
early_neutral,6,187,0.9376874375208264,0,[0],"[[-0.8257551193237305, -0.0011940941913053393], [0.9433645606040955, -0.05946061387658119], [0.3402758240699768, -0.1504499316215515], [1.0024596452713013, -0.25826770067214966], [0.2507251799106598, 0.2194855958223343]]",False
early_neutral,6,188,0.9373542152615795,0,[0],"[[-0.8257551193237305, -0.0011940941913053393], [0.943003237247467, -0.06458187848329544], [0.3446764349937439, -0.15058906376361847], [0.9971471428871155, -0.2570742666721344], [0.25688743591308594, 0.21828261017799377]]",False
early_neutral,6,189,0.9370209930023325,0,[0],"[[-0.8257551193237305, -0.0011940941913053393], [0.9420955777168274, -0.06773733347654343], [0.3504874110221863, -0.15099526941776276], [0.990399956703186, -0.25568056106567383], [0.2631145119667053, 0.21723099052906036]]",False
early_neutral,6,190,0.9366877707430856,0,[0],"[[-0.8257551193237305, -0.0011940941913053393], [0.9413812160491943, -0.06914389878511429], [0.35312512516975403, -0.15120767056941986], [0.9822853207588196, -0.2543565630912781], [0.2694018483161926, 0.2163439840078354]]",True
early_neutral,6,191,0.9363545484838387,0,[0],"[[-0.8257551193237305, -0.0011940941913053393], [0.9409325122833252, -0.06979448348283768], [0.35312512516975403, -0.15120767056941986], [0.9729537963867188, -0.2532176673412323], [0.27544355392456055, 0.21649426221847534]]",True
early_neutral,6,192,0.9360213262245918,0,[0],"[[-0.8257551193237305, -0.0011940941913053393], [0.9402948021888733, -0.06982232630252838], [0.35312512516975403, -0.15120767056941986], [0.9628264307975769, -0.25216516852378845], [0.28147655725479126, 0.21761390566825867]]",True
early_neutral,6,193,0.9356881039653449,0,[0],"[[-0.8257551193237305, -0.0011940941913053393], [0.9409717321395874, -0.0685756579041481], [0.35312512516975403, -0.15120767056941986], [0.9524019956588745, -0.2510019838809967], [0.2868969440460205, 0.21854829788208008]]",True
early_neutral,6,194,0.9353548817060979,0,[0],"[[-0.8257551193237305, -0.0011940941913053393], [0.9421250820159912, -0.06744275242090225], [0.35312512516975403, -0.15120767056941986], [0.9419401288032532, -0.24978357553482056], [0.28774261474609375, 0.21868591010570526]]",True
early_neutral,6,195,0.935021659446851,0,[0],"[[-0.8257551193237305, -0.0011940941913053393], [0.9428456425666809, -0.06585463136434555], [0.35312512516975403, -0.15120767056941986], [0.930889904499054, -0.24856498837471008], [0.28777363896369934, 0.2186899334192276]]",True
early_neutral,6,196,0.9346884371876041,0,[0],"[[-0.8257551193237305, -0.0011940941913053393], [0.9429196715354919, -0.06486212462186813], [0.35312512516975403, -0.15120767056941986], [0.919839084148407, -0.24701152741909027], [0.29054489731788635, 0.21909859776496887]]",False
early_neutral,6,197,0.9343552149283573,0,[0],"[[-0.8257551193237305, -0.0011940941913053393], [0.9426249265670776, -0.06424792110919952], [0.3542923927307129, -0.1500529944896698], [0.9119676947593689, -0.24559123814105988], [0.2950204014778137, 0.21987931430339813]]",False
early_neutral,6,198,0.9340219926691103,0,[0],"[[-0.8257551193237305, -0.0011940941913053393], [0.942253828048706, -0.06359746307134628], [0.3567625880241394, -0.1477440595626831], [0.9077636003494263, -0.24459584057331085], [0.3007209599018097, 0.22035345435142517]]",False
early_neutral,6,199,0.9336887704098634,0,[0],"[[-0.8257551193237305, -0.0011940941913053393], [0.9404923915863037, -0.06207084655761719], [0.3605176508426666, -0.14494967460632324], [0.9051693677902222, -0.2430281639099121], [0.30682483315467834, 0.2196274697780609]]",False
early_neutral,6,200,0.9333555481506165,0,[0],"[[-0.8257551193237305, -0.0011940941913053393], [0.9375557899475098, -0.0602605938911438], [0.36690056324005127, -0.14309534430503845], [0.9040343761444092, -0.24085576832294464], [0.3131016790866852, 0.21871447563171387]]",False
early_neutral,6,201,0.9330223258913696,0,[0],"[[-0.8257551193237305, -0.0011940941913053393], [0.9330942630767822, -0.058899130672216415], [0.37486034631729126, -0.14179067313671112], [0.9039818048477173, -0.23844878375530243], [0.31929951906204224, 0.21759562194347382]]",False
early_neutral,6,202,0.9326891036321227,0,[0],"[[-0.8257551193237305, -0.0011940941913053393], [0.9267125129699707, -0.05845110863447189], [0.3839397430419922, -0.14053592085838318], [0.9076426029205322, -0.2366398572921753], [0.32532942295074463, 0.21613915264606476]]",False
early_neutral,6,203,0.9323558813728757,0,[0],"[[-0.8257551193237305, -0.0011940941913053393], [0.919100284576416, -0.0585322305560112], [0.394000768661499, -0.13939222693443298], [0.9135753512382507, -0.23615363240242004], [0.33172693848609924, 0.21421058475971222]]",False
early_neutral,6,204,0.9320226591136288,0,[0],"[[-0.8257551193237305, -0.0011940941913053393], [0.9100233912467957, -0.05851463973522186], [0.4046700894832611, -0.13844193518161774], [0.9169582724571228, -0.23601412773132324], [0.3390171229839325, 0.2115650475025177]]",False
early_neutral,6,205,0.9316894368543819,0,[0],"[[-0.8257551193237305, -0.0011940941913053393], [0.8999963998794556, -0.05829980969429016], [0.41566237807273865, -0.13772252202033997], [0.9176079630851746, -0.2359740436077118], [0.34613415598869324, 0.2085825800895691]]",False
early_neutral,6,206,0.931356214595135,0,[0],"[[-0.8257551193237305, -0.0011940941913053393], [0.8897874355316162, -0.05851143226027489], [0.4273275136947632, -0.13718374073505402], [0.9163394570350647, -0.23528119921684265], [0.34924063086509705, 0.20725786685943604]]",False
early_neutral,6,207,0.931022992335888,0,[0],"[[-0.8257551193237305, -0.0011940941913053393], [0.8789916038513184, -0.05942227691411972], [0.4395648241043091, -0.13661445677280426], [0.9129003882408142, -0.23349207639694214], [0.34952235221862793, 0.2071368247270584]]",False
early_neutral,6,208,0.9306897700766411,0,[0],"[[-0.8257551193237305, -0.0011940941913053393], [0.8676199316978455, -0.060812074691057205], [0.4522536098957062, -0.13592295348644257], [0.9081887602806091, -0.23115922510623932], [0.3470657467842102, 0.20802412927150726]]",False
early_neutral,6,209,0.9303565478173942,0,[0],"[[-0.8257551193237305, -0.0011940941913053393], [0.8555899858474731, -0.06231941282749176], [0.4652850329875946, -0.13508911430835724], [0.9023202061653137, -0.22830942273139954], [0.34304553270339966, 0.20928682386875153]]",False
early_neutral,6,210,0.9300233255581473,0,[0],"[[-0.8257551193237305, -0.0011940941913053393], [0.8430368304252625, -0.06378558278083801], [0.47855302691459656, -0.13400374352931976], [0.8954305648803711, -0.22497422993183136], [0.3386000096797943, 0.21052265167236328]]",False
early_neutral,6,211,0.9296901032989003,0,[0],"[[-0.8257551193237305, -0.0011940941913053393], [0.8304112553596497, -0.0661320760846138], [0.4914921820163727, -0.13275353610515594], [0.8879498839378357, -0.22134321928024292], [0.3343139588832855, 0.21168963611125946]]",False
early_neutral,6,212,0.9293568810396534,0,[0],"[[-0.8257551193237305, -0.0011940941913053393], [0.8182855248451233, -0.06989069283008575], [0.500812828540802, -0.13187497854232788], [0.8800101280212402, -0.21743537485599518], [0.3299841582775116, 0.21285100281238556]]",False
early_neutral,6,213,0.9290236587804065,0,[0],"[[-0.8257551193237305, -0.0011940941913053393], [0.8068625926971436, -0.074770487844944], [0.5044412016868591, -0.13153015077114105], [0.8714874982833862, -0.2131723314523697], [0.32557111978530884, 0.21402882039546967]]",False
early_neutral,6,214,0.9286904365211596,0,[0],"[[-0.8257551193237305, -0.0011940941913053393], [0.7966980934143066, -0.08087895810604095], [0.5028570890426636, -0.1305849701166153], [0.8629701137542725, -0.20878367125988007], [0.321156769990921, 0.21520455181598663]]",False
early_neutral,6,215,0.9283572142619126,0,[0],"[[-0.8257551193237305, -0.0011940941913053393], [0.7875843644142151, -0.0877799466252327], [0.4997680187225342, -0.12910223007202148], [0.8540869355201721, -0.20406486093997955], [0.3168858587741852, 0.21634060144424438]]",False
early_neutral,6,216,0.9280239920026658,0,[0],"[[-0.8257551193237305, -0.0011940941913053393], [0.7779219746589661, -0.09444690495729446], [0.4953293800354004, -0.12724004685878754], [0.8447428345680237, -0.19908694922924042], [0.3126307725906372, 0.217472106218338]]",False
early_neutral,6,217,0.9276907697434189,0,[0],"[[-0.8257551193237305, -0.0011940941913053393], [0.7676290273666382, -0.10077366977930069], [0.48979005217552185, -0.12475269287824631], [0.8348104357719421, -0.19404593110084534], [0.3084825873374939, 0.21857485175132751]]",False
early_neutral,6,218,0.927357547484172,0,[0],"[[-0.8257551193237305, -0.0011940941913053393], [0.7568108439445496, -0.10677576065063477], [0.483418732881546, -0.1215473860502243], [0.8243950009346008, -0.1889813393354416], [0.30444130301475525, 0.219649076461792]]",False
early_neutral,6,219,0.9270243252249251,0,[0],"[[-0.8257551193237305, -0.0011940941913053393], [0.7455273270606995, -0.11244922131299973], [0.47656571865081787, -0.11767014116048813], [0.814235508441925, -0.18438853323459625], [0.3004409372806549, 0.22071240842342377]]",False
early_neutral,6,220,0.9266911029656781,0,[0],"[[-0.8257551193237305, -0.0011940941913053393], [0.733755350112915, -0.1177210584282875], [0.46998679637908936, -0.11349474638700485], [0.8044431209564209, -0.17928946018218994], [0.29680803418159485, 0.22167803347110748]]",False
early_neutral,6,221,0.9263578807064312,0,[0],"[[-0.8257551193237305, -0.0011940941913053393], [0.721444308757782, -0.12247375398874283], [0.46371957659721375, -0.1091202050447464], [0.7957695722579956, -0.17445766925811768], [0.2931751310825348, 0.2226436585187912]]",False
early_neutral,6,222,0.9260246584471843,0,[0],"[[-0.8257551193237305, -0.0011940941913053393], [0.7086710333824158, -0.12670597434043884], [0.45761123299598694, -0.10465140640735626], [0.7876551151275635, -0.1695249080657959], [0.2899422347545624, 0.2230393886566162]]",False
early_neutral,6,223,0.9256914361879374,0,[0],"[[-0.8257551193237305, -0.0011940941913053393], [0.6956236958503723, -0.13059097528457642], [0.451819509267807, -0.10023791342973709], [0.7798312902450562, -0.16439136862754822], [0.28682443499565125, 0.22370247542858124]]",False
early_neutral,6,224,0.9253582139286904,0,[0],"[[-0.8257551193237305, -0.0011940941913053393], [0.6823534965515137, -0.1341594159603119], [0.4473932087421417, -0.09708812087774277], [0.7720334529876709, -0.15922145545482635], [0.2836991548538208, 0.2245221734046936]]",False
early_neutral,6,225,0.9250249916694435,0,[0],"[[-0.8257551193237305, -0.0011940941913053393], [0.6690000295639038, -0.13760896027088165], [0.4428141117095947, -0.09414776414632797], [0.7644400000572205, -0.15408964455127716], [0.2827024757862091, 0.22503836452960968]]",False
early_neutral,6,226,0.9246917694101966,0,[0],"[[-0.8257551193237305, -0.0011940941913053393], [0.6556684374809265, -0.14110425114631653], [0.43754613399505615, -0.09109347313642502], [0.7571070790290833, -0.14883962273597717], [0.28412672877311707, 0.22445842623710632]]",False
early_neutral,6,227,0.9243585471509497,0,[0],"[[-0.8257551193237305, -0.0011940941913053393], [0.642371416091919, -0.144662007689476], [0.4310126304626465, -0.08772000670433044], [0.749675452709198, -0.1429283171892166], [0.28571072220802307, 0.22381344437599182]]",False
early_neutral,6,228,0.9240253248917027,0,[0],"[[-0.8257551193237305, -0.0011940941913053393], [0.629149317741394, -0.14834129810333252], [0.42350631952285767, -0.08430492132902145], [0.7417085766792297, -0.13673712313175201], [0.2873423397541046, 0.22314909100532532]]",False
early_neutral,6,229,0.9236921026324558,0,[0],"[[-0.8257551193237305, -0.0011940941913053393], [0.6160824298858643, -0.15212006866931915], [0.41558340191841125, -0.08127656579017639], [0.7340880632400513, -0.1301388442516327], [0.28884798288345337, 0.22253599762916565]]",False
early_neutral,6,230,0.9233588803732089,0,[0],"[[-0.8257551193237305, -0.0011940941913053393], [0.6052933931350708, -0.15527474880218506], [0.40730762481689453, -0.07867822051048279], [0.7268628478050232, -0.12325254827737808], [0.2899470627307892, 0.22208848595619202]]",False
early_neutral,6,231,0.923025658113962,0,[0],"[[-0.8257551193237305, -0.0011940941913053393], [0.5991402268409729, -0.15707391500473022], [0.3986762762069702, -0.07644341886043549], [0.7197078466415405, -0.11619510501623154], [0.2899470627307892, 0.22208848595619202]]",False
early_neutral,6,232,0.922692435854715,0,[0],"[[-0.8257551193237305, -0.0011940941913053393], [0.5985687971115112, -0.15826120972633362], [0.38908955454826355, -0.0744096040725708], [0.7127231955528259, -0.10870099812746048], [0.2899470627307892, 0.22208848595619202]]",False
early_neutral,6,233,0.9223592135954681,0,[0],"[[-0.8257551193237305, -0.0011940941913053393], [0.6005910634994507, -0.16060501337051392], [0.3789510428905487, -0.07235773652791977], [0.7056689262390137, -0.1009511798620224], [0.2899470627307892, 0.22208848595619202]]",False
early_neutral,6,234,0.9220259913362212,0,[0],"[[-0.8257551193237305, -0.0011940941913053393], [0.6031226515769958, -0.16363921761512756], [0.368719220161438, -0.06978776305913925], [0.6982982754707336, -0.09323897957801819], [0.2899470627307892, 0.22208848595619202]]",False
early_neutral,6,235,0.9216927690769744,0,[0],"[[-0.8257551193237305, -0.0011940941913053393], [0.6015897989273071, -0.16640378534793854], [0.3581385016441345, -0.06664819270372391], [0.6905568242073059, -0.0856151282787323], [0.29008615016937256, 0.22146014869213104]]",True
early_neutral,6,236,0.9213595468177275,0,[0],"[[-0.8257551193237305, -0.0011940941913053393], [0.5967350006103516, -0.16860955953598022], [0.3471883237361908, -0.0631243959069252], [0.6822568774223328, -0.07819162309169769], [0.29236409068107605, 0.22094863653182983]]",True
early_neutral,6,237,0.9210263245584805,0,[0],"[[-0.8257551193237305, -0.0011940941913053393], [0.5902446508407593, -0.1707436591386795], [0.3360554873943329, -0.059158917516469955], [0.6733995079994202, -0.07100492715835571], [0.2966183125972748, 0.22109916806221008]]",True
early_neutral,6,238,0.9206931022992336,0,[0],"[[-0.8257551193237305, -0.0011940941913053393], [0.5823166370391846, -0.17285290360450745], [0.32480505108833313, -0.05483980476856232], [0.6638633012771606, -0.06416399776935577], [0.3022488057613373, 0.22123229503631592]]",True
early_neutral,6,239,0.9203598800399867,0,[0],"[[-0.8257551193237305, -0.0011940941913053393], [0.5735114216804504, -0.1747060865163803], [0.3135361671447754, -0.05018487572669983], [0.6536468863487244, -0.05772608146071434], [0.30898407101631165, 0.22204144299030304]]",True
early_neutral,6,240,0.9200266577807398,0,[0],"[[-0.8257551193237305, -0.0011940941913053393], [0.5641043782234192, -0.17626085877418518], [0.3023155927658081, -0.0452224500477314], [0.6429628133773804, -0.05159524083137512], [0.31388261914253235, 0.22220322489738464]]",True
early_neutral,6,241,0.9196934355214929,0,[0],"[[-0.8257551193237305, -0.0011940941913053393], [0.5537289977073669, -0.17759078741073608], [0.2911827862262726, -0.03998937830328941], [0.6320382356643677, -0.04563051089644432], [0.31804358959198, 0.22221848368644714]]",True
early_neutral,6,242,0.9193602132622459,0,[0],"[[-0.8257551193237305, -0.0011940941913053393], [0.5430480241775513, -0.17855259776115417], [0.28018712997436523, -0.03449803218245506], [0.6209118366241455, -0.039813436567783356], [0.32146912813186646, 0.2222284972667694]]",True
early_neutral,6,243,0.919026991002999,0,[0],"[[-0.8257551193237305, -0.0011940941913053393], [0.5316974520683289, -0.17915217578411102], [0.26929372549057007, -0.028820089995861053], [0.6097357869148254, -0.03402727469801903], [0.32356327772140503, 0.2222331017255783]]",True
early_neutral,6,244,0.9186937687437521,0,[0],"[[-0.8257551193237305, -0.0011940941913053393], [0.5196812748908997, -0.1794799417257309], [0.25849226117134094, -0.022993745282292366], [0.598531186580658, -0.028257597237825394], [0.32398319244384766, 0.2222338169813156]]",True
early_neutral,6,245,0.9183605464845052,0,[0],"[[-0.8257551193237305, -0.0011940941913053393], [0.507104754447937, -0.17948615550994873], [0.24789252877235413, -0.016959231346845627], [0.5873787999153137, -0.022480294108390808], [0.3216609060764313, 0.22223235666751862]]",True
early_neutral,6,246,0.9180273242252582,0,[0],"[[-0.8257551193237305, -0.0011940941913053393], [0.4941096603870392, -0.17911310493946075], [0.2377500981092453, -0.010562079958617687], [0.5763840079307556, -0.01664697378873825], [0.3169189393520355, 0.22232498228549957]]",True
early_neutral,6,247,0.9176941019660113,0,[0],"[[-0.8257551193237305, -0.0011940941913053393], [0.48078393936157227, -0.1787005066871643], [0.2281404733657837, -0.003798715304583311], [0.5653941035270691, -0.010833673179149628], [0.31236839294433594, 0.22228562831878662]]",True
early_neutral,6,248,0.9173608797067644,0,[0],"[[-0.8257551193237305, -0.0011940941913053393], [0.46720007061958313, -0.1783301681280136], [0.21946163475513458, 0.003494946751743555], [0.5542382001876831, -0.005154459737241268], [0.30780988931655884, 0.22226229310035706]]",True
early_neutral,6,249,0.9170276574475175,0,[0],"[[-0.8257551193237305, -0.0011940941913053393], [0.4534236490726471, -0.177930548787117], [0.21189630031585693, 0.011309618130326271], [0.542938232421875, 0.00039208075031638145], [0.3059546947479248, 0.22226203978061676]]",True
early_neutral,6,250,0.9166944351882705,0,[0],"[[-0.8257551193237305, -0.0011940941913053393], [0.43950769305229187, -0.1774226278066635], [0.2057982236146927, 0.018606746569275856], [0.5315495133399963, 0.00581394974142313], [0.3058401048183441, 0.222262904047966]]",True
early_neutral,6,251,0.9163612129290236,0,[0],"[[-0.8257551193237305, -0.0011940941913053393], [0.4254901707172394, -0.17680522799491882], [0.20247207581996918, 0.0244000144302845], [0.51983243227005, 0.010929655283689499], [0.3054080903530121, 0.22226621210575104]]",True
early_neutral,6,252,0.9160279906697767,0,[0],"[[-0.8257551193237305, -0.0011940941913053393], [0.41140374541282654, -0.17605169117450714], [0.20049510896205902, 0.030237944796681404], [0.5077319741249084, 0.015850195661187172], [0.30497610569000244, 0.22226952016353607]]",True
early_neutral,6,253,0.9156947684105298,0,[0],"[[-0.8257551193237305, -0.0011940941913053393], [0.39727216958999634, -0.17516113817691803], [0.19942903518676758, 0.036176033318042755], [0.4955017864704132, 0.0206455085426569], [0.3045107424259186, 0.22227419912815094]]",True
early_neutral,6,254,0.915361546151283,0,[0],"[[-0.8257551193237305, -0.0011940941913053393], [0.3831126391887665, -0.1741439700126648], [0.19925563037395477, 0.04212481155991554], [0.4831666052341461, 0.02533528208732605], [0.3039787709712982, 0.2222796231508255]]",True
early_neutral,6,255,0.915028323892036,0,[0],"[[-0.8257551193237305, -0.0011940941913053393], [0.36893871426582336, -0.17300452291965485], [0.19969744980335236, 0.04659360647201538], [0.4708274006843567, 0.030027741566300392], [0.3037276268005371, 0.22228220105171204]]",True
early_neutral,6,256,0.9146951016327891,0,[0],"[[-0.8257551193237305, -0.0011940941913053393], [0.3547608256340027, -0.17174772918224335], [0.20072387158870697, 0.050725262612104416], [0.4584989547729492, 0.034737590700387955], [0.3036912977695465, 0.22228258848190308]]",True
early_neutral,6,257,0.9143618793735422,0,[0],"[[-0.8257551193237305, -0.0011940941913053393], [0.34058624505996704, -0.17038176953792572], [0.20223915576934814, 0.05479348823428154], [0.4462164044380188, 0.03950190171599388], [0.3036341667175293, 0.22226686775684357]]",True
early_neutral,6,258,0.9140286571142953,0,[0],"[[-0.8257551193237305, -0.0011940941913053393], [0.3264218270778656, -0.16890759766101837], [0.20408882200717926, 0.05880283936858177], [0.43400081992149353, 0.044341541826725006], [0.3035730719566345, 0.22222943603992462]]",True
early_neutral,6,259,0.9136954348550483,0,[0],"[[-0.8257551193237305, -0.0011940941913053393], [0.3122725188732147, -0.16732871532440186], [0.20613038539886475, 0.06255004554986954], [0.42184746265411377, 0.04924924671649933], [0.3035171329975128, 0.2221950888633728]]",True
early_neutral,6,260,0.9133622125958014,0,[0],"[[-0.8257551193237305, -0.0011940941913053393], [0.29814276099205017, -0.16564610600471497], [0.20670203864574432, 0.06356166303157806], [0.40974172949790955, 0.0542081780731678], [0.30347520112991333, 0.22216574847698212]]",True
early_neutral,6,261,0.9130289903365545,0,[0],"[[-0.8257551193237305, -0.0011940941913053393], [0.28403908014297485, -0.163851797580719], [0.20670203864574432, 0.06356166303157806], [0.3976852297782898, 0.059218812733888626], [0.30320802330970764, 0.22160212695598602]]",True
early_neutral,6,262,0.9126957680773076,0,[0],"[[-0.8257551193237305, -0.0011940941913053393], [0.2699671685695648, -0.1619393676519394], [0.20670203864574432, 0.06356166303157806], [0.38569706678390503, 0.06429919600486755], [0.3030097782611847, 0.22120192646980286]]",True
early_neutral,6,263,0.9123625458180606,0,[0],"[[-0.8257551193237305, -0.0011940941913053393], [0.25653523206710815, -0.16001643240451813], [0.20670203864574432, 0.06356166303157806], [0.37378352880477905, 0.06945409625768661], [0.30276232957839966, 0.22115586698055267]]",True
early_neutral,6,264,0.9120293235588137,0,[0],"[[-0.8257551193237305, -0.0011940941913053393], [0.24651320278644562, -0.15845486521720886], [0.20670203864574432, 0.06356166303157806], [0.36197003722190857, 0.07470584660768509], [0.302421510219574, 0.22079868614673615]]",False
early_neutral,6,265,0.9116961012995668,0,[0],"[[-0.8257551193237305, -0.0011940941913053393], [0.2376859039068222, -0.15684346854686737], [0.20601807534694672, 0.06462596356868744], [0.35028815269470215, 0.08008124679327011], [0.30214035511016846, 0.22034519910812378]]",False
early_neutral,6,266,0.9113628790403199,0,[0],"[[-0.8257551193237305, -0.0011940941913053393], [0.23080873489379883, -0.15368707478046417], [0.20461660623550415, 0.06718381494283676], [0.33868491649627686, 0.08552870899438858], [0.30135029554367065, 0.22005149722099304]]",False
early_neutral,6,267,0.911029656781073,0,[0],"[[-0.8257551193237305, -0.0011940941913053393], [0.22611624002456665, -0.14869137108325958], [0.20335076749324799, 0.07072125375270844], [0.32688573002815247, 0.09079482406377792], [0.29824668169021606, 0.22001558542251587]]",False
early_neutral,6,268,0.910696434521826,0,[0],"[[-0.8257551193237305, -0.0011940941913053393], [0.22288912534713745, -0.1441667228937149], [0.20477551221847534, 0.0750826746225357], [0.3148666322231293, 0.09584619849920273], [0.2936500906944275, 0.2199377864599228]]",False
early_neutral,6,269,0.9103632122625791,0,[0],"[[-0.8257551193237305, -0.0011940941913053393], [0.221100315451622, -0.14014855027198792], [0.2082645744085312, 0.079704649746418], [0.30289188027381897, 0.10094217211008072], [0.2877053916454315, 0.21979770064353943]]",False
early_neutral,6,270,0.9100299900033322,0,[0],"[[-0.8257551193237305, -0.0011940941913053393], [0.22016124427318573, -0.1363668590784073], [0.21256141364574432, 0.08471362292766571], [0.29111501574516296, 0.10622991621494293], [0.28057488799095154, 0.2193554788827896]]",False
early_neutral,6,271,0.9096967677440853,0,[0],"[[-0.8257551193237305, -0.0011940941913053393], [0.2199946492910385, -0.13557101786136627], [0.21714961528778076, 0.09023723751306534], [0.2796325385570526, 0.11178342998027802], [0.2726852297782898, 0.2186962068080902]]",False
early_neutral,6,272,0.9093635454848384,0,[0],"[[-0.8257551193237305, -0.0011940941913053393], [0.2199946492910385, -0.13557101786136627], [0.2208530306816101, 0.0956224873661995], [0.26912757754325867, 0.11725782603025436], [0.26417872309684753, 0.21787536144256592]]",False
early_neutral,6,273,0.9090303232255915,0,[0],"[[-0.8257551193237305, -0.0011940941913053393], [0.22003081440925598, -0.13717973232269287], [0.22438287734985352, 0.10100817680358887], [0.2602878510951996, 0.12076210975646973], [0.2548268735408783, 0.21691760420799255]]",False
early_neutral,6,274,0.9086971009663446,0,[0],"[[-0.8257551193237305, -0.0011940941913053393], [0.22013923525810242, -0.1400114893913269], [0.22788919508457184, 0.10635794699192047], [0.25136691331863403, 0.1230790838599205], [0.24816380441188812, 0.21521727740764618]]",False
early_neutral,6,275,0.9083638787070977,0,[0],"[[-0.8257551193237305, -0.0011940941913053393], [0.2203231155872345, -0.14375363290309906], [0.22925271093845367, 0.11119410395622253], [0.24297142028808594, 0.12533555924892426], [0.24578094482421875, 0.21231131255626678]]",False
early_neutral,6,276,0.9080306564478507,0,[0],"[[-0.8257551193237305, -0.0011940941913053393], [0.22046266496181488, -0.14793923497200012], [0.22864051163196564, 0.11451467126607895], [0.23371733725070953, 0.12753057479858398], [0.2465447187423706, 0.2082596719264984]]",False
early_neutral,6,277,0.9076974341886038,0,[0],"[[-0.8257551193237305, -0.0011940941913053393], [0.22052721679210663, -0.1520213484764099], [0.22649763524532318, 0.11612416803836823], [0.2242763638496399, 0.12972615659236908], [0.2492363303899765, 0.20362432301044464]]",False
early_neutral,6,278,0.9073642119293569,0,[0],"[[-0.8257551193237305, -0.0011940941913053393], [0.2205408215522766, -0.15341144800186157], [0.22396741807460785, 0.11749851703643799], [0.21451574563980103, 0.13228312134742737], [0.25206905603408813, 0.1994343400001526]]",False
early_neutral,6,279,0.90703098967011,0,[0],"[[-0.8257551193237305, -0.0011940941913053393], [0.2205408215522766, -0.15341144800186157], [0.21873213350772858, 0.11683443188667297], [0.20420601963996887, 0.13492539525032043], [0.2541927993297577, 0.19657586514949799]]",False
early_neutral,6,280,0.906697767410863,0,[0],"[[-0.8257551193237305, -0.0011940941913053393], [0.2205408215522766, -0.15341144800186157], [0.2143763154745102, 0.11370778828859329], [0.19290222227573395, 0.1375463753938675], [0.2560415267944336, 0.1948385387659073]]",False
early_neutral,6,281,0.9063645451516161,0,[0],"[[-0.8257551193237305, -0.0011940941913053393], [0.2205408215522766, -0.15341144800186157], [0.21131747961044312, 0.109065480530262], [0.1807580292224884, 0.13984672725200653], [0.2586764693260193, 0.19175580143928528]]",True
early_neutral,6,282,0.9060313228923692,0,[0],"[[-0.8257551193237305, -0.0011940941913053393], [0.2205408215522766, -0.15341144800186157], [0.20852546393871307, 0.10352549701929092], [0.16817128658294678, 0.14207273721694946], [0.26192858815193176, 0.18771186470985413]]",True
early_neutral,6,283,0.9056981006331223,0,[0],"[[-0.8257551193237305, -0.0011940941913053393], [0.2205408215522766, -0.15341144800186157], [0.20614254474639893, 0.0976938009262085], [0.15534432232379913, 0.14447297155857086], [0.2656516134738922, 0.1832178384065628]]",True
early_neutral,6,284,0.9053648783738754,0,[0],"[[-0.8257551193237305, -0.0011940941913053393], [0.2205408215522766, -0.15341144800186157], [0.20415233075618744, 0.09179941564798355], [0.14237508177757263, 0.147090882062912], [0.2690998613834381, 0.1790759265422821]]",True
early_neutral,6,285,0.9050316561146284,0,[0],"[[-0.8257551193237305, -0.0011940941913053393], [0.2205408215522766, -0.15341144800186157], [0.20237146317958832, 0.0858767032623291], [0.12948451936244965, 0.1501578390598297], [0.2718363404273987, 0.1756868213415146]]",False
early_neutral,6,286,0.9046984338553815,0,[0],"[[-0.8257551193237305, -0.0011940941913053393], [0.2205408215522766, -0.15341144800186157], [0.2002202570438385, 0.0801335796713829], [0.11856596171855927, 0.15267394483089447], [0.27466413378715515, 0.17210042476654053]]",False
early_neutral,6,287,0.9043652115961346,0,[0],"[[-0.8257551193237305, -0.0011940941913053393], [0.21979111433029175, -0.15287326276302338], [0.2003907412290573, 0.07485052943229675], [0.1098804697394371, 0.15265454351902008], [0.27798205614089966, 0.16778603196144104]]",False
early_neutral,6,288,0.9040319893368877,0,[0],"[[-0.8257551193237305, -0.0011940941913053393], [0.21691742539405823, -0.1511598825454712], [0.2018572986125946, 0.07169795036315918], [0.10223948210477829, 0.15136392414569855], [0.280500590801239, 0.1635296493768692]]",False
early_neutral,6,289,0.9036987670776407,0,[0],"[[-0.8257551193237305, -0.0011940941913053393], [0.2126881629228592, -0.1492122858762741], [0.20206676423549652, 0.07127366214990616], [0.099489726126194, 0.14880026876926422], [0.2808919847011566, 0.16102054715156555]]",False
early_neutral,6,290,0.9033655448183938,0,[0],"[[-0.8257551193237305, -0.0011940941913053393], [0.21131886541843414, -0.1485726237297058], [0.20246165990829468, 0.07214736938476562], [0.09982463717460632, 0.1450958102941513], [0.2803044617176056, 0.15996843576431274]]",False
early_neutral,6,291,0.903032322559147,0,[0],"[[-0.8257551193237305, -0.0011940941913053393], [0.21079927682876587, -0.14856867492198944], [0.20495928823947906, 0.07281807065010071], [0.10084515810012817, 0.14135652780532837], [0.27828171849250793, 0.15889674425125122]]",False
early_neutral,6,292,0.9026991002999001,0,[0],"[[-0.8257551193237305, -0.0011940941913053393], [0.20723956823349, -0.14862917363643646], [0.2103721797466278, 0.07392130047082901], [0.10260406136512756, 0.13750959932804108], [0.2730712592601776, 0.16004842519760132]]",False
early_neutral,6,293,0.9023658780406532,0,[0],"[[-0.8257551193237305, -0.0011940941913053393], [0.20226562023162842, -0.14889341592788696], [0.21672123670578003, 0.0751587450504303], [0.10390705615282059, 0.1351061463356018], [0.26891377568244934, 0.16092565655708313]]",False
early_neutral,6,294,0.9020326557814062,0,[0],"[[-0.8257551193237305, -0.0011940941913053393], [0.1959017962217331, -0.14940549433231354], [0.22166404128074646, 0.0752619132399559], [0.10392635315656662, 0.13506636023521423], [0.2654159665107727, 0.16165442764759064]]",False
early_neutral,6,295,0.9016994335221593,0,[0],"[[-0.8257551193237305, -0.0011940941913053393], [0.18823543190956116, -0.15019001066684723], [0.2242751270532608, 0.07352878898382187], [0.10392635315656662, 0.13506636023521423], [0.2613387703895569, 0.1623038500547409]]",False
early_neutral,6,296,0.9013662112629124,0,[0],"[[-0.8257551193237305, -0.0011940941913053393], [0.1806597113609314, -0.15111014246940613], [0.22500872611999512, 0.07028799504041672], [0.10256563872098923, 0.1352817714214325], [0.25821453332901, 0.16261497139930725]]",False
early_neutral,6,297,0.9010329890036655,0,[0],"[[-0.8257551193237305, -0.0011940941913053393], [0.177737757563591, -0.15147021412849426], [0.22395291924476624, 0.06615736335515976], [0.09868638217449188, 0.13572236895561218], [0.2569062113761902, 0.1625487059354782]]",False
early_neutral,6,298,0.9006997667444185,0,[0],"[[-0.8257551193237305, -0.0011940941913053393], [0.17760516703128815, -0.15154647827148438], [0.22199761867523193, 0.06129417195916176], [0.09342525899410248, 0.13602527976036072], [0.2560792863368988, 0.16251206398010254]]",True
early_neutral,6,299,0.9003665444851716,0,[0],"[[-0.8257551193237305, -0.0011940941913053393], [0.18009264767169952, -0.15276357531547546], [0.21943926811218262, 0.05571872368454933], [0.08704712241888046, 0.13615912199020386], [0.25592347979545593, 0.16254402697086334]]",True
early_neutral,6,300,0.9000333222259247,0,[0],"[[-0.8257551193237305, -0.0011940941913053393], [0.1835654377937317, -0.15478818118572235], [0.21632951498031616, 0.05003364384174347], [0.08218515664339066, 0.13615036010742188], [0.25589442253112793, 0.16253794729709625]]",True
early_neutral,6,301,0.8997000999666778,0,[0],"[[-0.8257551193237305, -0.0011940941913053393], [0.18626980483531952, -0.15796194970607758], [0.21306273341178894, 0.0455930121243], [0.08185401558876038, 0.13614846765995026], [0.25477680563926697, 0.16229188442230225]]",True
early_neutral,6,302,0.8993668777074308,0,[0],"[[-0.8257551193237305, -0.0011940941913053393], [0.18628743290901184, -0.16196003556251526], [0.20852446556091309, 0.0426432266831398], [0.08185401558876038, 0.13614846765995026], [0.25302085280418396, 0.16049537062644958]]",True
early_neutral,6,303,0.8990336554481839,0,[0],"[[-0.8257551193237305, -0.0011940941913053393], [0.18543125689029694, -0.16597378253936768], [0.2034657895565033, 0.040270060300827026], [0.08185401558876038, 0.13614846765995026], [0.25140926241874695, 0.15760232508182526]]",True
early_neutral,6,304,0.898700433188937,0,[0],"[[-0.8257551193237305, -0.0011940941913053393], [0.18794357776641846, -0.16948653757572174], [0.19932933151721954, 0.03935934230685234], [0.08185401558876038, 0.13614846765995026], [0.24976125359535217, 0.15445609390735626]]",True
early_neutral,6,305,0.8983672109296901,0,[0],"[[-0.8257551193237305, -0.0011940941913053393], [0.19236350059509277, -0.1724560260772705], [0.19916324317455292, 0.039322782307863235], [0.08185401558876038, 0.13614846765995026], [0.2475482076406479, 0.15009060502052307]]",True
early_neutral,6,306,0.8980339886704432,0,[0],"[[-0.8257551193237305, -0.0011940941913053393], [0.19437463581562042, -0.17500446736812592], [0.19908225536346436, 0.03914010524749756], [0.08185401558876038, 0.13614846765995026], [0.24601787328720093, 0.14471140503883362]]",True
early_neutral,6,307,0.8977007664111962,0,[0],"[[-0.8257551193237305, -0.0011940941913053393], [0.19135782122612, -0.177196204662323], [0.19797003269195557, 0.03709942847490311], [0.08185401558876038, 0.13614846765995026], [0.24458228051662445, 0.13859067857265472]]",True
early_neutral,6,308,0.8973675441519493,0,[0],"[[-0.8257551193237305, -0.0011940941913053393], [0.187373548746109, -0.1786065250635147], [0.19601057469844818, 0.03431453928351402], [0.08185401558876038, 0.13614846765995026], [0.24442364275455475, 0.1326109617948532]]",True
early_neutral,6,309,0.8970343218927024,0,[0],"[[-0.8257551193237305, -0.0011940941913053393], [0.18710234761238098, -0.17869919538497925], [0.19326449930667877, 0.030797500163316727], [0.08175830543041229, 0.1375238299369812], [0.24211204051971436, 0.12733827531337738]]",True
early_neutral,6,310,0.8967010996334556,0,[0],"[[-0.8257551193237305, -0.0011940941913053393], [0.1872016042470932, -0.1786453276872635], [0.19050747156143188, 0.027014918625354767], [0.08121536672115326, 0.14026965200901031], [0.2398209422826767, 0.12242849916219711]]",True
early_neutral,6,311,0.8963678773742086,0,[0],"[[-0.8257551193237305, -0.0011940941913053393], [0.1894204020500183, -0.1771979033946991], [0.18792228400707245, 0.023181384429335594], [0.0800151452422142, 0.14386165142059326], [0.23652547597885132, 0.11845742911100388]]",True
early_neutral,6,312,0.8960346551149617,0,[0],"[[-0.8257551193237305, -0.0011940941913053393], [0.1923123151063919, -0.17470620572566986], [0.18557044863700867, 0.019284822046756744], [0.07840225845575333, 0.14831721782684326], [0.23151910305023193, 0.11504072695970535]]",True
early_neutral,6,313,0.8957014328557148,0,[0],"[[-0.8257551193237305, -0.0011940941913053393], [0.19455088675022125, -0.17230869829654694], [0.1842416375875473, 0.016925733536481857], [0.07642636448144913, 0.1535578966140747], [0.22555011510849, 0.11119924485683441]]",True
early_neutral,6,314,0.8953682105964679,0,[0],"[[-0.8257551193237305, -0.0011940941913053393], [0.19510506093502045, -0.1717120110988617], [0.1842261254787445, 0.016898158937692642], [0.07405108213424683, 0.15936990082263947], [0.21951961517333984, 0.10735157877206802]]",True
early_neutral,6,315,0.895034988337221,0,[0],"[[-0.8257551193237305, -0.0011940941913053393], [0.19512788951396942, -0.17168742418289185], [0.18405991792678833, 0.01646675541996956], [0.0712207555770874, 0.1656748503446579], [0.21398477256298065, 0.10315032303333282]]",False
early_neutral,6,316,0.894701766077974,0,[0],"[[-0.8257551193237305, -0.0011940941913053393], [0.19512788951396942, -0.17168742418289185], [0.1841817945241928, 0.01635844260454178], [0.06791151314973831, 0.17225834727287292], [0.20919525623321533, 0.09901946038007736]]",False
early_neutral,6,317,0.8943685438187271,0,[0],"[[-0.8257551193237305, -0.0011940941913053393], [0.19512788951396942, -0.17168742418289185], [0.18435010313987732, 0.01633274555206299], [0.06385460495948792, 0.17889758944511414], [0.20441046357154846, 0.09557396918535233]]",False
early_neutral,6,318,0.8940353215594802,0,[0],"[[-0.8257551193237305, -0.0011940941913053393], [0.1952725648880005, -0.16984343528747559], [0.18573981523513794, 0.0161680206656456], [0.058977190405130386, 0.18578191101551056], [0.19929955899715424, 0.09243551641702652]]",False
early_neutral,6,319,0.8937020993002333,0,[0],"[[-0.8257551193237305, -0.0011940941913053393], [0.195320725440979, -0.16665394604206085], [0.18794399499893188, 0.015909243375062943], [0.05353390797972679, 0.19291941821575165], [0.19362929463386536, 0.09050610661506653]]",False
early_neutral,6,320,0.8933688770409863,0,[0],"[[-0.8257551193237305, -0.0011940941913053393], [0.19474592804908752, -0.16265572607517242], [0.18941183388233185, 0.015737200155854225], [0.04744243249297142, 0.20019115507602692], [0.18672406673431396, 0.08905978500843048]]",False
early_neutral,6,321,0.8930356547817394,0,[0],"[[-0.8257551193237305, -0.0011940941913053393], [0.19084015488624573, -0.15886133909225464], [0.1899048388004303, 0.015321251004934311], [0.04202474653720856, 0.20666681230068207], [0.17893481254577637, 0.08749950677156448]]",False
early_neutral,6,322,0.8927024325224925,0,[0],"[[-0.8257551193237305, -0.0011940941913053393], [0.18469154834747314, -0.15525159239768982], [0.19048970937728882, 0.014806187711656094], [0.03939349949359894, 0.21050775051116943], [0.17003604769706726, 0.0860878974199295]]",False
early_neutral,6,323,0.8923692102632456,0,[0],"[[-0.8257551193237305, -0.0011940941913053393], [0.17814901471138, -0.1510991007089615], [0.1907976269721985, 0.014535011723637581], [0.03905647248029709, 0.2106042504310608], [0.16063331067562103, 0.08502105623483658]]",True
early_neutral,6,324,0.8920359880039986,0,[0],"[[-0.8257551193237305, -0.0011940941913053393], [0.17255842685699463, -0.14635825157165527], [0.1907976269721985, 0.014535011723637581], [0.03883571922779083, 0.20828011631965637], [0.150083988904953, 0.0843263491988182]]",True
early_neutral,6,325,0.8917027657447517,0,[0],"[[-0.8257551193237305, -0.0011940941913053393], [0.16853095591068268, -0.141666978597641], [0.1907976269721985, 0.014535011723637581], [0.038117263466119766, 0.20499370992183685], [0.13875317573547363, 0.0839218720793724]]",True
early_neutral,6,326,0.8913695434855048,0,[0],"[[-0.8257551193237305, -0.0011940941913053393], [0.16892266273498535, -0.13867031037807465], [0.19071318209171295, 0.014514178968966007], [0.03689337149262428, 0.2007925659418106], [0.12698577344417572, 0.08380232006311417]]",True
early_neutral,6,327,0.8910363212262579,0,[0],"[[-0.8257551193237305, -0.0011940941913053393], [0.17331472039222717, -0.13688845932483673], [0.19029180705547333, 0.014494647271931171], [0.03518684208393097, 0.19575951993465424], [0.11835455894470215, 0.0841260775923729]]",True
early_neutral,6,328,0.8907030989670109,0,[0],"[[-0.8257551193237305, -0.0011940941913053393], [0.17927466332912445, -0.13657179474830627], [0.190204918384552, 0.014285282231867313], [0.0329364649951458, 0.19103890657424927], [0.11267411708831787, 0.08604151755571365]]",True
early_neutral,6,329,0.8903698767077641,0,[0],"[[-0.8257551193237305, -0.0011940941913053393], [0.18559643626213074, -0.13712634146213531], [0.1908862441778183, 0.013740815222263336], [0.02891685627400875, 0.1877952665090561], [0.10943213850259781, 0.08740643411874771]]",False
early_neutral,6,330,0.8900366544485172,0,[0],"[[-0.8257551193237305, -0.0011940941913053393], [0.19046932458877563, -0.13823413848876953], [0.19152122735977173, 0.013313394971191883], [0.0240272618830204, 0.18520306050777435], [0.1081734299659729, 0.08615010976791382]]",False
early_neutral,6,331,0.8897034321892703,0,[0],"[[-0.8243560194969177, -0.00022554048337042332], [0.19107335805892944, -0.1411140412092209], [0.1922983080148697, 0.012742995284497738], [0.01960473693907261, 0.18527431786060333], [0.10563866049051285, 0.08386874198913574]]",False
early_neutral,6,332,0.8893702099300234,0,[0],"[[-0.8213220834732056, 0.0019727572798728943], [0.18940132856369019, -0.144785538315773], [0.19399403035640717, 0.011755918152630329], [0.01577186957001686, 0.18796533346176147], [0.10192544013261795, 0.08104526996612549]]",False
early_neutral,6,333,0.8890369876707764,0,[0],"[[-0.8174158334732056, 0.0049567511305212975], [0.18495702743530273, -0.1483895182609558], [0.1968322992324829, 0.009759346954524517], [0.011693654581904411, 0.19167926907539368], [0.09730827063322067, 0.07761365175247192]]",False
early_neutral,6,334,0.8887037654115295,0,[0],"[[-0.8126199245452881, 0.008664929307997227], [0.17912507057189941, -0.15224915742874146], [0.20020800828933716, 0.006871339865028858], [0.006443970836699009, 0.19587434828281403], [0.09269069135189056, 0.07464174926280975]]",False
early_neutral,6,335,0.8883705431522826,0,[0],"[[-0.807018518447876, 0.013013162650167942], [0.1743275225162506, -0.15730403363704681], [0.20409953594207764, 0.0033281005453318357], [1.8551945686340332e-05, 0.20028750598430634], [0.08928747475147247, 0.07250960171222687]]",True
early_neutral,6,336,0.8880373208930357,0,[0],"[[-0.8028356432914734, 0.01626555621623993], [0.17236176133155823, -0.16369466483592987], [0.20837196707725525, -0.0007654954679310322], [-0.007850793190300465, 0.20452289283275604], [0.08774906396865845, 0.07137788087129593]]",True
early_neutral,6,337,0.8877040986337887,0,[0],"[[-0.8019543290138245, 0.016950855031609535], [0.17161133885383606, -0.1701541393995285], [0.2119823694229126, -0.004441710188984871], [-0.017107157036662102, 0.2083320915699005], [0.08778547495603561, 0.07136227190494537]]",True
early_neutral,6,338,0.8873708763745418,0,[0],"[[-0.8026564121246338, 0.01641472615301609], [0.17072716355323792, -0.17610707879066467], [0.21523931622505188, -0.008051987737417221], [-0.025531098246574402, 0.21113361418247223], [0.08828368782997131, 0.07154467701911926]]",True
early_neutral,6,339,0.8870376541152949,0,[0],"[[-0.8052075505256653, 0.014547538943588734], [0.16949063539505005, -0.1820296198129654], [0.21795517206192017, -0.011271730065345764], [-0.03400304913520813, 0.21344979107379913], [0.08847394585609436, 0.07281084358692169]]",True
early_neutral,6,340,0.886704431856048,0,[0],"[[-0.8088114261627197, 0.01206144317984581], [0.16666153073310852, -0.187842458486557], [0.2184310406446457, -0.011834699660539627], [-0.041487134993076324, 0.21517804265022278], [0.0885222852230072, 0.07477378845214844]]",True
early_neutral,6,341,0.886371209596801,0,[0],"[[-0.8132488131523132, 0.009082365781068802], [0.1617015153169632, -0.19284284114837646], [0.2183995544910431, -0.011836587451398373], [-0.04763970151543617, 0.21640147268772125], [0.08853012323379517, 0.07711819559335709]]",True
early_neutral,6,342,0.8860379873375541,0,[0],"[[-0.8177558183670044, 0.006094684824347496], [0.1539866328239441, -0.19626209139823914], [0.2155744433403015, -0.01201287005096674], [-0.05354345589876175, 0.21742558479309082], [0.08833964914083481, 0.07999448478221893]]",True
early_neutral,6,343,0.8857047650783072,0,[0],"[[-0.821099042892456, 0.004026185721158981], [0.1443684995174408, -0.19822296500205994], [0.21098428964614868, -0.012315802276134491], [-0.05547037720680237, 0.21775124967098236], [0.08810852468013763, 0.08284762501716614]]",True
early_neutral,6,344,0.8853715428190603,0,[0],"[[-0.8223462700843811, 0.0034611476585268974], [0.13421976566314697, -0.1996307224035263], [0.20495721697807312, -0.012713809497654438], [-0.05547037720680237, 0.21775124967098236], [0.08759588748216629, 0.0857628881931305]]",True
early_neutral,6,345,0.8850383205598134,0,[0],"[[-0.8223869800567627, 0.0034476646687835455], [0.1279744654893875, -0.20047204196453094], [0.19753657281398773, -0.013112170621752739], [-0.05547037720680237, 0.21775124967098236], [0.08632074296474457, 0.08956774324178696]]",True
early_neutral,6,346,0.8847050983005664,0,[0],"[[-0.8223869800567627, 0.0034476646687835455], [0.12707693874835968, -0.20059223473072052], [0.1888740211725235, -0.013445270247757435], [-0.05547037720680237, 0.21775124967098236], [0.08346956968307495, 0.09389477223157883]]",True
early_neutral,6,347,0.8843718760413196,0,[0],"[[-0.8223869800567627, 0.0034476646687835455], [0.12460894137620926, -0.2007681280374527], [0.1791812628507614, -0.01363750547170639], [-0.05547037720680237, 0.21775124967098236], [0.07906819134950638, 0.0971992164850235]]",True
early_neutral,6,348,0.8840386537820727,0,[0],"[[-0.8223869800567627, 0.0034476646687835455], [0.1202101930975914, -0.2010742872953415], [0.16862736642360687, -0.013631361536681652], [-0.05547037720680237, 0.21775124967098236], [0.07369935512542725, 0.10112350434064865]]",True
early_neutral,6,349,0.8837054315228258,0,[0],"[[-0.8223869800567627, 0.0034476646687835455], [0.11439954489469528, -0.2014578878879547], [0.15780580043792725, -0.013315143994987011], [-0.05547037720680237, 0.21775124967098236], [0.06769710779190063, 0.1057669073343277]]",True
early_neutral,6,350,0.8833722092635788,0,[0],"[[-0.8215733766555786, 0.004122043028473854], [0.1071891337633133, -0.2018537074327469], [0.1466878056526184, -0.012594256550073624], [-0.05547037720680237, 0.21775124967098236], [0.061196643859148026, 0.10999515652656555]]",True
early_neutral,6,351,0.8830389870043319,0,[0],"[[-0.8186563849449158, 0.006117107812315226], [0.09888484328985214, -0.2021995335817337], [0.13500747084617615, -0.011491769924759865], [-0.05547037720680237, 0.21775124967098236], [0.055499304085969925, 0.11515688896179199]]",True
early_neutral,6,352,0.882705764745085,0,[0],"[[-0.8142209053039551, 0.008472951129078865], [0.09402740746736526, -0.20238572359085083], [0.12291881442070007, -0.009827361442148685], [-0.05687025561928749, 0.21792510151863098], [0.049224499613046646, 0.11964696645736694]]",True
early_neutral,6,353,0.8823725424858381,0,[0],"[[-0.8084571361541748, 0.011249235831201077], [0.09377092123031616, -0.2023957520723343], [0.1107083410024643, -0.007329044863581657], [-0.06086622551083565, 0.21846166253089905], [0.0429467149078846, 0.12383455038070679]]",True
early_neutral,6,354,0.8820393202265912,0,[0],"[[-0.8015680313110352, 0.014464096166193485], [0.09235810488462448, -0.20245207846164703], [0.0985489934682846, -0.004083489999175072], [-0.06617391109466553, 0.2192598134279251], [0.03763718530535698, 0.12755854427814484]]",True
early_neutral,6,355,0.8817060979673442,0,[0],"[[-0.7940483689308167, 0.017977822571992874], [0.08892729878425598, -0.2024495154619217], [0.08683697134256363, 0.000161261938046664], [-0.0722973570227623, 0.22050218284130096], [0.03436681255698204, 0.13089829683303833]]",True
early_neutral,6,356,0.8813728757080973,0,[0],"[[-0.7861133217811584, 0.021902071312069893], [0.0840495154261589, -0.20223094522953033], [0.0761011615395546, 0.0048549785278737545], [-0.07704009860754013, 0.22158756852149963], [0.033602066338062286, 0.13405658304691315]]",True
early_neutral,6,357,0.8810396534488504,0,[0],"[[-0.7780131101608276, 0.02607465162873268], [0.07769091427326202, -0.20189997553825378], [0.06872832775115967, 0.008103456348180771], [-0.07843253016471863, 0.22176605463027954], [0.035329144448041916, 0.13758409023284912]]",True
early_neutral,6,358,0.8807064311896035,0,[0],"[[-0.7730592489242554, 0.02864326909184456], [0.06993518769741058, -0.20157857239246368], [0.06628399342298508, 0.009264691732823849], [-0.07824505120515823, 0.221778005361557], [0.0394463874399662, 0.14116863906383514]]",True
early_neutral,6,359,0.8803732089303565,0,[0],"[[-0.7723265290260315, 0.029023194685578346], [0.06315738707780838, -0.20118877291679382], [0.06895401328802109, 0.009630896151065826], [-0.07488972693681717, 0.2220565378665924], [0.045511644333601, 0.14471009373664856]]",True
early_neutral,6,360,0.8800399866711096,0,[0],"[[-0.7742235064506531, 0.02798830159008503], [0.06107397377490997, -0.20085707306861877], [0.07335581630468369, 0.009956072084605694], [-0.07013826817274094, 0.22286827862262726], [0.051891107112169266, 0.14734013378620148]]",True
early_neutral,6,361,0.8797067644118627,0,[0],"[[-0.7775939106941223, 0.02617502398788929], [0.06122336536645889, -0.20053322613239288], [0.07915564626455307, 0.010384328663349152], [-0.06453213095664978, 0.22414036095142365], [0.05825530365109444, 0.14854182302951813]]",True
early_neutral,6,362,0.8793735421526158,0,[0],"[[-0.7820575833320618, 0.023806314915418625], [0.06306494772434235, -0.19851054251194], [0.08621960878372192, 0.0113002834841609], [-0.058755647391080856, 0.22544224560260773], [0.0659099668264389, 0.14908313751220703]]",True
early_neutral,6,363,0.8790403198933688,0,[0],"[[-0.7873309254646301, 0.021014735102653503], [0.06621447950601578, -0.195853590965271], [0.09423816949129105, 0.012934545986354351], [-0.05267179012298584, 0.2268042117357254], [0.07505882531404495, 0.14977942407131195]]",True
early_neutral,6,364,0.8787070976341219,0,[0],"[[-0.7932668328285217, 0.017876872792840004], [0.06793498992919922, -0.19457627832889557], [0.10276108980178833, 0.015393069013953209], [-0.046160388737916946, 0.22813518345355988], [0.08380654454231262, 0.15116170048713684]]",True
early_neutral,6,365,0.878373875374875,0,[0],"[[-0.7997414469718933, 0.01445914525538683], [0.06793498992919922, -0.19457627832889557], [0.10937083512544632, 0.01932312361896038], [-0.038236476480960846, 0.22924576699733734], [0.0926433652639389, 0.15158075094223022]]",True
early_neutral,6,366,0.8780406531156282,0,[0],"[[-0.8068298697471619, 0.010721304453909397], [0.06801000237464905, -0.19371959567070007], [0.11347313225269318, 0.024514375254511833], [-0.029482509940862656, 0.22993937134742737], [0.10245908796787262, 0.15240702033042908]]",True
early_neutral,6,367,0.8777074308563813,0,[0],"[[-0.8139684200286865, 0.006960137747228146], [0.0684494823217392, -0.19095465540885925], [0.11583604663610458, 0.030012475326657295], [-0.022940797731280327, 0.23025104403495789], [0.11163556575775146, 0.15275923907756805]]",True
early_neutral,6,368,0.8773742085971343,0,[0],"[[-0.8203386068344116, 0.0036060966085642576], [0.06944463402032852, -0.18722891807556152], [0.1198311522603035, 0.03301963955163956], [-0.016511552035808563, 0.23040315508842468], [0.11872410774230957, 0.15122371912002563]]",True
early_neutral,6,369,0.8770409863378874,0,[0],"[[-0.8236856460571289, 0.0018451387295499444], [0.06864534318447113, -0.18421101570129395], [0.12616880238056183, 0.03356882184743881], [-0.009451922960579395, 0.2303657829761505], [0.12413731217384338, 0.14864666759967804]]",True
early_neutral,6,370,0.8767077640786405,0,[0],"[[-0.826356053352356, 0.00044963700929656625], [0.06411876529455185, -0.1825854778289795], [0.1337391585111618, 0.033721402287483215], [-0.0011174818500876427, 0.23000000417232513], [0.13044853508472443, 0.14576824009418488]]",True
early_neutral,6,371,0.8763745418193936,0,[0],"[[-0.8269270658493042, 0.00019718808471225202], [0.058721140027046204, -0.1811680793762207], [0.14252768456935883, 0.03369321674108505], [0.007290823385119438, 0.22935844957828522], [0.1383330225944519, 0.1431257426738739]]",True
early_neutral,6,372,0.8760413195601466,0,[0],"[[-0.8271927237510681, 0.00011842376989079639], [0.05597471445798874, -0.18044143915176392], [0.1517852246761322, 0.03348574414849281], [0.011080302298069, 0.22905363142490387], [0.145499125123024, 0.13974200189113617]]",True
early_neutral,6,373,0.8757080973008997,0,[0],"[[-0.8271983861923218, 0.00011723203351721168], [0.056493017822504044, -0.1799941211938858], [0.16156263649463654, 0.033169712871313095], [0.011412486433982849, 0.22902655601501465], [0.15200157463550568, 0.13559536635875702]]",True
early_neutral,6,374,0.8753748750416528,0,[0],"[[-0.8271983861923218, 0.00011723203351721168], [0.05976885184645653, -0.1793309450149536], [0.17213666439056396, 0.03274542838335037], [0.008554997853934765, 0.22907565534114838], [0.15852342545986176, 0.1312219351530075]]",True
early_neutral,6,375,0.8750416527824059,0,[0],"[[-0.8271983861923218, 0.00011723203351721168], [0.0645277351140976, -0.1785934567451477], [0.18295694887638092, 0.03224465996026993], [0.003948778845369816, 0.22881938517093658], [0.16390502452850342, 0.12615850567817688]]",True
early_neutral,6,376,0.8747084305231589,0,[0],"[[-0.8271983861923218, 0.00011723203351721168], [0.07033376395702362, -0.17776617407798767], [0.1943749487400055, 0.03165397793054581], [5.169059295440093e-05, 0.22837470471858978], [0.16838155686855316, 0.12049572169780731]]",True
early_neutral,6,377,0.874375208263912,0,[0],"[[-0.8271983861923218, 0.00011723203351721168], [0.0764819085597992, -0.17687839269638062], [0.20640064775943756, 0.03115498647093773], [-3.969132376369089e-05, 0.22836415469646454], [0.17309464514255524, 0.11528348177671432]]",True
early_neutral,6,378,0.8740419860046651,0,[0],"[[-0.8271983861923218, 0.00011723203351721168], [0.0827590674161911, -0.17596013844013214], [0.21895596385002136, 0.03131002187728882], [-3.969132376369089e-05, 0.22836415469646454], [0.17842015624046326, 0.11023388803005219]]",False
early_neutral,6,379,0.8737087637454182,0,[0],"[[-0.8271983861923218, 0.00011723203351721168], [0.08760137856006622, -0.17524756491184235], [0.23185086250305176, 0.032154057174921036], [-3.969132376369089e-05, 0.22836415469646454], [0.18544088304042816, 0.10539627820253372]]",False
early_neutral,6,380,0.8733755414861712,0,[0],"[[-0.8271983861923218, 0.00011723203351721168], [0.08957235515117645, -0.17495888471603394], [0.2450350821018219, 0.03313156217336655], [-3.969132376369089e-05, 0.22836415469646454], [0.1933063119649887, 0.10066051781177521]]",False
early_neutral,6,381,0.8730423192269243,0,[0],"[[-0.8271983861923218, 0.00011723203351721168], [0.09289932250976562, -0.1744951605796814], [0.2584467828273773, 0.034171104431152344], [-3.969132376369089e-05, 0.22836415469646454], [0.2016356885433197, 0.09613960236310959]]",False
early_neutral,6,382,0.8727090969676774,0,[0],"[[-0.8271983861923218, 0.00011723203351721168], [0.09776660054922104, -0.17382431030273438], [0.2720497250556946, 0.035159338265657425], [-3.969132376369089e-05, 0.22836415469646454], [0.208758145570755, 0.09229342639446259]]",False
early_neutral,6,383,0.8723758747084305,0,[0],"[[-0.8271983861923218, 0.00011723203351721168], [0.10305960476398468, -0.17310087382793427], [0.285813570022583, 0.03600698709487915], [-9.213587759404618e-07, 0.22783733904361725], [0.21252009272575378, 0.08909238874912262]]",True
early_neutral,6,384,0.8720426524491836,0,[0],"[[-0.8271983861923218, 0.00011723203351721168], [0.10541123151779175, -0.17277951538562775], [0.29969578981399536, 0.03675853833556175], [0.00041295928531326354, 0.22542348504066467], [0.21339574456214905, 0.08587853610515594]]",True
early_neutral,6,385,0.8717094301899367,0,[0],"[[-0.8271983861923218, 0.00011723203351721168], [0.10399836301803589, -0.17294999957084656], [0.313657283782959, 0.037512701004743576], [0.0014558350667357445, 0.2221042960882187], [0.21182891726493835, 0.08227379620075226]]",True
early_neutral,6,386,0.8713762079306898,0,[0],"[[-0.8271983861923218, 0.00011723203351721168], [0.10014298558235168, -0.17340102791786194], [0.32767733931541443, 0.03827838972210884], [0.0033686088863760233, 0.218162402510643], [0.20825056731700897, 0.0784357488155365]]",True
early_neutral,6,387,0.8710429856714429,0,[0],"[[-0.8271983861923218, 0.00011723203351721168], [0.09583398699760437, -0.17387548089027405], [0.3417320251464844, 0.03912302479147911], [0.00594308553263545, 0.21432772278785706], [0.20381323993206024, 0.07410547882318497]]",True
early_neutral,6,388,0.870709763412196,0,[0],"[[-0.8271983861923218, 0.00011723203351721168], [0.09436400234699249, -0.17403638362884521], [0.35580623149871826, 0.04006592184305191], [0.008867761120200157, 0.21098928153514862], [0.19964876770973206, 0.07006065547466278]]",True
early_neutral,6,389,0.870376541152949,0,[0],"[[-0.8271983861923218, 0.00011723203351721168], [0.0938325747847557, -0.17396360635757446], [0.3698942959308624, 0.0410831980407238], [0.011899380013346672, 0.20862294733524323], [0.1963963806629181, 0.06662558019161224]]",False
early_neutral,6,390,0.8700433188937021,0,[0],"[[-0.8271983861923218, 0.00011723203351721168], [0.09197305142879486, -0.17334352433681488], [0.3839939534664154, 0.042145658284425735], [0.013110540807247162, 0.2083122432231903], [0.19309097528457642, 0.06308425962924957]]",False
early_neutral,6,391,0.8697100966344552,0,[0],"[[-0.8271983861923218, 0.00011723203351721168], [0.08874271810054779, -0.17188280820846558], [0.3981230556964874, 0.04310717061161995], [0.01353047788143158, 0.21044468879699707], [0.18992003798484802, 0.059825021773576736]]",False
early_neutral,6,392,0.8693768743752083,0,[0],"[[-0.8271983861923218, 0.00011723203351721168], [0.08597026020288467, -0.17022490501403809], [0.412335067987442, 0.0432351715862751], [0.014269545674324036, 0.21306298673152924], [0.1868949681520462, 0.057070042937994]]",False
early_neutral,6,393,0.8690436521159614,0,[0],"[[-0.8271983861923218, 0.00011723203351721168], [0.08532694727182388, -0.16905109584331512], [0.42650434374809265, 0.042437709867954254], [0.014772738330066204, 0.21406985819339752], [0.18366184830665588, 0.055063266307115555]]",False
early_neutral,6,394,0.8687104298567144,0,[0],"[[-0.8271983861923218, 0.00011723203351721168], [0.08607244491577148, -0.16841071844100952], [0.4406083822250366, 0.041189663112163544], [0.014774900861084461, 0.21408599615097046], [0.18161346018314362, 0.05427516996860504]]",False
early_neutral,6,395,0.8683772075974675,0,[0],"[[-0.8271983861923218, 0.00011723203351721168], [0.08850635588169098, -0.1664462685585022], [0.4540001153945923, 0.03977882117033005], [0.013406937010586262, 0.212249293923378], [0.18109498918056488, 0.05561763420701027]]",False
early_neutral,6,396,0.8680439853382206,0,[0],"[[-0.8271983861923218, 0.00011723203351721168], [0.0919574424624443, -0.16370488703250885], [0.4639345407485962, 0.03835642710328102], [0.011737532913684845, 0.20934242010116577], [0.180995374917984, 0.05850518122315407]]",False
early_neutral,6,397,0.8677107630789737,0,[0],"[[-0.8271983861923218, 0.00011723203351721168], [0.09547343850135803, -0.16066184639930725], [0.470851331949234, 0.036977365612983704], [0.009990004822611809, 0.20545615255832672], [0.18126438558101654, 0.06239787116646767]]",False
early_neutral,6,398,0.8673775408197267,0,[0],"[[-0.8271983861923218, 0.00011723203351721168], [0.09756733477115631, -0.15865255892276764], [0.4747914969921112, 0.034840166568756104], [0.008005899377167225, 0.2006775587797165], [0.18195559084415436, 0.06707160174846649]]",False
early_neutral,6,399,0.8670443185604798,0,[0],"[[-0.8271983861923218, 0.00011723203351721168], [0.09872303158044815, -0.15741890668869019], [0.4755803346633911, 0.03239516541361809], [0.0058874525129795074, 0.1951107233762741], [0.18015502393245697, 0.07122143357992172]]",True
early_neutral,6,400,0.8667110963012329,0,[0],"[[-0.8271983861923218, 0.00011723203351721168], [0.09880205243825912, -0.15732736885547638], [0.472896933555603, 0.02980683743953705], [0.0037108538672327995, 0.18911439180374146], [0.1750757247209549, 0.07506406307220459]]",True
early_neutral,6,401,0.866377874041986,0,[0],"[[-0.8271983861923218, 0.00011723203351721168], [0.09872040152549744, -0.1575697958469391], [0.46841105818748474, 0.026825204491615295], [0.0014138988917693496, 0.18254591524600983], [0.16846758127212524, 0.07898566126823425]]",True
early_neutral,6,402,0.866044651782739,0,[0],"[[-0.8271983861923218, 0.00011723203351721168], [0.09786787629127502, -0.1579466164112091], [0.4626672863960266, 0.023478372022509575], [-0.0008945227600634098, 0.17571845650672913], [0.16177397966384888, 0.08375179767608643]]",True
early_neutral,6,403,0.8657114295234921,0,[0],"[[-0.8271983861923218, 0.00011723203351721168], [0.0961131826043129, -0.15821126103401184], [0.4555886387825012, 0.019989166408777237], [-0.0032292602118104696, 0.16855134069919586], [0.15537452697753906, 0.08933867514133453]]",True
early_neutral,6,404,0.8653782072642453,0,[0],"[[-0.8271983861923218, 0.00011723203351721168], [0.09323156625032425, -0.15843886137008667], [0.4475758373737335, 0.016361070796847343], [-0.005656348541378975, 0.160978302359581], [0.1493520736694336, 0.09521602094173431]]",True
early_neutral,6,405,0.8650449850049984,0,[0],"[[-0.8271983861923218, 0.00011723203351721168], [0.08969788998365402, -0.15864327549934387], [0.4387117624282837, 0.01268019899725914], [-0.008401822298765182, 0.1530807912349701], [0.14331670105457306, 0.10155471414327621]]",True
early_neutral,6,406,0.8647117627457515,0,[0],"[[-0.8271983861923218, 0.00011723203351721168], [0.0853479728102684, -0.15870831906795502], [0.42974159121513367, 0.009238505735993385], [-0.011534330435097218, 0.14494986832141876], [0.1370663195848465, 0.10827306658029556]]",True
early_neutral,6,407,0.8643785404865045,0,[0],"[[-0.8271983861923218, 0.00011723203351721168], [0.08113569021224976, -0.1586822122335434], [0.420457661151886, 0.005915233399719], [-0.014317828230559826, 0.13654081523418427], [0.13030734658241272, 0.11518441885709763]]",True
early_neutral,6,408,0.8640453182272576,0,[0],"[[-0.8271983861923218, 0.00011723203351721168], [0.07656081765890121, -0.15862418711185455], [0.41135716438293457, 0.002707246458157897], [-0.01610778272151947, 0.12784643471240997], [0.12310469150543213, 0.12222325056791306]]",True
early_neutral,6,409,0.8637120959680107,0,[0],"[[-0.8271983861923218, 0.00011723203351721168], [0.07218092679977417, -0.15862958133220673], [0.40795040130615234, 0.00021903490414842963], [-0.017522891983389854, 0.11899080127477646], [0.11582869291305542, 0.12947511672973633]]",True
early_neutral,6,410,0.8633788737087638,0,[0],"[[-0.8271983861923218, 0.00011723203351721168], [0.06830887496471405, -0.15863434970378876], [0.406727135181427, -0.0017888149013742805], [-0.019865527749061584, 0.11011885851621628], [0.10859329998493195, 0.1369302123785019]]",True
early_neutral,6,411,0.8630456514495168,0,[0],"[[-0.8271983861923218, 0.00011723203351721168], [0.06547205150127411, -0.1586378663778305], [0.40486112236976624, -0.0037302325945347548], [-0.0230193343013525, 0.10127528756856918], [0.10131891071796417, 0.14451071619987488]]",True
early_neutral,6,412,0.8627124291902699,0,[0],"[[-0.8271983861923218, 0.00011723203351721168], [0.06413613259792328, -0.15863950550556183], [0.4028461277484894, -0.005615067668259144], [-0.026130015030503273, 0.09236631542444229], [0.09396697580814362, 0.1521669626235962]]",True
early_neutral,6,413,0.862379206931023,0,[0],"[[-0.8271983861923218, 0.00011723203351721168], [0.06469880044460297, -0.15863880515098572], [0.39865419268608093, -0.00804414413869381], [-0.029025066643953323, 0.08338254690170288], [0.08630320429801941, 0.1597730815410614]]",True
early_neutral,6,414,0.8620459846717761,0,[0],"[[-0.8271983861923218, 0.00011723203351721168], [0.06788638234138489, -0.1586340069770813], [0.3934782147407532, -0.010921196080744267], [-0.03118354082107544, 0.07428110390901566], [0.0777025818824768, 0.16700781881809235]]",True
early_neutral,6,415,0.8617127624125291,0,[0],"[[-0.8271983861923218, 0.00011723203351721168], [0.07240483909845352, -0.15859141945838928], [0.3871293067932129, -0.013962635770440102], [-0.03216741606593132, 0.06506960839033127], [0.06819694489240646, 0.17379909753799438]]",True
early_neutral,6,416,0.8613795401532822,0,[0],"[[-0.8271983861923218, 0.00011723203351721168], [0.07805481553077698, -0.158070906996727], [0.37993061542510986, -0.017033226788043976], [-0.03215302899479866, 0.05581534653902054], [0.05778227746486664, 0.18004341423511505]]",True
early_neutral,6,417,0.8610463178940353,0,[0],"[[-0.8271983861923218, 0.00011723203351721168], [0.08225693553686142, -0.1564559042453766], [0.37187662720680237, -0.02024896815419197], [-0.03179505839943886, 0.046549614518880844], [0.04652345925569534, 0.1856698840856552]]",True
early_neutral,6,418,0.8607130956347884,0,[0],"[[-0.8271983861923218, 0.00011723203351721168], [0.08536016941070557, -0.1535741090774536], [0.36277905106544495, -0.02370937541127205], [-0.03115858882665634, 0.037279676645994186], [0.03594726696610451, 0.1903315633535385]]",True
early_neutral,6,419,0.8603798733755414,0,[0],"[[-0.8271983861923218, 0.00011723203351721168], [0.08707942068576813, -0.14946921169757843], [0.3534899353981018, -0.027316927909851074], [-0.030508076772093773, 0.028002161532640457], [0.02744331955909729, 0.19309577345848083]]",True
early_neutral,6,420,0.8600466511162945,0,[0],"[[-0.8271983861923218, 0.00011723203351721168], [0.08742135763168335, -0.14530271291732788], [0.34395772218704224, -0.031213147565722466], [-0.029951103031635284, 0.018716149032115936], [0.01878218539059162, 0.19509366154670715]]",True
early_neutral,6,421,0.8597134288570476,0,[0],"[[-0.8271983861923218, 0.00011723203351721168], [0.087509885430336, -0.1405375599861145], [0.3343755304813385, -0.03526235744357109], [-0.029326479882001877, 0.009427695535123348], [0.00999018456786871, 0.19683589041233063]]",True
early_neutral,6,422,0.8593802065978007,0,[0],"[[-0.8271983861923218, 0.00011723203351721168], [0.08749791979789734, -0.1355201154947281], [0.3273557424545288, -0.03823493421077728], [-0.02835196442902088, 0.00014868078869767487], [0.0011041265679523349, 0.19836284220218658]]",True
early_neutral,6,423,0.8590469843385539,0,[0],"[[-0.8271983861923218, 0.00011723203351721168], [0.08803984522819519, -0.13082648813724518], [0.32211196422576904, -0.04045547917485237], [-0.02708357200026512, -0.008928383700549603], [-0.00785049144178629, 0.19971022009849548]]",True
early_neutral,6,424,0.8587137620793069,0,[0],"[[-0.8271983861923218, 0.00011723203351721168], [0.09042952954769135, -0.12587442994117737], [0.3185681402683258, -0.041956134140491486], [-0.02597208134829998, -0.015989182516932487], [-0.01685817539691925, 0.2008984088897705]]",True
early_neutral,6,425,0.85838053982006,0,[0],"[[-0.8271983861923218, 0.00011723203351721168], [0.0937320739030838, -0.12170323729515076], [0.3175472021102905, -0.04255214333534241], [-0.024841444566845894, -0.021924562752246857], [-0.025913234800100327, 0.20192267000675201]]",True
early_neutral,6,426,0.8580473175608131,0,[0],"[[-0.8271983861923218, 0.00011723203351721168], [0.09876414388418198, -0.11829627305269241], [0.3206273019313812, -0.04315919801592827], [-0.024045931175351143, -0.02609647624194622], [-0.03501075878739357, 0.20277276635169983]]",True
early_neutral,6,427,0.8577140953015662,0,[0],"[[-0.8271983861923218, 0.00011723203351721168], [0.10485652834177017, -0.11413862556219101], [0.3250669240951538, -0.044214338064193726], [-0.023929158225655556, -0.026763468980789185], [-0.044143181294202805, 0.20344588160514832]]",True
early_neutral,6,428,0.8573808730423192,0,[0],"[[-0.8271983861923218, 0.00011723203351721168], [0.11139834672212601, -0.1097978726029396], [0.3306257724761963, -0.04586504399776459], [-0.023929158225655556, -0.026763468980789185], [-0.05330495908856392, 0.2039201855659485]]",True
early_neutral,6,429,0.8570476507830723,0,[0],"[[-0.8271983861923218, 0.00011723203351721168], [0.11792968213558197, -0.10543831437826157], [0.337056964635849, -0.04831043630838394], [-0.023929158225655556, -0.026763468980789185], [-0.06248640641570091, 0.20418888330459595]]",True
early_neutral,6,430,0.8567144285238254,0,[0],"[[-0.8271983861923218, 0.00011723203351721168], [0.12451135367155075, -0.10088843107223511], [0.343994677066803, -0.05168991908431053], [-0.023929158225655556, -0.026763468980789185], [-0.0716765746474266, 0.20420898497104645]]",True
early_neutral,6,431,0.8563812062645785,0,[0],"[[-0.8271983861923218, 0.00011723203351721168], [0.13101035356521606, -0.09665922820568085], [0.3503589332103729, -0.05562911927700043], [-0.023929158225655556, -0.026763468980789185], [-0.08085664361715317, 0.20392809808254242]]",True
early_neutral,6,432,0.8560479840053316,0,[0],"[[-0.8271983861923218, 0.00011723203351721168], [0.1372680366039276, -0.09190399944782257], [0.35588133335113525, -0.059705208986997604], [-0.023929158225655556, -0.026763468980789185], [-0.08931352198123932, 0.20339742302894592]]",True
early_neutral,6,433,0.8557147617460846,0,[0],"[[-0.8271983861923218, 0.00011723203351721168], [0.14366452395915985, -0.08745121955871582], [0.3609081506729126, -0.06412999331951141], [-0.022213691845536232, -0.02647474594414234], [-0.09559397399425507, 0.20249943435192108]]",True
early_neutral,6,434,0.8553815394868377,0,[0],"[[-0.8271983861923218, 0.00011723203351721168], [0.14986874163150787, -0.08287881314754486], [0.3652530312538147, -0.06902209669351578], [-0.01832084357738495, -0.02549288608133793], [-0.10162650048732758, 0.2011525183916092]]",True
early_neutral,6,435,0.8550483172275908,0,[0],"[[-0.8271983861923218, 0.00011723203351721168], [0.1556384265422821, -0.07780054211616516], [0.3698493540287018, -0.0739593356847763], [-0.013448894023895264, -0.023716386407613754], [-0.1041124165058136, 0.20051445066928864]]",True
early_neutral,6,436,0.8547150949683439,0,[0],"[[-0.8271983861923218, 0.00011723203351721168], [0.16213755309581757, -0.07357143610715866], [0.37684378027915955, -0.07818373292684555], [-0.008495177142322063, -0.021597551181912422], [-0.1041124165058136, 0.20051445066928864]]",True
early_neutral,6,437,0.8543818727090969,0,[0],"[[-0.8271983861923218, 0.00011723203351721168], [0.1687633991241455, -0.06930120289325714], [0.38525184988975525, -0.0820154920220375], [-0.003398267785087228, -0.01914164423942566], [-0.10271371901035309, 0.20029790699481964]]",True
early_neutral,6,438,0.85404865044985,0,[0],"[[-0.8271983861923218, 0.00011723203351721168], [0.17547236382961273, -0.06506872177124023], [0.3942528963088989, -0.08551241457462311], [0.001559769967570901, -0.01647416688501835], [-0.09877359122037888, 0.19973298907279968]]",True
early_neutral,6,439,0.8537154281906031,0,[0],"[[-0.8271983861923218, 0.00011723203351721168], [0.18067429959774017, -0.06108579412102699], [0.4042195975780487, -0.08885468542575836], [0.006417500786483288, -0.013779071159660816], [-0.09339248389005661, 0.19905437529087067]]",True
early_neutral,6,440,0.8533822059313562,0,[0],"[[-0.8271983861923218, 0.00011723203351721168], [0.18469810485839844, -0.05816928669810295], [0.4149891436100006, -0.09210205078125], [0.011233482509851456, -0.011110139079391956], [-0.08753201365470886, 0.19853858649730682]]",True
early_neutral,6,441,0.8530489836721094,0,[0],"[[-0.8271983861923218, 0.00011723203351721168], [0.18942920863628387, -0.056861456483602524], [0.42633605003356934, -0.09503333270549774], [0.01613396406173706, -0.008397390134632587], [-0.08126736432313919, 0.1982639878988266]]",True
early_neutral,6,442,0.8527157614128624,0,[0],"[[-0.8271983861923218, 0.00011723203351721168], [0.19463834166526794, -0.05710923671722412], [0.4375556409358978, -0.09745962917804718], [0.021124660968780518, -0.005825030617415905], [-0.07483766973018646, 0.19825983047485352]]",True
early_neutral,6,443,0.8523825391536155,0,[0],"[[-0.8271983861923218, 0.00011723203351721168], [0.20023399591445923, -0.05888925865292549], [0.44881343841552734, -0.09937789291143417], [0.026278525590896606, -0.0035006371326744556], [-0.06866539269685745, 0.19862690567970276]]",True
early_neutral,6,444,0.8520493168943686,0,[0],"[[-0.8271983861923218, 0.00011723203351721168], [0.20541083812713623, -0.06205400824546814], [0.46099230647087097, -0.10104553401470184], [0.03178619220852852, -0.0013379431329667568], [-0.06263569742441177, 0.1994253247976303]]",True
early_neutral,6,445,0.8517160946351217,0,[0],"[[-0.8271983861923218, 0.00011723203351721168], [0.21054290235042572, -0.06532250344753265], [0.47178786993026733, -0.10247918218374252], [0.03769965469837189, -9.466595656704158e-05], [-0.05650605261325836, 0.20069079101085663]]",True
early_neutral,6,446,0.8513828723758747,0,[0],"[[-0.8271983861923218, 0.00011723203351721168], [0.21548667550086975, -0.066924087703228], [0.4790496826171875, -0.10344120860099792], [0.04395978897809982, 6.700718950014561e-05], [-0.05290461331605911, 0.20159690082073212]]",True
early_neutral,6,447,0.8510496501166278,0,[0],"[[-0.8271983861923218, 0.00011723203351721168], [0.22058148682117462, -0.06681843847036362], [0.4776986539363861, -0.10322372615337372], [0.05053122341632843, 0.00019826712377835065], [-0.05286255478858948, 0.20160755515098572]]",True
early_neutral,6,448,0.8507164278573809,0,[0],"[[-0.8271983861923218, 0.00011723203351721168], [0.2260938435792923, -0.06521610915660858], [0.4734174311161041, -0.10281135886907578], [0.05825304239988327, 0.00036994845140725374], [-0.05286255478858948, 0.20160755515098572]]",True
early_neutral,6,449,0.850383205598134,0,[0],"[[-0.8271983861923218, 0.00011723203351721168], [0.2311241328716278, -0.06255283951759338], [0.46770209074020386, -0.10269154608249664], [0.06716419011354446, 0.00048502415302209556], [-0.05286255478858948, 0.20160755515098572]]",True
early_neutral,6,450,0.850049983338887,0,[0],"[[-0.8271983861923218, 0.00011723203351721168], [0.23557020723819733, -0.0601421594619751], [0.46483859419822693, -0.10269444435834885], [0.07647693157196045, 0.0007478009792976081], [-0.05286255478858948, 0.20160755515098572]]",True
early_neutral,6,451,0.8497167610796401,0,[0],"[[-0.8271983861923218, 0.00011723203351721168], [0.24001197516918182, -0.05611800774931908], [0.4643911123275757, -0.10269489884376526], [0.08649385720491409, 0.0013773125829175115], [-0.05286255478858948, 0.20160755515098572]]",True
early_neutral,6,452,0.8493835388203932,0,[0],"[[-0.8271983861923218, 0.00011723203351721168], [0.24305307865142822, -0.05198546499013901], [0.4661506712436676, -0.10267150402069092], [0.09625380486249924, 0.0022353946696966887], [-0.05286255478858948, 0.20160755515098572]]",True
early_neutral,6,453,0.8490503165611463,0,[0],"[[-0.8271983861923218, 0.00011723203351721168], [0.24409738183021545, -0.04741485416889191], [0.47022363543510437, -0.1026473417878151], [0.10262998938560486, 0.0034728264436125755], [-0.051749762147665024, 0.20219716429710388]]",True
early_neutral,6,454,0.8487170943018993,0,[0],"[[-0.8271983861923218, 0.00011723203351721168], [0.2450624704360962, -0.04210689291357994], [0.4756486415863037, -0.10265909135341644], [0.10836301743984222, 0.0053549716249108315], [-0.04879258573055267, 0.2039252072572708]]",True
early_neutral,6,455,0.8483838720426524,0,[0],"[[-0.8271983861923218, 0.00011723203351721168], [0.245767742395401, -0.03690635412931442], [0.4821840524673462, -0.10267066210508347], [0.11224646121263504, 0.008446200750768185], [-0.045018598437309265, 0.20642121136188507]]",True
early_neutral,6,456,0.8480506497834055,0,[0],"[[-0.8271983861923218, 0.00011723203351721168], [0.24725796282291412, -0.03298703953623772], [0.4896750748157501, -0.10266803950071335], [0.11529882252216339, 0.012079675681889057], [-0.04069579020142555, 0.20949667692184448]]",True
early_neutral,6,457,0.8477174275241586,0,[0],"[[-0.8271983861923218, 0.00011723203351721168], [0.2502972483634949, -0.030458053573966026], [0.49769127368927, -0.10264823585748672], [0.1182335689663887, 0.01580439694225788], [-0.03648917376995087, 0.21266426146030426]]",True
early_neutral,6,458,0.8473842052649116,0,[0],"[[-0.8271983861923218, 0.00011723203351721168], [0.25520509481430054, -0.028672536835074425], [0.5046178102493286, -0.10258413106203079], [0.12072668224573135, 0.019662782549858093], [-0.03395383805036545, 0.2145807147026062]]",True
early_neutral,6,459,0.8470509830056647,0,[0],"[[-0.8271983861923218, 0.00011723203351721168], [0.2618081271648407, -0.027924388647079468], [0.5060651898384094, -0.10254499316215515], [0.12308084964752197, 0.02351181022822857], [-0.033745601773262024, 0.2147158682346344]]",True
early_neutral,6,460,0.8467177607464179,0,[0],"[[-0.8271983861923218, 0.00011723203351721168], [0.2691939175128937, -0.02810947597026825], [0.5054823160171509, -0.1023499146103859], [0.1271798014640808, 0.02652674727141857], [-0.033745601773262024, 0.2147158682346344]]",True
early_neutral,6,461,0.846384538487171,0,[0],"[[-0.8271983861923218, 0.00011723203351721168], [0.2746962606906891, -0.02769790217280388], [0.5018438696861267, -0.1013781726360321], [0.13183994591236115, 0.029389623552560806], [-0.033745601773262024, 0.2147158682346344]]",True
early_neutral,6,462,0.8460513162279241,0,[0],"[[-0.8271983861923218, 0.00011723203351721168], [0.2783071994781494, -0.02742178924381733], [0.4965687096118927, -0.10047691315412521], [0.13729168474674225, 0.031132129952311516], [-0.033721596002578735, 0.21472923457622528]]",True
early_neutral,6,463,0.8457180939686771,0,[0],"[[-0.8271983861923218, 0.00011723203351721168], [0.2787874937057495, -0.02738521434366703], [0.49006903171539307, -0.10061268508434296], [0.14354208111763, 0.03165331110358238], [-0.031652193516492844, 0.21597880125045776]]",True
early_neutral,6,464,0.8453848717094302,0,[0],"[[-0.8271983861923218, 0.00011723203351721168], [0.2781675457954407, -0.027300499379634857], [0.48277968168258667, -0.10219823569059372], [0.148799329996109, 0.031859140843153], [-0.028513586148619652, 0.21811069548130035]]",True
early_neutral,6,465,0.8450516494501833,0,[0],"[[-0.8271983861923218, 0.00011723203351721168], [0.2774089276790619, -0.027158524841070175], [0.4745023250579834, -0.1041417270898819], [0.14943940937519073, 0.031909894198179245], [-0.025949379429221153, 0.22001774609088898]]",True
early_neutral,6,466,0.8447184271909364,0,[0],"[[-0.8271983861923218, 0.00011723203351721168], [0.2765265107154846, -0.02678818441927433], [0.4655590057373047, -0.10615778714418411], [0.14943940937519073, 0.031909894198179245], [-0.025897173210978508, 0.22005653381347656]]",True
early_neutral,6,467,0.8443852049316894,0,[0],"[[-0.8271983861923218, 0.00011723203351721168], [0.27567315101623535, -0.026562342420220375], [0.4557921886444092, -0.10836002230644226], [0.14943940937519073, 0.031909894198179245], [-0.025674087926745415, 0.22017930448055267]]",False
early_neutral,6,468,0.8440519826724425,0,[0],"[[-0.8271983861923218, 0.00011723203351721168], [0.27484017610549927, -0.026668895035982132], [0.44800564646720886, -0.11011025309562683], [0.1490263193845749, 0.032114945352077484], [-0.023267270997166634, 0.22170118987560272]]",False
early_neutral,6,469,0.8437187604131956,0,[0],"[[-0.8271983861923218, 0.00011723203351721168], [0.27400723099708557, -0.026775449514389038], [0.4438638985157013, -0.11101211607456207], [0.14643298089504242, 0.033638570457696915], [-0.020177355036139488, 0.22410234808921814]]",False
early_neutral,6,470,0.8433855381539487,0,[0],"[[-0.8271983861923218, 0.00011723203351721168], [0.2732575535774231, -0.026871351525187492], [0.43956324458122253, -0.11193065345287323], [0.14322252571582794, 0.03601514548063278], [-0.018447699025273323, 0.22561605274677277]]",False
early_neutral,6,471,0.8430523158947018,0,[0],"[[-0.8271983861923218, 0.00011723203351721168], [0.27282989025115967, -0.026300501078367233], [0.4339216649532318, -0.11315465718507767], [0.14183036983013153, 0.03714928403496742], [-0.018447699025273323, 0.22561605274677277]]",False
early_neutral,6,472,0.8427190936354548,0,[0],"[[-0.8271983861923218, 0.00011723203351721168], [0.2720641791820526, -0.023896124213933945], [0.42714616656303406, -0.1146557554602623], [0.14183036983013153, 0.03714928403496742], [-0.018447699025273323, 0.22561605274677277]]",False
early_neutral,6,473,0.8423858713762079,0,[0],"[[-0.8271983861923218, 0.00011723203351721168], [0.27057376503944397, -0.020590879023075104], [0.4237308204174042, -0.11541718244552612], [0.14183036983013153, 0.03714928403496742], [-0.018447699025273323, 0.22561605274677277]]",False
early_neutral,6,474,0.842052649116961,0,[0],"[[-0.8271983861923218, 0.00011723203351721168], [0.26878440380096436, -0.016356995329260826], [0.42325878143310547, -0.11552241444587708], [0.14183036983013153, 0.03714928403496742], [-0.018423551693558693, 0.2256292998790741]]",False
early_neutral,6,475,0.8417194268577141,0,[0],"[[-0.8271983861923218, 0.00011723203351721168], [0.2671626806259155, -0.011208291165530682], [0.42494240403175354, -0.1151900514960289], [0.1417921632528305, 0.03722960129380226], [-0.016418103128671646, 0.22692036628723145]]",False
early_neutral,6,476,0.8413862045984671,0,[0],"[[-0.8271983861923218, 0.00011723203351721168], [0.2653391361236572, -0.00533709954470396], [0.4289025068283081, -0.11457443237304688], [0.14087387919425964, 0.039141979068517685], [-0.01358514279127121, 0.2292235642671585]]",False
early_neutral,6,477,0.8410529823392202,0,[0],"[[-0.8271983861923218, 0.00011723203351721168], [0.2626449167728424, 0.0010290670907124877], [0.4335445761680603, -0.11406675726175308], [0.13947319984436035, 0.042021021246910095], [-0.011433196254074574, 0.2313344031572342]]",False
early_neutral,6,478,0.8407197600799733,0,[0],"[[-0.8271983861923218, 0.00011723203351721168], [0.25905507802963257, 0.007683529052883387], [0.43417084217071533, -0.11400723457336426], [0.13743501901626587, 0.04570223018527031], [-0.011389496736228466, 0.2313772290945053]]",False
early_neutral,6,479,0.8403865378207265,0,[0],"[[-0.8271983861923218, 0.00011723203351721168], [0.25506991147994995, 0.014312378130853176], [0.43417084217071533, -0.11400723457336426], [0.13467834889888763, 0.04948319494724274], [-0.011389496736228466, 0.2313772290945053]]",False
early_neutral,6,480,0.8400533155614796,0,[0],"[[-0.8271983861923218, 0.00011723203351721168], [0.25054579973220825, 0.0212703887373209], [0.4316917359828949, -0.11386596411466599], [0.131358340382576, 0.053067274391651154], [-0.011389496736228466, 0.2313772290945053]]",False
early_neutral,6,481,0.8397200933022326,0,[0],"[[-0.8271983861923218, 0.00011723203351721168], [0.24562738835811615, 0.028551965951919556], [0.42724090814590454, -0.11365044862031937], [0.12748943269252777, 0.05641001835465431], [-0.011389496736228466, 0.2313772290945053]]",False
early_neutral,6,482,0.8393868710429857,0,[0],"[[-0.8271983861923218, 0.00011723203351721168], [0.2403239756822586, 0.03605712205171585], [0.4217534065246582, -0.11342888325452805], [0.12310922890901566, 0.059473998844623566], [-0.009881358593702316, 0.23234212398529053]]",False
early_neutral,6,483,0.8390536487837388,0,[0],"[[-0.8271983861923218, 0.00011723203351721168], [0.23465892672538757, 0.043287914246320724], [0.4184808135032654, -0.11329899728298187], [0.11833365261554718, 0.06227807700634003], [-0.007200057152658701, 0.23449034988880157]]",False
early_neutral,6,484,0.8387204265244919,0,[0],"[[-0.8271983861923218, 0.00011723203351721168], [0.22953414916992188, 0.04967845231294632], [0.4189364016056061, -0.1132877841591835], [0.11325245350599289, 0.06484464555978775], [-0.004724851809442043, 0.23699124157428741]]",False
early_neutral,6,485,0.8383872042652449,0,[0],"[[-0.8271983861923218, 0.00011723203351721168], [0.22518464922904968, 0.05529697984457016], [0.42254599928855896, -0.11325547844171524], [0.10788935422897339, 0.0671553984284401], [-0.004501635208725929, 0.23722119629383087]]",False
early_neutral,6,486,0.838053982005998,0,[0],"[[-0.8272489309310913, 0.0014245903585106134], [0.22134444117546082, 0.06070743873715401], [0.4274405837059021, -0.11289366334676743], [0.10226157307624817, 0.06918210536241531], [-0.003092696890234947, 0.23703816533088684]]",False
early_neutral,6,487,0.8377207597467511,0,[0],"[[-0.827117919921875, 0.003943299874663353], [0.21764424443244934, 0.0659206286072731], [0.43242135643959045, -0.11073636263608932], [0.09643483906984329, 0.07096381485462189], [0.0007594371563754976, 0.2362678349018097]]",False
early_neutral,6,488,0.8373875374875042,0,[0],"[[-0.8266504406929016, 0.007415586616843939], [0.21381673216819763, 0.07124844193458557], [0.4369056224822998, -0.107759490609169], [0.09134405106306076, 0.07421767711639404], [0.0054123601876199245, 0.23474623262882233]]",False
early_neutral,6,489,0.8370543152282572,0,[0],"[[-0.8259134888648987, 0.011838534846901894], [0.21007047593593597, 0.07528235763311386], [0.43898242712020874, -0.10417421162128448], [0.08644094318151474, 0.07860203087329865], [0.008392201736569405, 0.23202982544898987]]",False
early_neutral,6,490,0.8367210929690103,0,[0],"[[-0.8248971700668335, 0.017122415825724602], [0.2072264552116394, 0.07711071521043777], [0.438147634267807, -0.10016702860593796], [0.08102332800626755, 0.08340204507112503], [0.010287851095199585, 0.22890843451023102]]",False
early_neutral,6,491,0.8363878707097634,0,[0],"[[-0.8235505223274231, 0.023122359067201614], [0.20553536713123322, 0.07729565352201462], [0.4369974136352539, -0.09620692580938339], [0.07546836137771606, 0.08867136389017105], [0.011283617466688156, 0.22705623507499695]]",False
early_neutral,6,492,0.8360546484505165,0,[0],"[[-0.8218101263046265, 0.029700640588998795], [0.20304451882839203, 0.0764847993850708], [0.43861937522888184, -0.09235706925392151], [0.06973518431186676, 0.09446486830711365], [0.011632026173174381, 0.22638201713562012]]",False
early_neutral,6,493,0.8357214261912695,0,[0],"[[-0.8196477293968201, 0.03662296384572983], [0.20264175534248352, 0.07212460041046143], [0.4412582814693451, -0.08861587196588516], [0.06426769495010376, 0.10053975880146027], [0.012499659322202206, 0.22605152428150177]]",False
early_neutral,6,494,0.8353882039320226,0,[0],"[[-0.81702721118927, 0.04365534707903862], [0.20364734530448914, 0.06696479022502899], [0.4432280957698822, -0.08520087599754333], [0.058876268565654755, 0.10712653398513794], [0.014372007921338081, 0.2239985167980194]]",False
early_neutral,6,495,0.8350549816727757,0,[0],"[[-0.8138827085494995, 0.05103099346160889], [0.20444157719612122, 0.06105966120958328], [0.4446927011013031, -0.08181196451187134], [0.0547603964805603, 0.1126970425248146], [0.015177716501057148, 0.22070421278476715]]",True
early_neutral,6,496,0.8347217594135288,0,[0],"[[-0.8102115988731384, 0.058684952557086945], [0.20514823496341705, 0.05451289191842079], [0.4458451271057129, -0.07829318195581436], [0.05254709720611572, 0.11665263026952744], [0.016305647790431976, 0.21831092238426208]]",True
early_neutral,6,497,0.8343885371542819,0,[0],"[[-0.805821418762207, 0.06649096310138702], [0.20577497780323029, 0.04741979017853737], [0.4449397623538971, -0.07494336366653442], [0.05107180029153824, 0.11994213610887527], [0.016392162069678307, 0.2181275635957718]]",True
early_neutral,6,498,0.834055314895035,0,[0],"[[-0.8013483881950378, 0.07376375794410706], [0.20660747587680817, 0.03984120860695839], [0.44150465726852417, -0.07178159058094025], [0.05091574415564537, 0.12029899656772614], [0.017825022339820862, 0.21771903336048126]]",True
early_neutral,6,499,0.8337220926357881,0,[0],"[[-0.7985554933547974, 0.07829839736223221], [0.20794160664081573, 0.03188465163111687], [0.4371142089366913, -0.06873472779989243], [0.05091574415564537, 0.12029899656772614], [0.02037644200026989, 0.217189222574234]]",True
early_neutral,6,500,0.8333888703765412,0,[0],"[[-0.798028826713562, 0.07913024723529816], [0.20983344316482544, 0.02365386113524437], [0.4317646920681, -0.06539460271596909], [0.05091574415564537, 0.12029899656772614], [0.02462107688188553, 0.21727468073368073]]",True
early_neutral,6,501,0.8330556481172943,0,[0],"[[-0.7990462779998779, 0.0770931988954544], [0.21271653473377228, 0.015292841009795666], [0.42657747864723206, -0.062265794724226], [0.05091574415564537, 0.12029899656772614], [0.030206874012947083, 0.2173559069633484]]",True
early_neutral,6,502,0.8327224258580473,0,[0],"[[-0.800304114818573, 0.07410665601491928], [0.21657992899417877, 0.006899853702634573], [0.4238949716091156, -0.060181811451911926], [0.05067410320043564, 0.12040597200393677], [0.03715018182992935, 0.21742141246795654]]",True
early_neutral,6,503,0.8323892035988004,0,[0],"[[-0.801791787147522, 0.07019440829753876], [0.22111134231090546, -0.0015056233387440443], [0.4203788936138153, -0.05824336037039757], [0.047874581068754196, 0.1216447725892067], [0.04536944255232811, 0.21751205623149872]]",True
early_neutral,6,504,0.8320559813395535,0,[0],"[[-0.8035726547241211, 0.06540673971176147], [0.22631333768367767, -0.009865619242191315], [0.4171407222747803, -0.05570845678448677], [0.043810226023197174, 0.12344229221343994], [0.05491974577307701, 0.21836620569229126]]",True
early_neutral,6,505,0.8317227590803066,0,[0],"[[-0.805597722530365, 0.05985075607895851], [0.23196150362491608, -0.018195193260908127], [0.41563525795936584, -0.052446383982896805], [0.037883274257183075, 0.12460886687040329], [0.06419245153665543, 0.218522310256958]]",True
early_neutral,6,506,0.8313895368210596,0,[0],"[[-0.8078352212905884, 0.05368439108133316], [0.23795290291309357, -0.02649342641234398], [0.41506367921829224, -0.04872041568160057], [0.030433334410190582, 0.12372460961341858], [0.07341296225786209, 0.21861965954303741]]",True
early_neutral,6,507,0.8310563145618127,0,[0],"[[-0.8102632164955139, 0.04697391390800476], [0.2441588044166565, -0.03477868810296059], [0.4173085391521454, -0.04531008005142212], [0.022264566272497177, 0.12164966762065887], [0.08164481073617935, 0.2200489640235901]]",True
early_neutral,6,508,0.8307230923025658,0,[0],"[[-0.8127626776695251, 0.04005680978298187], [0.2502957284450531, -0.04312610253691673], [0.42145389318466187, -0.0421600379049778], [0.01358618214726448, 0.11968228220939636], [0.08913163840770721, 0.22149184346199036]]",True
early_neutral,6,509,0.8303898700433189,0,[0],"[[-0.8153995275497437, 0.03275290131568909], [0.25619933009147644, -0.0515439473092556], [0.426215261220932, -0.03935356065630913], [0.004754954483360052, 0.1180504709482193], [0.09498536586761475, 0.223720520734787]]",True
early_neutral,6,510,0.830056647784072,0,[0],"[[-0.8181686997413635, 0.025078069418668747], [0.25982704758644104, -0.05921517312526703], [0.4314350485801697, -0.03691587224602699], [-0.0020532687194645405, 0.11785060167312622], [0.10025805234909058, 0.22700807452201843]]",True
early_neutral,6,511,0.829723425524825,0,[0],"[[-0.8210505247116089, 0.017087165266275406], [0.2596519887447357, -0.06482341885566711], [0.43611660599708557, -0.0346250906586647], [-0.004327359609305859, 0.11991073936223984], [0.10607384890317917, 0.230600506067276]]",True
early_neutral,6,512,0.8293902032655781,0,[0],"[[-0.8239020109176636, 0.009177593514323235], [0.25637027621269226, -0.06933741271495819], [0.4362715780735016, -0.03183433413505554], [-0.003850343404337764, 0.12330860644578934], [0.11278386414051056, 0.234758660197258]]",True
early_neutral,6,513,0.8290569810063312,0,[0],"[[-0.8259374499320984, 0.0035311952233314514], [0.25153106451034546, -0.07414188235998154], [0.43304765224456787, -0.02903640642762184], [-0.0010742545127868652, 0.1272302120923996], [0.11965370178222656, 0.2389831840991974]]",True
early_neutral,6,514,0.8287237587470843,0,[0],"[[-0.8271092772483826, 0.00027823320124298334], [0.24546614289283752, -0.07881719619035721], [0.427577942609787, -0.02706478163599968], [0.002794628730043769, 0.13170181214809418], [0.12671275436878204, 0.24103571474552155]]",True
early_neutral,6,515,0.8283905364878373,0,[0],"[[-0.8275437951087952, -0.000903336564078927], [0.23858875036239624, -0.08376039564609528], [0.4199381470680237, -0.025599641725420952], [0.007185944356024265, 0.13682186603546143], [0.13335402309894562, 0.2416967749595642]]",True
early_neutral,6,516,0.8280573142285905,0,[0],"[[-0.8275794982910156, -0.0009701747912913561], [0.2309882491827011, -0.08897799998521805], [0.4113059937953949, -0.023825421929359436], [0.012103184126317501, 0.14248020946979523], [0.1405407339334488, 0.24204446375370026]]",True
early_neutral,6,517,0.8277240919693436,0,[0],"[[-0.8275862336158752, -0.000981083489023149], [0.22275041043758392, -0.09444606304168701], [0.40177589654922485, -0.021848255768418312], [0.017382560297846794, 0.1483762413263321], [0.14771412312984467, 0.24262143671512604]]",True
early_neutral,6,518,0.8273908697100967,0,[0],"[[-0.8275862336158752, -0.000981083489023149], [0.21388830244541168, -0.10006367415189743], [0.39155250787734985, -0.01977267861366272], [0.023127872496843338, 0.15450316667556763], [0.15495999157428741, 0.24097931385040283]]",True
early_neutral,6,519,0.8270576474508498,0,[0],"[[-0.8275862336158752, -0.000981083489023149], [0.20496906340122223, -0.10551673918962479], [0.381025493144989, -0.01810590736567974], [0.02908068150281906, 0.1605880707502365], [0.16041047871112823, 0.23847869038581848]]",True
early_neutral,6,520,0.8267244251916028,0,[0],"[[-0.8275862336158752, -0.000981083489023149], [0.19900619983673096, -0.10915667563676834], [0.3697272539138794, -0.01683005504310131], [0.03426874056458473, 0.1655413657426834], [0.16575759649276733, 0.23507918417453766]]",True
early_neutral,6,521,0.8263912029323559,0,[0],"[[-0.8275862336158752, -0.000981083489023149], [0.19750314950942993, -0.11020467430353165], [0.3577832579612732, -0.015700863674283028], [0.03965941444039345, 0.1703495979309082], [0.17166347801685333, 0.23136219382286072]]",True
early_neutral,6,522,0.826057980673109,0,[0],"[[-0.8275862336158752, -0.000981083489023149], [0.20060217380523682, -0.11045029014348984], [0.34532982110977173, -0.014564446173608303], [0.04391505569219589, 0.17386941611766815], [0.1766592264175415, 0.22719615697860718]]",True
early_neutral,6,523,0.8257247584138621,0,[0],"[[-0.8275862336158752, -0.000981083489023149], [0.20514769852161407, -0.11122407019138336], [0.3328830301761627, -0.01333874836564064], [0.04813959077000618, 0.17702659964561462], [0.18260107934474945, 0.22411994636058807]]",True
early_neutral,6,524,0.8253915361546151,0,[0],"[[-0.8275862336158752, -0.000981083489023149], [0.21095964312553406, -0.11248475313186646], [0.324104368686676, -0.012165410444140434], [0.051437847316265106, 0.17935121059417725], [0.18930985033512115, 0.22226156294345856]]",True
early_neutral,6,525,0.8250583138953682,0,[0],"[[-0.8275862336158752, -0.000981083489023149], [0.217492938041687, -0.11349218338727951], [0.3210951089859009, -0.011633903719484806], [0.05166180804371834, 0.1795099824666977], [0.19580742716789246, 0.2214139997959137]]",True
early_neutral,6,526,0.8247250916361213,0,[0],"[[-0.8275862336158752, -0.000981083489023149], [0.22453947365283966, -0.11394911259412766], [0.3236875832080841, -0.01108840573579073], [0.05166180804371834, 0.1795099824666977], [0.20266970992088318, 0.2205108106136322]]",False
early_neutral,6,527,0.8243918693768744,0,[0],"[[-0.8275862336158752, -0.000981083489023149], [0.22916969656944275, -0.1138661727309227], [0.3281640410423279, -0.010261728428304195], [0.05166180804371834, 0.1795099824666977], [0.2099119871854782, 0.2199181616306305]]",False
early_neutral,6,528,0.8240586471176274,0,[0],"[[-0.8275862336158752, -0.000981083489023149], [0.23021161556243896, -0.11370179802179337], [0.33387434482574463, -0.009002924896776676], [0.05166180804371834, 0.1795099824666977], [0.21771341562271118, 0.2195296734571457]]",False
early_neutral,6,529,0.8237254248583805,0,[0],"[[-0.8275862336158752, -0.000981083489023149], [0.22837428748607635, -0.11378584057092667], [0.33957457542419434, -0.007070670835673809], [0.053966864943504333, 0.18001048266887665], [0.22521156072616577, 0.21927587687969208]]",False
early_neutral,6,530,0.8233922025991336,0,[0],"[[-0.8275862336158752, -0.000981083489023149], [0.22451777756214142, -0.11381381750106812], [0.3443725109100342, -0.004851213656365871], [0.05854242295026779, 0.18075281381607056], [0.2325023114681244, 0.21937242150306702]]",False
early_neutral,6,531,0.8230589803398867,0,[0],"[[-0.8275862336158752, -0.000981083489023149], [0.2198673039674759, -0.1136065125465393], [0.34536418318748474, -0.004372811410576105], [0.06459999084472656, 0.18133868277072906], [0.23943136632442474, 0.219637930393219]]",False
early_neutral,6,532,0.8227257580806397,0,[0],"[[-0.8275862336158752, -0.000981083489023149], [0.21813690662384033, -0.11351609230041504], [0.34536418318748474, -0.004372811410576105], [0.07101310789585114, 0.18166539072990417], [0.2478303760290146, 0.21975667774677277]]",False
early_neutral,6,533,0.8223925358213928,0,[0],"[[-0.8275862336158752, -0.000981083489023149], [0.2179936319589615, -0.11350841820240021], [0.34772130846977234, -0.0038785580545663834], [0.07493526488542557, 0.18171779811382294], [0.25702154636383057, 0.21976689994335175]]",False
early_neutral,6,534,0.8220593135621459,0,[0],"[[-0.8275862336158752, -0.000981083489023149], [0.2207837700843811, -0.11379449814558029], [0.35187840461730957, -0.0029798876494169235], [0.07560162246227264, 0.18167422711849213], [0.26621270179748535, 0.21976995468139648]]",False
early_neutral,6,535,0.8217260913028991,0,[0],"[[-0.8275862336158752, -0.000981083489023149], [0.22515781223773956, -0.11462217569351196], [0.35589084029197693, -0.002085320884361863], [0.07491230964660645, 0.18144415318965912], [0.2754038870334625, 0.2197709083557129]]",False
early_neutral,6,536,0.8213928690436522,0,[0],"[[-0.8275862336158752, -0.000981083489023149], [0.23022286593914032, -0.11658327281475067], [0.3560854494571686, -0.0020413806196302176], [0.07155314087867737, 0.1804882138967514], [0.28326332569122314, 0.21975097060203552]]",False
early_neutral,6,537,0.8210596467844052,0,[0],"[[-0.8275862336158752, -0.000981083489023149], [0.2351381629705429, -0.12005479633808136], [0.35596275329589844, -0.0020149140618741512], [0.06682363897562027, 0.17944224178791046], [0.2856864035129547, 0.21971821784973145]]",False
early_neutral,6,538,0.8207264245251583,0,[0],"[[-0.8275862336158752, -0.000981083489023149], [0.24053341150283813, -0.12398889660835266], [0.3529728949069977, -0.0014033737825229764], [0.06078840047121048, 0.1783551424741745], [0.2856864035129547, 0.21971821784973145]]",False
early_neutral,6,539,0.8203932022659114,0,[0],"[[-0.8275862336158752, -0.000981083489023149], [0.24228064715862274, -0.12719345092773438], [0.34840598702430725, -0.0005470333271659911], [0.05375645309686661, 0.1772759109735489], [0.2856864035129547, 0.21971821784973145]]",False
early_neutral,6,540,0.8200599800066645,0,[0],"[[-0.8275862336158752, -0.000981083489023149], [0.2389625608921051, -0.12971754372119904], [0.34240561723709106, 0.0004425784863997251], [0.046102747321128845, 0.17629799246788025], [0.2856864035129547, 0.21971821784973145]]",False
early_neutral,6,541,0.8197267577474175,0,[0],"[[-0.8286288380622864, -0.0007234903168864548], [0.23635892570018768, -0.13111665844917297], [0.3349902629852295, 0.0014059795066714287], [0.03741634637117386, 0.1754256933927536], [0.28602102398872375, 0.2208060622215271]]",False
early_neutral,6,542,0.8193935354881706,0,[0],"[[-0.8323224186897278, -5.29628450749442e-05], [0.23620770871639252, -0.13122116029262543], [0.3263057768344879, 0.002213065978139639], [0.02827412448823452, 0.17481595277786255], [0.28643831610679626, 0.22310158610343933]]",False
early_neutral,6,543,0.8190603132289237,0,[0],"[[-0.837506115436554, 0.00044648468610830605], [0.2356685847043991, -0.13127991557121277], [0.3165947198867798, 0.002924360102042556], [0.01913958042860031, 0.17451989650726318], [0.2866443395614624, 0.22635279595851898]]",False
early_neutral,6,544,0.8187270909696768,0,[0],"[[-0.8439157009124756, 0.0008811204461380839], [0.23257862031459808, -0.13155508041381836], [0.3060196340084076, 0.0035198454279452562], [0.012257550843060017, 0.1745469719171524], [0.28675687313079834, 0.23056034743785858]]",False
early_neutral,6,545,0.8183938687104299,0,[0],"[[-0.8513105511665344, 0.0013486448442563415], [0.2281535416841507, -0.13182960450649261], [0.2952069640159607, 0.004014139529317617], [0.005242538172751665, 0.17486172914505005], [0.28681448101997375, 0.23565331101417542]]",False
early_neutral,6,546,0.8180606464511829,0,[0],"[[-0.8592192530632019, 0.001812279806472361], [0.22224177420139313, -0.13208112120628357], [0.2839701771736145, 0.00447804806753993], [-0.002989404136314988, 0.17547225952148438], [0.28568363189697266, 0.24038195610046387]]",False
early_neutral,6,547,0.817727424191936,0,[0],"[[-0.8680956959724426, 0.002290331292897463], [0.21488994359970093, -0.13227933645248413], [0.27211835980415344, 0.004961085505783558], [-0.01202111691236496, 0.17638860642910004], [0.2818280756473541, 0.2420153170824051]]",False
early_neutral,6,548,0.8173942019326891,0,[0],"[[-0.8778051733970642, 0.002763038268312812], [0.20626594126224518, -0.13237537443637848], [0.259758859872818, 0.005740127060562372], [-0.021066440269351006, 0.17744922637939453], [0.276006281375885, 0.24210985004901886]]",False
early_neutral,6,549,0.8170609796734422,0,[0],"[[-0.8883748054504395, 0.0032301917672157288], [0.19659052789211273, -0.13241024315357208], [0.24704459309577942, 0.006940281949937344], [-0.027916567400097847, 0.17833895981311798], [0.2687767744064331, 0.24213683605194092]]",False
early_neutral,6,550,0.8167277574141952,0,[0],"[[-0.8992716670036316, 0.003689393401145935], [0.18603244423866272, -0.13237644731998444], [0.23403115570545197, 0.008306446485221386], [-0.029310747981071472, 0.17853738367557526], [0.260274738073349, 0.24214687943458557]]",False
early_neutral,6,551,0.8163945351549483,0,[0],"[[-0.9107787609100342, 0.004159321542829275], [0.17521438002586365, -0.1322532743215561], [0.22077500820159912, 0.009742566384375095], [-0.03006378933787346, 0.1787322759628296], [0.2510872781276703, 0.24214842915534973]]",False
early_neutral,6,552,0.8160613128957014,0,[0],"[[-0.922868549823761, 0.004661060404032469], [0.16386747360229492, -0.1320323944091797], [0.2073303759098053, 0.011221996508538723], [-0.03357362747192383, 0.1794659048318863], [0.2418961077928543, 0.24214915931224823]]",False
early_neutral,6,553,0.8157280906364545,0,[0],"[[-0.9354463815689087, 0.00527353398501873], [0.1518881618976593, -0.1317300647497177], [0.19373364746570587, 0.012701690196990967], [-0.038536205887794495, 0.1801767647266388], [0.23270490765571594, 0.2421492040157318]]",False
early_neutral,6,554,0.8153948683772076,0,[0],"[[-0.9480336308479309, 0.005985917057842016], [0.13935844600200653, -0.1313435137271881], [0.18002040684223175, 0.014178121462464333], [-0.0449286550283432, 0.1808619648218155], [0.22351373732089996, 0.2421492040157318]]",False
early_neutral,6,555,0.8150616461179607,0,[0],"[[-0.9592865705490112, 0.006691282149404287], [0.12640024721622467, -0.13085460662841797], [0.16621915996074677, 0.015653271228075027], [-0.05265412852168083, 0.18152393400669098], [0.21432258188724518, 0.2421492040157318]]",False
early_neutral,6,556,0.8147284238587138,0,[0],"[[-0.9705303907394409, 0.007455860264599323], [0.11311149597167969, -0.13028481602668762], [0.15235093235969543, 0.01712585613131523], [-0.061519160866737366, 0.18211449682712555], [0.205131396651268, 0.2421492040157318]]",False
early_neutral,6,557,0.8143952015994669,0,[0],"[[-0.9794280529022217, 0.00810239277780056], [0.09957300126552582, -0.1296200007200241], [0.13842804729938507, 0.018580060452222824], [-0.07120704650878906, 0.1826762855052948], [0.19594022631645203, 0.2421492040157318]]",False
early_neutral,6,558,0.81406197934022,0,[0],"[[-0.984132707118988, 0.008484438993036747], [0.08584469556808472, -0.12888048589229584], [0.12445972114801407, 0.020002979785203934], [-0.08172351866960526, 0.1832175850868225], [0.18674904108047485, 0.2421492040157318]]",False
early_neutral,6,559,0.813728757080973,0,[0],"[[-0.9870341420173645, 0.008720574900507927], [0.0719737634062767, -0.12807537615299225], [0.11045697331428528, 0.021401209756731987], [-0.09252334386110306, 0.1837509274482727], [0.17755787074565887, 0.2421492040157318]]",False
early_neutral,6,560,0.8133955348217261,0,[0],"[[-0.9877756834030151, 0.008700774051249027], [0.057996008545160294, -0.12721388041973114], [0.09643301367759705, 0.02280072122812271], [-0.10394522547721863, 0.18430331349372864], [0.1683667004108429, 0.2421492040157318]]",False
early_neutral,6,561,0.8130623125624792,0,[0],"[[-0.9879031181335449, 0.008687741123139858], [0.04393550008535385, -0.1263245940208435], [0.0823935717344284, 0.024203309789299965], [-0.11596907675266266, 0.18492719531059265], [0.15917551517486572, 0.2421492040157318]]",False
early_neutral,6,562,0.8127290903032323,0,[0],"[[-0.9879031181335449, 0.008687741123139858], [0.02981289103627205, -0.1254124492406845], [0.0683431476354599, 0.02561117149889469], [-0.12848161160945892, 0.18578994274139404], [0.14998434484004974, 0.2421492040157318]]",False
early_neutral,6,563,0.8123958680439853,0,[0],"[[-0.9879031181335449, 0.008687741123139858], [0.015643611550331116, -0.12448239326477051], [0.0542849637567997, 0.027025077491998672], [-0.14135804772377014, 0.18690381944179535], [0.14079315960407257, 0.2421492040157318]]",False
early_neutral,6,564,0.8120626457847384,0,[0],"[[-0.9879031181335449, 0.008687741123139858], [0.0014394390163943172, -0.12353738397359848], [0.04021983966231346, 0.02843894436955452], [-0.1545155644416809, 0.18818727135658264], [0.1316019892692566, 0.2421492040157318]]",False
early_neutral,6,565,0.8117294235254915,0,[0],"[[-0.9879031181335449, 0.008687741123139858], [-0.011930465698242188, -0.12263902276754379], [0.0261470265686512, 0.029842382296919823], [-0.16784271597862244, 0.18964740633964539], [0.12231816351413727, 0.24197474122047424]]",False
early_neutral,6,566,0.8113962012662446,0,[0],"[[-0.9879031181335449, 0.008687741123139858], [-0.021822424605488777, -0.12196869403123856], [0.012068084441125393, 0.03123641572892666], [-0.1796128749847412, 0.19084994494915009], [0.1124303862452507, 0.24125434458255768]]",False
early_neutral,6,567,0.8110629790069976,0,[0],"[[-0.9879031181335449, 0.008687741123139858], [-0.030962789431214333, -0.12134066969156265], [-0.0020137166138738394, 0.032630834728479385], [-0.19103211164474487, 0.19175264239311218], [0.10189618170261383, 0.23988988995552063]]",False
early_neutral,6,568,0.8107297567477507,0,[0],"[[-0.9879031181335449, 0.008687741123139858], [-0.040098637342453, -0.12068550288677216], [-0.016097204759716988, 0.03402753919363022], [-0.20160751044750214, 0.19236956536769867], [0.09133373945951462, 0.23824520409107208]]",False
early_neutral,6,569,0.8103965344885038,0,[0],"[[-0.9879031181335449, 0.008687741123139858], [-0.04922878369688988, -0.11999742686748505], [-0.030181877315044403, 0.03542628511786461], [-0.21078726649284363, 0.1926599144935608], [0.08025617152452469, 0.23633131384849548]]",False
early_neutral,6,570,0.8100633122292569,0,[0],"[[-0.9879031181335449, 0.008687741123139858], [-0.05835404247045517, -0.11928245425224304], [-0.04426737502217293, 0.03682688623666763], [-0.21997743844985962, 0.19273142516613007], [0.06863538920879364, 0.23421020805835724]]",False
early_neutral,6,571,0.80973008997001,0,[0],"[[-0.9879031181335449, 0.008687741123139858], [-0.06747566908597946, -0.11854810267686844], [-0.05835314095020294, 0.03823043778538704], [-0.2291686087846756, 0.19274677336215973], [0.05655084550380707, 0.2319152057170868]]",False
early_neutral,6,572,0.809396867710763,0,[0],"[[-0.9879031181335449, 0.008687741123139858], [-0.07659365236759186, -0.11779480427503586], [-0.07243801653385162, 0.03964079171419144], [-0.23835976421833038, 0.19275282323360443], [0.044117171317338943, 0.2294587641954422]]",False
early_neutral,6,573,0.8090636454515162,0,[0],"[[-0.9879031181335449, 0.008687741123139858], [-0.08570834249258041, -0.11702483147382736], [-0.08652191609144211, 0.041057538241147995], [-0.24755093455314636, 0.19275356829166412], [0.031413763761520386, 0.22687916457653046]]",False
early_neutral,6,574,0.8087304231922693,0,[0],"[[-0.9879031181335449, 0.008687741123139858], [-0.0948198065161705, -0.11623885482549667], [-0.10060863196849823, 0.04246414080262184], [-0.25674211978912354, 0.19275395572185516], [0.01851571351289749, 0.22418056428432465]]",False
early_neutral,6,575,0.8083972009330224,0,[0],"[[-0.9879031181335449, 0.008687741123139858], [-0.10393255203962326, -0.11545924097299576], [-0.1146995946764946, 0.043853867799043655], [-0.2659333050251007, 0.19275400042533875], [0.005459813866764307, 0.22141064703464508]]",False
early_neutral,6,576,0.8080639786737754,0,[0],"[[-0.9879031181335449, 0.008687741123139858], [-0.11304911226034164, -0.11469873785972595], [-0.12879550457000732, 0.04522324353456497], [-0.2751244604587555, 0.19275400042533875], [-0.007720401044934988, 0.21859504282474518]]",False
early_neutral,6,577,0.8077307564145285,0,[0],"[[-0.9879031181335449, 0.008687741123139858], [-0.122170090675354, -0.11396098136901855], [-0.1428975909948349, 0.0465661846101284], [-0.28431564569473267, 0.19275400042533875], [-0.02100215293467045, 0.21575914323329926]]",False
early_neutral,6,578,0.8073975341552816,0,[0],"[[-0.9879031181335449, 0.008687741123139858], [-0.13129697740077972, -0.11325489729642868], [-0.15700586140155792, 0.047881949692964554], [-0.29350683093070984, 0.19275400042533875], [-0.03438360616564751, 0.21295367181301117]]",False
early_neutral,6,579,0.8070643118960347,0,[0],"[[-0.9879031181335449, 0.008687741123139858], [-0.14042961597442627, -0.11258099973201752], [-0.17112113535404205, 0.04916580021381378], [-0.3026979863643646, 0.19275400042533875], [-0.047849446535110474, 0.21019047498703003]]",False
early_neutral,6,580,0.8067310896367877,0,[0],"[[-0.9879031181335449, 0.008687741123139858], [-0.14956791698932648, -0.1119404211640358], [-0.18524347245693207, 0.05041678622364998], [-0.3118892014026642, 0.19275400042533875], [-0.0614171177148819, 0.2075415551662445]]",False
early_neutral,6,581,0.8063978673775408,0,[0],"[[-0.9879031181335449, 0.008687741123139858], [-0.15871161222457886, -0.11133350431919098], [-0.19936999678611755, 0.051647771149873734], [-0.32108035683631897, 0.19275400042533875], [-0.07508222758769989, 0.20503000915050507]]",False
early_neutral,6,582,0.8060646451182939,0,[0],"[[-0.9879031181335449, 0.008687741123139858], [-0.16785810887813568, -0.11074439436197281], [-0.21349848806858063, 0.05286931246519089], [-0.3302631080150604, 0.1928168684244156], [-0.08881435543298721, 0.20261244475841522]]",False
early_neutral,6,583,0.805731422859047,0,[0],"[[-0.9879031181335449, 0.008687741123139858], [-0.1770043522119522, -0.1101536974310875], [-0.22762934863567352, 0.054079458117485046], [-0.33944422006607056, 0.1929122507572174], [-0.10258287191390991, 0.20023401081562042]]",False
early_neutral,6,584,0.8053982005998,0,[0],"[[-0.9879031181335449, 0.008687741123139858], [-0.1861509084701538, -0.10956519097089767], [-0.2417638748884201, 0.05527135729789734], [-0.3486284911632538, 0.1929846853017807], [-0.1163809597492218, 0.19789107143878937]]",False
early_neutral,6,585,0.8050649783405531,0,[0],"[[-0.9879031181335449, 0.008687741123139858], [-0.1953006088733673, -0.10899762809276581], [-0.2559022605419159, 0.05644400045275688], [-0.35781529545783997, 0.19305694103240967], [-0.13019581139087677, 0.19556152820587158]]",False
early_neutral,6,586,0.8047317560813062,0,[0],"[[-0.9879031181335449, 0.008687741123139858], [-0.20440948009490967, -0.10845590382814407], [-0.27004629373550415, 0.057587604969739914], [-0.36671921610832214, 0.19370625913143158], [-0.14402294158935547, 0.1932411789894104]]",False
early_neutral,6,587,0.8043985338220593,0,[0],"[[-0.9879031181335449, 0.008687741123139858], [-0.21126745641231537, -0.10807602107524872], [-0.2841965854167938, 0.05869818478822708], [-0.37424150109291077, 0.19643470644950867], [-0.15781918168067932, 0.19082890450954437]]",False
early_neutral,6,588,0.8040653115628124,0,[0],"[[-0.9879031181335449, 0.008687741123139858], [-0.21768303215503693, -0.1077612042427063], [-0.2983536124229431, 0.05977215990424156], [-0.3808768689632416, 0.20051248371601105], [-0.17155665159225464, 0.18826735019683838]]",False
early_neutral,6,589,0.8037320893035654,0,[0],"[[-0.9879031181335449, 0.008687741123139858], [-0.22410184144973755, -0.10747712105512619], [-0.3125182092189789, 0.060803309082984924], [-0.38738828897476196, 0.20473359525203705], [-0.18526464700698853, 0.18576186895370483]]",False
early_neutral,6,590,0.8033988670443185,0,[0],"[[-0.9879031181335449, 0.008687741123139858], [-0.23040880262851715, -0.10721400380134583], [-0.3266891539096832, 0.06179679557681084], [-0.3938922584056854, 0.20895954966545105], [-0.19858360290527344, 0.18513290584087372]]",False
early_neutral,6,591,0.8030656447850717,0,[0],"[[-0.9879031181335449, 0.008687741123139858], [-0.236830934882164, -0.10696176439523697], [-0.34085986018180847, 0.06279218941926956], [-0.40039199590682983, 0.2131883054971695], [-0.2115156650543213, 0.18614248931407928]]",False
early_neutral,6,592,0.8027324225258248,0,[0],"[[-0.9879031181335449, 0.008687741123139858], [-0.2432537078857422, -0.10671860724687576], [-0.35502889752388, 0.06379741430282593], [-0.40689143538475037, 0.21741721034049988], [-0.22473478317260742, 0.1871870756149292]]",False
early_neutral,6,593,0.8023992002665779,0,[0],"[[-0.9879031181335449, 0.008687741123139858], [-0.2495603859424591, -0.10645674914121628], [-0.36919766664505005, 0.06480278074741364], [-0.4133906066417694, 0.2216462939977646], [-0.2381911277770996, 0.18824860453605652]]",False
early_neutral,6,594,0.8020659780073309,0,[0],"[[-0.9879031181335449, 0.008687741123139858], [-0.2559782564640045, -0.10616213828325272], [-0.38336774706840515, 0.06580030173063278], [-0.41988974809646606, 0.22587540745735168], [-0.25183916091918945, 0.18926437199115753]]",False
early_neutral,6,595,0.801732755748084,0,[0],"[[-0.9879031181335449, 0.008687741123139858], [-0.2624780535697937, -0.10582679510116577], [-0.39756643772125244, 0.06657562404870987], [-0.42638885974884033, 0.2301045060157776], [-0.265651136636734, 0.19012892246246338]]",False
early_neutral,6,596,0.8013995334888371,0,[0],"[[-0.9879031181335449, 0.008687741123139858], [-0.2700408101081848, -0.10526298731565475], [-0.4118088185787201, 0.06638137251138687], [-0.4328880310058594, 0.23433361947536469], [-0.27959755063056946, 0.19074910879135132]]",False
early_neutral,6,597,0.8010663112295902,0,[0],"[[-0.9879031181335449, 0.008687741123139858], [-0.27877309918403625, -0.10434997081756592], [-0.4259375035762787, 0.06518774479627609], [-0.43938717246055603, 0.2385627180337906], [-0.2936515808105469, 0.19059917330741882]]",False
early_neutral,6,598,0.8007330889703432,0,[0],"[[-0.9879031181335449, 0.008687741123139858], [-0.2878339886665344, -0.1033187061548233], [-0.439831405878067, 0.06369694322347641], [-0.44589564204216003, 0.2426871359348297], [-0.3076871633529663, 0.18961751461029053]]",False
early_neutral,6,599,0.8003998667110963,0,[0],"[[-0.9879031181335449, 0.008687741123139858], [-0.2969205379486084, -0.10241972655057907], [-0.45136570930480957, 0.06303517520427704], [-0.45189300179481506, 0.244444340467453], [-0.32168492674827576, 0.18820065259933472]]",False
early_neutral,6,600,0.8000666444518494,0,[0],"[[-0.9879031181335449, 0.008687741123139858], [-0.3060404062271118, -0.10167946666479111], [-0.4609489142894745, 0.06371578574180603], [-0.457246333360672, 0.24289147555828094], [-0.33566397428512573, 0.18657565116882324]]",False
early_neutral,6,601,0.7997334221926025,0,[0],"[[-0.9879031181335449, 0.008687741123139858], [-0.315204918384552, -0.10123324394226074], [-0.46924877166748047, 0.06571009755134583], [-0.4628830850124359, 0.2401149570941925], [-0.3496139645576477, 0.18476006388664246]]",False
early_neutral,6,602,0.7994001999333555,0,[0],"[[-0.9879031181335449, 0.008687741123139858], [-0.32434841990470886, -0.1010974645614624], [-0.4763062298297882, 0.06921229511499405], [-0.4677993655204773, 0.23739857971668243], [-0.36353620886802673, 0.1827959418296814]]",False
early_neutral,6,603,0.7990669776741086,0,[0],"[[-0.9879031181335449, 0.008687741123139858], [-0.33122918009757996, -0.10119660943746567], [-0.4831121861934662, 0.07314011454582214], [-0.4725073575973511, 0.23454567790031433], [-0.3774203658103943, 0.18067878484725952]]",False
early_neutral,6,604,0.7987337554148617,0,[0],"[[-0.9879031181335449, 0.008687741123139858], [-0.3376445770263672, -0.10150812566280365], [-0.48987051844596863, 0.07719327509403229], [-0.476641446352005, 0.23187124729156494], [-0.39122462272644043, 0.17832307517528534]]",False
early_neutral,6,605,0.7984005331556148,0,[0],"[[-0.9879031181335449, 0.008687741123139858], [-0.34403103590011597, -0.10198982059955597], [-0.4964528977870941, 0.08136726170778275], [-0.4787028133869171, 0.23053370416164398], [-0.40492576360702515, 0.17570587992668152]]",False
early_neutral,6,606,0.7980673108963678,0,[0],"[[-0.9879031181335449, 0.008687741123139858], [-0.350284606218338, -0.10256359726190567], [-0.5029656887054443, 0.08558749407529831], [-0.4780604839324951, 0.23097845911979675], [-0.4184863567352295, 0.17278295755386353]]",False
early_neutral,6,607,0.7977340886371209,0,[0],"[[-0.9879031181335449, 0.008687741123139858], [-0.35663190484046936, -0.10324731469154358], [-0.50947105884552, 0.08981253206729889], [-0.47556522488594055, 0.23280170559883118], [-0.43185678124427795, 0.16950160264968872]]",False
early_neutral,6,608,0.797400866377874,0,[0],"[[-0.9879031181335449, 0.008687741123139858], [-0.36294862627983093, -0.10403160750865936], [-0.5157612562179565, 0.09417024254798889], [-0.4723402261734009, 0.23539882898330688], [-0.4446311593055725, 0.16601644456386566]]",False
early_neutral,6,609,0.7970676441186271,0,[0],"[[-0.9879031181335449, 0.008687741123139858], [-0.3691135048866272, -0.10491016507148743], [-0.5216217637062073, 0.09921085089445114], [-0.4685956835746765, 0.2388085126876831], [-0.4541369378566742, 0.16299130022525787]]",False
early_neutral,6,610,0.7967344218593803,0,[0],"[[-0.9879031181335449, 0.008687741123139858], [-0.37535780668258667, -0.10591831803321838], [-0.5271927118301392, 0.10501936078071594], [-0.4658983647823334, 0.24245837330818176], [-0.4618024230003357, 0.15974697470664978]]",False
early_neutral,6,611,0.7964011996001333,0,[0],"[[-0.9879031181335449, 0.008687741123139858], [-0.3815472722053528, -0.10705911368131638], [-0.5324251055717468, 0.1112484559416771], [-0.4642350971698761, 0.2462455779314041], [-0.46730655431747437, 0.15705855190753937]]",False
early_neutral,6,612,0.7960679773408864,0,[0],"[[-0.9879031181335449, 0.008687741123139858], [-0.38753464818000793, -0.1085851863026619], [-0.537894070148468, 0.11670174449682236], [-0.4645273983478546, 0.24968090653419495], [-0.4721597731113434, 0.1543111950159073]]",False
early_neutral,6,613,0.7957347550816395,0,[0],"[[-0.9879031181335449, 0.008687741123139858], [-0.39321067929267883, -0.11055145412683487], [-0.543236255645752, 0.12065096944570541], [-0.4683367908000946, 0.2508760392665863], [-0.47685253620147705, 0.15144729614257812]]",False
early_neutral,6,614,0.7954015328223926,0,[0],"[[-0.9879031181335449, 0.008687741123139858], [-0.3986267149448395, -0.11281082779169083], [-0.5493758320808411, 0.12363673746585846], [-0.4740389287471771, 0.25055286288261414], [-0.4816824197769165, 0.14868175983428955]]",False
early_neutral,6,615,0.7950683105631456,0,[0],"[[-0.9879031181335449, 0.008687741123139858], [-0.4039064347743988, -0.11520297080278397], [-0.5532885789871216, 0.1271216720342636], [-0.4794406294822693, 0.24874213337898254], [-0.4867231249809265, 0.14599569141864777]]",False
early_neutral,6,616,0.7947350883038987,0,[0],"[[-0.9879031181335449, 0.008687741123139858], [-0.4091870188713074, -0.11737348139286041], [-0.5571569204330444, 0.13017991185188293], [-0.48477455973625183, 0.24645082652568817], [-0.4927879273891449, 0.14303410053253174]]",False
early_neutral,6,617,0.7944018660446518,0,[0],"[[-0.9879031181335449, 0.008687741123139858], [-0.4151536226272583, -0.11827392131090164], [-0.5614902377128601, 0.13302801549434662], [-0.49027177691459656, 0.24428080022335052], [-0.5000671148300171, 0.13982251286506653]]",False
early_neutral,6,618,0.7940686437854049,0,[0],"[[-0.9879031181335449, 0.008687741123139858], [-0.4214521646499634, -0.11907652765512466], [-0.5673573017120361, 0.1372799277305603], [-0.4956364035606384, 0.24215662479400635], [-0.5062873363494873, 0.13722603023052216]]",False
early_neutral,6,619,0.793735421526158,0,[0],"[[-0.9879031181335449, 0.008687741123139858], [-0.4276919960975647, -0.12001395970582962], [-0.5737524628639221, 0.14153777062892914], [-0.501128077507019, 0.2399754375219345], [-0.5117029547691345, 0.13496577739715576]]",False
early_neutral,6,620,0.793402199266911,0,[0],"[[-0.9879031181335449, 0.008687741123139858], [-0.4338875710964203, -0.12091725319623947], [-0.5802133679389954, 0.14579160511493683], [-0.5066035389900208, 0.23777861893177032], [-0.5172624588012695, 0.13260413706302643]]",False
early_neutral,6,621,0.7930689770076641,0,[0],"[[-0.9877138733863831, 0.008725957944989204], [-0.44017457962036133, -0.12180637568235397], [-0.5867055058479309, 0.15002530813217163], [-0.5119034647941589, 0.2355935126543045], [-0.5236110091209412, 0.12961025536060333]]",False
early_neutral,6,622,0.7927357547484172,0,[0],"[[-0.9843394160270691, 0.009325223974883556], [-0.44642525911331177, -0.12274426966905594], [-0.5932024717330933, 0.15425580739974976], [-0.5172943472862244, 0.233308345079422], [-0.530585527420044, 0.12590304017066956]]",False
early_neutral,6,623,0.7924025324891703,0,[0],"[[-0.9792234897613525, 0.010021479800343513], [-0.45252707600593567, -0.12381219118833542], [-0.5997009873390198, 0.15848533809185028], [-0.5219597220420837, 0.23128345608711243], [-0.5376668572425842, 0.12180008739233017]]",False
early_neutral,6,624,0.7920693102299233,0,[0],"[[-0.9725764393806458, 0.010668274946510792], [-0.45867589116096497, -0.12504373490810394], [-0.6062000393867493, 0.16271449625492096], [-0.5227425694465637, 0.23093746602535248], [-0.5451374650001526, 0.11718342453241348]]",False
early_neutral,6,625,0.7917360879706764,0,[0],"[[-0.9645519256591797, 0.011267043650150299], [-0.4647205173969269, -0.12643387913703918], [-0.6126992106437683, 0.16694362461566925], [-0.523896336555481, 0.2303798347711563], [-0.5525138974189758, 0.11211296916007996]]",False
early_neutral,6,626,0.7914028657114295,0,[0],"[[-0.9554235339164734, 0.01174403540790081], [-0.4705304205417633, -0.1280047446489334], [-0.6196084022521973, 0.1705632209777832], [-0.5269861221313477, 0.22869890928268433], [-0.5592228770256042, 0.1064600870013237]]",False
early_neutral,6,627,0.7910696434521826,0,[0],"[[-0.945825457572937, 0.012073591351509094], [-0.4763278067111969, -0.12981906533241272], [-0.6279966235160828, 0.17189092934131622], [-0.5309348106384277, 0.22621864080429077], [-0.5655288696289062, 0.10008929669857025]]",False
early_neutral,6,628,0.7907364211929356,0,[0],"[[-0.9353424310684204, 0.012266039848327637], [-0.4821838438510895, -0.1318672150373459], [-0.6371304392814636, 0.1718815565109253], [-0.5358444452285767, 0.22304615378379822], [-0.5719491243362427, 0.09330753237009048]]",False
early_neutral,6,629,0.7904031989336888,0,[0],"[[-0.9244444370269775, 0.0122834462672472], [-0.4891381561756134, -0.13427089154720306], [-0.6450686454772949, 0.16988308727741241], [-0.5417041182518005, 0.2192906141281128], [-0.5785320997238159, 0.08622326701879501]]",False
early_neutral,6,630,0.7900699766744419,0,[0],"[[-0.9131845831871033, 0.012098027393221855], [-0.49708986282348633, -0.13694171607494354], [-0.6518334746360779, 0.165999636054039], [-0.5465677976608276, 0.21584412455558777], [-0.585294246673584, 0.07892444729804993]]",False
early_neutral,6,631,0.789736754415195,0,[0],"[[-0.9013161063194275, 0.011717854999005795], [-0.5032328963279724, -0.1389617770910263], [-0.6583497524261475, 0.16178177297115326], [-0.55008465051651, 0.21234293282032013], [-0.5923361778259277, 0.07151621580123901]]",False
early_neutral,6,632,0.789403532155948,0,[0],"[[-0.8889502882957458, 0.010951651260256767], [-0.5090010166168213, -0.1408163458108902], [-0.6648577451705933, 0.15755842626094818], [-0.552805483341217, 0.20855195820331573], [-0.5995957255363464, 0.06402610242366791]]",False
early_neutral,6,633,0.7890703098967011,0,[0],"[[-0.876283586025238, 0.00954312365502119], [-0.5147669315338135, -0.1426691710948944], [-0.6713584661483765, 0.15333034098148346], [-0.5548977255821228, 0.20459476113319397], [-0.6068418025970459, 0.05640061944723129]]",False
early_neutral,6,634,0.7887370876374542,0,[0],"[[-0.8634300231933594, 0.00764370895922184], [-0.5203756093978882, -0.14456017315387726], [-0.6778580546379089, 0.14910149574279785], [-0.556377112865448, 0.20051316916942596], [-0.6140217185020447, 0.0486505925655365]]",False
early_neutral,6,635,0.7884038653782073,0,[0],"[[-0.8505242466926575, 0.005222876090556383], [-0.5260270833969116, -0.1465608775615692], [-0.6843574047088623, 0.1448725014925003], [-0.5578166842460632, 0.19584475457668304], [-0.6213274002075195, 0.04087604582309723]]",False
early_neutral,6,636,0.7880706431189604,0,[0],"[[-0.8380972743034363, 0.0024988274089992046], [-0.5316189527511597, -0.14863073825836182], [-0.6908567547798157, 0.14064355194568634], [-0.5595397353172302, 0.19037944078445435], [-0.6288655400276184, 0.03313904255628586]]",False
early_neutral,6,637,0.7877374208597134,0,[0],"[[-0.8292410373687744, 0.0005354186869226396], [-0.5370709300041199, -0.15070872008800507], [-0.6973560452461243, 0.1364145278930664], [-0.5615022778511047, 0.18444481492042542], [-0.6366303563117981, 0.02545413188636303]]",False
early_neutral,6,638,0.7874041986004665,0,[0],"[[-0.8235192894935608, -0.0007330965017899871], [-0.5425833463668823, -0.15286757051944733], [-0.7038553953170776, 0.13218556344509125], [-0.563780665397644, 0.17814192175865173], [-0.6446264982223511, 0.017837142571806908]]",False
early_neutral,6,639,0.7870709763412196,0,[0],"[[-0.8196910619735718, -0.0015818028477951884], [-0.5481300354003906, -0.15509790182113647], [-0.710354745388031, 0.1279565691947937], [-0.5664514899253845, 0.17137300968170166], [-0.6528202891349792, 0.010284108109772205]]",False
early_neutral,6,640,0.7867377540819727,0,[0],"[[-0.818534791469574, -0.0019884726498275995], [-0.5545650720596313, -0.157743901014328], [-0.7168540358543396, 0.12372755259275436], [-0.5693578124046326, 0.16456222534179688], [-0.6608725190162659, 0.00264801480807364]]",False
early_neutral,6,641,0.7864045318227257,0,[0],"[[-0.8215236067771912, -0.002685322891920805], [-0.5619823336601257, -0.16086320579051971], [-0.723353385925293, 0.1194985955953598], [-0.572621762752533, 0.15741285681724548], [-0.6686797142028809, -0.005109101999551058]]",False
early_neutral,6,642,0.7860713095634788,0,[0],"[[-0.8261772394180298, -0.003266026498749852], [-0.5698106288909912, -0.1639954000711441], [-0.7298526167869568, 0.11526954174041748], [-0.5761995315551758, 0.14991307258605957], [-0.676395058631897, -0.012915798462927341]]",False
early_neutral,6,643,0.7857380873042319,0,[0],"[[-0.8322595357894897, -0.0037433744873851538], [-0.5779216289520264, -0.16680650413036346], [-0.7363520860671997, 0.1110406145453453], [-0.5801277160644531, 0.1421317160129547], [-0.684209942817688, -0.020688384771347046]]",False
early_neutral,6,644,0.785404865044985,0,[0],"[[-0.8394497036933899, -0.004279911518096924], [-0.5862281322479248, -0.16936635971069336], [-0.7428513765335083, 0.10681159049272537], [-0.5844002366065979, 0.13414756953716278], [-0.6921022534370422, -0.028433719649910927]]",False
early_neutral,6,645,0.785071642785738,0,[0],"[[-0.8472071886062622, -0.004829132929444313], [-0.5944253206253052, -0.17207087576389313], [-0.74885094165802, 0.10258328169584274], [-0.5890347957611084, 0.12603133916854858], [-0.6999696493148804, -0.036194268614053726]]",False
early_neutral,6,646,0.7847384205264911,0,[0],"[[-0.8558979034423828, -0.005436136852949858], [-0.6024646162986755, -0.17496924102306366], [-0.7504510879516602, 0.09879527240991592], [-0.5940731167793274, 0.117848239839077], [-0.7074698805809021, -0.043464336544275284]]",False
early_neutral,6,647,0.7844051982672442,0,[0],"[[-0.8653607368469238, -0.006280066445469856], [-0.6103764772415161, -0.17801284790039062], [-0.7474696636199951, 0.09527657926082611], [-0.6000959873199463, 0.10982397943735123], [-0.715104877948761, -0.04823599010705948]]",False
early_neutral,6,648,0.7840719760079974,0,[0],"[[-0.8756628632545471, -0.00742719229310751], [-0.6181787252426147, -0.18117399513721466], [-0.7462255954742432, 0.09097401797771454], [-0.6076903939247131, 0.10227594524621964], [-0.7243450284004211, -0.050673697143793106]]",False
early_neutral,6,649,0.7837387537487505,0,[0],"[[-0.886358916759491, -0.008563445881009102], [-0.6249420046806335, -0.183884397149086], [-0.7475411295890808, 0.08583928644657135], [-0.6159721612930298, 0.09495073556900024], [-0.7326412200927734, -0.05321376025676727]]",False
early_neutral,6,650,0.7834055314895035,0,[0],"[[-0.8976483941078186, -0.00951699260622263], [-0.6308262944221497, -0.18557046353816986], [-0.7501454949378967, 0.08088058978319168], [-0.6230247020721436, 0.08704109489917755], [-0.740419328212738, -0.05637254938483238]]",False
early_neutral,6,651,0.7830723092302566,0,[0],"[[-0.9095683693885803, -0.01034662313759327], [-0.6370737552642822, -0.18677589297294617], [-0.7525953054428101, 0.07860184460878372], [-0.6287888884544373, 0.07865492254495621], [-0.7478286027908325, -0.05983377620577812]]",False
early_neutral,6,652,0.7827390869710097,0,[0],"[[-0.9220199584960938, -0.011142433620989323], [-0.64456707239151, -0.18762964010238647], [-0.7545689940452576, 0.07781003415584564], [-0.6345443725585938, 0.07023094594478607], [-0.7552369236946106, -0.06328936666250229]]",False
early_neutral,6,653,0.7824058647117628,0,[0],"[[-0.9348891973495483, -0.011887731030583382], [-0.6533802151679993, -0.1879381388425827], [-0.7566015124320984, 0.07713750749826431], [-0.6406665444374084, 0.06189204752445221], [-0.7626218795776367, -0.06672394275665283]]",False
early_neutral,6,654,0.7820726424525158,0,[0],"[[-0.9723602533340454, 5.5335519152932555e-12], [-0.4135110378265381, -0.23210525512695312], [-0.5055146813392639, -0.07535884529352188], [-0.5055146813392639, 0.07535884529352188], [-0.4135110378265381, 0.2321052849292755]]",False
early_neutral,6,655,0.7817394201932689,0,[0],"[[-0.9691662788391113, 2.1731093313714922e-10], [-0.4135110378265381, -0.23210525512695312], [-0.5055146813392639, -0.07535884529352188], [-0.5055146813392639, 0.07535884529352188], [-0.4135110378265381, 0.2321052849292755]]",False
early_neutral,6,656,0.781406197934022,0,[0],"[[-0.9640949368476868, 3.972974171873034e-10], [-0.4135110378265381, -0.23210525512695312], [-0.5055146813392639, -0.07535884529352188], [-0.5055146813392639, 0.07535884529352188], [-0.4135110378265381, 0.2321052849292755]]",False
early_neutral,6,657,0.7810729756747751,0,[0],"[[-0.957636833190918, 8.333202458743472e-06], [-0.4135110378265381, -0.23210525512695312], [-0.5055146813392639, -0.07535884529352188], [-0.5055146813392639, 0.07535884529352188], [-0.4135110378265381, 0.2321052849292755]]",False
early_neutral,6,658,0.7807397534155281,0,[0],"[[-0.9499879479408264, 2.2012809495208785e-05], [-0.4135110378265381, -0.23210525512695312], [-0.5055146813392639, -0.07535884529352188], [-0.5055146813392639, 0.07535884529352188], [-0.4135110378265381, 0.2321052849292755]]",False
early_neutral,6,659,0.7804065311562812,0,[0],"[[-0.9412305951118469, 3.4704124118434265e-05], [-0.4135110378265381, -0.23210525512695312], [-0.5055146813392639, -0.07535884529352188], [-0.5055146813392639, 0.07535884529352188], [-0.4135110378265381, 0.2321052849292755]]",False
early_neutral,6,660,0.7800733088970343,0,[0],"[[-0.9318749904632568, 3.585902595659718e-05], [-0.4135110378265381, -0.23210525512695312], [-0.5057789087295532, -0.07506760954856873], [-0.5055146813392639, 0.07535884529352188], [-0.4146086871623993, 0.23223869502544403]]",False
early_neutral,6,661,0.7797400866377874,0,[0],"[[-0.9227004051208496, 3.5858054616255686e-05], [-0.4135110378265381, -0.23210525512695312], [-0.5076932311058044, -0.07310263812541962], [-0.5079577565193176, 0.07502831518650055], [-0.41841956973075867, 0.23271706700325012]]",False
early_neutral,6,662,0.7794068643785405,0,[0],"[[-0.9133470058441162, -0.00012214160233270377], [-0.4135110378265381, -0.23210525512695312], [-0.5105835795402527, -0.07042039185762405], [-0.5124385356903076, 0.07466763257980347], [-0.42366141080856323, 0.23339872062206268]]",False
early_neutral,6,663,0.7790736421192935,0,[0],"[[-0.9053879380226135, -0.001644511241465807], [-0.41560232639312744, -0.23129712045192719], [-0.5114695429801941, -0.06761501729488373], [-0.5184120535850525, 0.07448842376470566], [-0.42953336238861084, 0.23406466841697693]]",False
early_neutral,6,664,0.7787404198600466,0,[0],"[[-0.8988158106803894, -0.005016753915697336], [-0.4198354184627533, -0.22991609573364258], [-0.5077046155929565, -0.06579898297786713], [-0.5248400568962097, 0.07431118935346603], [-0.4357176721096039, 0.23460853099822998]]",False
early_neutral,6,665,0.7784071976007997,0,[0],"[[-0.892437756061554, -0.009556310251355171], [-0.4256247282028198, -0.2284151017665863], [-0.501742422580719, -0.06479566544294357], [-0.5312671661376953, 0.07412131130695343], [-0.4421209692955017, 0.23501330614089966]]",False
early_neutral,6,666,0.7780739753415529,0,[0],"[[-0.8860578536987305, -0.014882377348840237], [-0.4327652156352997, -0.2267257124185562], [-0.4943580627441406, -0.06416160613298416], [-0.5376388430595398, 0.07388999313116074], [-0.44852161407470703, 0.2353290170431137]]",False
early_neutral,6,667,0.777740753082306,0,[0],"[[-0.8799954056739807, -0.02076389640569687], [-0.4411208927631378, -0.22485122084617615], [-0.4857478141784668, -0.06414801627397537], [-0.543948769569397, 0.0736052468419075], [-0.45479634404182434, 0.23560725152492523]]",False
early_neutral,6,668,0.777407530823059,0,[0],"[[-0.8740870356559753, -0.026948753744363785], [-0.45002424716949463, -0.22289788722991943], [-0.4765678942203522, -0.06444218754768372], [-0.5503606200218201, 0.07325998693704605], [-0.46121835708618164, 0.23586036264896393]]",False
early_neutral,6,669,0.7770743085638121,0,[0],"[[-0.8681208491325378, -0.033589743077754974], [-0.459626704454422, -0.2207641303539276], [-0.4673987329006195, -0.06485436856746674], [-0.5567333698272705, 0.07281913608312607], [-0.4676424264907837, 0.23607705533504486]]",False
early_neutral,6,670,0.7767410863045652,0,[0],"[[-0.8619515299797058, -0.0405685193836689], [-0.46932342648506165, -0.21860362589359283], [-0.457895964384079, -0.06537719070911407], [-0.5629587769508362, 0.07225804775953293], [-0.4739120304584503, 0.2362450212240219]]",False
early_neutral,6,671,0.7764078640453183,0,[0],"[[-0.8556070923805237, -0.04781229794025421], [-0.4767133593559265, -0.21721388399600983], [-0.44753533601760864, -0.06599556654691696], [-0.5693005919456482, 0.07155370712280273], [-0.480342835187912, 0.23637259006500244]]",False
early_neutral,6,672,0.7760746417860713,0,[0],"[[-0.849093496799469, -0.055246833711862564], [-0.4849931299686432, -0.21568086743354797], [-0.43643617630004883, -0.0667065680027008], [-0.5755400657653809, 0.07066786289215088], [-0.48677387833595276, 0.23644916713237762]]",False
early_neutral,6,673,0.7757414195268244,0,[0],"[[-0.842361569404602, -0.06279341131448746], [-0.4935816824436188, -0.21375811100006104], [-0.42466306686401367, -0.06749063730239868], [-0.5815150737762451, 0.06952451169490814], [-0.493047297000885, 0.23645354807376862]]",False
early_neutral,6,674,0.7754081972675775,0,[0],"[[-0.835662841796875, -0.07016151398420334], [-0.5014912486076355, -0.21110749244689941], [-0.41234487295150757, -0.06835197657346725], [-0.587541401386261, 0.06806079298257828], [-0.49947884678840637, 0.2363835573196411]]",False
early_neutral,6,675,0.7750749750083306,0,[0],"[[-0.8291975855827332, -0.0770457312464714], [-0.5083857774734497, -0.2087804526090622], [-0.3995976746082306, -0.06926509737968445], [-0.5929878950119019, 0.0660187378525734], [-0.5059061050415039, 0.23623405396938324]]",True
early_neutral,6,676,0.7747417527490836,0,[0],"[[-0.8225997090339661, -0.08385041356086731], [-0.5151256322860718, -0.2074238657951355], [-0.386515736579895, -0.07021010667085648], [-0.5971500873565674, 0.06300576776266098], [-0.5122072100639343, 0.23596961796283722]]",True
early_neutral,6,677,0.7744085304898367,0,[0],"[[-0.8173239231109619, -0.0892290398478508], [-0.5230056047439575, -0.20724916458129883], [-0.3731755316257477, -0.07117968052625656], [-0.6013128161430359, 0.05982072651386261], [-0.5185602903366089, 0.2355739325284958]]",True
early_neutral,6,678,0.7740753082305898,0,[0],"[[-0.814984917640686, -0.09161363542079926], [-0.5295034646987915, -0.2071629911661148], [-0.3596360683441162, -0.07216040045022964], [-0.6054748296737671, 0.05662848427891731], [-0.5249421000480652, 0.23504745960235596]]",True
early_neutral,6,679,0.7737420859713429,0,[0],"[[-0.8157340884208679, -0.09090357273817062], [-0.533145546913147, -0.20708777010440826], [-0.34594398736953735, -0.07314731180667877], [-0.6094332933425903, 0.05332842469215393], [-0.5312348008155823, 0.23439733684062958]]",True
early_neutral,6,680,0.7734088637120959,0,[0],"[[-0.8182099461555481, -0.08887860178947449], [-0.5348383784294128, -0.20706899464130402], [-0.3321325182914734, -0.0741194486618042], [-0.6131768822669983, 0.04993526637554169], [-0.537443995475769, 0.23362262547016144]]",True
early_neutral,6,681,0.773075641452849,0,[0],"[[-0.8219385743141174, -0.08635541051626205], [-0.534614622592926, -0.20635923743247986], [-0.31822824478149414, -0.0750664472579956], [-0.616629958152771, 0.04653264582157135], [-0.543721079826355, 0.2327049821615219]]",True
early_neutral,6,682,0.7727424191936021,0,[0],"[[-0.8265990614891052, -0.08337690681219101], [-0.5319010019302368, -0.20503035187721252], [-0.3042953908443451, -0.07621720433235168], [-0.6199633479118347, 0.04295206069946289], [-0.5499081611633301, 0.23164233565330505]]",True
early_neutral,6,683,0.7724091969343552,0,[0],"[[-0.8319973945617676, -0.07998523861169815], [-0.5283274054527283, -0.20301900804042816], [-0.2904609739780426, -0.0779724195599556], [-0.62241530418396, 0.03918985277414322], [-0.5559093952178955, 0.23043502867221832]]",True
early_neutral,6,684,0.7720759746751082,0,[0],"[[-0.8378194570541382, -0.0763896033167839], [-0.5235162973403931, -0.20098605751991272], [-0.27677595615386963, -0.0802738219499588], [-0.6228244304656982, 0.03516647219657898], [-0.56197190284729, 0.2290341556072235]]",True
early_neutral,6,685,0.7717427524158614,0,[0],"[[-0.8430708646774292, -0.07229252904653549], [-0.5175585150718689, -0.19882924854755402], [-0.26309967041015625, -0.0826728492975235], [-0.6228620409965515, 0.031008528545498848], [-0.5678443908691406, 0.2274308204650879]]",True
early_neutral,6,686,0.7714095301566145,0,[0],"[[-0.8454665541648865, -0.06727282702922821], [-0.5113586783409119, -0.19486787915229797], [-0.24940398335456848, -0.08507939428091049], [-0.6210188865661621, 0.027186522260308266], [-0.5733106136322021, 0.22558075189590454]]",True
early_neutral,6,687,0.7710763078973676,0,[0],"[[-0.8464468121528625, -0.06217501312494278], [-0.5047844648361206, -0.19055087864398956], [-0.23567873239517212, -0.08745552599430084], [-0.6183909773826599, 0.023454193025827408], [-0.5787540078163147, 0.2233511358499527]]",True
early_neutral,6,688,0.7707430856381207,0,[0],"[[-0.8451099991798401, -0.05767250061035156], [-0.49853456020355225, -0.18641483783721924], [-0.22191587090492249, -0.08977002650499344], [-0.6156675815582275, 0.019665155559778214], [-0.5829960703849792, 0.22131933271884918]]",True
early_neutral,6,689,0.7704098633788737,0,[0],"[[-0.8419585824012756, -0.05368346720933914], [-0.4938696622848511, -0.18336419761180878], [-0.20811747014522552, -0.0920180082321167], [-0.6122167706489563, 0.016135236248373985], [-0.5834661722183228, 0.221032053232193]]",True
early_neutral,6,690,0.7700766411196268,0,[0],"[[-0.8400068283081055, -0.051374029368162155], [-0.4912755787372589, -0.18162712454795837], [-0.19428102672100067, -0.09418424963951111], [-0.6080329418182373, 0.012842577882111073], [-0.5820928812026978, 0.2203025370836258]]",True
early_neutral,6,691,0.7697434188603799,0,[0],"[[-0.8390130996704102, -0.05023697391152382], [-0.49093854427337646, -0.18140147626399994], [-0.18040718138217926, -0.09626195579767227], [-0.602755069732666, 0.009202932938933372], [-0.5790560245513916, 0.21843761205673218]]",True
early_neutral,6,692,0.769410196601133,0,[0],"[[-0.8389214873313904, -0.050088465213775635], [-0.49093854427337646, -0.18140147626399994], [-0.16646066308021545, -0.09813395142555237], [-0.5963178277015686, 0.0052458313293755054], [-0.5757587552070618, 0.2160605788230896]]",True
early_neutral,6,693,0.769076974341886,0,[0],"[[-0.8407812714576721, -0.05184999108314514], [-0.49093854427337646, -0.18140147626399994], [-0.15243609249591827, -0.09975141286849976], [-0.5894756317138672, 0.0012523866025730968], [-0.5752564668655396, 0.21569040417671204]]",True
early_neutral,6,694,0.7687437520826391,0,[0],"[[-0.842890739440918, -0.05374686047434807], [-0.49093854427337646, -0.18140147626399994], [-0.13833577930927277, -0.10106875002384186], [-0.5826218724250793, -0.002732591237872839], [-0.5752564668655396, 0.21569040417671204]]",True
early_neutral,6,695,0.7684105298233922,0,[0],"[[-0.8441709876060486, -0.05467610061168671], [-0.49093854427337646, -0.18140147626399994], [-0.12416234612464905, -0.10200689733028412], [-0.5757871270179749, -0.0067313313484191895], [-0.5732425451278687, 0.21473756432533264]]",True
early_neutral,6,696,0.7680773075641453,0,[0],"[[-0.8446502685546875, -0.05494587868452072], [-0.49093854427337646, -0.18140147626399994], [-0.10994216054677963, -0.10258936882019043], [-0.5690796971321106, -0.010820223949849606], [-0.5695822834968567, 0.21306483447551727]]",True
early_neutral,6,697,0.7677440853048983,0,[0],"[[-0.8446601629257202, -0.05495010316371918], [-0.49146369099617004, -0.18109185993671417], [-0.09570735692977905, -0.1030135303735733], [-0.5625144839286804, -0.01500569749623537], [-0.5648254752159119, 0.21094129979610443]]",True
early_neutral,6,698,0.7674108630456514,0,[0],"[[-0.8446601629257202, -0.05495010316371918], [-0.49199917912483215, -0.18077614903450012], [-0.08146463334560394, -0.10331886261701584], [-0.556167483329773, -0.019331064075231552], [-0.5599532127380371, 0.20868192613124847]]",True
early_neutral,6,699,0.7670776407864045,0,[0],"[[-0.8446601629257202, -0.05495010316371918], [-0.4917258620262146, -0.1809372752904892], [-0.06721813976764679, -0.10355322062969208], [-0.5500762462615967, -0.023809419944882393], [-0.5548032522201538, 0.20618869364261627]]",True
early_neutral,6,700,0.7667444185271576,0,[0],"[[-0.8446601629257202, -0.05495010316371918], [-0.491191029548645, -0.18121464550495148], [-0.05297007039189339, -0.10375592112541199], [-0.5451775193214417, -0.027482645586133003], [-0.5500083565711975, 0.203482523560524]]",False
early_neutral,6,701,0.7664111962679107,0,[0],"[[-0.8446601629257202, -0.05495010316371918], [-0.49019262194633484, -0.18161337077617645], [-0.038720667362213135, -0.10392671823501587], [-0.5410323143005371, -0.030115697532892227], [-0.5475038290023804, 0.19985349476337433]]",False
early_neutral,6,702,0.7660779740086637,0,[0],"[[-0.8452066779136658, -0.05361931771039963], [-0.4895741939544678, -0.1815420240163803], [-0.02447018213570118, -0.10406468063592911], [-0.5357864499092102, -0.03329484909772873], [-0.5459640026092529, 0.19583675265312195]]",False
early_neutral,6,703,0.7657447517494168,0,[0],"[[-0.8460871577262878, -0.05090652406215668], [-0.48928743600845337, -0.17949442565441132], [-0.010218845680356026, -0.10416926443576813], [-0.5296207070350647, -0.03677906095981598], [-0.5445972084999084, 0.19174601137638092]]",False
early_neutral,6,704,0.76541152949017,0,[0],"[[-0.8469374179840088, -0.04726289585232735], [-0.48909637331962585, -0.17636100947856903], [0.004033225122839212, -0.10422930121421814], [-0.5239633321762085, -0.039581891149282455], [-0.5434929728507996, 0.1876218318939209]]",False
early_neutral,6,705,0.7650783072309231,0,[0],"[[-0.8479067087173462, -0.04270296171307564], [-0.48917385935783386, -0.17225238680839539], [0.018285686150193214, -0.10424026101827621], [-0.5182077884674072, -0.04226483404636383], [-0.5427579879760742, 0.18422850966453552]]",False
early_neutral,6,706,0.7647450849716761,0,[0],"[[-0.8489806652069092, -0.03731392323970795], [-0.488941490650177, -0.16724172234535217], [0.03253784403204918, -0.10417830944061279], [-0.5139302015304565, -0.043982528150081635], [-0.5426803827285767, 0.1838609278202057]]",False
early_neutral,6,707,0.7644118627124292,0,[0],"[[-0.8501385450363159, -0.031300634145736694], [-0.4878309965133667, -0.16160520911216736], [0.04678779095411301, -0.10400183498859406], [-0.5122714638710022, -0.04445495456457138], [-0.5426803827285767, 0.1838609278202057]]",False
early_neutral,6,708,0.7640786404531823,0,[0],"[[-0.8513888120651245, -0.02471696212887764], [-0.48353883624076843, -0.15661120414733887], [0.06103317067027092, -0.10370759665966034], [-0.5111395120620728, -0.044837623834609985], [-0.5426803827285767, 0.1838609278202057]]",True
early_neutral,6,709,0.7637454181939354,0,[0],"[[-0.8523212671279907, -0.018474243581295013], [-0.47617489099502563, -0.15256206691265106], [0.07527029514312744, -0.10327620059251785], [-0.5073443055152893, -0.045084916055202484], [-0.5426803827285767, 0.1838609278202057]]",True
early_neutral,6,710,0.7634121959346885,0,[0],"[[-0.8504450917243958, -0.014714861288666725], [-0.4677056670188904, -0.1491001844406128], [0.0894891768693924, -0.10269884020090103], [-0.5023002028465271, -0.04540521651506424], [-0.5426803827285767, 0.1838609278202057]]",True
early_neutral,6,711,0.7630789736754415,0,[0],"[[-0.8462231755256653, -0.011876079253852367], [-0.45810556411743164, -0.14589694142341614], [0.10362742841243744, -0.10194671154022217], [-0.49609366059303284, -0.04568685591220856], [-0.5426803827285767, 0.1838609278202057]]",True
early_neutral,6,712,0.7627457514161946,0,[0],"[[-0.8423810005187988, -0.011190325021743774], [-0.4475415050983429, -0.14288142323493958], [0.11776135861873627, -0.10109400749206543], [-0.48798441886901855, -0.04634789377450943], [-0.5426803827285767, 0.1838609278202057]]",True
early_neutral,6,713,0.7624125291569477,0,[0],"[[-0.8383396863937378, -0.011335404589772224], [-0.4362112581729889, -0.13996334373950958], [0.13187922537326813, -0.10013517737388611], [-0.4790334105491638, -0.046460576355457306], [-0.5426803827285767, 0.1838609278202057]]",True
early_neutral,6,714,0.7620793068977008,0,[0],"[[-0.8335570693016052, -0.011751843616366386], [-0.4242175221443176, -0.13724645972251892], [0.14599299430847168, -0.09911174327135086], [-0.46972352266311646, -0.04645303264260292], [-0.5426803827285767, 0.1838609278202057]]",True
early_neutral,6,715,0.7617460846384538,0,[0],"[[-0.8274142146110535, -0.012492169626057148], [-0.41177308559417725, -0.13458283245563507], [0.16010893881320953, -0.09803692251443863], [-0.4603798985481262, -0.04637841507792473], [-0.5410836935043335, 0.18508709967136383]]",True
early_neutral,6,716,0.7614128623792069,0,[0],"[[-0.8219609260559082, -0.013295704498887062], [-0.39896708726882935, -0.13199429214000702], [0.174216166138649, -0.09689854830503464], [-0.4510989189147949, -0.0462520532310009], [-0.5378966331481934, 0.18701177835464478]]",True
early_neutral,6,717,0.76107964011996,0,[0],"[[-0.8185701370239258, -0.013840550556778908], [-0.38594576716423035, -0.12940549850463867], [0.1883259117603302, -0.09572160243988037], [-0.4419088065624237, -0.04616579785943031], [-0.5332911610603333, 0.18924826383590698]]",True
early_neutral,6,718,0.7607464178607131,0,[0],"[[-0.8151740431785583, -0.014417901635169983], [-0.3750428855419159, -0.12720392644405365], [0.20242659747600555, -0.09448269009590149], [-0.43271782994270325, -0.04613032191991806], [-0.5281639695167542, 0.1917772889137268]]",True
early_neutral,6,719,0.7604131956014661,0,[0],"[[-0.810862123966217, -0.01498263981193304], [-0.3662964105606079, -0.12536604702472687], [0.2164859175682068, -0.09321184456348419], [-0.42312565445899963, -0.04617738351225853], [-0.5231063365936279, 0.19436489045619965]]",True
early_neutral,6,720,0.7600799733422192,0,[0],"[[-0.8062803745269775, -0.015295528806746006], [-0.35756489634513855, -0.12349841743707657], [0.23014621436595917, -0.09194793552160263], [-0.41376399993896484, -0.04619689658284187], [-0.518163800239563, 0.19704487919807434]]",True
early_neutral,6,721,0.7597467510829723,0,[0],"[[-0.8023075461387634, -0.01536030974239111], [-0.3488268256187439, -0.12164369225502014], [0.24355700612068176, -0.09066799283027649], [-0.40440833568573, -0.04625659063458443], [-0.513359010219574, 0.1998288482427597]]",True
early_neutral,6,722,0.7594135288237254,0,[0],"[[-0.7986605167388916, -0.01530375611037016], [-0.34033969044685364, -0.11985999345779419], [0.25696662068367004, -0.08936607092618942], [-0.3948102295398712, -0.046405378729104996], [-0.5085019469261169, 0.20257249474525452]]",True
early_neutral,6,723,0.7590803065644786,0,[0],"[[-0.7950668931007385, -0.015148259699344635], [-0.3340407907962799, -0.11866945028305054], [0.2684739828109741, -0.08818306773900986], [-0.38561904430389404, -0.04640532657504082], [-0.5032784938812256, 0.2050142139196396]]",True
early_neutral,6,724,0.7587470843052316,0,[0],"[[-0.7915834188461304, -0.014984342269599438], [-0.32779812812805176, -0.11765756458044052], [0.27604934573173523, -0.08722753822803497], [-0.3760268986225128, -0.0470019169151783], [-0.4977429509162903, 0.2071460485458374]]",True
early_neutral,6,725,0.7584138620459847,0,[0],"[[-0.7880986332893372, -0.014831729233264923], [-0.3214867115020752, -0.11684855818748474], [0.2825833261013031, -0.08622505515813828], [-0.3666652739048004, -0.04725554957985878], [-0.4920389652252197, 0.2090819627046585]]",True
early_neutral,6,726,0.7580806397867378,0,[0],"[[-0.7851783037185669, -0.014768745750188828], [-0.31510767340660095, -0.11630896478891373], [0.2890148460865021, -0.08523692935705185], [-0.3574165999889374, -0.04725203663110733], [-0.48620229959487915, 0.210842564702034]]",True
early_neutral,6,727,0.7577474175274909,0,[0],"[[-0.7840638160705566, -0.014786655083298683], [-0.3086894452571869, -0.11602427810430527], [0.29508066177368164, -0.08431915938854218], [-0.3480723798274994, -0.047218672931194305], [-0.48024579882621765, 0.21242402493953705]]",True
early_neutral,6,728,0.7574141952682439,0,[0],"[[-0.7840397953987122, -0.01478805486112833], [-0.30225831270217896, -0.1159118041396141], [0.3005717992782593, -0.08350563794374466], [-0.33940261602401733, -0.0482664592564106], [-0.47420534491539, 0.21379823982715607]]",True
early_neutral,6,729,0.757080973008997,0,[0],"[[-0.7840397953987122, -0.01478805486112833], [-0.29582536220550537, -0.11596055328845978], [0.3040964603424072, -0.08301274478435516], [-0.3317195475101471, -0.04965197667479515], [-0.4681966304779053, 0.21491092443466187]]",True
early_neutral,6,730,0.7567477507497501,0,[0],"[[-0.7840426564216614, -0.01480790413916111], [-0.2893996834754944, -0.11616664379835129], [0.3062363862991333, -0.0827731043100357], [-0.32542884349823, -0.05163615942001343], [-0.46191632747650146, 0.21581719815731049]]",True
early_neutral,6,731,0.7564145284905032,0,[0],"[[-0.784049391746521, -0.016302935779094696], [-0.2829901874065399, -0.11652757227420807], [0.3081953227519989, -0.08232395350933075], [-0.3202477991580963, -0.054768580943346024], [-0.4567289650440216, 0.2164083868265152]]",True
early_neutral,6,732,0.7560813062312562,0,[0],"[[-0.7835526466369629, -0.018896864727139473], [-0.2765558958053589, -0.11704380065202713], [0.3099502921104431, -0.08053827285766602], [-0.3145626485347748, -0.05830271914601326], [-0.456167072057724, 0.21647168695926666]]",True
early_neutral,6,733,0.7557480839720093,0,[0],"[[-0.7824275493621826, -0.02190258540213108], [-0.26984578371047974, -0.11773616820573807], [0.31232404708862305, -0.07814335823059082], [-0.3080455958843231, -0.06219609081745148], [-0.45610925555229187, 0.21648487448692322]]",True
early_neutral,6,734,0.7554148617127624,0,[0],"[[-0.7812274098396301, -0.02456619031727314], [-0.2623406648635864, -0.11868337541818619], [0.315308153629303, -0.0753064677119255], [-0.301072359085083, -0.06662529706954956], [-0.45366525650024414, 0.2169725000858307]]",True
early_neutral,6,735,0.7550816394535155,0,[0],"[[-0.779787003993988, -0.027426181361079216], [-0.2542123794555664, -0.11990604549646378], [0.3190533220767975, -0.07249325513839722], [-0.2940184473991394, -0.0692749172449112], [-0.44979625940322876, 0.21759317815303802]]",True
early_neutral,6,736,0.7547484171942686,0,[0],"[[-0.778104841709137, -0.030015787109732628], [-0.24632668495178223, -0.12273912876844406], [0.3218621015548706, -0.07032474875450134], [-0.2872806191444397, -0.07064107060432434], [-0.44446998834609985, 0.2182825207710266]]",True
early_neutral,6,737,0.7544151949350216,0,[0],"[[-0.7739456295967102, -0.03094172663986683], [-0.24028661847114563, -0.12782424688339233], [0.3220099210739136, -0.06929250061511993], [-0.2801715135574341, -0.07071912288665771], [-0.438580721616745, 0.21898475289344788]]",True
early_neutral,6,738,0.7540819726757747,0,[0],"[[-0.7686121463775635, -0.029680998995900154], [-0.23543524742126465, -0.13383111357688904], [0.32130202651023865, -0.06818747520446777], [-0.27269718050956726, -0.07206115126609802], [-0.4322529435157776, 0.21968643367290497]]",True
early_neutral,6,739,0.7537487504165278,0,[0],"[[-0.7647148370742798, -0.028382528573274612], [-0.23104198276996613, -0.1402740627527237], [0.3200472891330719, -0.06708411872386932], [-0.2651446759700775, -0.07109113037586212], [-0.42589831352233887, 0.22034068405628204]]",True
early_neutral,6,740,0.7534155281572809,0,[0],"[[-0.7612856030464172, -0.02690506912767887], [-0.2269427627325058, -0.14729653298854828], [0.31853973865509033, -0.06619381904602051], [-0.2588670253753662, -0.06907029449939728], [-0.4196440875530243, 0.22095298767089844]]",True
early_neutral,6,741,0.753082305898034,0,[0],"[[-0.7579905986785889, -0.02515473961830139], [-0.22278544306755066, -0.15474531054496765], [0.31892555952072144, -0.06497376412153244], [-0.25372618436813354, -0.06590911000967026], [-0.4133246839046478, 0.22154301404953003]]",True
early_neutral,6,742,0.7527490836387871,0,[0],"[[-0.7555224895477295, -0.02286922186613083], [-0.21855413913726807, -0.16253283619880676], [0.32094234228134155, -0.06331124901771545], [-0.2481108158826828, -0.062327053397893906], [-0.4069499969482422, 0.22210834920406342]]",True
early_neutral,6,743,0.7524158613795402,0,[0],"[[-0.7547407150268555, -0.019145190715789795], [-0.21392077207565308, -0.17050068080425262], [0.3239773213863373, -0.06131068244576454], [-0.24172557890415192, -0.05833658203482628], [-0.4006166458129883, 0.222609743475914]]",True
early_neutral,6,744,0.7520826391202933,0,[0],"[[-0.7548761963844299, -0.015186225064098835], [-0.20797079801559448, -0.17831280827522278], [0.3257552683353424, -0.059306494891643524], [-0.2349122166633606, -0.05410844087600708], [-0.3943258225917816, 0.22303499281406403]]",True
early_neutral,6,745,0.7517494168610463,0,[0],"[[-0.7551860213279724, -0.01284263376146555], [-0.20107606053352356, -0.18559274077415466], [0.32520246505737305, -0.0578899122774601], [-0.2281302511692047, -0.049802590161561966], [-0.3879159688949585, 0.22339537739753723]]",True
early_neutral,6,746,0.7514161946017994,0,[0],"[[-0.7557184100151062, -0.010565956123173237], [-0.19529753923416138, -0.19060494005680084], [0.32201647758483887, -0.0571439303457737], [-0.2215902954339981, -0.04560025408864021], [-0.38152527809143066, 0.22363044321537018]]",True
early_neutral,6,747,0.7510829723425525,0,[0],"[[-0.7563892006874084, -0.007841965183615685], [-0.1902955025434494, -0.1920837163925171], [0.31749334931373596, -0.05656519532203674], [-0.21488231420516968, -0.041096147149801254], [-0.37524405121803284, 0.22369740903377533]]",True
early_neutral,6,748,0.7507497500833056,0,[0],"[[-0.7568653225898743, -0.004223543684929609], [-0.18460409343242645, -0.19099794328212738], [0.311670184135437, -0.055808793753385544], [-0.2083233743906021, -0.03679097816348076], [-0.3688124120235443, 0.2235998660326004]]",True
early_neutral,6,749,0.7504165278240587,0,[0],"[[-0.7551366686820984, -0.0013514533638954163], [-0.17893439531326294, -0.18913252651691437], [0.3046471178531647, -0.05522383004426956], [-0.201856791973114, -0.03183087334036827], [-0.36439403891563416, 0.22339043021202087]]",True
early_neutral,6,750,0.7500833055648117,0,[0],"[[-0.7523019313812256, 0.0016493453877046704], [-0.17309369146823883, -0.18743492662906647], [0.2968168258666992, -0.05517025291919708], [-0.19528864324092865, -0.027402764186263084], [-0.3642038404941559, 0.223366841673851]]",True
early_neutral,6,751,0.7497500833055648,0,[0],"[[-0.7484658360481262, 0.0034427139908075333], [-0.16721205413341522, -0.18604221940040588], [0.28799790143966675, -0.05543689429759979], [-0.18844255805015564, -0.0254400372505188], [-0.3618256151676178, 0.22289134562015533]]",True
early_neutral,6,752,0.7494168610463179,0,[0],"[[-0.7434921860694885, 0.0025023052003234625], [-0.16102877259254456, -0.1848883330821991], [0.27775681018829346, -0.05594487860798836], [-0.18179544806480408, -0.024986708536744118], [-0.35744231939315796, 0.2223280817270279]]",True
early_neutral,6,753,0.749083638787071,0,[0],"[[-0.7384076714515686, 0.0007341303280554712], [-0.1547483503818512, -0.18400172889232635], [0.2670413553714752, -0.05662192404270172], [-0.174899160861969, -0.024454550817608833], [-0.35181108117103577, 0.22145310044288635]]",True
early_neutral,6,754,0.748750416527824,0,[0],"[[-0.7342138290405273, -0.0010898987529799342], [-0.14853975176811218, -0.18331210315227509], [0.25597620010375977, -0.05735772103071213], [-0.16752998530864716, -0.023583535104990005], [-0.34665292501449585, 0.21832531690597534]]",True
early_neutral,6,755,0.7484171942685771,0,[0],"[[-0.7303743362426758, -0.0031622995156794786], [-0.14215824007987976, -0.18278169631958008], [0.24428921937942505, -0.0581645630300045], [-0.15833881497383118, -0.02357701025903225], [-0.3423953056335449, 0.2138402760028839]]",True
early_neutral,6,756,0.7480839720093302,0,[0],"[[-0.7268157005310059, -0.004867978859692812], [-0.1357492208480835, -0.1824180632829666], [0.2320469319820404, -0.05902562290430069], [-0.14899827539920807, -0.023601138964295387], [-0.3380477726459503, 0.21068376302719116]]",True
early_neutral,6,757,0.7477507497500833,0,[0],"[[-0.7229053974151611, -0.006208761129528284], [-0.1294088214635849, -0.1821322739124298], [0.21935991942882538, -0.05993964150547981], [-0.13982044160366058, -0.023581141605973244], [-0.33268409967422485, 0.20838190615177155]]",True
early_neutral,6,758,0.7474175274908363,0,[0],"[[-0.7200682759284973, -0.006903279572725296], [-0.12302307784557343, -0.18189258873462677], [0.20632165670394897, -0.0608644001185894], [-0.1327909231185913, -0.022884264588356018], [-0.32760727405548096, 0.20716047286987305]]",True
early_neutral,6,759,0.7470843052315894,0,[0],"[[-0.7188535332679749, -0.007080345880240202], [-0.11659646779298782, -0.18169763684272766], [0.19300279021263123, -0.06173967570066452], [-0.1253267228603363, -0.024397963657975197], [-0.3231686055660248, 0.20869529247283936]]",True
early_neutral,6,760,0.7467510829723426,0,[0],"[[-0.7187721133232117, -0.007189277559518814], [-0.11021416634321213, -0.18144485354423523], [0.17946654558181763, -0.06255985051393509], [-0.11950069665908813, -0.026669733226299286], [-0.3180524408817291, 0.21124009788036346]]",True
early_neutral,6,761,0.7464178607130957,0,[0],"[[-0.7187139391899109, -0.009047246538102627], [-0.10389286279678345, -0.18107487261295319], [0.1657596379518509, -0.0632990300655365], [-0.1142646074295044, -0.029981065541505814], [-0.3116552233695984, 0.2141137272119522]]",True
early_neutral,6,762,0.7460846384538488,0,[0],"[[-0.7184391021728516, -0.011850153096020222], [-0.09750422835350037, -0.18058070540428162], [0.15196771919727325, -0.06395203620195389], [-0.10851620137691498, -0.03361690789461136], [-0.3040901720523834, 0.21719254553318024]]",True
early_neutral,6,763,0.7457514161946018,0,[0],"[[-0.7179928421974182, -0.01471501961350441], [-0.09128491580486298, -0.17986026406288147], [0.14050552248954773, -0.06447353959083557], [-0.10254210233688354, -0.03777804970741272], [-0.2978418469429016, 0.21940436959266663]]",True
early_neutral,6,764,0.7454181939353549,0,[0],"[[-0.717499315738678, -0.017265284433960915], [-0.08533568680286407, -0.1787826269865036], [0.13419027626514435, -0.06476086378097534], [-0.09754239022731781, -0.04186907783150673], [-0.2918975055217743, 0.221001997590065]]",True
early_neutral,6,765,0.745084971676108,0,[0],"[[-0.7168623208999634, -0.020072711631655693], [-0.0793280079960823, -0.17728860676288605], [0.13412362337112427, -0.06474582105875015], [-0.09056077897548676, -0.04397265613079071], [-0.28574851155281067, 0.22222904860973358]]",True
early_neutral,6,766,0.7447517494168611,0,[0],"[[-0.7167717218399048, -0.02266923524439335], [-0.07408754527568817, -0.17571403086185455], [0.13771189749240875, -0.06450209021568298], [-0.0839565098285675, -0.044662926346063614], [-0.2794545292854309, 0.22309032082557678]]",True
early_neutral,6,767,0.7444185271576141,0,[0],"[[-0.7207140922546387, -0.02430794946849346], [-0.07162076234817505, -0.1749667078256607], [0.1419207900762558, -0.06417839229106903], [-0.07640527188777924, -0.04470726102590561], [-0.2730690836906433, 0.2235860675573349]]",True
early_neutral,6,768,0.7440853048983672,0,[0],"[[-0.7268686890602112, -0.024151131510734558], [-0.07251686602830887, -0.17515438795089722], [0.14650356769561768, -0.06381605565547943], [-0.06777843832969666, -0.0447673499584198], [-0.26672008633613586, 0.22384926676750183]]",True
early_neutral,6,769,0.7437520826391203,0,[0],"[[-0.7342536449432373, -0.023197395727038383], [-0.07614704966545105, -0.17581115663051605], [0.15063486993312836, -0.06336748600006104], [-0.05819765850901604, -0.04483103007078171], [-0.2604016959667206, 0.22393788397312164]]",True
early_neutral,6,770,0.7434188603798734,0,[0],"[[-0.7426855564117432, -0.021605586633086205], [-0.08101555705070496, -0.1760806143283844], [0.15231269598007202, -0.06274320930242538], [-0.048789285123348236, -0.04486600309610367], [-0.25396960973739624, 0.22385437786579132]]",False
early_neutral,6,771,0.7430856381206264,0,[0],"[[-0.7516617178916931, -0.019504833966493607], [-0.0847400575876236, -0.17390242218971252], [0.15133757889270782, -0.06131647154688835], [-0.03968019783496857, -0.044878385961055756], [-0.24755650758743286, 0.22367365658283234]]",False
early_neutral,6,772,0.7427524158613795,0,[0],"[[-0.7614209651947021, -0.017133185639977455], [-0.08779606968164444, -0.17027594149112701], [0.14925004541873932, -0.05873776972293854], [-0.030838362872600555, -0.04489040747284889], [-0.24127575755119324, 0.22346231341362]]",False
early_neutral,6,773,0.7424191936021326,0,[0],"[[-0.7718542814254761, -0.014519372023642063], [-0.09077151119709015, -0.16576574742794037], [0.1462528258562088, -0.056021761149168015], [-0.021938567981123924, -0.04482210427522659], [-0.23485352098941803, 0.2232113927602768]]",False
early_neutral,6,774,0.7420859713428857,0,[0],"[[-0.7829033732414246, -0.011710232123732567], [-0.09318476915359497, -0.16026917099952698], [0.14320583641529083, -0.0539667084813118], [-0.015539092943072319, -0.044479336589574814], [-0.227932870388031, 0.22292189300060272]]",False
early_neutral,6,775,0.7417527490836388,0,[0],"[[-0.7944440245628357, -0.008729294873774052], [-0.09470832347869873, -0.15509209036827087], [0.14102597534656525, -0.0526571162045002], [-0.012464255094528198, -0.04366515204310417], [-0.21972312033176422, 0.22259530425071716]]",False
early_neutral,6,776,0.7414195268243918,0,[0],"[[-0.8046384453773499, -0.006067477632313967], [-0.09524510055780411, -0.15322445333003998], [0.1389557272195816, -0.05184497684240341], [-0.011016879230737686, -0.042984992265701294], [-0.21060697734355927, 0.22225333750247955]]",True
early_neutral,6,777,0.7410863045651449,0,[0],"[[-0.812861979007721, -0.0038956026546657085], [-0.09520979225635529, -0.15331418812274933], [0.13718120753765106, -0.05087105929851532], [-0.011511512100696564, -0.04109683260321617], [-0.20142854750156403, 0.22193878889083862]]",False
early_neutral,6,778,0.740753082305898,0,[0],"[[-0.8204649686813354, -0.001946268486790359], [-0.09423929452896118, -0.15539862215518951], [0.1355893313884735, -0.05042397975921631], [-0.016659434884786606, -0.03749288246035576], [-0.1922476887702942, 0.22165577113628387]]",False
early_neutral,6,779,0.7404198600466512,0,[0],"[[-0.8243704438209534, -0.002073070267215371], [-0.09233665466308594, -0.15825344622135162], [0.13221462070941925, -0.050330594182014465], [-0.022322457283735275, -0.033138882368803024], [-0.18306244909763336, 0.22144286334514618]]",False
early_neutral,6,780,0.7400866377874042,0,[0],"[[-0.8252406716346741, -0.004498146008700132], [-0.08931481093168259, -0.16175910830497742], [0.12717559933662415, -0.05073903873562813], [-0.028332659974694252, -0.028201015666127205], [-0.17387297749519348, 0.22133152186870575]]",False
early_neutral,6,781,0.7397534155281573,0,[0],"[[-0.8279850482940674, -0.007282430771738291], [-0.08504746854305267, -0.16580143570899963], [0.12092521786689758, -0.05152533948421478], [-0.034750796854496, -0.022758685052394867], [-0.16565555334091187, 0.22132857143878937]]",False
early_neutral,6,782,0.7394201932689104,0,[0],"[[-0.8331961631774902, -0.009545150212943554], [-0.0793735682964325, -0.17012657225131989], [0.11444761604070663, -0.052457381039857864], [-0.041463159024715424, -0.016878675669431686], [-0.15922914445400238, 0.22152259945869446]]",False
early_neutral,6,783,0.7390869710096635,0,[0],"[[-0.839533269405365, -0.010701810009777546], [-0.07240767031908035, -0.17437458038330078], [0.10824695229530334, -0.053593218326568604], [-0.04677258059382439, -0.010069409385323524], [-0.1529807448387146, 0.22188565135002136]]",False
early_neutral,6,784,0.7387537487504166,0,[0],"[[-0.8473297357559204, -0.010528934188187122], [-0.0641094446182251, -0.1784939169883728], [0.10334684699773788, -0.05503113195300102], [-0.04915304854512215, -0.0022945378441363573], [-0.15085643529891968, 0.22203534841537476]]",False
early_neutral,6,785,0.7384205264911696,0,[0],"[[-0.8562148809432983, -0.010208316147327423], [-0.05514679476618767, -0.18198463320732117], [0.10163354873657227, -0.055921267718076706], [-0.050855543464422226, 0.0041777631267905235], [-0.15085643529891968, 0.22203534841537476]]",False
early_neutral,6,786,0.7380873042319227,0,[0],"[[-0.8653935790061951, -0.00989866629242897], [-0.04505981504917145, -0.1849074363708496], [0.10343854129314423, -0.056634657084941864], [-0.052519187331199646, 0.01005980372428894], [-0.15085643529891968, 0.22203534841537476]]",False
early_neutral,6,787,0.7377540819726758,0,[0],"[[-0.8745617866516113, -0.009477328509092331], [-0.03510739281773567, -0.1870831400156021], [0.10740899294614792, -0.0572170652449131], [-0.05435587838292122, 0.015088467858731747], [-0.15085643529891968, 0.22203534841537476]]",False
early_neutral,6,788,0.7374208597134289,0,[0],"[[-0.8837250471115112, -0.009011396206915379], [-0.026138460263609886, -0.1883961260318756], [0.11285486817359924, -0.05783588066697121], [-0.058465052396059036, 0.01712963357567787], [-0.1510593295097351, 0.22172409296035767]]",False
early_neutral,6,789,0.7370876374541819,0,[0],"[[-0.892892599105835, -0.008582730777561665], [-0.016979318112134933, -0.18924246728420258], [0.11858753114938736, -0.06016850471496582], [-0.06449620425701141, 0.017672138288617134], [-0.1527777463197708, 0.21968317031860352]]",False
early_neutral,6,790,0.736754415194935,0,[0],"[[-0.902062714099884, -0.008178549818694592], [-0.007185916416347027, -0.19057771563529968], [0.12433924525976181, -0.06380163133144379], [-0.07099156826734543, 0.017769770696759224], [-0.1558220088481903, 0.217064768075943]]",False
early_neutral,6,791,0.7364211929356881,0,[0],"[[-0.9112285375595093, -0.007734967395663261], [0.0031341523863375187, -0.192734494805336], [0.13133305311203003, -0.0669122189283371], [-0.07685360312461853, 0.01707237958908081], [-0.15842311084270477, 0.21359270811080933]]",False
early_neutral,6,792,0.7360879706764412,0,[0],"[[-0.9203886389732361, -0.007243627682328224], [0.012430300936102867, -0.19551105797290802], [0.13996991515159607, -0.06787911802530289], [-0.08036555349826813, 0.014522451907396317], [-0.1600542962551117, 0.20962649583816528]]",False
early_neutral,6,793,0.7357547484171942,0,[0],"[[-0.9295434355735779, -0.006712146103382111], [0.018864575773477554, -0.19972869753837585], [0.14915655553340912, -0.06792593002319336], [-0.08400552719831467, 0.010942607186734676], [-0.16117075085639954, 0.20560020208358765]]",False
early_neutral,6,794,0.7354215261579473,0,[0],"[[-0.9386931657791138, -0.006144871469587088], [0.023442743346095085, -0.20457972586154938], [0.1583477109670639, -0.06793731451034546], [-0.0883575826883316, 0.006721115205436945], [-0.16025252640247345, 0.20161208510398865]]",False
early_neutral,6,795,0.7350883038987004,0,[0],"[[-0.9478446841239929, -0.005590833257883787], [0.02409861609339714, -0.20783208310604095], [0.16753889620304108, -0.06794091314077377], [-0.09352394193410873, 0.0019546987023204565], [-0.1590307652950287, 0.19763517379760742]]",False
early_neutral,6,796,0.7347550816394535,0,[0],"[[-0.957012951374054, -0.005170898512005806], [0.020412389189004898, -0.20908312499523163], [0.17673006653785706, -0.06794150918722153], [-0.09935929626226425, -0.003070659004151821], [-0.15865902602672577, 0.1962698996067047]]",False
early_neutral,6,797,0.7344218593802065,0,[0],"[[-0.9659212231636047, -0.004890892188996077], [0.0148245207965374, -0.2099355161190033], [0.18592125177383423, -0.06794178485870361], [-0.10604993253946304, -0.008371441625058651], [-0.15865902602672577, 0.1962698996067047]]",False
early_neutral,6,798,0.7340886371209597,0,[0],"[[-0.9719921350479126, -0.004775982815772295], [0.007725506089627743, -0.21064813435077667], [0.19400227069854736, -0.0679527074098587], [-0.11354433000087738, -0.0138597022742033], [-0.15865902602672577, 0.1962698996067047]]",False
early_neutral,6,799,0.7337554148617128,0,[0],"[[-0.9777550101280212, -0.004745976533740759], [-0.0006992698763497174, -0.21113169193267822], [0.19696453213691711, -0.06797686219215393], [-0.12188804149627686, -0.019429896026849747], [-0.15865902602672577, 0.1962698996067047]]",False
early_neutral,6,800,0.7334221926024659,0,[0],"[[-0.9811559915542603, -0.00472653703764081], [-0.010198813863098621, -0.21154941618442535], [0.19678694009780884, -0.06799773871898651], [-0.13120631873607635, -0.0248470026999712], [-0.15898041427135468, 0.19600412249565125]]",False
early_neutral,6,801,0.733088970343219,0,[0],"[[-0.9821592569351196, -0.004681781399995089], [-0.020569760352373123, -0.21187280118465424], [0.19309580326080322, -0.06812257319688797], [-0.14123407006263733, -0.030149061232805252], [-0.16116231679916382, 0.19415585696697235]]",False
early_neutral,6,802,0.732755748083972,0,[0],"[[-0.9821832180023193, -0.004679942969232798], [-0.031287405639886856, -0.21211126446723938], [0.18783235549926758, -0.06820710003376007], [-0.15195584297180176, -0.03521433845162392], [-0.16417214274406433, 0.19151447713375092]]",False
early_neutral,6,803,0.7324225258247251,0,[0],"[[-0.9821832180023193, -0.004679942969232798], [-0.04269056394696236, -0.21228660643100739], [0.1811324954032898, -0.06817269325256348], [-0.1623777449131012, -0.03971843793988228], [-0.16809605062007904, 0.18814638257026672]]",False
early_neutral,6,804,0.7320893035654782,0,[0],"[[-0.9821832180023193, -0.004679942969232798], [-0.05473075434565544, -0.2124270498752594], [0.17313261330127716, -0.06791330873966217], [-0.17161177098751068, -0.0420345813035965], [-0.17309683561325073, 0.18421249091625214]]",False
early_neutral,6,805,0.7317560813062313,0,[0],"[[-0.9821832180023193, -0.004679942969232798], [-0.06731531769037247, -0.21255084872245789], [0.1640695482492447, -0.06738141179084778], [-0.18096385896205902, -0.04293512925505638], [-0.1791028380393982, 0.17988228797912598]]",False
early_neutral,6,806,0.7314228590469843,0,[0],"[[-0.9821832180023193, -0.004679942969232798], [-0.08032544702291489, -0.21265941858291626], [0.15449641644954681, -0.06690996885299683], [-0.1901129186153412, -0.04349846765398979], [-0.18576771020889282, 0.17535924911499023]]",False
early_neutral,6,807,0.7310896367877374,0,[0],"[[-0.9821832180023193, -0.004679942969232798], [-0.09366373717784882, -0.2128145396709442], [0.14405909180641174, -0.0665859654545784], [-0.1992965042591095, -0.04372066259384155], [-0.19321240484714508, 0.1705515831708908]]",False
early_neutral,6,808,0.7307564145284905,0,[0],"[[-0.9821832180023193, -0.004679942969232798], [-0.10725299268960953, -0.21303637325763702], [0.13324794173240662, -0.06644131243228912], [-0.2084875851869583, -0.043748702853918076], [-0.2009190022945404, 0.16563710570335388]]",False
early_neutral,6,809,0.7304231922692436,0,[0],"[[-0.9821832180023193, -0.004679942969232798], [-0.12103057652711868, -0.21336601674556732], [0.12206270545721054, -0.06648068875074387], [-0.2176787406206131, -0.043763063848018646], [-0.20905734598636627, 0.16045695543289185]]",False
early_neutral,6,810,0.7300899700099966,0,[0],"[[-0.9821832180023193, -0.004679942969232798], [-0.13494449853897095, -0.21385571360588074], [0.11025926470756531, -0.06667433679103851], [-0.22686989605426788, -0.04376571625471115], [-0.2177349478006363, 0.15506601333618164]]",False
early_neutral,6,811,0.7297567477507497,0,[0],"[[-0.9821832180023193, -0.004679942969232798], [-0.14895272254943848, -0.2145240157842636], [0.0979079008102417, -0.06696801632642746], [-0.23606108129024506, -0.04376651346683502], [-0.22731907665729523, 0.1498168706893921]]",False
early_neutral,6,812,0.7294235254915028,0,[0],"[[-0.9821832180023193, -0.004679942969232798], [-0.1630120426416397, -0.21544533967971802], [0.08512472361326218, -0.06739667803049088], [-0.24525225162506104, -0.04376676306128502], [-0.23747552931308746, 0.14498941600322723]]",False
early_neutral,6,813,0.7290903032322559,0,[0],"[[-0.9821832180023193, -0.004679942969232798], [-0.17708680033683777, -0.21662738919258118], [0.07201103866100311, -0.06796497106552124], [-0.2544434368610382, -0.0437668077647686], [-0.24488814175128937, 0.14155040681362152]]",False
early_neutral,6,814,0.728757080973009,0,[0],"[[-0.9812501668930054, -0.00487325806170702], [-0.19085237383842468, -0.21668215095996857], [0.05865652486681938, -0.06873854249715805], [-0.263634592294693, -0.04376682639122009], [-0.2476053684949875, 0.140289768576622]]",False
early_neutral,6,815,0.728423858713762,0,[0],"[[-0.9773496985435486, -0.005736353807151318], [-0.20360110700130463, -0.2145889550447464], [0.045121900737285614, -0.0696735754609108], [-0.27282577753067017, -0.04376682639122009], [-0.24889616668224335, 0.1416773945093155]]",False
early_neutral,6,816,0.7280906364545152,0,[0],"[[-0.9720292091369629, -0.0070332917384803295], [-0.21646049618721008, -0.2121904343366623], [0.03144343942403793, -0.07068184018135071], [-0.28201696276664734, -0.04376682639122009], [-0.2508678734302521, 0.14421474933624268]]",False
early_neutral,6,817,0.7277574141952683,0,[0],"[[-0.9653826951980591, -0.008723054081201553], [-0.22959569096565247, -0.20984280109405518], [0.017657145857810974, -0.07175295799970627], [-0.2912081182003021, -0.04376682639122009], [-0.2536531090736389, 0.14733275771141052]]",False
early_neutral,6,818,0.7274241919360214,0,[0],"[[-0.9575028419494629, -0.010690225288271904], [-0.24295012652873993, -0.20755764842033386], [0.003782253246754408, -0.07283433526754379], [-0.3003993034362793, -0.04376682639122009], [-0.25843897461891174, 0.14977529644966125]]",False
early_neutral,6,819,0.7270909696767744,0,[0],"[[-0.948809027671814, -0.012827279046177864], [-0.2564857602119446, -0.2053600698709488], [-0.01016228087246418, -0.07390999048948288], [-0.30959048867225647, -0.04376682639122009], [-0.26386359333992004, 0.15196992456912994]]",False
early_neutral,6,820,0.7267577474175275,0,[0],"[[-0.9395762085914612, -0.015093641355633736], [-0.2701684236526489, -0.20325897634029388], [-0.024166781455278397, -0.07493998110294342], [-0.31878167390823364, -0.04376682639122009], [-0.26986661553382874, 0.15282651782035828]]",False
early_neutral,6,821,0.7264245251582806,0,[0],"[[-0.9295483231544495, -0.01755637861788273], [-0.2839468717575073, -0.20119109749794006], [-0.03822610154747963, -0.07587572932243347], [-0.327406108379364, -0.0448271743953228], [-0.27621158957481384, 0.15312299132347107]]",False
early_neutral,6,822,0.7260913028990337,0,[0],"[[-0.9193383455276489, -0.020071640610694885], [-0.2977881133556366, -0.19912172853946686], [-0.052329547703266144, -0.07671362161636353], [-0.33463165163993835, -0.04808344319462776], [-0.28312525153160095, 0.15346577763557434]]",False
early_neutral,6,823,0.7257580806397868,0,[0],"[[-0.9086219668388367, -0.02272283472120762], [-0.3116736114025116, -0.19704271852970123], [-0.06646979600191116, -0.0774407833814621], [-0.34117910265922546, -0.052280545234680176], [-0.29134708642959595, 0.15351375937461853]]",False
early_neutral,6,824,0.7254248583805398,0,[0],"[[-0.8973578810691833, -0.025519445538520813], [-0.32558324933052063, -0.1949303299188614], [-0.0806395560503006, -0.07805474102497101], [-0.3476899564266205, -0.056502021849155426], [-0.3004617989063263, 0.15317408740520477]]",False
early_neutral,6,825,0.7250916361212929,0,[0],"[[-0.8856284022331238, -0.028452012687921524], [-0.3395088016986847, -0.19278649985790253], [-0.09483332931995392, -0.07854484766721725], [-0.3541928231716156, -0.060728710144758224], [-0.3096059262752533, 0.15257346630096436]]",False
early_neutral,6,826,0.724758413862046,0,[0],"[[-0.8735432624816895, -0.03149978443980217], [-0.35345232486724854, -0.19063572585582733], [-0.10904588550329208, -0.07890493422746658], [-0.3606925904750824, -0.064957395195961], [-0.3187068700790405, 0.15174025297164917]]",False
early_neutral,6,827,0.7244251916027991,0,[0],"[[-0.8611970543861389, -0.03465520963072777], [-0.36741143465042114, -0.18848557770252228], [-0.12327203154563904, -0.07913551479578018], [-0.36719202995300293, -0.06918630748987198], [-0.32777586579322815, 0.1507684886455536]]",False
early_neutral,6,828,0.7240919693435521,0,[0],"[[-0.8486676812171936, -0.03791700676083565], [-0.38137537240982056, -0.18631640076637268], [-0.13750715553760529, -0.07923837751150131], [-0.3736911416053772, -0.07341544330120087], [-0.3368286192417145, 0.1497344821691513]]",False
early_neutral,6,829,0.7237587470843052,0,[0],"[[-0.8360017538070679, -0.04126279056072235], [-0.3953319787979126, -0.1841040998697281], [-0.15174724161624908, -0.0792144387960434], [-0.38019025325775146, -0.07764457166194916], [-0.34587061405181885, 0.1486613005399704]]",False
early_neutral,6,830,0.7234255248250583,0,[0],"[[-0.8232378959655762, -0.04467885196208954], [-0.4092799127101898, -0.18185169994831085], [-0.16598883271217346, -0.07907527685165405], [-0.38668933510780334, -0.08187370747327805], [-0.3549237549304962, 0.14762872457504272]]",False
early_neutral,6,831,0.7230923025658114,0,[0],"[[-0.8104043006896973, -0.0481538288295269], [-0.4232226610183716, -0.1795729547739029], [-0.18022915720939636, -0.0788242518901825], [-0.3931884467601776, -0.08610285073518753], [-0.36398953199386597, 0.14664435386657715]]",False
early_neutral,6,832,0.7227590803065644,0,[0],"[[-0.7975171804428101, -0.051670655608177185], [-0.43716031312942505, -0.17727148532867432], [-0.19446446001529694, -0.07844371348619461], [-0.3996875584125519, -0.09033197164535522], [-0.3730728328227997, 0.14573103189468384]]",False
early_neutral,6,833,0.7224258580473175,0,[0],"[[-0.7845931649208069, -0.055223725736141205], [-0.45113062858581543, -0.1750483512878418], [-0.20868967473506927, -0.07791218906641006], [-0.40618664026260376, -0.0945611298084259], [-0.38217440247535706, 0.14489811658859253]]",False
early_neutral,6,834,0.7220926357880706,0,[0],"[[-0.7716611623764038, -0.058834005147218704], [-0.46515265107154846, -0.17296169698238373], [-0.22290104627609253, -0.07723274827003479], [-0.41268572211265564, -0.0987902581691742], [-0.39129403233528137, 0.14415423572063446]]",False
early_neutral,6,835,0.7217594135288238,0,[0],"[[-0.7587411999702454, -0.06251288205385208], [-0.47921931743621826, -0.17100131511688232], [-0.23709672689437866, -0.0764203816652298], [-0.4191848933696747, -0.1030193641781807], [-0.4004323482513428, 0.14351429045200348]]",False
early_neutral,6,836,0.7214261912695769,0,[0],"[[-0.746651828289032, -0.0660368949174881], [-0.49331918358802795, -0.1691409796476364], [-0.25127387046813965, -0.07547763735055923], [-0.42568403482437134, -0.1072484701871872], [-0.40958645939826965, 0.1429784595966339]]",False
early_neutral,6,837,0.7210929690103299,0,[0],"[[-0.7382602095603943, -0.06889952719211578], [-0.5069091320037842, -0.16693465411663055], [-0.2654341757297516, -0.0744306817650795], [-0.4321831464767456, -0.11147758364677429], [-0.41875341534614563, 0.14254546165466309]]",False
early_neutral,6,838,0.720759746751083,0,[0],"[[-0.7315638065338135, -0.07175245136022568], [-0.517733633518219, -0.16298988461494446], [-0.2795785367488861, -0.07329443097114563], [-0.4386822283267975, -0.11570674180984497], [-0.42793047428131104, 0.14221514761447906]]",False
early_neutral,6,839,0.7204265244918361,0,[0],"[[-0.727221667766571, -0.07262491434812546], [-0.5270851850509644, -0.15760600566864014], [-0.2937527000904083, -0.07235326617956161], [-0.44518133997917175, -0.11993586272001266], [-0.43764829635620117, 0.1421336680650711]]",False
early_neutral,6,840,0.7200933022325892,0,[0],"[[-0.7235780954360962, -0.07210548222064972], [-0.5369763970375061, -0.1521950662136078], [-0.3079988658428192, -0.07231100648641586], [-0.4516804814338684, -0.12416496127843857], [-0.44821518659591675, 0.14244693517684937]]",False
early_neutral,6,841,0.7197600799733422,0,[0],"[[-0.7199504375457764, -0.07051270455121994], [-0.547551155090332, -0.14697709679603577], [-0.3221944272518158, -0.07311753928661346], [-0.4581795930862427, -0.12839406728744507], [-0.4594845771789551, 0.1431446373462677]]",False
early_neutral,6,842,0.7194268577140953,0,[0],"[[-0.7147702574729919, -0.06873984634876251], [-0.5585421323776245, -0.14183034002780914], [-0.3364086449146271, -0.07378355413675308], [-0.46467873454093933, -0.13262319564819336], [-0.4714113771915436, 0.14393913745880127]]",False
early_neutral,6,843,0.7190936354548484,0,[0],"[[-0.7076059579849243, -0.0680343359708786], [-0.5698251724243164, -0.13672031462192535], [-0.35065504908561707, -0.0740240216255188], [-0.4711778461933136, -0.13685233891010284], [-0.4837516248226166, 0.14479561150074005]]",False
early_neutral,6,844,0.7187604131956015,0,[0],"[[-0.6998281478881836, -0.0674552246928215], [-0.5812855958938599, -0.13159778714179993], [-0.3648819625377655, -0.07356017082929611], [-0.47767695784568787, -0.14108146727085114], [-0.4937605857849121, 0.14529338479042053]]",False
early_neutral,6,845,0.7184271909363545,0,[0],"[[-0.696043848991394, -0.06632231920957565], [-0.5926934480667114, -0.12629148364067078], [-0.37893858551979065, -0.07205801457166672], [-0.48417606949806213, -0.14531056582927704], [-0.5029500722885132, 0.14535507559776306]]",False
early_neutral,6,846,0.7180939686771076,0,[0],"[[-0.6946409940719604, -0.06520107388496399], [-0.6040419340133667, -0.12083224952220917], [-0.39270615577697754, -0.06966504454612732], [-0.4906752109527588, -0.14953966438770294], [-0.5121384859085083, 0.1452074646949768]]",False
early_neutral,6,847,0.7177607464178607,0,[0],"[[-0.6938664317131042, -0.06400258094072342], [-0.6156400442123413, -0.1155230849981308], [-0.4063759744167328, -0.06704044342041016], [-0.49717432260513306, -0.15376880764961243], [-0.5213271975517273, 0.1450689435005188]]",False
early_neutral,6,848,0.7174275241586138,0,[0],"[[-0.69715416431427, -0.06223679333925247], [-0.6275589466094971, -0.11046207696199417], [-0.4199795722961426, -0.06427384167909622], [-0.5036734342575073, -0.15799793601036072], [-0.5300568342208862, 0.14495199918746948]]",False
early_neutral,6,849,0.7170943018993668,0,[0],"[[-0.7043613195419312, -0.0612713061273098], [-0.63852459192276, -0.10612711310386658], [-0.43358463048934937, -0.061509814113378525], [-0.5101743340492249, -0.1622258573770523], [-0.5365275740623474, 0.14495712518692017]]",False
early_neutral,6,850,0.7167610796401199,0,[0],"[[-0.7129711508750916, -0.06070704385638237], [-0.647288978099823, -0.10422170162200928], [-0.44722986221313477, -0.05883098766207695], [-0.5168606042861938, -0.16642343997955322], [-0.5429592132568359, 0.14506348967552185]]",False
early_neutral,6,851,0.716427857380873,0,[0],"[[-0.7220533490180969, -0.05979625880718231], [-0.6560912728309631, -0.10443217307329178], [-0.4609086513519287, -0.05622589960694313], [-0.5243063569068909, -0.17085108160972595], [-0.5493455529212952, 0.1453118920326233]]",False
early_neutral,6,852,0.7160946351216261,0,[0],"[[-0.73102205991745, -0.05849345400929451], [-0.663844645023346, -0.10681416094303131], [-0.47460752725601196, -0.053665876388549805], [-0.5323695540428162, -0.1753915250301361], [-0.5555931329727173, 0.1457318663597107]]",False
early_neutral,6,853,0.7157614128623792,0,[0],"[[-0.7398778796195984, -0.05689301714301109], [-0.6707301139831543, -0.11050226539373398], [-0.48832547664642334, -0.05114927142858505], [-0.5409699082374573, -0.17984159290790558], [-0.5619582533836365, 0.14633983373641968]]",False
early_neutral,6,854,0.7154281906031323,0,[0],"[[-0.7487006187438965, -0.055216722190380096], [-0.6775857210159302, -0.11448164284229279], [-0.5020595788955688, -0.048670392483472824], [-0.5503425002098083, -0.1843445748090744], [-0.5682843327522278, 0.14708924293518066]]",False
early_neutral,6,855,0.7150949683438854,0,[0],"[[-0.7572343945503235, -0.05352995544672012], [-0.6842526197433472, -0.11859835684299469], [-0.5158091187477112, -0.046227626502513885], [-0.5604198575019836, -0.18886573612689972], [-0.5744335651397705, 0.1478971540927887]]",False
early_neutral,6,856,0.7147617460846385,0,[0],"[[-0.7622560858726501, -0.05253070965409279], [-0.6907755732536316, -0.12281192094087601], [-0.5295570492744446, -0.04378120228648186], [-0.5712597370147705, -0.19319646060466766], [-0.5807148218154907, 0.14880314469337463]]",False
early_neutral,6,857,0.7144285238253916,0,[0],"[[-0.7673543095588684, -0.051753219217061996], [-0.6972846984863281, -0.1270345002412796], [-0.5432827472686768, -0.04128246754407883], [-0.5828698873519897, -0.19712838530540466], [-0.5872626900672913, 0.14980870485305786]]",False
early_neutral,6,858,0.7140953015661446,0,[0],"[[-0.7739830613136292, -0.0512678436934948], [-0.7037864923477173, -0.13126195967197418], [-0.5569879412651062, -0.03873610123991966], [-0.5955222845077515, -0.19994023442268372], [-0.595033586025238, 0.15097461640834808]]",False
early_neutral,6,859,0.7137620793068977,0,[0],"[[-0.7817448377609253, -0.05095189809799194], [-0.7102862596511841, -0.13549061119556427], [-0.5706825256347656, -0.03616517409682274], [-0.6088929772377014, -0.20155970752239227], [-0.6038480401039124, 0.15226003527641296]]",False
early_neutral,6,860,0.7134288570476508,0,[0],"[[-0.7906033992767334, -0.05034425109624863], [-0.7167856693267822, -0.13971954584121704], [-0.5843678712844849, -0.033573687076568604], [-0.6226191520690918, -0.20227260887622833], [-0.6127937436103821, 0.15363280475139618]]",False
early_neutral,6,861,0.7130956347884039,-1,[0],"[[-1.0110293626785278, -0.0], [7.762906983899143e-11, 0.019688168540596962], [-2.6199901185464114e-05, -0.02066306211054325], [-0.10107645392417908, -0.10163798928260803], [-0.10161209851503372, 0.10224705934524536]]",False
early_neutral,6,862,0.712762412529157,-1,[0],"[[-1.0106345415115356, 3.186403918498115e-11], [3.095065037594935e-10, 0.017016204074025154], [-0.0003497340076137334, -0.022922217845916748], [-0.09875177592039108, -0.10264349728822708], [-0.10310970991849899, 0.1045176312327385]]",False
early_neutral,6,863,0.71242919026991,-1,[0],"[[-1.0068823099136353, 2.618094352424549e-10], [4.358441940688351e-10, 0.013342203572392464], [-0.001082130940631032, -0.02603147365152836], [-0.09501469135284424, -0.10431162267923355], [-0.10458780825138092, 0.10770794004201889]]",False
early_neutral,6,864,0.7120959680106631,-1,[0],"[[-1.0015074014663696, 4.1540546003027146e-10], [-0.00043667032150551677, 0.009403541684150696], [-0.00023368254187516868, -0.029737886041402817], [-0.09020374715328217, -0.10654835402965546], [-0.10612346976995468, 0.11171536147594452]]",False
early_neutral,6,865,0.7117627457514162,-1,[0],"[[-0.994654655456543, -2.2090058948709412e-11], [-0.000989626976661384, 0.005176837556064129], [0.003488957416266203, -0.033177949488162994], [-0.08441796898841858, -0.10941245406866074], [-0.10775803029537201, 0.11636287719011307]]",False
early_neutral,6,866,0.7114295234921693,-1,[0],"[[-0.9864652752876282, -4.726922187003879e-10], [-0.0014336397871375084, 0.0014407242415472865], [0.008981790393590927, -0.03667864948511124], [-0.0778641328215599, -0.11291428655385971], [-0.10936310887336731, 0.12137024849653244]]",False
early_neutral,6,867,0.7110963012329223,-1,[0],"[[-0.9772538542747498, -8.206956408685073e-05], [-0.0014336402527987957, -0.002288749674335122], [0.015627125278115273, -0.04063841328024864], [-0.07044614851474762, -0.11623131483793259], [-0.11113429814577103, 0.12702323496341705]]",False
early_neutral,6,868,0.7107630789736754,-1,[0],"[[-0.9678217768669128, -0.0017927999142557383], [-0.0014336408348754048, -0.006150232627987862], [0.0236618984490633, -0.04322335124015808], [-0.061880167573690414, -0.11796575039625168], [-0.11347636580467224, 0.13310062885284424]]",False
early_neutral,6,869,0.7104298567144285,-1,[0],"[[-0.9583299160003662, -0.00487465551123023], [-0.0014336413005366921, -0.009716891683638096], [0.0324578732252121, -0.04528934508562088], [-0.05351042002439499, -0.11910419166088104], [-0.11645530164241791, 0.13964250683784485]]",False
early_neutral,6,870,0.7100966344551816,-1,[0],"[[-0.948641836643219, -0.008128688670694828], [-0.0017405798425897956, -0.013251055032014847], [0.04208165779709816, -0.047294095158576965], [-0.04871443286538124, -0.11969120055437088], [-0.1198396235704422, 0.14629128575325012]]",False
early_neutral,6,871,0.7097634121959346,-1,[0],"[[-0.9385488033294678, -0.011484794318675995], [-0.0025218636728823185, -0.015784891322255135], [0.052089523524045944, -0.049306198954582214], [-0.044711798429489136, -0.11997582018375397], [-0.12372142821550369, 0.153236985206604]]",False
early_neutral,6,872,0.7094301899366877,-1,[0],"[[-0.9279003143310547, -0.015001965686678886], [-0.0034198923967778683, -0.016104338690638542], [0.06254477798938751, -0.051320504397153854], [-0.04210496321320534, -0.12007058411836624], [-0.12800565361976624, 0.16051439940929413]]",False
early_neutral,6,873,0.7090969676774409,-1,[0],"[[-0.9167941212654114, -0.01869441196322441], [-0.006007131189107895, -0.014705964364111423], [0.07336902618408203, -0.053300146013498306], [-0.04102529585361481, -0.12000114470720291], [-0.1325814127922058, 0.1680924892425537]]",False
early_neutral,6,874,0.708763745418194,-1,[0],"[[-0.905341386795044, -0.022541305050253868], [-0.00955654215067625, -0.012448124587535858], [0.08250363916158676, -0.055083565413951874], [-0.04033830761909485, -0.12002919614315033], [-0.1372896283864975, 0.17567214369773865]]",True
early_neutral,6,875,0.7084305231589471,-1,[0],"[[-0.8933075070381165, -0.02607346512377262], [-0.014036305248737335, -0.009454125538468361], [0.09139971435070038, -0.05744995176792145], [-0.0403142012655735, -0.12003207206726074], [-0.14126001298427582, 0.18147914111614227]]",True
early_neutral,6,876,0.7080973008997001,-1,[0],"[[-0.8804647922515869, -0.02866058237850666], [-0.019334105774760246, -0.006174454931169748], [0.09983764588832855, -0.06132039800286293], [-0.03989417478442192, -0.11994905769824982], [-0.14543044567108154, 0.18680834770202637]]",True
early_neutral,6,877,0.7077640786404532,-1,[0],"[[-0.8671042919158936, -0.03043252043426037], [-0.026379169896245003, -0.0041664172895252705], [0.10838346183300018, -0.06573119759559631], [-0.03841839358210564, -0.11913186311721802], [-0.14995373785495758, 0.19201427698135376]]",True
early_neutral,6,878,0.7074308563812063,-1,[0],"[[-0.8534672856330872, -0.03169705346226692], [-0.034591518342494965, -0.0020205967593938112], [0.11731225252151489, -0.06999871134757996], [-0.03728489577770233, -0.11669448763132095], [-0.15481799840927124, 0.197088360786438]]",True
early_neutral,6,879,0.7070976341219594,-1,[0],"[[-0.839635968208313, -0.03244749456644058], [-0.043764613568782806, 0.00032358887256123126], [0.12692412734031677, -0.0743328183889389], [-0.03628731518983841, -0.11353319138288498], [-0.16002270579338074, 0.20201724767684937]]",True
early_neutral,6,880,0.7067644118627124,-1,[0],"[[-0.8256808519363403, -0.03241020813584328], [-0.053686801344156265, 0.0024104942567646503], [0.13723987340927124, -0.07868436723947525], [-0.03492344543337822, -0.10982215404510498], [-0.16558676958084106, 0.2067769467830658]]",True
early_neutral,6,881,0.7064311896034655,-1,[0],"[[-0.8117359280586243, -0.03150459751486778], [-0.06255389004945755, 0.003983242902904749], [0.1482701152563095, -0.08283426612615585], [-0.03334103152155876, -0.10494816303253174], [-0.17140400409698486, 0.21129320561885834]]",True
early_neutral,6,882,0.7060979673442186,-1,[0],"[[-0.797941267490387, -0.029739856719970703], [-0.07150930166244507, 0.005327486898750067], [0.15992532670497894, -0.08673224598169327], [-0.032930027693510056, -0.09930545836687088], [-0.17601408064365387, 0.2144538164138794]]",True
early_neutral,6,883,0.7057647450849717,-1,[0],"[[-0.7844297289848328, -0.027136055752635002], [-0.07870534062385559, 0.0064207264222204685], [0.17201246321201324, -0.0904226079583168], [-0.03259076923131943, -0.09322894364595413], [-0.18078884482383728, 0.21725855767726898]]",True
early_neutral,6,884,0.7054315228257247,-1,[0],"[[-0.7712774872779846, -0.023794615641236305], [-0.08482666313648224, 0.007706576958298683], [0.18452079594135284, -0.09383954852819443], [-0.03231837972998619, -0.08709362149238586], [-0.18420247733592987, 0.21905925869941711]]",True
early_neutral,6,885,0.7050983005664778,-1,[0],"[[-0.7583053112030029, -0.020134948194026947], [-0.090757355093956, 0.009323593229055405], [0.19737383723258972, -0.09698323905467987], [-0.03212011232972145, -0.08092993497848511], [-0.18460093438625336, 0.219245046377182]]",True
early_neutral,6,886,0.7047650783072309,-1,[0],"[[-0.7455226182937622, -0.016225211322307587], [-0.09628988057374954, 0.0114535391330719], [0.21053087711334229, -0.09981349110603333], [-0.03206843137741089, -0.07494920492172241], [-0.18460093438625336, 0.219245046377182]]",True
early_neutral,6,887,0.704431856047984,-1,[0],"[[-0.7348859310150146, -0.012605663388967514], [-0.10129571706056595, 0.014078062027692795], [0.22392581403255463, -0.10235697776079178], [-0.03197520971298218, -0.06867779791355133], [-0.18460093438625336, 0.219245046377182]]",True
early_neutral,6,888,0.704098633788737,-1,[0],"[[-0.7274222373962402, -0.00862313061952591], [-0.10583386570215225, 0.017043786123394966], [0.2372061014175415, -0.10453203320503235], [-0.03194739669561386, -0.06261562556028366], [-0.18460093438625336, 0.219245046377182]]",True
early_neutral,6,889,0.7037654115294901,-1,[0],"[[-0.7219337224960327, -0.004752935841679573], [-0.10948162525892258, 0.019815197214484215], [0.2500559687614441, -0.10633929818868637], [-0.03183060139417648, -0.056498102843761444], [-0.18460093438625336, 0.219245046377182]]",True
early_neutral,6,890,0.7034321892702432,-1,[0],"[[-0.719998836517334, -0.0015600296901538968], [-0.11004134267568588, 0.02025005966424942], [0.25991290807724, -0.10768423974514008], [-0.031630612909793854, -0.050282057374715805], [-0.18460093438625336, 0.219245046377182]]",True
early_neutral,6,891,0.7030989670109964,-1,[0],"[[-0.7188257575035095, 0.0015678968047723174], [-0.11001521348953247, 0.02026161551475525], [0.2688451409339905, -0.10903527587652206], [-0.031630538403987885, -0.044301196932792664], [-0.18508729338645935, 0.21859103441238403]]",True
early_neutral,6,892,0.7027657447517495,-1,[0],"[[-0.7181867361068726, 0.003977279178798199], [-0.10780508071184158, 0.02140459045767784], [0.27785974740982056, -0.11019333451986313], [-0.03051789663732052, -0.03802979364991188], [-0.1868416965007782, 0.21634094417095184]]",True
early_neutral,6,893,0.7024325224925025,-1,[0],"[[-0.717911958694458, 0.006415739189833403], [-0.10458072274923325, 0.02348790131509304], [0.2869901955127716, -0.11086508631706238], [-0.03040536306798458, -0.03201743960380554], [-0.18937937915325165, 0.21328487992286682]]",True
early_neutral,6,894,0.7020993002332556,-1,[0],"[[-0.7178369760513306, 0.008080793544650078], [-0.10106171667575836, 0.02616569958627224], [0.2961748540401459, -0.11100945621728897], [-0.030403530225157738, -0.02655983902513981], [-0.19271740317344666, 0.20945166051387787]]",False
early_neutral,6,895,0.7017660779740087,-1,[0],"[[-0.7177464365959167, 0.009072340093553066], [-0.09761174768209457, 0.028787093237042427], [0.3053330183029175, -0.11053577810525894], [-0.030403530225157738, -0.02194908633828163], [-0.19685277342796326, 0.20492742955684662]]",False
early_neutral,6,896,0.7014328557147618,-1,[0],"[[-0.7182283997535706, 0.010009737685322762], [-0.09389806538820267, 0.03129434585571289], [0.31410813331604004, -0.10950563848018646], [-0.030406547710299492, -0.017970237880945206], [-0.2014809101819992, 0.199738010764122]]",False
early_neutral,6,897,0.7010996334555148,-1,[0],"[[-0.7205870747566223, 0.011984111741185188], [-0.09061682224273682, 0.034003451466560364], [0.3203371465206146, -0.10817348957061768], [-0.030208302661776543, -0.014405970461666584], [-0.20597447454929352, 0.1938129961490631]]",False
early_neutral,6,898,0.7007664111962679,-1,[0],"[[-0.7238421440124512, 0.01465518120676279], [-0.08740079402923584, 0.03691500052809715], [0.3260611891746521, -0.1062701866030693], [-0.029715880751609802, -0.011841576546430588], [-0.20996341109275818, 0.18750853836536407]]",False
early_neutral,6,899,0.700433188937021,-1,[0],"[[-0.7279624938964844, 0.01804688200354576], [-0.0836302638053894, 0.040412575006484985], [0.33156242966651917, -0.10409943014383316], [-0.028819549828767776, -0.011459380388259888], [-0.21129180490970612, 0.18310938775539398]]",False
early_neutral,6,900,0.7000999666777741,-1,[0],"[[-0.7328367233276367, 0.022147174924612045], [-0.0794229581952095, 0.04439958557486534], [0.3371262550354004, -0.10199721157550812], [-0.025987934321165085, -0.012498876079916954], [-0.2084871083498001, 0.18103355169296265]]",False
early_neutral,6,901,0.6997667444185272,-1,[0],"[[-0.738276481628418, 0.026839744299650192], [-0.0758209303021431, 0.04796384647488594], [0.34273865818977356, -0.09995032846927643], [-0.02199145406484604, -0.014199700206518173], [-0.20309440791606903, 0.18010589480400085]]",False
early_neutral,6,902,0.6994335221592802,-1,[0],"[[-0.7440896034240723, 0.031996823847293854], [-0.07468940317630768, 0.052069734781980515], [0.3483392000198364, -0.09788969159126282], [-0.016845418140292168, -0.01647665910422802], [-0.196788027882576, 0.18013419210910797]]",False
early_neutral,6,903,0.6991002999000333,-1,[0],"[[-0.7502391338348389, 0.037589892745018005], [-0.07716584205627441, 0.056825798004865646], [0.35387441515922546, -0.0958239883184433], [-0.010744827799499035, -0.019205477088689804], [-0.19152380526065826, 0.18022999167442322]]",False
early_neutral,6,904,0.6987670776407864,-1,[0],"[[-0.7561675310134888, 0.043177686631679535], [-0.081771120429039, 0.06177966669201851], [0.3564596474170685, -0.09493830054998398], [-0.003519859164953232, -0.022109776735305786], [-0.19095350801944733, 0.1802365928888321]]",False
early_neutral,6,905,0.6984338553815395,-1,[0],"[[-0.761559009552002, 0.04846762865781784], [-0.08709468692541122, 0.06718657165765762], [0.3565394878387451, -0.09491787105798721], [0.004589216783642769, -0.02498847246170044], [-0.19101370871067047, 0.18031099438667297]]",False
early_neutral,6,906,0.6981006331222925,-1,[0],"[[-0.7655218243598938, 0.052512723952531815], [-0.09300658851861954, 0.07299736887216568], [0.35514092445373535, -0.0951300859451294], [0.013651258312165737, -0.027659321203827858], [-0.19239312410354614, 0.18209587037563324]]",False
early_neutral,6,907,0.6977674108630456,-1,[0],"[[-0.7684810161590576, 0.05575549602508545], [-0.09905930608510971, 0.07885671406984329], [0.35117271542549133, -0.0954989418387413], [0.02377176471054554, -0.0300542451441288], [-0.1943461298942566, 0.18480190634727478]]",False
early_neutral,6,908,0.6974341886037987,-1,[0],"[[-0.7709714770317078, 0.05855885520577431], [-0.10546226054430008, 0.08500654995441437], [0.3457276225090027, -0.09561238437891006], [0.03423617407679558, -0.03197931870818138], [-0.19680777192115784, 0.1883177012205124]]",False
early_neutral,6,909,0.6971009663445518,-1,[0],"[[-0.7724115252494812, 0.059771664440631866], [-0.11223778873682022, 0.09148412942886353], [0.3388662338256836, -0.09558983147144318], [0.04233052581548691, -0.03313083201646805], [-0.19965580105781555, 0.19212692975997925]]",False
early_neutral,6,910,0.696767744085305,-1,[0],"[[-0.7725404500961304, 0.059854909777641296], [-0.1193242073059082, 0.09825079888105392], [0.330715537071228, -0.09546934068202972], [0.04922807961702347, -0.03379731997847557], [-0.2027485966682434, 0.19579754769802094]]",False
early_neutral,6,911,0.696434521826058,-1,[0],"[[-0.7725404500961304, 0.059854909777641296], [-0.1266561597585678, 0.10524309426546097], [0.3215939402580261, -0.09524574875831604], [0.05442025512456894, -0.03408946096897125], [-0.20613329112529755, 0.1993490308523178]]",False
early_neutral,6,912,0.6961012995668111,-1,[0],"[[-0.7725404500961304, 0.059854909777641296], [-0.13417711853981018, 0.11241079866886139], [0.31170791387557983, -0.09494054317474365], [0.05770774558186531, -0.03413976728916168], [-0.21042943000793457, 0.20084789395332336]]",False
early_neutral,6,913,0.6957680773075642,-1,[0],"[[-0.772858202457428, 0.06076616421341896], [-0.14184452593326569, 0.1197129487991333], [0.30111509561538696, -0.09455665200948715], [0.059578608721494675, -0.0340917594730854], [-0.21596631407737732, 0.19998446106910706]]",False
early_neutral,6,914,0.6954348550483173,-1,[0],"[[-0.7739403247833252, 0.06321019679307938], [-0.1496250033378601, 0.1271175593137741], [0.2902497947216034, -0.09409062564373016], [0.05937132239341736, -0.03348994255065918], [-0.2229325920343399, 0.20021310448646545]]",False
early_neutral,6,915,0.6951016327890703,-1,[0],"[[-0.7752863168716431, 0.06558999419212341], [-0.15749336779117584, 0.13459938764572144], [0.27875056862831116, -0.09352857619524002], [0.056488677859306335, -0.03182636573910713], [-0.23103180527687073, 0.20106323063373566]]",False
early_neutral,6,916,0.6947684105298234,-1,[0],"[[-0.7765228748321533, 0.06709825992584229], [-0.1654297113418579, 0.14213934540748596], [0.26667070388793945, -0.09287773817777634], [0.05256861075758934, -0.029428794980049133], [-0.24025686085224152, 0.2016923725605011]]",False
early_neutral,6,917,0.6944351882705765,-1,[0],"[[-0.7767209410667419, 0.06728041917085648], [-0.17341971397399902, 0.14972235262393951], [0.254116415977478, -0.09209152311086655], [0.0493258461356163, -0.025594353675842285], [-0.2504454255104065, 0.20200923085212708]]",False
early_neutral,6,918,0.6941019660113296,-1,[0],"[[-0.7767223119735718, 0.06728137284517288], [-0.18145206570625305, 0.15733712911605835], [0.24119101464748383, -0.0912090614438057], [0.04674982652068138, -0.020666755735874176], [-0.26124945282936096, 0.20195575058460236]]",False
early_neutral,6,919,0.6937687437520826,-1,[0],"[[-0.7767223119735718, 0.06728137284517288], [-0.18952307105064392, 0.1649729311466217], [0.2279587835073471, -0.09037698060274124], [0.04365602880716324, -0.015117410570383072], [-0.27222391963005066, 0.2016296088695526]]",False
early_neutral,6,920,0.6934355214928357,-1,[0],"[[-0.7767223119735718, 0.06728137284517288], [-0.19762806594371796, 0.17262238264083862], [0.21448390185832977, -0.08963734656572342], [0.04039826989173889, -0.009001472033560276], [-0.28370732069015503, 0.20107300579547882]]",False
early_neutral,6,921,0.6931022992335888,-1,[0],"[[-0.7767223119735718, 0.06728137284517288], [-0.20576150715351105, 0.1802809089422226], [0.2007925659418106, -0.08947662264108658], [0.037263959646224976, -0.0024507225025445223], [-0.2932450771331787, 0.20089995861053467]]",False
early_neutral,6,922,0.6927690769743419,-1,[0],"[[-0.7767326235771179, 0.06730081140995026], [-0.2140141874551773, 0.1880125254392624], [0.18700125813484192, -0.09013509005308151], [0.037239886820316315, 0.003515124088153243], [-0.30241861939430237, 0.2012435346841812]]",False
early_neutral,6,923,0.692435854715095,-1,[0],"[[-0.7776894569396973, 0.06900203973054886], [-0.22132806479930878, 0.19453328847885132], [0.17313547432422638, -0.09102500230073929], [0.04034154489636421, 0.00969382282346487], [-0.31039687991142273, 0.20129165053367615]]",False
early_neutral,6,924,0.692102632455848,-1,[0],"[[-0.7789817452430725, 0.07110615074634552], [-0.22730791568756104, 0.19898968935012817], [0.1591407060623169, -0.0914585068821907], [0.04362043738365173, 0.016137704253196716], [-0.31369566917419434, 0.19952835142612457]]",True
early_neutral,6,925,0.6917694101966011,-1,[0],"[[-0.7801839709281921, 0.07317128032445908], [-0.2311246544122696, 0.2019931972026825], [0.1450759619474411, -0.09133744239807129], [0.04655591398477554, 0.023009750992059708], [-0.31362828612327576, 0.19628383219242096]]",True
early_neutral,6,926,0.6914361879373542,-1,[0],"[[-0.7804715633392334, 0.07396425306797028], [-0.23375755548477173, 0.204531729221344], [0.13108111917972565, -0.09018200635910034], [0.049173012375831604, 0.030386410653591156], [-0.31301140785217285, 0.19210106134414673]]",True
early_neutral,6,927,0.6911029656781073,-1,[0],"[[-0.7802042961120605, 0.07383361458778381], [-0.23567597568035126, 0.20583784580230713], [0.117362841963768, -0.08794815838336945], [0.050824690610170364, 0.03826959431171417], [-0.31193163990974426, 0.18706832826137543]]",True
early_neutral,6,928,0.6907697434188603,-1,[0],"[[-0.777725338935852, 0.07205772399902344], [-0.23474723100662231, 0.20461584627628326], [0.10384845733642578, -0.08516741544008255], [0.0507667101919651, 0.04653778672218323], [-0.3102886974811554, 0.18133077025413513]]",True
early_neutral,6,929,0.6904365211596135,-1,[0],"[[-0.7747284770011902, 0.06962648779153824], [-0.23113496601581573, 0.2050332874059677], [0.09044061601161957, -0.08213785290718079], [0.04870820418000221, 0.054287273436784744], [-0.3080243170261383, 0.17502842843532562]]",True
early_neutral,6,930,0.6901032989003666,-1,[0],"[[-0.7703630924224854, 0.06752404570579529], [-0.22605112195014954, 0.20523019134998322], [0.07713481038808823, -0.07889588177204132], [0.04436339810490608, 0.05933457985520363], [-0.3051868677139282, 0.16839735209941864]]",True
early_neutral,6,931,0.6897700766411197,-1,[0],"[[-0.7644680142402649, 0.06607740372419357], [-0.22036486864089966, 0.2051677256822586], [0.06389221549034119, -0.0755263939499855], [0.037512313574552536, 0.06226157024502754], [-0.3016102910041809, 0.16170640289783478]]",True
early_neutral,6,932,0.6894368543818727,-1,[0],"[[-0.7591024041175842, 0.06485628336668015], [-0.21439361572265625, 0.20486664772033691], [0.050716202706098557, -0.0720338523387909], [0.029400911182165146, 0.06520077586174011], [-0.29720303416252136, 0.1547488570213318]]",True
early_neutral,6,933,0.6891036321226258,-1,[0],"[[-0.7568714618682861, 0.06430716812610626], [-0.20704077184200287, 0.20370501279830933], [0.037613704800605774, -0.06841568648815155], [0.02025778219103813, 0.0680946633219719], [-0.2919493615627289, 0.147609144449234]]",True
early_neutral,6,934,0.6887704098633789,-1,[0],"[[-0.756687343120575, 0.06424421072006226], [-0.20068950951099396, 0.201827734708786], [0.024589642882347107, -0.06467194855213165], [0.010746958665549755, 0.07101905345916748], [-0.28536665439605713, 0.14057378470897675]]",True
early_neutral,6,935,0.688437187604132,-1,[0],"[[-0.7557051777839661, 0.06289196759462357], [-0.19537489116191864, 0.19877515733242035], [0.011647617444396019, -0.06080411747097969], [0.0006090236129239202, 0.07413735240697861], [-0.27739742398262024, 0.13401584327220917]]",True
early_neutral,6,936,0.688103965344885,-1,[0],"[[-0.7537561058998108, 0.06060755252838135], [-0.18922077119350433, 0.19512037932872772], [-0.0012091525131836534, -0.056813642382621765], [-0.010306344367563725, 0.07699283957481384], [-0.26814109086990356, 0.12982836365699768]]",True
early_neutral,6,937,0.6877707430856381,-1,[0],"[[-0.7510044574737549, 0.05776103213429451], [-0.18225862085819244, 0.19115839898586273], [-0.013978518545627594, -0.05270306020975113], [-0.021857496351003647, 0.07733581960201263], [-0.25775355100631714, 0.1283949911594391]]",True
early_neutral,6,938,0.6874375208263912,-1,[0],"[[-0.7481377124786377, 0.05492323264479637], [-0.17542849481105804, 0.18746942281723022], [-0.026663433760404587, -0.048481013625860214], [-0.03346757963299751, 0.07552588731050491], [-0.24858510494232178, 0.1280072033405304]]",True
early_neutral,6,939,0.6871042985671443,-1,[0],"[[-0.7452090382575989, 0.052112068980932236], [-0.1684044450521469, 0.18428237736225128], [-0.03926265612244606, -0.044150058180093765], [-0.04562199488282204, 0.07370561361312866], [-0.23940125107765198, 0.1281825602054596]]",True
early_neutral,6,940,0.6867710763078974,-1,[0],"[[-0.7421492338180542, 0.04928164556622505], [-0.16118112206459045, 0.1809859424829483], [-0.051809731870889664, -0.03975415974855423], [-0.05827048420906067, 0.07217346131801605], [-0.2322922796010971, 0.1283436119556427]]",True
early_neutral,6,941,0.6864378540486504,-1,[0],"[[-0.7384944558143616, 0.046256404370069504], [-0.15463890135288239, 0.17687930166721344], [-0.06432430446147919, -0.03531830757856369], [-0.0687309205532074, 0.07111762464046478], [-0.22587229311466217, 0.12808915972709656]]",True
early_neutral,6,942,0.6861046317894035,-1,[0],"[[-0.7344178557395935, 0.043292086571455], [-0.14867442846298218, 0.173061802983284], [-0.07672581821680069, -0.03136312961578369], [-0.07544898241758347, 0.07085998356342316], [-0.22064895927906036, 0.12765391170978546]]",True
early_neutral,6,943,0.6857714095301566,-1,[0],"[[-0.7300770878791809, 0.04046444222331047], [-0.14295537769794464, 0.1693960279226303], [-0.08729086071252823, -0.029536640271544456], [-0.08031643182039261, 0.0708177238702774], [-0.22001001238822937, 0.12759746611118317]]",False
early_neutral,6,944,0.6854381872709097,-1,[0],"[[-0.7274912595748901, 0.0363239161670208], [-0.1379103660583496, 0.16615846753120422], [-0.09458167850971222, -0.030388977378606796], [-0.08258715271949768, 0.07020842283964157], [-0.22001001238822937, 0.12759746611118317]]",False
early_neutral,6,945,0.6851049650116627,-1,[0],"[[-0.7268761396408081, 0.03102661855518818], [-0.13355495035648346, 0.16336584091186523], [-0.09743816405534744, -0.03290838748216629], [-0.0861276239156723, 0.06938629597425461], [-0.22001001238822937, 0.12759746611118317]]",False
early_neutral,6,946,0.6847717427524158,-1,[0],"[[-0.7270221710205078, 0.02499430999159813], [-0.12931329011917114, 0.16114886105060577], [-0.09747061878442764, -0.03675144165754318], [-0.09021645039319992, 0.06851838529109955], [-0.22001001238822937, 0.12759746611118317]]",False
early_neutral,6,947,0.6844385204931689,-1,[0],"[[-0.7279590964317322, 0.018377313390374184], [-0.12604907155036926, 0.16000759601593018], [-0.09687508642673492, -0.04137173295021057], [-0.0946321040391922, 0.06629699468612671], [-0.22001001238822937, 0.12759746611118317]]",False
early_neutral,6,948,0.6841052982339221,-1,[0],"[[-0.7298333048820496, 0.011319068260490894], [-0.12536287307739258, 0.1604275107383728], [-0.0956934243440628, -0.04676744341850281], [-0.09840455651283264, 0.06361708790063858], [-0.22001001238822937, 0.12759746611118317]]",False
early_neutral,6,949,0.6837720759746752,-1,[0],"[[-0.7322763204574585, 0.003857189789414406], [-0.12569093704223633, 0.16271008551120758], [-0.09390484541654587, -0.05265556275844574], [-0.10112728178501129, 0.06242823228240013], [-0.22001001238822937, 0.12759746611118317]]",False
early_neutral,6,950,0.6834388537154282,-1,[0],"[[-0.7353560328483582, -0.003896337002515793], [-0.12671025097370148, 0.1659228503704071], [-0.09178673475980759, -0.05853087827563286], [-0.10454009473323822, 0.06080310791730881], [-0.21920421719551086, 0.1268101930618286]]",False
early_neutral,6,951,0.6831056314561813,-1,[0],"[[-0.7382345199584961, -0.01074826531112194], [-0.12826184928417206, 0.16999782621860504], [-0.08937253057956696, -0.06435764580965042], [-0.10986994951963425, 0.05730777978897095], [-0.21603824198246002, 0.1251954436302185]]",False
early_neutral,6,952,0.6827724091969344,-1,[0],"[[-0.7402645349502563, -0.01665845513343811], [-0.13016292452812195, 0.17473557591438293], [-0.08668815344572067, -0.0701342225074768], [-0.11609146744012833, 0.052905429154634476], [-0.211634561419487, 0.12312017381191254]]",False
early_neutral,6,953,0.6824391869376875,-1,[0],"[[-0.7422240972518921, -0.022236883640289307], [-0.13146497309207916, 0.18021123111248016], [-0.08374930918216705, -0.07585811614990234], [-0.12224223464727402, 0.0486023984849453], [-0.2073056697845459, 0.12095622718334198]]",False
early_neutral,6,954,0.6821059646784405,-1,[0],"[[-0.7451563477516174, -0.024852441623806953], [-0.13192203640937805, 0.18619991838932037], [-0.08062242716550827, -0.08153989166021347], [-0.12745532393455505, 0.04549830034375191], [-0.20558317005634308, 0.11907324194908142]]",False
early_neutral,6,955,0.6817727424191936,-1,[0],"[[-0.7490150928497314, -0.024097144603729248], [-0.13259533047676086, 0.1923055499792099], [-0.07746639847755432, -0.0872148647904396], [-0.13175338506698608, 0.043098848313093185], [-0.2067781537771225, 0.1163916066288948]]",True
early_neutral,6,956,0.6814395201599467,-1,[0],"[[-0.7538037300109863, -0.022215289995074272], [-0.13405083119869232, 0.1989065259695053], [-0.07429030537605286, -0.0928850919008255], [-0.13477535545825958, 0.041051555424928665], [-0.20991963148117065, 0.1141115203499794]]",True
early_neutral,6,957,0.6811062979006998,-1,[0],"[[-0.7595436573028564, -0.01957833021879196], [-0.13618870079517365, 0.2050926834344864], [-0.0711207166314125, -0.09855687618255615], [-0.13641345500946045, 0.03996230289340019], [-0.21025332808494568, 0.11388519406318665]]",True
early_neutral,6,958,0.6807730756414528,-1,[0],"[[-0.7656297087669373, -0.016338227316737175], [-0.1395612359046936, 0.21065054833889008], [-0.06796520948410034, -0.10423199087381363], [-0.13584034144878387, 0.03950681537389755], [-0.21025332808494568, 0.11388519406318665]]",True
early_neutral,6,959,0.6804398533822059,-1,[0],"[[-0.7715470790863037, -0.012482872232794762], [-0.14382052421569824, 0.21560819447040558], [-0.0648174062371254, -0.10985691845417023], [-0.13249582052230835, 0.03969625383615494], [-0.21025332808494568, 0.11388519406318665]]",True
early_neutral,6,960,0.680106631122959,-1,[0],"[[-0.7730137705802917, -0.008897840976715088], [-0.14740946888923645, 0.21911165118217468], [-0.061615876853466034, -0.11546321213245392], [-0.12811778485774994, 0.039958301931619644], [-0.21025332808494568, 0.11388519406318665]]",True
early_neutral,6,961,0.6797734088637121,-1,[0],"[[-0.7700344324111938, -0.005414048675447702], [-0.15130141377449036, 0.2224445790052414], [-0.05815506726503372, -0.12078927457332611], [-0.12232109904289246, 0.040102776139974594], [-0.21025332808494568, 0.11388519406318665]]",True
early_neutral,6,962,0.6794401866044651,-1,[0],"[[-0.7653594613075256, -0.0016063901130110025], [-0.15335506200790405, 0.22409465909004211], [-0.05321478471159935, -0.12343860417604446], [-0.11511516571044922, 0.040249958634376526], [-0.20924660563468933, 0.11301559954881668]]",True
early_neutral,6,963,0.6791069643452182,-1,[0],"[[-0.7590370774269104, 0.0023242554161697626], [-0.15335506200790405, 0.22409465909004211], [-0.046520523726940155, -0.12369722872972488], [-0.1064874529838562, 0.04044981673359871], [-0.2067663073539734, 0.1106487512588501]]",True
early_neutral,6,964,0.6787737420859713,-1,[0],"[[-0.7524950504302979, 0.005595182068645954], [-0.15310662984848022, 0.22325237095355988], [-0.03881792724132538, -0.12367027252912521], [-0.09690392762422562, 0.040710702538490295], [-0.20377486944198608, 0.107344850897789]]",True
early_neutral,6,965,0.6784405198267244,-1,[0],"[[-0.7463206052780151, 0.00823228433728218], [-0.15196534991264343, 0.22058331966400146], [-0.029951496049761772, -0.1235196441411972], [-0.08771292120218277, 0.04074457660317421], [-0.20028464496135712, 0.10382991284132004]]",True
early_neutral,6,966,0.6781072975674776,-1,[0],"[[-0.7407101988792419, 0.010311951860785484], [-0.14974617958068848, 0.2171080857515335], [-0.020440369844436646, -0.1232689619064331], [-0.07812077552080154, 0.04173829033970833], [-0.19626861810684204, 0.10056134313344955]]",True
early_neutral,6,967,0.6777740753082306,-1,[0],"[[-0.7385920286178589, 0.011069143190979958], [-0.14767295122146606, 0.2137957513332367], [-0.01008493360131979, -0.12300083041191101], [-0.06875913590192795, 0.04216122627258301], [-0.19114944338798523, 0.0979946106672287]]",True
early_neutral,6,968,0.6774408530489837,-1,[0],"[[-0.7383328080177307, 0.011161793023347855], [-0.14769774675369263, 0.21161679923534393], [0.0010169744491577148, -0.12272323668003082], [-0.059510476887226105, 0.04215669259428978], [-0.18389354646205902, 0.09657607972621918]]",True
early_neutral,6,969,0.6771076307897368,-1,[0],"[[-0.7402496933937073, 0.010583363473415375], [-0.15095937252044678, 0.209958016872406], [0.012800442986190319, -0.12245070934295654], [-0.05016642436385155, 0.042109061032533646], [-0.17536021769046783, 0.09536461532115936]]",True
early_neutral,6,970,0.6767744085304899,-1,[0],"[[-0.7442682385444641, 0.009679893031716347], [-0.15643247961997986, 0.20979808270931244], [0.025146333500742912, -0.12220911681652069], [-0.04082329943776131, 0.0420110784471035], [-0.1660534143447876, 0.09382551163434982]]",True
early_neutral,6,971,0.676441186271243,-1,[0],"[[-0.7497792840003967, 0.008867605589330196], [-0.16179686784744263, 0.21158467233181], [0.03793460503220558, -0.12199930846691132], [-0.031186776235699654, 0.04198244586586952], [-0.15599997341632843, 0.09193748980760574]]",True
early_neutral,6,972,0.676107964011996,-1,[0],"[[-0.7563516497612, 0.007996437139809132], [-0.16669659316539764, 0.21422748267650604], [0.051068034023046494, -0.12184087187051773], [-0.021870965138077736, 0.04195269197225571], [-0.14674237370491028, 0.09018485993146896]]",True
early_neutral,6,973,0.6757747417527491,-1,[0],"[[-0.7638246417045593, 0.007054589223116636], [-0.17089122533798218, 0.21519647538661957], [0.06446816772222519, -0.1217353418469429], [-0.011883237399160862, 0.04180952534079552], [-0.1378222405910492, 0.08874458819627762]]",True
early_neutral,6,974,0.6754415194935022,-1,[0],"[[-0.7719178795814514, 0.006087400950491428], [-0.17388907074928284, 0.21299396455287933], [0.0780729129910469, -0.1216723844408989], [-0.002395041985437274, 0.042200326919555664], [-0.12882891297340393, 0.08751128613948822]]",True
early_neutral,6,975,0.6751082972342553,-1,[0],"[[-0.7809104919433594, 0.0050538224168121815], [-0.17533141374588013, 0.2092466652393341], [0.09183406084775925, -0.12165455520153046], [0.004578764084726572, 0.04395836964249611], [-0.11979267746210098, 0.08641843497753143]]",True
early_neutral,6,976,0.6747750749750083,-1,[0],"[[-0.7907764315605164, 0.00394304608926177], [-0.17438411712646484, 0.20454080402851105], [0.10571423172950745, -0.1216510608792305], [0.009772885590791702, 0.046692632138729095], [-0.11076515913009644, 0.08546088635921478]]",True
early_neutral,6,977,0.6744418527157614,-1,[0],"[[-0.8007466793060303, 0.0028366344049572945], [-0.17263838648796082, 0.1991281360387802], [0.11968490481376648, -0.12164465337991714], [0.014437753707170486, 0.05079726129770279], [-0.10394568741321564, 0.08485542237758636]]",True
early_neutral,6,978,0.6741086304565145,-1,[0],"[[-0.8088494539260864, 0.0019490530248731375], [-0.16867505013942719, 0.19361336529254913], [0.13372430205345154, -0.12162996828556061], [0.01923440396785736, 0.055826954543590546], [-0.09754405170679092, 0.08443903923034668]]",True
early_neutral,6,979,0.6737754081972676,-1,[0],"[[-0.8169081211090088, 0.0010762731544673443], [-0.16210132837295532, 0.1885179877281189], [0.14781567454338074, -0.1215936467051506], [0.025741735473275185, 0.06005072221159935], [-0.09114091098308563, 0.08403678983449936]]",True
early_neutral,6,980,0.6734421859380206,-1,[0],"[[-0.8217042088508606, 0.0005633131950162351], [-0.1553962528705597, 0.18437930941581726], [0.1619459092617035, -0.12151429802179337], [0.032398730516433716, 0.06431425362825394], [-0.08479580283164978, 0.08334934711456299]]",True
early_neutral,6,981,0.6731089636787737,-1,[0],"[[-0.8230114579200745, 0.00042820643284358084], [-0.1507834494113922, 0.18339309096336365], [0.17609399557113647, -0.1211400032043457], [0.038391631096601486, 0.06833761930465698], [-0.07861660420894623, 0.08228174597024918]]",True
early_neutral,6,982,0.6727757414195268,-1,[0],"[[-0.8230336904525757, 0.0004259661363903433], [-0.14744529128074646, 0.18534263968467712], [0.19023039937019348, -0.12039796262979507], [0.04337110370397568, 0.07139843702316284], [-0.07363993674516678, 0.0799163356423378]]",True
early_neutral,6,983,0.6724425191602799,-1,[0],"[[-0.8230336904525757, 0.0004259661363903433], [-0.14329937100410461, 0.18818065524101257], [0.20429052412509918, -0.11913017928600311], [0.04821188375353813, 0.07291638106107712], [-0.0708732157945633, 0.07824447751045227]]",True
early_neutral,6,984,0.6721092969010329,-1,[0],"[[-0.8230336904525757, 0.0004259661363903433], [-0.13821834325790405, 0.19170886278152466], [0.21816986799240112, -0.11716306209564209], [0.05334845185279846, 0.07275083661079407], [-0.07076271623373032, 0.07820973545312881]]",True
early_neutral,6,985,0.6717760746417861,-1,[0],"[[-0.8230336904525757, 0.0004259661363903433], [-0.13189931213855743, 0.1956210732460022], [0.23182934522628784, -0.11459674686193466], [0.05886708199977875, 0.07101762294769287], [-0.06759475916624069, 0.07800857722759247]]",True
early_neutral,6,986,0.6714428523825392,-1,[0],"[[-0.8230336904525757, 0.0004259661363903433], [-0.12454848736524582, 0.19920599460601807], [0.24535821378231049, -0.11172962933778763], [0.06371906399726868, 0.06751429289579391], [-0.062593013048172, 0.07777807116508484]]",True
early_neutral,6,987,0.6711096301232923,-1,[0],"[[-0.8230336904525757, 0.0004259661363903433], [-0.11666674166917801, 0.2022799849510193], [0.2587679922580719, -0.10862305760383606], [0.06933476775884628, 0.06339478492736816], [-0.05631748214364052, 0.07764508575201035]]",True
early_neutral,6,988,0.6707764078640454,-1,[0],"[[-0.8230336904525757, 0.0004259661363903433], [-0.1085037887096405, 0.20502686500549316], [0.27221933007240295, -0.1055847778916359], [0.07594703137874603, 0.059230394661426544], [-0.04989152401685715, 0.07782711088657379]]",True
early_neutral,6,989,0.6704431856047984,-1,[0],"[[-0.8230336904525757, 0.0004259661363903433], [-0.1001410037279129, 0.20742957293987274], [0.28579917550086975, -0.10279180109500885], [0.082656629383564, 0.05499839037656784], [-0.043509308248758316, 0.07834774255752563]]",True
early_neutral,6,990,0.6701099633455515,-1,[0],"[[-0.8230336904525757, 0.0004259661363903433], [-0.09358665347099304, 0.2080002874135971], [0.2995116710662842, -0.10028336197137833], [0.08806885778903961, 0.05048060044646263], [-0.03716833516955376, 0.07905582338571548]]",True
early_neutral,6,991,0.6697767410863046,-1,[0],"[[-0.8230336904525757, 0.0004259661363903433], [-0.0899369865655899, 0.2057839184999466], [0.31336262822151184, -0.09812179207801819], [0.09276992082595825, 0.047473348677158356], [-0.030856162309646606, 0.07986556738615036]]",True
early_neutral,6,992,0.6694435188270577,-1,[0],"[[-0.8230336904525757, 0.0004259661363903433], [-0.08637725561857224, 0.20231208205223083], [0.3273012340068817, -0.0962432399392128], [0.09667555242776871, 0.04516282305121422], [-0.024563699960708618, 0.08073564618825912]]",True
early_neutral,6,993,0.6691102965678107,-1,[0],"[[-0.8230336904525757, 0.0004259661363903433], [-0.08287439495325089, 0.19779139757156372], [0.3412862718105316, -0.09453660994768143], [0.10029688477516174, 0.04300837963819504], [-0.018413925543427467, 0.08154519647359848]]",False
early_neutral,6,994,0.6687770743085638,-1,[0],"[[-0.8230336904525757, 0.0004259661363903433], [-0.0799655094742775, 0.19229550659656525], [0.3535574972629547, -0.09303300827741623], [0.10311123728752136, 0.041273247450590134], [-0.012094360776245594, 0.08233059197664261]]",False
early_neutral,6,995,0.6684438520493169,-1,[0],"[[-0.8230336904525757, 0.0004259661363903433], [-0.0780007615685463, 0.18645614385604858], [0.36113440990448, -0.09170801937580109], [0.10551252961158752, 0.03979278355836868], [-0.006211186293512583, 0.08332803845405579]]",False
early_neutral,6,996,0.66811062979007,-1,[0],"[[-0.8230336904525757, 0.0004259661363903433], [-0.07706229388713837, 0.18050971627235413], [0.36658716201782227, -0.09034281224012375], [0.10721355676651001, 0.03874405100941658], [-0.003768352558836341, 0.0860506072640419]]",False
early_neutral,6,997,0.667777407530823,-1,[0],"[[-0.8230336904525757, 0.0004259661363903433], [-0.07663708925247192, 0.17453527450561523], [0.3736376166343689, -0.09006795287132263], [0.10950110107660294, 0.03846833482384682], [-0.0032352800481021404, 0.0900767371058464]]",False
early_neutral,6,998,0.6674441852715761,-1,[0],"[[-0.8230336904525757, 0.0004259661363903433], [-0.07629736512899399, 0.1685585230588913], [0.38189566135406494, -0.089981809258461], [0.11350133270025253, 0.03792556747794151], [-0.0028770659118890762, 0.09489352256059647]]",False
early_neutral,6,999,0.6671109630123292,-1,[0],"[[-0.8230336904525757, 0.0004259661363903433], [-0.07606114447116852, 0.1625797152519226], [0.39108213782310486, -0.0897052064538002], [0.11896653473377228, 0.03727130591869354], [-0.0025124787352979183, 0.10051918029785156]]",False
early_neutral,6,1000,0.6667777407530823,-1,[0],"[[-0.8230336904525757, 0.0004259661363903433], [-0.0759912058711052, 0.15659910440444946], [0.4003445506095886, -0.089397132396698], [0.12583890557289124, 0.036490991711616516], [-0.0018978329608216882, 0.10652756690979004]]",False
early_neutral,6,1001,0.6664445184938353,-1,[0],"[[-0.8230336904525757, 0.0004259661363903433], [-0.07610073685646057, 0.15061882138252258], [0.4088493585586548, -0.08909463882446289], [0.13396106660366058, 0.035494983196258545], [-0.000304025859804824, 0.11280197650194168]]",False
early_neutral,6,1002,0.6661112962345884,-1,[0],"[[-0.8230336904525757, 0.0004259661363903433], [-0.07657387107610703, 0.14464645087718964], [0.4170721769332886, -0.08879484981298447], [0.14299000799655914, 0.03457381948828697], [0.0022991278674453497, 0.11945578455924988]]",False
early_neutral,6,1003,0.6657780739753415,-1,[0],"[[-0.8230336904525757, 0.0004259661363903433], [-0.07748434692621231, 0.13869556784629822], [0.42504411935806274, -0.08848415315151215], [0.15215644240379333, 0.034161340445280075], [0.0059415195137262344, 0.12593644857406616]]",False
early_neutral,6,1004,0.6654448517160947,-1,[0],"[[-0.8230336904525757, 0.0004259661363903433], [-0.07856485247612, 0.13275639712810516], [0.43216341733932495, -0.08815741539001465], [0.1613439917564392, 0.034055620431900024], [0.010846203193068504, 0.13253846764564514]]",False
early_neutral,6,1005,0.6651116294568478,-1,[0],"[[-0.8230336904525757, 0.0004259661363903433], [-0.0793495923280716, 0.1267976462841034], [0.435719758272171, -0.08779636770486832], [0.17043328285217285, 0.033205077052116394], [0.016356049105525017, 0.13941042125225067]]",False
early_neutral,6,1006,0.6647784071976008,-1,[0],"[[-0.8230336904525757, 0.0004259661363903433], [-0.07980511337518692, 0.12082463502883911], [0.43963345885276794, -0.0874800756573677], [0.17924080789089203, 0.03149225562810898], [0.021277640014886856, 0.14685773849487305]]",False
early_neutral,6,1007,0.6644451849383539,-1,[0],"[[-0.8230336904525757, 0.0004259661363903433], [-0.07974133640527725, 0.11484482884407043], [0.4469437003135681, -0.0872851088643074], [0.1874161958694458, 0.028296243399381638], [0.025414563715457916, 0.1548026204109192]]",False
early_neutral,6,1008,0.664111962679107,-1,[0],"[[-0.8230336904525757, 0.0004259661363903433], [-0.07912065088748932, 0.10887853056192398], [0.4561336040496826, -0.08718650043010712], [0.1942824274301529, 0.023256797343492508], [0.028834281489253044, 0.16311505436897278]]",False
early_neutral,6,1009,0.6637787404198601,-1,[0],"[[-0.8230336904525757, 0.0004259661363903433], [-0.07791061699390411, 0.10295086354017258], [0.4653353691101074, -0.08725360780954361], [0.20065513253211975, 0.017571039497852325], [0.03130829334259033, 0.17171819508075714]]",False
early_neutral,6,1010,0.6634455181606131,-1,[0],"[[-0.8230336904525757, 0.0004259661363903433], [-0.07608817517757416, 0.09708990901708603], [0.4745725095272064, -0.08724328130483627], [0.20672984421253204, 0.011571154929697514], [0.03288675844669342, 0.1789611130952835]]",False
early_neutral,6,1011,0.6631122959013662,-1,[0],"[[-0.8230336904525757, 0.0004259661363903433], [-0.07366666197776794, 0.09132145345211029], [0.483691930770874, -0.08688366413116455], [0.21278166770935059, 0.0050604990683496], [0.03341136500239372, 0.18493129312992096]]",True
early_neutral,6,1012,0.6627790736421193,-1,[0],"[[-0.8230336904525757, 0.0004259661363903433], [-0.07067403197288513, 0.08566759526729584], [0.4918781518936157, -0.08725617080926895], [0.21925894916057587, -0.0017233535181730986], [0.03343348950147629, 0.19091171026229858]]",False
early_neutral,6,1013,0.6624458513828724,-1,[0],"[[-0.8230336904525757, 0.0004259661363903433], [-0.06713460385799408, 0.08014892041683197], [0.5007153749465942, -0.08632377535104752], [0.22640596330165863, -0.00859011895954609], [0.03310341760516167, 0.19688837230205536]]",True
early_neutral,6,1014,0.6621126291236255,-1,[0],"[[-0.8230336904525757, 0.0004259661363903433], [-0.06329673528671265, 0.07471456378698349], [0.5093005299568176, -0.08561547100543976], [0.23404625058174133, -0.015525512397289276], [0.03246017172932625, 0.20285442471504211]]",True
early_neutral,6,1015,0.6617794068643785,-1,[0],"[[-0.8230336904525757, 0.0004259661363903433], [-0.05926007404923439, 0.06934154778718948], [0.5185711979866028, -0.08524112403392792], [0.242040753364563, -0.02252170257270336], [0.031893905252218246, 0.2088238000869751]]",True
early_neutral,6,1016,0.6614461846051316,-1,[0],"[[-0.8230336904525757, 0.0004259661363903433], [-0.05504508316516876, 0.06402676552534103], [0.5279026031494141, -0.08492090553045273], [0.25016528367996216, -0.02963055856525898], [0.03151695057749748, 0.21479953825473785]]",True
early_neutral,6,1017,0.6611129623458847,-1,[0],"[[-0.8230336904525757, 0.0004259661363903433], [-0.05068523809313774, 0.05876168608665466], [0.535310685634613, -0.08443794399499893], [0.2568362355232239, -0.037466730922460556], [0.031367599964141846, 0.21960727870464325]]",True
early_neutral,6,1018,0.6607797400866378,-1,[0],"[[-0.8230336904525757, 0.0004259661363903433], [-0.04618274047970772, 0.0535476878285408], [0.5423918962478638, -0.08324696123600006], [0.26149776577949524, -0.04598720371723175], [0.03144485503435135, 0.22379343211650848]]",True
early_neutral,6,1019,0.6604465178273908,-1,[0],"[[-0.8230336904525757, 0.0004259661363903433], [-0.0415414497256279, 0.048385486006736755], [0.5483726263046265, -0.08175469934940338], [0.2659990191459656, -0.05461745336651802], [0.03169811889529228, 0.2279766947031021]]",True
early_neutral,6,1020,0.6601132955681439,-1,[0],"[[-0.8230336904525757, 0.0004259661363903433], [-0.0367632694542408, 0.043276432901620865], [0.5534159541130066, -0.07900209724903107], [0.27138981223106384, -0.06308092176914215], [0.03208275884389877, 0.23215574026107788]]",True
early_neutral,6,1021,0.659780073308897,-1,[0],"[[-0.8230336904525757, 0.0004259661363903433], [-0.03185344487428665, 0.03822049871087074], [0.5586954355239868, -0.07559768855571747], [0.27757084369659424, -0.07135354727506638], [0.03258660063147545, 0.2362949252128601]]",True
early_neutral,6,1022,0.6594468510496501,-1,[0],"[[-0.8230336904525757, 0.0004259661363903433], [-0.02681645378470421, 0.033217813819646835], [0.5644002556800842, -0.07174789160490036], [0.2843470871448517, -0.07945770025253296], [0.032809779047966, 0.23802787065505981]]",True
early_neutral,6,1023,0.6591136287904032,-1,[0],"[[-0.8230336904525757, 0.0004259661363903433], [-0.021655039861798286, 0.028269117698073387], [0.570307731628418, -0.06757397949695587], [0.29158177971839905, -0.08728491514921188], [0.032809779047966, 0.23802787065505981]]",True
early_neutral,6,1024,0.6587804065311563,-1,[0],"[[-0.8230336904525757, 0.0004259661363903433], [-0.016375359147787094, 0.02337353117763996], [0.5759246945381165, -0.06302841752767563], [0.2977307438850403, -0.09339244663715363], [0.032809779047966, 0.23802787065505981]]",True
early_neutral,6,1025,0.6584471842719094,-1,[0],"[[-0.8230336904525757, 0.0004259661363903433], [-0.010961871594190598, 0.018515659496188164], [0.5806503295898438, -0.0582180880010128], [0.3012341558933258, -0.09652639925479889], [0.032809779047966, 0.23802787065505981]]",False
early_neutral,6,1026,0.6581139620126625,-1,[0],"[[-0.8230336904525757, 0.0004259661363903433], [-0.005047712940722704, 0.013337151147425175], [0.5872217416763306, -0.0541769377887249], [0.3027527928352356, -0.09613275527954102], [0.032809779047966, 0.23802787065505981]]",False
early_neutral,6,1027,0.6577807397534156,-1,[0],"[[-0.8230336904525757, 0.0004259661363903433], [0.001453986275009811, 0.007758231833577156], [0.594262421131134, -0.05023275315761566], [0.3049459457397461, -0.09390870481729507], [0.032809779047966, 0.23802787065505981]]",False
early_neutral,6,1028,0.6574475174941686,-1,[0],"[[-0.8230336904525757, 0.0004259661363903433], [0.008477111347019672, 0.001832428970374167], [0.6021514534950256, -0.046229567378759384], [0.3076625168323517, -0.09078415483236313], [0.032809779047966, 0.23802787065505981]]",False
early_neutral,6,1029,0.6571142952349217,-1,[0],"[[-0.8230336904525757, 0.0004259661363903433], [0.015974776819348335, -0.004392355214804411], [0.6109657883644104, -0.0422259159386158], [0.31059151887893677, -0.08668868988752365], [0.034915491938591, 0.23820602893829346]]",False
early_neutral,6,1030,0.6567810729756748,-1,[0],"[[-0.8230336904525757, 0.0004259661363903433], [0.02388388104736805, -0.01083481963723898], [0.6200305819511414, -0.038304101675748825], [0.313321977853775, -0.08163377642631531], [0.03920261934399605, 0.23854123055934906]]",False
early_neutral,6,1031,0.6564478507164279,-1,[0],"[[-0.8230336904525757, 0.0004259661363903433], [0.03212371841073036, -0.01744176261126995], [0.6296921968460083, -0.03424893692135811], [0.3159685730934143, -0.07581453770399094], [0.044937968254089355, 0.23892472684383392]]",False
early_neutral,6,1032,0.6561146284571809,-1,[0],"[[-0.8230336904525757, 0.0004259661363903433], [0.04066366329789162, -0.024152012541890144], [0.6398537158966064, -0.030039776116609573], [0.3186609148979187, -0.06938568502664566], [0.05210186913609505, 0.23916472494602203]]",False
early_neutral,6,1033,0.655781406197934,-1,[0],"[[-0.8230336904525757, 0.0004259661363903433], [0.04975810647010803, -0.030755067244172096], [0.6501532196998596, -0.02577766589820385], [0.32094550132751465, -0.06262437999248505], [0.06054480001330376, 0.23908846080303192]]",False
early_neutral,6,1034,0.6554481839386871,-1,[0],"[[-0.8230336904525757, 0.0004259661363903433], [0.059827469289302826, -0.03690500557422638], [0.6600514054298401, -0.021721547469496727], [0.32210785150527954, -0.0555923692882061], [0.06970634311437607, 0.2386988252401352]]",False
early_neutral,6,1035,0.6551149616794402,-1,[0],"[[-0.8230336904525757, 0.0004259661363903433], [0.07061289250850677, -0.04266609624028206], [0.6690859794616699, -0.01937193237245083], [0.32225069403648376, -0.048076000064611435], [0.07884353399276733, 0.23805563151836395]]",False
early_neutral,6,1036,0.6547817394201932,-1,[0],"[[-0.8230336904525757, 0.0004259661363903433], [0.08154824376106262, -0.04841775447130203], [0.6782034635543823, -0.018839461728930473], [0.32209378480911255, -0.04016238451004028], [0.08794073015451431, 0.23720329999923706]]",False
early_neutral,6,1037,0.6544485171609463,-1,[0],"[[-0.8230336904525757, 0.0004259661363903433], [0.09256875514984131, -0.05418442189693451], [0.6862449049949646, -0.019977198913693428], [0.3217395544052124, -0.03192882612347603], [0.09701381623744965, 0.23624812066555023]]",False
early_neutral,6,1038,0.6541152949016994,-1,[0],"[[-0.8230336904525757, 0.0004259661363903433], [0.10361285507678986, -0.059995390474796295], [0.6930251717567444, -0.023216990754008293], [0.3213377296924591, -0.02344410866498947], [0.1060592457652092, 0.23518793284893036]]",False
early_neutral,6,1039,0.6537820726424525,-1,[0],"[[-0.8230336904525757, 0.0004259661363903433], [0.11464967578649521, -0.0658598244190216], [0.6995259523391724, -0.027017662301659584], [0.3211909532546997, -0.014760790392756462], [0.11504695564508438, 0.23393802344799042]]",False
early_neutral,6,1040,0.6534488503832055,-1,[0],"[[-0.8230336904525757, 0.0004259661363903433], [0.12560147047042847, -0.07182641327381134], [0.7060762047767639, -0.031136393547058105], [0.32108691334724426, -0.0059281145222485065], [0.12395849823951721, 0.23247534036636353]]",False
early_neutral,6,1041,0.6531156281239587,-1,[0],"[[-0.8230336904525757, 0.0004259661363903433], [0.13633699715137482, -0.07798302918672562], [0.7125918865203857, -0.035354673862457275], [0.3192613422870636, 0.002931724302470684], [0.13265275955200195, 0.2305493950843811]]",False
early_neutral,6,1042,0.6527824058647118,-1,[0],"[[-0.8230336904525757, 0.0004259661363903433], [0.14680148661136627, -0.08435231447219849], [0.7190952301025391, -0.03958103060722351], [0.31528905034065247, 0.01158218178898096], [0.14086785912513733, 0.22787730395793915]]",False
early_neutral,6,1043,0.6524491836054649,-1,[0],"[[-0.8230336904525757, 0.0004259661363903433], [0.15666840970516205, -0.09112551063299179], [0.7255958914756775, -0.04380916431546211], [0.309662401676178, 0.019079267978668213], [0.14792560040950775, 0.2247796505689621]]",False
early_neutral,6,1044,0.652115961346218,-1,[0],"[[-0.8230336904525757, 0.0004259661363903433], [0.1658323109149933, -0.09831422567367554], [0.7320951223373413, -0.04803822934627533], [0.3034716546535492, 0.023578573018312454], [0.15159285068511963, 0.22137615084648132]]",False
early_neutral,6,1045,0.651782739086971,-1,[0],"[[-0.8230336904525757, 0.0004259661363903433], [0.17385797202587128, -0.1060589998960495], [0.7385942339897156, -0.05226731300354004], [0.2965332865715027, 0.025300292298197746], [0.15373261272907257, 0.21743163466453552]]",False
early_neutral,6,1046,0.6514495168277241,-1,[0],"[[-0.8230336904525757, 0.0004259661363903433], [0.1803247481584549, -0.11440318077802658], [0.7450933456420898, -0.05649644881486893], [0.2881728708744049, 0.0263332799077034], [0.15309849381446838, 0.21357780694961548]]",False
early_neutral,6,1047,0.6511162945684772,-1,[0],"[[-0.8230336904525757, 0.0004259661363903433], [0.18525052070617676, -0.12313073873519897], [0.7515924572944641, -0.06072558835148811], [0.2789544463157654, 0.02658579871058464], [0.15021181106567383, 0.20992404222488403]]",False
early_neutral,6,1048,0.6507830723092303,-1,[0],"[[-0.8230336904525757, 0.0004259661363903433], [0.1871209293603897, -0.1315717101097107], [0.7580175995826721, -0.06495345383882523], [0.26948556303977966, 0.026679212227463722], [0.1459740251302719, 0.20696227252483368]]",False
early_neutral,6,1049,0.6504498500499833,-1,[0],"[[-0.8230336904525757, 0.0004259661363903433], [0.18549798429012299, -0.1396719068288803], [0.7612199783325195, -0.06865490227937698], [0.25917044281959534, 0.02682882361114025], [0.1404305100440979, 0.2051198035478592]]",False
early_neutral,6,1050,0.6501166277907364,-1,[0],"[[-0.8230336904525757, 0.0004259661363903433], [0.18209083378314972, -0.1468532234430313], [0.7592623829841614, -0.07129232585430145], [0.24841804802417755, 0.0270326379686594], [0.1345110535621643, 0.2034824937582016]]",False
early_neutral,6,1051,0.6497834055314895,-1,[0],"[[-0.8230336904525757, 0.0004259661363903433], [0.17678169906139374, -0.15103304386138916], [0.7544402480125427, -0.07338840514421463], [0.2372298687696457, 0.02730604261159897], [0.1285674273967743, 0.20187991857528687]]",False
early_neutral,6,1052,0.6494501832722426,-1,[0],"[[-0.8230336904525757, 0.0004259661363903433], [0.1693037897348404, -0.15267865359783173], [0.7473805546760559, -0.07418117672204971], [0.22541506588459015, 0.027639657258987427], [0.12256668508052826, 0.20037011802196503]]",False
early_neutral,6,1053,0.6491169610129957,-1,[0],"[[-0.8230336904525757, 0.0004259661363903433], [0.1618555784225464, -0.15273408591747284], [0.739006757736206, -0.07425715029239655], [0.21303850412368774, 0.02795727364718914], [0.1165548637509346, 0.19887898862361908]]",False
early_neutral,6,1054,0.6487837387537487,-1,[0],"[[-0.8230336904525757, 0.0004259661363903433], [0.1552896946668625, -0.1522035300731659], [0.7298363447189331, -0.07427392899990082], [0.20021197199821472, 0.028226666152477264], [0.11058644205331802, 0.1973157823085785]]",False
early_neutral,6,1055,0.6484505164945018,-1,[0],"[[-0.8230336904525757, 0.0004259661363903433], [0.14875896275043488, -0.1516355723142624], [0.7206451892852783, -0.07427990436553955], [0.18703392148017883, 0.028404003009200096], [0.10466346144676208, 0.19568105041980743]]",False
early_neutral,6,1056,0.6481172942352549,-1,[0],"[[-0.8230336904525757, 0.0004259661363903433], [0.14134469628334045, -0.1509101390838623], [0.7114540338516235, -0.07428079843521118], [0.17358435690402985, 0.02840159647166729], [0.09908094257116318, 0.19406481087207794]]",False
early_neutral,6,1057,0.647784071976008,-1,[0],"[[-0.8230336904525757, 0.0004259661363903433], [0.13343234360218048, -0.15004970133304596], [0.702262818813324, -0.0742812305688858], [0.15993160009384155, 0.028214460238814354], [0.09757202118635178, 0.19362004101276398]]",False
early_neutral,6,1058,0.647450849716761,-1,[0],"[[-0.8230336904525757, 0.0004259661363903433], [0.12458647787570953, -0.14888885617256165], [0.6930716633796692, -0.07428130507469177], [0.14613525569438934, 0.027768965810537338], [0.09757202118635178, 0.19362004101276398]]",False
early_neutral,6,1059,0.6471176274575141,-1,[0],"[[-0.8230336904525757, 0.0004259661363903433], [0.11509006470441818, -0.147247314453125], [0.6838805079460144, -0.07428134232759476], [0.1322440654039383, 0.02706216648221016], [0.09757202118635178, 0.19362004101276398]]",False
early_neutral,6,1060,0.6467844051982673,-1,[0],"[[-0.8230336904525757, 0.0004259661363903433], [0.10496553033590317, -0.14517109096050262], [0.6748238205909729, -0.07428418844938278], [0.11830172687768936, 0.026073917746543884], [0.09757202118635178, 0.19362004101276398]]",False
early_neutral,6,1061,0.6464511829390204,-1,[0],"[[-0.8230336904525757, 0.0004259661363903433], [0.0946257933974266, -0.14294452965259552], [0.6694641709327698, -0.07434248179197311], [0.10434471815824509, 0.024798113852739334], [0.09757202118635178, 0.19362004101276398]]",False
early_neutral,6,1062,0.6461179606797735,-1,[0],"[[-0.8230336904525757, 0.0004259661363903433], [0.08369754254817963, -0.14052706956863403], [0.6690338253974915, -0.07435090094804764], [0.09041879326105118, 0.023180978372693062], [0.09757202118635178, 0.19362004101276398]]",False
early_neutral,6,1063,0.6457847384205265,-1,[0],"[[-0.8230336904525757, 0.0004259661363903433], [0.07465478777885437, -0.1385025829076767], [0.667103111743927, -0.07478469610214233], [0.07657816261053085, 0.021157704293727875], [0.09754500538110733, 0.19361065328121185]]",False
early_neutral,6,1064,0.6454515161612796,-1,[0],"[[-0.8230336904525757, 0.0004259661363903433], [0.06994136422872543, -0.1374407559633255], [0.6627854704856873, -0.07569362968206406], [0.06327361613512039, 0.018856529146432877], [0.09560109674930573, 0.19285038113594055]]",False
early_neutral,6,1065,0.6451182939020327,-1,[0],"[[-0.8230336904525757, 0.0004259661363903433], [0.06734717637300491, -0.13686871528625488], [0.6570186614990234, -0.07679674029350281], [0.05329505354166031, 0.016733739525079727], [0.09245970100164413, 0.19141940772533417]]",False
early_neutral,6,1066,0.6447850716427858,-1,[0],"[[-0.8230336904525757, 0.0004259661363903433], [0.06734717637300491, -0.13686871528625488], [0.6498746871948242, -0.07799938321113586], [0.04497646540403366, 0.014262338168919086], [0.08830583095550537, 0.18929293751716614]]",False
early_neutral,6,1067,0.6444518493835388,-1,[0],"[[-0.8230336904525757, 0.0004259661363903433], [0.06734717637300491, -0.13686871528625488], [0.6414673328399658, -0.07918848097324371], [0.03898158296942711, 0.012063969857990742], [0.08359963446855545, 0.18690061569213867]]",False
early_neutral,6,1068,0.6441186271242919,-1,[0],"[[-0.8230336904525757, 0.0004259661363903433], [0.06734717637300491, -0.13686871528625488], [0.6322792768478394, -0.08029805123806], [0.0337676927447319, 0.009614121168851852], [0.0785178542137146, 0.184381365776062]]",False
early_neutral,6,1069,0.643785404865045,-1,[0],"[[-0.8230336904525757, 0.0004259661363903433], [0.06977856904268265, -0.1368410289287567], [0.6223979592323303, -0.08139635622501373], [0.028928907588124275, 0.006879692897200584], [0.07334885001182556, 0.18189135193824768]]",False
early_neutral,6,1070,0.6434521826057981,-1,[0],"[[-0.8230336904525757, 0.0004259661363903433], [0.0745033323764801, -0.13680820167064667], [0.611771285533905, -0.08247613906860352], [0.024471348151564598, 0.004037178587168455], [0.06812779605388641, 0.17955361306667328]]",False
early_neutral,6,1071,0.6431189603465511,-1,[0],"[[-0.8230336904525757, 0.0004259661363903433], [0.08072075247764587, -0.1367979496717453], [0.6009950637817383, -0.0835011899471283], [0.0201503224670887, 0.0009361173142679036], [0.06275538355112076, 0.17735402286052704]]",False
early_neutral,6,1072,0.6427857380873042,-1,[0],"[[-0.8230336904525757, 0.0004259661363903433], [0.08643615245819092, -0.13679416477680206], [0.5895977020263672, -0.08452396094799042], [0.016589932143688202, -0.0018832618370652199], [0.05717632547020912, 0.1752697080373764]]",False
early_neutral,6,1073,0.6424525158280573,-1,[0],"[[-0.8230336904525757, 0.0004259661363903433], [0.08717195689678192, -0.13679341971874237], [0.5776112079620361, -0.08556137979030609], [0.01603979803621769, -0.002323290565982461], [0.05152740329504013, 0.1733202040195465]]",False
early_neutral,6,1074,0.6421192935688104,-1,[0],"[[-0.8230336904525757, 0.0004259661363903433], [0.08717195689678192, -0.13679341971874237], [0.565123975276947, -0.08659558743238449], [0.01603979803621769, -0.002323290565982461], [0.04587527737021446, 0.17150788009166718]]",False
early_neutral,6,1075,0.6417860713095634,-1,[0],"[[-0.8230336904525757, 0.0004259661363903433], [0.08959686756134033, -0.13667605817317963], [0.5522461533546448, -0.08763304352760315], [0.01603979803621769, -0.002323290565982461], [0.040023088455200195, 0.16976875066757202]]",False
early_neutral,6,1076,0.6414528490503165,-1,[0],"[[-0.8230336904525757, 0.0004259661363903433], [0.09431660920381546, -0.1365368515253067], [0.5390875339508057, -0.08878608047962189], [0.01603979803621769, -0.002323290565982461], [0.036483995616436005, 0.16876408457756042]]",False
early_neutral,6,1077,0.6411196267910696,-1,[0],"[[-0.8230336904525757, 0.0004259661363903433], [0.10043179988861084, -0.13635887205600739], [0.5257243514060974, -0.09007720649242401], [0.01603979803621769, -0.002323290565982461], [0.036442626267671585, 0.16875235736370087]]",False
early_neutral,6,1078,0.6407864045318227,-1,[0],"[[-0.8230336904525757, 0.0004259661363903433], [0.1065981388092041, -0.1341949701309204], [0.5122465491294861, -0.0916287750005722], [0.01603979803621769, -0.002323290565982461], [0.03567476570606232, 0.16858331859111786]]",False
early_neutral,6,1079,0.6404531822725759,-1,[0],"[[-0.8230336904525757, 0.0004259661363903433], [0.11268177628517151, -0.1305662989616394], [0.4987366199493408, -0.09353359043598175], [0.01603979803621769, -0.002323290565982461], [0.032192401587963104, 0.16780272126197815]]",False
early_neutral,6,1080,0.6401199600133289,-1,[0],"[[-0.8230336904525757, 0.0004259661363903433], [0.11857637763023376, -0.12630321085453033], [0.48528972268104553, -0.09588703513145447], [0.01603979803621769, -0.002323290565982461], [0.02741089276969433, 0.16670525074005127]]",False
early_neutral,6,1081,0.639786737754082,-1,[0],"[[-0.8230336904525757, 0.0004259661363903433], [0.12169568240642548, -0.12261012941598892], [0.4720779359340668, -0.09890752285718918], [0.01603979803621769, -0.002323290565982461], [0.021436044946312904, 0.16543015837669373]]",False
early_neutral,6,1082,0.6394535154948351,-1,[0],"[[-0.8230336904525757, 0.0004259661363903433], [0.12190420180559158, -0.11846502125263214], [0.45916715264320374, -0.1025380790233612], [0.013958488591015339, -0.0023159387055784464], [0.015249943360686302, 0.16428056359291077]]",False
early_neutral,6,1083,0.6391202932355882,-1,[0],"[[-0.8230336904525757, 0.0004259661363903433], [0.12191613018512726, -0.11676270514726639], [0.4464140236377716, -0.10646902024745941], [0.009740253910422325, -0.0023144884034991264], [0.010542063042521477, 0.16349026560783386]]",False
early_neutral,6,1084,0.6387870709763412,-1,[0],"[[-0.8230336904525757, 0.0004259661363903433], [0.12191613018512726, -0.11676270514726639], [0.43380028009414673, -0.11063562333583832], [0.005188717972487211, -0.002332634525373578], [0.010221555829048157, 0.16343609988689423]]",False
early_neutral,6,1085,0.6384538487170943,-1,[0],"[[-0.8230336904525757, 0.0004259661363903433], [0.12203845381736755, -0.11768040060997009], [0.42124640941619873, -0.11491521447896957], [0.004110557027161121, -0.002348075620830059], [0.010221555829048157, 0.16343609988689423]]",False
early_neutral,6,1086,0.6381206264578474,-1,[0],"[[-0.8230336904525757, 0.0004259661363903433], [0.12222371250391006, -0.11990480870008469], [0.40868139266967773, -0.11920857429504395], [0.004110557027161121, -0.002348075620830059], [0.010221555829048157, 0.16343609988689423]]",False
early_neutral,6,1087,0.6377874041986005,-1,[0],"[[-0.8230336904525757, 0.0004259661363903433], [0.12225235998630524, -0.12306109815835953], [0.3961092531681061, -0.12351403385400772], [0.004115385003387928, -0.0023684047628194094], [0.010221555829048157, 0.16343609988689423]]",False
early_neutral,6,1088,0.6374541819393535,-1,[0],"[[-0.8230336904525757, 0.0004259661363903433], [0.11938485503196716, -0.1253170520067215], [0.38353267312049866, -0.12782973051071167], [0.0047353720292449, -0.00416800519451499], [0.008258141577243805, 0.16388553380966187]]",False
early_neutral,6,1089,0.6371209596801066,-1,[0],"[[-0.8230336904525757, 0.0004259661363903433], [0.11376147717237473, -0.12562710046768188], [0.37095221877098083, -0.13215237855911255], [0.0061966609209775925, -0.0069747259840369225], [0.004369317553937435, 0.1649550199508667]]",False
early_neutral,6,1090,0.6367877374208597,-1,[0],"[[-0.8230336904525757, 0.0004259661363903433], [0.10681559890508652, -0.12509959936141968], [0.35832542181015015, -0.13642635941505432], [0.007132904138416052, -0.010016168467700481], [-0.0006074940320104361, 0.16662174463272095]]",False
early_neutral,6,1091,0.6364545151616128,-1,[0],"[[-0.8230336904525757, 0.0004259661363903433], [0.09861849993467331, -0.12426303327083588], [0.3456363379955292, -0.14062848687171936], [0.0036348714493215084, -0.011870689690113068], [-0.0061002206057310104, 0.16880008578300476]]",False
early_neutral,6,1092,0.6361212929023659,-1,[0],"[[-0.8230336904525757, 0.0004259661363903433], [0.08948645740747452, -0.12312206625938416], [0.332905650138855, -0.1447821855545044], [-0.0023355416487902403, -0.012470929883420467], [-0.011299118399620056, 0.17120619118213654]]",False
early_neutral,6,1093,0.6357880706431189,-1,[0],"[[-0.8230336904525757, 0.0004259661363903433], [0.07952514290809631, -0.1218533143401146], [0.3201669156551361, -0.14892946183681488], [-0.008830279111862183, -0.012828727252781391], [-0.013424739241600037, 0.17226047813892365]]",False
early_neutral,6,1094,0.635454848383872,-1,[0],"[[-0.8230336904525757, 0.0004259661363903433], [0.06876765936613083, -0.12049946188926697], [0.3074163794517517, -0.15306462347507477], [-0.014300718903541565, -0.013050354085862637], [-0.013424739241600037, 0.17226047813892365]]",False
early_neutral,6,1095,0.6351216261246251,-1,[0],"[[-0.8230336904525757, 0.0004259661363903433], [0.057298824191093445, -0.11906784772872925], [0.29491305351257324, -0.15714506804943085], [-0.015753718093037605, -0.013096834532916546], [-0.013424739241600037, 0.17226047813892365]]",False
early_neutral,6,1096,0.6347884038653782,-1,[0],"[[-0.8230336904525757, 0.0004259661363903433], [0.04521997645497322, -0.11757270991802216], [0.2823377847671509, -0.16115877032279968], [-0.01546962559223175, -0.013109174557030201], [-0.013424739241600037, 0.17226047813892365]]",False
early_neutral,6,1097,0.6344551816061312,-1,[0],"[[-0.8230336904525757, 0.0004259661363903433], [0.03266152739524841, -0.11602403223514557], [0.2694225609302521, -0.1650772988796234], [-0.011760187335312366, -0.01323510892689228], [-0.013424739241600037, 0.17226047813892365]]",False
early_neutral,6,1098,0.6341219593468844,-1,[0],"[[-0.8230336904525757, 0.0004259661363903433], [0.019745193421840668, -0.11437971889972687], [0.2564302980899811, -0.16888746619224548], [-0.006486681289970875, -0.013492590747773647], [-0.013424739241600037, 0.17226047813892365]]",False
early_neutral,6,1099,0.6337887370876375,-1,[0],"[[-0.8230336904525757, 0.0004259661363903433], [0.006561169866472483, -0.11263338476419449], [0.24336884915828705, -0.1725970208644867], [0.00021828229364473373, -0.013853024691343307], [-0.013424739241600037, 0.17226047813892365]]",False
early_neutral,6,1100,0.6334555148283906,-1,[0],"[[-0.8230336904525757, 0.0004259661363903433], [-0.00682160584256053, -0.1107892319560051], [0.23025918006896973, -0.17623445391654968], [0.00803915411233902, -0.014656529761850834], [-0.01454248372465372, 0.17340102791786194]]",False
early_neutral,6,1101,0.6331222925691437,-1,[0],"[[-0.8230336904525757, 0.0004259661363903433], [-0.020343821495771408, -0.10883495211601257], [0.21710304915905, -0.17980057001113892], [0.015320921316742897, -0.017642734572291374], [-0.017137188464403152, 0.1755436807870865]]",False
early_neutral,6,1102,0.6327890703098967,-1,[0],"[[-0.8230336904525757, 0.0004259661363903433], [-0.033961474895477295, -0.1067691445350647], [0.20388293266296387, -0.1832653284072876], [0.02187509834766388, -0.021809587255120277], [-0.02020961605012417, 0.17762643098831177]]",False
early_neutral,6,1103,0.6324558480506498,-1,[0],"[[-0.8230336904525757, 0.0004259661363903433], [-0.04763198271393776, -0.10456918179988861], [0.19059349596500397, -0.1866161823272705], [0.028377845883369446, -0.026036346331238747], [-0.020460523664951324, 0.17779770493507385]]",False
early_neutral,6,1104,0.6321226257914029,-1,[0],"[[-0.8230336904525757, 0.0004259661363903433], [-0.06132299080491066, -0.10222341120243073], [0.17723329365253448, -0.18984587490558624], [0.034878410398960114, -0.03026452846825123], [-0.02048940397799015, 0.1778060495853424]]",False
early_neutral,6,1105,0.631789403532156,-1,[0],"[[-0.8230336904525757, 0.0004259661363903433], [-0.07495817542076111, -0.09960988909006119], [0.16379860043525696, -0.19294209778308868], [0.04137773811817169, -0.034493520855903625], [-0.02296576462686062, 0.1786351501941681]]",False
early_neutral,6,1106,0.631456181272909,-1,[0],"[[-0.8230336904525757, 0.0004259661363903433], [-0.08849979192018509, -0.09670694172382355], [0.15029343962669373, -0.19590578973293304], [0.04787696897983551, -0.03872256726026535], [-0.026781335473060608, 0.18017706274986267]]",False
early_neutral,6,1107,0.6311229590136621,-1,[0],"[[-0.8230336904525757, 0.0004259661363903433], [-0.10027109831571579, -0.09401410073041916], [0.13672785460948944, -0.1987503319978714], [0.05384974181652069, -0.04289748892188072], [-0.02992580272257328, 0.18158996105194092]]",False
early_neutral,6,1108,0.6307897367544152,-1,[0],"[[-0.8230336904525757, 0.0004259661363903433], [-0.10740126669406891, -0.09169325977563858], [0.12310571223497391, -0.20147812366485596], [0.05784795433282852, -0.045968249440193176], [-0.03047029674053192, 0.18178951740264893]]",False
early_neutral,6,1109,0.6304565144951683,-1,[0],"[[-0.8230336904525757, 0.0004259661363903433], [-0.11127027869224548, -0.08919906616210938], [0.10943759977817535, -0.20410671830177307], [0.06362874060869217, -0.04721386730670929], [-0.03047029674053192, 0.18178951740264893]]",False
early_neutral,6,1110,0.6301232922359213,-1,[0],"[[-0.8230336904525757, 0.0004259661363903433], [-0.11244183778762817, -0.08849462121725082], [0.09573166072368622, -0.20665070414543152], [0.07010604441165924, -0.047413554042577744], [-0.03047029674053192, 0.18178951740264893]]",False
early_neutral,6,1111,0.6297900699766744,-1,[0],"[[-0.8230336904525757, 0.0004259661363903433], [-0.112444669008255, -0.08848462253808975], [0.08199354261159897, -0.20912015438079834], [0.07659213244915009, -0.04624917358160019], [-0.03047029674053192, 0.18178951740264893]]",False
early_neutral,6,1112,0.6294568477174275,-1,[0],"[[-0.8230336904525757, 0.0004259661363903433], [-0.10987603664398193, -0.08965880423784256], [0.06823920458555222, -0.21155115962028503], [0.08279111236333847, -0.04312921687960625], [-0.03047029674053192, 0.18178951740264893]]",False
early_neutral,6,1113,0.6291236254581806,-1,[0],"[[-0.8230336904525757, 0.0004259661363903433], [-0.10587483644485474, -0.09135469049215317], [0.054473672062158585, -0.21389302611351013], [0.08913923054933548, -0.03904847055673599], [-0.030444331467151642, 0.18180009722709656]]",False
early_neutral,6,1114,0.6287904031989336,-1,[0],"[[-0.8230336904525757, 0.0004259661363903433], [-0.10141945630311966, -0.09409002214670181], [0.041974179446697235, -0.2149837613105774], [0.09564738720655441, -0.03482523560523987], [-0.028420304879546165, 0.1824643909931183]]",False
early_neutral,6,1115,0.6284571809396867,-1,[0],"[[-0.8230336904525757, 0.0004259661363903433], [-0.09821676462888718, -0.09821230918169022], [0.03317728266119957, -0.2140856683254242], [0.10214021056890488, -0.030595919117331505], [-0.024804940447211266, 0.1832915097475052]]",False
early_neutral,6,1116,0.6281239586804399,-1,[0],"[[-0.8233256936073303, 0.00043251141323708], [-0.09541332721710205, -0.10268162190914154], [0.02806735970079899, -0.2110072374343872], [0.10588676482439041, -0.02657131478190422], [-0.019689874723553658, 0.1841161996126175]]",False
early_neutral,6,1117,0.627790736421193,-1,[0],"[[-0.8266683220863342, 0.0005291258567012846], [-0.09149032831192017, -0.10802709311246872], [0.02396908774971962, -0.2065620869398117], [0.10429917275905609, -0.023085201159119606], [-0.01324311550706625, 0.18533776700496674]]",False
early_neutral,6,1118,0.6274575141619461,-1,[0],"[[-0.831430196762085, 0.0007121578673832119], [-0.08693647384643555, -0.11387015134096146], [0.01943519152700901, -0.2014681100845337], [0.10022825747728348, -0.01947951875627041], [-0.00570665393024683, 0.18715010583400726]]",False
early_neutral,6,1119,0.6271242919026991,-1,[0],"[[-0.837532639503479, 0.0009863286977633834], [-0.08198032528162003, -0.11989571899175644], [0.014325483702123165, -0.19588547945022583], [0.0950671061873436, -0.015375874005258083], [0.0029011573642492294, 0.18917281925678253]]",False
early_neutral,6,1120,0.6267910696434522,-1,[0],"[[-0.8446323871612549, 0.001315388479270041], [-0.07656653970479965, -0.12620536983013153], [0.00882958248257637, -0.1898479461669922], [0.08896937966346741, -0.010941127315163612], [0.012581470422446728, 0.19102931022644043]]",False
early_neutral,6,1121,0.6264578473842053,-1,[0],"[[-0.8523638844490051, 0.0016846481012180448], [-0.07061424851417542, -0.1328159123659134], [0.0030778611544519663, -0.1833665817975998], [0.08283675462007523, -0.0062485854141414165], [0.02297266013920307, 0.19262056052684784]]",False
early_neutral,6,1122,0.6261246251249584,-1,[0],"[[-0.8609794974327087, 0.0021086856722831726], [-0.06355642527341843, -0.13941968977451324], [-0.002607278060168028, -0.17640161514282227], [0.07649614661931992, -0.0009554724092595279], [0.03376488760113716, 0.19404897093772888]]",False
early_neutral,6,1123,0.6257914028657114,-1,[0],"[[-0.870419442653656, 0.002590196207165718], [-0.0551065094769001, -0.14570462703704834], [-0.007729325443506241, -0.16950181126594543], [0.06981409341096878, 0.0034216749481856823], [0.04329073429107666, 0.19510450959205627]]",False
early_neutral,6,1124,0.6254581806064645,-1,[0],"[[-0.88074791431427, 0.003135987790301442], [-0.045880161225795746, -0.15185068547725677], [-0.009566639550030231, -0.16361771523952484], [0.06091013923287392, 0.005475930869579315], [0.04940291866660118, 0.19561663269996643]]",False
early_neutral,6,1125,0.6251249583472176,-1,[0],"[[-0.8915404081344604, 0.0037233862094581127], [-0.03662543371319771, -0.15698419511318207], [-0.008203530684113503, -0.15801651775836945], [0.050932493060827255, 0.006932285614311695], [0.054070957005023956, 0.1959119290113449]]",True
early_neutral,6,1126,0.6247917360879707,-1,[0],"[[-0.9028318524360657, 0.0043579149059951305], [-0.028462186455726624, -0.1602867841720581], [-0.0053947134874761105, -0.15274444222450256], [0.04072432965040207, 0.008686991408467293], [0.05921490490436554, 0.19626058638095856]]",True
early_neutral,6,1127,0.6244585138287237,-1,[0],"[[-0.9147040247917175, 0.005071594845503569], [-0.021503649652004242, -0.16251812875270844], [-0.001504859421402216, -0.1475619524717331], [0.029955347999930382, 0.010870629921555519], [0.06379701942205429, 0.19650845229625702]]",True
early_neutral,6,1128,0.6241252915694768,-1,[0],"[[-0.9243552088737488, 0.005927686113864183], [-0.014007942751049995, -0.1653466820716858], [0.0033616891596466303, -0.14257092773914337], [0.0187799371778965, 0.013581358827650547], [0.06961614638566971, 0.19677068293094635]]",True
early_neutral,6,1129,0.6237920693102299,-1,[0],"[[-0.9312762022018433, 0.006924544461071491], [-0.006154484115540981, -0.16845376789569855], [0.008766638115048409, -0.1377350389957428], [0.00768810510635376, 0.0172846931964159], [0.07684106379747391, 0.19707921147346497]]",True
early_neutral,6,1130,0.623458847050983,-1,[0],"[[-0.9364025592803955, 0.007878858596086502], [0.0017698218580335379, -0.17148372530937195], [0.014659632928669453, -0.13306386768817902], [-0.0026015695184469223, 0.021961821243166924], [0.08521173894405365, 0.19735874235630035]]",True
early_neutral,6,1131,0.623125624791736,-1,[0],"[[-0.9397436380386353, 0.008654485456645489], [0.00931106973439455, -0.17489300668239594], [0.020805558189749718, -0.12788130342960358], [-0.009333590976893902, 0.028224991634488106], [0.09410327672958374, 0.19744065403938293]]",True
early_neutral,6,1132,0.6227924025324891,-1,[0],"[[-0.9416623711585999, 0.009191004559397697], [0.015982406213879585, -0.1789989024400711], [0.027020154520869255, -0.12209703028202057], [-0.014126394875347614, 0.03539856895804405], [0.10340583324432373, 0.1975526511669159]]",True
early_neutral,6,1133,0.6224591802732422,-1,[0],"[[-0.942307710647583, 0.009405353106558323], [0.02192988060414791, -0.18355819582939148], [0.03358681872487068, -0.11591202765703201], [-0.018394429236650467, 0.0428815558552742], [0.11265725642442703, 0.19761089980602264]]",True
early_neutral,6,1134,0.6221259580139953,-1,[0],"[[-0.939106285572052, 0.008647927083075047], [0.028104737401008606, -0.18798762559890747], [0.04109351336956024, -0.10968798398971558], [-0.022199323400855064, 0.0508054718375206], [0.12202747911214828, 0.19780905544757843]]",True
early_neutral,6,1135,0.6217927357547485,-1,[0],"[[-0.9341618418693542, 0.007949616760015488], [0.034596413373947144, -0.19222022593021393], [0.04953044652938843, -0.10356347262859344], [-0.025438154116272926, 0.05909743532538414], [0.13098043203353882, 0.19860975444316864]]",True
early_neutral,6,1136,0.6214595134955015,-1,[0],"[[-0.9276878833770752, 0.007351465988904238], [0.0418013334274292, -0.19592522084712982], [0.05907893180847168, -0.09781356155872345], [-0.027753286063671112, 0.06776946783065796], [0.13809078931808472, 0.20030774176120758]]",True
early_neutral,6,1137,0.6211262912362546,-1,[0],"[[-0.9198411107063293, 0.0066969930194318295], [0.04975789040327072, -0.19890879094600677], [0.06980996578931808, -0.09269697219133377], [-0.028800906613469124, 0.0766603946685791], [0.1433882862329483, 0.20292732119560242]]",True
early_neutral,6,1138,0.6207930689770077,-1,[0],"[[-0.9108920097351074, 0.006021423730999231], [0.05835602059960365, -0.20062574744224548], [0.08120542019605637, -0.0879480317234993], [-0.027496468275785446, 0.08535268902778625], [0.14876572787761688, 0.20635561645030975]]",True
early_neutral,6,1139,0.6204598467177608,-1,[0],"[[-0.9012207388877869, 0.005307558923959732], [0.06729374825954437, -0.20049768686294556], [0.09312526136636734, -0.08354755491018295], [-0.02329796738922596, 0.0931890681385994], [0.15474946796894073, 0.2101127654314041]]",True
early_neutral,6,1140,0.6201266244585139,-1,[0],"[[-0.8907003998756409, 0.004541876260191202], [0.07594961673021317, -0.1997784972190857], [0.1053173765540123, -0.07928914576768875], [-0.017808295786380768, 0.10091466456651688], [0.15928205847740173, 0.21411195397377014]]",True
early_neutral,6,1141,0.6197934021992669,-1,[0],"[[-0.879849910736084, 0.003757792292162776], [0.08220838010311127, -0.1987161785364151], [0.1174120157957077, -0.0747818574309349], [-0.01041995920240879, 0.10816235095262527], [0.16577699780464172, 0.21674057841300964]]",True
early_neutral,6,1142,0.61946017994002,-1,[0],"[[-0.8683940768241882, 0.002934070071205497], [0.08810657262802124, -0.19705361127853394], [0.12939077615737915, -0.07004868984222412], [-0.0016369320219382644, 0.11491945385932922], [0.17245501279830933, 0.21815386414527893]]",True
early_neutral,6,1143,0.6191269576807731,-1,[0],"[[-0.8576273918151855, 0.0021626402158290148], [0.0937090814113617, -0.1950518637895584], [0.1413414478302002, -0.06521351635456085], [0.007639825344085693, 0.1215425431728363], [0.17954127490520477, 0.21825870871543884]]",True
early_neutral,6,1144,0.6187937354215262,-1,[0],"[[-0.8476912379264832, 0.001452833879739046], [0.09910562634468079, -0.19290387630462646], [0.15327277779579163, -0.06030448153614998], [0.017328139394521713, 0.1280299872159958], [0.1874094009399414, 0.2183038592338562]]",True
early_neutral,6,1145,0.6184605131622792,-1,[0],"[[-0.8388263583183289, 0.000821170920971781], [0.1044321209192276, -0.19055631756782532], [0.16506052017211914, -0.05521228536963463], [0.027202222496271133, 0.13448913395404816], [0.19625909626483917, 0.21843133866786957]]",True
early_neutral,6,1146,0.6181272909030323,-1,[0],"[[-0.8338993191719055, 0.0004708683700300753], [0.10962482541799545, -0.188087597489357], [0.1765938699245453, -0.04985087737441063], [0.03719025105237961, 0.14094316959381104], [0.20571477711200714, 0.21858914196491241]]",True
early_neutral,6,1147,0.6177940686437854,-1,[0],"[[-0.8300384283065796, 0.00019719841657206416], [0.1146642416715622, -0.18560731410980225], [0.18791577219963074, -0.04428073763847351], [0.047386057674884796, 0.147311270236969], [0.21526533365249634, 0.218659907579422]]",True
early_neutral,6,1148,0.6174608463845385,-1,[0],"[[-0.8279796242713928, -5.702617272618227e-05], [0.11973191797733307, -0.183027982711792], [0.19923171401023865, -0.03868986293673515], [0.05790536105632782, 0.15349438786506653], [0.22445620596408844, 0.21870368719100952]]",True
early_neutral,6,1149,0.6171276241252915,-1,[0],"[[-0.8274228572845459, -0.00020316167501732707], [0.12379711121320724, -0.18040284514427185], [0.21054735779762268, -0.03308703005313873], [0.06835891306400299, 0.1593145728111267], [0.23416654765605927, 0.21849589049816132]]",True
early_neutral,6,1150,0.6167944018660446,-1,[0],"[[-0.8274228572845459, -0.00020316167501732707], [0.12274200469255447, -0.17798452079296112], [0.2216475009918213, -0.027296697720885277], [0.0765778198838234, 0.16353988647460938], [0.24352796375751495, 0.21839173138141632]]",True
early_neutral,6,1151,0.6164611796067977,-1,[0],"[[-0.8274228572845459, -0.00020316167501732707], [0.11836438626050949, -0.17591077089309692], [0.23243297636508942, -0.02125358209013939], [0.08420205116271973, 0.1668786257505417], [0.2528836131095886, 0.21824441850185394]]",True
early_neutral,6,1152,0.6161279573475508,-1,[0],"[[-0.8274228572845459, -0.00020316167501732707], [0.1169295683503151, -0.17347699403762817], [0.24246597290039062, -0.014691013842821121], [0.0922224223613739, 0.16979482769966125], [0.2624817192554474, 0.21789970993995667]]",True
early_neutral,6,1153,0.6157947350883038,-1,[0],"[[-0.8274228572845459, -0.00020316167501732707], [0.11997514963150024, -0.17088791728019714], [0.25087404251098633, -0.007222027983516455], [0.10064411163330078, 0.17218443751335144], [0.27167290449142456, 0.21789878606796265]]",True
early_neutral,6,1154,0.615461512829057,-1,[0],"[[-0.8274228572845459, -0.00020316167501732707], [0.12471276521682739, -0.1685437709093094], [0.2574945092201233, 0.0007667752797715366], [0.10936623066663742, 0.17406608164310455], [0.2812650501728058, 0.21717306971549988]]",True
early_neutral,6,1155,0.6151282905698101,-1,[0],"[[-0.8274228572845459, -0.00020316167501732707], [0.12977656722068787, -0.16637681424617767], [0.261711448431015, 0.0073585170321166515], [0.11827647686004639, 0.17552821338176727], [0.2906267046928406, 0.21686449646949768]]",True
early_neutral,6,1156,0.6147950683105632,-1,[0],"[[-0.8274228572845459, -0.00020316167501732707], [0.13537056744098663, -0.16431018710136414], [0.2613583505153656, 0.012522592209279537], [0.12705186009407043, 0.17656078934669495], [0.29987531900405884, 0.21686966717243195]]",True
early_neutral,6,1157,0.6144618460513163,-1,[0],"[[-0.8274228572845459, -0.00020316167501732707], [0.14113357663154602, -0.16245268285274506], [0.25958532094955444, 0.018040049821138382], [0.13355828821659088, 0.1771009862422943], [0.3092193603515625, 0.21691980957984924]]",True
early_neutral,6,1158,0.6141286237920693,-1,[1],"[[-0.8274228572845459, -0.00020316167501732707], [0.14685668051242828, -0.16071492433547974], [0.2600337564945221, 0.024260012432932854], [0.1399715691804886, 0.17743068933486938], [0.3174452781677246, 0.21616733074188232]]",True
early_neutral,6,1159,0.6137954015328224,-1,[1],"[[-0.8274228572845459, -0.00020316167501732707], [0.15274186432361603, -0.15902340412139893], [0.2611258625984192, 0.030861323699355125], [0.14700379967689514, 0.17768701910972595], [0.32603129744529724, 0.2155691385269165]]",True
early_neutral,6,1160,0.6134621792735755,-1,[0],"[[-0.8274228572845459, -0.00020316167501732707], [0.15868011116981506, -0.15741755068302155], [0.261916846036911, 0.03773205727338791], [0.15530772507190704, 0.17802011966705322], [0.3361636996269226, 0.21559801697731018]]",True
early_neutral,6,1161,0.6131289570143286,-1,[0],"[[-0.8274228572845459, -0.00020316167501732707], [0.16458836197853088, -0.15596531331539154], [0.26243385672569275, 0.04507402330636978], [0.1644427627325058, 0.1784108281135559], [0.34664133191108704, 0.21567945182323456]]",True
early_neutral,6,1162,0.6127957347550816,-1,[0],"[[-0.8274228572845459, -0.00020316167501732707], [0.17067192494869232, -0.15462714433670044], [0.26462146639823914, 0.051999013870954514], [0.17361634969711304, 0.17878052592277527], [0.35783851146698, 0.21582600474357605]]",True
early_neutral,6,1163,0.6124625124958347,-1,[0],"[[-0.8274228572845459, -0.00020316167501732707], [0.176833838224411, -0.1534288078546524], [0.26949888467788696, 0.05613980069756508], [0.18279242515563965, 0.1791234314441681], [0.36969462037086487, 0.21600022912025452]]",True
early_neutral,6,1164,0.6121292902365878,-1,[0],"[[-0.8274228572845459, -0.00020316167501732707], [0.18299101293087006, -0.152442067861557], [0.27700275182724, 0.05826294794678688], [0.19195900857448578, 0.1795581877231598], [0.3821113407611847, 0.21615132689476013]]",True
early_neutral,6,1165,0.6117960679773409,-1,[0],"[[-0.8274228572845459, -0.00020316167501732707], [0.189243882894516, -0.1516740918159485], [0.28604885935783386, 0.05900257080793381], [0.20110441744327545, 0.18015240132808685], [0.3948567807674408, 0.21624715626239777]]",True
early_neutral,6,1166,0.611462845718094,-1,[0],"[[-0.8274228572845459, -0.00020316167501732707], [0.19562077522277832, -0.15112222731113434], [0.2959442734718323, 0.058952659368515015], [0.21023958921432495, 0.18081043660640717], [0.4058343768119812, 0.2169378399848938]]",True
early_neutral,6,1167,0.611129623458847,-1,[0],"[[-0.8274228572845459, -0.00020316167501732707], [0.2007911652326584, -0.1507585644721985], [0.3061878979206085, 0.05879349261522293], [0.21939992904663086, 0.1812971830368042], [0.4154681861400604, 0.21724309027194977]]",True
early_neutral,6,1168,0.6107964011996001,-1,[0],"[[-0.8274228572845459, -0.00020316167501732707], [0.20272357761859894, -0.15062256157398224], [0.31716984510421753, 0.05854349210858345], [0.2285783588886261, 0.18160900473594666], [0.42473214864730835, 0.2172425389289856]]",True
early_neutral,6,1169,0.6104631789403532,-1,[0],"[[-0.8274228572845459, -0.00020316167501732707], [0.2004663348197937, -0.1508231908082962], [0.32883208990097046, 0.058235131204128265], [0.23776313662528992, 0.18183113634586334], [0.43407630920410156, 0.21720413863658905]]",True
early_neutral,6,1170,0.6101299566811063,-1,[0],"[[-0.8274228572845459, -0.00020316167501732707], [0.19635899364948273, -0.15129639208316803], [0.3410748839378357, 0.05788175016641617], [0.24695110321044922, 0.18198822438716888], [0.4434441328048706, 0.2172701209783554]]",True
early_neutral,6,1171,0.6097967344218593,-1,[0],"[[-0.8274228572845459, -0.00020316167501732707], [0.19092081487178802, -0.15223343670368195], [0.3537749648094177, 0.05748429521918297], [0.2561408579349518, 0.18209321796894073], [0.4530850946903229, 0.2188272625207901]]",True
early_neutral,6,1172,0.6094635121626124,-1,[0],"[[-0.8274228572845459, -0.00020316167501732707], [0.1850321739912033, -0.15390989184379578], [0.3668314516544342, 0.05704383924603462], [0.2653314173221588, 0.18216203153133392], [0.46235761046409607, 0.21908850967884064]]",True
early_neutral,6,1173,0.6091302899033656,-1,[1],"[[-0.8274228572845459, -0.00020316167501732707], [0.1796039342880249, -0.15600284934043884], [0.3801628649234772, 0.05655624717473984], [0.2745223641395569, 0.18220393359661102], [0.4714200496673584, 0.21903669834136963]]",True
early_neutral,6,1174,0.6087970676441187,-1,[1],"[[-0.8274228572845459, -0.00020316167501732707], [0.17590788006782532, -0.15711991488933563], [0.3937053978443146, 0.05602583289146423], [0.28371307253837585, 0.18226516246795654], [0.4806084632873535, 0.21932846307754517]]",True
early_neutral,6,1175,0.6084638453848717,-1,[1],"[[-0.8274228572845459, -0.00020316167501732707], [0.1745588630437851, -0.15738271176815033], [0.4074079990386963, 0.05544741079211235], [0.29290324449539185, 0.1823515146970749], [0.48924708366394043, 0.220131054520607]]",True
early_neutral,6,1176,0.6081306231256248,-1,[1],"[[-0.8274228572845459, -0.00020316167501732707], [0.1770157366991043, -0.15721869468688965], [0.42123284935951233, 0.05483384430408478], [0.3020934462547302, 0.18243913352489471], [0.4992718994617462, 0.22018221020698547]]",True
early_neutral,6,1177,0.6077974008663779,-1,[1],"[[-0.8274228572845459, -0.00020316167501732707], [0.18169252574443817, -0.15693682432174683], [0.4351518154144287, 0.05420294776558876], [0.3112838864326477, 0.1825142651796341], [0.5097600817680359, 0.2201341986656189]]",True
early_neutral,6,1178,0.607464178607131,-1,[1],"[[-0.8274228572845459, -0.00020316167501732707], [0.18781502544879913, -0.15661849081516266], [0.44914165139198303, 0.053553905338048935], [0.3204747140407562, 0.18256612122058868], [0.5208388566970825, 0.2200307548046112]]",True
early_neutral,6,1179,0.607130956347884,-1,[1],"[[-0.8274228572845459, -0.00020316167501732707], [0.19532862305641174, -0.15626777708530426], [0.46318304538726807, 0.05287099629640579], [0.329665869474411, 0.18256787955760956], [0.5325719714164734, 0.21988391876220703]]",True
early_neutral,6,1180,0.6067977340886371,-1,[1],"[[-0.8274228572845459, -0.00020316167501732707], [0.2040766328573227, -0.1559099555015564], [0.47726210951805115, 0.052151378244161606], [0.33885669708251953, 0.18251831829547882], [0.544887125492096, 0.21975809335708618]]",True
early_neutral,6,1181,0.6064645118293902,-1,[1],"[[-0.8274228572845459, -0.00020316167501732707], [0.21325428783893585, -0.15558595955371857], [0.49137037992477417, 0.05140915885567665], [0.3480464816093445, 0.18241631984710693], [0.5576649308204651, 0.219683438539505]]",True
early_neutral,6,1182,0.6061312895701433,-1,[1],"[[-0.8274228572845459, -0.00020316167501732707], [0.22243589162826538, -0.1553136259317398], [0.5055013298988342, 0.05065590515732765], [0.35723453760147095, 0.18226157128810883], [0.5705223679542542, 0.21928779780864716]]",True
early_neutral,6,1183,0.6057980673108964,-1,[1],"[[-0.8274228572845459, -0.00020316167501732707], [0.23162077367305756, -0.15509283542633057], [0.5196488499641418, 0.04988859221339226], [0.3646198809146881, 0.18209275603294373], [0.5827328562736511, 0.2179037481546402]]",True
early_neutral,6,1184,0.6054648450516494,-1,[1],"[[-0.8274228572845459, -0.00020316167501732707], [0.24080823361873627, -0.1549234241247177], [0.5338068604469299, 0.04909593611955643], [0.37104561924934387, 0.18188342452049255], [0.595920205116272, 0.21790151298046112]]",True
early_neutral,6,1185,0.6051316227924025,-1,[1],"[[-0.8274228572845459, -0.00020316167501732707], [0.24955037236213684, -0.15485617518424988], [0.5479718446731567, 0.04827795550227165], [0.37746375799179077, 0.18159493803977966], [0.6092332601547241, 0.21792618930339813]]",True
early_neutral,6,1186,0.6047984005331556,-1,[1],"[[-0.8274228572845459, -0.00020316167501732707], [0.25577014684677124, -0.15597307682037354], [0.5621438026428223, 0.04745330289006233], [0.383853554725647, 0.18110983073711395], [0.6227821707725525, 0.21805806457996368]]",True
early_neutral,6,1187,0.6044651782739087,-1,[1],"[[-0.8274228572845459, -0.00020316167501732707], [0.26144173741340637, -0.15794818103313446], [0.5763218402862549, 0.04662958160042763], [0.39018750190734863, 0.1804099678993225], [0.6365100145339966, 0.21828779578208923]]",True
early_neutral,6,1188,0.6041319560146617,-1,[1],"[[-0.8274228572845459, -0.00020316167501732707], [0.2671504616737366, -0.15973924100399017], [0.5905371308326721, 0.046181581914424896], [0.3941127061843872, 0.17835965752601624], [0.6503777503967285, 0.21848666667938232]]",True
early_neutral,6,1189,0.6037987337554148,-1,[1],"[[-0.8274228572845459, -0.00020316167501732707], [0.27300840616226196, -0.16124007105827332], [0.604743480682373, 0.046766214072704315], [0.39523226022720337, 0.17462001740932465], [0.6643518805503845, 0.21863095462322235]]",True
early_neutral,6,1190,0.6034655114961679,-1,[1],"[[-0.8274228572845459, -0.00020316167501732707], [0.27914977073669434, -0.162484809756279], [0.6187883019447327, 0.04829985275864601], [0.395719438791275, 0.17004115879535675], [0.677578330039978, 0.21755966544151306]]",True
early_neutral,6,1191,0.603132289236921,-1,[1],"[[-0.8274228572845459, -0.00020316167501732707], [0.28591683506965637, -0.16347339749336243], [0.6327576041221619, 0.05011894553899765], [0.39596638083457947, 0.16465044021606445], [0.6905670166015625, 0.2165447175502777]]",True
early_neutral,6,1192,0.6027990669776742,-1,[1],"[[-0.8274228572845459, -0.00020316167501732707], [0.29408976435661316, -0.1641177386045456], [0.6466792821884155, 0.052091438323259354], [0.39581337571144104, 0.15866771340370178], [0.7031118869781494, 0.21561987698078156]]",True
early_neutral,6,1193,0.6024658447184272,-1,[1],"[[-0.8274228572845459, -0.00020316167501732707], [0.30276167392730713, -0.16430047154426575], [0.6602655649185181, 0.05432011932134628], [0.39278444647789, 0.1527280956506729], [0.7149013876914978, 0.2132168710231781]]",True
early_neutral,6,1194,0.6021326224591803,-1,[1],"[[-0.8274228572845459, -0.00020316167501732707], [0.30920445919036865, -0.16468766331672668], [0.6737698316574097, 0.056623607873916626], [0.3867908716201782, 0.1471688151359558], [0.7267775535583496, 0.21055762469768524]]",True
early_neutral,6,1195,0.6017994001999334,-1,[1],"[[-0.8274228572845459, -0.00020316167501732707], [0.31553587317466736, -0.16542485356330872], [0.6872563362121582, 0.05880310386419296], [0.380150705575943, 0.1429227590560913], [0.7390581965446472, 0.2078472524881363]]",True
early_neutral,6,1196,0.6014661779406865,-1,[1],"[[-0.8274228572845459, -0.00020316167501732707], [0.3218153715133667, -0.1662885546684265], [0.7009406089782715, 0.06001250073313713], [0.3728121817111969, 0.1419738531112671], [0.7516555190086365, 0.2051028609275818]]",True
early_neutral,6,1197,0.6011329556814395,-1,[1],"[[-0.8274228572845459, -0.00020316167501732707], [0.3280264735221863, -0.1670941859483719], [0.7146995663642883, 0.060110803693532944], [0.3644734025001526, 0.14326059818267822], [0.7644748091697693, 0.2022896111011505]]",True
early_neutral,6,1198,0.6007997334221926,-1,[1],"[[-0.8274228572845459, -0.00020316167501732707], [0.3343501091003418, -0.1678655445575714], [0.7284137010574341, 0.059881724417209625], [0.3553343117237091, 0.14515464007854462], [0.7766345739364624, 0.19915592670440674]]",True
early_neutral,6,1199,0.6004665111629457,-1,[1],"[[-0.8274228572845459, -0.00020316167501732707], [0.34068065881729126, -0.16861222684383392], [0.7422078847885132, 0.05936527997255325], [0.34560301899909973, 0.14757215976715088], [0.7874918580055237, 0.19552695751190186]]",True
early_neutral,6,1200,0.6001332889036988,-1,[1],"[[-0.8274228572845459, -0.00020316167501732707], [0.3468949794769287, -0.1693604737520218], [0.7560605406761169, 0.05914722755551338], [0.3384813368320465, 0.1496916115283966], [0.7993288636207581, 0.19231069087982178]]",True
early_neutral,6,1201,0.5998000666444518,-1,[1],"[[-0.8274228572845459, -0.00020316167501732707], [0.35321691632270813, -0.17013785243034363], [0.7699924111366272, 0.06015438213944435], [0.33583226799964905, 0.15131673216819763], [0.8095947504043579, 0.1878061145544052]]",True
early_neutral,6,1202,0.5994668443852049,-1,[1],"[[-0.8274228572845459, -0.00020316167501732707], [0.35952940583229065, -0.17094187438488007], [0.783690333366394, 0.0623360276222229], [0.3349858820438385, 0.15223096311092377], [0.8192976117134094, 0.18277306854724884]]",True
early_neutral,6,1203,0.599133622125958,-1,[1],"[[-0.8274228572845459, -0.00020316167501732707], [0.36570852994918823, -0.1717958301305771], [0.7972705960273743, 0.06351485848426819], [0.3344142436981201, 0.1536978781223297], [0.8293513655662537, 0.17759771645069122]]",True
early_neutral,6,1204,0.5988003998667111,-1,[1],"[[-0.8274228572845459, -0.00020316167501732707], [0.3719785511493683, -0.1727343201637268], [0.8099727630615234, 0.06267967075109482], [0.3394351899623871, 0.15524780750274658], [0.8397278785705566, 0.17232079803943634]]",True
early_neutral,6,1205,0.5984671776074642,-1,[1],"[[-0.8274228572845459, -0.00020316167501732707], [0.3782247006893158, -0.17373761534690857], [0.8226640224456787, 0.06095992401242256], [0.34293606877326965, 0.156675785779953], [0.8503181338310242, 0.16693584620952606]]",True
early_neutral,6,1206,0.5981339553482172,-1,[1],"[[-0.8274228572845459, -0.00020316167501732707], [0.38435572385787964, -0.17476224899291992], [0.8339389562606812, 0.05710357055068016], [0.3420025408267975, 0.1570953130722046], [0.8610405921936035, 0.1614416092634201]]",True
early_neutral,6,1207,0.5978007330889703,-1,[1],"[[-0.8274228572845459, -0.00020316167501732707], [0.39056339859962463, -0.17583493888378143], [0.8446752429008484, 0.05235912278294563], [0.33866947889328003, 0.1582677811384201], [0.8716244697570801, 0.15600383281707764]]",True
early_neutral,6,1208,0.5974675108297234,-1,[1],"[[-0.8274228572845459, -0.00020316167501732707], [0.39676856994628906, -0.17694120109081268], [0.8555566072463989, 0.047412823885679245], [0.33712640404701233, 0.15880878269672394], [0.8814492225646973, 0.1510034054517746]]",True
early_neutral,6,1209,0.5971342885704765,-1,[0],"[[-0.8274228572845459, -0.00020316167501732707], [0.4029225707054138, -0.17804542183876038], [0.8665106296539307, 0.04227188229560852], [0.33712640404701233, 0.15880878269672394], [0.8896819353103638, 0.14682355523109436]]",True
early_neutral,6,1210,0.5968010663112296,-1,[0],"[[-0.8274228572845459, -0.00020316167501732707], [0.4090648591518402, -0.1791437566280365], [0.8778383731842041, 0.037278059870004654], [0.33712640404701233, 0.15880878269672394], [0.8973385095596313, 0.14289028942584991]]",False
early_neutral,6,1211,0.5964678440519827,-1,[0],"[[-0.8274228572845459, -0.00020316167501732707], [0.4152701795101166, -0.18024957180023193], [0.8896808624267578, 0.03264327347278595], [0.33712640404701233, 0.15880878269672394], [0.9044984579086304, 0.13919492065906525]]",False
early_neutral,6,1212,0.5961346217927358,-1,[0],"[[-0.8274228572845459, -0.00020316167501732707], [0.42139020562171936, -0.18144875764846802], [0.9008951783180237, 0.028713494539260864], [0.33714771270751953, 0.1587935835123062], [0.911932110786438, 0.1353057324886322]]",False
early_neutral,6,1213,0.5958013995334889,-1,[0],"[[-0.8274228572845459, -0.00020316167501732707], [0.42735549807548523, -0.18281899392604828], [0.9092836380004883, 0.02695545367896557], [0.3391653299331665, 0.15749837458133698], [0.9191800355911255, 0.13090826570987701]]",False
early_neutral,6,1214,0.595468177274242,-1,[0],"[[-0.8274228572845459, -0.00020316167501732707], [0.43331602215766907, -0.1843940168619156], [0.9148920178413391, 0.028037110343575478], [0.34267711639404297, 0.15556751191616058], [0.9264162182807922, 0.1257663071155548]]",False
early_neutral,6,1215,0.595134955014995,-1,[0],"[[-0.8274228572845459, -0.00020316167501732707], [0.4392205476760864, -0.18604260683059692], [0.9208848476409912, 0.030409129336476326], [0.3475574254989624, 0.15328799188137054], [0.9338294863700867, 0.1200823113322258]]",False
early_neutral,6,1216,0.5948017327557481,-1,[0],"[[-0.8274228572845459, -0.00020316167501732707], [0.4450916647911072, -0.18755748867988586], [0.9272220134735107, 0.03387219458818436], [0.3529723584651947, 0.1510278731584549], [0.9416242241859436, 0.11482865363359451]]",False
early_neutral,6,1217,0.5944685104965012,-1,[0],"[[-0.8274228572845459, -0.00020316167501732707], [0.4511372745037079, -0.1889893114566803], [0.9339931011199951, 0.038071610033512115], [0.35855409502983093, 0.14894641935825348], [0.9496909976005554, 0.10980787128210068]]",False
early_neutral,6,1218,0.5941352882372543,-1,[0],"[[-0.8274228572845459, -0.00020316167501732707], [0.45722925662994385, -0.19025100767612457], [0.9413102269172668, 0.042572226375341415], [0.3642299175262451, 0.14697515964508057], [0.957159161567688, 0.10441719740629196]]",False
early_neutral,6,1219,0.5938020659780073,-1,[0],"[[-0.8274228572845459, -0.00020316167501732707], [0.46321314573287964, -0.1911357045173645], [0.9478732943534851, 0.047311484813690186], [0.36997801065444946, 0.14509464800357819], [0.963092565536499, 0.09930170327425003]]",False
early_neutral,6,1220,0.5934688437187604,-1,[0],"[[-0.8274228572845459, -0.00020316167501732707], [0.46958640217781067, -0.19169901311397552], [0.9543570280075073, 0.052245158702135086], [0.3758160471916199, 0.14333581924438477], [0.9675115942955017, 0.09540753811597824]]",False
early_neutral,6,1221,0.5931356214595135,-1,[0],"[[-0.8274228572845459, -0.00020316167501732707], [0.47615325450897217, -0.19188474118709564], [0.9609854221343994, 0.05704125016927719], [0.38176193833351135, 0.14173732697963715], [0.9682870507240295, 0.09427040070295334]]",False
early_neutral,6,1222,0.5928023992002666,-1,[0],"[[-0.8274228572845459, -0.00020316167501732707], [0.4838559329509735, -0.19150879979133606], [0.9668004512786865, 0.06126987934112549], [0.3879786729812622, 0.14022353291511536], [0.9648826122283936, 0.09477164596319199]]",False
early_neutral,6,1223,0.5924691769410196,-1,[0],"[[-0.8274228572845459, -0.00020316167501732707], [0.4925604462623596, -0.1903172731399536], [0.9724693298339844, 0.06526235491037369], [0.39528709650039673, 0.13840176165103912], [0.960230827331543, 0.09578587114810944]]",False
early_neutral,6,1224,0.5921359546817727,-1,[0],"[[-0.8274228572845459, -0.00020316167501732707], [0.5013810992240906, -0.18863743543624878], [0.9772801995277405, 0.06957104802131653], [0.4035922586917877, 0.13624538481235504], [0.9541400671005249, 0.09605628997087479]]",False
early_neutral,6,1225,0.5918027324225258,-1,[0],"[[-0.8274228572845459, -0.00020316167501732707], [0.5100989937782288, -0.1867440938949585], [0.9789249300956726, 0.07458378374576569], [0.40995466709136963, 0.1344277560710907], [0.9473225474357605, 0.09550847858190536]]",False
early_neutral,6,1226,0.5914695101632789,-1,[0],"[[-0.8274228572845459, -0.00020316167501732707], [0.5177986025810242, -0.1849072128534317], [0.9783119559288025, 0.08028155565261841], [0.41567686200141907, 0.13251499831676483], [0.9395534992218018, 0.0948224663734436]]",False
early_neutral,6,1227,0.5911362879040319,-1,[0],"[[-0.8274228572845459, -0.00020316167501732707], [0.5208513140678406, -0.18417327105998993], [0.9774327874183655, 0.08618641644716263], [0.42125746607780457, 0.13043630123138428], [0.9307976365089417, 0.09395943582057953]]",False
early_neutral,6,1228,0.590803065644785,-1,[0],"[[-0.8274228572845459, -0.00020316167501732707], [0.521106481552124, -0.18411190807819366], [0.976553201675415, 0.09215889871120453], [0.42662855982780457, 0.12832991778850555], [0.9209111928939819, 0.0924304649233818]]",False
early_neutral,6,1229,0.5904698433855382,-1,[0],"[[-0.8274228572845459, -0.00020316167501732707], [0.521106481552124, -0.18411190807819366], [0.975724458694458, 0.09713132679462433], [0.4320659637451172, 0.1260920763015747], [0.9106926918029785, 0.09067119657993317]]",False
early_neutral,6,1230,0.5901366211262913,-1,[0],"[[-0.8274228572845459, -0.00020316167501732707], [0.521106481552124, -0.18411190807819366], [0.975608766078949, 0.10141065716743469], [0.4367450177669525, 0.12408024817705154], [0.8998579978942871, 0.0886915996670723]]",False
early_neutral,6,1231,0.5898033988670444,-1,[0],"[[-0.8274228572845459, -0.00020316167501732707], [0.5227335095405579, -0.18365336954593658], [0.9760408401489258, 0.10554670542478561], [0.4374682605266571, 0.12376327812671661], [0.888430118560791, 0.0865444466471672]]",False
early_neutral,6,1232,0.5894701766077974,-1,[0],"[[-0.8274228572845459, -0.00020316167501732707], [0.5264384150505066, -0.18239472806453705], [0.9768959283828735, 0.10954021662473679], [0.43747302889823914, 0.12378361821174622], [0.8764728903770447, 0.0842965841293335]]",False
early_neutral,6,1233,0.5891369543485505,-1,[0],"[[-0.8274228572845459, -0.00020316167501732707], [0.5308446884155273, -0.18057608604431152], [0.9779002666473389, 0.11348902434110641], [0.437644898891449, 0.12562282383441925], [0.864095151424408, 0.081981360912323]]",False
early_neutral,6,1234,0.5888037320893036,-1,[0],"[[-0.8274228572845459, -0.00020316167501732707], [0.5325568914413452, -0.17984387278556824], [0.9789720773696899, 0.11730918288230896], [0.4373149573802948, 0.12860386073589325], [0.8513346314430237, 0.07974504679441452]]",False
early_neutral,6,1235,0.5884705098300567,-1,[0],"[[-0.8274228572845459, -0.00020316167501732707], [0.5327770709991455, -0.1797497272491455], [0.9801188111305237, 0.12112025171518326], [0.43622729182243347, 0.1323271542787552], [0.8382461071014404, 0.0776599794626236]]",False
early_neutral,6,1236,0.5881372875708097,-1,[0],"[[-0.8274228572845459, -0.00020316167501732707], [0.5303387641906738, -0.17946070432662964], [0.9813403487205505, 0.12492217868566513], [0.4349549412727356, 0.1361522078514099], [0.8248007297515869, 0.07605819404125214]]",False
early_neutral,6,1237,0.5878040653115628,-1,[0],"[[-0.9908088445663452, -0.0], [0.35862788558006287, -0.08376944810152054], [0.25459346175193787, 0.13895374536514282], [0.2986985146999359, 0.29728591442108154], [0.6886482238769531, 0.4331159293651581]]",True
early_neutral,6,1238,0.5874708430523159,-1,[0],"[[-0.9908088445663452, -0.0], [0.35862788558006287, -0.08376944810152054], [0.25459346175193787, 0.13895374536514282], [0.2986985146999359, 0.29728591442108154], [0.6886482238769531, 0.4331159293651581]]",True
early_neutral,6,1239,0.587137620793069,-1,[0],"[[-0.9908088445663452, -0.0], [0.35862788558006287, -0.08376944810152054], [0.25459346175193787, 0.13895374536514282], [0.2986985146999359, 0.29728591442108154], [0.6886482238769531, 0.4331159293651581]]",True
early_neutral,6,1240,0.586804398533822,-1,[0],"[[-0.9908088445663452, -0.0], [0.35862788558006287, -0.08376944810152054], [0.25459346175193787, 0.13895374536514282], [0.2986985146999359, 0.29728591442108154], [0.6886482238769531, 0.4331159293651581]]",True
early_neutral,6,1241,0.5864711762745751,-1,[0],"[[-0.9908088445663452, -0.0], [0.35862788558006287, -0.08376944810152054], [0.25459346175193787, 0.13895374536514282], [0.2986985146999359, 0.29728591442108154], [0.6886482238769531, 0.4331159293651581]]",True
early_neutral,6,1242,0.5861379540153282,-1,[0],"[[-0.9908088445663452, -0.0], [0.35862788558006287, -0.08376944810152054], [0.25459346175193787, 0.13895374536514282], [0.2986985146999359, 0.29728591442108154], [0.6886482238769531, 0.4331159293651581]]",True
early_neutral,6,1243,0.5858047317560813,-1,[0],"[[-0.9908088445663452, -0.0], [0.35862788558006287, -0.08376944810152054], [0.25459346175193787, 0.13895374536514282], [0.2986985146999359, 0.29728591442108154], [0.6886482238769531, 0.4331159293651581]]",True
early_neutral,6,1244,0.5854715094968344,-1,[0],"[[-0.9908088445663452, -0.0], [0.35862788558006287, -0.08376944810152054], [0.25459346175193787, 0.13895374536514282], [0.2986985146999359, 0.29728591442108154], [0.6882351040840149, 0.43285617232322693]]",True
early_neutral,6,1245,0.5851382872375874,-1,[0],"[[-0.9908088445663452, -0.0], [0.35862788558006287, -0.08376944810152054], [0.25459346175193787, 0.13895374536514282], [0.2986985146999359, 0.29728591442108154], [0.688299834728241, 0.43289682269096375]]",True
early_neutral,6,1246,0.5848050649783405,-1,[0],"[[-0.9908088445663452, -0.0], [0.35862788558006287, -0.08376944810152054], [0.25459346175193787, 0.13895374536514282], [0.2991233170032501, 0.29679352045059204], [0.6895753741264343, 0.4336990416049957]]",False
early_neutral,6,1247,0.5844718427190936,-1,[0],"[[-0.9908088445663452, -0.0], [0.35862788558006287, -0.08376944810152054], [0.25459346175193787, 0.13895374536514282], [0.30033689737319946, 0.29538676142692566], [0.6894842386245728, 0.4336417317390442]]",False
early_neutral,6,1248,0.5841386204598468,-1,[0],"[[-0.9898841381072998, 0.00020867610874120146], [0.3587426245212555, -0.08394432067871094], [0.25407445430755615, 0.13893790543079376], [0.3015086352825165, 0.29402849078178406], [0.6894842386245728, 0.4336417317390442]]",False
early_neutral,6,1249,0.5838053982005998,-1,[0],"[[-0.9858907461166382, 0.0008453106856904924], [0.36016079783439636, -0.08591507375240326], [0.25060129165649414, 0.13869458436965942], [0.3024309277534485, 0.29553020000457764], [0.6874892711639404, 0.43363818526268005]]",False
early_neutral,6,1250,0.5834721759413529,-1,[0],"[[-0.9802495837211609, 0.0011908269952982664], [0.362399160861969, -0.08865272253751755], [0.2458316832780838, 0.13809321820735931], [0.30330511927604675, 0.29809871315956116], [0.6834773421287537, 0.4330434799194336]]",False
early_neutral,6,1251,0.583138953682106,-1,[0],"[[-0.9731370806694031, 0.0012349803000688553], [0.3653465509414673, -0.09214003384113312], [0.23990026116371155, 0.1369924247264862], [0.303023099899292, 0.3005305230617523], [0.677996814250946, 0.43234702944755554]]",False
early_neutral,6,1252,0.5828057314228591,-1,[0],"[[-0.9647396802902222, 0.0012291430030018091], [0.3682384490966797, -0.09587962925434113], [0.23387838900089264, 0.13552170991897583], [0.3023248612880707, 0.3016411066055298], [0.6711184978485107, 0.4314964711666107]]",False
early_neutral,6,1253,0.5824725091636122,-1,[0],"[[-0.9555118083953857, 0.0011680851457640529], [0.37088659405708313, -0.09969453513622284], [0.2280769795179367, 0.13371571898460388], [0.30423322319984436, 0.30225303769111633], [0.6629939079284668, 0.4304410517215729]]",False
early_neutral,6,1254,0.5821392869043652,-1,[0],"[[-0.9458067417144775, 0.0010909363627433777], [0.3731347620487213, -0.10361631214618683], [0.2226051539182663, 0.13151738047599792], [0.3076176047325134, 0.3040027916431427], [0.6538596749305725, 0.4292029142379761]]",False
early_neutral,6,1255,0.5818060646451183,-1,[0],"[[-0.9352297782897949, 0.0009999421890825033], [0.374949187040329, -0.10763201117515564], [0.21767033636569977, 0.128928080201149], [0.312382310628891, 0.306122750043869], [0.6438772678375244, 0.42781203985214233]]",False
early_neutral,6,1256,0.5814728423858714,-1,[0],"[[-0.9243335723876953, 0.0009029072825796902], [0.37613269686698914, -0.11174473166465759], [0.21371881663799286, 0.1258779764175415], [0.31843286752700806, 0.3086238205432892], [0.6333085894584656, 0.42630693316459656]]",False
early_neutral,6,1257,0.5811396201266245,-1,[0],"[[-0.9128720760345459, 0.0007988687139004469], [0.37656474113464355, -0.11591947823762894], [0.21097663044929504, 0.12241926044225693], [0.3250695765018463, 0.3112698197364807], [0.6225681304931641, 0.42477935552597046]]",False
early_neutral,6,1258,0.5808063978673775,-1,[0],"[[-0.9008204936981201, 0.0006881290464662015], [0.3757341802120209, -0.11992623656988144], [0.2104334682226181, 0.11911799758672714], [0.3318580687046051, 0.31401321291923523], [0.6111922264099121, 0.42316487431526184]]",False
early_neutral,6,1259,0.5804731756081306,-1,[0],"[[-0.8882602453231812, 0.0005720300250686705], [0.3743916153907776, -0.12382606416940689], [0.2140076905488968, 0.11715373396873474], [0.33793747425079346, 0.31682854890823364], [0.5992591381072998, 0.4214283525943756]]",False
early_neutral,6,1260,0.5801399533488837,-1,[0],"[[-0.8753046989440918, 0.00045147270429879427], [0.37148517370224, -0.12724901735782623], [0.21968333423137665, 0.11564026772975922], [0.3440093398094177, 0.3196497857570648], [0.5868942141532898, 0.41951996088027954]]",False
early_neutral,6,1261,0.5798067310896368,-1,[0],"[[-0.8620460629463196, 0.0003276483912486583], [0.3668365478515625, -0.12971113622188568], [0.22657544910907745, 0.11376163363456726], [0.3504323363304138, 0.3222242593765259], [0.5741999745368958, 0.4174603521823883]]",False
early_neutral,6,1262,0.5794735088303898,-1,[0],"[[-0.8485662341117859, 0.0002014125493587926], [0.3614707589149475, -0.13190726935863495], [0.2344987541437149, 0.11145186424255371], [0.3571252226829529, 0.3247629404067993], [0.5612705945968628, 0.4152377247810364]]",False
early_neutral,6,1263,0.5791402865711429,-1,[0],"[[-0.8365968465805054, 8.9130291598849e-05], [0.3559526205062866, -0.13405483961105347], [0.2426207810640335, 0.10865742713212967], [0.36494243144989014, 0.3277203440666199], [0.5481753945350647, 0.4128580689430237]]",False
early_neutral,6,1264,0.578807064311896,-1,[0],"[[-0.8293315768241882, 2.0863464669673704e-05], [0.3500937223434448, -0.1357792615890503], [0.25027763843536377, 0.10535334795713425], [0.37240612506866455, 0.3305487334728241], [0.53542160987854, 0.4104573130607605]]",False
early_neutral,6,1265,0.5784738420526491,-1,[0],"[[-0.825005829334259, -2.6111611077794805e-05], [0.3447975516319275, -0.136980801820755], [0.25695639848709106, 0.1013641282916069], [0.3776473104953766, 0.3325379192829132], [0.5261096954345703, 0.40877142548561096]]",False
early_neutral,6,1266,0.5781406197934021,-1,[0],"[[-0.8246375322341919, -4.219925176585093e-05], [0.3437495827674866, -0.13728365302085876], [0.2605801224708557, 0.09626438468694687], [0.38282307982444763, 0.33448994159698486], [0.5217551589012146, 0.4080050587654114]]",False
early_neutral,6,1267,0.5778073975341553,-1,[0],"[[-0.8245669603347778, -5.518396574188955e-05], [0.3437495827674866, -0.13728365302085876], [0.2623886466026306, 0.09052248299121857], [0.3878331184387207, 0.3357688784599304], [0.518501341342926, 0.4079284369945526]]",False
early_neutral,6,1268,0.5774741752749084,-1,[0],"[[-0.8245669603347778, -5.518396574188955e-05], [0.3437495827674866, -0.13728365302085876], [0.26240962743759155, 0.08617526292800903], [0.3914923071861267, 0.33614733815193176], [0.5145617127418518, 0.40957048535346985]]",False
early_neutral,6,1269,0.5771409530156615,-1,[0],"[[-0.8245669603347778, -5.518396574188955e-05], [0.3437495827674866, -0.13728365302085876], [0.2605973482131958, 0.08216357231140137], [0.39191341400146484, 0.33561915159225464], [0.5123803615570068, 0.41082173585891724]]",False
early_neutral,6,1270,0.5768077307564146,-1,[0],"[[-0.8245669603347778, -5.518396574188955e-05], [0.3437495827674866, -0.13728365302085876], [0.2592566907405853, 0.07944069802761078], [0.3902024030685425, 0.3336498737335205], [0.5110312700271606, 0.4116811156272888]]",False
early_neutral,6,1271,0.5764745084971676,-1,[0],"[[-0.8245669603347778, -5.518396574188955e-05], [0.3437495827674866, -0.13728365302085876], [0.2592090666294098, 0.07934420555830002], [0.38657236099243164, 0.3315013349056244], [0.509517252445221, 0.4127759337425232]]",False
early_neutral,6,1272,0.5761412862379207,-1,[0],"[[-0.8245669603347778, -5.518396574188955e-05], [0.3437495827674866, -0.13728365302085876], [0.259041428565979, 0.0794004499912262], [0.38107725977897644, 0.3295818269252777], [0.5102199912071228, 0.41406458616256714]]",True
early_neutral,6,1273,0.5758080639786738,-1,[0],"[[-0.8245669603347778, -5.518396574188955e-05], [0.3437495827674866, -0.13728365302085876], [0.25653576850891113, 0.08028127998113632], [0.374641478061676, 0.32734552025794983], [0.5129044055938721, 0.415085107088089]]",True
early_neutral,6,1274,0.5754748417194269,-1,[0],"[[-0.8245669603347778, -5.518396574188955e-05], [0.3437495827674866, -0.13728365302085876], [0.2528589367866516, 0.08165469020605087], [0.367817223072052, 0.3241146206855774], [0.5169477462768555, 0.4160112738609314]]",True
early_neutral,6,1275,0.5751416194601799,-1,[0],"[[-0.8245669603347778, -5.518396574188955e-05], [0.3437495827674866, -0.13728365302085876], [0.25030532479286194, 0.08264204859733582], [0.36115121841430664, 0.31996580958366394], [0.5223677158355713, 0.41707414388656616]]",True
early_neutral,6,1276,0.574808397200933,-1,[0],"[[-0.8245669603347778, -5.518396574188955e-05], [0.3437495827674866, -0.13728365302085876], [0.25030532479286194, 0.08264204859733582], [0.35491129755973816, 0.31550177931785583], [0.527888298034668, 0.4183274507522583]]",True
early_neutral,6,1277,0.5744751749416861,-1,[0],"[[-0.8245669603347778, -5.518396574188955e-05], [0.3437495827674866, -0.13728365302085876], [0.25030532479286194, 0.08264204859733582], [0.3490280508995056, 0.31083717942237854], [0.534635066986084, 0.4198904037475586]]",True
early_neutral,6,1278,0.5741419526824392,-1,[0],"[[-0.8245669603347778, -5.518396574188955e-05], [0.3437495827674866, -0.13728365302085876], [0.25030532479286194, 0.08264204859733582], [0.34343087673187256, 0.3060251772403717], [0.5429108142852783, 0.42104437947273254]]",True
early_neutral,6,1279,0.5738087304231922,-1,[0],"[[-0.8245669603347778, -5.518396574188955e-05], [0.3437495827674866, -0.13728365302085876], [0.25030532479286194, 0.08264204859733582], [0.3380223512649536, 0.30112263560295105], [0.5519088506698608, 0.4216177761554718]]",True
early_neutral,6,1280,0.5734755081639453,-1,[0],"[[-0.8245669603347778, -5.518396574188955e-05], [0.3437495827674866, -0.13728365302085876], [0.25030532479286194, 0.08264204859733582], [0.33281007409095764, 0.2961309254169464], [0.5618776679039001, 0.42216962575912476]]",True
early_neutral,6,1281,0.5731422859046984,-1,[0],"[[-0.8245669603347778, -5.518396574188955e-05], [0.3437495827674866, -0.13728365302085876], [0.25030532479286194, 0.08264204859733582], [0.3278183937072754, 0.2910446226596832], [0.5722092986106873, 0.42265185713768005]]",True
early_neutral,6,1282,0.5728090636454515,-1,[0],"[[-0.8245669603347778, -5.518396574188955e-05], [0.3437495827674866, -0.13728365302085876], [0.25030532479286194, 0.08264204859733582], [0.3230487108230591, 0.28586262464523315], [0.5823420882225037, 0.42303577065467834]]",True
early_neutral,6,1283,0.5724758413862046,-1,[0],"[[-0.8245669603347778, -5.518396574188955e-05], [0.3437495827674866, -0.13728365302085876], [0.25030532479286194, 0.08264204859733582], [0.31813156604766846, 0.28030282258987427], [0.5919545292854309, 0.4235217869281769]]",True
early_neutral,6,1284,0.5721426191269576,-1,[0],"[[-0.8245669603347778, -5.518396574188955e-05], [0.3437495827674866, -0.13728365302085876], [0.25030532479286194, 0.08264204859733582], [0.3128916025161743, 0.274241179227829], [0.6014066338539124, 0.424544095993042]]",True
early_neutral,6,1285,0.5718093968677108,-1,[0],"[[-0.8245669603347778, -5.518396574188955e-05], [0.3437495827674866, -0.13728365302085876], [0.25030532479286194, 0.08264204859733582], [0.3077504336833954, 0.2682728171348572], [0.6101449728012085, 0.42527809739112854]]",True
early_neutral,6,1286,0.5714761746084639,-1,[0],"[[-0.8245669603347778, -5.518396574188955e-05], [0.3437495827674866, -0.13728365302085876], [0.25030532479286194, 0.08264204859733582], [0.30305320024490356, 0.2631322145462036], [0.6192188262939453, 0.42508745193481445]]",True
early_neutral,6,1287,0.571142952349217,-1,[0],"[[-0.8245669603347778, -5.518396574188955e-05], [0.3437495827674866, -0.13728365302085876], [0.25030532479286194, 0.08264204859733582], [0.2983067035675049, 0.2582187354564667], [0.6288011074066162, 0.4249391257762909]]",True
early_neutral,6,1288,0.57080973008997,-1,[0],"[[-0.8245669603347778, -5.518396574188955e-05], [0.3437495827674866, -0.13728365302085876], [0.25030532479286194, 0.08264204859733582], [0.29565033316612244, 0.2556283473968506], [0.6382942199707031, 0.42478424310684204]]",True
early_neutral,6,1289,0.5704765078307231,-1,[0],"[[-0.8245669603347778, -5.518396574188955e-05], [0.3437495827674866, -0.13728365302085876], [0.25030532479286194, 0.08264204859733582], [0.2955220341682434, 0.25550761818885803], [0.6455124616622925, 0.42299965023994446]]",True
early_neutral,6,1290,0.5701432855714762,-1,[0],"[[-0.8245669603347778, -5.518396574188955e-05], [0.3437495827674866, -0.13728365302085876], [0.25030532479286194, 0.08264204859733582], [0.2976258397102356, 0.25533562898635864], [0.6509218215942383, 0.4204176366329193]]",True
early_neutral,6,1291,0.5698100633122293,-1,[0],"[[-0.8245669603347778, -5.518396574188955e-05], [0.3437211215496063, -0.1372925490140915], [0.25030532479286194, 0.08264204859733582], [0.30192825198173523, 0.2553098499774933], [0.6567601561546326, 0.41728904843330383]]",True
early_neutral,6,1292,0.5694768410529824,-1,[0],"[[-0.8245669603347778, -5.518396574188955e-05], [0.3412838578224182, -0.1382065713405609], [0.25030532479286194, 0.08264204859733582], [0.3076345920562744, 0.2557694911956787], [0.6646580696105957, 0.41454780101776123]]",True
early_neutral,6,1293,0.5691436187937354,-1,[0],"[[-0.8245669603347778, -5.518396574188955e-05], [0.33766674995422363, -0.13993783295154572], [0.25030532479286194, 0.08264204859733582], [0.3139326870441437, 0.2566201984882355], [0.671157717704773, 0.4103190004825592]]",True
early_neutral,6,1294,0.5688103965344885,-1,[0],"[[-0.8245669603347778, -5.518396574188955e-05], [0.3333791494369507, -0.1425618827342987], [0.25030532479286194, 0.08264204859733582], [0.3201168477535248, 0.25777193903923035], [0.6777100563049316, 0.40601539611816406]]",True
early_neutral,6,1295,0.5684771742752416,-1,[0],"[[-0.8245669603347778, -5.518396574188955e-05], [0.32916900515556335, -0.14572525024414062], [0.25030532479286194, 0.08264204859733582], [0.32623690366744995, 0.2590632438659668], [0.6842008233070374, 0.40164121985435486]]",True
early_neutral,6,1296,0.5681439520159947,-1,[0],"[[-0.8245669603347778, -5.518396574188955e-05], [0.32555633783340454, -0.14898449182510376], [0.25030532479286194, 0.08264204859733582], [0.33233192563056946, 0.2604038119316101], [0.6907176375389099, 0.39719101786613464]]",True
early_neutral,6,1297,0.5678107297567477,-1,[0],"[[-0.8245669603347778, -5.518396574188955e-05], [0.32390081882476807, -0.15025284886360168], [0.25030532479286194, 0.08264204859733582], [0.33842140436172485, 0.26175498962402344], [0.6974310874938965, 0.39272865653038025]]",True
early_neutral,6,1298,0.5674775074975008,-1,[1],"[[-0.8245669603347778, -5.518396574188955e-05], [0.32363492250442505, -0.1504046469926834], [0.25030532479286194, 0.08264204859733582], [0.34455356001853943, 0.2630215883255005], [0.7038793563842773, 0.3884667158126831]]",True
early_neutral,6,1299,0.5671442852382539,-1,[1],"[[-0.8245669603347778, -5.518396574188955e-05], [0.32574933767318726, -0.1505238115787506], [0.2520710825920105, 0.08272821456193924], [0.35041379928588867, 0.2641470432281494], [0.7099255919456482, 0.38539063930511475]]",True
early_neutral,6,1300,0.566811062979007,-1,[1],"[[-0.8245669603347778, -5.518396574188955e-05], [0.3300761580467224, -0.1505679190158844], [0.2561768889427185, 0.08309859782457352], [0.3520035147666931, 0.2644501328468323], [0.7161991000175476, 0.3819776177406311]]",True
early_neutral,6,1301,0.56647784071976,-1,[1],"[[-0.8245669603347778, -5.518396574188955e-05], [0.3357570767402649, -0.150385782122612], [0.26093146204948425, 0.08374679833650589], [0.3520035147666931, 0.2644501328468323], [0.723345935344696, 0.3773168623447418]]",True
early_neutral,6,1302,0.5661446184605131,-1,[1],"[[-0.8245669603347778, -5.518396574188955e-05], [0.3416905701160431, -0.15038062632083893], [0.2616354525089264, 0.08384563773870468], [0.35405948758125305, 0.26411351561546326], [0.7306944131851196, 0.37246888875961304]]",True
early_neutral,6,1303,0.5658113962012662,-1,[1],"[[-0.8245669603347778, -5.518396574188955e-05], [0.34809601306915283, -0.15064261853694916], [0.2616354525089264, 0.08384563773870468], [0.35832861065864563, 0.26376938819885254], [0.7385022640228271, 0.3672568202018738]]",True
early_neutral,6,1304,0.5654781739420194,-1,[1],"[[-0.8245669603347778, -5.518396574188955e-05], [0.35435912013053894, -0.1512749046087265], [0.26411938667297363, 0.08384010195732117], [0.36407914757728577, 0.2637810707092285], [0.7467547655105591, 0.36172667145729065]]",True
early_neutral,6,1305,0.5651449516827725,-1,[1],"[[-0.8245669603347778, -5.518396574188955e-05], [0.35907334089279175, -0.15367130935192108], [0.26854637265205383, 0.0839971974492073], [0.3705127537250519, 0.26381486654281616], [0.7554178237915039, 0.3559471070766449]]",True
early_neutral,6,1306,0.5648117294235255,-1,[1],"[[-0.8245669603347778, -5.518396574188955e-05], [0.3627881109714508, -0.1570083349943161], [0.2743784785270691, 0.0843982920050621], [0.3769463896751404, 0.2637946307659149], [0.7644139528274536, 0.34997814893722534]]",True
early_neutral,6,1307,0.5644785071642786,-1,[1],"[[-0.8245669603347778, -5.518396574188955e-05], [0.3665551245212555, -0.15915615856647491], [0.2807826101779938, 0.08479955047369003], [0.3833649158477783, 0.26352494955062866], [0.7719001770019531, 0.3437935709953308]]",True
early_neutral,6,1308,0.5641452849050317,-1,[1],"[[-0.8245669603347778, -5.518396574188955e-05], [0.371455579996109, -0.1585138589143753], [0.2870353162288666, 0.08513250201940536], [0.3897237777709961, 0.262896329164505], [0.7796556949615479, 0.33762773871421814]]",True
early_neutral,6,1309,0.5638120626457848,-1,[1],"[[-0.8245669603347778, -5.518396574188955e-05], [0.3772411346435547, -0.1570381075143814], [0.28924450278282166, 0.08519203960895538], [0.395971417427063, 0.2619028687477112], [0.7889681458473206, 0.33156001567840576]]",True
early_neutral,6,1310,0.5634788403865378,-1,[1],"[[-0.8245669603347778, -5.518396574188955e-05], [0.383112370967865, -0.15557169914245605], [0.2897585928440094, 0.0851423516869545], [0.4020453989505768, 0.2605270743370056], [0.7984911203384399, 0.32543131709098816]]",True
early_neutral,6,1311,0.5631456181272909,-1,[1],"[[-0.8245669603347778, -5.518396574188955e-05], [0.3891321122646332, -0.15409405529499054], [0.29327261447906494, 0.08474903553724289], [0.40789496898651123, 0.25879204273223877], [0.8082739114761353, 0.3192724883556366]]",True
early_neutral,6,1312,0.562812395868044,-1,[1],"[[-0.8245669603347778, -5.518396574188955e-05], [0.3951471447944641, -0.15276770293712616], [0.29817262291908264, 0.08409016579389572], [0.4134925901889801, 0.2568698227405548], [0.8182181119918823, 0.3130660355091095]]",True
early_neutral,6,1313,0.5624791736087971,-1,[1],"[[-0.8245669603347778, -5.518396574188955e-05], [0.4012052118778229, -0.15307171642780304], [0.3039677143096924, 0.08320718258619308], [0.4189542829990387, 0.2547680139541626], [0.828206479549408, 0.3067700266838074]]",True
early_neutral,6,1314,0.5621459513495501,-1,[1],"[[-0.8245669603347778, -5.518396574188955e-05], [0.4074160158634186, -0.15405268967151642], [0.30993375182151794, 0.08222521096467972], [0.42428672313690186, 0.25248822569847107], [0.8382138609886169, 0.3003963232040405]]",True
early_neutral,6,1315,0.5618127290903032,-1,[1],"[[-0.8245669603347778, -5.518396574188955e-05], [0.413696825504303, -0.15495982766151428], [0.31614258885383606, 0.08112791925668716], [0.426547646522522, 0.25147294998168945], [0.8481045961380005, 0.29542532563209534]]",True
early_neutral,6,1316,0.5614795068310563,-1,[1],"[[-0.8245669603347778, -5.518396574188955e-05], [0.42001232504844666, -0.15575836598873138], [0.32231488823890686, 0.07995627820491791], [0.4267791509628296, 0.2513568699359894], [0.8579127192497253, 0.28967177867889404]]",True
early_neutral,6,1317,0.5611462845718094,-1,[1],"[[-0.8245669603347778, -5.518396574188955e-05], [0.4263550043106079, -0.15644319355487823], [0.32829874753952026, 0.07873353362083435], [0.4293896555900574, 0.24996285140514374], [0.8673524260520935, 0.2835298776626587]]",True
early_neutral,6,1318,0.5608130623125624,-1,[1],"[[-0.8245669603347778, -5.518396574188955e-05], [0.43260690569877625, -0.15698356926441193], [0.33439621329307556, 0.07739784568548203], [0.43302080035209656, 0.24783697724342346], [0.8768317699432373, 0.27727705240249634]]",True
early_neutral,6,1319,0.5604798400533155,-1,[1],"[[-0.8245669603347778, -5.518396574188955e-05], [0.43900904059410095, -0.15739648044109344], [0.34045323729515076, 0.0759877860546112], [0.4373122751712799, 0.24517561495304108], [0.8863524198532104, 0.27087414264678955]]",True
early_neutral,6,1320,0.5601466177940686,-1,[1],"[[-0.8245669603347778, -5.518396574188955e-05], [0.4451052248477936, -0.1576634645462036], [0.346332848072052, 0.07456177473068237], [0.4417302906513214, 0.24242693185806274], [0.8959642052650452, 0.2643944323062897]]",True
early_neutral,6,1321,0.5598133955348217,-1,[1],"[[-0.8245669603347778, -5.518396574188955e-05], [0.44683656096458435, -0.15767449140548706], [0.3523302674293518, 0.07304971665143967], [0.4463735818862915, 0.23952890932559967], [0.9056994915008545, 0.2578904926776886]]",True
early_neutral,6,1322,0.5594801732755748,-1,[1],"[[-0.8245669603347778, -5.518396574188955e-05], [0.44764116406440735, -0.15761147439479828], [0.3583008348941803, 0.07149001955986023], [0.4510188698768616, 0.23663251101970673], [0.915543258190155, 0.25137779116630554]]",True
early_neutral,6,1323,0.5591469510163279,-1,[1],"[[-0.8245669603347778, -5.518396574188955e-05], [0.45136865973472595, -0.15751641988754272], [0.36415380239486694, 0.06993020325899124], [0.4555738568305969, 0.23382426798343658], [0.9237880110740662, 0.24378833174705505]]",True
early_neutral,6,1324,0.558813728757081,-1,[1],"[[-0.8245669603347778, -5.518396574188955e-05], [0.4565522372722626, -0.1577868014574051], [0.3700460195541382, 0.0683329775929451], [0.46027031540870667, 0.23096278309822083], [0.9328861236572266, 0.23691841959953308]]",True
early_neutral,6,1325,0.5584805064978341,-1,[0],"[[-0.8245669603347778, -5.518396574188955e-05], [0.46146413683891296, -0.15981489419937134], [0.375969797372818, 0.06669943779706955], [0.46497875452041626, 0.22811047732830048], [0.942328929901123, 0.2307787537574768]]",True
early_neutral,6,1326,0.5581472842385872,-1,[0],"[[-0.8245669603347778, -5.518396574188955e-05], [0.46516063809394836, -0.16311106085777283], [0.3818191885948181, 0.06503860652446747], [0.4695316553115845, 0.22528544068336487], [0.951973557472229, 0.2246343344449997]]",True
early_neutral,6,1327,0.5578140619793402,-1,[1],"[[-0.8245669603347778, -5.518396574188955e-05], [0.4690608084201813, -0.16614697873592377], [0.3875832259654999, 0.0633455216884613], [0.4741115868091583, 0.22236214578151703], [0.9618967175483704, 0.21849606931209564]]",True
early_neutral,6,1328,0.5574808397200933,-1,[1],"[[-0.8245669603347778, -5.518396574188955e-05], [0.474580317735672, -0.16795924305915833], [0.3934139609336853, 0.061575841158628464], [0.4784170687198639, 0.2195410132408142], [0.9719439148902893, 0.21230266988277435]]",True
early_neutral,6,1329,0.5571476174608464,-1,[1],"[[-0.8245669603347778, -5.518396574188955e-05], [0.48046424984931946, -0.16950879991054535], [0.39919543266296387, 0.059762656688690186], [0.4796254634857178, 0.218734472990036], [0.9820050597190857, 0.20601236820220947]]",True
early_neutral,6,1330,0.5568143952015995,-1,[1],"[[-0.8245669603347778, -5.518396574188955e-05], [0.48464223742485046, -0.17233586311340332], [0.40482378005981445, 0.05793873593211174], [0.4795820116996765, 0.21823109686374664], [0.9917884469032288, 0.19984553754329681]]",True
early_neutral,6,1331,0.5564811729423526,-1,[1],"[[-0.8245669603347778, -5.518396574188955e-05], [0.4881109595298767, -0.17578712105751038], [0.4105456471443176, 0.056024521589279175], [0.479294091463089, 0.21583788096904755], [1.0009245872497559, 0.19451120495796204]]",False
early_neutral,6,1332,0.5561479506831056,-1,[1],"[[-0.8245669603347778, -5.518396574188955e-05], [0.49206531047821045, -0.1795709729194641], [0.41666609048843384, 0.05391903966665268], [0.47873902320861816, 0.21256223320960999], [1.0093401670455933, 0.19240376353263855]]",False
early_neutral,6,1333,0.5558147284238587,-1,[1],"[[-0.8245669603347778, -5.518396574188955e-05], [0.4971402883529663, -0.1838369220495224], [0.42386531829833984, 0.0513860248029232], [0.4762588441371918, 0.20905503630638123], [1.016960620880127, 0.19089999794960022]]",False
early_neutral,6,1334,0.5554815061646118,-1,[0],"[[-0.8245669603347778, -5.518396574188955e-05], [0.5031424164772034, -0.18833565711975098], [0.4318491518497467, 0.04853057488799095], [0.47270429134368896, 0.20569732785224915], [1.022887110710144, 0.1888696253299713]]",False
early_neutral,6,1335,0.5551482839053649,-1,[0],"[[-0.8245669603347778, -5.518396574188955e-05], [0.50935298204422, -0.19274234771728516], [0.43995776772499084, 0.045714642852544785], [0.46902450919151306, 0.20226752758026123], [1.026573657989502, 0.18719200789928436]]",False
early_neutral,6,1336,0.5548150616461179,-1,[0],"[[-0.8245669603347778, -5.518396574188955e-05], [0.5157203674316406, -0.1970534324645996], [0.4481351375579834, 0.04298422485589981], [0.4648003578186035, 0.1991126388311386], [1.0280201435089111, 0.1859336793422699]]",False
early_neutral,6,1337,0.554481839386871,-1,[0],"[[-0.8245669603347778, -5.518396574188955e-05], [0.5221644043922424, -0.20131811499595642], [0.4563693404197693, 0.04032706096768379], [0.46011918783187866, 0.1962418556213379], [1.0267605781555176, 0.18443545699119568]]",False
early_neutral,6,1338,0.5541486171276241,-1,[0],"[[-0.8245669603347778, -5.518396574188955e-05], [0.5286383032798767, -0.20556358993053436], [0.46465086936950684, 0.03773292526602745], [0.4558744728565216, 0.19310075044631958], [1.0223267078399658, 0.18428269028663635]]",False
early_neutral,6,1339,0.5538153948683772,-1,[0],"[[-0.8245669603347778, -5.518396574188955e-05], [0.5351340174674988, -0.20979493856430054], [0.4730601906776428, 0.03532406687736511], [0.45239347219467163, 0.189584419131279], [1.0180690288543701, 0.1857120394706726]]",False
early_neutral,6,1340,0.5534821726091302,-1,[0],"[[-0.8245669603347778, -5.518396574188955e-05], [0.5416316986083984, -0.21402496099472046], [0.4818264842033386, 0.033538080751895905], [0.45133137702941895, 0.18625566363334656], [1.0127323865890503, 0.18777227401733398]]",False
early_neutral,6,1341,0.5531489503498833,-1,[0],"[[-0.8245669603347778, -5.518396574188955e-05], [0.5481305122375488, -0.21825429797172546], [0.49071595072746277, 0.032423414289951324], [0.454383909702301, 0.18359537422657013], [1.005845546722412, 0.18955472111701965]]",False
early_neutral,6,1342,0.5528157280906365,-1,[0],"[[-0.8245669603347778, -5.518396574188955e-05], [0.5546295046806335, -0.22248348593711853], [0.49723440408706665, 0.03142786771059036], [0.45853191614151, 0.18055623769760132], [0.9982033967971802, 0.19043880701065063]]",False
early_neutral,6,1343,0.5524825058313896,-1,[0],"[[-0.8245669603347778, -5.518396574188955e-05], [0.5611286163330078, -0.22671261429786682], [0.5032767057418823, 0.029995866119861603], [0.4607921242713928, 0.17667731642723083], [0.9896950125694275, 0.19130179286003113]]",False
early_neutral,6,1344,0.5521492835721427,-1,[0],"[[-0.8245669603347778, -5.518396574188955e-05], [0.5664951801300049, -0.22993306815624237], [0.5072938203811646, 0.028837520629167557], [0.462473601102829, 0.1726805865764618], [0.9828933477401733, 0.19159939885139465]]",False
early_neutral,6,1345,0.5518160613128957,-1,[0],"[[-0.8245669603347778, -5.518396574188955e-05], [0.5681751370429993, -0.2306869775056839], [0.5074362754821777, 0.028796549886465073], [0.4632181227207184, 0.17101043462753296], [0.9792214035987854, 0.19092319905757904]]",False
early_neutral,6,1346,0.5514828390536488,-1,[0],"[[-0.8245669603347778, -5.518396574188955e-05], [0.5679271221160889, -0.23022109270095825], [0.5069291591644287, 0.028870297595858574], [0.4632181227207184, 0.17101043462753296], [0.9772687554359436, 0.1888168752193451]]",False
early_neutral,6,1347,0.5511496167944019,-1,[0],"[[-0.8245669603347778, -5.518396574188955e-05], [0.5662988424301147, -0.22803616523742676], [0.5034981369972229, 0.02929813042283058], [0.4618213474750519, 0.17094694077968597], [0.9786038398742676, 0.186001256108284]]",False
early_neutral,6,1348,0.550816394535155,-1,[0],"[[-0.8245669603347778, -5.518396574188955e-05], [0.5636639595031738, -0.22511732578277588], [0.49869275093078613, 0.0297604501247406], [0.45793038606643677, 0.17063209414482117], [0.9821812510490417, 0.18287593126296997]]",False
early_neutral,6,1349,0.550483172275908,-1,[0],"[[-0.8245669603347778, -5.518396574188955e-05], [0.5587000846862793, -0.22236725687980652], [0.49269238114356995, 0.029154377058148384], [0.4527975916862488, 0.16997802257537842], [0.986254096031189, 0.17956474423408508]]",False
early_neutral,6,1350,0.5501499500166611,-1,[0],"[[-0.8245669603347778, -5.518396574188955e-05], [0.5518850684165955, -0.21986024081707], [0.4862457811832428, 0.026880402117967606], [0.4465988576412201, 0.16895610094070435], [0.9910485744476318, 0.1759634017944336]]",False
early_neutral,6,1351,0.5498167277574142,-1,[0],"[[-0.8245669603347778, -5.518396574188955e-05], [0.5441673994064331, -0.21689938008785248], [0.47923314571380615, 0.0237750131636858], [0.4395975172519684, 0.16756302118301392], [0.9964697957038879, 0.17219652235507965]]",False
early_neutral,6,1352,0.5494835054981673,-1,[0],"[[-0.8245669603347778, -5.518396574188955e-05], [0.5355949401855469, -0.21362321078777313], [0.4719611406326294, 0.020124681293964386], [0.43213558197021484, 0.16581587493419647], [1.0015915632247925, 0.16818280518054962]]",False
early_neutral,6,1353,0.5491502832389203,-1,[0],"[[-0.8245669603347778, -5.518396574188955e-05], [0.5263022184371948, -0.21013177931308746], [0.46502867341041565, 0.01619868353009224], [0.4238700568675995, 0.16359642148017883], [1.0018032789230347, 0.16505053639411926]]",False
early_neutral,6,1354,0.5488170609796734,-1,[0],"[[-0.8245669603347778, -5.518396574188955e-05], [0.5167502164840698, -0.20677033066749573], [0.4580611288547516, 0.012298508547246456], [0.41503414511680603, 0.16096335649490356], [0.9982011318206787, 0.16241596639156342]]",False
early_neutral,6,1355,0.5484838387204265,-1,[0],"[[-0.8245669603347778, -5.518396574188955e-05], [0.5065003633499146, -0.20342238247394562], [0.450904905796051, 0.008545801043510437], [0.4058133363723755, 0.15799252688884735], [0.993410587310791, 0.15925011038780212]]",False
early_neutral,6,1356,0.5481506164611796,-1,[0],"[[-0.8245669603347778, -5.518396574188955e-05], [0.49555304646492004, -0.20008960366249084], [0.4434724748134613, 0.00501868175342679], [0.39761680364608765, 0.15528643131256104], [0.9876813888549805, 0.15549838542938232]]",False
early_neutral,6,1357,0.5478173942019327,-1,[0],"[[-0.8245669603347778, -5.518396574188955e-05], [0.48384174704551697, -0.19703997671604156], [0.43514931201934814, 0.0016538577619940042], [0.38944289088249207, 0.15255147218704224], [0.9827904105186462, 0.15183541178703308]]",False
early_neutral,6,1358,0.5474841719426857,-1,[0],"[[-0.8245669603347778, -5.518396574188955e-05], [0.4714680016040802, -0.1943829357624054], [0.42587554454803467, -0.0016188701847568154], [0.38126829266548157, 0.14981742203235626], [0.9813228249549866, 0.1495307981967926]]",False
early_neutral,6,1359,0.5471509496834388,-1,[0],"[[-0.8245669603347778, -5.518396574188955e-05], [0.45852598547935486, -0.19225506484508514], [0.4161739647388458, -0.0046983752399683], [0.37306445837020874, 0.14712072908878326], [0.9811626672744751, 0.1482720524072647]]",False
early_neutral,6,1360,0.546817727424192,-1,[0],"[[-0.8245669603347778, -5.518396574188955e-05], [0.44510143995285034, -0.19084826111793518], [0.4057241976261139, -0.007712364662438631], [0.364840567111969, 0.14445003867149353], [0.9810864329338074, 0.14669208228588104]]",False
early_neutral,6,1361,0.5464845051649451,-1,[0],"[[-0.8245669603347778, -5.518396574188955e-05], [0.431356817483902, -0.1901574432849884], [0.39463651180267334, -0.010747208259999752], [0.35664087533950806, 0.14174799621105194], [0.98697829246521, 0.14556199312210083]]",False
early_neutral,6,1362,0.5461512829056981,-1,[0],"[[-0.8245669603347778, -5.518396574188955e-05], [0.41742992401123047, -0.1903756707906723], [0.38300469517707825, -0.013788270764052868], [0.3484724462032318, 0.1390061378479004], [0.9931933283805847, 0.14253686368465424]]",False
early_neutral,6,1363,0.5458180606464512,-1,[0],"[[-0.8245669603347778, -5.518396574188955e-05], [0.40349724888801575, -0.19150051474571228], [0.37092363834381104, -0.01679289899766445], [0.3403860032558441, 0.13616357743740082], [0.9995177388191223, 0.13848939538002014]]",False
early_neutral,6,1364,0.5454848383872043,-1,[0],"[[-0.8245669603347778, -5.518396574188955e-05], [0.3897945284843445, -0.19372397661209106], [0.3584405183792114, -0.01966896653175354], [0.33241429924964905, 0.133186936378479], [1.006024718284607, 0.13426542282104492]]",False
early_neutral,6,1365,0.5451516161279574,-1,[0],"[[-0.8245669603347778, -5.518396574188955e-05], [0.37650009989738464, -0.19694460928440094], [0.345703125, -0.022343935444951057], [0.32459118962287903, 0.13004839420318604], [1.0125266313552856, 0.13003814220428467]]",False
early_neutral,6,1366,0.5448183938687104,-1,[0],"[[-0.8245669603347778, -5.518396574188955e-05], [0.36461737751960754, -0.2013969123363495], [0.3353669047355652, -0.024424374103546143], [0.3169981837272644, 0.1266791671514511], [1.0171351432800293, 0.1252214014530182]]",False
early_neutral,6,1367,0.5444851716094635,-1,[0],"[[-0.8245669603347778, -5.518396574188955e-05], [0.3559176027774811, -0.20735464990139008], [0.3265480697154999, -0.026109347119927406], [0.30985838174819946, 0.12320157140493393], [1.0184251070022583, 0.1195187121629715]]",False
early_neutral,6,1368,0.5441519493502166,-1,[0],"[[-0.8245669603347778, -5.518396574188955e-05], [0.34914883971214294, -0.21309728920459747], [0.31773653626441956, -0.02781001292169094], [0.3047802448272705, 0.12050008028745651], [1.0184658765792847, 0.11353792995214462]]",False
early_neutral,6,1369,0.5438187270909697,-1,[0],"[[-0.8245669603347778, -5.518396574188955e-05], [0.3443599045276642, -0.21819999814033508], [0.3089967966079712, -0.029660765081644058], [0.2999803125858307, 0.11771269142627716], [1.0184813737869263, 0.10755708068609238]]",False
early_neutral,6,1370,0.5434855048317228,-1,[0],"[[-0.8245669603347778, -5.518396574188955e-05], [0.34048721194267273, -0.22311794757843018], [0.30033719539642334, -0.031664591282606125], [0.29538440704345703, 0.11478357017040253], [1.0184857845306396, 0.10157621651887894]]",False
early_neutral,6,1371,0.5431522825724758,-1,[0],"[[-0.8245669603347778, -5.518396574188955e-05], [0.33776867389678955, -0.22691228985786438], [0.2917734980583191, -0.03383595868945122], [0.2910314202308655, 0.11170133203268051], [1.018486738204956, 0.0955953598022461]]",False
early_neutral,6,1372,0.5428190603132289,-1,[0],"[[-0.8245669603347778, -5.518396574188955e-05], [0.33521413803100586, -0.23075461387634277], [0.2833154499530792, -0.036176059395074844], [0.2869318127632141, 0.10848142206668854], [1.0184870958328247, 0.08961450308561325]]",False
early_neutral,6,1373,0.542485838053982,-1,[0],"[[-0.8245669603347778, -5.518396574188955e-05], [0.3327502906322479, -0.2346220463514328], [0.27684473991394043, -0.03809979557991028], [0.28315186500549316, 0.10522478818893433], [1.0184615850448608, 0.08476763963699341]]",False
early_neutral,6,1374,0.5421526157947351,-1,[0],"[[-0.8245669603347778, -5.518396574188955e-05], [0.33033496141433716, -0.23850242793560028], [0.2710847854614258, -0.03996474668383598], [0.27951952815055847, 0.10178593546152115], [1.0184361934661865, 0.0835435539484024]]",False
early_neutral,6,1375,0.5418193935354881,-1,[0],"[[-0.8245669603347778, -5.518396574188955e-05], [0.32796210050582886, -0.2423938661813736], [0.26540979743003845, -0.0419369600713253], [0.27612632513046265, 0.09823503345251083], [1.0184361934661865, 0.0835435539484024]]",False
early_neutral,6,1376,0.5414861712762412,-1,[0],"[[-0.8245669603347778, -5.518396574188955e-05], [0.3256169259548187, -0.24629244208335876], [0.2598152458667755, -0.04400426521897316], [0.27315789461135864, 0.0946287140250206], [1.0184361934661865, 0.0835435539484024]]",False
early_neutral,6,1377,0.5411529490169943,-1,[0],"[[-0.8245669603347778, -5.518396574188955e-05], [0.32314884662628174, -0.25008535385131836], [0.2543039321899414, -0.046164143830537796], [0.270568311214447, 0.09086426347494125], [1.0184361934661865, 0.0835435539484024]]",False
early_neutral,6,1378,0.5408197267577474,-1,[0],"[[-0.8245669603347778, -5.518396574188955e-05], [0.31844362616539, -0.2524451017379761], [0.24887360632419586, -0.04840923100709915], [0.26835742592811584, 0.08693461865186691], [1.0184361934661865, 0.0835435539484024]]",False
early_neutral,6,1379,0.5404865044985006,-1,[0],"[[-0.8245669603347778, -5.518396574188955e-05], [0.3125064969062805, -0.2538755238056183], [0.2435249239206314, -0.05073585733771324], [0.2666413486003876, 0.0829826295375824], [1.0184361934661865, 0.0835435539484024]]",False
early_neutral,6,1380,0.5401532822392536,-1,[0],"[[-0.8245669603347778, -5.518396574188955e-05], [0.308803528547287, -0.25463101267814636], [0.23826342821121216, -0.05314513295888901], [0.2654235363006592, 0.0789836123585701], [1.0183517932891846, 0.08268745243549347]]",False
early_neutral,6,1381,0.5398200599800067,-1,[0],"[[-0.8245669603347778, -5.518396574188955e-05], [0.3085322380065918, -0.25470489263534546], [0.23309671878814697, -0.05563977360725403], [0.2646716237068176, 0.07482678443193436], [1.018162727355957, 0.0799303725361824]]",False
early_neutral,6,1382,0.5394868377207598,-1,[0],"[[-0.8245669603347778, -5.518396574188955e-05], [0.3085322380065918, -0.25470489263534546], [0.22802959382534027, -0.058219440281391144], [0.26439353823661804, 0.07068056613206863], [1.0180723667144775, 0.07619482278823853]]",False
early_neutral,6,1383,0.5391536154615129,-1,[0],"[[-0.9908088445663452, -0.0], [1.0464046001434326, -0.44568920135498047], [0.35386043787002563, -0.05918804556131363], [0.34681689739227295, 0.041361525654792786], [0.5203096866607666, 0.15132945775985718]]",False
early_neutral,6,1384,0.5388203932022659,-1,[0],"[[-0.9908088445663452, -0.0], [1.0464046001434326, -0.44568920135498047], [0.35386043787002563, -0.05918804556131363], [0.34681689739227295, 0.041361525654792786], [0.5203096866607666, 0.15132945775985718]]",False
early_neutral,6,1385,0.538487170943019,-1,[0],"[[-0.9908088445663452, -0.0], [1.0448983907699585, -0.4451172649860382], [0.35386043787002563, -0.05918804556131363], [0.34681689739227295, 0.041361525654792786], [0.5203096866607666, 0.15132945775985718]]",False
early_neutral,6,1386,0.5381539486837721,-1,[0],"[[-0.9908088445663452, -0.0], [1.0417804718017578, -0.44387319684028625], [0.35386043787002563, -0.05918804556131363], [0.34681689739227295, 0.041361525654792786], [0.5203096866607666, 0.15132945775985718]]",False
early_neutral,6,1387,0.5378207264245252,-1,[0],"[[-0.9908088445663452, -0.0], [1.0372729301452637, -0.4420447051525116], [0.35386043787002563, -0.05918804556131363], [0.34681689739227295, 0.041361525654792786], [0.5203096866607666, 0.15132945775985718]]",False
early_neutral,6,1388,0.5374875041652782,-1,[0],"[[-0.9908088445663452, -0.0], [1.0319472551345825, -0.4398682713508606], [0.35386043787002563, -0.05918804556131363], [0.34681689739227295, 0.041361525654792786], [0.5203096866607666, 0.15132945775985718]]",False
early_neutral,6,1389,0.5371542819060313,-1,[0],"[[-0.9908088445663452, -0.0], [1.0275354385375977, -0.43807393312454224], [0.35386043787002563, -0.05918804556131363], [0.34681689739227295, 0.041361525654792786], [0.5203096866607666, 0.15132945775985718]]",False
early_neutral,6,1390,0.5368210596467844,-1,[0],"[[-0.9908088445663452, -0.0], [1.0231170654296875, -0.4362620711326599], [0.35386043787002563, -0.05918804556131363], [0.34681689739227295, 0.041361525654792786], [0.5203096866607666, 0.15132945775985718]]",False
early_neutral,6,1391,0.5364878373875375,-1,[0],"[[-0.9901807308197021, -0.00012203724327264354], [1.0192525386810303, -0.4346160292625427], [0.35363417863845825, -0.0590677335858345], [0.34681689739227295, 0.041361525654792786], [0.5195658802986145, 0.15147057175636292]]",False
early_neutral,6,1392,0.5361546151282905,-1,[0],"[[-0.9863179326057434, -0.0006696830387227237], [1.0159859657287598, -0.43322476744651794], [0.35108789801597595, -0.05770372599363327], [0.3467431962490082, 0.03998147323727608], [0.5160393714904785, 0.15214042365550995]]",False
early_neutral,6,1393,0.5358213928690436,-1,[0],"[[-0.9808253645896912, -0.0010006281081587076], [1.01460862159729, -0.43263810873031616], [0.3474861681461334, -0.05575384199619293], [0.34664836525917053, 0.037180520594120026], [0.5112243890762329, 0.15305623412132263]]",False
early_neutral,6,1394,0.5354881706097967,-1,[0],"[[-0.9738438725471497, -0.0010457022581249475], [1.0124444961547852, -0.4327922463417053], [0.34291690587997437, -0.05322969704866409], [0.34660136699676514, 0.033434052020311356], [0.5051957964897156, 0.15418122708797455]]",False
early_neutral,6,1395,0.5351549483505498,-1,[0],"[[-0.9655439257621765, -0.0010459201876074076], [1.008133053779602, -0.4328858256340027], [0.33745628595352173, -0.050095632672309875], [0.34658196568489075, 0.02924746833741665], [0.4983532428741455, 0.15541867911815643]]",False
early_neutral,6,1396,0.5348217260913029,-1,[0],"[[-0.9562938213348389, -0.0009968285448849201], [1.0023698806762695, -0.4326156973838806], [0.3312108516693115, -0.046378061175346375], [0.34659701585769653, 0.025060929358005524], [0.4908227324485779, 0.15673789381980896]]",False
early_neutral,6,1397,0.5344885038320559,-1,[0],"[[-0.9465225338935852, -0.0009321993566118181], [0.9952089786529541, -0.43213072419166565], [0.32440829277038574, -0.04229527711868286], [0.3472083806991577, 0.02089681290090084], [0.48231521248817444, 0.15816296637058258]]",False
early_neutral,6,1398,0.5341552815728091,-1,[0],"[[-0.9358810186386108, -0.0008560186834074557], [0.9868127703666687, -0.43137919902801514], [0.31760457158088684, -0.03819391131401062], [0.34872496128082275, 0.016831818968057632], [0.4733617305755615, 0.15951357781887054]]",False
early_neutral,6,1399,0.5338220593135622,-1,[0],"[[-0.9249757528305054, -0.0007742552552372217], [0.9776012301445007, -0.4304039478302002], [0.3108066916465759, -0.03408844396471977], [0.3511720895767212, 0.012695803306996822], [0.4643571674823761, 0.16071195900440216]]",False
early_neutral,6,1400,0.5334888370543153,-1,[0],"[[-0.9135781526565552, -0.000686728220898658], [0.9675812125205994, -0.42921167612075806], [0.3040101230144501, -0.02998202107846737], [0.3547830581665039, 0.008000250905752182], [0.4553165137767792, 0.16178947687149048]]",False
early_neutral,6,1401,0.5331556147950683,-1,[0],"[[-0.9015831351280212, -0.0005931075429543853], [0.9570765495300293, -0.42783933877944946], [0.297214537858963, -0.025874881073832512], [0.35959330201148987, 0.0029725837521255016], [0.44624829292297363, 0.16276410222053528]]",False
early_neutral,6,1402,0.5328223925358214,-1,[0],"[[-0.8890690803527832, -0.0004947278648614883], [0.9462238550186157, -0.4262597858905792], [0.2904191315174103, -0.02176760509610176], [0.3648148477077484, -0.00226961518637836], [0.4371568262577057, 0.1636422723531723]]",False
early_neutral,6,1403,0.5324891702765745,-1,[0],"[[-0.87614905834198, -0.00039230409311130643], [0.9347803592681885, -0.42444944381713867], [0.2835860550403595, -0.017637349665164948], [0.3704838752746582, -0.007985460571944714], [0.42804795503616333, 0.1644405573606491]]",False
early_neutral,6,1404,0.5321559480173276,-1,[0],"[[-0.8629177808761597, -0.00028691248735412955], [0.9228206872940063, -0.42241597175598145], [0.2762415111064911, -0.013197807595133781], [0.3757842481136322, -0.014002551324665546], [0.4189237356185913, 0.16516068577766418]]",False
early_neutral,6,1405,0.5318227257580806,-1,[0],"[[-0.8495175242424011, -0.0001798173616407439], [0.9104964733123779, -0.4200913906097412], [0.26831936836242676, -0.008409158326685429], [0.38022464513778687, -0.02059212513267994], [0.4097878932952881, 0.1658158153295517]]",False
early_neutral,6,1406,0.5314895034988337,-1,[0],"[[-0.8373480439186096, -8.233592234319076e-05], [0.8978919982910156, -0.4175436198711395], [0.26039066910743713, -0.003616493893787265], [0.3840242326259613, -0.02778470143675804], [0.40064218640327454, 0.1664096862077713]]",False
early_neutral,6,1407,0.5311562812395868,-1,[0],"[[-0.8297500610351562, -2.1365563952713273e-05], [0.885102391242981, -0.41476818919181824], [0.252898246049881, 0.0009124145144596696], [0.38598859310150146, -0.0355396531522274], [0.39148780703544617, 0.16694386303424835]]",False
early_neutral,6,1408,0.5308230589803399,-1,[0],"[[-0.8252278566360474, 1.3860228136763908e-05], [0.8721879124641418, -0.41179272532463074], [0.24595612287521362, 0.005108690354973078], [0.385009765625, -0.04363713786005974], [0.3823258578777313, 0.16742034256458282]]",False
early_neutral,6,1409,0.530489836721093,-1,[0],"[[-0.8246858716011047, 1.4388961972144898e-05], [0.8591843247413635, -0.4086589217185974], [0.23848819732666016, 0.009622792713344097], [0.38304612040519714, -0.05191182345151901], [0.3731570541858673, 0.16783688962459564]]",False
early_neutral,6,1410,0.530156614461846,-1,[0],"[[-0.8245951533317566, 1.052093011821853e-05], [0.8461313843727112, -0.40537646412849426], [0.2304946482181549, 0.014454596675932407], [0.37931203842163086, -0.06015084683895111], [0.3639812767505646, 0.16818246245384216]]",False
early_neutral,6,1411,0.5298233922025991,-1,[0],"[[-0.8245951533317566, 1.052093011821853e-05], [0.8330453634262085, -0.4019773602485657], [0.222855806350708, 0.019071975722908974], [0.37396204471588135, -0.06819196790456772], [0.354799747467041, 0.1684558242559433]]",False
early_neutral,6,1412,0.5294901699433522,-1,[0],"[[-0.8245951533317566, 1.052093011821853e-05], [0.8199443817138672, -0.39847537875175476], [0.21561753749847412, 0.023447230458259583], [0.36692142486572266, -0.07580889761447906], [0.3456146717071533, 0.16867312788963318]]",False
early_neutral,6,1413,0.5291569476841053,-1,[0],"[[-0.8245951533317566, 1.052093011821853e-05], [0.8068434596061707, -0.39487892389297485], [0.20880842208862305, 0.02756311185657978], [0.35826918482780457, -0.08281954377889633], [0.336427241563797, 0.16884353756904602]]",False
early_neutral,6,1414,0.5288237254248583,-1,[0],"[[-0.8245951533317566, 1.052093011821853e-05], [0.7937522530555725, -0.39119812846183777], [0.20201332867145538, 0.03167053312063217], [0.34867700934410095, -0.08940089493989944], [0.32723844051361084, 0.1689804643392563]]",False
early_neutral,6,1415,0.5284905031656114,-1,[0],"[[-0.8244515657424927, 9.934364788932726e-05], [0.7806826829910278, -0.3874334394931793], [0.19521820545196533, 0.03577793762087822], [0.33834123611450195, -0.09557315707206726], [0.31804966926574707, 0.16911707818508148]]",False
early_neutral,6,1416,0.5281572809063645,-1,[0],"[[-0.8218164443969727, 0.0015378928510472178], [0.7676540613174438, -0.3835712671279907], [0.1884230673313141, 0.03988534212112427], [0.3272503912448883, -0.10123239457607269], [0.3088609576225281, 0.16925542056560516]]",False
early_neutral,6,1417,0.5278240586471177,-1,[0],"[[-0.8176354169845581, 0.0034236416686326265], [0.7546757459640503, -0.3796103894710541], [0.18260273337364197, 0.04340352490544319], [0.31538906693458557, -0.10624747723340988], [0.29967260360717773, 0.16940270364284515]]",False
early_neutral,6,1418,0.5274908363878708,-1,[0],"[[-0.8141792416572571, 0.004835640545934439], [0.7433449625968933, -0.3760950565338135], [0.17952436208724976, 0.04526428505778313], [0.3033328652381897, -0.11053027212619781], [0.29048463702201843, 0.1695609837770462]]",False
early_neutral,6,1419,0.5271576141286238,-1,[0],"[[-0.8133610486984253, 0.005263985134661198], [0.7349388599395752, -0.3734033405780792], [0.17664799094200134, 0.046816349029541016], [0.2936994731426239, -0.11319897323846817], [0.28086769580841064, 0.1697540432214737]]",False
early_neutral,6,1420,0.5268243918693769,-1,[0],"[[-0.8136901259422302, 0.005040755495429039], [0.7267245054244995, -0.3707202970981598], [0.17405879497528076, 0.049043379724025726], [0.28511112928390503, -0.11307481676340103], [0.27038800716400146, 0.1700110286474228]]",False
early_neutral,6,1421,0.52649116961013,-1,[0],"[[-0.8163574934005737, 0.003522596089169383], [0.7185032367706299, -0.3680461347103119], [0.17285685241222382, 0.05167454108595848], [0.27615514397621155, -0.11112546175718307], [0.25916844606399536, 0.17033715546131134]]",True
early_neutral,6,1422,0.5261579473508831,-1,[0],"[[-0.8198113441467285, 0.001993304118514061], [0.7102717161178589, -0.3653853237628937], [0.17110860347747803, 0.05502048134803772], [0.2679201662540436, -0.10712004452943802], [0.24728067219257355, 0.17078553140163422]]",True
early_neutral,6,1423,0.5258247250916361,-1,[0],"[[-0.821972131729126, 0.0010391875403001904], [0.7020204663276672, -0.3627505898475647], [0.1692417412996292, 0.05772772431373596], [0.26017189025878906, -0.10233030468225479], [0.2348644882440567, 0.1714225560426712]]",True
early_neutral,6,1424,0.5254915028323892,-1,[0],"[[-0.8234128952026367, 0.00023168775078374892], [0.6937458515167236, -0.36014705896377563], [0.16856124997138977, 0.058650221675634384], [0.252966970205307, -0.09700115770101547], [0.22204945981502533, 0.1722874790430069]]",True
early_neutral,6,1425,0.5251582805731423,-1,[0],"[[-0.8235933780670166, 0.00011240163439651951], [0.6854493618011475, -0.35757312178611755], [0.16929017007350922, 0.058582331985235214], [0.24599617719650269, -0.0909900814294815], [0.20897290110588074, 0.17354151606559753]]",True
early_neutral,6,1426,0.5248250583138954,-1,[0],"[[-0.8235933780670166, 0.00011240163439651951], [0.677133321762085, -0.3550260663032532], [0.17094433307647705, 0.058405861258506775], [0.23894716799259186, -0.08453059196472168], [0.19574013352394104, 0.17519862949848175]]",True
early_neutral,6,1427,0.5244918360546484,-1,[0],"[[-0.8235933780670166, 0.00011240163439651951], [0.6687977313995361, -0.35250619053840637], [0.1734805405139923, 0.05790972709655762], [0.23193104565143585, -0.07766936719417572], [0.18251755833625793, 0.17746198177337646]]",True
early_neutral,6,1428,0.5241586137954015,-1,[0],"[[-0.8235933780670166, 0.00011240163439651951], [0.6604412198066711, -0.3500158488750458], [0.17663727700710297, 0.05746521055698395], [0.22549700736999512, -0.07114214450120926], [0.16941457986831665, 0.18033166229724884]]",True
early_neutral,6,1429,0.5238253915361546,-1,[0],"[[-0.8235933780670166, 0.00011240163439651951], [0.6520637273788452, -0.3475554883480072], [0.1804370880126953, 0.05716715008020401], [0.22120532393455505, -0.06678827852010727], [0.1563972383737564, 0.18358059227466583]]",True
early_neutral,6,1430,0.5234921692769077,-1,[0],"[[-0.8235933780670166, 0.00011240163439651951], [0.6436670422554016, -0.3451230227947235], [0.1850544661283493, 0.05706131085753441], [0.2179989516735077, -0.06353547424077988], [0.14348086714744568, 0.18714526295661926]]",True
early_neutral,6,1431,0.5231589470176607,-1,[0],"[[-0.8235933780670166, 0.00011240163439651951], [0.6352527141571045, -0.34271663427352905], [0.19059346616268158, 0.056845154613256454], [0.21614624559879303, -0.0616559274494648], [0.1319982409477234, 0.19051826000213623]]",True
early_neutral,6,1432,0.5228257247584138,-1,[0],"[[-0.8235933780670166, 0.00011240163439651951], [0.6268215179443359, -0.34033527970314026], [0.19745977222919464, 0.056794196367263794], [0.21651512384414673, -0.06097177043557167], [0.12361251562833786, 0.19330047070980072]]",True
early_neutral,6,1433,0.5224925024991669,-1,[0],"[[-0.8235933780670166, 0.00011240163439651951], [0.6183762550354004, -0.3379751145839691], [0.20556622743606567, 0.05679350718855858], [0.21940839290618896, -0.06008818373084068], [0.11618828773498535, 0.19598433375358582]]",True
early_neutral,6,1434,0.52215928023992,-1,[0],"[[-0.8235933780670166, 0.00011240163439651951], [0.6099172830581665, -0.3356357216835022], [0.21475175023078918, 0.05684719234704971], [0.22367514669895172, -0.05908876657485962], [0.11303836852312088, 0.19709961116313934]]",True
early_neutral,6,1435,0.5218260579806732,-1,[0],"[[-0.8235933780670166, 0.00011240163439651951], [0.6014459133148193, -0.33331558108329773], [0.2241436392068863, 0.05694666504859924], [0.22937506437301636, -0.05789593607187271], [0.1130596250295639, 0.19711022078990936]]",True
early_neutral,6,1436,0.5214928357214262,-1,[0],"[[-0.8235933780670166, 0.00011240163439651951], [0.5929624438285828, -0.3310141861438751], [0.23378558456897736, 0.05699169635772705], [0.2364073097705841, -0.05645642429590225], [0.11558235436677933, 0.19788415729999542]]",True
early_neutral,6,1437,0.5211596134621793,-1,[0],"[[-0.8235933780670166, 0.00011240163439651951], [0.5844679474830627, -0.3287300765514374], [0.24301660060882568, 0.05702781304717064], [0.2446117103099823, -0.05480589345097542], [0.11952877789735794, 0.19931626319885254]]",True
early_neutral,6,1438,0.5208263912029324,-1,[0],"[[-0.8235933780670166, 0.00011240163439651951], [0.5759639739990234, -0.32646092772483826], [0.25336092710494995, 0.057239681482315063], [0.2537841498851776, -0.05296080932021141], [0.1245260238647461, 0.20135532319545746]]",True
early_neutral,6,1439,0.5204931689436855,-1,[0],"[[-0.8235933780670166, 0.00011240163439651951], [0.5673584342002869, -0.3241816759109497], [0.2621481716632843, 0.056473229080438614], [0.26374056935310364, -0.05095593258738518], [0.13002914190292358, 0.2035241425037384]]",True
early_neutral,6,1440,0.5201599466844385,-1,[0],"[[-0.8235933780670166, 0.00011240163439651951], [0.5580072402954102, -0.3217169940471649], [0.268812894821167, 0.05460723862051964], [0.27395719289779663, -0.048888470977544785], [0.1353093683719635, 0.2055247277021408]]",True
early_neutral,6,1441,0.5198267244251916,-1,[0],"[[-0.8235933780670166, 0.00011240163439651951], [0.5478976964950562, -0.3190639317035675], [0.2739083170890808, 0.05164941027760506], [0.28408604860305786, -0.04672975465655327], [0.1367439329624176, 0.20606350898742676]]",True
early_neutral,6,1442,0.5194935021659447,-1,[0],"[[-0.8235933780670166, 0.00011240163439651951], [0.5370849370956421, -0.316279798746109], [0.27759331464767456, 0.04804551228880882], [0.2900451719760895, -0.045029912143945694], [0.1367439329624176, 0.20606350898742676]]",True
early_neutral,6,1443,0.5191602799066978,-1,[0],"[[-0.8235933780670166, 0.00011240163439651951], [0.5255995988845825, -0.3135019838809967], [0.2831787168979645, 0.04508943483233452], [0.2909618020057678, -0.04465407878160477], [0.13471969962120056, 0.20637761056423187]]",True
early_neutral,6,1444,0.5188270576474509,-1,[0],"[[-0.8235933780670166, 0.00011240163439651951], [0.5135688781738281, -0.31076133251190186], [0.28995203971862793, 0.04335185885429382], [0.28818279504776, -0.04450022429227829], [0.13063587248325348, 0.20705264806747437]]",True
early_neutral,6,1445,0.5184938353882039,-1,[0],"[[-0.8235933780670166, 0.00011240163439651951], [0.5011612772941589, -0.30796244740486145], [0.29677608609199524, 0.0431058295071125], [0.28367453813552856, -0.04432741180062294], [0.1252790242433548, 0.2080124020576477]]",True
early_neutral,6,1446,0.518160613128957,-1,[0],"[[-0.8235933780670166, 0.00011240163439651951], [0.4884645938873291, -0.3051132559776306], [0.30448177456855774, 0.04305696487426758], [0.2777857780456543, -0.044181082397699356], [0.11900658160448074, 0.20926955342292786]]",True
early_neutral,6,1447,0.5178273908697101,-1,[0],"[[-0.8235933780670166, 0.00011240163439651951], [0.475652813911438, -0.3020312786102295], [0.3123113214969635, 0.043293021619319916], [0.2713572382926941, -0.04401135444641113], [0.11192250996828079, 0.21084915101528168]]",True
early_neutral,6,1448,0.5174941686104632,-1,[0],"[[-0.8235933780670166, 0.00011240163439651951], [0.46287214756011963, -0.29858383536338806], [0.3199499547481537, 0.044280894100666046], [0.2649519443511963, -0.04371345788240433], [0.10433740168809891, 0.21271516382694244]]",True
early_neutral,6,1449,0.5171609463512162,-1,[0],"[[-0.8235933780670166, 0.00011240163439651951], [0.4501221179962158, -0.2948681116104126], [0.32665830850601196, 0.04606587439775467], [0.2590969204902649, -0.04203643277287483], [0.09607663750648499, 0.21518652141094208]]",True
early_neutral,6,1450,0.5168277240919693,-1,[0],"[[-0.8235933780670166, 0.00011240163439651951], [0.4373582601547241, -0.29101189970970154], [0.3318362832069397, 0.04896135255694389], [0.2535647749900818, -0.03992268443107605], [0.08760233968496323, 0.21851220726966858]]",True
early_neutral,6,1451,0.5164945018327224,-1,[0],"[[-0.8235933780670166, 0.00011240163439651951], [0.4246031939983368, -0.2870256006717682], [0.33745327591896057, 0.052389517426490784], [0.24942056834697723, -0.0370902456343174], [0.07946708053350449, 0.2223806530237198]]",True
early_neutral,6,1452,0.5161612795734755,-1,[0],"[[-0.8235933780670166, 0.00011240163439651951], [0.4118783473968506, -0.2829120457172394], [0.3437493145465851, 0.056129973381757736], [0.24740712344646454, -0.03323774412274361], [0.07275351881980896, 0.22646036744117737]]",True
early_neutral,6,1453,0.5158280573142285,-1,[0],"[[-0.8235933780670166, 0.00011240163439651951], [0.39919954538345337, -0.2786749601364136], [0.35018208622932434, 0.059957973659038544], [0.2438974529504776, -0.029756495729088783], [0.06684903800487518, 0.231002077460289]]",True
early_neutral,6,1454,0.5154948350549817,-1,[0],"[[-0.8235933780670166, 0.00011240163439651951], [0.3865891098976135, -0.27430567145347595], [0.35711586475372314, 0.0634826049208641], [0.2397950142621994, -0.02654726430773735], [0.06295991688966751, 0.23469597101211548]]",True
early_neutral,6,1455,0.5151616127957348,-1,[0],"[[-0.8235933780670166, 0.00011240163439651951], [0.37406590580940247, -0.2697972059249878], [0.3643929660320282, 0.06675763428211212], [0.23624421656131744, -0.0230609979480505], [0.05997632443904877, 0.23840293288230896]]",True
early_neutral,6,1456,0.5148283905364879,-1,[0],"[[-0.8235933780670166, 0.00011240163439651951], [0.3616465628147125, -0.26514366269111633], [0.37194886803627014, 0.07014802098274231], [0.23356547951698303, -0.01925910823047161], [0.05810080096125603, 0.24132272601127625]]",True
early_neutral,6,1457,0.514495168277241,-1,[0],"[[-0.8235933780670166, 0.00011240163439651951], [0.34936603903770447, -0.2603183686733246], [0.37922999262809753, 0.07398519665002823], [0.2322261482477188, -0.015460449270904064], [0.0578964538872242, 0.24173535406589508]]",True
early_neutral,6,1458,0.514161946017994,-1,[0],"[[-0.8235933780670166, 0.00011240163439651951], [0.3372378647327423, -0.25531935691833496], [0.3857230544090271, 0.07822167873382568], [0.2349826991558075, -0.013239824213087559], [0.0578964538872242, 0.24173535406589508]]",True
early_neutral,6,1459,0.5138287237587471,-1,[0],"[[-0.8235933780670166, 0.00011240163439651951], [0.32533007860183716, -0.2500914931297302], [0.39227795600891113, 0.08255518972873688], [0.2405845820903778, -0.012164941988885403], [0.0578964538872242, 0.24173535406589508]]",True
early_neutral,6,1460,0.5134955014995002,-1,[0],"[[-0.8235933780670166, 0.00011240163439651951], [0.31367990374565125, -0.2446165680885315], [0.39877572655677795, 0.0869249477982521], [0.24761462211608887, -0.011157151311635971], [0.0578964538872242, 0.24173535406589508]]",True
early_neutral,6,1461,0.5131622792402533,-1,[0],"[[-0.8235933780670166, 0.00011240163439651951], [0.3023761510848999, -0.23883841931819916], [0.4068319797515869, 0.09005503356456757], [0.25592613220214844, -0.010150142014026642], [0.05878522992134094, 0.24247778952121735]]",True
early_neutral,6,1462,0.5128290569810063,-1,[0],"[[-0.8235933780670166, 0.00011240163439651951], [0.2915773093700409, -0.23266153037548065], [0.4139762818813324, 0.09382203966379166], [0.2652919292449951, -0.009127678349614143], [0.061111222952604294, 0.24421536922454834]]",True
early_neutral,6,1463,0.5124958347217594,-1,[0],"[[-0.8235933780670166, 0.00011240163439651951], [0.2814822793006897, -0.22626060247421265], [0.42049428820610046, 0.0980914980173111], [0.2754911184310913, -0.007907574065029621], [0.06426279246807098, 0.24633248150348663]]",True
early_neutral,6,1464,0.5121626124625125,-1,[0],"[[-0.8235933780670166, 0.00011240163439651951], [0.2740565240383148, -0.22091419994831085], [0.4272274971008301, 0.10205887258052826], [0.28626760840415955, -0.006445789709687233], [0.06480200588703156, 0.24669238924980164]]",True
early_neutral,6,1465,0.5118293902032656,-1,[1],"[[-0.8235933780670166, 0.00011240163439651951], [0.26935282349586487, -0.21578074991703033], [0.4343115985393524, 0.10477791726589203], [0.2951861619949341, -0.004538304638117552], [0.06480200588703156, 0.24669238924980164]]",True
early_neutral,6,1466,0.5114961679440186,-1,[1],"[[-0.8235933780670166, 0.00011240163439651951], [0.2641388773918152, -0.21182584762573242], [0.44113609194755554, 0.10702511668205261], [0.3033880591392517, -0.001850312459282577], [0.06678611785173416, 0.24717839062213898]]",True
early_neutral,6,1467,0.5111629456847717,-1,[1],"[[-0.8235933780670166, 0.00011240163439651951], [0.25756800174713135, -0.2104208916425705], [0.4476722180843353, 0.1078253760933876], [0.3098019063472748, 0.0005376986227929592], [0.07059699296951294, 0.2484755963087082]]",True
early_neutral,6,1468,0.5108297234255248,-1,[1],"[[-0.8235933780670166, 0.00011240163439651951], [0.25104859471321106, -0.21012237668037415], [0.4551018476486206, 0.1079685240983963], [0.31564295291900635, 0.002290429314598441], [0.07445608079433441, 0.2501817047595978]]",True
early_neutral,6,1469,0.5104965011662779,-1,[1],"[[-0.8235933780670166, 0.00011240163439651951], [0.2446209341287613, -0.21025940775871277], [0.46276676654815674, 0.10754426568746567], [0.321648508310318, 0.0037169267889112234], [0.07524929195642471, 0.2504613995552063]]",True
early_neutral,6,1470,0.510163278907031,-1,[1],"[[-0.8235933780670166, 0.00011240163439651951], [0.2383001744747162, -0.21077945828437805], [0.47102662920951843, 0.10688973218202591], [0.32752200961112976, 0.004683523904532194], [0.07524929195642471, 0.2504613995552063]]",True
early_neutral,6,1471,0.509830056647784,-1,[1],"[[-0.8235933780670166, 0.00011240163439651951], [0.2336188107728958, -0.2109350711107254], [0.48080697655677795, 0.10664841532707214], [0.3338436782360077, 0.005268166307359934], [0.07524929195642471, 0.2504613995552063]]",True
early_neutral,6,1472,0.5094968343885371,-1,[1],"[[-0.8235933780670166, 0.00011240163439651951], [0.23156893253326416, -0.21079601347446442], [0.4910159707069397, 0.10619354248046875], [0.33994659781455994, 0.0054400316439569], [0.07524929195642471, 0.2504613995552063]]",True
early_neutral,6,1473,0.5091636121292903,-1,[1],"[[-0.8235933780670166, 0.00011240163439651951], [0.23248375952243805, -0.21029917895793915], [0.5017905831336975, 0.105850949883461], [0.3416776955127716, 0.005447316449135542], [0.07524929195642471, 0.2504613995552063]]",True
early_neutral,6,1474,0.5088303898700434,-1,[0],"[[-0.8235933780670166, 0.00011240163439651951], [0.23610711097717285, -0.2092633843421936], [0.5132554173469543, 0.10560575127601624], [0.3416776955127716, 0.005447316449135542], [0.07524929195642471, 0.2504613995552063]]",True
early_neutral,6,1475,0.5084971676107964,-1,[0],"[[-0.8235933780670166, 0.00011240163439651951], [0.24120363593101501, -0.2080547958612442], [0.5253336429595947, 0.10533884912729263], [0.3416776955127716, 0.005447316449135542], [0.07524929195642471, 0.2504613995552063]]",True
early_neutral,6,1476,0.5081639453515495,-1,[0],"[[-0.8235933780670166, 0.00011240163439651951], [0.24771898984909058, -0.20664671063423157], [0.5378732681274414, 0.10501155257225037], [0.3416972756385803, 0.005431974306702614], [0.07524929195642471, 0.2504613995552063]]",True
early_neutral,6,1477,0.5078307230923026,-1,[0],"[[-0.8235933780670166, 0.00011240163439651951], [0.25554516911506653, -0.20510093867778778], [0.5498011112213135, 0.10491058230400085], [0.3430229425430298, 0.004461904522031546], [0.07524929195642471, 0.2504613995552063]]",True
early_neutral,6,1478,0.5074975008330557,-1,[0],"[[-0.8235933780670166, 0.00011240163439651951], [0.26433536410331726, -0.2035079449415207], [0.5599295496940613, 0.10509723424911499], [0.345586895942688, 0.0027416087687015533], [0.07524929195642471, 0.2504613995552063]]",True
early_neutral,6,1479,0.5071642785738087,-1,[0],"[[-0.8235933780670166, 0.00011240163439651951], [0.27323469519615173, -0.20201317965984344], [0.5679938197135925, 0.10486146807670593], [0.34929099678993225, 0.0004365385975688696], [0.07527881115674973, 0.25046879053115845]]",True
early_neutral,6,1480,0.5068310563145618,-1,[0],"[[-0.8235933780670166, 0.00011240163439651951], [0.28218454122543335, -0.20065276324748993], [0.5756309032440186, 0.10405077040195465], [0.35363608598709106, -0.002231501042842865], [0.07783418148756027, 0.25126326084136963]]",True
early_neutral,6,1481,0.5064978340553149,-1,[0],"[[-0.8235933780670166, 0.00011240163439651951], [0.2912059426307678, -0.19951047003269196], [0.5841629505157471, 0.10339085757732391], [0.35829198360443115, -0.005077643785625696], [0.08171956986188889, 0.25285571813583374]]",False
early_neutral,6,1482,0.506164611796068,-1,[0],"[[-0.8235933780670166, 0.00011240163439651951], [0.3001537024974823, -0.19860121607780457], [0.5925202369689941, 0.10366751253604889], [0.3628174066543579, -0.007832632400095463], [0.08636190742254257, 0.2551431357860565]]",False
early_neutral,6,1483,0.505831389536821,-1,[0],"[[-0.8235933780670166, 0.00011240163439651951], [0.30545952916145325, -0.1981145739555359], [0.6000686287879944, 0.1038513258099556], [0.3659648001194, -0.009746857918798923], [0.09125624597072601, 0.25740376114845276]]",False
early_neutral,6,1484,0.5054981672775741,-1,[0],"[[-0.8235933780670166, 0.00011240163439651951], [0.3058847188949585, -0.19807642698287964], [0.6046751141548157, 0.10506488382816315], [0.3668568432331085, -0.010075811296701431], [0.09663399308919907, 0.25970157980918884]]",False
early_neutral,6,1485,0.5051649450183272,-1,[0],"[[-0.8235933780670166, 0.00011240163439651951], [0.3076527714729309, -0.19798898696899414], [0.6072866916656494, 0.10643886029720306], [0.3669755160808563, -0.008148287422955036], [0.10245933383703232, 0.26161205768585205]]",False
early_neutral,6,1486,0.5048317227590803,-1,[0],"[[-0.8235933780670166, 0.00011240163439651951], [0.31180518865585327, -0.19770488142967224], [0.6063787937164307, 0.10751590877771378], [0.367379367351532, -0.00539452163502574], [0.11000306904315948, 0.26217183470726013]]",False
early_neutral,6,1487,0.5044985004998334,-1,[0],"[[-0.8235933780670166, 0.00011240163439651951], [0.31738224625587463, -0.1971951127052307], [0.6058136820793152, 0.10772847384214401], [0.36799800395965576, -0.0017119997646659613], [0.11873097717761993, 0.2623912990093231]]",False
early_neutral,6,1488,0.5041652782405864,-1,[0],"[[-0.8235933780670166, 0.00011240163439651951], [0.3243480920791626, -0.19646811485290527], [0.6058068871498108, 0.10772860050201416], [0.36848706007003784, 0.002898972714319825], [0.12843820452690125, 0.2627951204776764]]",False
early_neutral,6,1489,0.5038320559813395,-1,[0],"[[-0.8235933780670166, 0.00011240163439651951], [0.3325623869895935, -0.19550448656082153], [0.6058068871498108, 0.10772860050201416], [0.3684444725513458, 0.008318296633660793], [0.13899213075637817, 0.2632385790348053]]",False
early_neutral,6,1490,0.5034988337220926,-1,[0],"[[-0.8235933780670166, 0.00011240163439651951], [0.3385675549507141, -0.19476377964019775], [0.6058068871498108, 0.10772860050201416], [0.36490240693092346, 0.01385174598544836], [0.1494627445936203, 0.2635754942893982]]",False
early_neutral,6,1491,0.5031656114628457,-1,[0],"[[-0.8235933780670166, 0.00011240163439651951], [0.34007197618484497, -0.19457821547985077], [0.6058068871498108, 0.10772860050201416], [0.35825344920158386, 0.01875610090792179], [0.15865027904510498, 0.2634546458721161]]",False
early_neutral,6,1492,0.5028323892035989,-1,[0],"[[-0.8235933780670166, 0.00011240163439651951], [0.3393996059894562, -0.1942816823720932], [0.6054529547691345, 0.10776044428348541], [0.3509407937526703, 0.021645283326506615], [0.16753625869750977, 0.26296475529670715]]",False
early_neutral,6,1493,0.5024991669443519,-1,[0],"[[-0.8235933780670166, 0.00011240163439651951], [0.3366091251373291, -0.1932610720396042], [0.6024829149246216, 0.10788021236658096], [0.34255728125572205, 0.02137753739953041], [0.17232471704483032, 0.2625676095485687]]",False
early_neutral,6,1494,0.502165944685105,-1,[0],"[[-0.8235933780670166, 0.00011240163439651951], [0.33248576521873474, -0.19199825823307037], [0.5981484055519104, 0.10817521065473557], [0.3334420919418335, 0.019693927839398384], [0.17319998145103455, 0.26242387294769287]]",False
early_neutral,6,1495,0.5018327224258581,-1,[0],"[[-0.8235933780670166, 0.00011240163439651951], [0.32813286781311035, -0.18951508402824402], [0.5929675698280334, 0.10862242430448532], [0.32354608178138733, 0.01769833266735077], [0.17320361733436584, 0.2624230980873108]]",False
early_neutral,6,1496,0.5014995001666112,-1,[0],"[[-0.8235933780670166, 0.00011240163439651951], [0.3245917856693268, -0.18611186742782593], [0.5865141153335571, 0.1091771349310875], [0.3129901885986328, 0.01543454546481371], [0.17320361733436584, 0.2624230980873108]]",False
early_neutral,6,1497,0.5011662779073642,-1,[0],"[[-0.8235933780670166, 0.00011240163439651951], [0.32045412063598633, -0.1828594207763672], [0.5779942870140076, 0.1098940446972847], [0.3016922175884247, 0.013213923200964928], [0.1739724725484848, 0.2625895142555237]]",False
early_neutral,6,1498,0.5008330556481173,-1,[0],"[[-0.8235933780670166, 0.00011240163439651951], [0.31404656171798706, -0.18027827143669128], [0.5685281157493591, 0.11062104254961014], [0.28964802622795105, 0.011379589326679707], [0.1775977611541748, 0.2631184160709381]]",False
early_neutral,6,1499,0.5004998333888704,-1,[0],"[[-0.8235933780670166, 0.00011240163439651951], [0.3065057396888733, -0.17745263874530792], [0.5582007765769958, 0.11134465038776398], [0.27702733874320984, 0.009921890683472157], [0.18274466693401337, 0.2633837163448334]]",False
early_neutral,6,1500,0.5001666111296235,-1,[0],"[[-0.8235933780670166, 0.00011240163439651951], [0.29834961891174316, -0.174700528383255], [0.5475382804870605, 0.1119924858212471], [0.26393595337867737, 0.009016333147883415], [0.1891956329345703, 0.26333069801330566]]",False
early_neutral,6,1501,0.49983338887037654,-1,[0],"[[-0.8235933780670166, 0.00011240163439651951], [0.2898148000240326, -0.1724875420331955], [0.5363165736198425, 0.11254825443029404], [0.25050970911979675, 0.00865896325558424], [0.1955796331167221, 0.26121076941490173]]",False
early_neutral,6,1502,0.4995001666111296,-1,[0],"[[-0.8235933780670166, 0.00011240163439651951], [0.28104186058044434, -0.17070519924163818], [0.5244783163070679, 0.11306292563676834], [0.23686541616916656, 0.008522956632077694], [0.2017814964056015, 0.25755640864372253]]",False
early_neutral,6,1503,0.4991669443518827,-1,[0],"[[-0.8235933780670166, 0.00011240163439651951], [0.27217361330986023, -0.16913503408432007], [0.5121093988418579, 0.11366219073534012], [0.22306060791015625, 0.008582819253206253], [0.20827017724514008, 0.25335216522216797]]",False
early_neutral,6,1504,0.49883372209263577,-1,[0],"[[-0.8235933780670166, 0.00011240163439651951], [0.26322346925735474, -0.16777567565441132], [0.49932584166526794, 0.11436516791582108], [0.2091349959373474, 0.00870173703879118], [0.21477647125720978, 0.24912770092487335]]",False
early_neutral,6,1505,0.49850049983338884,-1,[0],"[[-0.8235933780670166, 0.00011240163439651951], [0.2542029321193695, -0.1666303277015686], [0.48621866106987, 0.11514143645763397], [0.19511651992797852, 0.008802575059235096], [0.22127698361873627, 0.24489948153495789]]",False
early_neutral,6,1506,0.498167277574142,-1,[0],"[[-0.8235933780670166, 0.00011240163439651951], [0.2451239675283432, -0.1657007783651352], [0.47286444902420044, 0.11599636822938919], [0.1810273826122284, 0.008875483646988869], [0.22777657210826874, 0.24067066609859467]]",False
early_neutral,6,1507,0.49783405531489505,-1,[0],"[[-0.8235933780670166, 0.00011240163439651951], [0.2360045611858368, -0.1649562418460846], [0.4593128561973572, 0.11686310172080994], [0.16688449680805206, 0.008895824663341045], [0.23427586257457733, 0.23644167184829712]]",False
early_neutral,6,1508,0.49750083305564813,-1,[0],"[[-0.8235933780670166, 0.00011240163439651951], [0.2268577367067337, -0.16437126696109772], [0.44559600949287415, 0.11764116585254669], [0.152701273560524, 0.008863345719873905], [0.24077507853507996, 0.2322126030921936]]",False
early_neutral,6,1509,0.4971676107964012,-1,[0],"[[-0.8235933780670166, 0.00011240163439651951], [0.21769192814826965, -0.1639280915260315], [0.4317532777786255, 0.11834516376256943], [0.13848775625228882, 0.00879214983433485], [0.247274249792099, 0.2279835045337677]]",False
early_neutral,6,1510,0.4968343885371543,-1,[0],"[[-0.8235933780670166, 0.00011240163439651951], [0.2085178792476654, -0.16356374323368073], [0.41782146692276, 0.11904678493738174], [0.1242515966296196, 0.008686261251568794], [0.252737432718277, 0.22386227548122406]]",False
early_neutral,6,1511,0.49650116627790736,-1,[0],"[[-0.8235933780670166, 0.00011240163439651951], [0.19933798909187317, -0.16326770186424255], [0.4038226902484894, 0.11975444853305817], [0.10999831557273865, 0.008556893095374107], [0.25329503417015076, 0.2207401543855667]]",False
early_neutral,6,1512,0.49616794401866043,-1,[0],"[[-0.8235933780670166, 0.00011240163439651951], [0.1901627779006958, -0.16291660070419312], [0.38977131247520447, 0.12045428156852722], [0.09573200345039368, 0.00841781497001648], [0.24989137053489685, 0.21817880868911743]]",False
early_neutral,6,1513,0.4958347217594135,-1,[0],"[[-0.8235933780670166, 0.00011240163439651951], [0.18099847435951233, -0.1624605506658554], [0.3756791651248932, 0.12113813310861588], [0.08145588636398315, 0.0082700839266181], [0.24526306986808777, 0.21508997678756714]]",False
early_neutral,6,1514,0.4955014995001666,-1,[0],"[[-0.8235933780670166, 0.00011240163439651951], [0.17183907330036163, -0.16189034283161163], [0.3615556061267853, 0.12180572748184204], [0.06717230379581451, 0.008118947967886925], [0.2396707534790039, 0.2114124447107315]]",False
early_neutral,6,1515,0.4951682772409197,-1,[0],"[[-0.8235933780670166, 0.00011240163439651951], [0.16208328306674957, -0.16114777326583862], [0.34740787744522095, 0.12245748937129974], [0.0528830885887146, 0.00796438381075859], [0.23329290747642517, 0.20725619792938232]]",False
early_neutral,6,1516,0.4948350549816728,-1,[0],"[[-0.8235933780670166, 0.00011240163439651951], [0.1515735387802124, -0.1602289080619812], [0.3332411050796509, 0.12309012562036514], [0.03859107941389084, 0.007759923581033945], [0.2267961949110031, 0.20302550494670868]]",False
early_neutral,6,1517,0.49450183272242587,-1,[0],"[[-0.8235933780670166, 0.00011240163439651951], [0.1408202350139618, -0.15916821360588074], [0.31905585527420044, 0.12366650998592377], [0.024298863485455513, 0.007479006890207529], [0.22029748558998108, 0.1987961232662201]]",False
early_neutral,6,1518,0.49416861046317895,-1,[0],"[[-0.8235933780670166, 0.00011240163439651951], [0.1294529139995575, -0.1579320728778839], [0.30485478043556213, 0.1241757869720459], [0.010009907186031342, 0.0070959897711873055], [0.21487273275852203, 0.19469505548477173]]",False
early_neutral,6,1519,0.493835388203932,-1,[0],"[[-0.8235933780670166, 0.00011240163439651951], [0.11964883655309677, -0.15680009126663208], [0.290639728307724, 0.1246008574962616], [-0.004268163815140724, 0.006547739263623953], [0.21438844501972198, 0.19158655405044556]]",False
early_neutral,6,1520,0.4935021659446851,-1,[0],"[[-0.8235933780670166, 0.00011240163439651951], [0.11061739176511765, -0.1556900441646576], [0.27641260623931885, 0.12492091208696365], [-0.01852891594171524, 0.005822868086397648], [0.21782277524471283, 0.18901628255844116]]",False
early_neutral,6,1521,0.4931689436854382,-1,[0],"[[-0.8235933780670166, 0.00011240163439651951], [0.10159612447023392, -0.154545396566391], [0.2621763050556183, 0.12512247264385223], [-0.03274967521429062, 0.004814799875020981], [0.22247129678726196, 0.18591836094856262]]",False
early_neutral,6,1522,0.49283572142619125,-1,[0],"[[-0.8235933780670166, 0.00011240163439651951], [0.09256155788898468, -0.15344612300395966], [0.24793359637260437, 0.12513881921768188], [-0.0469105988740921, 0.0034938431344926357], [0.2280803918838501, 0.1822320967912674]]",False
early_neutral,6,1523,0.49250249916694433,-1,[0],"[[-0.8235933780670166, 0.00011240163439651951], [0.08364488184452057, -0.15241417288780212], [0.23369106650352478, 0.12496106326580048], [-0.06100930646061897, 0.0019122486701235175], [0.23446539044380188, 0.1780717968940735]]",False
early_neutral,6,1524,0.49216927690769746,-1,[0],"[[-0.8235933780670166, 0.00011240163439651951], [0.07700752466917038, -0.15183471143245697], [0.21945515275001526, 0.12459585070610046], [-0.07505278289318085, 0.00013315149408299476], [0.24096234142780304, 0.17384126782417297]]",False
early_neutral,6,1525,0.49183605464845054,-1,[0],"[[-0.8235933780670166, 0.00011240163439651951], [0.07058986276388168, -0.15154710412025452], [0.20523178577423096, 0.12404707819223404], [-0.08861097693443298, -0.0017566157039254904], [0.24746103584766388, 0.1696118712425232]]",False
early_neutral,6,1526,0.4915028323892036,-1,[0],"[[-0.8253527879714966, 9.826499990595039e-06], [0.06365838646888733, -0.15140213072299957], [0.19102583825588226, 0.12332326173782349], [-0.09888938069343567, -0.0033465230371803045], [0.2539600431919098, 0.16538266837596893]]",False
early_neutral,6,1527,0.4911696101299567,-1,[0],"[[-0.8294320702552795, -0.0001268064370378852], [0.05543713644146919, -0.15120425820350647], [0.1768396943807602, 0.12244503200054169], [-0.10772790014743805, -0.004986535757780075], [0.2604895234107971, 0.16117455065250397]]",False
early_neutral,6,1528,0.49083638787070977,-1,[0],"[[-0.8348842263221741, -0.0001504018873674795], [0.046311140060424805, -0.15098300576210022], [0.16266754269599915, 0.12147364020347595], [-0.11653230339288712, -0.006703266873955727], [0.2669469714164734, 0.15746833384037018]]",False
early_neutral,6,1529,0.49050316561146284,-1,[0],"[[-0.8414896130561829, -0.00013575500634033233], [0.03712078183889389, -0.1509907841682434], [0.14843009412288666, 0.12114265561103821], [-0.1253288835287094, -0.008436879143118858], [0.2726791203022003, 0.1560521274805069]]",False
early_neutral,6,1530,0.4901699433522159,-1,[0],"[[-0.8490527272224426, -0.00010518523049540818], [0.027940839529037476, -0.15127544105052948], [0.1342058777809143, 0.12166476249694824], [-0.13410581648349762, -0.010211973451077938], [0.27925705909729004, 0.15572379529476166]]",False
early_neutral,6,1531,0.489836721092969,-1,[0],"[[-0.857174813747406, -5.749160118284635e-05], [0.018791964277625084, -0.15184257924556732], [0.12002542614936829, 0.12259234488010406], [-0.14283254742622375, -0.012088868767023087], [0.2855728268623352, 0.153328537940979]]",False
early_neutral,6,1532,0.4895034988337221,-1,[0],"[[-0.8662098050117493, 1.8557382475137274e-07], [0.009695697575807571, -0.15269586443901062], [0.10582492500543594, 0.12338070571422577], [-0.15124458074569702, -0.014020057395100594], [0.2917632460594177, 0.1495364010334015]]",False
early_neutral,6,1533,0.48917027657447515,-1,[0],"[[-0.8754007816314697, 4.326743146521039e-05], [0.0016311471117660403, -0.15373121201992035], [0.09160681068897247, 0.12402141094207764], [-0.15556834638118744, -0.015763113275170326], [0.29590779542922974, 0.1456720232963562]]",False
early_neutral,6,1534,0.4888370543152283,-1,[0],"[[-0.884591817855835, 7.050466956570745e-05], [-0.00444458145648241, -0.15509961545467377], [0.0773715078830719, 0.12447305023670197], [-0.15469679236412048, -0.01803574524819851], [0.29482388496398926, 0.1433229148387909]]",False
early_neutral,6,1535,0.48850383205598136,-1,[0],"[[-0.8937830328941345, 8.300031186081469e-05], [-0.010214777663350105, -0.1569470912218094], [0.06312468647956848, 0.12472985684871674], [-0.15128371119499207, -0.02037680707871914], [0.29031115770339966, 0.1420583724975586]]",False
early_neutral,6,1536,0.48817060979673443,-1,[0],"[[-0.9029741883277893, 8.097492536762729e-05], [-0.015999360010027885, -0.158778578042984], [0.048872627317905426, 0.12478753924369812], [-0.1452476978302002, -0.02161216363310814], [0.28402870893478394, 0.14179185032844543]]",False
early_neutral,6,1537,0.4878373875374875,-1,[0],"[[-0.9121653437614441, 6.740602111676708e-05], [-0.021933773532509804, -0.16039438545703888], [0.0346219576895237, 0.12464368343353271], [-0.13782091438770294, -0.021904204040765762], [0.27647238969802856, 0.1418474018573761]]",False
early_neutral,6,1538,0.4875041652782406,-1,[0],"[[-0.9213564395904541, 4.472916043596342e-05], [-0.028085123747587204, -0.1617479920387268], [0.020379142835736275, 0.12430274486541748], [-0.12945842742919922, -0.022041665390133858], [0.2677803933620453, 0.1419118195772171]]",False
early_neutral,6,1539,0.48717094301899366,-1,[0],"[[-0.9305475950241089, 2.5268025638069957e-05], [-0.03421914577484131, -0.16279657185077667], [0.00614969152957201, 0.12377577275037766], [-0.12030790746212006, -0.022089539095759392], [0.2580970823764801, 0.14214065670967102]]",False
early_neutral,6,1540,0.48683772075974674,-1,[0],"[[-0.9397386312484741, 5.186334965401329e-05], [-0.039567574858665466, -0.16265186667442322], [-0.00806092657148838, 0.12306518852710724], [-0.11111672967672348, -0.02209731563925743], [0.24794170260429382, 0.1426984816789627]]",False
early_neutral,6,1541,0.4865044985004998,-1,[0],"[[-0.9489290118217468, 0.00012696525664068758], [-0.045020658522844315, -0.1608451008796692], [-0.022250281646847725, 0.12219265848398209], [-0.10426129400730133, -0.02243100479245186], [0.23742038011550903, 0.14380881190299988]]",False
early_neutral,6,1542,0.4861712762412529,-1,[0],"[[-0.9581189155578613, 0.0002259767788928002], [-0.05171945318579674, -0.15892060101032257], [-0.03641502559185028, 0.12116455286741257], [-0.09939856082201004, -0.022893356159329414], [0.22633829712867737, 0.1454804390668869]]",False
early_neutral,6,1543,0.485838053982006,-1,[0],"[[-0.967308521270752, 0.0003389175108168274], [-0.059801582247018814, -0.15709714591503143], [-0.05036245658993721, 0.11969497054815292], [-0.09704237431287766, -0.02559373527765274], [0.21469314396381378, 0.1474200189113617]]",False
early_neutral,6,1544,0.4855048317227591,-1,[0],"[[-0.9750204682350159, 0.00040578522020950913], [-0.06885030120611191, -0.15558888018131256], [-0.06242310255765915, 0.11638552695512772], [-0.09198559820652008, -0.028037693351507187], [0.2026233673095703, 0.14964048564434052]]",False
early_neutral,6,1545,0.4851716094635122,-1,[0],"[[-0.9774185419082642, 0.00037963141221553087], [-0.07883797585964203, -0.15448394417762756], [-0.07359378784894943, 0.11203125864267349], [-0.08562818169593811, -0.02930586412549019], [0.190212219953537, 0.15205258131027222]]",False
early_neutral,6,1546,0.48483838720426525,-1,[0],"[[-0.9768705368041992, 0.0004492464067880064], [-0.08972878754138947, -0.1538589596748352], [-0.08496205508708954, 0.1075352355837822], [-0.07998168468475342, -0.02925628051161766], [0.1775358021259308, 0.1546090692281723]]",False
early_neutral,6,1547,0.48450516494501833,-1,[0],"[[-0.9729983806610107, 0.0008543264120817184], [-0.10137107223272324, -0.1534910798072815], [-0.09645696729421616, 0.10289409756660461], [-0.07557333260774612, -0.029676690697669983], [0.16465170681476593, 0.15726928412914276]]",False
early_neutral,6,1548,0.4841719426857714,-1,[0],"[[-0.9675625562667847, 0.0013393525732681155], [-0.11363174766302109, -0.15312105417251587], [-0.10801619291305542, 0.09810851514339447], [-0.0737137645483017, -0.030115602537989616], [0.1515512764453888, 0.15989051759243011]]",False
early_neutral,6,1549,0.4838387204265245,-1,[0],"[[-0.9606567621231079, 0.0018493287498131394], [-0.12638117372989655, -0.15275561809539795], [-0.11957624554634094, 0.09316534548997879], [-0.07069986313581467, -0.030467912554740906], [0.13827073574066162, 0.16244836151599884]]",False
early_neutral,6,1550,0.48350549816727756,-1,[0],"[[-0.9524182677268982, 0.002324874047189951], [-0.13951323926448822, -0.15240676701068878], [-0.13132289052009583, 0.08829259127378464], [-0.06583497673273087, -0.030636057257652283], [0.1248379647731781, 0.16492119431495667]]",False
early_neutral,6,1551,0.48317227590803064,-1,[0],"[[-0.9436531066894531, 0.002702866680920124], [-0.15284335613250732, -0.15208600461483002], [-0.14373373985290527, 0.08406834304332733], [-0.05955909937620163, -0.030682552605867386], [0.11127615720033646, 0.16729435324668884]]",False
early_neutral,6,1552,0.4828390536487837,-1,[0],"[[-0.9392877817153931, 0.002880331827327609], [-0.16356299817562103, -0.15183554589748383], [-0.15670505166053772, 0.08052854239940643], [-0.05197175219655037, -0.030713161453604698], [0.09757956117391586, 0.16949117183685303]]",False
early_neutral,6,1553,0.48250583138953684,-1,[0],"[[-0.9388523697853088, 0.0028980313800275326], [-0.16895711421966553, -0.15170951187610626], [-0.16951026022434235, 0.07744060456752777], [-0.04379376769065857, -0.030624328181147575], [0.08372518420219421, 0.17137818038463593]]",False
early_neutral,6,1554,0.4821726091302899,-1,[0],"[[-0.94132399559021, 0.0028383880853652954], [-0.16942045092582703, -0.15281088650226593], [-0.17894887924194336, 0.0750020295381546], [-0.039904069155454636, -0.030278583988547325], [0.06991411745548248, 0.17292164266109467]]",False
early_neutral,6,1555,0.481839386871043,-1,[0],"[[-0.9456778764724731, 0.0027058981359004974], [-0.16938485205173492, -0.155598446726799], [-0.18309013545513153, 0.07317302376031876], [-0.03952896222472191, -0.030208880081772804], [0.05685213580727577, 0.17393019795417786]]",False
early_neutral,6,1556,0.4815061646117961,-1,[0],"[[-0.950333833694458, 0.0025581433437764645], [-0.1693037897348404, -0.1592566967010498], [-0.18513506650924683, 0.07069231569766998], [-0.04231759160757065, -0.03068687580525875], [0.043963879346847534, 0.17453548312187195]]",False
early_neutral,6,1557,0.48117294235254915,-1,[0],"[[-0.9517744183540344, 0.002549147931858897], [-0.16912351548671722, -0.1634693592786789], [-0.1825287789106369, 0.06828728318214417], [-0.046988435089588165, -0.031160539016127586], [0.0320638008415699, 0.17484498023986816]]",False
early_neutral,6,1558,0.4808397200933022,-1,[0],"[[-0.9517046809196472, 0.002551686717197299], [-0.16933584213256836, -0.1674262136220932], [-0.17694228887557983, 0.06677960604429245], [-0.05312269181013107, -0.03142837807536125], [0.019439248368144035, 0.17527879774570465]]",False
early_neutral,6,1559,0.4805064978340553,-1,[0],"[[-0.9482284784317017, 0.0025137958582490683], [-0.17238101363182068, -0.17053437232971191], [-0.16976334154605865, 0.06564565002918243], [-0.06062287092208862, -0.031703412532806396], [0.006600359454751015, 0.17567341029644012]]",False
early_neutral,6,1560,0.4801732755748084,-1,[0],"[[-0.9430385828018188, 0.002354780677706003], [-0.17610040307044983, -0.1741713136434555], [-0.1612005978822708, 0.06513075530529022], [-0.06933489441871643, -0.03197992965579033], [-0.006378832273185253, 0.17620421946048737]]",False
early_neutral,6,1561,0.47984005331556145,-1,[0],"[[-0.9363754391670227, 0.0020302559714764357], [-0.18239222466945648, -0.17653165757656097], [-0.15201003849506378, 0.06506237387657166], [-0.07871967554092407, -0.032279063016176224], [-0.020044617354869843, 0.17736731469631195]]",False
early_neutral,6,1562,0.4795068310563146,-1,[0],"[[-0.9283720254898071, 0.0015803832793608308], [-0.19048655033111572, -0.17817719280719757], [-0.14392924308776855, 0.0650264322757721], [-0.08895327895879745, -0.032620854675769806], [-0.0338558554649353, 0.17862918972969055]]",False
early_neutral,6,1563,0.47917360879706766,-1,[0],"[[-0.9192835688591003, 0.0010062550427392125], [-0.19971458613872528, -0.17971093952655792], [-0.14096692204475403, 0.06501893699169159], [-0.09963221102952957, -0.03298914059996605], [-0.04774940386414528, 0.17991586029529572]]",False
early_neutral,6,1564,0.47884038653782074,-1,[0],"[[-0.9097232818603516, 0.0003727227740455419], [-0.20991520583629608, -0.18109506368637085], [-0.14101894199848175, 0.06483042985200882], [-0.11070558428764343, -0.033381909132003784], [-0.06170792505145073, 0.18120989203453064]]",False
early_neutral,6,1565,0.4785071642785738,-1,[0],"[[-0.899300217628479, -0.00033491590875200927], [-0.2200431376695633, -0.1821756809949875], [-0.14353929460048676, 0.0630694329738617], [-0.12242098897695541, -0.03380580618977547], [-0.07572127878665924, 0.18248392641544342]]",False
early_neutral,6,1566,0.4781739420193269,-1,[0],"[[-0.8884718418121338, -0.0011244076304137707], [-0.22917337715625763, -0.18289855122566223], [-0.1471838355064392, 0.06061673164367676], [-0.13471098244190216, -0.03424752131104469], [-0.08977929502725601, 0.18372733891010284]]",False
early_neutral,6,1567,0.47784071976007997,-1,[0],"[[-0.8772996068000793, -0.0020580028649419546], [-0.23833194375038147, -0.18339818716049194], [-0.15188084542751312, 0.057546425610780716], [-0.147461399435997, -0.03469950705766678], [-0.10388606786727905, 0.18487130105495453]]",False
early_neutral,6,1568,0.47750749750083304,-1,[0],"[[-0.8655378818511963, -0.003143695183098316], [-0.2475053369998932, -0.1837691217660904], [-0.15749850869178772, 0.05388379096984863], [-0.16057085990905762, -0.035165801644325256], [-0.11803542077541351, 0.18590112030506134]]",False
early_neutral,6,1569,0.4771742752415861,-1,[0],"[[-0.8532642126083374, -0.004373316653072834], [-0.25668632984161377, -0.1840495616197586], [-0.16386526823043823, 0.04973892867565155], [-0.17395783960819244, -0.0356513075530529], [-0.13221167027950287, 0.18686902523040771]]",False
early_neutral,6,1570,0.4768410529823392,-1,[0],"[[-0.8406038284301758, -0.005789089947938919], [-0.26591795682907104, -0.18409650027751923], [-0.17036408185958862, 0.045509614050388336], [-0.18755817413330078, -0.03615649417042732], [-0.14640340209007263, 0.1878180354833603]]",False
early_neutral,6,1571,0.47650783072309233,-1,[0],"[[-0.8276344537734985, -0.007296884898096323], [-0.27538907527923584, -0.1838802993297577], [-0.17686310410499573, 0.04128042608499527], [-0.2013205885887146, -0.036692723631858826], [-0.160610169172287, 0.1887306571006775]]",False
early_neutral,6,1572,0.4761746084638454,-1,[0],"[[-0.8144112229347229, -0.00880923680961132], [-0.2841935157775879, -0.18182812631130219], [-0.1833621710538864, 0.03705127537250519], [-0.2152063101530075, -0.03725672885775566], [-0.1748378872871399, 0.18954665958881378]]",False
early_neutral,6,1573,0.4758413862045985,-1,[0],"[[-0.8017012476921082, -0.01025283895432949], [-0.2932595908641815, -0.17935079336166382], [-0.18986128270626068, 0.0328221432864666], [-0.2291886955499649, -0.03781244903802872], [-0.18908390402793884, 0.19026055932044983]]",False
early_neutral,6,1574,0.47550816394535156,-1,[0],"[[-0.7911702394485474, -0.011558577418327332], [-0.3030112683773041, -0.17651210725307465], [-0.19636037945747375, 0.028593013063073158], [-0.24324579536914825, -0.03834899514913559], [-0.20334579050540924, 0.19086667895317078]]",False
early_neutral,6,1575,0.47517494168610463,-1,[0],"[[-0.7817569971084595, -0.012820416130125523], [-0.3136535882949829, -0.174007385969162], [-0.20285950601100922, 0.02436388097703457], [-0.25736069679260254, -0.03885806351900101], [-0.21762076020240784, 0.19136257469654083]]",False
early_neutral,6,1576,0.4748417194268577,-1,[0],"[[-0.7762563228607178, -0.013706251978874207], [-0.3249126374721527, -0.1741914600133896], [-0.20935863256454468, 0.02013476751744747], [-0.2715206444263458, -0.03932981938123703], [-0.23190589249134064, 0.1917496770620346]]",False
early_neutral,6,1577,0.4745084971676108,-1,[0],"[[-0.7753192186355591, -0.013996894471347332], [-0.3361032009124756, -0.17654965817928314], [-0.21585778892040253, 0.01590566895902157], [-0.28571510314941406, -0.039764516055583954], [-0.2461986094713211, 0.19203071296215057]]",False
early_neutral,6,1578,0.47417527490836386,-1,[0],"[[-0.7770524024963379, -0.01418747566640377], [-0.34753841161727905, -0.17958369851112366], [-0.22235694527626038, 0.011676565743982792], [-0.2999359369277954, -0.0401657409965992], [-0.2604966163635254, 0.19220635294914246]]",False
early_neutral,6,1579,0.47384205264911694,-1,[0],"[[-0.781112015247345, -0.014469314366579056], [-0.3588467240333557, -0.1833614706993103], [-0.22885610163211823, 0.007447466254234314], [-0.31417712569236755, -0.04053374379873276], [-0.2747977077960968, 0.19228212535381317]]",False
early_neutral,6,1580,0.47350883038987,-1,[0],"[[-0.7857175469398499, -0.01459820568561554], [-0.36798661947250366, -0.18640156090259552], [-0.23535525798797607, 0.0032183656003326178], [-0.32843396067619324, -0.04086851328611374], [-0.28909996151924133, 0.19225923717021942]]",False
early_neutral,6,1581,0.47317560813062315,-1,[0],"[[-0.79000324010849, -0.014643561094999313], [-0.37643060088157654, -0.18876191973686218], [-0.24185441434383392, -0.001010737381875515], [-0.3427030146121979, -0.04117003455758095], [-0.30339616537094116, 0.19199560582637787]]",False
early_neutral,6,1582,0.4728423858713762,-1,[0],"[[-0.7942894697189331, -0.014637241140007973], [-0.38510605692863464, -0.1907299906015396], [-0.24835357069969177, -0.005239835940301418], [-0.35698115825653076, -0.041444648057222366], [-0.31766679883003235, 0.19137535989284515]]",False
early_neutral,6,1583,0.4725091636121293,-1,[0],"[[-0.797163724899292, -0.014600485563278198], [-0.3940392732620239, -0.19212652742862701], [-0.2548527121543884, -0.009468941017985344], [-0.37126579880714417, -0.041708171367645264], [-0.3319089114665985, 0.19051335752010345]]",False
early_neutral,6,1584,0.4721759413528824,-1,[0],"[[-0.7980946898460388, -0.014580010436475277], [-0.4031371474266052, -0.19296559691429138], [-0.26135188341140747, -0.013698038645088673], [-0.3855554163455963, -0.04196127504110336], [-0.34617140889167786, 0.1898067146539688]]",False
early_neutral,6,1585,0.47184271909363545,-1,[0],"[[-0.7992138862609863, -0.014464790932834148], [-0.4122946262359619, -0.19347026944160461], [-0.2678510248661041, -0.0179271399974823], [-0.39984893798828125, -0.04220425710082054], [-0.3604525029659271, 0.18928012251853943]]",False
early_neutral,6,1586,0.47150949683438853,-1,[0],"[[-0.8029683232307434, -0.01404819916933775], [-0.4214789867401123, -0.19368498027324677], [-0.27435019612312317, -0.0221562422811985], [-0.4141453802585602, -0.042437195777893066], [-0.37473320960998535, 0.18874627351760864]]",False
early_neutral,6,1587,0.4711762745751416,-1,[0],"[[-0.8078446984291077, -0.013458790257573128], [-0.4306696057319641, -0.1937510222196579], [-0.2808493673801422, -0.026385342702269554], [-0.42844441533088684, -0.04265030845999718], [-0.389006108045578, 0.18812914192676544]]",False
early_neutral,6,1588,0.4708430523158947,-1,[0],"[[-0.8115894794464111, -0.012997527606785297], [-0.43986061215400696, -0.19378454983234406], [-0.28734850883483887, -0.030614448711276054], [-0.44274601340293884, -0.04283170774579048], [-0.40325087308883667, 0.18728914856910706]]",False
early_neutral,6,1589,0.47050983005664776,-1,[0],"[[-0.815335214138031, -0.012539711780846119], [-0.44905173778533936, -0.1938009262084961], [-0.2938476502895355, -0.034843556582927704], [-0.45704948902130127, -0.04298041760921478], [-0.4174124598503113, 0.185983344912529]]",False
early_neutral,6,1590,0.4701766077974009,-1,[0],"[[-0.8174360394477844, -0.012291410006582737], [-0.4582425653934479, -0.19385406374931335], [-0.3003467917442322, -0.039072662591934204], [-0.471354603767395, -0.04309159144759178], [-0.4314568340778351, 0.18422052264213562]]",False
early_neutral,6,1591,0.46984338553815397,-1,[0],"[[-0.8182656168937683, -0.012198131531476974], [-0.46746280789375305, -0.19394847750663757], [-0.30606088042259216, -0.042790964245796204], [-0.48566100001335144, -0.04316443204879761], [-0.4453750550746918, 0.18207454681396484]]",False
early_neutral,6,1592,0.46951016327890704,-1,[0],"[[-0.820748507976532, -0.011292867362499237], [-0.4773683547973633, -0.19408190250396729], [-0.30815553665161133, -0.04415401816368103], [-0.49996834993362427, -0.04319004341959953], [-0.4591481387615204, 0.1795630306005478]]",False
early_neutral,6,1593,0.4691769410196601,-1,[0],"[[-0.8244752883911133, -0.010263185016810894], [-0.48810991644859314, -0.1942548155784607], [-0.3080086410045624, -0.044244106858968735], [-0.5142760872840881, -0.04316335171461105], [-0.47280964255332947, 0.1768035590648651]]",False
early_neutral,6,1594,0.4688437187604132,-1,[0],"[[-0.8277316093444824, -0.00960951391607523], [-0.498122900724411, -0.19443358480930328], [-0.3047035038471222, -0.04420788213610649], [-0.5285835862159729, -0.04308803379535675], [-0.48639580607414246, 0.1738908737897873]]",False
early_neutral,6,1595,0.4685104965011663,-1,[0],"[[-0.8294668197631836, -0.009344360791146755], [-0.507314145565033, -0.1945963352918625], [-0.29998543858528137, -0.04418488219380379], [-0.5428906679153442, -0.042973194271326065], [-0.4999154508113861, 0.17084965109825134]]",False
early_neutral,6,1596,0.46817727424191935,-1,[0],"[[-0.8295477032661438, -0.009335556998848915], [-0.5166015625, -0.19475828111171722], [-0.2954404354095459, -0.04314640909433365], [-0.5571970343589783, -0.042818862944841385], [-0.5134108662605286, 0.16776320338249207]]",False
early_neutral,6,1597,0.4678440519826724,-1,[0],"[[-0.8295477032661438, -0.009335556998848915], [-0.5266844630241394, -0.19492505490779877], [-0.2940676212310791, -0.03999055176973343], [-0.571502149105072, -0.04262058436870575], [-0.5268712639808655, 0.16461649537086487]]",False
early_neutral,6,1598,0.4675108297234255,-1,[0],"[[-0.8315073847770691, -0.010321530513465405], [-0.5375767946243286, -0.19509422779083252], [-0.2935692369937897, -0.03619346767663956], [-0.5858057141304016, -0.04237706586718559], [-0.5403949022293091, 0.16235250234603882]]",False
early_neutral,6,1599,0.46717760746417863,-1,[0],"[[-0.8351621627807617, -0.011903663165867329], [-0.5491883754730225, -0.1953970491886139], [-0.28995996713638306, -0.03450517728924751], [-0.6001096367835999, -0.0421392023563385], [-0.5533479452133179, 0.1624089777469635]]",False
early_neutral,6,1600,0.4668443852049317,-1,[0],"[[-0.8401814699172974, -0.013768713921308517], [-0.5613695383071899, -0.19620011746883392], [-0.28410303592681885, -0.034332651644945145], [-0.6144158840179443, -0.04196919500827789], [-0.5663892030715942, 0.16264650225639343]]",False
early_neutral,6,1601,0.4665111629456848,-1,[0],"[[-0.846420407295227, -0.01605161838233471], [-0.5739554762840271, -0.1974812000989914], [-0.2769578695297241, -0.03431893512606621], [-0.6287240386009216, -0.04188305884599686], [-0.5782757997512817, 0.16065488755702972]]",False
early_neutral,6,1602,0.46617794068643786,-1,[0],"[[-0.8537474870681763, -0.018723543733358383], [-0.5869325995445251, -0.19875918328762054], [-0.26864326000213623, -0.034311555325984955], [-0.6430321335792542, -0.04196089506149292], [-0.5892810821533203, 0.15686525404453278]]",False
early_neutral,6,1603,0.46584471842719094,-1,[0],"[[-0.8619990348815918, -0.0217574629932642], [-0.6002285480499268, -0.19996358454227448], [-0.2598211467266083, -0.034943994134664536], [-0.6573354601860046, -0.04221391677856445], [-0.6005181074142456, 0.15278653800487518]]",False
early_neutral,6,1604,0.465511496167944,-1,[0],"[[-0.9724264144897461, -0.0], [-0.4135110378265381, -0.23210525512695312], [-0.5055146813392639, -0.07535884529352188], [-0.5055146813392639, 0.07535884529352188], [-0.4135110378265381, 0.2321052849292755]]",False
early_neutral,6,1605,0.4651782739086971,-1,[0],"[[-0.9699922204017639, 1.704180963013613e-10], [-0.4135110378265381, -0.23210525512695312], [-0.5055146813392639, -0.07535884529352188], [-0.5055146813392639, 0.07535884529352188], [-0.4135110378265381, 0.2321052849292755]]",False
early_neutral,6,1606,0.46484505164945017,-1,[0],"[[-0.9652454853057861, 3.709580143063107e-10], [-0.4135110378265381, -0.23210525512695312], [-0.5055146813392639, -0.07535884529352188], [-0.5055146813392639, 0.07535884529352188], [-0.4135110378265381, 0.2321052849292755]]",False
early_neutral,6,1607,0.46451182939020325,-1,[0],"[[-0.9590409994125366, 3.879782525473274e-06], [-0.4135110378265381, -0.23210525512695312], [-0.5055146813392639, -0.07535884529352188], [-0.5055146813392639, 0.07535884529352188], [-0.4135110378265381, 0.2321052849292755]]",False
early_neutral,6,1608,0.4641786071309563,-1,[0],"[[-0.9516156911849976, 1.2727939065371174e-05], [-0.4135110378265381, -0.23210525512695312], [-0.5055146813392639, -0.07535884529352188], [-0.5055146813392639, 0.07535884529352188], [-0.4135110378265381, 0.2321052849292755]]",False
early_neutral,6,1609,0.46384538487170945,-1,[0],"[[-0.9430671334266663, 2.143803249055054e-05], [-0.4135110378265381, -0.23210525512695312], [-0.5055146813392639, -0.07535884529352188], [-0.5055146813392639, 0.07535884529352188], [-0.4135110378265381, 0.2321052849292755]]",False
early_neutral,6,1610,0.46351216261246253,-1,[0],"[[-0.9337019324302673, 2.375715848756954e-05], [-0.4135657548904419, -0.23208102583885193], [-0.5057051777839661, -0.07532346248626709], [-0.5055146813392639, 0.07535884529352188], [-0.41402339935302734, 0.2321619987487793]]",False
early_neutral,6,1611,0.4631789403532156,-1,[0],"[[-0.9245632886886597, 2.375618896621745e-05], [-0.4162600338459015, -0.23097902536392212], [-0.5089933276176453, -0.07459872961044312], [-0.5075068473815918, 0.07506722211837769], [-0.417558878660202, 0.2324877232313156]]",False
early_neutral,6,1612,0.4628457180939687,-1,[0],"[[-0.915128231048584, -3.859823118546046e-05], [-0.4206591546535492, -0.22941440343856812], [-0.5136927962303162, -0.07328347861766815], [-0.5119919776916504, 0.07462398707866669], [-0.42255353927612305, 0.23281441628932953]]",False
early_neutral,6,1613,0.46251249583472176,-1,[0],"[[-0.9069041609764099, -0.001193702919408679], [-0.4265389144420624, -0.22764305770397186], [-0.5188641548156738, -0.07144246995449066], [-0.5179638266563416, 0.07439704239368439], [-0.4288135766983032, 0.233138307929039]]",False
early_neutral,6,1614,0.46217927357547484,-1,[0],"[[-0.9001675248146057, -0.004204979166388512], [-0.4338074326515198, -0.22575336694717407], [-0.5225639939308167, -0.06933874636888504], [-0.5243930220603943, 0.07423922419548035], [-0.4352279305458069, 0.2334638237953186]]",False
early_neutral,6,1615,0.4618460513162279,-1,[0],"[[-0.8938440084457397, -0.008569151163101196], [-0.44233328104019165, -0.22388549149036407], [-0.5233989953994751, -0.06834757328033447], [-0.5308206081390381, 0.07405494153499603], [-0.44164299964904785, 0.23378226161003113]]",False
early_neutral,6,1616,0.461512829056981,-1,[0],"[[-0.8874514698982239, -0.013719440437853336], [-0.45123177766799927, -0.2220296412706375], [-0.5203077793121338, -0.06840069591999054], [-0.5372445583343506, 0.07382369041442871], [-0.44790226221084595, 0.23408348858356476]]",False
early_neutral,6,1617,0.46117960679773407,-1,[0],"[[-0.8813166618347168, -0.019537147134542465], [-0.4601099193096161, -0.22013306617736816], [-0.5158243775367737, -0.06837467104196548], [-0.5436601042747498, 0.0735095739364624], [-0.454318106174469, 0.2343822717666626]]",False
early_neutral,6,1618,0.4608463845384872,-1,[0],"[[-0.8754178285598755, -0.025622069835662842], [-0.4677524268627167, -0.21853727102279663], [-0.5100305080413818, -0.06847130507230759], [-0.5500633716583252, 0.07311104983091354], [-0.46073657274246216, 0.23466871678829193]]",False
early_neutral,6,1619,0.4605131622792403,-1,[0],"[[-0.8694656491279602, -0.03217441216111183], [-0.47332093119621277, -0.21785612404346466], [-0.5029568672180176, -0.06870029121637344], [-0.5563390254974365, 0.07262825220823288], [-0.46704915165901184, 0.23491983115673065]]",False
early_neutral,6,1620,0.46017994001999335,-1,[0],"[[-0.863336443901062, -0.03908506780862808], [-0.47888416051864624, -0.21757422387599945], [-0.4950549006462097, -0.06903187930583954], [-0.5626581907272339, 0.07204565405845642], [-0.47342362999916077, 0.23513837158679962]]",False
early_neutral,6,1621,0.4598467177607464,-1,[0],"[[-0.857018232345581, -0.046272359788417816], [-0.4842710793018341, -0.21757039427757263], [-0.4861189126968384, -0.06945765018463135], [-0.5690009593963623, 0.07135868072509766], [-0.47985100746154785, 0.2353229522705078]]",False
early_neutral,6,1622,0.4595134955014995,-1,[0],"[[-0.8505401015281677, -0.053667742758989334], [-0.48965170979499817, -0.21777285635471344], [-0.4769575595855713, -0.06993895024061203], [-0.5751628875732422, 0.0704575926065445], [-0.48622894287109375, 0.23545050621032715]]",False
early_neutral,6,1623,0.4591802732422526,-1,[0],"[[-0.8438410758972168, -0.061185553669929504], [-0.4942762553691864, -0.21867001056671143], [-0.46779969334602356, -0.07044753432273865], [-0.5812066197395325, 0.06927967071533203], [-0.4925524592399597, 0.23551326990127563]]",False
early_neutral,6,1624,0.45884705098300566,-1,[0],"[[-0.8370410203933716, -0.06867467612028122], [-0.49733802676200867, -0.22008895874023438], [-0.4586452543735504, -0.07098186761140823], [-0.5872269868850708, 0.06780537962913513], [-0.4989861845970154, 0.23551322519779205]]",False
early_neutral,6,1625,0.45851382872375873,-1,[0],"[[-0.8305693864822388, -0.07559335231781006], [-0.4988800883293152, -0.2211228907108307], [-0.4494931399822235, -0.07153249531984329], [-0.5922561287879944, 0.0652688667178154], [-0.505395233631134, 0.2354193925857544]]",False
early_neutral,6,1626,0.4581806064645118,-1,[0],"[[-0.8239506483078003, -0.08245283365249634], [-0.498892217874527, -0.22110147774219513], [-0.4403429627418518, -0.07209666818380356], [-0.5964581370353699, 0.06212642416357994], [-0.5116720199584961, 0.23521079123020172]]",False
early_neutral,6,1627,0.4578473842052649,-1,[0],"[[-0.8181412816047668, -0.0883205309510231], [-0.4966396391391754, -0.22077912092208862], [-0.431194543838501, -0.07267315685749054], [-0.6001293659210205, 0.05873590707778931], [-0.5180854797363281, 0.2348792552947998]]",True
early_neutral,6,1628,0.457514161946018,-1,[0],"[[-0.814515233039856, -0.0917448028922081], [-0.4921545386314392, -0.22027063369750977], [-0.42204779386520386, -0.07326047122478485], [-0.6020151972770691, 0.05476042255759239], [-0.524448037147522, 0.2343936413526535]]",True
early_neutral,6,1629,0.4571809396867711,-1,[0],"[[-0.8110247850418091, -0.09465955942869186], [-0.4860677719116211, -0.21951504051685333], [-0.4127604365348816, -0.07386880367994308], [-0.6035495400428772, 0.050699859857559204], [-0.5306119322776794, 0.23370327055454254]]",True
early_neutral,6,1630,0.45684771742752417,-1,[0],"[[-0.8073300719261169, -0.09658163040876389], [-0.47866934537887573, -0.2188459187746048], [-0.40267670154571533, -0.07454496622085571], [-0.6045167446136475, 0.04656495153903961], [-0.5368838906288147, 0.23277230560779572]]",True
early_neutral,6,1631,0.45651449516827725,-1,[0],"[[-0.8060688376426697, -0.09671296924352646], [-0.4702666997909546, -0.21862876415252686], [-0.3918313980102539, -0.07528882473707199], [-0.6045015454292297, 0.04238242283463478], [-0.5427278876304626, 0.23126773536205292]]",True
early_neutral,6,1632,0.4561812729090303,-1,[0],"[[-0.8068268299102783, -0.09471067041158676], [-0.46097424626350403, -0.2185409516096115], [-0.38029417395591736, -0.07609476149082184], [-0.6026571393013, 0.03844105452299118], [-0.547505259513855, 0.22867172956466675]]",True
early_neutral,6,1633,0.4558480506497834,-1,[0],"[[-0.8077588081359863, -0.09188390523195267], [-0.4516300857067108, -0.21850913763046265], [-0.3681713044643402, -0.07696537673473358], [-0.5992715954780579, 0.03492759168148041], [-0.5521856546401978, 0.22596144676208496]]",True
early_neutral,6,1634,0.4555148283905365,-1,[0],"[[-0.8088487982749939, -0.08819831162691116], [-0.4423055350780487, -0.2185000479221344], [-0.3555862009525299, -0.07789423316717148], [-0.5957083106040955, 0.03145613521337509], [-0.5538130402565002, 0.22506055235862732]]",True
early_neutral,6,1635,0.45518160613128955,-1,[0],"[[-0.8097311854362488, -0.08356691151857376], [-0.43305113911628723, -0.21849456429481506], [-0.3426423966884613, -0.07888693362474442], [-0.591792643070221, 0.028136061504483223], [-0.5538130402565002, 0.22506055235862732]]",True
early_neutral,6,1636,0.4548483838720426,-1,[0],"[[-0.810081958770752, -0.07950280606746674], [-0.42373883724212646, -0.21848459541797638], [-0.3294227123260498, -0.07994422316551208], [-0.587421715259552, 0.025065960362553596], [-0.5524239540100098, 0.22434557974338531]]",True
early_neutral,6,1637,0.45451516161279576,-1,[0],"[[-0.8099757432937622, -0.0755753144621849], [-0.4140973389148712, -0.21844562888145447], [-0.3159935772418976, -0.08106828480958939], [-0.5826287269592285, 0.022275365889072418], [-0.549390435218811, 0.2224997878074646]]",True
early_neutral,6,1638,0.45418193935354884,-1,[0],"[[-0.8085012435913086, -0.07193087041378021], [-0.40490615367889404, -0.21844567358493805], [-0.30240848660469055, -0.08226709812879562], [-0.5774524807929993, 0.01979152485728264], [-0.5456573367118835, 0.2197837382555008]]",True
early_neutral,6,1639,0.4538487170943019,-1,[0],"[[-0.8040101528167725, -0.06935045123100281], [-0.3953612446784973, -0.21837693452835083], [-0.2887071669101715, -0.08353562653064728], [-0.571968138217926, 0.01760392263531685], [-0.5412431955337524, 0.21673861145973206]]",True
early_neutral,6,1640,0.453515494835055,-1,[0],"[[-0.798686683177948, -0.06773526966571808], [-0.3859523832798004, -0.2183346152305603], [-0.2749217748641968, -0.08487646281719208], [-0.5663095116615295, 0.015612575225532055], [-0.5365964770317078, 0.21384362876415253]]",True
early_neutral,6,1641,0.45318227257580806,-1,[0],"[[-0.7959756255149841, -0.06680607050657272], [-0.37664011120796204, -0.21826696395874023], [-0.26107582449913025, -0.08628532290458679], [-0.5605044364929199, 0.013808298856019974], [-0.5321061611175537, 0.2108478844165802]]",True
early_neutral,6,1642,0.45284905031656114,-1,[1],"[[-0.7955846786499023, -0.06662394106388092], [-0.3669985830783844, -0.21801505982875824], [-0.2471866011619568, -0.08775520324707031], [-0.5546972155570984, 0.012083529494702816], [-0.528117299079895, 0.20756539702415466]]",True
early_neutral,6,1643,0.4525158280573142,-1,[1],"[[-0.7935977578163147, -0.06662651896476746], [-0.3578074276447296, -0.21801510453224182], [-0.23326803743839264, -0.08928414434194565], [-0.5489324331283569, 0.010390243493020535], [-0.5239937901496887, 0.20457769930362701]]",True
early_neutral,6,1644,0.4521826057980673,-1,[1],"[[-0.7892202734947205, -0.06672532856464386], [-0.34848251938819885, -0.2180202156305313], [-0.21932893991470337, -0.09086309373378754], [-0.5430575609207153, 0.00868351198732853], [-0.5181876420974731, 0.20333027839660645]]",True
early_neutral,6,1645,0.45184938353882037,-1,[1],"[[-0.7839310169219971, -0.06696491688489914], [-0.3384395241737366, -0.21803636848926544], [-0.20537635684013367, -0.09248664230108261], [-0.5371875762939453, 0.006991882808506489], [-0.5117853283882141, 0.2029997557401657]]",True
early_neutral,6,1646,0.4515161612795735,-1,[0],"[[-0.7792347073554993, -0.06722299009561539], [-0.3277723789215088, -0.21739333868026733], [-0.19141565263271332, -0.09415051341056824], [-0.5314323306083679, 0.005342504940927029], [-0.5054086446762085, 0.20280614495277405]]",True
early_neutral,6,1647,0.4511829390203266,-1,[0],"[[-0.7745422124862671, -0.06750921905040741], [-0.31826356053352356, -0.21575210988521576], [-0.17744897305965424, -0.09584514796733856], [-0.525538980960846, 0.0036628679372370243], [-0.4990905821323395, 0.20261333882808685]]",True
early_neutral,6,1648,0.45084971676107966,-1,[0],"[[-0.7719005346298218, -0.06755819916725159], [-0.3090723752975464, -0.2157585471868515], [-0.1634792536497116, -0.09756803512573242], [-0.5196389555931091, 0.0019933448638767004], [-0.4926639199256897, 0.20241621136665344]]",True
early_neutral,6,1649,0.45051649450183273,-1,[0],"[[-0.771024227142334, -0.06749411672353745], [-0.2997472286224365, -0.21579647064208984], [-0.1495029479265213, -0.09929734468460083], [-0.5138757228851318, 0.00037866560160182416], [-0.4862750768661499, 0.2021331936120987]]",True
early_neutral,6,1650,0.4501832722425858,-1,[0],"[[-0.7710070610046387, -0.06749125570058823], [-0.2912822961807251, -0.21463531255722046], [-0.13552017509937286, -0.10102662444114685], [-0.5079571604728699, -0.0012629717821255326], [-0.48002833127975464, 0.20170031487941742]]",True
early_neutral,6,1651,0.4498500499833389,-1,[0],"[[-0.7710070610046387, -0.06749125570058823], [-0.2836272716522217, -0.21324372291564941], [-0.12152627855539322, -0.1027342900633812], [-0.5017586946487427, -0.002956958254799247], [-0.47366130352020264, 0.2011001855134964]]",True
early_neutral,6,1652,0.44951682772409196,-1,[0],"[[-0.7709528207778931, -0.06741492450237274], [-0.277317613363266, -0.21127867698669434], [-0.10751509666442871, -0.10439407080411911], [-0.49439316987991333, -0.004906679503619671], [-0.467336505651474, 0.20035941898822784]]",True
early_neutral,6,1653,0.44918360546484504,-1,[1],"[[-0.7697205543518066, -0.06554672122001648], [-0.2721097767353058, -0.20816102623939514], [-0.09348645806312561, -0.10600045323371887], [-0.4860047996044159, -0.007053135894238949], [-0.4611988365650177, 0.19952508807182312]]",True
early_neutral,6,1654,0.4488503832055981,-1,[1],"[[-0.7680391073226929, -0.06268300861120224], [-0.26652055978775024, -0.20460838079452515], [-0.07943454384803772, -0.10752642899751663], [-0.477456271648407, -0.009250164031982422], [-0.4549400508403778, 0.19855572283267975]]",True
early_neutral,6,1655,0.4485171609463512,-1,[1],"[[-0.7665283679962158, -0.059808362275362015], [-0.2619156241416931, -0.20012083649635315], [-0.06536122411489487, -0.10897309333086014], [-0.46893033385276794, -0.011484088376164436], [-0.4487210810184479, 0.19748584926128387]]",True
early_neutral,6,1656,0.4481839386871043,-1,[1],"[[-0.7652013897895813, -0.057122569531202316], [-0.2561059296131134, -0.19554811716079712], [-0.0513475127518177, -0.11064725369215012], [-0.46042728424072266, -0.013754700310528278], [-0.44267892837524414, 0.1963849663734436]]",True
early_neutral,6,1657,0.4478507164278574,-1,[1],"[[-0.7638773918151855, -0.054330334067344666], [-0.24938291311264038, -0.19064219295978546], [-0.03745991364121437, -0.11272178590297699], [-0.4519474506378174, -0.016061758622527122], [-0.4365096986293793, 0.19520077109336853]]",True
early_neutral,6,1658,0.4475174941686105,-1,[1],"[[-0.7618967294692993, -0.05079864338040352], [-0.2424263209104538, -0.18558476865291595], [-0.023677732795476913, -0.11507974565029144], [-0.4434871971607208, -0.018399057909846306], [-0.4303610920906067, 0.19396823644638062]]",True
early_neutral,6,1659,0.44718427190936355,-1,[1],"[[-0.7589824795722961, -0.046530675143003464], [-0.23482264578342438, -0.18028029799461365], [-0.009896235540509224, -0.11744086444377899], [-0.43501678109169006, -0.0207207128405571], [-0.4243136942386627, 0.19276244938373566]]",True
early_neutral,6,1660,0.4468510496501166,-1,[1],"[[-0.7552004456520081, -0.041854821145534515], [-0.22667764127254486, -0.1747046262025833], [0.003891325555741787, -0.11978793144226074], [-0.4265303611755371, -0.02301751635968685], [-0.41820240020751953, 0.1915624886751175]]",True
early_neutral,6,1661,0.4465178273908697,-1,[1],"[[-0.751643717288971, -0.03796696662902832], [-0.21817424893379211, -0.16882793605327606], [0.017709046602249146, -0.12205930054187775], [-0.4180057644844055, -0.02525351755321026], [-0.41203463077545166, 0.19037161767482758]]",True
early_neutral,6,1662,0.4461846051316228,-1,[1],"[[-0.7488800287246704, -0.03547069430351257], [-0.20962963998317719, -0.16283036768436432], [0.03156255558133125, -0.12423703819513321], [-0.4094264507293701, -0.027398983016610146], [-0.4058937728404999, 0.1892457902431488]]",True
early_neutral,6,1663,0.44585138287237586,-1,[1],"[[-0.7462653517723083, -0.033383727073669434], [-0.20039023458957672, -0.15706251561641693], [0.04540187492966652, -0.1264524906873703], [-0.4007895290851593, -0.029444193467497826], [-0.39977729320526123, 0.18820048868656158]]",True
early_neutral,6,1664,0.44551816061312893,-1,[1],"[[-0.7452690601348877, -0.03236842900514603], [-0.19110341370105743, -0.15127146244049072], [0.05916300043463707, -0.12886573374271393], [-0.3920811414718628, -0.03135662525892258], [-0.3935268819332123, 0.18720823526382446]]",True
early_neutral,6,1665,0.44518493835388206,-1,[1],"[[-0.7451608777046204, -0.03222368285059929], [-0.18122577667236328, -0.1463765799999237], [0.07271850109100342, -0.13134141266345978], [-0.3833041787147522, -0.03313136100769043], [-0.3872656226158142, 0.18630428612232208]]",True
early_neutral,6,1666,0.44485171609463514,-1,[1],"[[-0.7426779866218567, -0.031473852694034576], [-0.17031805217266083, -0.14260408282279968], [0.08593932539224625, -0.13363851606845856], [-0.37445133924484253, -0.03473834693431854], [-0.3810980021953583, 0.18551377952098846]]",True
early_neutral,6,1667,0.4445184938353882,-1,[1],"[[-0.7383309602737427, -0.0303468257188797], [-0.1590646654367447, -0.13879044353961945], [0.0990234911441803, -0.13593311607837677], [-0.36552563309669495, -0.03616433963179588], [-0.3747580051422119, 0.18480196595191956]]",True
early_neutral,6,1668,0.4441852715761413,-1,[1],"[[-0.7335760593414307, -0.028863199055194855], [-0.14747153222560883, -0.1348424255847931], [0.10998528450727463, -0.13772626221179962], [-0.35653167963027954, -0.03739499673247337], [-0.36839962005615234, 0.18419334292411804]]",True
early_neutral,6,1669,0.44385204931689437,-1,[1],"[[-0.7335282564163208, -0.026251329109072685], [-0.13561245799064636, -0.1307927519083023], [0.11881136149168015, -0.13920405507087708], [-0.3474733531475067, -0.0384061262011528], [-0.3621737062931061, 0.18370774388313293]]",True
early_neutral,6,1670,0.44351882705764745,-1,[1],"[[-0.736850917339325, -0.02329922467470169], [-0.12354304641485214, -0.12679030001163483], [0.12767545878887177, -0.14059992134571075], [-0.3383629024028778, -0.03919440135359764], [-0.3557675778865814, 0.18332092463970184]]",True
early_neutral,6,1671,0.4431856047984005,-1,[1],"[[-0.7428244948387146, -0.02114669233560562], [-0.1115950345993042, -0.12403915822505951], [0.13659608364105225, -0.14185020327568054], [-0.32921162247657776, -0.039746951311826706], [-0.34935009479522705, 0.1830378621816635]]",True
early_neutral,6,1672,0.4428523825391536,-1,[1],"[[-0.7504417896270752, -0.019392510876059532], [-0.09969630092382431, -0.12085003405809402], [0.14556828141212463, -0.14293931424617767], [-0.3200336992740631, -0.040060535073280334], [-0.3430843949317932, 0.1828353852033615]]",True
early_neutral,6,1673,0.4425191602799067,-1,[1],"[[-0.7589865922927856, -0.017227372154593468], [-0.0877859815955162, -0.1183820441365242], [0.154597669839859, -0.14384765923023224], [-0.31084397435188293, -0.04014661908149719], [-0.33665573596954346, 0.18270161747932434]]",True
early_neutral,6,1674,0.4421859380206598,-1,[1],"[[-0.7684183716773987, -0.01483504381030798], [-0.07553160190582275, -0.11722081154584885], [0.16365501284599304, -0.14464999735355377], [-0.30165553092956543, -0.04001486301422119], [-0.330223023891449, 0.18263813853263855]]",True
early_neutral,6,1675,0.4418527157614129,-1,[1],"[[-0.7785218358039856, -0.012278038077056408], [-0.06295131891965866, -0.11607913672924042], [0.17275147140026093, -0.14527961611747742], [-0.29247987270355225, -0.039671946316957474], [-0.3238990306854248, 0.1826208233833313]]",True
early_neutral,6,1676,0.44151949350216596,-1,[1],"[[-0.7887841463088989, -0.009684435091912746], [-0.049993082880973816, -0.11484818160533905], [0.18187719583511353, -0.14582885801792145], [-0.2833254039287567, -0.03914086893200874], [-0.31751587986946106, 0.18264463543891907]]",True
early_neutral,6,1677,0.44118627124291904,-1,[1],"[[-0.7996403574943542, -0.006943598389625549], [-0.03674016892910004, -0.11355508118867874], [0.1910424530506134, -0.14633706212043762], [-0.2742007076740265, -0.038424745202064514], [-0.3110828697681427, 0.18270917236804962]]",True
early_neutral,6,1678,0.4408530489836721,-1,[1],"[[-0.8086645603179932, -0.004666726570576429], [-0.023247795179486275, -0.11226786673069], [0.2002086043357849, -0.14677712321281433], [-0.26511070132255554, -0.037541016936302185], [-0.3047011196613312, 0.18280069530010223]]",True
early_neutral,6,1679,0.4405198267244252,-1,[1],"[[-0.8157278299331665, -0.0028862564358860254], [-0.009840850718319416, -0.1115991622209549], [0.2093937247991562, -0.14711031317710876], [-0.2560608685016632, -0.03649718314409256], [-0.2983786463737488, 0.18291370570659637]]",True
early_neutral,6,1680,0.44018660446517827,-1,[1],"[[-0.8208999633789062, -0.0015928716165944934], [0.003070960519835353, -0.1119176372885704], [0.2186621129512787, -0.14732682704925537], [-0.24705427885055542, -0.03530513122677803], [-0.2919482886791229, 0.18305107951164246]]",True
early_neutral,6,1681,0.43985338220593134,-1,[1],"[[-0.8226438164710999, -0.0012254846515133977], [0.01593833975493908, -0.11129282414913177], [0.22793541848659515, -0.147417351603508], [-0.23808997869491577, -0.03398502990603447], [-0.28553318977355957, 0.18320824205875397]]",True
early_neutral,6,1682,0.4395201599466844,-1,[1],"[[-0.8227722644805908, -0.00120253034401685], [0.028302567079663277, -0.11229594796895981], [0.23720982670783997, -0.14739924669265747], [-0.2291693240404129, -0.03254493698477745], [-0.2792500853538513, 0.18338008224964142]]",True
early_neutral,6,1683,0.4391869376874375,-1,[1],"[[-0.8227722644805908, -0.00120253034401685], [0.04051077738404274, -0.11392726004123688], [0.24648340046405792, -0.14731542766094208], [-0.220274418592453, -0.031038744375109673], [-0.27282315492630005, 0.18357402086257935]]",True
early_neutral,6,1684,0.4388537154281906,-1,[1],"[[-0.8227722644805908, -0.00120253034401685], [0.05312957242131233, -0.11557770520448685], [0.2557552754878998, -0.14717064797878265], [-0.2114020437002182, -0.029477298259735107], [-0.2663971781730652, 0.18378089368343353]]",True
early_neutral,6,1685,0.4385204931689437,-1,[1],"[[-0.8227722644805908, -0.00120253034401685], [0.06611450016498566, -0.11721710115671158], [0.2650262117385864, -0.146999791264534], [-0.20255538821220398, -0.02785523235797882], [-0.2601303160190582, 0.18398624658584595]]",True
early_neutral,6,1686,0.4381872709096968,-1,[1],"[[-0.8227722644805908, -0.00120253034401685], [0.0793703943490982, -0.11888886988162994], [0.2742964029312134, -0.14681288599967957], [-0.1937374621629715, -0.026168255135416985], [-0.25370490550994873, 0.18420031666755676]]",True
early_neutral,6,1687,0.43785404865044986,-1,[1],"[[-0.8227722644805908, -0.00120253034401685], [0.09282396733760834, -0.12062151730060577], [0.2835659682750702, -0.1466134637594223], [-0.18494823575019836, -0.024418991059064865], [-0.24727986752986908, 0.1844189167022705]]",True
early_neutral,6,1688,0.43752082639120293,-1,[1],"[[-0.8227722644805908, -0.00120253034401685], [0.10606757551431656, -0.12239515781402588], [0.2928351163864136, -0.14640584588050842], [-0.17618468403816223, -0.02261596918106079], [-0.24101266264915466, 0.18463990092277527]]",True
early_neutral,6,1689,0.437187604131956,-1,[1],"[[-0.8227722644805908, -0.00120253034401685], [0.11879782378673553, -0.124137744307518], [0.3020610511302948, -0.14617405831813812], [-0.16744650900363922, -0.020761530846357346], [-0.2345905750989914, 0.18487466871738434]]",True
early_neutral,6,1690,0.4368543818727091,-1,[1],"[[-0.8227722644805908, -0.00120253034401685], [0.12955966591835022, -0.12562301754951477], [0.3112371563911438, -0.14583325386047363], [-0.1587168276309967, -0.018890168517827988], [-0.22816765308380127, 0.18511804938316345]]",True
early_neutral,6,1691,0.43652115961346216,-1,[1],"[[-0.8227722644805908, -0.00120253034401685], [0.1388760358095169, -0.1268819123506546], [0.31850603222846985, -0.14551717042922974], [-0.14998865127563477, -0.017015838995575905], [-0.22185422480106354, 0.1853681206703186]]",False
early_neutral,6,1692,0.43618793735421524,-1,[1],"[[-0.8227722644805908, -0.00120253034401685], [0.14780285954475403, -0.12806180119514465], [0.32058295607566833, -0.14543317258358002], [-0.14131340384483337, -0.015041765756905079], [-0.21548369526863098, 0.18563205003738403]]",False
early_neutral,6,1693,0.43585471509496837,-1,[1],"[[-0.8227722644805908, -0.00120253034401685], [0.15646785497665405, -0.1292070895433426], [0.3206823468208313, -0.14527006447315216], [-0.1327924281358719, -0.012801321223378181], [-0.20906391739845276, 0.18590863049030304]]",False
early_neutral,6,1694,0.43552149283572145,-1,[1],"[[-0.8227722644805908, -0.00120253034401685], [0.16525375843048096, -0.13036838173866272], [0.3207450807094574, -0.14490126073360443], [-0.12440106272697449, -0.010361645370721817], [-0.20269332826137543, 0.1861717849969864]]",False
early_neutral,6,1695,0.4351882705764745,-1,[1],"[[-0.8227722644805908, -0.00120253034401685], [0.17165420949459076, -0.13121439516544342], [0.3207983076572418, -0.14458833634853363], [-0.11582402884960175, -0.008215555921196938], [-0.19637925922870636, 0.18641240894794464]]",False
early_neutral,6,1696,0.4348550483172276,-1,[1],"[[-0.8227722644805908, -0.00120253034401685], [0.17448295652866364, -0.13158829510211945], [0.3197723627090454, -0.14472800493240356], [-0.10703475773334503, -0.006470528896898031], [-0.1899547129869461, 0.18663696944713593]]",False
early_neutral,6,1697,0.4345218260579807,-1,[1],"[[-0.8227722644805908, -0.00120253034401685], [0.1774957925081253, -0.1318473219871521], [0.3193950057029724, -0.14495809376239777], [-0.09814271330833435, -0.00495733879506588], [-0.1835435926914215, 0.18685437738895416]]",True
early_neutral,6,1698,0.43418860379873375,-1,[1],"[[-0.8227722644805908, -0.00120253034401685], [0.18233127892017365, -0.1318930834531784], [0.32219403982162476, -0.1452753096818924], [-0.08921609818935394, -0.003532925620675087], [-0.17726373672485352, 0.1870718151330948]]",True
early_neutral,6,1699,0.43385538153948683,-1,[1],"[[-0.8227722644805908, -0.00120253034401685], [0.18859747052192688, -0.13140197098255157], [0.3255406618118286, -0.14555592834949493], [-0.08026439696550369, -0.0021766023710370064], [-0.17083939909934998, 0.18729881942272186]]",True
early_neutral,6,1700,0.4335221592802399,-1,[1],"[[-0.8227722644805908, -0.00120253034401685], [0.19618619978427887, -0.13065175712108612], [0.3295501172542572, -0.14569829404354095], [-0.07131440937519073, -0.0008154591196216643], [-0.16441626846790314, 0.18753719329833984]]",True
early_neutral,6,1701,0.433188937020993,-1,[1],"[[-0.8227722644805908, -0.00120253034401685], [0.20495285093784332, -0.12972870469093323], [0.33421066403388977, -0.145877867937088], [-0.06236843019723892, 0.0005567935295403004], [-0.1581539362668991, 0.18779239058494568]]",True
early_neutral,6,1702,0.43285571476174606,-1,[1],"[[-0.8227722644805908, -0.00120253034401685], [0.21426516771316528, -0.12874743342399597], [0.33974286913871765, -0.14645585417747498], [-0.053428951650857925, 0.0019468612736091018], [-0.15173505246639252, 0.18807750940322876]]",True
early_neutral,6,1703,0.4325224925024992,-1,[1],"[[-0.8227722644805908, -0.00120253034401685], [0.22436212003231049, -0.12772701680660248], [0.3465995490550995, -0.14661526679992676], [-0.04449707269668579, 0.0033574565313756466], [-0.1453189104795456, 0.188386470079422]]",True
early_neutral,6,1704,0.43218927024325227,-1,[1],"[[-0.8227722644805908, -0.00120253034401685], [0.2350732684135437, -0.12668295204639435], [0.35434451699256897, -0.1466018408536911], [-0.03556961193680763, 0.004779856186360121], [-0.1390627920627594, 0.18871206045150757]]",True
early_neutral,6,1705,0.43185604798400534,-1,[1],"[[-0.8227722644805908, -0.00120253034401685], [0.24595212936401367, -0.12563052773475647], [0.36306023597717285, -0.14652928709983826], [-0.02664085291326046, 0.006198804825544357], [-0.13265429437160492, 0.18907082080841064]]",True
early_neutral,6,1706,0.4315228257247584,-1,[1],"[[-0.8227722644805908, -0.00120253034401685], [0.25748586654663086, -0.12451998889446259], [0.3723720610141754, -0.14640483260154724], [-0.017704330384731293, 0.00759666133671999], [-0.12624777853488922, 0.18945516645908356]]",True
early_neutral,6,1707,0.4311896034655115,-1,[1],"[[-0.8227722644805908, -0.00120253034401685], [0.26960837841033936, -0.12335104495286942], [0.38204067945480347, -0.14632181823253632], [-0.008715136907994747, 0.008842512965202332], [-0.11995409429073334, 0.18986162543296814]]",True
early_neutral,6,1708,0.43085638120626457,-1,[1],"[[-0.8227722644805908, -0.00120253034401685], [0.2822144329547882, -0.12212793529033661], [0.3907220959663391, -0.14554676413536072], [0.00032832956640049815, 0.009909170679748058], [-0.11360671371221542, 0.1903018355369568]]",True
early_neutral,6,1709,0.43052315894701765,-1,[1],"[[-0.8227722644805908, -0.00120253034401685], [0.29519763588905334, -0.12085791677236557], [0.39957621693611145, -0.1443563848733902], [0.009425109252333641, 0.01076122559607029], [-0.10721424967050552, 0.19077551364898682]]",True
early_neutral,6,1710,0.4301899366877707,-1,[1],"[[-0.8227722644805908, -0.00120253034401685], [0.3084697127342224, -0.1195354238152504], [0.4099082946777344, -0.14259621500968933], [0.0185680128633976, 0.011369314044713974], [-0.10087832063436508, 0.19127848744392395]]",True
early_neutral,6,1711,0.4298567144285238,-1,[1],"[[-0.8227722644805908, -0.00120253034401685], [0.32196229696273804, -0.11816437542438507], [0.4202538728713989, -0.1405552327632904], [0.02774021029472351, 0.011749685741961002], [-0.09460681676864624, 0.1918111890554428]]",True
early_neutral,6,1712,0.42952349216927693,-1,[1],"[[-0.8227722644805908, -0.00120253034401685], [0.33561888337135315, -0.11673517525196075], [0.43103867769241333, -0.13847942650318146], [0.036925315856933594, 0.011961887590587139], [-0.08823426067829132, 0.19238752126693726]]",True
early_neutral,6,1713,0.42919026991003,-1,[1],"[[-0.8227722644805908, -0.00120253034401685], [0.3493964672088623, -0.11524510383605957], [0.44241780042648315, -0.13631409406661987], [0.04611591249704361, 0.012013912200927734], [-0.08188491314649582, 0.19300022721290588]]",True
early_neutral,6,1714,0.4288570476507831,-1,[1],"[[-0.8227722644805908, -0.00120253034401685], [0.3632655441761017, -0.11370626837015152], [0.4542820453643799, -0.13398191332817078], [0.05530690774321556, 0.011979863047599792], [-0.07567404210567474, 0.19364033639431]]",True
early_neutral,6,1715,0.42852382539153616,-1,[1],"[[-0.8227722644805908, -0.00120253034401685], [0.37720268964767456, -0.11212608218193054], [0.4665021300315857, -0.13145951926708221], [0.06449701637029648, 0.011889828369021416], [-0.06932958960533142, 0.19433562457561493]]",True
early_neutral,6,1716,0.42819060313228924,-1,[1],"[[-0.8227722644805908, -0.00120253034401685], [0.3911905884742737, -0.11051145195960999], [0.4789891541004181, -0.12877051532268524], [0.07368633151054382, 0.011769594624638557], [-0.06299971044063568, 0.19507785141468048]]",True
early_neutral,6,1717,0.4278573808730423,-1,[1],"[[-0.8227722644805908, -0.00120253034401685], [0.40521958470344543, -0.10888054221868515], [0.4916144609451294, -0.12590615451335907], [0.08287608623504639, 0.011664283461868763], [-0.05684208497405052, 0.19585904479026794]]",True
early_neutral,6,1718,0.4275241586137954,-1,[1],"[[-0.8227722644805908, -0.00120253034401685], [0.4192797541618347, -0.1072380393743515], [0.5041684508323669, -0.12325431406497955], [0.09206631034612656, 0.011578429490327835], [-0.05054545775055885, 0.19671882688999176]]",True
early_neutral,6,1719,0.42719093635454847,-1,[1],"[[-0.8227722644805908, -0.00120253034401685], [0.4333762228488922, -0.1056336984038353], [0.5165982246398926, -0.1207859218120575], [0.10125726461410522, 0.011540653184056282], [-0.04427216202020645, 0.19764162600040436]]",True
early_neutral,6,1720,0.42685771409530154,-1,[1],"[[-0.8227722644805908, -0.00120253034401685], [0.44750797748565674, -0.10408826172351837], [0.528862476348877, -0.11969009786844254], [0.11044838279485703, 0.011556677520275116], [-0.03818235918879509, 0.19861944019794464]]",True
early_neutral,6,1721,0.4265244918360547,-1,[1],"[[-0.8227722644805908, -0.00120253034401685], [0.4616668224334717, -0.10259086638689041], [0.5412119626998901, -0.11968182772397995], [0.11963867396116257, 0.011637075804173946], [-0.0319700725376606, 0.199703648686409]]",True
early_neutral,6,1722,0.42619126957680775,-1,[1],"[[-0.8227722644805908, -0.00120253034401685], [0.4758439362049103, -0.10112161189317703], [0.5539101958274841, -0.11967005580663681], [0.12882676720619202, 0.011790490709245205], [-0.02579321339726448, 0.20087087154388428]]",True
early_neutral,6,1723,0.42585804731756083,-1,[1],"[[-0.8227722644805908, -0.00120253034401685], [0.4900343716144562, -0.09967206418514252], [0.5669694542884827, -0.11956603080034256], [0.1380114108324051, 0.012015184387564659], [-0.019771382212638855, 0.20211435854434967]]",True
early_neutral,6,1724,0.4255248250583139,-1,[1],"[[-0.8227722644805908, -0.00120253034401685], [0.5042206048965454, -0.09817902743816376], [0.5803068280220032, -0.11938530951738358], [0.14719171822071075, 0.012305164709687233], [-0.013740274123847485, 0.20347242057323456]]",True
early_neutral,6,1725,0.425191602799067,-1,[1],"[[-0.8227722644805908, -0.00120253034401685], [0.5183974504470825, -0.09662993997335434], [0.5938565135002136, -0.11920950561761856], [0.1562325358390808, 0.012652764096856117], [-0.007718243170529604, 0.20494352281093597]]",True
early_neutral,6,1726,0.42485838053982006,-1,[1],"[[-0.8227722644805908, -0.00120253034401685], [0.5325635671615601, -0.095025435090065], [0.6067686080932617, -0.11826547235250473], [0.16291463375091553, 0.012945964932441711], [-0.0018442197469994426, 0.2065381109714508]]",True
early_neutral,6,1727,0.42452515828057313,-1,[1],"[[-0.8227722644805908, -0.00120253034401685], [0.5467174053192139, -0.09336600452661514], [0.6195224523544312, -0.11722579598426819], [0.16933000087738037, 0.013262766413390636], [0.0038844533264636993, 0.2082742154598236]]",True
early_neutral,6,1728,0.4241919360213262,-1,[1],"[[-0.8227722644805908, -0.00120253034401685], [0.5608536601066589, -0.09163745492696762], [0.6329259276390076, -0.11718481779098511], [0.17574159801006317, 0.01360804308205843], [0.00960289966315031, 0.2101922184228897]]",True
early_neutral,6,1729,0.4238587137620793,-1,[1],"[[-0.8227722644805908, -0.00120253034401685], [0.574955940246582, -0.08979024738073349], [0.6463109850883484, -0.11718496680259705], [0.1819920539855957, 0.013965518213808537], [0.015307172201573849, 0.21207770705223083]]",True
early_neutral,6,1730,0.42352549150283236,-1,[1],"[[-0.8227722644805908, -0.00120253034401685], [0.5890202522277832, -0.08782045543193817], [0.6598989367485046, -0.1172858476638794], [0.18839824199676514, 0.014353180304169655], [0.02102578803896904, 0.2137662172317505]]",True
early_neutral,6,1731,0.4231922692435855,-1,[1],"[[-0.8227722644805908, -0.00120253034401685], [0.603042483329773, -0.08572515845298767], [0.6736418604850769, -0.11743450909852982], [0.19479936361312866, 0.014768971130251884], [0.026994481682777405, 0.21532824635505676]]",True
early_neutral,6,1732,0.42285904698433857,-1,[1],"[[-0.8227722644805908, -0.00120253034401685], [0.6170194149017334, -0.08350341022014618], [0.6875055432319641, -0.11756017804145813], [0.20103466510772705, 0.015225735493004322], [0.033044639974832535, 0.21670138835906982]]",True
early_neutral,6,1733,0.42252582472509165,-1,[1],"[[-0.8227722644805908, -0.00120253034401685], [0.630958616733551, -0.08118175715208054], [0.7014621496200562, -0.11766519397497177], [0.20741622149944305, 0.015748875215649605], [0.03905104100704193, 0.21783967316150665]]",True
early_neutral,6,1734,0.4221926024658447,-1,[1],"[[-0.8227722644805908, -0.00120253034401685], [0.6448767185211182, -0.0788060873746872], [0.7143460512161255, -0.11804533004760742], [0.2137877643108368, 0.01632719859480858], [0.04531288892030716, 0.21879912912845612]]",True
early_neutral,6,1735,0.4218593802065978,-1,[1],"[[-0.8227722644805908, -0.00120253034401685], [0.658775269985199, -0.07638154178857803], [0.7258371114730835, -0.11861369013786316], [0.22003701329231262, 0.016953028738498688], [0.051633596420288086, 0.21957358717918396]]",True
early_neutral,6,1736,0.4215261579473509,-1,[1],"[[-0.8227722644805908, -0.00120253034401685], [0.6726672649383545, -0.07394063472747803], [0.7390845417976379, -0.11861171573400497], [0.2263309210538864, 0.017644157633185387], [0.05782085657119751, 0.2202460616827011]]",True
early_neutral,6,1737,0.42119293568810395,-1,[1],"[[-0.8227722644805908, -0.00120253034401685], [0.6865552663803101, -0.0714898556470871], [0.7524601221084595, -0.1185753121972084], [0.2326594442129135, 0.018398365005850792], [0.06418364495038986, 0.2208579182624817]]",True
early_neutral,6,1738,0.42085971342885703,-1,[1],"[[-0.8227722644805908, -0.00120253034401685], [0.7002619504928589, -0.06901165097951889], [0.7660408616065979, -0.11851339042186737], [0.23893165588378906, 0.01917102560400963], [0.07056328654289246, 0.2213999181985855]]",True
early_neutral,6,1739,0.4205264911696101,-1,[1],"[[-0.8227722644805908, -0.00120253034401685], [0.7132894396781921, -0.06644712388515472], [0.779782235622406, -0.11842826008796692], [0.245142862200737, 0.019947586581110954], [0.07683799415826797, 0.22191892564296722]]",True
early_neutral,6,1740,0.42019326891036324,-1,[1],"[[-0.8227722644805908, -0.00120253034401685], [0.7258591651916504, -0.06375876069068909], [0.7933065891265869, -0.11816789954900742], [0.2514578402042389, 0.02074858546257019], [0.08317103236913681, 0.2224397361278534]]",True
early_neutral,6,1741,0.4198600466511163,-1,[1],"[[-0.8227722644805908, -0.00120253034401685], [0.738438606262207, -0.06113189831376076], [0.8053303956985474, -0.1178053691983223], [0.25776413083076477, 0.021525314077734947], [0.08955449610948563, 0.22296248376369476]]",True
early_neutral,6,1742,0.4195268243918694,-1,[1],"[[-0.8227722644805908, -0.00120253034401685], [0.7512761354446411, -0.05870046839118004], [0.814638078212738, -0.11796414107084274], [0.2639561891555786, 0.022237196564674377], [0.09588514268398285, 0.2234954982995987]]",True
early_neutral,6,1743,0.41919360213262247,-1,[1],"[[-0.8227722644805908, -0.00120253034401685], [0.7641437649726868, -0.05631360784173012], [0.8214647173881531, -0.11860059201717377], [0.27030491828918457, 0.022915730252861977], [0.10215342044830322, 0.22404468059539795]]",False
early_neutral,6,1744,0.41886037987337554,-1,[1],"[[-0.8227722644805908, -0.00120253034401685], [0.7773659229278564, -0.05410466343164444], [0.8272838592529297, -0.11924950033426285], [0.27666428685188293, 0.02355070412158966], [0.10852524638175964, 0.22462445497512817]]",False
early_neutral,6,1745,0.4185271576141286,-1,[1],"[[-0.8227722644805908, -0.00120253034401685], [0.7907695174217224, -0.05197736248373985], [0.833289623260498, -0.11933518201112747], [0.28303104639053345, 0.024153627455234528], [0.11487768590450287, 0.22522659599781036]]",False
early_neutral,6,1746,0.4181939353548817,-1,[1],"[[-0.8227722644805908, -0.00120253034401685], [0.8045293092727661, -0.05005061998963356], [0.8387390971183777, -0.11929932981729507], [0.28940215706825256, 0.024736657738685608], [0.12109474837779999, 0.22584180533885956]]",False
early_neutral,6,1747,0.4178607130956348,-1,[1],"[[-0.9908088445663452, -0.0], [-0.33869484066963196, -0.23210525512695312], [-0.40441176295280457, -0.07535884529352188], [-0.40441176295280457, 0.07535884529352188], [-0.33869484066963196, 0.2321052849292755]]",False
early_neutral,6,1748,0.41752749083638785,-1,[1],"[[-0.9908088445663452, -0.0], [-0.33869484066963196, -0.23210525512695312], [-0.40441176295280457, -0.07535884529352188], [-0.40441176295280457, 0.07535884529352188], [-0.33869484066963196, 0.2321052849292755]]",False
early_neutral,6,1749,0.4171942685771409,-1,[0],"[[-0.9908088445663452, -0.0], [-0.33869484066963196, -0.23210525512695312], [-0.40441176295280457, -0.07535884529352188], [-0.40441176295280457, 0.07535884529352188], [-0.33869484066963196, 0.2321052849292755]]",False
early_neutral,6,1750,0.41686104631789406,-1,[0],"[[-0.9908088445663452, -0.0], [-0.33869484066963196, -0.23210525512695312], [-0.40441176295280457, -0.07535884529352188], [-0.40441176295280457, 0.07535884529352188], [-0.33869484066963196, 0.2321052849292755]]",False
early_neutral,6,1751,0.41652782405864713,-1,[0],"[[-0.9908088445663452, -0.0], [-0.33869484066963196, -0.23210525512695312], [-0.40441176295280457, -0.07535884529352188], [-0.40441176295280457, 0.07535884529352188], [-0.33869484066963196, 0.2321052849292755]]",False
early_neutral,6,1752,0.4161946017994002,-1,[0],"[[-0.9908088445663452, -0.0], [-0.33869484066963196, -0.23210525512695312], [-0.40441176295280457, -0.07535884529352188], [-0.40441176295280457, 0.07535884529352188], [-0.33869484066963196, 0.2321052849292755]]",False
early_neutral,6,1753,0.4158613795401533,-1,[0],"[[-0.9894899725914001, 9.877974133098988e-11], [-0.33869484066963196, -0.23210525512695312], [-0.40343528985977173, -0.0753115713596344], [-0.4043458104133606, 0.07535529136657715], [-0.337063729763031, 0.23186691105365753]]",False
early_neutral,6,1754,0.41552815728090636,-1,[0],"[[-0.9852170348167419, 3.2186373011278135e-10], [-0.33869484066963196, -0.23210525512695312], [-0.399370402097702, -0.07518622279167175], [-0.40117400884628296, 0.07523096352815628], [-0.3327198922634125, 0.23148751258850098]]",False
early_neutral,6,1755,0.41519493502165944,-1,[0],"[[-0.9794003963470459, 4.2707157255073014e-10], [-0.33869484066963196, -0.23210525512695312], [-0.393823504447937, -0.07515989243984222], [-0.39618945121765137, 0.07515735179185867], [-0.3268555998802185, 0.23144932091236115]]",False
early_neutral,6,1756,0.4148617127624125,-1,[0],"[[-0.9721494317054749, -1.8710366589402838e-10], [-0.3359294533729553, -0.2317156344652176], [-0.3874005675315857, -0.07517765462398529], [-0.38975992798805237, 0.0752149447798729], [-0.3196098208427429, 0.23163168132305145]]",False
early_neutral,6,1757,0.4145284905031656,-1,[0],"[[-0.9636164903640747, -5.478131281932974e-10], [-0.33111247420310974, -0.23132900893688202], [-0.3809681236743927, -0.07509512454271317], [-0.3820016086101532, 0.0753253623843193], [-0.31112438440322876, 0.23188702762126923]]",False
early_neutral,6,1758,0.41419526824391867,-1,[0],"[[-0.9542939066886902, -7.304636895355543e-10], [-0.3247911334037781, -0.2312251329421997], [-0.37453991174697876, -0.07492164522409439], [-0.37307631969451904, 0.07548061013221741], [-0.30182865262031555, 0.23220492899417877]]",False
early_neutral,6,1759,0.4138620459846718,-1,[0],"[[-0.944337010383606, -8.852386601532203e-10], [-0.31712546944618225, -0.23119300603866577], [-0.3681148290634155, -0.07470416277647018], [-0.363655149936676, 0.07567154616117477], [-0.2919042706489563, 0.23256270587444305]]",False
early_neutral,6,1760,0.4135288237254249,-1,[0],"[[-0.9335640072822571, -9.865527283992037e-10], [-0.3082892596721649, -0.23118023574352264], [-0.36169296503067017, -0.07444889098405838], [-0.35346224904060364, 0.07590241730213165], [-0.28120478987693787, 0.23296880722045898]]",False
early_neutral,6,1761,0.41319560146617795,-1,[0],"[[-0.9226294159889221, -1.1771694730100535e-09], [-0.29909807443618774, -0.23117826879024506], [-0.3552752733230591, -0.0741528868675232], [-0.3427141308784485, 0.07617752254009247], [-0.2703629732131958, 0.23340998589992523]]",False
early_neutral,6,1762,0.41286237920693103,-1,[0],"[[-0.9111062288284302, -1.2240289892773148e-09], [-0.28990688920021057, -0.23117731511592865], [-0.34886255860328674, -0.07381445169448853], [-0.33180350065231323, 0.07650048285722733], [-0.25893735885620117, 0.2339061200618744]]",False
early_neutral,6,1763,0.4125291569476841,-1,[0],"[[-0.8990018963813782, -1.6859489360143698e-09], [-0.2807157039642334, -0.2311772257089615], [-0.34245565533638, -0.0734320878982544], [-0.32023924589157104, 0.0768824964761734], [-0.24691778421401978, 0.23445387184619904]]",False
early_neutral,6,1764,0.4121959346884372,-1,[0],"[[-0.8864006400108337, -2.2947126421257735e-09], [-0.2715245485305786, -0.2311772257089615], [-0.3360558748245239, -0.07300207763910294], [-0.30808231234550476, 0.0773252472281456], [-0.2343902289867401, 0.23507195711135864]]",False
early_neutral,6,1765,0.41186271242919026,-1,[0],"[[-0.8734140396118164, -2.8295337184403024e-09], [-0.26233336329460144, -0.2311772257089615], [-0.3296641409397125, -0.0725240483880043], [-0.2954452931880951, 0.07785718142986298], [-0.2214663326740265, 0.23576144874095917]]",False
early_neutral,6,1766,0.41152949016994333,-1,[0],"[[-0.8601336479187012, -3.468503040338078e-09], [-0.25314217805862427, -0.2311772257089615], [-0.3232819437980652, -0.07199490815401077], [-0.28243380784988403, 0.07846906781196594], [-0.20823664963245392, 0.2365223914384842]]",False
early_neutral,6,1767,0.4111962679106964,-1,[0],"[[-0.8467585444450378, -3.299394313316384e-09], [-0.2439510077238083, -0.2311772257089615], [-0.3169104754924774, -0.07141382992267609], [-0.2691364288330078, 0.07917974889278412], [-0.19477473199367523, 0.23736372590065002]]",False
early_neutral,6,1768,0.41086304565144954,-1,[0],"[[-0.8353517055511475, -3.2157436713475818e-09], [-0.2347598522901535, -0.2311772257089615], [-0.3105509877204895, -0.07077933847904205], [-0.25562214851379395, 0.07998789101839066], [-0.18113704025745392, 0.23828110098838806]]",False
early_neutral,6,1769,0.4105298233922026,-1,[0],"[[-0.8287230134010315, -2.974558599433408e-09], [-0.22556865215301514, -0.2311772257089615], [-0.3042050898075104, -0.07008962333202362], [-0.24194687604904175, 0.0809013843536377], [-0.16737022995948792, 0.23928530514240265]]",False
early_neutral,6,1770,0.4101966011329557,-1,[0],"[[-0.8248822689056396, 5.2598620641219895e-06], [-0.21683701872825623, -0.23117181658744812], [-0.2978740930557251, -0.0693444162607193], [-0.22815443575382233, 0.08192510902881622], [-0.15440958738327026, 0.24025002121925354]]",False
early_neutral,6,1771,0.4098633788737088,-1,[0],"[[-0.8246797919273376, 1.7191470760735683e-05], [-0.21036915481090546, -0.2310456782579422], [-0.2915595471858978, -0.06854213774204254], [-0.21427971124649048, 0.08306373655796051], [-0.1435699760913849, 0.24077638983726501]]",False
early_neutral,6,1772,0.40953015661446185,-1,[0],"[[-0.8246176242828369, 2.661440521478653e-05], [-0.2039482295513153, -0.23078356683254242], [-0.28526291251182556, -0.06768237799406052], [-0.2003508061170578, 0.084323950111866], [-0.1339840143918991, 0.24102838337421417]]",False
early_neutral,6,1773,0.4091969343552149,-1,[0],"[[-0.8246176242828369, 2.661440521478653e-05], [-0.19755297899246216, -0.23043285310268402], [-0.27899298071861267, -0.06674385070800781], [-0.18639253079891205, 0.08572017401456833], [-0.12479516863822937, 0.24116075038909912]]",False
early_neutral,6,1774,0.408863712095968,-1,[0],"[[-0.8246176242828369, 2.661440521478653e-05], [-0.19129396975040436, -0.23003745079040527], [-0.2727566957473755, -0.06571473926305771], [-0.17243242263793945, 0.08729150146245956], [-0.11560440063476562, 0.2412128895521164]]",False
early_neutral,6,1775,0.4085304898367211,-1,[0],"[[-0.8246176242828369, 2.661440521478653e-05], [-0.18489864468574524, -0.22958047688007355], [-0.2665551006793976, -0.06460031867027283], [-0.15848703682422638, 0.08903918415307999], [-0.10641323029994965, 0.241219624876976]]",False
early_neutral,6,1776,0.40819726757747415,-1,[0],"[[-0.8246176242828369, 2.661440521478653e-05], [-0.1785145103931427, -0.22907058894634247], [-0.2603856325149536, -0.06341274082660675], [-0.1445709466934204, 0.09096601605415344], [-0.09722205996513367, 0.2412230670452118]]",False
early_neutral,6,1777,0.40786404531822723,-1,[1],"[[-0.8246176242828369, 2.661440521478653e-05], [-0.1722974181175232, -0.22852082550525665], [-0.2542497515678406, -0.06215360015630722], [-0.130696102976799, 0.09307202696800232], [-0.08797165006399155, 0.24122366309165955]]",False
early_neutral,6,1778,0.40753082305898036,-1,[1],"[[-0.8246176242828369, 2.661440521478653e-05], [-0.16593395173549652, -0.22790350019931793], [-0.24814529716968536, -0.06083138659596443], [-0.1168743297457695, 0.0953603982925415], [-0.07821352034807205, 0.24122381210327148]]",False
early_neutral,6,1779,0.40719760079973344,-1,[1],"[[-0.8246176242828369, 2.661440521478653e-05], [-0.1595837026834488, -0.2272340953350067], [-0.24207252264022827, -0.05944877117872238], [-0.10311686247587204, 0.09783510863780975], [-0.06761382520198822, 0.24122388660907745]]",False
early_neutral,6,1780,0.4068643785404865,-1,[1],"[[-0.8246176242828369, 2.661440521478653e-05], [-0.1534011960029602, -0.22653502225875854], [-0.23603110015392303, -0.05800912156701088], [-0.08943337202072144, 0.10049717128276825], [-0.056787289679050446, 0.24122388660907745]]",False
early_neutral,6,1781,0.4065311562812396,-1,[1],"[[-0.8246176242828369, 2.661440521478653e-05], [-0.147076815366745, -0.22577118873596191], [-0.2300201803445816, -0.056516412645578384], [-0.07583755999803543, 0.10335677862167358], [-0.04546371474862099, 0.24122388660907745]]",False
early_neutral,6,1782,0.40619793402199267,-1,[1],"[[-0.8246176242828369, 2.661440521478653e-05], [-0.1407652348279953, -0.2249600887298584], [-0.22404061257839203, -0.05497126653790474], [-0.06234021857380867, 0.10641714185476303], [-0.033530764281749725, 0.24122388660907745]]",False
early_neutral,6,1783,0.40586471176274574,-1,[1],"[[-0.8246176242828369, 2.661440521478653e-05], [-0.13457633554935455, -0.22411556541919708], [-0.2180924117565155, -0.05337567254900932], [-0.04906914383172989, 0.10987479984760284], [-0.02106102742254734, 0.24122388660907745]]",False
early_neutral,6,1784,0.4055314895034988,-1,[1],"[[-0.8246176242828369, 2.661440521478653e-05], [-0.12834474444389343, -0.22321456670761108], [-0.21216410398483276, -0.05172714218497276], [-0.03612975776195526, 0.11383340507745743], [-0.008167238906025887, 0.24122388660907745]]",False
early_neutral,6,1785,0.4051982672442519,-1,[1],"[[-0.8246176242828369, 2.661440521478653e-05], [-0.12204080820083618, -0.22224923968315125], [-0.20547449588775635, -0.04983735457062721], [-0.02364678867161274, 0.11836906522512436], [0.005056942347437143, 0.24122388660907745]]",False
early_neutral,6,1786,0.404865044985005,-1,[1],"[[-0.8246176242828369, 2.661440521478653e-05], [-0.11483380198478699, -0.22100722789764404], [-0.19767305254936218, -0.0476226806640625], [-0.011898551136255264, 0.12367208302021027], [0.01853671669960022, 0.24122388660907745]]",False
early_neutral,6,1787,0.4045318227257581,-1,[1],"[[-0.8246176242828369, 2.661440521478653e-05], [-0.10652010887861252, -0.21935996413230896], [-0.1892937868833542, -0.04517647251486778], [-0.0010871607810258865, 0.12959328293800354], [0.03221312165260315, 0.24122388660907745]]",False
early_neutral,6,1788,0.4041986004665112,-1,[1],"[[-0.8246176242828369, 2.661440521478653e-05], [-0.09782131016254425, -0.21742935478687286], [-0.18103063106536865, -0.042558129876852036], [0.007128770463168621, 0.13471761345863342], [0.046040162444114685, 0.24122388660907745]]",False
early_neutral,6,1789,0.40386537820726426,-1,[1],"[[-0.8246176242828369, 2.661440521478653e-05], [-0.08921295404434204, -0.21533407270908356], [-0.17290693521499634, -0.03976130485534668], [0.012386665679514408, 0.1396203190088272], [0.05998224765062332, 0.24122388660907745]]",False
early_neutral,6,1790,0.40353215594801733,-1,[1],"[[-0.8246176242828369, 2.661440521478653e-05], [-0.08070457726716995, -0.21307261288166046], [-0.1649949997663498, -0.03671884164214134], [0.01563093811273575, 0.14393708109855652], [0.07401196658611298, 0.24122388660907745]]",False
early_neutral,6,1791,0.4031989336887704,-1,[1],"[[-0.8246176242828369, 2.661440521478653e-05], [-0.07232280820608139, -0.2106192708015442], [-0.15733174979686737, -0.03341780975461006], [0.01662418060004711, 0.14805932343006134], [0.08810829371213913, 0.24122388660907745]]",False
early_neutral,6,1792,0.4028657114295235,-1,[1],"[[-0.8246176242828369, 2.661440521478653e-05], [-0.06408198177814484, -0.20797143876552582], [-0.14992794394493103, -0.02987479418516159], [0.017068855464458466, 0.15169686079025269], [0.1022551879286766, 0.24122388660907745]]",False
early_neutral,6,1793,0.40253248917027656,-1,[1],"[[-0.8246176242828369, 2.661440521478653e-05], [-0.05600676313042641, -0.20511595904827118], [-0.14278970658779144, -0.02610805444419384], [0.017153646796941757, 0.15226152539253235], [0.11644045263528824, 0.24122388660907745]]",False
early_neutral,6,1794,0.40219926691102964,-1,[1],"[[-0.8246176242828369, 2.661440521478653e-05], [-0.04812156409025192, -0.2020438015460968], [-0.13589930534362793, -0.022150183096528053], [0.017143230885267258, 0.1522427648305893], [0.13045591115951538, 0.24087567627429962]]",False
early_neutral,6,1795,0.4018660446517827,-1,[1],"[[-0.8246176242828369, 2.661440521478653e-05], [-0.04044415429234505, -0.19875647127628326], [-0.12909767031669617, -0.018127575516700745], [0.016454163938760757, 0.15102443099021912], [0.14217841625213623, 0.23882392048835754]]",False
early_neutral,6,1796,0.40153282239253585,-1,[1],"[[-0.8246176242828369, 2.661440521478653e-05], [-0.03300311043858528, -0.19524656236171722], [-0.12236262857913971, -0.014057796448469162], [0.015158981084823608, 0.14878471195697784], [0.15140780806541443, 0.23444171249866486]]",False
early_neutral,6,1797,0.4011996001332889,-1,[1],"[[-0.8246176242828369, 2.661440521478653e-05], [-0.025814471766352654, -0.191520556807518], [-0.11563382297754288, -0.009983624331653118], [0.013353520072996616, 0.14567387104034424], [0.16150905191898346, 0.23048515617847443]]",False
early_neutral,6,1798,0.400866377874042,-1,[1],"[[-0.8246176242828369, 2.661440521478653e-05], [-0.018881142139434814, -0.1875949203968048], [-0.10887657850980759, -0.005929424427449703], [0.011509539559483528, 0.1422264128923416], [0.17307977378368378, 0.22919397056102753]]",False
early_neutral,6,1799,0.4005331556147951,-1,[1],"[[-0.8246176242828369, 2.661440521478653e-05], [-0.012211091816425323, -0.18348067998886108], [-0.10302174091339111, -0.0024381205439567566], [0.011104133911430836, 0.14145003259181976], [0.1853458732366562, 0.22891788184642792]]",False
early_neutral,6,1800,0.40019993335554815,-1,[1],"[[-0.8246176242828369, 2.661440521478653e-05], [-0.005815381184220314, -0.17918594181537628], [-0.09828334301710129, 0.00039393428596667945], [0.011104133911430836, 0.14145003259181976], [0.19808299839496613, 0.22875450551509857]]",False
early_neutral,6,1801,0.39986671109630123,-1,[1],"[[-0.8246176242828369, 2.661440521478653e-05], [0.00029643558082170784, -0.17471957206726074], [-0.09378648549318314, 0.0030857701785862446], [0.010383626446127892, 0.14017871022224426], [0.21118716895580292, 0.22870829701423645]]",False
early_neutral,6,1802,0.3995334888370543,-1,[1],"[[-0.8246176242828369, 2.661440521478653e-05], [0.0061063095927238464, -0.1700858473777771], [-0.09256438165903091, 0.003813383635133505], [0.008898191154003143, 0.13759979605674744], [0.22457434237003326, 0.22868655622005463]]",False
early_neutral,6,1803,0.3992002665778074,-1,[1],"[[-0.8246176242828369, 2.661440521478653e-05], [0.011547871865332127, -0.16526666283607483], [-0.09256438165903091, 0.003813383635133505], [0.006871378049254417, 0.13420212268829346], [0.23700496554374695, 0.22863906621932983]]",False
early_neutral,6,1804,0.39886704431856046,-1,[1],"[[-0.8246176242828369, 2.661440521478653e-05], [0.016595743596553802, -0.1602693498134613], [-0.09437676519155502, 0.0031532731372863054], [0.0043266210705041885, 0.13035999238491058], [0.24536195397377014, 0.2285841852426529]]",False
early_neutral,6,1805,0.39853382205931354,-1,[1],"[[-0.8246176242828369, 2.661440521478653e-05], [0.020036155357956886, -0.15621882677078247], [-0.09809596836566925, 0.0019418324809521437], [0.0015456826658919454, 0.1265849769115448], [0.2523663341999054, 0.229603111743927]]",False
early_neutral,6,1806,0.39820059980006667,-1,[1],"[[-0.8246176242828369, 2.661440521478653e-05], [0.022344045341014862, -0.15231364965438843], [-0.10309398174285889, 0.0004935141769237816], [-0.0014497240772470832, 0.12288004904985428], [0.25919172167778015, 0.22996662557125092]]",False
early_neutral,6,1807,0.39786737754081974,-1,[1],"[[-0.8246176242828369, 2.661440521478653e-05], [0.02375532127916813, -0.149012491106987], [-0.10892744362354279, -0.0012501648161560297], [-0.00419272668659687, 0.11969682574272156], [0.2654183506965637, 0.2303672581911087]]",False
early_neutral,6,1808,0.3975341552815728,-1,[1],"[[-0.8246176242828369, 2.661440521478653e-05], [0.023902960121631622, -0.14865414798259735], [-0.11472024768590927, -0.0030717228073626757], [-0.004734930582344532, 0.11899499595165253], [0.27022773027420044, 0.23140661418437958]]",False
early_neutral,6,1809,0.3972009330223259,-1,[1],"[[-0.8246176242828369, 2.661440521478653e-05], [0.023792661726474762, -0.14869794249534607], [-0.12039752304553986, -0.0050404733046889305], [-0.004762632306665182, 0.11898510903120041], [0.272448867559433, 0.23229505121707916]]",False
early_neutral,6,1810,0.396867710763079,-1,[1],"[[-0.8246176242828369, 2.661440521478653e-05], [0.02109561860561371, -0.14969298243522644], [-0.12591364979743958, -0.007194503676146269], [-0.007083991542458534, 0.11798933893442154], [0.27066683769226074, 0.23291192948818207]]",False
early_neutral,6,1811,0.39653448850383205,-1,[1],"[[-0.8246176242828369, 2.661440521478653e-05], [0.016982898116111755, -0.1510448157787323], [-0.1312248408794403, -0.009555629454553127], [-0.010509471409022808, 0.11612627655267715], [0.26671987771987915, 0.23374561965465546]]",False
early_neutral,6,1812,0.3962012662445851,-1,[1],"[[-0.8246176242828369, 2.661440521478653e-05], [0.011541016399860382, -0.15266290307044983], [-0.136234849691391, -0.012180558405816555], [-0.014653806574642658, 0.11345107108354568], [0.2614040672779083, 0.23297414183616638]]",False
early_neutral,6,1813,0.3958680439853382,-1,[1],"[[-0.8246176242828369, 2.661440521478653e-05], [0.005652963649481535, -0.15435029566287994], [-0.14070025086402893, -0.014893691055476665], [-0.019330518320202827, 0.11057613790035248], [0.2559276819229126, 0.23040388524532318]]",False
early_neutral,6,1814,0.3955348217260913,-1,[1],"[[-0.8246176242828369, 2.661440521478653e-05], [-0.0002624593034852296, -0.15599672496318817], [-0.14189760386943817, -0.015638625249266624], [-0.024147197604179382, 0.10780106484889984], [0.24959324300289154, 0.22859160602092743]]",False
early_neutral,6,1815,0.3952015994668444,-1,[1],"[[-0.8246176242828369, 2.661440521478653e-05], [-0.006151461973786354, -0.15768270194530487], [-0.14189760386943817, -0.015638625249266624], [-0.029237305745482445, 0.10524210333824158], [0.24159136414527893, 0.22818703949451447]]",False
early_neutral,6,1816,0.3948683772075975,-1,[1],"[[-0.8246176242828369, 2.661440521478653e-05], [-0.012002316303551197, -0.15942400693893433], [-0.14260417222976685, -0.01691080816090107], [-0.03323465958237648, 0.10344108194112778], [0.23256520926952362, 0.22818903625011444]]",False
early_neutral,6,1817,0.39453515494835056,-1,[1],"[[-0.8246176242828369, 2.661440521478653e-05], [-0.017795516178011894, -0.1612449288368225], [-0.14427633583545685, -0.019408348947763443], [-0.033506494015455246, 0.1033179983496666], [0.22294314205646515, 0.22818996012210846]]",False
early_neutral,6,1818,0.39420193268910364,-1,[1],"[[-0.8257309794425964, -1.7305012079305016e-05], [-0.023512953892350197, -0.16316455602645874], [-0.14711539447307587, -0.022466951981186867], [-0.03370945155620575, 0.10318124294281006], [0.2124769538640976, 0.2281903475522995]]",False
early_neutral,6,1819,0.3938687104298567,-1,[1],"[[-0.8295341730117798, -0.00012355194485280663], [-0.029160384088754654, -0.16517016291618347], [-0.1508137285709381, -0.025574861094355583], [-0.0362190417945385, 0.10177052021026611], [0.20171333849430084, 0.22819051146507263]]",False
early_neutral,6,1820,0.3935354881706098,-1,[1],"[[-0.8347014784812927, -0.00018659258785191923], [-0.03476906195282936, -0.16722136735916138], [-0.15607678890228271, -0.027821896597743034], [-0.04020043462514877, 0.10005948692560196], [0.19036242365837097, 0.2281906008720398]]",False
early_neutral,6,1821,0.39320226591136287,-1,[1],"[[-0.8411088585853577, -0.00023100199177861214], [-0.04034474864602089, -0.1693103015422821], [-0.16169598698616028, -0.02985677309334278], [-0.045561570674180984, 0.0981157124042511], [0.17840178310871124, 0.2281906008720398]]",False
early_neutral,6,1822,0.39286904365211595,-1,[1],"[[-0.8485336899757385, -0.0002773810992948711], [-0.04597390443086624, -0.17133738100528717], [-0.16762004792690277, -0.03148481622338295], [-0.05204162001609802, 0.09571754187345505], [0.1659093201160431, 0.2281906008720398]]",False
early_neutral,6,1823,0.392535821392869,-1,[1],"[[-0.8564714789390564, -0.00032149217440746725], [-0.05168825015425682, -0.1732608675956726], [-0.17396993935108185, -0.03304256498813629], [-0.059492386877536774, 0.09288384020328522], [0.15299835801124573, 0.22816169261932373]]",False
early_neutral,6,1824,0.3922025991336221,-1,[1],"[[-0.8653867840766907, -0.00037004429032094777], [-0.057561419904232025, -0.17496535181999207], [-0.18096515536308289, -0.0354984849691391], [-0.0675574392080307, 0.08966478705406189], [0.1397896111011505, 0.22763805091381073]]",False
early_neutral,6,1825,0.39186937687437523,-1,[1],"[[-0.8745774030685425, -0.00043678138172253966], [-0.06368649005889893, -0.1762397736310959], [-0.1882108896970749, -0.03899545595049858], [-0.07623951137065887, 0.08603797107934952], [0.1264505535364151, 0.22634656727313995]]",False
early_neutral,6,1826,0.3915361546151283,-1,[1],"[[-0.8837676048278809, -0.0005214973934926093], [-0.06944479048252106, -0.17703823745250702], [-0.1958262175321579, -0.043167758733034134], [-0.08514822274446487, 0.08224876970052719], [0.11301994323730469, 0.2246418446302414]]",False
early_neutral,6,1827,0.3912029323558814,-1,[1],"[[-0.8929575681686401, -0.0006181633798405528], [-0.07065815478563309, -0.1771862804889679], [-0.20378150045871735, -0.047870222479104996], [-0.09448214620351791, 0.07824353873729706], [0.0994914323091507, 0.222765251994133]]",False
early_neutral,6,1828,0.39086971009663446,-1,[1],"[[-0.9021473526954651, -0.000724332348909229], [-0.07065815478563309, -0.1771862804889679], [-0.21206891536712646, -0.05301597714424133], [-0.1043311208486557, 0.07399681955575943], [0.085895836353302, 0.22074325382709503]]",False
early_neutral,6,1829,0.39053648783738754,-1,[1],"[[-0.9113367795944214, -0.0008401291561312973], [-0.07311761379241943, -0.17701558768749237], [-0.22072745859622955, -0.058493517339229584], [-0.11466094851493835, 0.06956174969673157], [0.07224350422620773, 0.21863147616386414]]",False
early_neutral,6,1830,0.3902032655781406,-1,[1],"[[-0.9205259084701538, -0.0009657570626586676], [-0.07748905569314957, -0.1770508736371994], [-0.22965528070926666, -0.06425083428621292], [-0.12537868320941925, 0.06498442590236664], [0.05855393037199974, 0.2164377123117447]]",False
early_neutral,6,1831,0.3898700433188937,-1,[1],"[[-0.929714560508728, -0.001104865805245936], [-0.08321370929479599, -0.1775636523962021], [-0.23883849382400513, -0.07019871473312378], [-0.13636243343353271, 0.06025950238108635], [0.0448404923081398, 0.21417191624641418]]",False
early_neutral,6,1832,0.38953682105964677,-1,[1],"[[-0.9389015436172485, -0.0012848163023591042], [-0.08950699120759964, -0.17843011021614075], [-0.24742808938026428, -0.07588465511798859], [-0.14752110838890076, 0.055389776825904846], [0.031114481389522552, 0.2118389755487442]]",False
early_neutral,6,1833,0.38920359880039984,-1,[1],"[[-0.948086142539978, -0.001511072157882154], [-0.09571267664432526, -0.17956720292568207], [-0.25287047028541565, -0.07981093227863312], [-0.15885187685489655, 0.05044485256075859], [0.017382662743330002, 0.20944707095623016]]",False
early_neutral,6,1834,0.388870376541153,-1,[1],"[[-0.9572670459747314, -0.0017926524160429835], [-0.10194481164216995, -0.18080998957157135], [-0.2554371953010559, -0.08198893070220947], [-0.17039050161838531, 0.04551663249731064], [0.0036472762003540993, 0.2070094496011734]]",False
early_neutral,6,1835,0.38853715428190605,-1,[1],"[[-0.9664429426193237, -0.0021369189489632845], [-0.10893607884645462, -0.18223154544830322], [-0.2568782567977905, -0.08337382227182388], [-0.1820981502532959, 0.04061233997344971], [-0.010085993446409702, 0.2045264095067978]]",False
early_neutral,6,1836,0.3882039320226591,-1,[1],"[[-0.9746253490447998, -0.0024923430755734444], [-0.11642564833164215, -0.18378371000289917], [-0.2572023570537567, -0.08372562378644943], [-0.19392645359039307, 0.035718776285648346], [-0.02381054311990738, 0.20199312269687653]]",False
early_neutral,6,1837,0.3878707097634122,-1,[1],"[[-0.9790248274803162, -0.002732780296355486], [-0.12488698214292526, -0.18553279340267181], [-0.2572023570537567, -0.08372562378644943], [-0.20585282146930695, 0.03084021620452404], [-0.03752254322171211, 0.19940905272960663]]",False
early_neutral,6,1838,0.3875374875041653,-1,[1],"[[-0.9828306436538696, -0.0029828669503331184], [-0.13370446860790253, -0.18722040951251984], [-0.2573789656162262, -0.08336800336837769], [-0.21785148978233337, 0.02645908109843731], [-0.051219064742326736, 0.19677399098873138]]",False
early_neutral,6,1839,0.38720426524491836,-1,[1],"[[-0.9838740825653076, -0.0030268561094999313], [-0.1425820142030716, -0.18876871466636658], [-0.25760093331336975, -0.08285681903362274], [-0.22821645438671112, 0.0242600254714489], [-0.06489779055118561, 0.19408787786960602]]",False
early_neutral,6,1840,0.38687104298567143,-1,[1],"[[-0.9842629432678223, -0.003026372054591775], [-0.1515524834394455, -0.19006861746311188], [-0.25760093331336975, -0.08285681903362274], [-0.23574182391166687, 0.024837994948029518], [-0.07856682687997818, 0.19147087633609772]]",False
early_neutral,6,1841,0.3865378207264245,-1,[1],"[[-0.9842689037322998, -0.003026154125109315], [-0.1606120467185974, -0.1910734474658966], [-0.25760093331336975, -0.08285681903362274], [-0.24314215779304504, 0.026799868792295456], [-0.09194862097501755, 0.19062034785747528]]",False
early_neutral,6,1842,0.3862045984671776,-1,[1],"[[-0.9842689037322998, -0.003026154125109315], [-0.16822165250778198, -0.19167572259902954], [-0.25760093331336975, -0.08285681903362274], [-0.25095316767692566, 0.029759449884295464], [-0.10473594814538956, 0.19169583916664124]]",False
early_neutral,6,1843,0.3858713762079307,-1,[1],"[[-0.9842689037322998, -0.003026154125109315], [-0.17464683949947357, -0.19187812507152557], [-0.25760093331336975, -0.08285681903362274], [-0.25853437185287476, 0.0332365483045578], [-0.11781138181686401, 0.1928936094045639]]",False
early_neutral,6,1844,0.3855381539486838,-1,[1],"[[-0.9842689037322998, -0.003026154125109315], [-0.18108026683330536, -0.19185426831245422], [-0.25760093331336975, -0.08285681903362274], [-0.2664799690246582, 0.03704904764890671], [-0.13115739822387695, 0.19405150413513184]]",False
early_neutral,6,1845,0.38520493168943687,-1,[1],"[[-0.9842689037322998, -0.003026154125109315], [-0.18751196563243866, -0.1919475793838501], [-0.25760093331336975, -0.08285681903362274], [-0.2748836278915405, 0.04123593866825104], [-0.1447269469499588, 0.19509273767471313]]",False
early_neutral,6,1846,0.38487170943018995,-1,[1],"[[-0.9842689037322998, -0.003026154125109315], [-0.1939309537410736, -0.19222663342952728], [-0.25760093331336975, -0.08285681903362274], [-0.28331053256988525, 0.04563518241047859], [-0.15849994122982025, 0.19580663740634918]]",False
early_neutral,6,1847,0.384538487170943,-1,[1],"[[-0.9842689037322998, -0.003026154125109315], [-0.1998904049396515, -0.19356246292591095], [-0.25760093331336975, -0.08285681903362274], [-0.29208824038505554, 0.050411999225616455], [-0.17240890860557556, 0.1961401253938675]]",False
early_neutral,6,1848,0.3842052649116961,-1,[1],"[[-0.9842689037322998, -0.003026154125109315], [-0.20367665588855743, -0.19642950594425201], [-0.25752222537994385, -0.08303991705179214], [-0.30124643445014954, 0.055512577295303345], [-0.18513719737529755, 0.19496814906597137]]",False
early_neutral,6,1849,0.3838720426524492,-1,[1],"[[-0.9842689037322998, -0.003026154125109315], [-0.20568498969078064, -0.19959691166877747], [-0.2568766176700592, -0.08515383303165436], [-0.31067994236946106, 0.06091542914509773], [-0.1953805834054947, 0.19138941168785095]]",False
early_neutral,6,1850,0.38353882039320225,-1,[1],"[[-0.9842689037322998, -0.003026154125109315], [-0.20589640736579895, -0.19994144141674042], [-0.2565130293369293, -0.08687405288219452], [-0.32030045986175537, 0.06657528877258301], [-0.20513613522052765, 0.18663574755191803]]",False
early_neutral,6,1851,0.3832055981339553,-1,[1],"[[-0.9842689037322998, -0.003026154125109315], [-0.20602326095104218, -0.19992545247077942], [-0.2565130293369293, -0.08687405288219452], [-0.32984423637390137, 0.07250923663377762], [-0.21477782726287842, 0.1812869757413864]]",False
early_neutral,6,1852,0.3828723758747084,-1,[1],"[[-0.9842689037322998, -0.003026154125109315], [-0.2090974897146225, -0.19961954653263092], [-0.25690263509750366, -0.08689677715301514], [-0.33658385276794434, 0.07807043194770813], [-0.22427994012832642, 0.17546510696411133]]",False
early_neutral,6,1853,0.38253915361546154,-1,[1],"[[-0.9841997027397156, -0.0018751546740531921], [-0.21372805535793304, -0.19934117794036865], [-0.25989484786987305, -0.08648732304573059], [-0.3384729027748108, 0.08216270059347153], [-0.23431168496608734, 0.16973868012428284]]",False
early_neutral,6,1854,0.3822059313562146,-1,[1],"[[-0.9842460751533508, 0.0008171400986611843], [-0.21711893379688263, -0.19923312962055206], [-0.2641284763813019, -0.08524700254201889], [-0.33658817410469055, 0.08586142957210541], [-0.2449464052915573, 0.164253830909729]]",False
early_neutral,6,1855,0.3818727090969677,-1,[1],"[[-0.9846038222312927, 0.0040932693518698215], [-0.21712106466293335, -0.1992330551147461], [-0.2692739963531494, -0.0833018571138382], [-0.3327849209308624, 0.08992253988981247], [-0.2554975748062134, 0.16022317111492157]]",False
early_neutral,6,1856,0.38153948683772076,-1,[1],"[[-0.9850488901138306, 0.00706859165802598], [-0.21712106466293335, -0.1992330551147461], [-0.27534884214401245, -0.08071468025445938], [-0.32900410890579224, 0.09454455971717834], [-0.2639305591583252, 0.1590481400489807]]",False
early_neutral,6,1857,0.38120626457847384,-1,[1],"[[-0.985572338104248, 0.010038504377007484], [-0.21712106466293335, -0.1992330551147461], [-0.2822675108909607, -0.07752005010843277], [-0.32556143403053284, 0.0995425432920456], [-0.26997730135917664, 0.16093042492866516]]",False
early_neutral,6,1858,0.3808730423192269,-1,[1],"[[-0.9859296679496765, 0.011805743910372257], [-0.21712106466293335, -0.1992330551147461], [-0.28847646713256836, -0.07423863559961319], [-0.32225754857063293, 0.10446564108133316], [-0.27467530965805054, 0.16488519310951233]]",False
early_neutral,6,1859,0.38053982005998,-1,[1],"[[-0.9862474799156189, 0.013164209201931953], [-0.21712106466293335, -0.1992330551147461], [-0.29193463921546936, -0.07072977721691132], [-0.3181677758693695, 0.1098070964217186], [-0.27868443727493286, 0.16999712586402893]]",False
early_neutral,6,1860,0.38020659780073307,-1,[1],"[[-0.9863447546958923, 0.01354414876550436], [-0.21712106466293335, -0.1992330551147461], [-0.2944149076938629, -0.06688431650400162], [-0.3142465651035309, 0.11521623283624649], [-0.28276658058166504, 0.17420248687267303]]",False
early_neutral,6,1861,0.37987337554148615,-1,[1],"[[-0.9863447546958923, 0.01354414876550436], [-0.21712106466293335, -0.1992330551147461], [-0.29447633028030396, -0.06279198825359344], [-0.31046155095100403, 0.12071714550256729], [-0.2853356599807739, 0.17496299743652344]]",False
early_neutral,6,1862,0.3795401532822393,-1,[1],"[[-0.9863447546958923, 0.01354414876550436], [-0.21712106466293335, -0.1992330551147461], [-0.2934105396270752, -0.05871573090553284], [-0.30721938610076904, 0.1255202293395996], [-0.28634580969810486, 0.17387951910495758]]",False
early_neutral,6,1863,0.37920693102299236,-1,[1],"[[-0.9863447546958923, 0.01354414876550436], [-0.21712106466293335, -0.1992330551147461], [-0.29075387120246887, -0.055071767419576645], [-0.30531689524650574, 0.1283295601606369], [-0.28517988324165344, 0.1740046739578247]]",False
early_neutral,6,1864,0.37887370876374543,-1,[1],"[[-0.9863447546958923, 0.01354414876550436], [-0.21712106466293335, -0.1992330551147461], [-0.28635454177856445, -0.052147749811410904], [-0.3049660921096802, 0.12884563207626343], [-0.28330275416374207, 0.17463554441928864]]",False
early_neutral,6,1865,0.3785404865044985,-1,[1],"[[-0.9863447546958923, 0.01354414876550436], [-0.21712106466293335, -0.1992330551147461], [-0.28143662214279175, -0.04944868013262749], [-0.3059871792793274, 0.12716390192508698], [-0.279884397983551, 0.17557549476623535]]",False
early_neutral,6,1866,0.3782072642452516,-1,[1],"[[-0.9863447546958923, 0.01354414876550436], [-0.21712106466293335, -0.1992330551147461], [-0.27632880210876465, -0.046903837472200394], [-0.30739253759384155, 0.12448139488697052], [-0.27754074335098267, 0.17666815221309662]]",False
early_neutral,6,1867,0.37787404198600466,-1,[1],"[[-0.9863447546958923, 0.01354414876550436], [-0.21712106466293335, -0.1992330551147461], [-0.27102330327033997, -0.04453636705875397], [-0.309041291475296, 0.1209019348025322], [-0.27568379044532776, 0.17801998555660248]]",True
early_neutral,6,1868,0.37754081972675774,-1,[1],"[[-0.9863447546958923, 0.01354414876550436], [-0.21712106466293335, -0.1992330551147461], [-0.2657076418399811, -0.04221450537443161], [-0.310762494802475, 0.116622194647789], [-0.2738436758518219, 0.17871104180812836]]",False
early_neutral,6,1869,0.3772075974675108,-1,[1],"[[-0.9863447546958923, 0.01354414876550436], [-0.21712106466293335, -0.1992330551147461], [-0.2605261504650116, -0.039879780262708664], [-0.31190380454063416, 0.11250337213277817], [-0.2718709707260132, 0.17901593446731567]]",False
early_neutral,6,1870,0.3768743752082639,-1,[1],"[[-0.9863447546958923, 0.01354414876550436], [-0.21712106466293335, -0.1992330551147461], [-0.25528958439826965, -0.03744747117161751], [-0.31248021125793457, 0.1083349734544754], [-0.2691604793071747, 0.1792019009590149]]",False
early_neutral,6,1871,0.376541152949017,-1,[1],"[[-0.9863447546958923, 0.01354414876550436], [-0.21891041100025177, -0.19810892641544342], [-0.2516694962978363, -0.0342860072851181], [-0.31262651085853577, 0.10582423210144043], [-0.26456189155578613, 0.1792765110731125]]",False
early_neutral,6,1872,0.3762079306897701,-1,[1],"[[-0.9863447546958923, 0.01354414876550436], [-0.2219313383102417, -0.1959771066904068], [-0.2503397762775421, -0.030364055186510086], [-0.31262803077697754, 0.10579487681388855], [-0.2587656080722809, 0.1793232560157776]]",False
early_neutral,6,1873,0.3758747084305232,-1,[1],"[[-0.9863447546958923, 0.01354414876550436], [-0.22571635246276855, -0.19303175806999207], [-0.2504309415817261, -0.026150425896048546], [-0.31205156445503235, 0.1063099205493927], [-0.25286656618118286, 0.17942450940608978]]",False
early_neutral,6,1874,0.37554148617127625,-1,[1],"[[-0.9863447546958923, 0.01354414876550436], [-0.22995154559612274, -0.18988032639026642], [-0.25292786955833435, -0.021618984639644623], [-0.3097306191921234, 0.10849165916442871], [-0.2501187026500702, 0.179486945271492]]",False
early_neutral,6,1875,0.3752082639120293,-1,[1],"[[-0.9863447546958923, 0.01354414876550436], [-0.23432016372680664, -0.1868070662021637], [-0.25635504722595215, -0.01653960533440113], [-0.3067271113395691, 0.11154376715421677], [-0.24979251623153687, 0.17949436604976654]]",False
early_neutral,6,1876,0.3748750416527824,-1,[1],"[[-0.9863447546958923, 0.01354414876550436], [-0.2387254387140274, -0.18380196392536163], [-0.2600867748260498, -0.011079811491072178], [-0.3034798800945282, 0.1151517927646637], [-0.24979251623153687, 0.17949436604976654]]",False
early_neutral,6,1877,0.3745418193935355,-1,[1],"[[-0.984528124332428, 0.013035968877375126], [-0.24313855171203613, -0.18085359036922455], [-0.2643088102340698, -0.005768268834799528], [-0.3004765808582306, 0.11885389685630798], [-0.24979251623153687, 0.17949436604976654]]",False
early_neutral,6,1878,0.37420859713428856,-1,[1],"[[-0.9803430438041687, 0.012204902246594429], [-0.24767468869686127, -0.17788462340831757], [-0.26818498969078064, -0.0012577157467603683], [-0.29759153723716736, 0.12259526550769806], [-0.24987226724624634, 0.1789325475692749]]",False
early_neutral,6,1879,0.37387537487504163,-1,[1],"[[-0.9745741486549377, 0.011566278524696827], [-0.24997811019420624, -0.1763133555650711], [-0.2709859609603882, 0.002510704565793276], [-0.29420194029808044, 0.12611091136932373], [-0.25006726384162903, 0.1768573671579361]]",False
early_neutral,6,1880,0.3735421526157947,-1,[1],"[[-0.9673638939857483, 0.010914752259850502], [-0.24997811019420624, -0.1763133555650711], [-0.27330467104911804, 0.006405780557543039], [-0.2926980257034302, 0.12754836678504944], [-0.25017428398132324, 0.17391440272331238]]",False
early_neutral,6,1881,0.37320893035654784,-1,[1],"[[-0.9588735699653625, 0.010211845859885216], [-0.24997811019420624, -0.1763133555650711], [-0.27340489625930786, 0.010568195953965187], [-0.2926980257034302, 0.12754836678504944], [-0.2502100169658661, 0.17219969630241394]]",False
early_neutral,6,1882,0.3728757080973009,-1,[1],"[[-0.9496490359306335, 0.0094826715067029], [-0.24997811019420624, -0.1763133555650711], [-0.27277618646621704, 0.014721609652042389], [-0.2911585569381714, 0.12797380983829498], [-0.2502100169658661, 0.17219969630241394]]",False
early_neutral,6,1883,0.372542485838054,-1,[1],"[[-0.9396231174468994, 0.008697591722011566], [-0.2494390606880188, -0.17503085732460022], [-0.27086469531059265, 0.018639424815773964], [-0.2871178090572357, 0.12907658517360687], [-0.24924051761627197, 0.1721106469631195]]",False
early_neutral,6,1884,0.37220926357880707,-1,[1],"[[-0.9298149347305298, 0.00793386623263359], [-0.2480861395597458, -0.17220444977283478], [-0.26744017004966736, 0.022128134965896606], [-0.28170034289360046, 0.130527064204216], [-0.24518239498138428, 0.17184647917747498]]",False
early_neutral,6,1885,0.37187604131956015,-1,[1],"[[-0.9247341752052307, 0.007538438308984041], [-0.24602842330932617, -0.16853617131710052], [-0.26427048444747925, 0.02512745000422001], [-0.27493560314178467, 0.13219772279262543], [-0.23961474001407623, 0.17170198261737823]]",False
early_neutral,6,1886,0.3715428190603132,-1,[1],"[[-0.9245015382766724, 0.007520532701164484], [-0.24353671073913574, -0.1646767258644104], [-0.2637830078601837, 0.025595050305128098], [-0.26739540696144104, 0.13349594175815582], [-0.2326401174068451, 0.17167988419532776]]",False
early_neutral,6,1887,0.3712095968010663,-1,[1],"[[-0.927605926990509, 0.007670595310628414], [-0.24075743556022644, -0.16090136766433716], [-0.2637830078601837, 0.025595050305128098], [-0.2631397843360901, 0.13334032893180847], [-0.22439396381378174, 0.17166641354560852]]",False
early_neutral,6,1888,0.3708763745418194,-1,[1],"[[-0.9322694540023804, 0.0076824212446808815], [-0.23874236643314362, -0.15836046636104584], [-0.2637830078601837, 0.025595050305128098], [-0.2610677182674408, 0.1325840950012207], [-0.215183824300766, 0.17166374623775482]]",False
early_neutral,6,1889,0.37054315228257245,-1,[1],"[[-0.9382995367050171, 0.007485922891646624], [-0.23867109417915344, -0.15827034413814545], [-0.2637830078601837, 0.025595050305128098], [-0.25943005084991455, 0.1317879557609558], [-0.20542679727077484, 0.1716628521680832]]",False
early_neutral,6,1890,0.3702099300233256,-1,[1],"[[-0.945285975933075, 0.007221722509711981], [-0.23847436904907227, -0.15786342322826385], [-0.2637830078601837, 0.025595050305128098], [-0.2612285912036896, 0.12971855700016022], [-0.19483010470867157, 0.171662375330925]]",False
early_neutral,6,1891,0.36987670776407866,-1,[1],"[[-0.9529837369918823, 0.006894202437251806], [-0.2371288239955902, -0.15545828640460968], [-0.2637830078601837, 0.025595050305128098], [-0.2627030313014984, 0.1280745416879654], [-0.18402765691280365, 0.1716621369123459]]",False
early_neutral,6,1892,0.36954348550483174,-1,[1],"[[-0.9614423513412476, 0.00650442112237215], [-0.23491667211055756, -0.15221641957759857], [-0.2637128233909607, 0.025556452572345734], [-0.26212385296821594, 0.12855412065982819], [-0.17277084290981293, 0.17166198790073395]]",False
early_neutral,6,1893,0.3692102632455848,-1,[1],"[[-0.9669049978256226, 0.006368132308125496], [-0.23081842064857483, -0.14896506071090698], [-0.26174092292785645, 0.02449902892112732], [-0.25958988070487976, 0.12992998957633972], [-0.1621662676334381, 0.17170102894306183]]",False
early_neutral,6,1894,0.3688770409863379,-1,[1],"[[-0.9676973223686218, 0.006386477965861559], [-0.22412718832492828, -0.1465565413236618], [-0.25865668058395386, 0.022897036746144295], [-0.25630518794059753, 0.13105399906635284], [-0.1563749611377716, 0.17178411781787872]]",False
early_neutral,6,1895,0.36854381872709097,-1,[1],"[[-0.9656906127929688, 0.006369642447680235], [-0.2165653109550476, -0.14447394013404846], [-0.2543964684009552, 0.02078944630920887], [-0.25252455472946167, 0.1326802670955658], [-0.1557520627975464, 0.17160561680793762]]",False
early_neutral,6,1896,0.36821059646784404,-1,[1],"[[-0.9611401557922363, 0.006269189529120922], [-0.21040615439414978, -0.14326821267604828], [-0.2487783282995224, 0.018345331773161888], [-0.2503168284893036, 0.13398514688014984], [-0.15540741384029388, 0.16942310333251953]]",False
early_neutral,6,1897,0.3678773742085971,-1,[1],"[[-0.9550724029541016, 0.006031573750078678], [-0.20407302677631378, -0.14254416525363922], [-0.24179203808307648, 0.01575227454304695], [-0.25123369693756104, 0.134286031126976], [-0.155188649892807, 0.16626012325286865]]",False
early_neutral,6,1898,0.3675441519493502,-1,[1],"[[-0.9476020336151123, 0.005697251763194799], [-0.19774697721004486, -0.14220234751701355], [-0.2336806356906891, 0.013107837177813053], [-0.25416114926338196, 0.13456569612026215], [-0.15513451397418976, 0.1621711403131485]]",False
early_neutral,6,1899,0.36721092969010327,-1,[1],"[[-0.9388852119445801, 0.005295076407492161], [-0.19148680567741394, -0.1421489715576172], [-0.22527900338172913, 0.010683993808925152], [-0.25664860010147095, 0.13519997894763947], [-0.1550990343093872, 0.1572059839963913]]",False
early_neutral,6,1900,0.3668777074308564,-1,[1],"[[-0.9295154809951782, 0.004854246973991394], [-0.18506425619125366, -0.1423821896314621], [-0.21851736307144165, 0.008744243532419205], [-0.26101481914520264, 0.13438598811626434], [-0.15509144961833954, 0.15146967768669128]]",False
early_neutral,6,1901,0.3665444851716095,-1,[1],"[[-0.9194064140319824, 0.004377136472612619], [-0.17911913990974426, -0.1435500979423523], [-0.2128620147705078, 0.006749916821718216], [-0.26654496788978577, 0.13262370228767395], [-0.15508873760700226, 0.14509600400924683]]",False
early_neutral,6,1902,0.36621126291236256,-1,[1],"[[-0.9085802435874939, 0.003864702070131898], [-0.17386597394943237, -0.14576947689056396], [-0.20776993036270142, 0.004261099733412266], [-0.27270662784576416, 0.12988993525505066], [-0.15508730709552765, 0.13818587362766266]]",False
early_neutral,6,1903,0.36587804065311563,-1,[1],"[[-0.897600531578064, 0.0033442736603319645], [-0.16853433847427368, -0.1481119692325592], [-0.2044590562582016, 0.0007331524393521249], [-0.2787981331348419, 0.12655757367610931], [-0.15508665144443512, 0.13115419447422028]]",False
early_neutral,6,1904,0.3655448183938687,-1,[1],"[[-0.8859876990318298, 0.0027932722587138414], [-0.16319584846496582, -0.15044857561588287], [-0.20175975561141968, -0.003019007621333003], [-0.28364959359169006, 0.12403907626867294], [-0.15508632361888885, 0.12382926791906357]]",False
early_neutral,6,1905,0.3652115961346218,-1,[1],"[[-0.876130223274231, 0.0023253720719367266], [-0.1579088270664215, -0.1528342217206955], [-0.2005966454744339, -0.0045846858993172646], [-0.28864336013793945, 0.12167685478925705], [-0.15508614480495453, 0.11610091477632523]]",False
early_neutral,6,1906,0.36487837387537486,-1,[1],"[[-0.8690400123596191, 0.001988824689760804], [-0.15523405373096466, -0.15405051410198212], [-0.2005966454744339, -0.0045846858993172646], [-0.2942386567592621, 0.12042146176099777], [-0.15508604049682617, 0.1080164760351181]]",False
early_neutral,6,1907,0.36454515161612794,-1,[1],"[[-0.863643229007721, 0.0017326580127701163], [-0.15523405373096466, -0.15405051410198212], [-0.20118051767349243, -0.005412816535681486], [-0.300472229719162, 0.1203838586807251], [-0.15508601069450378, 0.09965024143457413]]",False
early_neutral,6,1908,0.364211929356881,-1,[1],"[[-0.8607098460197449, 0.001593420747667551], [-0.15566396713256836, -0.15338046848773956], [-0.2030186504125595, -0.007667239289730787], [-0.3068821430206299, 0.12069504708051682], [-0.15461117029190063, 0.0911393091082573]]",False
early_neutral,6,1909,0.36387870709763415,-1,[1],"[[-0.8611618280410767, 0.0016232747584581375], [-0.1574770212173462, -0.15115830302238464], [-0.20581625401973724, -0.0105502400547266], [-0.3132615387439728, 0.12121131271123886], [-0.1511605829000473, 0.08383248746395111]]",False
early_neutral,6,1910,0.3635454848383872,-1,[1],"[[-0.864771842956543, 0.0017456874484196305], [-0.16053278744220734, -0.14832714200019836], [-0.20958460867404938, -0.013883777894079685], [-0.3195877969264984, 0.12193232774734497], [-0.14403435587882996, 0.07788802683353424]]",False
early_neutral,6,1911,0.3632122625791403,-1,[1],"[[-0.8697657585144043, 0.0017987608443945646], [-0.16450944542884827, -0.14478175342082977], [-0.21373781561851501, -0.017080195248126984], [-0.32610276341438293, 0.12260488420724869], [-0.13587865233421326, 0.07199770212173462]]",False
early_neutral,6,1912,0.3628790403198934,-1,[1],"[[-0.8762005567550659, 0.0018125353381037712], [-0.16903823614120483, -0.14044226706027985], [-0.2181183099746704, -0.020146433264017105], [-0.33266428112983704, 0.1232629045844078], [-0.12713423371315002, 0.06603291630744934]]",False
early_neutral,6,1913,0.36254581806064645,-1,[1],"[[-0.8837624788284302, 0.0017882907995954156], [-0.17283649742603302, -0.13658107817173004], [-0.2220151573419571, -0.022770807147026062], [-0.338164746761322, 0.1234874576330185], [-0.1175542026758194, 0.0605056956410408]]",False
early_neutral,6,1914,0.36221259580139953,-1,[1],"[[-0.891882598400116, 0.0017187008634209633], [-0.1736544668674469, -0.13572736084461212], [-0.22262640297412872, -0.023175328969955444], [-0.34115394949913025, 0.1228000670671463], [-0.10701727122068405, 0.057531293481588364]]",False
early_neutral,6,1915,0.3618793735421526,-1,[1],"[[-0.9009159207344055, 0.0016039240872487426], [-0.17317862808704376, -0.1358630508184433], [-0.2226353883743286, -0.023195035755634308], [-0.3442099988460541, 0.12181992828845978], [-0.09534891694784164, 0.05684906616806984]]",False
early_neutral,6,1916,0.3615461512829057,-1,[1],"[[-0.9101047515869141, 0.0014675194397568703], [-0.1700844168663025, -0.13697600364685059], [-0.22367435693740845, -0.024870842695236206], [-0.3483251929283142, 0.12101233005523682], [-0.08307299762964249, 0.056470345705747604]]",False
early_neutral,6,1917,0.36121292902365876,-1,[1],"[[-0.919292688369751, 0.0013094822643324733], [-0.16613641381263733, -0.1388835310935974], [-0.22526609897613525, -0.02750692144036293], [-0.3528164327144623, 0.12065345793962479], [-0.07032369077205658, 0.056318797171115875]]",False
early_neutral,6,1918,0.3608797067644119,-1,[1],"[[-0.9284789562225342, 0.0011135282693430781], [-0.164144366979599, -0.14162348210811615], [-0.22271862626075745, -0.03007126972079277], [-0.3583317697048187, 0.12053105235099792], [-0.0572110116481781, 0.05626387521624565]]",False
early_neutral,6,1919,0.36054648450516497,-1,[1],"[[-0.9376628398895264, 0.0008764074300415814], [-0.16613857448101044, -0.1447497308254242], [-0.21706242859363556, -0.03146474435925484], [-0.36413854360580444, 0.12074659764766693], [-0.044894490391016006, 0.05595304071903229]]",False
early_neutral,6,1920,0.36021326224591804,-1,[1],"[[-0.9468420147895813, 0.000571659707929939], [-0.1687259078025818, -0.14855200052261353], [-0.20982185006141663, -0.032267194241285324], [-0.3698027729988098, 0.1207614541053772], [-0.037126120179891586, 0.05548964813351631]]",False
early_neutral,6,1921,0.3598800399866711,-1,[1],"[[-0.9560131430625916, 0.00017768876568879932], [-0.1686815470457077, -0.15345114469528198], [-0.20126880705356598, -0.03237959370017052], [-0.3755847215652466, 0.11944476515054703], [-0.03540746495127678, 0.055399518460035324]]",False
early_neutral,6,1922,0.3595468177274242,-1,[1],"[[-0.9642319679260254, -0.00024651677813380957], [-0.1674024611711502, -0.158901184797287], [-0.19204014539718628, -0.03193290904164314], [-0.38131001591682434, 0.11784341186285019], [-0.038644786924123764, 0.056010935455560684]]",False
early_neutral,6,1923,0.35921359546817727,-1,[1],"[[-0.9709107279777527, -0.0006512259133160114], [-0.16699732840061188, -0.16318751871585846], [-0.18475134670734406, -0.03164714202284813], [-0.38368260860443115, 0.11731528490781784], [-0.0434909425675869, 0.056700676679611206]]",False
early_neutral,6,1924,0.35888037320893035,-1,[1],"[[-0.9773523211479187, -0.0010915584862232208], [-0.16755299270153046, -0.16735506057739258], [-0.18270188570022583, -0.031566791236400604], [-0.3836945593357086, 0.11731360852718353], [-0.04978329315781593, 0.057417359203100204]]",False
early_neutral,6,1925,0.3585471509496834,-1,[1],"[[-0.9803287386894226, -0.0012727209832519293], [-0.17003226280212402, -0.17090870440006256], [-0.18185409903526306, -0.03153872862458229], [-0.3829015791416168, 0.11786121875047684], [-0.0574326328933239, 0.05810951068997383]]",False
early_neutral,6,1926,0.3582139286904365,-1,[1],"[[-0.9808045029640198, -0.0012923394097015262], [-0.17489178478717804, -0.17334461212158203], [-0.1780087947845459, -0.03145354986190796], [-0.38039836287498474, 0.11925151944160461], [-0.0662698745727539, 0.058719754219055176]]",False
early_neutral,6,1927,0.3578807064311896,-1,[1],"[[-0.9808104038238525, -0.0012924900511279702], [-0.18011751770973206, -0.175082728266716], [-0.1727486550807953, -0.031412333250045776], [-0.37651604413986206, 0.12092846632003784], [-0.07608459889888763, 0.05927211791276932]]",False
early_neutral,6,1928,0.3575474841719427,-1,[1],"[[-0.9808104038238525, -0.0012924900511279702], [-0.18147745728492737, -0.17558936774730682], [-0.16610093414783478, -0.03140079602599144], [-0.37129923701286316, 0.12298925220966339], [-0.08669058978557587, 0.05973734334111214]]",False
early_neutral,6,1929,0.3572142619126958,-1,[1],"[[-0.9808104038238525, -0.0012924900511279702], [-0.18147745728492737, -0.17558936774730682], [-0.1581624299287796, -0.031394220888614655], [-0.36486321687698364, 0.12544973194599152], [-0.09749124199151993, 0.06011134013533592]]",False
early_neutral,6,1930,0.35688103965344886,-1,[1],"[[-0.9808104038238525, -0.0012924900511279702], [-0.1834564208984375, -0.1754254400730133], [-0.14910390973091125, -0.03139320760965347], [-0.3590295910835266, 0.1276300996541977], [-0.10886578261852264, 0.06042300909757614]]",False
early_neutral,6,1931,0.35654781739420194,-1,[1],"[[-0.9808104038238525, -0.0012924900511279702], [-0.187104731798172, -0.17507682740688324], [-0.1391202211380005, -0.03139267861843109], [-0.3569539189338684, 0.12840552628040314], [-0.1208512932062149, 0.0607013925909996]]",False
early_neutral,6,1932,0.356214595134955,-1,[1],"[[-0.9808104038238525, -0.0012924900511279702], [-0.1919325888156891, -0.17455977201461792], [-0.1283906102180481, -0.0313924141228199], [-0.3572876453399658, 0.12828630208969116], [-0.13336309790611267, 0.060951754450798035]]",False
early_neutral,6,1933,0.3558813728757081,-1,[1],"[[-0.9808104038238525, -0.0012924900511279702], [-0.19405266642570496, -0.1743280589580536], [-0.11825696378946304, -0.03134976699948311], [-0.3604978024959564, 0.1273716241121292], [-0.14572837948799133, 0.061129726469516754]]",False
early_neutral,6,1934,0.35554815061646117,-1,[1],"[[-0.9808104038238525, -0.0012924900511279702], [-0.1943124532699585, -0.1742996722459793], [-0.1126215010881424, -0.031060704961419106], [-0.3652077615261078, 0.12648791074752808], [-0.15427006781101227, 0.06108275428414345]]",False
early_neutral,6,1935,0.35521492835721424,-1,[1],"[[-0.9808104038238525, -0.0012924900511279702], [-0.19287291169166565, -0.17560575902462006], [-0.11202086508274078, -0.030977871268987656], [-0.3713076710700989, 0.1255478411912918], [-0.15692414343357086, 0.06094786152243614]]",False
early_neutral,6,1936,0.3548817060979673,-1,[1],"[[-0.9808104038238525, -0.0012924900511279702], [-0.19044257700443268, -0.17794303596019745], [-0.11477859318256378, -0.03151949122548103], [-0.3786381185054779, 0.124236099421978], [-0.15423156321048737, 0.06134573370218277]]",False
early_neutral,6,1937,0.35454848383872045,-1,[1],"[[-0.9808104038238525, -0.0012924900511279702], [-0.18815456330776215, -0.1802186220884323], [-0.11935757100582123, -0.032210174947977066], [-0.3870046138763428, 0.12253694981336594], [-0.1497965157032013, 0.061674512922763824]]",False
early_neutral,6,1938,0.35421526157947353,-1,[1],"[[-0.9808104038238525, -0.0012924900511279702], [-0.18769913911819458, -0.18061432242393494], [-0.12536539137363434, -0.032879721373319626], [-0.3960045874118805, 0.12053043395280838], [-0.14399710297584534, 0.0617535263299942]]",False
early_neutral,6,1939,0.3538820393202266,-1,[1],"[[-0.9808104038238525, -0.0012924900511279702], [-0.18782804906368256, -0.18062013387680054], [-0.1327187716960907, -0.033611346036195755], [-0.40570956468582153, 0.11820100992918015], [-0.13685427606105804, 0.06180164963006973]]",False
early_neutral,6,1940,0.3535488170609797,-1,[1],"[[-0.9808104038238525, -0.0012924900511279702], [-0.1909092664718628, -0.18088679015636444], [-0.14127542078495026, -0.034369949251413345], [-0.41568171977996826, 0.11576562374830246], [-0.12849898636341095, 0.06181706115603447]]",False
early_neutral,6,1941,0.35321559480173276,-1,[1],"[[-0.9808104038238525, -0.0012924900511279702], [-0.19543671607971191, -0.18156802654266357], [-0.1508081704378128, -0.03525924310088158], [-0.4261918067932129, 0.11316123604774475], [-0.11914356052875519, 0.06182166561484337]]",False
early_neutral,6,1942,0.35288237254248583,-1,[1],"[[-0.9808104038238525, -0.0012924900511279702], [-0.20121650397777557, -0.18264496326446533], [-0.16115157306194305, -0.036319151520729065], [-0.4359084367752075, 0.11085624247789383], [-0.10890275985002518, 0.06182386726140976]]",False
early_neutral,6,1943,0.3525491502832389,-1,[1],"[[-0.9808104038238525, -0.0012924900511279702], [-0.20747028291225433, -0.18362699449062347], [-0.1718279868364334, -0.037422843277454376], [-0.4449070692062378, 0.10920467227697372], [-0.10020522773265839, 0.06184162199497223]]",False
early_neutral,6,1944,0.352215928023992,-1,[1],"[[-0.9808104038238525, -0.0012924900511279702], [-0.21377862989902496, -0.18442445993423462], [-0.1828262358903885, -0.038456741720438004], [-0.45411181449890137, 0.10787547379732132], [-0.09708420187234879, 0.06186208501458168]]",False
early_neutral,6,1945,0.35188270576474506,-1,[1],"[[-0.9808104038238525, -0.0012924900511279702], [-0.22000594437122345, -0.18499654531478882], [-0.1944587379693985, -0.039458878338336945], [-0.4634348750114441, 0.10678435117006302], [-0.09700869023799896, 0.06163925677537918]]",False
early_neutral,6,1946,0.3515494835054982,-1,[1],"[[-0.9808104038238525, -0.0012924900511279702], [-0.22635969519615173, -0.18535548448562622], [-0.20667146146297455, -0.04035789892077446], [-0.47262489795684814, 0.10591629892587662], [-0.096555694937706, 0.05972617119550705]]",False
early_neutral,6,1947,0.35121626124625127,-1,[1],"[[-0.9808104038238525, -0.0012924900511279702], [-0.23278795182704926, -0.1854977309703827], [-0.21936406195163727, -0.04105522111058235], [-0.4817463159561157, 0.10518961399793625], [-0.09627186506986618, 0.05697349086403847]]",False
early_neutral,6,1948,0.35088303898700435,-1,[1],"[[-0.9808104038238525, -0.0012924900511279702], [-0.2391527146100998, -0.18546096980571747], [-0.2324286848306656, -0.04156026989221573], [-0.4896702170372009, 0.10459071397781372], [-0.09787756949663162, 0.05400922894477844]]",False
early_neutral,6,1949,0.3505498167277574,-1,[1],"[[-0.9808104038238525, -0.0012924900511279702], [-0.24546556174755096, -0.18526297807693481], [-0.24578425288200378, -0.04177582263946533], [-0.49318015575408936, 0.10422088205814362], [-0.10306022316217422, 0.0527191087603569]]",False
early_neutral,6,1950,0.3502165944685105,-1,[1],"[[-0.9808104038238525, -0.0012924900511279702], [-0.251874715089798, -0.18489956855773926], [-0.25935453176498413, -0.041732728481292725], [-0.49453532695770264, 0.1039690151810646], [-0.10980558395385742, 0.05223431810736656]]",False
early_neutral,6,1951,0.3498833722092636,-1,[1],"[[-0.9808104038238525, -0.0012924900511279702], [-0.25825321674346924, -0.18443621695041656], [-0.2730799615383148, -0.0414554625749588], [-0.4953646957874298, 0.10366345942020416], [-0.11775901913642883, 0.05178827419877052]]",False
early_neutral,6,1952,0.34955014995001665,-1,[1],"[[-0.9808104038238525, -0.0012924900511279702], [-0.2644937336444855, -0.1839323490858078], [-0.28691408038139343, -0.040947265923023224], [-0.4961940050125122, 0.10331182181835175], [-0.12681536376476288, 0.05136369913816452]]",False
early_neutral,6,1953,0.34921692769076973,-1,[1],"[[-0.9808104038238525, -0.0012924900511279702], [-0.2708684504032135, -0.1833663135766983], [-0.30082327127456665, -0.04024480655789375], [-0.4965265989303589, 0.10293886065483093], [-0.13627243041992188, 0.050948794931173325]]",False
early_neutral,6,1954,0.3488837054315228,-1,[1],"[[-0.9808104038238525, -0.0012924900511279702], [-0.27723726630210876, -0.18277393281459808], [-0.3147801160812378, -0.03935742378234863], [-0.4961690902709961, 0.10092728585004807], [-0.14652958512306213, 0.05049532279372215]]",False
early_neutral,6,1955,0.3485504831722759,-1,[1],"[[-0.9808104038238525, -0.0012924900511279702], [-0.2834526300430298, -0.18221203982830048], [-0.3287648558616638, -0.03830067440867424], [-0.49593988060951233, 0.09806602448225021], [-0.15731942653656006, 0.05005627125501633]]",False
early_neutral,6,1956,0.348217260913029,-1,[1],"[[-0.9808104038238525, -0.0012924900511279702], [-0.2898288071155548, -0.18165288865566254], [-0.34276294708251953, -0.03709346428513527], [-0.49584445357322693, 0.09449433535337448], [-0.16829651594161987, 0.04974620044231415]]",False
early_neutral,6,1957,0.3478840386537821,-1,[1],"[[-0.9808104038238525, -0.0012924900511279702], [-0.2964976727962494, -0.18108442425727844], [-0.35676321387290955, -0.03574628010392189], [-0.49578404426574707, 0.09006727486848831], [-0.17992383241653442, 0.049540579319000244]]",False
early_neutral,6,1958,0.34755081639453517,-1,[1],"[[-0.9808104038238525, -0.0012924900511279702], [-0.30439895391464233, -0.18042320013046265], [-0.3707670569419861, -0.03431003913283348], [-0.4957680106163025, 0.08466733992099762], [-0.1921374350786209, 0.04937947541475296]]",False
early_neutral,6,1959,0.34721759413528824,-1,[1],"[[-0.9808104038238525, -0.0012924900511279702], [-0.3133552670478821, -0.1796867996454239], [-0.3847702145576477, -0.03279634192585945], [-0.49575722217559814, 0.07854095101356506], [-0.20482978224754333, 0.049277372658252716]]",False
early_neutral,6,1960,0.3468843718760413,-1,[1],"[[-0.9808104038238525, -0.0012924900511279702], [-0.3224724531173706, -0.17892944812774658], [-0.39883437752723694, -0.03148432821035385], [-0.49575096368789673, 0.07186820358037949], [-0.21789658069610596, 0.04922213777899742]]",False
early_neutral,6,1961,0.3465511496167944,-1,[1],"[[-0.9808104038238525, -0.0012924900511279702], [-0.33158648014068604, -0.1781562715768814], [-0.4129779636859894, -0.030535481870174408], [-0.4957473874092102, 0.06500629335641861], [-0.23125402629375458, 0.049212031066417694]]",False
early_neutral,6,1962,0.3462179273575475,-1,[1],"[[-0.9808104038238525, -0.0012924900511279702], [-0.33918505907058716, -0.1774984896183014], [-0.42716899514198303, -0.029873551800847054], [-0.49574556946754456, 0.05772088095545769], [-0.24483563005924225, 0.04924842715263367]]",False
early_neutral,6,1963,0.34588470509830055,-1,[1],"[[-0.9808104038238525, -0.0012924900511279702], [-0.34555909037590027, -0.17692889273166656], [-0.4399242103099823, -0.029330281540751457], [-0.49574458599090576, 0.05001687631011009], [-0.2585889399051666, 0.04933841899037361]]",False
early_neutral,6,1964,0.3455514828390536,-1,[1],"[[-0.9808104038238525, -0.0012924900511279702], [-0.35206642746925354, -0.1763220727443695], [-0.44937947392463684, -0.02893870882689953], [-0.495743989944458, 0.04195056110620499], [-0.27247294783592224, 0.04948769509792328]]",False
early_neutral,6,1965,0.34521826057980676,-1,[1],"[[-0.9808104038238525, -0.0012924900511279702], [-0.35967615246772766, -0.17550386488437653], [-0.4578588306903839, -0.02861565165221691], [-0.49575233459472656, 0.03397110477089882], [-0.28644832968711853, 0.049842603504657745]]",False
early_neutral,6,1966,0.34488503832055983,-1,[1],"[[-0.9808104038238525, -0.0012924900511279702], [-0.3683972954750061, -0.17441213130950928], [-0.46466392278671265, -0.028442010283470154], [-0.4957982301712036, 0.02850811742246151], [-0.3004753589630127, 0.05049418658018112]]",False
early_neutral,6,1967,0.3445518160613129,-1,[1],"[[-0.9808104038238525, -0.0012924900511279702], [-0.37537819147109985, -0.17352034151554108], [-0.4726451337337494, -0.02779216878116131], [-0.4957846701145172, 0.026895971968770027], [-0.314253032207489, 0.051736392080783844]]",False
early_neutral,6,1968,0.344218593802066,-1,[1],"[[-0.9811838269233704, 0.0003043918695766479], [-0.3817141652107239, -0.17279325425624847], [-0.48149344325065613, -0.02656058594584465], [-0.4936354160308838, 0.028020918369293213], [-0.325361043214798, 0.05451269820332527]]",False
early_neutral,6,1969,0.34388537154281906,-1,[1],"[[-0.9820756316184998, 0.0031231525354087353], [-0.3880675435066223, -0.17213349044322968], [-0.490469753742218, -0.02527526766061783], [-0.4898230731487274, 0.029700301587581635], [-0.33328181505203247, 0.05946149677038193]]",False
early_neutral,6,1970,0.34355214928357214,-1,[1],"[[-0.9832221865653992, 0.005999467801302671], [-0.39443355798721313, -0.17152749001979828], [-0.499476820230484, -0.024084588512778282], [-0.485887736082077, 0.032618701457977295], [-0.34073907136917114, 0.06532788276672363]]",False
early_neutral,6,1971,0.3432189270243252,-1,[1],"[[-0.9908088445663452, -0.0], [-0.3866766393184662, -0.16440258920192719], [-0.4501718282699585, -0.023925235494971275], [-0.545030951499939, 0.11000660806894302], [-0.40907397866249084, 0.18683987855911255]]",False
early_neutral,6,1972,0.3428857047650783,-1,[1],"[[-0.9908088445663452, -0.0], [-0.3866766393184662, -0.16440258920192719], [-0.4501718282699585, -0.023925235494971275], [-0.545030951499939, 0.11000660806894302], [-0.40907397866249084, 0.18683987855911255]]",False
early_neutral,6,1973,0.34255248250583137,-1,[1],"[[-0.9908088445663452, -0.0], [-0.3866766393184662, -0.16440258920192719], [-0.4501718282699585, -0.023925235494971275], [-0.5426038503646851, 0.11000660806894302], [-0.40907397866249084, 0.18683987855911255]]",False
early_neutral,6,1974,0.34221926024658444,-1,[0],"[[-0.9908088445663452, -0.0], [-0.3866766393184662, -0.16440258920192719], [-0.4501718282699585, -0.023925235494971275], [-0.5379222631454468, 0.11000660806894302], [-0.40907397866249084, 0.18683987855911255]]",False
early_neutral,6,1975,0.3418860379873376,-1,[0],"[[-0.9908088445663452, -0.0], [-0.3866766393184662, -0.16440258920192719], [-0.4501718282699585, -0.023925235494971275], [-0.5317690968513489, 0.11001130938529968], [-0.40907397866249084, 0.18683987855911255]]",False
early_neutral,6,1976,0.34155281572809065,-1,[0],"[[-0.9908088445663452, -0.0], [-0.3866766393184662, -0.16440258920192719], [-0.4501718282699585, -0.023925235494971275], [-0.5242816209793091, 0.11002880334854126], [-0.40907397866249084, 0.18683987855911255]]",False
early_neutral,6,1977,0.34121959346884373,-1,[0],"[[-0.9908088445663452, -0.0], [-0.3866766393184662, -0.16440258920192719], [-0.4501718282699585, -0.023925235494971275], [-0.5166434645652771, 0.1100471243262291], [-0.40907397866249084, 0.18683987855911255]]",False
early_neutral,6,1978,0.3408863712095968,-1,[0],"[[-0.9908088445663452, -0.0], [-0.3866766393184662, -0.16440258920192719], [-0.4501718282699585, -0.023925235494971275], [-0.5106889009475708, 0.11005514860153198], [-0.40907397866249084, 0.18683987855911255]]",False
early_neutral,6,1979,0.3405531489503499,-1,[0],"[[-0.9908088445663452, -0.0], [-0.3866766393184662, -0.16440258920192719], [-0.4501718282699585, -0.023925235494971275], [-0.5045939683914185, 0.11005514860153198], [-0.40960073471069336, 0.18715417385101318]]",False
early_neutral,6,1980,0.34021992669110296,-1,[0],"[[-0.9881777167320251, 0.0006888445932418108], [-0.38511770963668823, -0.16494131088256836], [-0.44877395033836365, -0.023683469742536545], [-0.4973856508731842, 0.11005517095327377], [-0.40902191400527954, 0.1870027631521225]]",False
early_neutral,6,1981,0.33988670443185603,-1,[0],"[[-0.9837930798530579, 0.0021059883292764425], [-0.3814508020877838, -0.16608406603336334], [-0.4454980194568634, -0.023090019822120667], [-0.49178484082221985, 0.11005622148513794], [-0.4069233536720276, 0.18619422614574432]]",False
early_neutral,6,1982,0.3395534821726091,-1,[0],"[[-0.978319525718689, 0.004262616392225027], [-0.3764457106590271, -0.16744829714298248], [-0.4409070312976837, -0.022224167361855507], [-0.4891183376312256, 0.11044150590896606], [-0.4045642614364624, 0.18505269289016724]]",False
early_neutral,6,1983,0.3392202599133622,-1,[0],"[[-0.9717785716056824, 0.006999698467552662], [-0.3704487979412079, -0.16892747581005096], [-0.4349188804626465, -0.02116890251636505], [-0.4854750335216522, 0.11138197034597397], [-0.40594059228897095, 0.18487045168876648]]",False
early_neutral,6,1984,0.3388870376541153,-1,[0],"[[-0.9643235206604004, 0.010243801400065422], [-0.3643655478954315, -0.17029006779193878], [-0.4275830388069153, -0.02004050835967064], [-0.4802340567111969, 0.1122165098786354], [-0.407684326171875, 0.18479102849960327]]",True
early_neutral,6,1985,0.3385538153948684,-1,[0],"[[-0.9564670324325562, 0.013699939474463463], [-0.3582146167755127, -0.17151711881160736], [-0.4190317988395691, -0.01881703920662403], [-0.47392743825912476, 0.11295563727617264], [-0.40670475363731384, 0.18673890829086304]]",True
early_neutral,6,1986,0.3382205931356215,-1,[0],"[[-0.9479013681411743, 0.017432034015655518], [-0.3519987463951111, -0.17259666323661804], [-0.4100704491138458, -0.01748795062303543], [-0.4675595462322235, 0.11355210840702057], [-0.4059198200702667, 0.18902276456356049]]",True
early_neutral,6,1987,0.33788737087637455,-1,[0],"[[-0.9388279914855957, 0.02134673297405243], [-0.34572628140449524, -0.17352734506130219], [-0.40112370252609253, -0.016117921099066734], [-0.4611836373806, 0.11408627033233643], [-0.4058164060115814, 0.19179052114486694]]",True
early_neutral,6,1988,0.3375541486171276,-1,[0],"[[-0.929527997970581, 0.025322668254375458], [-0.33940571546554565, -0.1743081957101822], [-0.3921857178211212, -0.014723759144544601], [-0.454965204000473, 0.11464845389127731], [-0.4055154323577881, 0.1946558803319931]]",True
early_neutral,6,1989,0.3372209263578807,-1,[0],"[[-0.9196746349334717, 0.029501741752028465], [-0.3330455720424652, -0.17493852972984314], [-0.38325580954551697, -0.013307923451066017], [-0.44860172271728516, 0.11526580154895782], [-0.4047238826751709, 0.19809964299201965]]",True
early_neutral,6,1990,0.3368877040986338,-1,[0],"[[-0.9093469977378845, 0.03386840969324112], [-0.32665592432022095, -0.17542657256126404], [-0.37432926893234253, -0.011883039027452469], [-0.4422767162322998, 0.11596798151731491], [-0.4031807780265808, 0.20228062570095062]]",True
early_neutral,6,1991,0.33655448183938685,-1,[0],"[[-0.8986342549324036, 0.03838633373379707], [-0.32024478912353516, -0.1757754385471344], [-0.3654034733772278, -0.01045629009604454], [-0.43617114424705505, 0.11684421449899673], [-0.40021461248397827, 0.2066691815853119]]",True
early_neutral,6,1992,0.33622125958013993,-1,[0],"[[-0.8876266479492188, 0.043022967875003815], [-0.31381940841674805, -0.1759866178035736], [-0.3564763367176056, -0.009032966569066048], [-0.4299650490283966, 0.11794661730527878], [-0.39597007632255554, 0.21001476049423218]]",True
early_neutral,6,1993,0.33588803732089306,-1,[0],"[[-0.8764020800590515, 0.0477592833340168], [-0.30738693475723267, -0.17606326937675476], [-0.3475430905818939, -0.007626105099916458], [-0.4238739311695099, 0.11925574392080307], [-0.39105409383773804, 0.21409383416175842]]",True
early_neutral,6,1994,0.33555481506164614,-1,[0],"[[-0.8650145530700684, 0.052573420107364655], [-0.3009554445743561, -0.17600825428962708], [-0.3386033773422241, -0.00623665377497673], [-0.41811034083366394, 0.12078677862882614], [-0.3857457637786865, 0.21906878054141998]]",True
early_neutral,6,1995,0.3352215928023992,-1,[0],"[[-0.8535082340240479, 0.057451050728559494], [-0.2946426570415497, -0.17584660649299622], [-0.3296557366847992, -0.004869012162089348], [-0.41236600279808044, 0.12263411283493042], [-0.37924331426620483, 0.22329571843147278]]",True
early_neutral,6,1996,0.3348883705431523,-1,[0],"[[-0.8419155478477478, 0.06237989291548729], [-0.2882736921310425, -0.17557768523693085], [-0.3206998109817505, -0.0035244408063590527], [-0.40681856870651245, 0.12474583834409714], [-0.37259477376937866, 0.22756467759609222]]",True
early_neutral,6,1997,0.33455514828390537,-1,[0],"[[-0.8303583264350891, 0.0674452930688858], [-0.2818674147129059, -0.17519991099834442], [-0.3117351233959198, -0.002204903867095709], [-0.40158742666244507, 0.12703903019428253], [-0.3659101128578186, 0.23211032152175903]]",True
early_neutral,6,1998,0.33422192602465844,-1,[0],"[[-0.8189413547515869, 0.07271712273359299], [-0.275551438331604, -0.17468345165252686], [-0.3027610182762146, -0.0009128149831667542], [-0.39655956625938416, 0.129552960395813], [-0.35936352610588074, 0.2367957979440689]]",True
early_neutral,6,1999,0.3338887037654115,-1,[0],"[[-0.8081265091896057, 0.07786212116479874], [-0.2693156599998474, -0.17401309311389923], [-0.29377880692481995, 0.0003552166745066643], [-0.39170798659324646, 0.13230173289775848], [-0.35242077708244324, 0.23895135521888733]]",True
early_neutral,6,2000,0.3335554815061646,-1,[0],"[[-0.7992193698883057, 0.08092816919088364], [-0.26301291584968567, -0.17317351698875427], [-0.28479424118995667, 0.001616229652427137], [-0.387057900428772, 0.13519473373889923], [-0.3458489775657654, 0.23982511460781097]]",True
early_neutral,6,2001,0.3332222592469177,-1,[0],"[[-0.7903187870979309, 0.08142226934432983], [-0.2568068206310272, -0.172169029712677], [-0.27580833435058594, 0.0028732174541801214], [-0.3825801610946655, 0.13820067048072815], [-0.33847811818122864, 0.24030911922454834]]",True
early_neutral,6,2002,0.33288903698767075,-1,[0],"[[-0.7845150232315063, 0.08106084913015366], [-0.25078731775283813, -0.17100496590137482], [-0.26683658361434937, 0.004172091837972403], [-0.3781719505786896, 0.1412498950958252], [-0.3300835192203522, 0.24192805588245392]]",True
early_neutral,6,2003,0.3325558147284239,-1,[0],"[[-0.7804486155509949, 0.07964520156383514], [-0.24470847845077515, -0.16963458061218262], [-0.25788870453834534, 0.005538944620639086], [-0.3735714852809906, 0.1441761702299118], [-0.3208996057510376, 0.24193699657917023]]",True
early_neutral,6,2004,0.33222259246917696,-1,[0],"[[-0.7766308784484863, 0.07833464443683624], [-0.24059544503688812, -0.16862864792346954], [-0.24896615743637085, 0.0069742267951369286], [-0.3687816560268402, 0.14697009325027466], [-0.3115899860858917, 0.24191078543663025]]",True
early_neutral,6,2005,0.33188937020993003,-1,[0],"[[-0.7726722359657288, 0.07717065513134003], [-0.24044951796531677, -0.16859319806098938], [-0.24007081985473633, 0.00847927201539278], [-0.3639329969882965, 0.14963839948177338], [-0.302247017621994, 0.24180836975574493]]",True
early_neutral,6,2006,0.3315561479506831,-1,[1],"[[-0.7684602737426758, 0.0761207789182663], [-0.24044951796531677, -0.16859319806098938], [-0.23120638728141785, 0.0100595373660326], [-0.3589839041233063, 0.15222673118114471], [-0.2941837012767792, 0.24236343801021576]]",True
early_neutral,6,2007,0.3312229256914362,-1,[1],"[[-0.7652318477630615, 0.07543333619832993], [-0.24044951796531677, -0.16859319806098938], [-0.22226651012897491, 0.011806823313236237], [-0.3538711965084076, 0.154767706990242], [-0.2857312858104706, 0.2428186982870102]]",True
early_neutral,6,2008,0.33088970343218926,-1,[1],"[[-0.7639976143836975, 0.07518552988767624], [-0.24044951796531677, -0.16859319806098938], [-0.2126362919807434, 0.013871033675968647], [-0.348676860332489, 0.1571911871433258], [-0.27561965584754944, 0.2427748590707779]]",True
early_neutral,6,2009,0.33055648117294234,-1,[1],"[[-0.7617024779319763, 0.07482272386550903], [-0.23846827447414398, -0.1684427410364151], [-0.20270374417304993, 0.01621124893426895], [-0.34343716502189636, 0.15946656465530396], [-0.2651662230491638, 0.24270384013652802]]",True
early_neutral,6,2010,0.3302232589136954,-1,[1],"[[-0.7573637962341309, 0.07446117699146271], [-0.2348390519618988, -0.16802336275577545], [-0.19250251352787018, 0.018900467082858086], [-0.3379703760147095, 0.1616736799478531], [-0.2540002465248108, 0.24259553849697113]]",True
early_neutral,6,2011,0.3298900366544485,-1,[1],"[[-0.7515137791633606, 0.07444240897893906], [-0.22984987497329712, -0.16726574301719666], [-0.18185508251190186, 0.02197062037885189], [-0.3323819935321808, 0.1637476533651352], [-0.24217863380908966, 0.2424745410680771]]",True
early_neutral,6,2012,0.3295568143952016,-1,[1],"[[-0.7450560331344604, 0.0746099054813385], [-0.22403956949710846, -0.16636475920677185], [-0.17094814777374268, 0.025553058832883835], [-0.32666638493537903, 0.16566917300224304], [-0.22979699075222015, 0.242384672164917]]",True
early_neutral,6,2013,0.3292235921359547,-1,[1],"[[-0.7386081218719482, 0.074895940721035], [-0.21786126494407654, -0.16543219983577728], [-0.16009806096553802, 0.02982187271118164], [-0.3208436965942383, 0.16744981706142426], [-0.216999351978302, 0.2423424869775772]]",True
early_neutral,6,2014,0.3288903698767078,-1,[1],"[[-0.7347317934036255, 0.07491849362850189], [-0.21158617734909058, -0.16450831294059753], [-0.14957267045974731, 0.034825775772333145], [-0.31497257947921753, 0.16916200518608093], [-0.20388825237751007, 0.24123775959014893]]",True
early_neutral,6,2015,0.32855714761746085,-1,[1],"[[-0.732482373714447, 0.07458276301622391], [-0.2053707242012024, -0.16356563568115234], [-0.1400805413722992, 0.040900539606809616], [-0.309061735868454, 0.17081528902053833], [-0.19072787463665009, 0.24027816951274872]]",True
early_neutral,6,2016,0.32822392535821393,-1,[1],"[[-0.7291689515113831, 0.0740644708275795], [-0.19922785460948944, -0.16258558630943298], [-0.13185061514377594, 0.04784977063536644], [-0.30311667919158936, 0.1724158376455307], [-0.17754964530467987, 0.2402786761522293]]",True
early_neutral,6,2017,0.327890703098967,-1,[1],"[[-0.7242448925971985, 0.07365141063928604], [-0.1929968297481537, -0.16154280304908752], [-0.12692657113075256, 0.055337876081466675], [-0.2971409261226654, 0.17396719753742218], [-0.16415923833847046, 0.24034543335437775]]",True
early_neutral,6,2018,0.3275574808397201,-1,[1],"[[-0.7197227478027344, 0.0726417526602745], [-0.18679915368556976, -0.16045673191547394], [-0.12541812658309937, 0.06312145292758942], [-0.2907838225364685, 0.17555682361125946], [-0.1505555361509323, 0.24054419994354248]]",True
early_neutral,6,2019,0.32722425858047316,-1,[1],"[[-0.7191510796546936, 0.06948985159397125], [-0.18074603378772736, -0.1593477576971054], [-0.12545356154441833, 0.06940308213233948], [-0.28322678804397583, 0.17737391591072083], [-0.13678757846355438, 0.24079744517803192]]",True
early_neutral,6,2020,0.32689103632122624,-1,[1],"[[-0.721415638923645, 0.06574008613824844], [-0.17457307875156403, -0.1581677496433258], [-0.12693938612937927, 0.07530023902654648], [-0.2746564447879791, 0.17934772372245789], [-0.12289013713598251, 0.24099187552928925]]",True
early_neutral,6,2021,0.32655781406197937,-1,[1],"[[-0.7264619469642639, 0.06237468123435974], [-0.1684093177318573, -0.15696869790554047], [-0.12768617272377014, 0.08038869500160217], [-0.26562097668647766, 0.18132109940052032], [-0.10898295789957047, 0.24125699698925018]]",True
early_neutral,6,2022,0.32622459180273244,-1,[0],"[[-0.7328326106071472, 0.05876592919230461], [-0.1623854637145996, -0.15582548081874847], [-0.12462088465690613, 0.08287666738033295], [-0.255748450756073, 0.18336783349514008], [-0.09495695680379868, 0.2430134117603302]]",True
early_neutral,6,2023,0.3258913695434855,-1,[0],"[[-0.7397381663322449, 0.05451809987425804], [-0.1561967134475708, -0.154680997133255], [-0.11879190802574158, 0.08356846868991852], [-0.24546025693416595, 0.18538647890090942], [-0.08118238300085068, 0.24335242807865143]]",True
early_neutral,6,2024,0.3255581472842386,-1,[0],"[[-0.7472803592681885, 0.04985616356134415], [-0.14999237656593323, -0.15358397364616394], [-0.11154868453741074, 0.08398120850324631], [-0.23483213782310486, 0.18736208975315094], [-0.06785121560096741, 0.24334275722503662]]",True
early_neutral,6,2025,0.3252249250249917,-1,[1],"[[-0.7553655505180359, 0.044836800545454025], [-0.14390072226524353, -0.15262392163276672], [-0.103060781955719, 0.08405813574790955], [-0.2235439270734787, 0.18936027586460114], [-0.05431500822305679, 0.24322934448719025]]",True
early_neutral,6,2026,0.32489170276574475,-1,[1],"[[-0.7639434337615967, 0.039502304047346115], [-0.13760815560817719, -0.15175826847553253], [-0.0938233882188797, 0.08395430445671082], [-0.21162855625152588, 0.19128286838531494], [-0.040770113468170166, 0.2430380880832672]]",True
early_neutral,6,2027,0.3245584805064978,-1,[0],"[[-0.7729095816612244, 0.033914919942617416], [-0.13127954304218292, -0.15100915729999542], [-0.08385679125785828, 0.083805613219738], [-0.19916453957557678, 0.19300074875354767], [-0.029337383806705475, 0.24327269196510315]]",True
early_neutral,6,2028,0.3242252582472509,-1,[0],"[[-0.7821797728538513, 0.028132468461990356], [-0.12503781914710999, -0.15036554634571075], [-0.07330034673213959, 0.08362443000078201], [-0.18628038465976715, 0.1945566087961197], [-0.01857185922563076, 0.24315296113491058]]",True
early_neutral,6,2029,0.323892035988004,-1,[0],"[[-0.791684091091156, 0.022199617698788643], [-0.1187133714556694, -0.14980573952198029], [-0.06240799278020859, 0.08342856168746948], [-0.17304980754852295, 0.1958819180727005], [-0.009448662400245667, 0.242978036403656]]",True
early_neutral,6,2030,0.32355881372875706,-1,[0],"[[-0.8007282614707947, 0.016551028937101364], [-0.1123213917016983, -0.14932960271835327], [-0.05086636543273926, 0.08321378380060196], [-0.15954865515232086, 0.1969708502292633], [-0.00036809861194342375, 0.2428000122308731]]",True
early_neutral,6,2031,0.3232255914695102,-1,[0],"[[-0.809465229511261, 0.011092513799667358], [-0.10597260296344757, -0.14889775216579437], [-0.03873894363641739, 0.08298629522323608], [-0.1458585560321808, 0.19774076342582703], [0.006528680678457022, 0.24269285798072815]]",True
early_neutral,6,2032,0.32289236921026326,-1,[0],"[[-0.8179395794868469, 0.005796595476567745], [-0.09967836737632751, -0.1484912633895874], [-0.02613166719675064, 0.08274904638528824], [-0.13433226943016052, 0.19820377230644226], [0.010900892317295074, 0.24260090291500092]]",True
early_neutral,6,2033,0.32255914695101634,-1,[0],"[[-0.8236935138702393, 0.002200239570811391], [-0.09327282011508942, -0.14809928834438324], [-0.013147441670298576, 0.0825042873620987], [-0.12514197826385498, 0.19825364649295807], [0.011851371265947819, 0.24258090555667877]]",True
early_neutral,6,2034,0.3222259246917694,-1,[0],"[[-0.8269720673561096, 0.000150103893247433], [-0.08687962591648102, -0.14771904051303864], [0.0001305012992816046, 0.08225395530462265], [-0.1172044575214386, 0.19807986915111542], [0.01186355296522379, 0.2425050288438797]]",True
early_neutral,6,2035,0.3218927024325225,-1,[0],"[[-0.8280475735664368, -0.0005044934223406017], [-0.08061639219522476, -0.14734868705272675], [0.013635773211717606, 0.08199746161699295], [-0.11082428693771362, 0.19755010306835175], [0.011151408776640892, 0.24221399426460266]]",True
early_neutral,6,2036,0.32155948017327557,-1,[0],"[[-0.8281171917915344, -0.0005337859038263559], [-0.07420866936445236, -0.14697198569774628], [0.027315517887473106, 0.08172142505645752], [-0.10458340495824814, 0.19657908380031586], [0.014675977639853954, 0.24153336882591248]]",False
early_neutral,6,2037,0.32122625791402865,-1,[0],"[[-0.8281331062316895, -0.000539315165951848], [-0.06779998540878296, -0.14660505950450897], [0.04112882912158966, 0.0814235582947731], [-0.09929096698760986, 0.1942451447248459], [0.01963054947555065, 0.24131685495376587]]",False
early_neutral,6,2038,0.3208930356547817,-1,[0],"[[-0.8281331062316895, -0.000539315165951848], [-0.06154627352952957, -0.14626963436603546], [0.05504389852285385, 0.08110081404447556], [-0.09448079764842987, 0.19148440659046173], [0.026057086884975433, 0.24112722277641296]]",False
early_neutral,6,2039,0.3205598133955348,-1,[0],"[[-0.8281331062316895, -0.000539315165951848], [-0.05513136088848114, -0.14594896137714386], [0.06903614103794098, 0.08075062185525894], [-0.08943904936313629, 0.18904970586299896], [0.03384504094719887, 0.2411663979291916]]",False
early_neutral,6,2040,0.32022659113628793,-1,[0],"[[-0.8281331062316895, -0.000539315165951848], [-0.048713915050029755, -0.14565324783325195], [0.08308637142181396, 0.08036786317825317], [-0.08421117812395096, 0.18711109459400177], [0.04300878196954727, 0.24112091958522797]]",False
early_neutral,6,2041,0.319893368877041,-1,[0],"[[-0.8281331062316895, -0.000539315165951848], [-0.042450569570064545, -0.1453946828842163], [0.09717917442321777, 0.07993892580270767], [-0.07828862220048904, 0.18548180162906647], [0.052332036197185516, 0.24108649790287018]]",True
early_neutral,6,2042,0.3195601466177941,-1,[0],"[[-0.8281331062316895, -0.000539315165951848], [-0.03602822870016098, -0.14516118168830872], [0.11130286753177643, 0.07945862412452698], [-0.07206092774868011, 0.18479230999946594], [0.06153649091720581, 0.24110431969165802]]",True
early_neutral,6,2043,0.31922692435854716,-1,[0],"[[-0.8281331062316895, -0.000539315165951848], [-0.029602067545056343, -0.14495784044265747], [0.12544327974319458, 0.07887006551027298], [-0.0658922791481018, 0.18537646532058716], [0.07086609303951263, 0.24113404750823975]]",True
early_neutral,6,2044,0.31889370209930024,-1,[0],"[[-0.8281331062316895, -0.000539315165951848], [-0.023283088579773903, -0.14477942883968353], [0.1395902931690216, 0.07815680652856827], [-0.05953158438205719, 0.18619593977928162], [0.08020642399787903, 0.2411988526582718]]",True
early_neutral,6,2045,0.3185604798400533,-1,[0],"[[-0.8281331062316895, -0.000539315165951848], [-0.016904136165976524, -0.1446196734905243], [0.15373775362968445, 0.07732779532670975], [-0.05210736766457558, 0.18711553514003754], [0.08764109760522842, 0.24105635285377502]]",True
early_neutral,6,2046,0.3182272575808064,-1,[0],"[[-0.8281331062316895, -0.000539315165951848], [-0.010473974980413914, -0.1444786638021469], [0.16788138449192047, 0.07639387249946594], [-0.04489591717720032, 0.18802928924560547], [0.0961020439863205, 0.24099157750606537]]",True
early_neutral,6,2047,0.31789403532155946,-1,[0],"[[-0.8281331062316895, -0.000539315165951848], [-0.0040932921692729, -0.14435386657714844], [0.18201512098312378, 0.07534682750701904], [-0.0385664664208889, 0.18878020346164703], [0.10537220537662506, 0.24097955226898193]]",True
early_neutral,6,2048,0.31756081306231254,-1,[0],"[[-0.8281331062316895, -0.000539315165951848], [0.0022296311799436808, -0.14424338936805725], [0.19612647593021393, 0.0741451233625412], [-0.0322231650352478, 0.18947981297969818], [0.11507755517959595, 0.2409699261188507]]",True
early_neutral,6,2049,0.3172275908030656,-1,[0],"[[-0.8281331062316895, -0.000539315165951848], [0.008661648258566856, -0.14414426684379578], [0.21018129587173462, 0.0727878287434578], [-0.02586030401289463, 0.19009937345981598], [0.1256163865327835, 0.24098001420497894]]",True
early_neutral,6,2050,0.31689436854381875,-1,[0],"[[-0.8281331062316895, -0.000539315165951848], [0.015080064535140991, -0.14405564963817596], [0.22207891941070557, 0.07153347134590149], [-0.01947856694459915, 0.19063042104244232], [0.1363411694765091, 0.24090789258480072]]",True
early_neutral,6,2051,0.3165611462845718,-1,[1],"[[-0.8281331062316895, -0.000539315165951848], [0.02136789634823799, -0.14397647976875305], [0.2311125546693802, 0.07027624547481537], [-0.01248711533844471, 0.19114521145820618], [0.14636296033859253, 0.2403184175491333]]",True
early_neutral,6,2052,0.3162279240253249,-1,[1],"[[-0.8281331062316895, -0.000539315165951848], [0.02780073694884777, -0.14390325546264648], [0.23888666927814484, 0.06906738132238388], [-0.004238499328494072, 0.19171778857707977], [0.1559731662273407, 0.2397870123386383]]",True
early_neutral,6,2053,0.315894701766078,-1,[1],"[[-0.8281331062316895, -0.000539315165951848], [0.03423372283577919, -0.14383621513843536], [0.24185581505298615, 0.0686691403388977], [0.004166779574006796, 0.19226188957691193], [0.1670616716146469, 0.23945443332195282]]",True
early_neutral,6,2054,0.31556147950683106,-1,[1],"[[-0.8281331062316895, -0.000539315165951848], [0.04050809517502785, -0.1437743455171585], [0.2427959442138672, 0.06869596987962723], [0.010584525763988495, 0.19255568087100983], [0.17849457263946533, 0.23913857340812683]]",True
early_neutral,6,2055,0.31522825724758413,-1,[1],"[[-0.8281331062316895, -0.000539315165951848], [0.04694126173853874, -0.14371441304683685], [0.24650457501411438, 0.06890057027339935], [0.017025630921125412, 0.19273176789283752], [0.19051729142665863, 0.2389165610074997]]",True
early_neutral,6,2056,0.3148950349883372,-1,[1],"[[-0.8281331062316895, -0.000539315165951848], [0.052207205444574356, -0.14367404580116272], [0.25157007575035095, 0.06882338225841522], [0.024320991709828377, 0.1928868144750595], [0.20316220819950104, 0.2387302815914154]]",True
early_neutral,6,2057,0.3145618127290903,-1,[1],"[[-0.8281331062316895, -0.000539315165951848], [0.05277741327881813, -0.14367127418518066], [0.25799867510795593, 0.06846559792757034], [0.032844748347997665, 0.19307640194892883], [0.21622201800346375, 0.2386687994003296]]",True
early_neutral,6,2058,0.31422859046984336,-1,[1],"[[-0.8281331062316895, -0.000539315165951848], [0.05277741327881813, -0.14367127418518066], [0.26579397916793823, 0.06809040904045105], [0.04202575236558914, 0.19328272342681885], [0.22971275448799133, 0.23866979777812958]]",True
early_neutral,6,2059,0.3138953682105965,-1,[1],"[[-0.8281331062316895, -0.000539315165951848], [0.05277741327881813, -0.14367127418518066], [0.27445703744888306, 0.06756606698036194], [0.05121220648288727, 0.1934744417667389], [0.24347347021102905, 0.2387358695268631]]",True
early_neutral,6,2060,0.31356214595134957,-1,[1],"[[-0.8281331062316895, -0.000539315165951848], [0.05277741327881813, -0.14367127418518066], [0.28387463092803955, 0.06701183319091797], [0.06039943918585777, 0.1936495453119278], [0.2572135031223297, 0.2389877438545227]]",True
early_neutral,6,2061,0.31322892369210265,-1,[1],"[[-0.8281331062316895, -0.000539315165951848], [0.05414523184299469, -0.1439075618982315], [0.29413262009620667, 0.06644529849290848], [0.06958789378404617, 0.19379472732543945], [0.27086132764816284, 0.23931856453418732]]",True
early_neutral,6,2062,0.3128957014328557,-1,[1],"[[-0.8281331062316895, -0.000539315165951848], [0.05751289054751396, -0.14426232874393463], [0.3047212064266205, 0.06589014828205109], [0.07877746224403381, 0.19390617311000824], [0.2844719886779785, 0.23866169154644012]]",True
early_neutral,6,2063,0.3125624791736088,-1,[1],"[[-0.8281331062316895, -0.000539315165951848], [0.062331706285476685, -0.14442701637744904], [0.3158564567565918, 0.06533587723970413], [0.08796728402376175, 0.19400833547115326], [0.29811474680900574, 0.23799937963485718]]",True
early_neutral,6,2064,0.3122292569143619,-1,[1],"[[-0.8281331062316895, -0.000539315165951848], [0.0682545080780983, -0.14447426795959473], [0.32761257886886597, 0.06477487087249756], [0.09715652465820312, 0.19413115084171295], [0.3114240765571594, 0.23804274201393127]]",True
early_neutral,6,2065,0.31189603465511495,-1,[1],"[[-0.8281331062316895, -0.000539315165951848], [0.07450393587350845, -0.14447729289531708], [0.3399205505847931, 0.06422310322523117], [0.106402188539505, 0.1942635476589203], [0.32487308979034424, 0.23811723291873932]]",True
early_neutral,6,2066,0.311562812395868,-1,[1],"[[-0.8281331062316895, -0.000539315165951848], [0.08093736320734024, -0.1444328874349594], [0.352668434381485, 0.06369675695896149], [0.11607418209314346, 0.1943558305501938], [0.3385220170021057, 0.23830817639827728]]",True
early_neutral,6,2067,0.3112295901366211,-1,[1],"[[-0.8281331062316895, -0.000539315165951848], [0.08735650777816772, -0.1443735808134079], [0.36575907468795776, 0.0631742924451828], [0.12658768892288208, 0.19440200924873352], [0.35232487320899963, 0.23854389786720276]]",True
early_neutral,6,2068,0.31089636787737424,-1,[1],"[[-0.8281331062316895, -0.000539315165951848], [0.09364507347345352, -0.14432713389396667], [0.3791159689426422, 0.06265521794557571], [0.13733041286468506, 0.19440867006778717], [0.3662489056587219, 0.23871996998786926]]",True
early_neutral,6,2069,0.3105631456181273,-1,[1],"[[-0.8281331062316895, -0.000539315165951848], [0.10007867217063904, -0.14429143071174622], [0.3926783502101898, 0.06213437020778656], [0.14852090179920197, 0.19438420236110687], [0.38026538491249084, 0.23883354663848877]]",True
early_neutral,6,2070,0.3102299233588804,-1,[1],"[[-0.8281331062316895, -0.000539315165951848], [0.1065121591091156, -0.144271120429039], [0.4063979387283325, 0.06160377338528633], [0.16034145653247833, 0.19433505833148956], [0.39421436190605164, 0.23999784886837006]]",True
early_neutral,6,2071,0.30989670109963346,-1,[1],"[[-0.8281331062316895, -0.000539315165951848], [0.11278709024190903, -0.14427228271961212], [0.4202378988265991, 0.06106332316994667], [0.17271944880485535, 0.19426289200782776], [0.4080928564071655, 0.24099531769752502]]",True
early_neutral,6,2072,0.30956347884038654,-1,[1],"[[-0.8281331062316895, -0.000539315165951848], [0.11922081559896469, -0.14429505169391632], [0.4341689348220825, 0.06050507351756096], [0.18553920090198517, 0.19416354596614838], [0.4214978516101837, 0.2409992516040802]]",True
early_neutral,6,2073,0.3092302565811396,-1,[1],"[[-0.8281331062316895, -0.000539315165951848], [0.1256542205810547, -0.14433835446834564], [0.4481690526008606, 0.0599287673830986], [0.19870497286319733, 0.19409161806106567], [0.4349471628665924, 0.24093233048915863]]",True
early_neutral,6,2074,0.3088970343218927,-1,[1],"[[-0.8281331062316895, -0.000539315165951848], [0.1319299191236496, -0.14439710974693298], [0.462221622467041, 0.059336259961128235], [0.21213941276073456, 0.19408102333545685], [0.44859594106674194, 0.24073351919651031]]",True
early_neutral,6,2075,0.30856381206264577,-1,[1],"[[-0.8281331062316895, -0.000539315165951848], [0.13836121559143066, -0.1444741189479828], [0.4763137102127075, 0.058728717267513275], [0.22502601146697998, 0.19350405037403107], [0.46239814162254333, 0.24048146605491638]]",True
early_neutral,6,2076,0.30823058980339885,-1,[1],"[[-0.8281331062316895, -0.000539315165951848], [0.14479342103004456, -0.1445675939321518], [0.4904518127441406, 0.05833963304758072], [0.23419874906539917, 0.19150854647159576], [0.47632160782814026, 0.24028876423835754]]",True
early_neutral,6,2077,0.3078973675441519,-1,[1],"[[-0.8281331062316895, -0.000539315165951848], [0.15111638605594635, -0.14467358589172363], [0.5046112537384033, 0.058745529502630234], [0.23866397142410278, 0.18798169493675232], [0.48986726999282837, 0.23954811692237854]]",True
early_neutral,6,2078,0.30756414528490506,-1,[1],"[[-0.8281331062316895, -0.000539315165951848], [0.1574973613023758, -0.14479459822177887], [0.5186874866485596, 0.05992799252271652], [0.24053308367729187, 0.18324975669384003], [0.5029167532920837, 0.23838575184345245]]",True
early_neutral,6,2079,0.30723092302565813,-1,[1],"[[-0.8281331062316895, -0.000539315165951848], [0.16392779350280762, -0.14493045210838318], [0.5327237248420715, 0.06136706471443176], [0.24184447526931763, 0.17768388986587524], [0.5157041549682617, 0.23762930929660797]]",True
early_neutral,6,2080,0.3068977007664112,-1,[1],"[[-0.8281331062316895, -0.000539315165951848], [0.17030738294124603, -0.1450778692960739], [0.5467435121536255, 0.06291354447603226], [0.24351486563682556, 0.17176373302936554], [0.5275554656982422, 0.2353588342666626]]",True
early_neutral,6,2081,0.3065644785071643,-1,[1],"[[-0.8281331062316895, -0.000539315165951848], [0.17662790417671204, -0.145236074924469], [0.5607596039772034, 0.06450532376766205], [0.24543604254722595, 0.16539029777050018], [0.5391851663589478, 0.23250636458396912]]",True
early_neutral,6,2082,0.30623125624791736,-1,[1],"[[-0.8281331062316895, -0.000539315165951848], [0.18305620551109314, -0.1454092115163803], [0.5747898817062378, 0.06606674194335938], [0.24802149832248688, 0.1588527262210846], [0.5512316226959229, 0.22958682477474213]]",True
early_neutral,6,2083,0.30589803398867044,-1,[1],"[[-0.8281331062316895, -0.000539315165951848], [0.18946954607963562, -0.14559471607208252], [0.5888621807098389, 0.06746889650821686], [0.2532769739627838, 0.15302781760692596], [0.5636160373687744, 0.22662945091724396]]",True
early_neutral,6,2084,0.3055648117294235,-1,[1],"[[-0.8281331062316895, -0.000539315165951848], [0.1957513839006424, -0.14578941464424133], [0.6030694246292114, 0.06806406378746033], [0.25993451476097107, 0.14730091392993927], [0.5762420892715454, 0.2236068695783615]]",True
early_neutral,6,2085,0.3052315894701766,-1,[1],"[[-0.8281331062316895, -0.000539315165951848], [0.20217692852020264, -0.14600177109241486], [0.6173017621040344, 0.06776789575815201], [0.2658662497997284, 0.14298947155475616], [0.5885810256004333, 0.2204122096300125]]",True
early_neutral,6,2086,0.30489836721092967,-1,[1],"[[-0.8281331062316895, -0.000539315165951848], [0.20860125124454498, -0.14622773230075836], [0.6315019130706787, 0.06702049821615219], [0.26817935705184937, 0.1415703147649765], [0.599356472492218, 0.21679255366325378]]",True
early_neutral,6,2087,0.3045651449516828,-1,[1],"[[-0.8281331062316895, -0.000539315165951848], [0.21486590802669525, -0.1464620977640152], [0.6456753611564636, 0.06607368588447571], [0.26648664474487305, 0.14234958589076996], [0.6110647916793823, 0.2134084701538086]]",True
early_neutral,6,2088,0.3042319226924359,-1,[1],"[[-0.8281331062316895, -0.000539315165951848], [0.2212878167629242, -0.14671668410301208], [0.6598223447799683, 0.06496652215719223], [0.26326921582221985, 0.1441006362438202], [0.6215999126434326, 0.20916199684143066]]",True
early_neutral,6,2089,0.30389870043318895,-1,[1],"[[-0.8281331062316895, -0.000539315165951848], [0.22799928486347198, -0.14699822664260864], [0.6739579439163208, 0.06379447877407074], [0.2593483328819275, 0.1466267853975296], [0.6310603618621826, 0.20399712026119232]]",True
early_neutral,6,2090,0.303565478173942,-1,[1],"[[-0.8281331062316895, -0.000539315165951848], [0.23594455420970917, -0.14735180139541626], [0.6880817413330078, 0.06256131827831268], [0.254503458738327, 0.14979524910449982], [0.6408098936080933, 0.19866977632045746]]",True
early_neutral,6,2091,0.3032322559146951,-1,[1],"[[-0.8281331062316895, -0.000539315165951848], [0.24494615197181702, -0.1477799117565155], [0.7021921277046204, 0.06126197427511215], [0.24880625307559967, 0.15349656343460083], [0.6508728265762329, 0.19321651756763458]]",True
early_neutral,6,2092,0.3028990336554482,-1,[1],"[[-0.8281331062316895, -0.000539315165951848], [0.25409942865371704, -0.14832088351249695], [0.7153786420822144, 0.06019996106624603], [0.2443128079175949, 0.15666231513023376], [0.6611620187759399, 0.1876521110534668]]",True
early_neutral,6,2093,0.30256581139620126,-1,[1],"[[-0.8281331062316895, -0.000539315165951848], [0.26323121786117554, -0.14899851381778717], [0.7256410121917725, 0.05978929251432419], [0.24030449986457825, 0.1599360853433609], [0.6715939044952393, 0.18197683990001678]]",True
early_neutral,6,2094,0.30223258913695433,-1,[1],"[[-0.8281331062316895, -0.000539315165951848], [0.2723389267921448, -0.14980219304561615], [0.7334452271461487, 0.05907821282744408], [0.2374589741230011, 0.16250143945217133], [0.6823123097419739, 0.17673169076442719]]",True
early_neutral,6,2095,0.3018993668777074,-1,[1],"[[-0.8281331062316895, -0.000539315165951848], [0.28142258524894714, -0.1507137417793274], [0.7403859496116638, 0.05799446254968643], [0.2372647374868393, 0.16267594695091248], [0.6933541297912598, 0.17236332595348358]]",True
early_neutral,6,2096,0.3015661446184605,-1,[1],"[[-0.8281331062316895, -0.000539315165951848], [0.2900267541408539, -0.15168260037899017], [0.7442108392715454, 0.057488977909088135], [0.2372647374868393, 0.16267594695091248], [0.7036895751953125, 0.1673407405614853]]",True
early_neutral,6,2097,0.3012329223592136,-1,[1],"[[-0.8281331062316895, -0.000539315165951848], [0.2963133752346039, -0.15267887711524963], [0.7445946335792542, 0.05761440470814705], [0.2372647374868393, 0.16267594695091248], [0.7148327827453613, 0.1638294905424118]]",True
early_neutral,6,2098,0.3008997000999667,-1,[1],"[[-0.8281331062316895, -0.000539315165951848], [0.3024357259273529, -0.1539628952741623], [0.7431760430335999, 0.05628061667084694], [0.2372647374868393, 0.16267594695091248], [0.7264697551727295, 0.1610259711742401]]",True
early_neutral,6,2099,0.30056647784071977,-1,[1],"[[-0.8281331062316895, -0.000539315165951848], [0.30932462215423584, -0.15528817474842072], [0.7408454418182373, 0.05394229292869568], [0.23969143629074097, 0.16267551481723785], [0.7384665608406067, 0.15810105204582214]]",True
early_neutral,6,2100,0.30023325558147285,-1,[1],"[[-0.8281331062316895, -0.000539315165951848], [0.31763777136802673, -0.15625765919685364], [0.7390154004096985, 0.05090482905507088], [0.24436910450458527, 0.16272760927677155], [0.7507590055465698, 0.15504714846611023]]",True
early_neutral,6,2101,0.2999000333222259,-1,[1],"[[-0.8281331062316895, -0.000539315165951848], [0.3267751634120941, -0.1568325161933899], [0.7412807941436768, 0.04818376898765564], [0.25044190883636475, 0.16285723447799683], [0.7633017301559448, 0.15192876756191254]]",True
early_neutral,6,2102,0.299566811062979,-1,[1],"[[-0.8281331062316895, -0.000539315165951848], [0.3359101712703705, -0.157491534948349], [0.745753288269043, 0.045460883527994156], [0.2568720281124115, 0.16275174915790558], [0.7760552763938904, 0.1487911492586136]]",True
early_neutral,6,2103,0.2992335888037321,-1,[1],"[[-0.8281331062316895, -0.000539315165951848], [0.34488797187805176, -0.15826736390590668], [0.7508648633956909, 0.04283248633146286], [0.2632691264152527, 0.16231533885002136], [0.7887868285179138, 0.14688342809677124]]",True
early_neutral,6,2104,0.29890036654448515,-1,[1],"[[-0.8281331062316895, -0.000539315165951848], [0.35142648220062256, -0.1592050939798355], [0.7570316791534424, 0.04028583690524101], [0.2696008086204529, 0.1615765392780304], [0.8014014959335327, 0.14495538175106049]]",True
early_neutral,6,2105,0.29856714428523823,-1,[1],"[[-0.8281331062316895, -0.000539315165951848], [0.35747990012168884, -0.16061624884605408], [0.7641195058822632, 0.03798540681600571], [0.27584490180015564, 0.1605704128742218], [0.8136447072029114, 0.14295606315135956]]",True
early_neutral,6,2106,0.29823392202599136,-1,[1],"[[-0.8281331062316895, -0.000539315165951848], [0.36338308453559875, -0.16228090226650238], [0.7724424004554749, 0.03589692711830139], [0.28198522329330444, 0.15932148694992065], [0.8260067105293274, 0.14254659414291382]]",True
early_neutral,6,2107,0.29790069976674444,-1,[1],"[[-0.8281331062316895, -0.000539315165951848], [0.36935505270957947, -0.16383811831474304], [0.781631588935852, 0.034066710621118546], [0.28805550932884216, 0.15793468058109283], [0.8385630249977112, 0.14240972697734833]]",True
early_neutral,6,2108,0.2975674775074975,-1,[1],"[[-0.8281331062316895, -0.000539315165951848], [0.3753907084465027, -0.16528677940368652], [0.7917486429214478, 0.032464973628520966], [0.2940569519996643, 0.15642617642879486], [0.8515192270278931, 0.142198845744133]]",True
early_neutral,6,2109,0.2972342552482506,-1,[0],"[[-0.8281331062316895, -0.000539315165951848], [0.3813578486442566, -0.1666473150253296], [0.802192211151123, 0.031052066013216972], [0.30002859234809875, 0.15486806631088257], [0.8647859692573547, 0.14191655814647675]]",True
early_neutral,6,2110,0.29690103298900367,-1,[0],"[[-0.8281331062316895, -0.000539315165951848], [0.387411504983902, -0.16796477138996124], [0.8132960796356201, 0.029751405119895935], [0.30599474906921387, 0.15330107510089874], [0.8782956004142761, 0.14163726568222046]]",True
early_neutral,6,2111,0.29656781072975674,-1,[0],"[[-0.8281331062316895, -0.000539315165951848], [0.39354079961776733, -0.16923750936985016], [0.8250315189361572, 0.028494106605648994], [0.3119727075099945, 0.15175345540046692], [0.8918734192848206, 0.14138048887252808]]",True
early_neutral,6,2112,0.2962345884705098,-1,[0],"[[-0.8281331062316895, -0.000539315165951848], [0.3996375501155853, -0.17046812176704407], [0.8373055458068848, 0.027248138561844826], [0.31800344586372375, 0.15029512345790863], [0.9054043889045715, 0.14117684960365295]]",True
early_neutral,6,2113,0.2959013662112629,-1,[0],"[[-0.8281331062316895, -0.000539315165951848], [0.40568944811820984, -0.17166464030742645], [0.8500082492828369, 0.0260294359177351], [0.32408419251441956, 0.1489274799823761], [0.9168884754180908, 0.1410188227891922]]",True
early_neutral,6,2114,0.29556814395201597,-1,[0],"[[-0.8281331062316895, -0.000539315165951848], [0.4118559956550598, -0.17285874485969543], [0.8630375266075134, 0.024795955047011375], [0.3301970064640045, 0.14762166142463684], [0.9274299144744873, 0.1410636156797409]]",True
early_neutral,6,2115,0.2952349216927691,-1,[0],"[[-0.8281331062316895, -0.000539315165951848], [0.41800832748413086, -0.17405124008655548], [0.8762883543968201, 0.023553233593702316], [0.33633625507354736, 0.14636942744255066], [0.9357486963272095, 0.14206381142139435]]",False
early_neutral,6,2116,0.2949016994335222,-1,[0],"[[-0.8281331062316895, -0.000539315165951848], [0.4240260124206543, -0.17523996531963348], [0.8891722559928894, 0.022293899208307266], [0.34313860535621643, 0.14520564675331116], [0.9425576329231262, 0.1428322046995163]]",False
early_neutral,6,2117,0.29456847717427526,-1,[0],"[[-0.8281331062316895, -0.000539315165951848], [0.4301726222038269, -0.1764768660068512], [0.9022824764251709, 0.020788095891475677], [0.3513149619102478, 0.14431273937225342], [0.9485054612159729, 0.14349347352981567]]",False
early_neutral,6,2118,0.29423525491502833,-1,[0],"[[-0.8281331062316895, -0.000539315165951848], [0.43622341752052307, -0.17781303822994232], [0.9150651693344116, 0.019156109541654587], [0.36042195558547974, 0.14378179609775543], [0.9516850113868713, 0.14384695887565613]]",False
early_neutral,6,2119,0.2939020326557814,-1,[0],"[[-0.8281331062316895, -0.000539315165951848], [0.44198039174079895, -0.1793680489063263], [0.9250898957252502, 0.018310297280550003], [0.36957892775535583, 0.14326633512973785], [0.9520207643508911, 0.14388428628444672]]",False
early_neutral,6,2120,0.2935688103965345,-1,[0],"[[-0.8281331062316895, -0.000539315165951848], [0.4477442502975464, -0.18122650682926178], [0.9327397346496582, 0.01789543777704239], [0.3786863684654236, 0.14271478354930878], [0.9502871632575989, 0.14452295005321503]]",False
early_neutral,6,2121,0.29323558813728756,-1,[0],"[[-0.8281331062316895, -0.000539315165951848], [0.4533724784851074, -0.18318845331668854], [0.9370216727256775, 0.01766059547662735], [0.38457316160202026, 0.14231771230697632], [0.9465943574905396, 0.1455717384815216]]",False
early_neutral,6,2122,0.29290236587804064,-1,[0],"[[-0.8281331062316895, -0.000539315165951848], [0.45893728733062744, -0.18472707271575928], [0.9396307468414307, 0.017516743391752243], [0.38526761531829834, 0.14226551353931427], [0.9416560530662537, 0.14688509702682495]]",False
early_neutral,6,2123,0.2925691436187937,-1,[0],"[[-0.8281331062316895, -0.000539315165951848], [0.46506476402282715, -0.1859651505947113], [0.9407392740249634, 0.017454294487833977], [0.3859545886516571, 0.14146539568901062], [0.9367117881774902, 0.14975351095199585]]",True
early_neutral,6,2124,0.2922359213595468,-1,[0],"[[-0.8281331062316895, -0.000539315165951848], [0.4714953303337097, -0.18684788048267365], [0.9407637119293213, 0.01745288074016571], [0.38785821199417114, 0.13915450870990753], [0.9316707253456116, 0.15365520119667053]]",True
early_neutral,6,2125,0.2919026991002999,-1,[0],"[[-0.8281331062316895, -0.000539315165951848], [0.47909432649612427, -0.18769565224647522], [0.9402243494987488, 0.017368627712130547], [0.3903144598007202, 0.13599415123462677], [0.9253554940223694, 0.1577536165714264]]",True
early_neutral,6,2126,0.291569476841053,-1,[0],"[[-0.8281331062316895, -0.000539315165951848], [0.4878843128681183, -0.18850457668304443], [0.9407039284706116, 0.0168773140758276], [0.39285287261009216, 0.1324819028377533], [0.9175506234169006, 0.16169697046279907]]",True
early_neutral,6,2127,0.2912362545818061,-1,[0],"[[-0.8281331062316895, -0.000539315165951848], [0.49475112557411194, -0.18966591358184814], [0.9415215849876404, 0.016271894797682762], [0.39535805583000183, 0.12872618436813354], [0.9088375568389893, 0.16515208780765533]]",False
early_neutral,6,2128,0.29090303232255915,-1,[0],"[[-0.8281331062316895, -0.000539315165951848], [0.5001108050346375, -0.19196288287639618], [0.9427886009216309, 0.0157933309674263], [0.3977266550064087, 0.12487078458070755], [0.8992513418197632, 0.16792823374271393]]",False
early_neutral,6,2129,0.29056981006331223,-1,[0],"[[-0.8281331062316895, -0.000539315165951848], [0.5051218271255493, -0.19453714787960052], [0.9440222382545471, 0.015611914917826653], [0.3987649381160736, 0.12321590632200241], [0.8885499238967896, 0.17014363408088684]]",False
early_neutral,6,2130,0.2902365878040653,-1,[0],"[[-0.8281331062316895, -0.000539315165951848], [0.5095113515853882, -0.19724081456661224], [0.9438799619674683, 0.015765035524964333], [0.3985106945037842, 0.1231222078204155], [0.8771007657051086, 0.17224717140197754]]",False
early_neutral,6,2131,0.2899033655448184,-1,[0],"[[-0.8281331062316895, -0.000539315165951848], [0.5137019157409668, -0.20040231943130493], [0.9447507262229919, 0.016000714153051376], [0.3957766890525818, 0.12191446125507355], [0.8650297522544861, 0.17420177161693573]]",False
early_neutral,6,2132,0.28957014328557146,-1,[0],"[[-0.8281331062316895, -0.000539315165951848], [0.5174874067306519, -0.2037634402513504], [0.9459287524223328, 0.01629907637834549], [0.3922041952610016, 0.11990872025489807], [0.8525117635726929, 0.17613959312438965]]",False
early_neutral,6,2133,0.28923692102632453,-1,[0],"[[-0.8281331062316895, -0.000539315165951848], [0.5214279294013977, -0.20673535764217377], [0.9463422298431396, 0.016107087954878807], [0.3879619240760803, 0.11709021776914597], [0.839705228805542, 0.17822489142417908]]",False
early_neutral,6,2134,0.28890369876707767,-1,[0],"[[-0.8281331062316895, -0.000539315165951848], [0.5260725021362305, -0.20952202379703522], [0.9457688331604004, 0.014870934188365936], [0.3835999369621277, 0.1140129417181015], [0.8266845345497131, 0.18044500052928925]]",False
early_neutral,6,2135,0.28857047650783074,-1,[0],"[[-0.8281331062316895, -0.000539315165951848], [0.531227707862854, -0.212017223238945], [0.9442937970161438, 0.012773028574883938], [0.37992098927497864, 0.1112581416964531], [0.8135133385658264, 0.18280181288719177]]",False
early_neutral,6,2136,0.2882372542485838,-1,[0],"[[-0.8281331062316895, -0.000539315165951848], [0.5360658168792725, -0.21454699337482452], [0.9420574307441711, 0.010005122050642967], [0.3791978359222412, 0.11062830686569214], [0.8002408742904663, 0.1852928102016449]]",False
early_neutral,6,2137,0.2879040319893369,-1,[0],"[[-0.8281331062316895, -0.000539315165951848], [0.5405228137969971, -0.21738623082637787], [0.9393500089645386, 0.006570859346538782], [0.37925803661346436, 0.11061045527458191], [0.7868776321411133, 0.18785449862480164]]",False
early_neutral,6,2138,0.28757080973008997,-1,[0],"[[-0.8281331062316895, -0.000539315165951848], [0.5446684956550598, -0.22058573365211487], [0.9362683296203613, 0.002326652407646179], [0.38209259510040283, 0.10967987775802612], [0.7734410166740417, 0.1904602348804474]]",False
early_neutral,6,2139,0.28723758747084305,-1,[0],"[[-0.8281331062316895, -0.000539315165951848], [0.5459629893302917, -0.22341109812259674], [0.9329164624214172, -0.002517799148336053], [0.38637515902519226, 0.10803390294313431], [0.7599406838417053, 0.19308213889598846]]",False
early_neutral,6,2140,0.2869043652115961,-1,[0],"[[-0.8281331062316895, -0.000539315165951848], [0.5425097942352295, -0.22524133324623108], [0.9289319515228271, -0.008090371266007423], [0.3916865587234497, 0.10569817572832108], [0.746373176574707, 0.19567544758319855]]",False
early_neutral,6,2141,0.2865711429523492,-1,[0],"[[-0.8281331062316895, -0.000539315165951848], [0.5368762016296387, -0.22639019787311554], [0.9244379997253418, -0.014154358766973019], [0.398141086101532, 0.10292506963014603], [0.7327518463134766, 0.19824053347110748]]",False
early_neutral,6,2142,0.2862379206931023,-1,[0],"[[-0.8281331062316895, -0.000539315165951848], [0.5307193994522095, -0.22772216796875], [0.9197949171066284, -0.020403185859322548], [0.40564802289009094, 0.09983918070793152], [0.7190981507301331, 0.20080281794071198]]",False
early_neutral,6,2143,0.2859046984338554,-1,[0],"[[-0.8281331062316895, -0.000539315165951848], [0.5249984264373779, -0.22856071591377258], [0.9148474335670471, -0.02704704739153385], [0.4132445752620697, 0.09647421538829803], [0.7054212093353271, 0.2033664435148239]]",False
early_neutral,6,2144,0.2855714761746085,-1,[0],"[[-0.8281331062316895, -0.000539315165951848], [0.5191911458969116, -0.22763948142528534], [0.9096263647079468, -0.03405207768082619], [0.42048949003219604, 0.09279551357030869], [0.6915873885154724, 0.20558471977710724]]",False
early_neutral,6,2145,0.28523825391536156,-1,[0],"[[-0.8281331062316895, -0.000539315165951848], [0.5121735334396362, -0.22684678435325623], [0.9041778445243835, -0.04135720059275627], [0.4265570342540741, 0.08852918446063995], [0.6775351166725159, 0.2071659415960312]]",False
early_neutral,6,2146,0.28490503165611464,-1,[0],"[[-0.8281331062316895, -0.000539315165951848], [0.5041686296463013, -0.2255006730556488], [0.8981069326400757, -0.04874665290117264], [0.4286392629146576, 0.08312568068504333], [0.6633465886116028, 0.20817111432552338]]",False
early_neutral,6,2147,0.2845718093968677,-1,[0],"[[-0.8281331062316895, -0.000539315165951848], [0.495482861995697, -0.22351272404193878], [0.8904067277908325, -0.05571648105978966], [0.42791223526000977, 0.07723614573478699], [0.6491032242774963, 0.20883972942829132]]",False
early_neutral,6,2148,0.2842385871376208,-1,[0],"[[-0.8281331062316895, -0.000539315165951848], [0.48593106865882874, -0.22170895338058472], [0.8813648819923401, -0.06218220666050911], [0.4243592917919159, 0.07276392728090286], [0.6348274946212769, 0.2091972976922989]]",False
early_neutral,6,2149,0.28390536487837387,-1,[0],"[[-0.8281331062316895, -0.000539315165951848], [0.47532781958580017, -0.22048820555210114], [0.8719289302825928, -0.06857556104660034], [0.41876494884490967, 0.07016216963529587], [0.6206457614898682, 0.20936249196529388]]",False
early_neutral,6,2150,0.28357214261912694,-1,[0],"[[-0.8281331062316895, -0.000539315165951848], [0.4638713002204895, -0.2198755294084549], [0.8622912168502808, -0.07497680187225342], [0.41293397545814514, 0.06828702986240387], [0.6079134941101074, 0.2089894413948059]]",False
early_neutral,6,2151,0.28323892035988,-1,[0],"[[-0.8281331062316895, -0.000539315165951848], [0.4517437517642975, -0.2200796902179718], [0.8534845113754272, -0.08060932904481888], [0.40654051303863525, 0.06664623320102692], [0.5968319177627563, 0.20833918452262878]]",False
early_neutral,6,2152,0.2829056981006331,-1,[0],"[[-0.8281331062316895, -0.000539315165951848], [0.43923959136009216, -0.22131755948066711], [0.8447835445404053, -0.08577975630760193], [0.39917194843292236, 0.06520011276006699], [0.5884764194488525, 0.2079017013311386]]",False
early_neutral,6,2153,0.28257247584138623,-1,[0],"[[-0.8281331062316895, -0.000539315165951848], [0.4265287220478058, -0.2232402116060257], [0.8364102244377136, -0.09054311364889145], [0.3908096253871918, 0.0640253946185112], [0.5806769132614136, 0.20772092044353485]]",False
early_neutral,6,2154,0.2822392535821393,-1,[0],"[[-0.8281331062316895, -0.000539315165951848], [0.41385266184806824, -0.22599121928215027], [0.8313477635383606, -0.09355051070451736], [0.38174593448638916, 0.06303475797176361], [0.5723419785499573, 0.2077721208333969]]",False
early_neutral,6,2155,0.2819060313228924,-1,[0],"[[-0.8281331062316895, -0.000539315165951848], [0.40131980180740356, -0.22943538427352905], [0.8289411067962646, -0.09513195604085922], [0.3726322650909424, 0.06226241961121559], [0.5631656646728516, 0.208110049366951]]",False
early_neutral,6,2156,0.28157280906364546,-1,[0],"[[-0.8281331062316895, -0.000539315165951848], [0.38917359709739685, -0.23368409276008606], [0.82794189453125, -0.09583401679992676], [0.36349767446517944, 0.06159983202815056], [0.5539997816085815, 0.20855285227298737]]",False
early_neutral,6,2157,0.28123958680439853,-1,[0],"[[-0.8281331062316895, -0.000539315165951848], [0.3774145543575287, -0.23855158686637878], [0.8284518122673035, -0.09581369906663895], [0.3543672561645508, 0.060913361608982086], [0.5448428988456726, 0.20906849205493927]]",False
early_neutral,6,2158,0.2809063645451516,-1,[0],"[[-0.8281331062316895, -0.000539315165951848], [0.3656731843948364, -0.24356824159622192], [0.8319317698478699, -0.09568988531827927], [0.3452456295490265, 0.06017978861927986], [0.5356914401054382, 0.2096238136291504]]",False
early_neutral,6,2159,0.2805731422859047,-1,[0],"[[-0.8281331062316895, -0.000539315165951848], [0.3540055453777313, -0.2486516237258911], [0.8367577791213989, -0.09562027454376221], [0.3361586332321167, 0.059283286333084106], [0.5265300273895264, 0.2101038098335266]]",False
early_neutral,6,2160,0.28023992002665776,-1,[0],"[[-0.8281331062316895, -0.000539315165951848], [0.3443049192428589, -0.2527300715446472], [0.8410009741783142, -0.09561771899461746], [0.3271172344684601, 0.0582091324031353], [0.5173590183258057, 0.21049903333187103]]",False
early_neutral,6,2161,0.27990669776741084,-1,[0],"[[-0.8281331062316895, -0.000539315165951848], [0.3361665606498718, -0.2555074393749237], [0.8416256904602051, -0.09562891721725464], [0.31813058257102966, 0.05695566162467003], [0.5081803798675537, 0.21081121265888214]]",False
early_neutral,6,2162,0.27957347550816397,-1,[0],"[[-0.8281331062316895, -0.000539315165951848], [0.32947084307670593, -0.25792962312698364], [0.8416256904602051, -0.09562891721725464], [0.3092074692249298, 0.055522620677948], [0.4989961087703705, 0.21104100346565247]]",False
early_neutral,6,2163,0.27924025324891705,-1,[0],"[[-0.8281331062316895, -0.000539315165951848], [0.3251064121723175, -0.26098477840423584], [0.8416256904602051, -0.09562891721725464], [0.30035072565078735, 0.053924545645713806], [0.48980751633644104, 0.21118009090423584]]",False
early_neutral,6,2164,0.2789070309896701,-1,[0],"[[-0.8281331062316895, -0.000539315165951848], [0.3210451900959015, -0.2641531527042389], [0.8416256904602051, -0.09562891721725464], [0.29155242443084717, 0.0521949902176857], [0.48061662912368774, 0.21121419966220856]]",False
early_neutral,6,2165,0.2785738087304232,-1,[0],"[[-0.8281331062316895, -0.000539315165951848], [0.31555092334747314, -0.2658999562263489], [0.8416256904602051, -0.09562891721725464], [0.2828162610530853, 0.05033686012029648], [0.47142618894577026, 0.21114479005336761]]",False
early_neutral,6,2166,0.2782405864711763,-1,[0],"[[-0.8281331062316895, -0.000539315165951848], [0.30947330594062805, -0.26711922883987427], [0.8416256904602051, -0.09562891721725464], [0.2741428315639496, 0.04835818335413933], [0.4622383713722229, 0.21098437905311584]]",False
early_neutral,6,2167,0.27790736421192935,-1,[0],"[[-0.8281331062316895, -0.000539315165951848], [0.30269312858581543, -0.26698818802833557], [0.842380166053772, -0.09574329853057861], [0.2655349373817444, 0.04626185819506645], [0.4530552625656128, 0.21073538064956665]]",False
early_neutral,6,2168,0.27757414195268243,-1,[0],"[[-0.8281331062316895, -0.000539315165951848], [0.2950996458530426, -0.2652999758720398], [0.8459888696670532, -0.09611406922340393], [0.256990522146225, 0.044058140367269516], [0.4438779950141907, 0.21040689945220947]]",False
early_neutral,6,2169,0.2772409196934355,-1,[0],"[[-0.8281331062316895, -0.000539315165951848], [0.2868115305900574, -0.2629903554916382], [0.8509354591369629, -0.09629955887794495], [0.2485055923461914, 0.041759192943573], [0.43470752239227295, 0.21000640094280243]]",False
early_neutral,6,2170,0.2769076974341886,-1,[0],"[[-0.8281331062316895, -0.000539315165951848], [0.27818167209625244, -0.26021498441696167], [0.8571529984474182, -0.0963636189699173], [0.24007631838321686, 0.039375029504299164], [0.4255450963973999, 0.20953409373760223]]",False
early_neutral,6,2171,0.27657447517494166,-1,[0],"[[-0.8281331062316895, -0.000539315165951848], [0.26903313398361206, -0.2568856477737427], [0.8642380833625793, -0.0964125469326973], [0.23167270421981812, 0.036952756345272064], [0.416392058134079, 0.2089902013540268]]",False
early_neutral,6,2172,0.2762412529156948,-1,[0],"[[-0.8281331062316895, -0.000539315165951848], [0.25980088114738464, -0.253280907869339], [0.8720329403877258, -0.09644020348787308], [0.22329048812389374, 0.03449929505586624], [0.40724965929985046, 0.20837518572807312]]",False
early_neutral,6,2173,0.27590803065644787,-1,[0],"[[-0.8281331062316895, -0.000539315165951848], [0.2502053380012512, -0.24931997060775757], [0.8802019953727722, -0.09641730785369873], [0.2149038165807724, 0.03205227479338646], [0.3980206847190857, 0.20769214630126953]]",False
early_neutral,6,2174,0.27557480839720094,-1,[0],"[[-0.8281331062316895, -0.000539315165951848], [0.24080809950828552, -0.24549999833106995], [0.8840935826301575, -0.09631571918725967], [0.20649801194667816, 0.02963319979608059], [0.38803020119667053, 0.20689208805561066]]",False
early_neutral,6,2175,0.275241586137954,-1,[0],"[[-0.8281331062316895, -0.000539315165951848], [0.23452338576316833, -0.24316030740737915], [0.8844529986381531, -0.09630201756954193], [0.19806909561157227, 0.02724846825003624], [0.3775210380554199, 0.20602616667747498]]",False
early_neutral,6,2176,0.2749083638787071,-1,[0],"[[-0.8281331062316895, -0.000539315165951848], [0.23021045327186584, -0.24187342822551727], [0.8813727498054504, -0.09668666124343872], [0.1896071434020996, 0.02491380274295807], [0.366634339094162, 0.20514485239982605]]",False
early_neutral,6,2177,0.2745751416194602,-1,[0],"[[-0.8281331062316895, -0.000539315165951848], [0.22604812681674957, -0.24082918465137482], [0.8765060305595398, -0.09715131670236588], [0.1811123937368393, 0.02263014204800129], [0.3550976514816284, 0.20422114431858063]]",False
early_neutral,6,2178,0.27424191936021325,-1,[0],"[[-0.8281331062316895, -0.000539315165951848], [0.2229626327753067, -0.24019311368465424], [0.870199978351593, -0.09757653623819351], [0.1724507063627243, 0.02036222442984581], [0.34299221634864807, 0.20317839086055756]]",False
early_neutral,6,2179,0.2739086971009663,-1,[0],"[[-0.8281331062316895, -0.000539315165951848], [0.22114558517932892, -0.23989927768707275], [0.8625833988189697, -0.09805785119533539], [0.16299942135810852, 0.017950259149074554], [0.3304450511932373, 0.20195569097995758]]",False
early_neutral,6,2180,0.2735754748417194,-1,[0],"[[-0.8281331062316895, -0.000539315165951848], [0.22159522771835327, -0.2399248629808426], [0.853803813457489, -0.09860236942768097], [0.1530979871749878, 0.015477020293474197], [0.3175542950630188, 0.20058903098106384]]",False
early_neutral,6,2181,0.27324225258247253,-1,[0],"[[-0.8281331062316895, -0.000539315165951848], [0.22555576264858246, -0.24017468094825745], [0.8444274067878723, -0.09918057918548584], [0.14276087284088135, 0.012952505610883236], [0.3044109344482422, 0.19906207919120789]]",False
early_neutral,6,2182,0.2729090303232256,-1,[0],"[[-0.8281331062316895, -0.000539315165951848], [0.23096174001693726, -0.24017858505249023], [0.8342942595481873, -0.0998062938451767], [0.13179464638233185, 0.010323495604097843], [0.2910800278186798, 0.19739142060279846]]",False
early_neutral,6,2183,0.2725758080639787,-1,[0],"[[-0.8281331062316895, -0.000539315165951848], [0.2369813174009323, -0.2382604479789734], [0.8236111402511597, -0.10046615451574326], [0.12026083469390869, 0.007606873754411936], [0.2776091694831848, 0.19560186564922333]]",False
early_neutral,6,2184,0.27224258580473176,-1,[0],"[[-0.8281331062316895, -0.000539315165951848], [0.24292054772377014, -0.23481816053390503], [0.8127448558807373, -0.10113561153411865], [0.10828807204961777, 0.004859133157879114], [0.26403993368148804, 0.19369740784168243]]",False
early_neutral,6,2185,0.27190936354548484,-1,[0],"[[-0.8281331062316895, -0.000539315165951848], [0.2493065893650055, -0.23068492114543915], [0.8012416958808899, -0.10184266418218613], [0.09835216403007507, 0.002622242085635662], [0.25039854645729065, 0.19169948995113373]]",False
early_neutral,6,2186,0.2715761412862379,-1,[0],"[[-0.8281331062316895, -0.000539315165951848], [0.25581467151641846, -0.22646164894104004], [0.7891576290130615, -0.10258277505636215], [0.08964072167873383, 0.0007152582402341068], [0.23670785129070282, 0.18961648643016815]]",False
early_neutral,6,2187,0.271242919026991,-1,[0],"[[-0.8281331062316895, -0.000539315165951848], [0.26231545209884644, -0.2222335785627365], [0.776597261428833, -0.10334721952676773], [0.08090925216674805, -0.0011525220470502973], [0.22298502922058105, 0.1874554455280304]]",False
early_neutral,6,2188,0.27090969676774407,-1,[0],"[[-0.8281331062316895, -0.000539315165951848], [0.2688150405883789, -0.2180047631263733], [0.7636623382568359, -0.10412922501564026], [0.07215911149978638, -0.002982917707413435], [0.20924188196659088, 0.18522606790065765]]",False
early_neutral,6,2189,0.27057647450849714,-1,[0],"[[-0.8281331062316895, -0.000539315165951848], [0.27527016401290894, -0.21377842128276825], [0.7504345178604126, -0.10491995513439178], [0.06365109235048294, -0.0047239502891898155], [0.19548887014389038, 0.18293169140815735]]",False
early_neutral,6,2190,0.2702432522492503,-1,[0],"[[-0.8281331062316895, -0.000539315165951848], [0.2787325382232666, -0.20947711169719696], [0.7369796633720398, -0.10571477562189102], [0.05736518278717995, -0.005943401716649532], [0.181729257106781, 0.1805867999792099]]",False
early_neutral,6,2191,0.26991002999000335,-1,[0],"[[-0.8281331062316895, -0.000539315165951848], [0.2794291079044342, -0.20452645421028137], [0.7233487367630005, -0.10650613903999329], [0.05116772651672363, -0.007067577447742224], [0.16796843707561493, 0.1781950145959854]]",False
early_neutral,6,2192,0.26957680773075643,-1,[0],"[[-0.8281331062316895, -0.000539315165951848], [0.2794371545314789, -0.19899973273277283], [0.709581732749939, -0.10729018598794937], [0.04492822661995888, -0.008087841793894768], [0.15420249104499817, 0.17577813565731049]]",False
early_neutral,6,2193,0.2692435854715095,-1,[0],"[[-0.8281331062316895, -0.000539315165951848], [0.2794373333454132, -0.19302040338516235], [0.6957098245620728, -0.10806311666965485], [0.038636159151792526, -0.008960756473243237], [0.1404278725385666, 0.17335407435894012]]",False
early_neutral,6,2194,0.2689103632122626,-1,[0],"[[-0.8281331062316895, -0.000539315165951848], [0.2794373631477356, -0.1870395392179489], [0.6817570328712463, -0.10882158577442169], [0.03311862051486969, -0.009613663889467716], [0.126747265458107, 0.1707051545381546]]",False
early_neutral,6,2195,0.26857714095301566,-1,[0],"[[-0.8281331062316895, -0.000539315165951848], [0.2794373631477356, -0.18105868995189667], [0.6677417159080505, -0.1095626950263977], [0.032260339707136154, -0.00971287488937378], [0.11359477788209915, 0.16709217429161072]]",False
early_neutral,6,2196,0.26824391869376873,-1,[0],"[[-0.8281331062316895, -0.000539315165951848], [0.2794373631477356, -0.17507782578468323], [0.653677761554718, -0.11028098315000534], [0.032229091972112656, -0.009715902619063854], [0.101155586540699, 0.1625245064496994]]",False
early_neutral,6,2197,0.2679106964345218,-1,[0],"[[-0.8281331062316895, -0.000539315165951848], [0.2794373631477356, -0.1690969616174698], [0.6395760178565979, -0.11097487062215805], [0.029454519972205162, -0.009808596223592758], [0.08905207365751266, 0.15757767856121063]]",False
early_neutral,6,2198,0.2675774741752749,-1,[0],"[[-0.8281331062316895, -0.000539315165951848], [0.2794373631477356, -0.16311609745025635], [0.6254441142082214, -0.11163584887981415], [0.025016790255904198, -0.009567247703671455], [0.07709894329309464, 0.15247505903244019]]",False
early_neutral,6,2199,0.26724425191602796,-1,[0],"[[-0.8281331062316895, -0.000539315165951848], [0.2794373631477356, -0.1571352332830429], [0.6112880110740662, -0.11226117610931396], [0.019684650003910065, -0.008398681879043579], [0.06608016788959503, 0.1477617621421814]]",False
early_neutral,6,2200,0.2669110296567811,-1,[0],"[[-0.8281331062316895, -0.000539315165951848], [0.2794373631477356, -0.15115438401699066], [0.597111701965332, -0.11284177750349045], [0.013986575417220592, -0.0070614079013466835], [0.057568375021219254, 0.14527970552444458]]",False
early_neutral,6,2201,0.26657780739753417,-1,[0],"[[-0.8281331062316895, -0.000539315165951848], [0.27944958209991455, -0.145173579454422], [0.5829185843467712, -0.11336684972047806], [0.00925196148455143, -0.004987228661775589], [0.05155007168650627, 0.1458502560853958]]",False
early_neutral,6,2202,0.26624458513828725,-1,[0],"[[-0.8281331062316895, -0.000539315165951848], [0.2818095088005066, -0.1397274285554886], [0.568712055683136, -0.11383787542581558], [0.008141362108290195, -0.004483530763536692], [0.04581466317176819, 0.1485673040151596]]",False
early_neutral,6,2203,0.2659113628790403,-1,[0],"[[-0.8281331062316895, -0.000539315165951848], [0.2842652201652527, -0.13511091470718384], [0.5544953346252441, -0.11426309496164322], [0.008141362108290195, -0.004483530763536692], [0.03980621322989464, 0.15227943658828735]]",False
early_neutral,6,2204,0.2655781406197934,-1,[0],"[[-0.8281331062316895, -0.000539315165951848], [0.28202247619628906, -0.13243605196475983], [0.5402705669403076, -0.11464393883943558], [0.010269227437675, -0.005240376107394695], [0.03465946018695831, 0.15526671707630157]]",False
early_neutral,6,2205,0.2652449183605465,-1,[0],"[[-0.8281331062316895, -0.000539315165951848], [0.27649766206741333, -0.13138411939144135], [0.5260408520698547, -0.1150074452161789], [0.01414539199322462, -0.006937697064131498], [0.029799778014421463, 0.158010333776474]]",False
early_neutral,6,2206,0.26491169610129955,-1,[0],"[[-0.8281331062316895, -0.000539315165951848], [0.26947227120399475, -0.1305123120546341], [0.5118081569671631, -0.11536907404661179], [0.018817545846104622, -0.00951495859771967], [0.024876262992620468, 0.16070523858070374]]",False
early_neutral,6,2207,0.26457847384205263,-1,[0],"[[-0.8281331062316895, -0.000539315165951848], [0.261117160320282, -0.12985645234584808], [0.49757298827171326, -0.11572836339473724], [0.024313444271683693, -0.01281245518475771], [0.01985364407300949, 0.16332150995731354]]",False
early_neutral,6,2208,0.2642452515828057,-1,[0],"[[-0.8281331062316895, -0.000539315165951848], [0.2518894374370575, -0.1292761266231537], [0.4833359718322754, -0.11608438938856125], [0.0305478535592556, -0.01674337312579155], [0.014734294265508652, 0.16585718095302582]]",False
early_neutral,6,2209,0.26391202932355884,-1,[0],"[[-0.8281331062316895, -0.000539315165951848], [0.2418554574251175, -0.12862128019332886], [0.46909767389297485, -0.11644101142883301], [0.03705978766083717, -0.020964141935110092], [0.009573997929692268, 0.16835761070251465]]",False
early_neutral,6,2210,0.2635788070643119,-1,[0],"[[-0.8281331062316895, -0.000539315165951848], [0.23122994601726532, -0.12789534032344818], [0.4548613429069519, -0.11684544384479523], [0.04356548190116882, -0.025188980624079704], [0.00439488934352994, 0.1708415299654007]]",False
early_neutral,6,2211,0.263245584805065,-1,[0],"[[-0.8281331062316895, -0.000539315165951848], [0.22026529908180237, -0.12708118557929993], [0.4406287670135498, -0.11731123924255371], [0.05006583407521248, -0.02941730245947838], [0.0008298254106193781, 0.17251357436180115]]",False
early_neutral,6,2212,0.26291236254581807,-1,[0],"[[-0.8281331062316895, -0.000539315165951848], [0.2086576521396637, -0.12615999579429626], [0.4264150559902191, -0.11797348409891129], [0.056565333157777786, -0.033646177500486374], [0.0004195671062916517, 0.17268814146518707]]",False
early_neutral,6,2213,0.26257914028657114,-1,[0],"[[-0.8281331062316895, -0.000539315165951848], [0.19647645950317383, -0.12513363361358643], [0.4122515320777893, -0.11899658292531967], [0.0630645900964737, -0.0378752127289772], [-5.407395656220615e-05, 0.17282724380493164]]",False
early_neutral,6,2214,0.2622459180273242,-1,[0],"[[-0.8281331062316895, -0.000539315165951848], [0.18383942544460297, -0.12396518141031265], [0.3981691896915436, -0.12041530758142471], [0.07006919384002686, -0.041578300297260284], [-0.003275313414633274, 0.1737019419670105]]",False
early_neutral,6,2215,0.2619126957680773,-1,[0],"[[-0.8281331062316895, -0.000539315165951848], [0.17084769904613495, -0.12268012017011642], [0.3842522203922272, -0.1224072128534317], [0.07847238332033157, -0.04300309717655182], [-0.007819355465471745, 0.17479926347732544]]",False
early_neutral,6,2216,0.2615794735088304,-1,[0],"[[-0.8281331062316895, -0.000539315165951848], [0.15758785605430603, -0.12127779424190521], [0.3705642819404602, -0.12498556822538376], [0.08763086050748825, -0.043005041778087616], [-0.01361864898353815, 0.17614781856536865]]",False
early_neutral,6,2217,0.26124625124958345,-1,[0],"[[-0.8281331062316895, -0.000539315165951848], [0.14412789046764374, -0.11976194381713867], [0.3570782542228699, -0.12798389792442322], [0.09580179303884506, -0.04110092297196388], [-0.01964772865176201, 0.17760922014713287]]",False
early_neutral,6,2218,0.2609130289903366,-1,[0],"[[-0.8281331062316895, -0.000539315165951848], [0.13052642345428467, -0.11811885237693787], [0.34377321600914, -0.13130731880664825], [0.10223563015460968, -0.03742130473256111], [-0.02562558464705944, 0.1791563481092453]]",False
early_neutral,6,2219,0.26057980673108966,-1,[0],"[[-0.8281331062316895, -0.000539315165951848], [0.11682836711406708, -0.11634388566017151], [0.330600380897522, -0.134847953915596], [0.10831169039011002, -0.03343484178185463], [-0.03147221729159355, 0.18090251088142395]]",False
early_neutral,6,2220,0.26024658447184273,-1,[0],"[[-0.8281331062316895, -0.000539315165951848], [0.1030724048614502, -0.11442487686872482], [0.31740230321884155, -0.13834863901138306], [0.1145060732960701, -0.02935667708516121], [-0.03702995181083679, 0.18279553949832916]]",False
early_neutral,6,2221,0.2599133622125958,-1,[0],"[[-0.8281331062316895, -0.000539315165951848], [0.08929033577442169, -0.11235024780035019], [0.30417123436927795, -0.1417963057756424], [0.12077921628952026, -0.025210026651620865], [-0.038912639021873474, 0.18345268070697784]]",False
early_neutral,6,2222,0.2595801399533489,-1,[0],"[[-0.8281331062316895, -0.000539315165951848], [0.07551448047161102, -0.1100960448384285], [0.290894478559494, -0.14516885578632355], [0.1271725296974182, -0.020976196974515915], [-0.038912639021873474, 0.18345268070697784]]",False
early_neutral,6,2223,0.25924691769410196,-1,[0],"[[-0.8281331062316895, -0.000539315165951848], [0.06179206445813179, -0.10759751498699188], [0.27756932377815247, -0.14845964312553406], [0.13367785513401031, -0.01677371747791767], [-0.038912639021873474, 0.18345268070697784]]",False
early_neutral,6,2224,0.25891369543485504,-1,[0],"[[-0.8281331062316895, -0.000539315165951848], [0.04814835637807846, -0.1048472598195076], [0.2642000913619995, -0.15167385339736938], [0.14030615985393524, -0.012619935907423496], [-0.038912639021873474, 0.18345268070697784]]",False
early_neutral,6,2225,0.2585804731756081,-1,[0],"[[-0.8281331062316895, -0.000539315165951848], [0.034646302461624146, -0.10176510363817215], [0.2507914900779724, -0.15481795370578766], [0.14713101089000702, -0.008487529121339321], [-0.038912639021873474, 0.18345268070697784]]",False
early_neutral,6,2226,0.2582472509163612,-1,[0],"[[-0.8281331062316895, -0.000539315165951848], [0.02132469043135643, -0.0983320027589798], [0.2373463660478592, -0.15789540112018585], [0.1540716290473938, -0.00441768579185009], [-0.038912639021873474, 0.18345268070697784]]",False
early_neutral,6,2227,0.25791402865711427,-1,[0],"[[-0.8281331062316895, -0.000539315165951848], [0.008428077213466167, -0.09425818920135498], [0.22387520968914032, -0.16092434525489807], [0.161018967628479, -0.00030875072116032243], [-0.038912639021873474, 0.18345268070697784]]",False
early_neutral,6,2228,0.2575808063978674,-1,[0],"[[-0.8281331062316895, -0.000539315165951848], [-0.003652925370261073, -0.0892224907875061], [0.2103806883096695, -0.16390903294086456], [0.16795387864112854, 0.0038445419631898403], [-0.03716593608260155, 0.18456271290779114]]",False
early_neutral,6,2229,0.2572475841386205,-1,[0],"[[-0.8281331062316895, -0.000539315165951848], [-0.014560452662408352, -0.08359286189079285], [0.196925088763237, -0.1669670194387436], [0.17473448812961578, 0.008009090088307858], [-0.03438159450888634, 0.18674220144748688]]",False
early_neutral,6,2230,0.25691436187937355,-1,[0],"[[-0.8281331062316895, -0.000539315165951848], [-0.022442562505602837, -0.07905739545822144], [0.1835465133190155, -0.17016491293907166], [0.1812644749879837, 0.012218017131090164], [-0.031043298542499542, 0.18976423144340515]]",False
early_neutral,6,2231,0.25658113962012663,-1,[0],"[[-0.8281331062316895, -0.000539315165951848], [-0.025373797863721848, -0.07544748485088348], [0.17023056745529175, -0.17347201704978943], [0.18776752054691315, 0.01644458808004856], [-0.026751333847641945, 0.19287963211536407]]",False
early_neutral,6,2232,0.2562479173608797,-1,[0],"[[-0.8281331062316895, -0.000539315165951848], [-0.025902513414621353, -0.0739661380648613], [0.1569354236125946, -0.17681440711021423], [0.19476161897182465, 0.020136579871177673], [-0.021916862577199936, 0.1956387758255005]]",False
early_neutral,6,2233,0.2559146951016328,-1,[0],"[[-0.8281331062316895, -0.000539315165951848], [-0.025902513414621353, -0.0739661380648613], [0.14365889132022858, -0.18016697466373444], [0.20314903557300568, 0.021547364071011543], [-0.016933033242821693, 0.198231503367424]]",False
early_neutral,6,2234,0.25558147284238586,-1,[0],"[[-0.8281331062316895, -0.000539315165951848], [-0.025237280875444412, -0.07479289919137955], [0.13056230545043945, -0.18215228617191315], [0.2122974395751953, 0.021562395617365837], [-0.011932911351323128, 0.20075063407421112]]",False
early_neutral,6,2235,0.25524825058313894,-1,[0],"[[-0.8281331062316895, -0.000539315165951848], [-0.023552512750029564, -0.07711891829967499], [0.11858910322189331, -0.1814720332622528], [0.22046810388565063, 0.019658168777823448], [-0.0067857783287763596, 0.20326246321201324]]",False
early_neutral,6,2236,0.254915028323892,-1,[0],"[[-0.8281331062316895, -0.000539315165951848], [-0.021548407152295113, -0.08032571524381638], [0.10834623128175735, -0.17970603704452515], [0.22725282609462738, 0.01580660790205002], [-0.0007157405489124358, 0.20574286580085754]]",False
early_neutral,6,2237,0.25458180606464514,-1,[0],"[[-0.8281331062316895, -0.000539315165951848], [-0.01934841275215149, -0.08443897217512131], [0.10087360441684723, -0.17629195749759674], [0.23242099583148956, 0.012465541251003742], [0.0069799418561160564, 0.20794422924518585]]",False
early_neutral,6,2238,0.2542485838053982,-1,[0],"[[-0.8281331062316895, -0.000539315165951848], [-0.01718848943710327, -0.08942865580320358], [0.09465744346380234, -0.17188706994056702], [0.23389723896980286, 0.011511203832924366], [0.01554926484823227, 0.20917858183383942]]",False
early_neutral,6,2239,0.2539153615461513,-1,[0],"[[-0.8281331062316895, -0.000539315165951848], [-0.015048281289637089, -0.095133475959301], [0.08859430253505707, -0.16739223897457123], [0.23369331657886505, 0.011634538881480694], [0.024044400081038475, 0.2089996039867401]]",False
early_neutral,6,2240,0.2535821392869044,-1,[0],"[[-0.8281331062316895, -0.000539315165951848], [-0.012864786200225353, -0.10094311833381653], [0.08265382796525955, -0.16282854974269867], [0.23134933412075043, 0.012824063189327717], [0.03323154151439667, 0.20890188217163086]]",False
early_neutral,6,2241,0.25324891702765745,-1,[0],"[[-0.8281331062316895, -0.000539315165951848], [-0.01068815402686596, -0.10675384849309921], [0.07677862793207169, -0.15822914242744446], [0.2277107685804367, 0.01422745082527399], [0.042411938309669495, 0.2090562880039215]]",False
early_neutral,6,2242,0.2529156947684105,-1,[0],"[[-0.8281331062316895, -0.000539315165951848], [-0.00857151672244072, -0.11257394403219223], [0.0709354504942894, -0.15361247956752777], [0.22267860174179077, 0.015905624255537987], [0.050158947706222534, 0.2095336616039276]]",False
early_neutral,6,2243,0.2525824725091636,-1,[0],"[[-0.8281331062316895, -0.000539315165951848], [-0.006523588206619024, -0.11840444058179855], [0.06515604257583618, -0.1489620804786682], [0.21640615165233612, 0.017999744042754173], [0.05501633137464523, 0.2117665559053421]]",False
early_neutral,6,2244,0.2522492502499167,-1,[0],"[[-0.8281331062316895, -0.000539315165951848], [-0.004640674218535423, -0.12425830215215683], [0.05951972305774689, -0.14423790574073792], [0.20903369784355164, 0.02047412469983101], [0.060077834874391556, 0.21500875055789948]]",False
early_neutral,6,2245,0.25191602799066976,-1,[0],"[[-0.8281331062316895, -0.000539315165951848], [-0.0029785679653286934, -0.13014040887355804], [0.05401897802948952, -0.13944648206233978], [0.20078861713409424, 0.023325204849243164], [0.0667412132024765, 0.2180517017841339]]",False
early_neutral,6,2246,0.25158280573142283,-1,[0],"[[-0.8281331062316895, -0.000539315165951848], [-0.0014758723555132747, -0.13604077696800232], [0.04849478602409363, -0.13466644287109375], [0.1918286234140396, 0.02652638591825962], [0.07538681477308273, 0.2190598100423813]]",False
early_neutral,6,2247,0.25124958347217596,-1,[0],"[[-0.8281331062316895, -0.000539315165951848], [2.0673443941632286e-05, -0.14194181561470032], [0.04290156438946724, -0.12992054224014282], [0.1824842244386673, 0.029649529606103897], [0.08404272794723511, 0.2188180834054947]]",False
early_neutral,6,2248,0.25091636121292904,-1,[0],"[[-0.8281331062316895, -0.000539315165951848], [0.001533057540655136, -0.14784112572669983], [0.03726329281926155, -0.12519721686840057], [0.17241376638412476, 0.032637130469083786], [0.09042070806026459, 0.21644891798496246]]",False
early_neutral,6,2249,0.2505831389536821,-1,[0],"[[-0.8281331062316895, -0.000539315165951848], [0.0032472347375005484, -0.15371684730052948], [0.03160887956619263, -0.12048209458589554], [0.16159386932849884, 0.035565901547670364], [0.09621966630220413, 0.21302305161952972]]",False
early_neutral,6,2250,0.2502499166944352,-1,[0],"[[-0.8281331062316895, -0.000539315165951848], [0.005215513985604048, -0.1595587581396103], [0.02594192698597908, -0.11577333509922028], [0.15011528134346008, 0.0384332537651062], [0.10251883417367935, 0.20892508327960968]]",False
early_neutral,6,2251,0.24991669443518827,-1,[0],"[[-0.8281331062316895, -0.000539315165951848], [0.007027720101177692, -0.16422055661678314], [0.02028038538992405, -0.11106181889772415], [0.13807427883148193, 0.041170064359903336], [0.10901834815740585, 0.20469622313976288]]",False
early_neutral,6,2252,0.24958347217594135,-1,[0],"[[-0.8281331062316895, -0.000539315165951848], [0.008951127529144287, -0.16821525990962982], [0.01462619286030531, -0.10634656995534897], [0.12610119581222534, 0.0446309894323349], [0.11551746726036072, 0.2004670798778534]]",False
early_neutral,6,2253,0.24925024991669442,-1,[0],"[[-0.8281331062316895, -0.000539315165951848], [0.011196810752153397, -0.17213784158229828], [0.008949916809797287, -0.10164257138967514], [0.11489047110080719, 0.049383267760276794], [0.12201656401157379, 0.1962379515171051]]",False
early_neutral,6,2254,0.24891702765744753,-1,[0],"[[-0.8281331062316895, -0.000539315165951848], [0.013850672170519829, -0.17595073580741882], [0.003234812058508396, -0.09695854038000107], [0.10428132116794586, 0.05492905527353287], [0.12851572036743164, 0.1920088678598404]]",False
early_neutral,6,2255,0.2485838053982006,-1,[0],"[[-0.8281331062316895, -0.000539315165951848], [0.01688188873231411, -0.17960363626480103], [-0.0024513453245162964, -0.09225976467132568], [0.09391124546527863, 0.060828376561403275], [0.13501492142677307, 0.18777978420257568]]",False
early_neutral,6,2256,0.24825058313895368,-1,[0],"[[-0.8281331062316895, -0.000539315165951848], [0.018211252987384796, -0.1811121255159378], [-0.00793961901217699, -0.08746246248483658], [0.08379041403532028, 0.0670301616191864], [0.14151409268379211, 0.18355068564414978]]",False
early_neutral,6,2257,0.24791736087970676,-1,[0],"[[-0.8281331062316895, -0.000539315165951848], [0.018211252987384796, -0.1811121255159378], [-0.013223080895841122, -0.08256872743368149], [0.07380402088165283, 0.0734143927693367], [0.14801330864429474, 0.17932163178920746]]",False
early_neutral,6,2258,0.24758413862045986,-1,[0],"[[-0.8281331062316895, -0.000539315165951848], [0.018211252987384796, -0.1811121255159378], [-0.018354251980781555, -0.07760675251483917], [0.06394258886575699, 0.07994824647903442], [0.15451249480247498, 0.17509253323078156]]",False
early_neutral,6,2259,0.24725091636121294,-1,[0],"[[-0.8281331062316895, -0.000539315165951848], [0.018211252987384796, -0.1811121255159378], [-0.02334739826619625, -0.07258550077676773], [0.053581297397613525, 0.08619633316993713], [0.1610116809606552, 0.17086346447467804]]",False
early_neutral,6,2260,0.246917694101966,-1,[0],"[[-0.8281331062316895, -0.000539315165951848], [0.018069704994559288, -0.1809457540512085], [-0.028586944565176964, -0.0673459842801094], [0.04241635277867317, 0.09187332540750504], [0.16751086711883545, 0.16663439571857452]]",False
early_neutral,6,2261,0.2465844718427191,-1,[0],"[[-0.8281331062316895, -0.000539315165951848], [0.01642468385398388, -0.17902763187885284], [-0.03449326008558273, -0.06174040213227272], [0.030622154474258423, 0.09702467173337936], [0.1740100234746933, 0.16240529716014862]]",False
early_neutral,6,2262,0.24625124958347216,-1,[0],"[[-0.8281331062316895, -0.000539315165951848], [0.014025661163032055, -0.17626336216926575], [-0.04100291430950165, -0.055834777653217316], [0.01847882755100727, 0.10185174643993378], [0.18050916492938995, 0.15817619860172272]]",False
early_neutral,6,2263,0.24591802732422527,-1,[0],"[[-0.8281331062316895, -0.000539315165951848], [0.011040638200938702, -0.17293308675289154], [-0.04792308807373047, -0.04958875849843025], [0.006069055758416653, 0.10639698058366776], [0.1870083063840866, 0.15394708514213562]]",False
early_neutral,6,2264,0.24558480506497835,-1,[0],"[[-0.8281331062316895, -0.000539315165951848], [0.007839449681341648, -0.16955067217350006], [-0.05513293668627739, -0.04307569935917854], [-0.004545397590845823, 0.11160605400800705], [0.19243338704109192, 0.1498470902442932]]",False
early_neutral,6,2265,0.24525158280573142,-1,[0],"[[-0.8281331062316895, -0.000539315165951848], [0.004336954560130835, -0.16603893041610718], [-0.061133190989494324, -0.03768680617213249], [-0.011128822341561317, 0.11795080453157425], [0.19291876256465912, 0.1467430740594864]]",False
early_neutral,6,2266,0.2449183605464845,-1,[0],"[[-0.8281331062316895, -0.000539315165951848], [0.0016090815188363194, -0.16341999173164368], [-0.06657810509204865, -0.0328684039413929], [-0.016047770157456398, 0.1252455711364746], [0.18952234089374542, 0.1441720724105835]]",False
early_neutral,6,2267,0.24458513828723757,-1,[0],"[[-0.8281331062316895, -0.000539315165951848], [0.0014216715935617685, -0.16324231028556824], [-0.07125310599803925, -0.028690852224826813], [-0.02017279714345932, 0.13306741416454315], [0.18490679562091827, 0.1410919576883316]]",False
early_neutral,6,2268,0.24425191602799068,-1,[0],"[[-0.8281331062316895, -0.000539315165951848], [0.0014216715935617685, -0.16324231028556824], [-0.07473623007535934, -0.025171421468257904], [-0.023372050374746323, 0.14132031798362732], [0.17934077978134155, 0.13743160665035248]]",False
early_neutral,6,2269,0.24391869376874376,-1,[0],"[[-0.8281331062316895, -0.000539315165951848], [0.0014216715935617685, -0.16324231028556824], [-0.0777825340628624, -0.021725138649344444], [-0.026063956320285797, 0.14984023571014404], [0.172981858253479, 0.13328737020492554]]",False
early_neutral,6,2270,0.24358547150949683,-1,[0],"[[-0.8281331062316895, -0.000539315165951848], [0.0014216715935617685, -0.16324231028556824], [-0.0785779133439064, -0.020779423415660858], [-0.028186343610286713, 0.1585533618927002], [0.16648529469966888, 0.12905658781528473]]",False
early_neutral,6,2271,0.2432522492502499,-1,[0],"[[-0.8281331062316895, -0.000539315165951848], [0.0018754141638055444, -0.16456328332424164], [-0.0785779133439064, -0.020779423415660858], [-0.029667502269148827, 0.16587388515472412], [0.15998663008213043, 0.12482718378305435]]",False
early_neutral,6,2272,0.242919026991003,-1,[0],"[[-0.8281331062316895, -0.000539315165951848], [0.0031494414433836937, -0.16717320680618286], [-0.07833817601203918, -0.02170758694410324], [-0.03034340962767601, 0.16995510458946228], [0.15348763763904572, 0.1205979660153389]]",False
early_neutral,6,2273,0.2425858047317561,-1,[0],"[[-0.8281331062316895, -0.000539315165951848], [0.0048652696423232555, -0.16985806822776794], [-0.07769425213336945, -0.023877887055277824], [-0.030584348365664482, 0.17241305112838745], [0.14698854088783264, 0.1163688451051712]]",False
early_neutral,6,2274,0.24225258247250916,-1,[0],"[[-0.8281331062316895, -0.000539315165951848], [0.005011115223169327, -0.170082688331604], [-0.07669810205698013, -0.026912612840533257], [-0.030648529529571533, 0.17353758215904236], [0.14048932492733002, 0.11213977634906769]]",False
early_neutral,6,2275,0.24191936021326224,-1,[0],"[[-0.8281331062316895, -0.000539315165951848], [0.004986787214875221, -0.1700705736875534], [-0.07599110901355743, -0.030871201306581497], [-0.03065262921154499, 0.17374266684055328], [0.13399015367031097, 0.10791069269180298]]",False
early_neutral,6,2276,0.24158613795401532,-1,[0],"[[-0.8281331062316895, -0.000539315165951848], [0.0032354090362787247, -0.16913281381130219], [-0.07604937255382538, -0.03505495563149452], [-0.03065262921154499, 0.17374266684055328], [0.12749095261096954, 0.10368162393569946]]",False
early_neutral,6,2277,0.24125291569476842,-1,[0],"[[-0.8281331062316895, -0.000539315165951848], [0.00040480209281668067, -0.16745920479297638], [-0.07626219093799591, -0.03758123517036438], [-0.030615046620368958, 0.1721392124891281], [0.1209917664527893, 0.09945253282785416]]",False
early_neutral,6,2278,0.2409196934355215,-1,[0],"[[-0.8281331062316895, -0.000539315165951848], [-0.003330167382955551, -0.16504845023155212], [-0.07624507695436478, -0.037812210619449615], [-0.030220050364732742, 0.16925150156021118], [0.11449258774518967, 0.09522345662117004]]",False
early_neutral,6,2279,0.24058647117627457,-1,[0],"[[-0.8281331062316895, -0.000539315165951848], [-0.007421067450195551, -0.16222888231277466], [-0.07624507695436478, -0.037812210619449615], [-0.029284590855240822, 0.16548314690589905], [0.10799338668584824, 0.09099438786506653]]",False
early_neutral,6,2280,0.24025324891702765,-1,[0],"[[-0.8281331062316895, -0.000539315165951848], [-0.011657673865556717, -0.15911801159381866], [-0.07624507695436478, -0.037812210619449615], [-0.028009451925754547, 0.1608475148677826], [0.10149422287940979, 0.08676529675722122]]",False
early_neutral,6,2281,0.23992002665778073,-1,[0],"[[-0.8281331062316895, -0.000539315165951848], [-0.015577616170048714, -0.15606819093227386], [-0.0762619599699974, -0.03782958909869194], [-0.02643965557217598, 0.1555444449186325], [0.09499506652355194, 0.08253618329763412]]",False
early_neutral,6,2282,0.23958680439853383,-1,[0],"[[-0.8281331062316895, -0.000539315165951848], [-0.016636881977319717, -0.15523946285247803], [-0.07774189859628677, -0.03935898467898369], [-0.02561446651816368, 0.1524437516927719], [0.08849592506885529, 0.07830707728862762]]",False
early_neutral,6,2283,0.2392535821392869,-1,[0],"[[-0.8281331062316895, -0.000539315165951848], [-0.016636881977319717, -0.15523946285247803], [-0.08009695261716843, -0.04180506244301796], [-0.025578442960977554, 0.15228424966335297], [0.08199678361415863, 0.07407797127962112]]",False
early_neutral,6,2284,0.23892035988003998,-1,[0],"[[-0.8281331062316895, -0.000539315165951848], [-0.016636881977319717, -0.15523946285247803], [-0.08326555043458939, -0.044954195618629456], [-0.025370696559548378, 0.15340396761894226], [0.07549764215946198, 0.06984886527061462]]",False
early_neutral,6,2285,0.23858713762079306,-1,[0],"[[-0.8281331062316895, -0.000539315165951848], [-0.016636881977319717, -0.15523946285247803], [-0.08717706054449081, -0.04827693849802017], [-0.02493119426071644, 0.15602979063987732], [0.06899850070476532, 0.06561976671218872]]",False
early_neutral,6,2286,0.23825391536154616,-1,[0],"[[-0.8281331062316895, -0.000539315165951848], [-0.01707662083208561, -0.15502816438674927], [-0.09146982431411743, -0.05139397084712982], [-0.024439819157123566, 0.15952321887016296], [0.06249934434890747, 0.06139066070318222]]",False
early_neutral,6,2287,0.23792069310229924,-1,[0],"[[-0.8281331062316895, -0.000539315165951848], [-0.01957462914288044, -0.15382136404514313], [-0.09613241255283356, -0.05427715927362442], [-0.024087393656373024, 0.1636834293603897], [0.05600019544363022, 0.05716156214475632]]",False
early_neutral,6,2288,0.23758747084305232,-1,[0],"[[-0.8281331062316895, -0.000539315165951848], [-0.023091785609722137, -0.15211006999015808], [-0.1011386439204216, -0.05690506845712662], [-0.023988017812371254, 0.16786926984786987], [0.04950106516480446, 0.05293244495987892]]",False
early_neutral,6,2289,0.2372542485838054,-1,[0],"[[-0.8292484283447266, -0.0005478172097355127], [-0.027797574177384377, -0.14987607300281525], [-0.10639768838882446, -0.05931619927287102], [-0.02374354377388954, 0.17034491896629333], [0.0430019274353981, 0.048703327775001526]]",False
early_neutral,6,2290,0.23692102632455847,-1,[0],"[[-0.833052396774292, -0.0005829137517139316], [-0.03379497304558754, -0.14725616574287415], [-0.111819326877594, -0.06156967580318451], [-0.02356267161667347, 0.17088930308818817], [0.03650279715657234, 0.04447421431541443]]",False
early_neutral,6,2291,0.23658780406531157,-1,[0],"[[-0.8382138609886169, -0.0006419054116122425], [-0.041081059724092484, -0.14442014694213867], [-0.11738529801368713, -0.06366913765668869], [-0.023890823125839233, 0.17022842168807983], [0.030003666877746582, 0.04024509713053703]]",False
early_neutral,6,2292,0.23625458180606465,-1,[0],"[[-0.8446170091629028, -0.0007215397781692445], [-0.04937244951725006, -0.14184977114200592], [-0.12305109947919846, -0.06565245240926743], [-0.02470432221889496, 0.16775989532470703], [0.023504529148340225, 0.036015987396240234]]",False
early_neutral,6,2293,0.23592135954681773,-1,[0],"[[-0.8520396947860718, -0.0008173157693818212], [-0.057974349707365036, -0.13983260095119476], [-0.12880685925483704, -0.06752285361289978], [-0.025113247334957123, 0.16432221233844757], [0.01700538583099842, 0.031786881387233734]]",False
early_neutral,6,2294,0.2355881372875708,-1,[0],"[[-0.8599755167961121, -0.000923441955819726], [-0.06466121971607208, -0.13877908885478973], [-0.1346646547317505, -0.06925365328788757], [-0.025449296459555626, 0.1599784940481186], [0.010506244376301765, 0.027557773515582085]]",False
early_neutral,6,2295,0.23525491502832388,-1,[0],"[[-0.8688769340515137, -0.0010473043657839298], [-0.07160697132349014, -0.13799628615379333], [-0.14062577486038208, -0.07082799822092056], [-0.02603849582374096, 0.15481464564800262], [0.004007102455943823, 0.023328667506575584]]",False
early_neutral,6,2296,0.23492169276907698,-1,[0],"[[-0.8786044120788574, -0.0011902566766366363], [-0.07973005622625351, -0.1368149220943451], [-0.14665083587169647, -0.07229643315076828], [-0.02725103683769703, 0.14897996187210083], [-0.0024920394644141197, 0.019099561497569084]]",False
early_neutral,6,2297,0.23458847050983006,-1,[0],"[[-0.8891794085502625, -0.001354856532998383], [-0.08824815601110458, -0.1355869024991989], [-0.15266215801239014, -0.07378854602575302], [-0.029535740613937378, 0.14269229769706726], [-0.008991180919110775, 0.01487045455724001]]",False
early_neutral,6,2298,0.23425524825058314,-1,[0],"[[-0.9000461101531982, -0.0015766187570989132], [-0.09327270835638046, -0.13624662160873413], [-0.15865187346935272, -0.0753168910741806], [-0.03292927145957947, 0.13636356592178345], [-0.015490323305130005, 0.010641347616910934]]",False
early_neutral,6,2299,0.2339220259913362,-1,[0],"[[-0.9114890694618225, -0.001877344911918044], [-0.0939534455537796, -0.1388951539993286], [-0.1645653247833252, -0.07696572691202164], [-0.03830978274345398, 0.13200604915618896], [-0.02198946475982666, 0.006412241142243147]]",False
early_neutral,6,2300,0.23358880373208932,-1,[0],"[[-0.9235222339630127, -0.0022406475618481636], [-0.09327521920204163, -0.1425291746854782], [-0.1703798621892929, -0.07875730842351913], [-0.04602894186973572, 0.1289103776216507], [-0.028488606214523315, 0.002183134201914072]]",False
early_neutral,6,2301,0.2332555814728424,-1,[0],"[[-0.93606036901474, -0.0026607494801282883], [-0.09147157520055771, -0.14692631363868713], [-0.17382989823818207, -0.07988573610782623], [-0.05322059243917465, 0.1252552717924118], [-0.03498774766921997, -0.0020459722727537155]]",False
early_neutral,6,2302,0.23292235921359547,-1,[0],"[[-0.9486238956451416, -0.0031227499712258577], [-0.0886538177728653, -0.1519596427679062], [-0.17509417235851288, -0.08034086972475052], [-0.058811530470848083, 0.12057410180568695], [-0.041486889123916626, -0.006275078747421503]]",False
early_neutral,6,2303,0.23258913695434855,-1,[0],"[[-0.9583883881568909, -0.003409923519939184], [-0.08611582964658737, -0.1577826589345932], [-0.17830342054367065, -0.08179698139429092], [-0.06436988711357117, 0.11581262201070786], [-0.04798603057861328, -0.010504186153411865]]",False
early_neutral,6,2304,0.23225591469510162,-1,[0],"[[-0.9675763845443726, -0.003565204795449972], [-0.08403854072093964, -0.16426073014736176], [-0.18185843527317047, -0.08388097584247589], [-0.07032697647809982, 0.111258864402771], [-0.054485172033309937, -0.01473329309374094]]",False
early_neutral,6,2305,0.23192269243585473,-1,[0],"[[-0.9745113849639893, -0.003587055951356888], [-0.08253928273916245, -0.17099030315876007], [-0.18251138925552368, -0.08428557217121124], [-0.07661869376897812, 0.10694649815559387], [-0.06098431348800659, -0.018962400034070015]]",False
early_neutral,6,2306,0.2315894701766078,-1,[0],"[[-0.9792578220367432, -0.0034794656094163656], [-0.08157109469175339, -0.1782197505235672], [-0.18251138925552368, -0.08428557217121124], [-0.08229681849479675, 0.10479186475276947], [-0.06748345494270325, -0.023191506043076515]]",False
early_neutral,6,2307,0.23125624791736088,-1,[0],"[[-0.9826535582542419, -0.00333985174074769], [-0.08111165463924408, -0.18590423464775085], [-0.18251138925552368, -0.08428557217121124], [-0.08657926321029663, 0.10596998780965805], [-0.0739825963973999, -0.027420612052083015]]",False
early_neutral,6,2308,0.23092302565811396,-1,[0],"[[-0.98363196849823, -0.003286914899945259], [-0.08172113448381424, -0.19395773112773895], [-0.18273086845874786, -0.08441108465194702], [-0.09185104072093964, 0.1076785996556282], [-0.08048173785209656, -0.031649719923734665]]",False
early_neutral,6,2309,0.23058980339886703,-1,[0],"[[-0.9837615489959717, -0.0032788526732474566], [-0.08346189558506012, -0.20186835527420044], [-0.18515822291374207, -0.08586566150188446], [-0.09903395920991898, 0.10755511373281479], [-0.08698087185621262, -0.035878825932741165]]",False
early_neutral,6,2310,0.23025658113962014,-1,[0],"[[-0.9837615489959717, -0.0032788526732474566], [-0.08609655499458313, -0.20783089101314545], [-0.1885034590959549, -0.08800772577524185], [-0.10711320489645004, 0.10618505626916885], [-0.09240719676017761, -0.039976220577955246]]",False
early_neutral,6,2311,0.2299233588803732,-1,[0],"[[-0.9837615489959717, -0.0032788526732474566], [-0.09005311876535416, -0.213191956281662], [-0.19279317557811737, -0.09076569974422455], [-0.11588800698518753, 0.10409124940633774], [-0.09289714694023132, -0.04306892678141594]]",False
early_neutral,6,2312,0.2295901366211263,-1,[0],"[[-0.9837615489959717, -0.0032788526732474566], [-0.09420553594827652, -0.21674887835979462], [-0.19729673862457275, -0.0934525728225708], [-0.12517419457435608, 0.10129542648792267], [-0.08942529559135437, -0.04555954784154892]]",False
early_neutral,6,2313,0.22925691436187937,-1,[0],"[[-0.9837615489959717, -0.0032788526732474566], [-0.09941892325878143, -0.21918782591819763], [-0.19882260262966156, -0.09428566694259644], [-0.13457052409648895, 0.09811042994260788], [-0.08338748663663864, -0.04703577980399132]]",False
early_neutral,6,2314,0.22892369210263244,-1,[0],"[[-0.9837615489959717, -0.0032788526732474566], [-0.10485000163316727, -0.22143098711967468], [-0.19882260262966156, -0.09428566694259644], [-0.14423897862434387, 0.09456094354391098], [-0.07569947838783264, -0.04736046865582466]]",False
early_neutral,6,2315,0.22859046984338555,-1,[0],"[[-0.9837615489959717, -0.0032788526732474566], [-0.11048601567745209, -0.223375603556633], [-0.2004595547914505, -0.09511883556842804], [-0.15431413054466248, 0.09063985198736191], [-0.0672268271446228, -0.047101251780986786]]",False
early_neutral,6,2316,0.22825724758413862,-1,[0],"[[-0.9837615489959717, -0.0032788526732474566], [-0.11288617551326752, -0.22414027154445648], [-0.2036639004945755, -0.09686098992824554], [-0.16473865509033203, 0.08638010919094086], [-0.06078101694583893, -0.04612536355853081]]",False
early_neutral,6,2317,0.2279240253248917,-1,[0],"[[-0.9837615489959717, -0.0032788526732474566], [-0.11288617551326752, -0.22414027154445648], [-0.20768927037715912, -0.09928654134273529], [-0.1753496378660202, 0.08176286518573761], [-0.056117769330739975, -0.04340001195669174]]",False
early_neutral,6,2318,0.22759080306564478,-1,[0],"[[-0.9837615489959717, -0.0032788526732474566], [-0.11415049433708191, -0.22453173995018005], [-0.21188238263130188, -0.1024419516324997], [-0.18599708378314972, 0.07701065391302109], [-0.051687225699424744, -0.04287942871451378]]",False
early_neutral,6,2319,0.22725758080639788,-1,[0],"[[-0.9837615489959717, -0.0032788526732474566], [-0.11752179265022278, -0.22585594654083252], [-0.21591036021709442, -0.10437307506799698], [-0.19380925595760345, 0.07293745130300522], [-0.048110734671354294, -0.04385779798030853]]",False
early_neutral,6,2320,0.22692435854715096,-1,[0],"[[-0.9837615489959717, -0.0032788526732474566], [-0.12173047661781311, -0.22787033021450043], [-0.22033275663852692, -0.10311225056648254], [-0.19734138250350952, 0.06825058162212372], [-0.047136083245277405, -0.04412442445755005]]",False
early_neutral,6,2321,0.22659113628790403,-1,[0],"[[-0.9837615489959717, -0.0032788526732474566], [-0.12632647156715393, -0.22788116335868835], [-0.22495877742767334, -0.10047708451747894], [-0.20070908963680267, 0.06287755817174911], [-0.047810520976781845, -0.043931808322668076]]",False
early_neutral,6,2322,0.2262579140286571,-1,[0],"[[-0.9837615489959717, -0.0032788526732474566], [-0.13115361332893372, -0.22591088712215424], [-0.22997508943080902, -0.09785647690296173], [-0.2052752524614334, 0.05762920901179314], [-0.05106081813573837, -0.04281574487686157]]",False
early_neutral,6,2323,0.22592469176941019,-1,[0],"[[-0.9837615489959717, -0.0032788526732474566], [-0.1365695297718048, -0.2236519753932953], [-0.2352229803800583, -0.09543562680482864], [-0.21071858704090118, 0.05274456739425659], [-0.05524734780192375, -0.04101052135229111]]",False
early_neutral,6,2324,0.2255914695101633,-1,[0],"[[-0.9837615489959717, -0.0032788526732474566], [-0.1420353353023529, -0.2214435189962387], [-0.24077969789505005, -0.09332919865846634], [-0.21643860638141632, 0.047994207590818405], [-0.060445886105298996, -0.03860536590218544]]",False
early_neutral,6,2325,0.22525824725091637,-1,[0],"[[-0.9837615489959717, -0.0032788526732474566], [-0.1468275487422943, -0.21954773366451263], [-0.24664773046970367, -0.09161718934774399], [-0.22235387563705444, 0.043346162885427475], [-0.06673967093229294, -0.035763055086135864]]",False
early_neutral,6,2326,0.22492502499166944,-1,[0],"[[-0.9837615489959717, -0.0032788526732474566], [-0.14760969579219818, -0.21920062601566315], [-0.252763956785202, -0.09032484143972397], [-0.22837340831756592, 0.03875493258237839], [-0.07402688264846802, -0.03256360813975334]]",False
early_neutral,6,2327,0.22459180273242252,-1,[0],"[[-0.9837615489959717, -0.0032788526732474566], [-0.14760969579219818, -0.21920062601566315], [-0.25906267762184143, -0.08948198705911636], [-0.23444634675979614, 0.034193579107522964], [-0.08207685500383377, -0.02913980931043625]]",False
early_neutral,6,2328,0.2242585804731756,-1,[0],"[[-0.9837615489959717, -0.0032788526732474566], [-0.14760969579219818, -0.21920062601566315], [-0.26546353101730347, -0.08907058835029602], [-0.24056971073150635, 0.029711714014410973], [-0.09087865799665451, -0.025499967858195305]]",False
early_neutral,6,2329,0.2239253582139287,-1,[0],"[[-0.9837615489959717, -0.0032788526732474566], [-0.1477666050195694, -0.2192123532295227], [-0.2718774676322937, -0.0887414962053299], [-0.24685142934322357, 0.0253459345549345], [-0.09998743236064911, -0.021856727078557014]]",False
early_neutral,6,2330,0.22359213595468178,-1,[0],"[[-0.9837615489959717, -0.0032788526732474566], [-0.15055310726165771, -0.21931292116641998], [-0.27828896045684814, -0.08839330077171326], [-0.2532976567745209, 0.021082803606987], [-0.10970485210418701, -0.01809590682387352]]",False
early_neutral,6,2331,0.22325891369543485,-1,[0],"[[-0.9837615489959717, -0.0032788526732474566], [-0.154658243060112, -0.21923163533210754], [-0.2846786677837372, -0.08791031688451767], [-0.2597855031490326, 0.01684635505080223], [-0.11962129175662994, -0.013886322267353535]]",False
early_neutral,6,2332,0.22292569143618793,-1,[0],"[[-0.9837615489959717, -0.0032788526732474566], [-0.16014719009399414, -0.21886220574378967], [-0.29100504517555237, -0.08715257048606873], [-0.2662802040576935, 0.012614356353878975], [-0.1271035522222519, -0.007840235717594624]]",False
early_neutral,6,2333,0.22259246917694103,-1,[0],"[[-0.9837615489959717, -0.0032788526732474566], [-0.16606295108795166, -0.21827106177806854], [-0.29645320773124695, -0.08628776669502258], [-0.27277877926826477, 0.008384885266423225], [-0.13253046572208405, -0.0006341731059364974]]",False
early_neutral,6,2334,0.2222592469176941,-1,[0],"[[-0.9837615489959717, -0.0032788526732474566], [-0.1723669022321701, -0.21743641793727875], [-0.2972968518733978, -0.08614432066679001], [-0.27927762269973755, 0.004155591130256653], [-0.1379975527524948, 0.006876719184219837]]",False
early_neutral,6,2335,0.22192602465844719,-1,[0],"[[-0.9837615489959717, -0.0032788526732474566], [-0.1788165122270584, -0.2164047211408615], [-0.2990237772464752, -0.0853893831372261], [-0.2853028476238251, 0.000111412737169303], [-0.14357207715511322, 0.014609254896640778]]",False
early_neutral,6,2336,0.22159280239920026,-1,[0],"[[-0.9837615489959717, -0.0032788526732474566], [-0.18642587959766388, -0.2151980996131897], [-0.3025452494621277, -0.08389299362897873], [-0.2877979576587677, -0.0019919313490390778], [-0.14933371543884277, 0.022482220083475113]]",False
early_neutral,6,2337,0.22125958013995334,-1,[0],"[[-0.9837615489959717, -0.0032788526732474566], [-0.19516868889331818, -0.21385827660560608], [-0.3072361648082733, -0.08196873217821121], [-0.2879714369773865, -0.002225276315584779], [-0.15537309646606445, 0.030421297997236252]]",False
early_neutral,6,2338,0.22092635788070644,-1,[0],"[[-0.9837615489959717, -0.0032788526732474566], [-0.20475982129573822, -0.2123725265264511], [-0.31272393465042114, -0.07979721575975418], [-0.2852545976638794, -0.0017527961172163486], [-0.16166317462921143, 0.038397401571273804]]",False
early_neutral,6,2339,0.22059313562145952,-1,[0],"[[-0.9837615489959717, -0.0032788526732474566], [-0.21514339745044708, -0.21071094274520874], [-0.31603291630744934, -0.07850243151187897], [-0.2807024419307709, -0.0013527226401492953], [-0.16821928322315216, 0.04637499153614044]]",False
early_neutral,6,2340,0.2202599133622126,-1,[0],"[[-0.9837615489959717, -0.0032788526732474566], [-0.2250390201807022, -0.2090604454278946], [-0.316071480512619, -0.07848718017339706], [-0.2747010588645935, -0.0012503492180258036], [-0.17501917481422424, 0.054337278008461]]",False
early_neutral,6,2341,0.21992669110296567,-1,[0],"[[-0.9837615489959717, -0.0032788526732474566], [-0.2338963896036148, -0.2074509710073471], [-0.316071480512619, -0.07848718017339706], [-0.2681772708892822, -0.002341542160138488], [-0.18198785185813904, 0.06229251250624657]]",False
early_neutral,6,2342,0.21959346884371875,-1,[0],"[[-0.9837615489959717, -0.0032788526732474566], [-0.2424383908510208, -0.205781951546669], [-0.316071480512619, -0.07848718017339706], [-0.26192227005958557, -0.005454748868942261], [-0.18909889459609985, 0.07023632526397705]]",False
early_neutral,6,2343,0.21926024658447185,-1,[0],"[[-0.9837615489959717, -0.0032788526732474566], [-0.24865399301052094, -0.2044185996055603], [-0.316071480512619, -0.07848718017339706], [-0.2555638253688812, -0.009537145495414734], [-0.19631090760231018, 0.07817365229129791]]",False
early_neutral,6,2344,0.21892702432522493,-1,[0],"[[-0.9837615489959717, -0.0032788526732474566], [-0.25466710329055786, -0.20293016731739044], [-0.316071480512619, -0.07848718017339706], [-0.24905478954315186, -0.013759794645011425], [-0.20357657968997955, 0.08611474931240082]]",False
early_neutral,6,2345,0.218593802065978,-1,[0],"[[-0.9837615489959717, -0.0032788526732474566], [-0.2605290412902832, -0.20127426087856293], [-0.316071480512619, -0.07848718017339706], [-0.2425524890422821, -0.017986854538321495], [-0.21088464558124542, 0.09405799955129623]]",False
early_neutral,6,2346,0.21826057980673108,-1,[0],"[[-0.9837615489959717, -0.0032788526732474566], [-0.26611700654029846, -0.1994379609823227], [-0.316071480512619, -0.07848718017339706], [-0.23605284094810486, -0.022215617820620537], [-0.21819548308849335, 0.10201433300971985]]",False
early_neutral,6,2347,0.21792735754748419,-1,[0],"[[-0.9837615489959717, -0.0032788526732474566], [-0.27168262004852295, -0.1973387598991394], [-0.316071480512619, -0.07848718017339706], [-0.23133061826229095, -0.026219218969345093], [-0.22550149261951447, 0.10998328775167465]]",False
early_neutral,6,2348,0.21759413528823726,-1,[0],"[[-0.9837615489959717, -0.0032788526732474566], [-0.2757881283760071, -0.19564396142959595], [-0.316071480512619, -0.07848718017339706], [-0.23182567954063416, -0.029118500649929047], [-0.2327791005373001, 0.11797140538692474]]",False
early_neutral,6,2349,0.21726091302899034,-1,[0],"[[-0.9837615489959717, -0.0032788526732474566], [-0.2760676145553589, -0.19552841782569885], [-0.316071480512619, -0.07848718017339706], [-0.23553310334682465, -0.031727973371744156], [-0.2400142103433609, 0.12598200142383575]]",False
early_neutral,6,2350,0.21692769076974341,-1,[0],"[[-0.9837615489959717, -0.0032788526732474566], [-0.275922954082489, -0.19556967914104462], [-0.316071480512619, -0.07848718017339706], [-0.24032288789749146, -0.03491924703121185], [-0.24718444049358368, 0.13402192294597626]]",False
early_neutral,6,2351,0.2165944685104965,-1,[0],"[[-0.9837615489959717, -0.0032788526732474566], [-0.2733156979084015, -0.19621789455413818], [-0.316005676984787, -0.07849179208278656], [-0.24604983627796173, -0.03867586702108383], [-0.2542361915111542, 0.14210957288742065]]",False
early_neutral,6,2352,0.2162612462512496,-1,[0],"[[-0.9837615489959717, -0.0032788526732474566], [-0.2693864405155182, -0.19699543714523315], [-0.3128920793533325, -0.07886885106563568], [-0.2524813413619995, -0.04286719486117363], [-0.26108795404434204, 0.15014512836933136]]",False
early_neutral,6,2353,0.21592802399200267,-1,[0],"[[-0.9837615489959717, -0.0032788526732474566], [-0.26405468583106995, -0.19792059063911438], [-0.30818915367126465, -0.07985500991344452], [-0.2589782476425171, -0.04709775000810623], [-0.26643162965774536, 0.15662384033203125]]",False
early_neutral,6,2354,0.21559480173275575,-1,[0],"[[-0.9837615489959717, -0.0032788526732474566], [-0.2583327293395996, -0.1990758627653122], [-0.30260464549064636, -0.08163846284151077], [-0.26547709107398987, -0.05132706090807915], [-0.2704234719276428, 0.16201092302799225]]",False
early_neutral,6,2355,0.21526157947350882,-1,[0],"[[-0.9837615489959717, -0.0032788526732474566], [-0.25227826833724976, -0.20049099624156952], [-0.2972659766674042, -0.08396927267313004], [-0.271976113319397, -0.05555625632405281], [-0.2733108103275299, 0.16643701493740082]]",False
early_neutral,6,2356,0.2149283572142619,-1,[0],"[[-0.9837615489959717, -0.0032788526732474566], [-0.24668475985527039, -0.20235542953014374], [-0.292462557554245, -0.08674895763397217], [-0.27847519516944885, -0.0597853884100914], [-0.27517640590667725, 0.1704421043395996]]",False
early_neutral,6,2357,0.214595134955015,-1,[0],"[[-0.9837615489959717, -0.0032788526732474566], [-0.24301204085350037, -0.20552204549312592], [-0.2893703281879425, -0.09036639332771301], [-0.2849743366241455, -0.0640144944190979], [-0.27637118101119995, 0.17400729656219482]]",False
early_neutral,6,2358,0.21426191269576808,-1,[0],"[[-0.9837615489959717, -0.0032788526732474566], [-0.2401144653558731, -0.20922157168388367], [-0.28740090131759644, -0.09432482719421387], [-0.29147347807884216, -0.0682436004281044], [-0.27654844522476196, 0.1745627224445343]]",False
early_neutral,6,2359,0.21392869043652116,-1,[0],"[[-0.9837615489959717, -0.0032788526732474566], [-0.23725853860378265, -0.21293464303016663], [-0.2857300341129303, -0.09732197225093842], [-0.2979726791381836, -0.07247268408536911], [-0.27654844522476196, 0.1745627224445343]]",False
early_neutral,6,2360,0.21359546817727423,-1,[0],"[[-0.9837615489959717, -0.0032788526732474566], [-0.23606933653354645, -0.21449191868305206], [-0.28256091475486755, -0.09820330888032913], [-0.30447182059288025, -0.07670177519321442], [-0.27654844522476196, 0.1745627224445343]]",False
early_neutral,6,2361,0.21326224591802734,-1,[0],"[[-0.9837615489959717, -0.0032788526732474566], [-0.23606933653354645, -0.21449191868305206], [-0.2777162492275238, -0.09902118891477585], [-0.31044477224349976, -0.08087612688541412], [-0.27654844522476196, 0.1745627224445343]]",False
early_neutral,6,2362,0.21292902365878041,-1,[0],"[[-0.9837615489959717, -0.0032788526732474566], [-0.23606933653354645, -0.21449191868305206], [-0.27172139286994934, -0.09997675567865372], [-0.31204864382743835, -0.08421296626329422], [-0.27654844522476196, 0.1745627224445343]]",False
early_neutral,6,2363,0.2125958013995335,-1,[0],"[[-0.9837615489959717, -0.0032788526732474566], [-0.23606933653354645, -0.21449191868305206], [-0.2666628360748291, -0.1004498079419136], [-0.3091031610965729, -0.0867544636130333], [-0.27654844522476196, 0.1745627224445343]]",False
early_neutral,6,2364,0.21226257914028657,-1,[0],"[[-0.9837615489959717, -0.0032788526732474566], [-0.23606933653354645, -0.21449191868305206], [-0.2635675072669983, -0.09787146747112274], [-0.30470770597457886, -0.0896894633769989], [-0.27654844522476196, 0.1745627224445343]]",False
early_neutral,6,2365,0.21192935688103964,-1,[0],"[[-0.9837615489959717, -0.0032788526732474566], [-0.23606933653354645, -0.21449191868305206], [-0.2618090808391571, -0.0938866138458252], [-0.2993620038032532, -0.09321257472038269], [-0.27654844522476196, 0.1745627224445343]]",False
early_neutral,6,2366,0.21159613462179275,-1,[0],"[[-0.9837615489959717, -0.0032788526732474566], [-0.23606933653354645, -0.21449191868305206], [-0.26055797934532166, -0.08896735310554504], [-0.2931535542011261, -0.09726116061210632], [-0.27654844522476196, 0.1745627224445343]]",False
early_neutral,6,2367,0.21126291236254582,-1,[0],"[[-0.9837615489959717, -0.0032788526732474566], [-0.23519237339496613, -0.21571944653987885], [-0.2600972056388855, -0.08323826640844345], [-0.2858973741531372, -0.10056979209184647], [-0.27654844522476196, 0.1745627224445343]]",False
early_neutral,6,2368,0.2109296901032989,-1,[0],"[[-0.9837615489959717, -0.0032788526732474566], [-0.23318220674991608, -0.2181246429681778], [-0.2595062255859375, -0.0772242546081543], [-0.27726542949676514, -0.1016073152422905], [-0.27654844522476196, 0.1745627224445343]]",False
early_neutral,6,2369,0.21059646784405198,-1,[0],"[[-0.9837615489959717, -0.0032788526732474566], [-0.23081156611442566, -0.2205871343612671], [-0.25810936093330383, -0.07079777121543884], [-0.2680748999118805, -0.10165245085954666], [-0.2758864760398865, 0.1742985099554062]]",False
early_neutral,6,2370,0.21026324558480505,-1,[0],"[[-0.9837615489959717, -0.0032788526732474566], [-0.230612650513649, -0.22079287469387054], [-0.2559768855571747, -0.06411223858594894], [-0.2588837146759033, -0.10166329890489578], [-0.27281591296195984, 0.17291422188282013]]",False
early_neutral,6,2371,0.20993002332555816,-1,[0],"[[-0.9837615489959717, -0.0032788526732474566], [-0.23058238625526428, -0.220786914229393], [-0.2530284523963928, -0.057387351989746094], [-0.2496926337480545, -0.10165879875421524], [-0.268810510635376, 0.17080073058605194]]",False
early_neutral,6,2372,0.20959680106631123,-1,[0],"[[-0.9837615489959717, -0.0032788526732474566], [-0.22782790660858154, -0.2203594148159027], [-0.24921798706054688, -0.050382260233163834], [-0.24120894074440002, -0.1002032458782196], [-0.2636718451976776, 0.16839759051799774]]",False
early_neutral,6,2373,0.2092635788070643,-1,[0],"[[-0.9837615489959717, -0.0032788526732474566], [-0.22329004108905792, -0.21992656588554382], [-0.24492400884628296, -0.04307137057185173], [-0.23390910029411316, -0.09694822877645493], [-0.25798916816711426, 0.1664414405822754]]",False
early_neutral,6,2374,0.2089303565478174,-1,[0],"[[-0.9837615489959717, -0.0032788526732474566], [-0.2174837589263916, -0.21969085931777954], [-0.2401413917541504, -0.03553736209869385], [-0.2255900800228119, -0.09531237930059433], [-0.252017080783844, 0.16491663455963135]]",False
early_neutral,6,2375,0.20859713428857046,-1,[0],"[[-0.9837615489959717, -0.0032788526732474566], [-0.2114822268486023, -0.21959127485752106], [-0.23499728739261627, -0.02782469242811203], [-0.21648915112018585, -0.09521366655826569], [-0.24608604609966278, 0.16363118588924408]]",False
early_neutral,6,2376,0.20826391202932357,-1,[0],"[[-0.9837615489959717, -0.0032788526732474566], [-0.20504909753799438, -0.21962927281856537], [-0.22960235178470612, -0.01996525377035141], [-0.20780768990516663, -0.09556475281715393], [-0.23988869786262512, 0.16250817477703094]]",False
early_neutral,6,2377,0.20793068977007664,-1,[0],"[[-0.9837615489959717, -0.0032788526732474566], [-0.19944548606872559, -0.21977299451828003], [-0.22395922243595123, -0.012008564546704292], [-0.20372344553470612, -0.09654365479946136], [-0.23442934453487396, 0.16167356073856354]]",False
early_neutral,6,2378,0.20759746751082972,-1,[0],"[[-0.9837615489959717, -0.0032788526732474566], [-0.1985747516155243, -0.21980005502700806], [-0.21790236234664917, -0.004047912545502186], [-0.2016587257385254, -0.09853491932153702], [-0.23351037502288818, 0.1615264117717743]]",False
early_neutral,6,2379,0.2072642452515828,-1,[0],"[[-0.9837615489959717, -0.0032788526732474566], [-0.1985747516155243, -0.21980005502700806], [-0.2113972157239914, 0.0038664413150399923], [-0.20197470486164093, -0.0992167517542839], [-0.23351037502288818, 0.1615264117717743]]",False
early_neutral,6,2380,0.2069310229923359,-1,[0],"[[-0.9837615489959717, -0.0032788526732474566], [-0.1985747516155243, -0.21980005502700806], [-0.20489490032196045, 0.011177527718245983], [-0.20409932732582092, -0.09953530877828598], [-0.23351037502288818, 0.1615264117717743]]",False
early_neutral,6,2381,0.20659780073308898,-1,[0],"[[-0.9837615489959717, -0.0032788526732474566], [-0.1985747516155243, -0.21980005502700806], [-0.20090830326080322, 0.016332341358065605], [-0.206435889005661, -0.099725142121315], [-0.23325926065444946, 0.16162355244159698]]",False
early_neutral,6,2382,0.20626457847384205,-1,[0],"[[-0.9837615489959717, -0.0032788526732474566], [-0.1985747516155243, -0.21980005502700806], [-0.19898009300231934, 0.020312832668423653], [-0.21022020280361176, -0.10123731940984726], [-0.2305900752544403, 0.16289889812469482]]",False
early_neutral,6,2383,0.20593135621459513,-1,[0],"[[-0.9837615489959717, -0.0032788526732474566], [-0.1985747516155243, -0.21980005502700806], [-0.19501455128192902, 0.023485084995627403], [-0.2146475911140442, -0.10295236855745316], [-0.22718437016010284, 0.165054589509964]]",False
early_neutral,6,2384,0.2055981339553482,-1,[0],"[[-0.9837615489959717, -0.0032788526732474566], [-0.1985747516155243, -0.21980005502700806], [-0.1900692880153656, 0.0261214766651392], [-0.21642623841762543, -0.10317403078079224], [-0.22336575388908386, 0.16814351081848145]]",False
early_neutral,6,2385,0.2052649116961013,-1,[0],"[[-0.9837615489959717, -0.0032788526732474566], [-0.1985747516155243, -0.21980005502700806], [-0.18516325950622559, 0.028829064220190048], [-0.21646755933761597, -0.10278201103210449], [-0.2197573184967041, 0.17160822451114655]]",False
early_neutral,6,2386,0.2049316894368544,-1,[0],"[[-0.9837615489959717, -0.0032788526732474566], [-0.1985747516155243, -0.21980005502700806], [-0.18050819635391235, 0.031718190759420395], [-0.21390581130981445, -0.1020137220621109], [-0.21695679426193237, 0.17476986348628998]]",False
early_neutral,6,2387,0.20459846717760746,-1,[0],"[[-0.9837615489959717, -0.0032788526732474566], [-0.1985747516155243, -0.21980005502700806], [-0.17668652534484863, 0.034756239503622055], [-0.20951631665229797, -0.10141056776046753], [-0.21643048524856567, 0.17547725141048431]]",False
early_neutral,6,2388,0.20426524491836054,-1,[0],"[[-0.9837615489959717, -0.0032788526732474566], [-0.1985747516155243, -0.21980005502700806], [-0.1773483157157898, 0.037703290581703186], [-0.20379069447517395, -0.10170023888349533], [-0.21643048524856567, 0.17547725141048431]]",False
early_neutral,6,2389,0.20393202265911362,-1,[0],"[[-0.9837615489959717, -0.0032788526732474566], [-0.19833038747310638, -0.21918313205242157], [-0.18090499937534332, 0.040704187005758286], [-0.19771957397460938, -0.10411743074655533], [-0.21643048524856567, 0.17547725141048431]]",False
early_neutral,6,2390,0.20359880039986672,-1,[0],"[[-0.9837615489959717, -0.0032788526732474566], [-0.19752879440784454, -0.2165793627500534], [-0.1825426071882248, 0.04199576377868652], [-0.19195237755775452, -0.10783325880765915], [-0.21643048524856567, 0.17547725141048431]]",False
early_neutral,6,2391,0.2032655781406198,-1,[0],"[[-0.9837615489959717, -0.0032788526732474566], [-0.19688470661640167, -0.21297261118888855], [-0.1825426071882248, 0.04199576377868652], [-0.18666961789131165, -0.11058850586414337], [-0.21585506200790405, 0.1763077825307846]]",False
early_neutral,6,2392,0.20293235588137287,-1,[0],"[[-0.9837615489959717, -0.0032788526732474566], [-0.19660642743110657, -0.21051111817359924], [-0.1825426071882248, 0.04199576377868652], [-0.17905859649181366, -0.11158999055624008], [-0.21395085752010345, 0.17853932082653046]]",False
early_neutral,6,2393,0.20259913362212595,-1,[0],"[[-0.9837615489959717, -0.0032788526732474566], [-0.19660356640815735, -0.21048671007156372], [-0.1825426071882248, 0.04199576377868652], [-0.17018340528011322, -0.11170054972171783], [-0.21120555698871613, 0.18110822141170502]]",False
early_neutral,6,2394,0.20226591136287905,-1,[0],"[[-0.9837615489959717, -0.0032788526732474566], [-0.19696824252605438, -0.21001558005809784], [-0.18283459544181824, 0.04198914393782616], [-0.16232997179031372, -0.11175381392240524], [-0.21067073941230774, 0.18159227073192596]]",False
early_neutral,6,2395,0.20193268910363213,-1,[0],"[[-0.9837615489959717, -0.0032788526732474566], [-0.19873005151748657, -0.20788633823394775], [-0.18610893189907074, 0.04173523560166359], [-0.1574152410030365, -0.11196937412023544], [-0.21067073941230774, 0.18159227073192596]]",False
early_neutral,6,2396,0.2015994668443852,-1,[0],"[[-0.9817207455635071, -0.003370497841387987], [-0.20131193101406097, -0.20503176748752594], [-0.190665140748024, 0.04101630300283432], [-0.15245658159255981, -0.11233698576688766], [-0.21264655888080597, 0.1820112019777298]]",False
early_neutral,6,2397,0.20126624458513828,-1,[0],"[[-0.9771681427955627, -0.0037142278160899878], [-0.20255796611309052, -0.20372748374938965], [-0.196395605802536, 0.0398416593670845], [-0.14634552597999573, -0.11270185559988022], [-0.2167486995458603, 0.1825508326292038]]",False
early_neutral,6,2398,0.20093302232589136,-1,[0],"[[-0.971357524394989, -0.004382852930575609], [-0.20255796611309052, -0.20372748374938965], [-0.20255330204963684, 0.03862839192152023], [-0.13886716961860657, -0.11289815604686737], [-0.22115713357925415, 0.18278464674949646]]",False
early_neutral,6,2399,0.20059980006664446,-1,[0],"[[-0.9908088445663452, -0.0], [-0.17753320932388306, -0.1806972175836563], [-0.25188136100769043, -0.07363355159759521], [-0.2452644556760788, 0.03612348064780235], [-0.1721682995557785, 0.16656391322612762]]",False
early_neutral,6,2400,0.20026657780739754,-1,[0],"[[-0.9908088445663452, -0.0], [-0.17753320932388306, -0.1806972175836563], [-0.25188136100769043, -0.07363355159759521], [-0.2452644556760788, 0.03612348064780235], [-0.1721682995557785, 0.16656391322612762]]",False
early_neutral,6,2401,0.19993335554815062,-1,[0],"[[-0.9908088445663452, -0.0], [-0.17753320932388306, -0.1806972175836563], [-0.25188136100769043, -0.07363355159759521], [-0.2452644556760788, 0.03612348064780235], [-0.1721682995557785, 0.16656391322612762]]",False
early_neutral,6,2402,0.1996001332889037,-1,[0],"[[-0.9908088445663452, -0.0], [-0.17753320932388306, -0.1806972175836563], [-0.25188136100769043, -0.07363355159759521], [-0.2452644556760788, 0.03612348064780235], [-0.1721682995557785, 0.16656391322612762]]",False
early_neutral,6,2403,0.19926691102965677,-1,[0],"[[-0.9908088445663452, -0.0], [-0.17753320932388306, -0.1806972175836563], [-0.24945728480815887, -0.07363355159759521], [-0.2452644556760788, 0.03612348064780235], [-0.1721682995557785, 0.16656391322612762]]",False
early_neutral,6,2404,0.19893368877040987,-1,[0],"[[-0.9908088445663452, -0.0], [-0.17753320932388306, -0.1806972175836563], [-0.24382402002811432, -0.07363021373748779], [-0.2452644556760788, 0.03612348064780235], [-0.1721682995557785, 0.16656391322612762]]",False
early_neutral,6,2405,0.19860046651116295,-1,[0],"[[-0.9908088445663452, -0.0], [-0.17753320932388306, -0.1806972175836563], [-0.23630207777023315, -0.07362473756074905], [-0.2452644556760788, 0.03612348064780235], [-0.1721682995557785, 0.16656391322612762]]",False
early_neutral,6,2406,0.19826724425191602,-1,[0],"[[-0.9908088445663452, -0.0], [-0.17753320932388306, -0.1806972175836563], [-0.22948549687862396, -0.07361949235200882], [-0.2452644556760788, 0.03612348064780235], [-0.1721682995557785, 0.16656391322612762]]",False
early_neutral,6,2407,0.1979340219926691,-1,[0],"[[-0.9908088445663452, -0.0], [-0.17753320932388306, -0.1806972175836563], [-0.22580024600028992, -0.07435202598571777], [-0.24481521546840668, 0.035076361149549484], [-0.17219878733158112, 0.1665658801794052]]",False
early_neutral,6,2408,0.1976007997334222,-1,[0],"[[-0.9884777665138245, 0.0009252012241631746], [-0.1761285662651062, -0.18135851621627808], [-0.22360026836395264, -0.07499817758798599], [-0.24321258068084717, 0.03243369609117508], [-0.17418675124645233, 0.16667525470256805]]",False
early_neutral,6,2409,0.19726757747417528,-1,[0],"[[-0.984215259552002, 0.0021678032353520393], [-0.17294301092624664, -0.18301044404506683], [-0.22164307534694672, -0.07567428797483444], [-0.2403370589017868, 0.029180770739912987], [-0.17784707248210907, 0.16683247685432434]]",False
early_neutral,6,2410,0.19693435521492836,-1,[0],"[[-0.9783598780632019, 0.003365070791915059], [-0.1688847541809082, -0.1853521168231964], [-0.22019332647323608, -0.07646043598651886], [-0.23699426651000977, 0.026358587667346], [-0.18292543292045593, 0.16700124740600586]]",False
early_neutral,6,2411,0.19660113295568143,-1,[0],"[[-0.9711971879005432, 0.00489700585603714], [-0.16409796476364136, -0.18812808394432068], [-0.21936693787574768, -0.07709565758705139], [-0.23419855535030365, 0.02464631013572216], [-0.18884551525115967, 0.1672104299068451]]",False
early_neutral,6,2412,0.1962679106964345,-1,[0],"[[-0.9629409909248352, 0.0068261269479990005], [-0.1592615842819214, -0.19088909029960632], [-0.21889455616474152, -0.07750996202230453], [-0.23405276238918304, 0.025615600869059563], [-0.19522057473659515, 0.16745974123477936]]",False
early_neutral,6,2413,0.19593468843718762,-1,[0],"[[-0.9542027711868286, 0.008975990116596222], [-0.15441268682479858, -0.1936408132314682], [-0.2176744043827057, -0.07746264338493347], [-0.23336787521839142, 0.028111865743994713], [-0.20163913071155548, 0.16773931682109833]]",False
early_neutral,6,2414,0.1956014661779407,-1,[0],"[[-0.9447231292724609, 0.011397563852369785], [-0.14956820011138916, -0.19639582931995392], [-0.2140820324420929, -0.07720647007226944], [-0.2327507883310318, 0.03142576664686203], [-0.20796608924865723, 0.1680964231491089]]",False
early_neutral,6,2415,0.19526824391869377,-1,[0],"[[-0.9347942471504211, 0.014015387743711472], [-0.1447618007659912, -0.19917871057987213], [-0.20907939970493317, -0.07687414437532425], [-0.23212210834026337, 0.035646382719278336], [-0.21427680552005768, 0.16855086386203766]]",False
early_neutral,6,2416,0.19493502165944684,-1,[0],"[[-0.9245432615280151, 0.01681564375758171], [-0.14011402428150177, -0.20207327604293823], [-0.2027003914117813, -0.07637593895196915], [-0.23155830800533295, 0.04054395854473114], [-0.2206527143716812, 0.1691104918718338]]",False
early_neutral,6,2417,0.19460179940019992,-1,[0],"[[-0.9137512445449829, 0.019851427525281906], [-0.13564381003379822, -0.20508387684822083], [-0.19506202638149261, -0.07561623305082321], [-0.23098735511302948, 0.045992664992809296], [-0.2269713282585144, 0.16989447176456451]]",False
early_neutral,6,2418,0.19426857714095302,-1,[0],"[[-0.90249103307724, 0.023104311898350716], [-0.13141709566116333, -0.2082395851612091], [-0.1863435059785843, -0.07451553642749786], [-0.23040735721588135, 0.05198519304394722], [-0.23318743705749512, 0.17097096145153046]]",False
early_neutral,6,2419,0.1939353548817061,-1,[0],"[[-0.890898585319519, 0.026586614549160004], [-0.1274699717760086, -0.21154502034187317], [-0.17741113901138306, -0.07310844212770462], [-0.22980909049510956, 0.05843990668654442], [-0.23924849927425385, 0.17237018048763275]]",False
early_neutral,6,2420,0.19360213262245918,-1,[0],"[[-0.8790590763092041, 0.030255794525146484], [-0.12485052645206451, -0.21384207904338837], [-0.16857893764972687, -0.07145430147647858], [-0.22917787730693817, 0.065416119992733], [-0.2450554221868515, 0.1741684228181839]]",False
early_neutral,6,2421,0.19326891036321225,-1,[0],"[[-0.867068350315094, 0.03411669284105301], [-0.12451910227537155, -0.21407707035541534], [-0.1598188281059265, -0.06964468210935593], [-0.2285175323486328, 0.07285267859697342], [-0.25039127469062805, 0.17642997205257416]]",False
early_neutral,6,2422,0.19293568810396536,-1,[0],"[[-0.8549830317497253, 0.03814701363444328], [-0.12451910227537155, -0.21407707035541534], [-0.15113003551959991, -0.06769482791423798], [-0.22782696783542633, 0.0806998610496521], [-0.25317612290382385, 0.17985007166862488]]",False
early_neutral,6,2423,0.19260246584471843,-1,[0],"[[-0.8428570032119751, 0.04234097898006439], [-0.12451910227537155, -0.21407707035541534], [-0.14244407415390015, -0.06573936343193054], [-0.2271146923303604, 0.08887432515621185], [-0.2540474534034729, 0.18392488360404968]]",False
early_neutral,6,2424,0.1922692435854715,-1,[0],"[[-0.8307278752326965, 0.046688538044691086], [-0.12451910227537155, -0.21407707035541534], [-0.13372103869915009, -0.06385502964258194], [-0.22637835144996643, 0.09730605036020279], [-0.2542959749698639, 0.18810756504535675]]",False
early_neutral,6,2425,0.1919360213262246,-1,[0],"[[-0.8186391592025757, 0.05119766294956207], [-0.12451910227537155, -0.21407707035541534], [-0.12495622783899307, -0.062054865062236786], [-0.225619837641716, 0.10593831539154053], [-0.25423023104667664, 0.19229352474212646]]",False
early_neutral,6,2426,0.19160279906697766,-1,[0],"[[-0.8066204190254211, 0.055868636816740036], [-0.12451910227537155, -0.21407707035541534], [-0.11613713204860687, -0.06037072092294693], [-0.22484169900417328, 0.11472596973180771], [-0.2539110779762268, 0.19647490978240967]]",False
early_neutral,6,2427,0.19126957680773077,-1,[0],"[[-0.7956082224845886, 0.0603284053504467], [-0.12451910227537155, -0.21407707035541534], [-0.10726653784513474, -0.058805327862501144], [-0.22404366731643677, 0.12363320589065552], [-0.25364238023757935, 0.20065784454345703]]",False
early_neutral,6,2428,0.19093635454848384,-1,[0],"[[-0.785652756690979, 0.06464462727308273], [-0.12451910227537155, -0.21407707035541534], [-0.098345085978508, -0.05736755579710007], [-0.22322702407836914, 0.13263218104839325], [-0.2534666061401367, 0.20484283566474915]]",False
early_neutral,6,2429,0.19060313228923692,-1,[0],"[[-0.7761809825897217, 0.06899812072515488], [-0.12451910227537155, -0.21407707035541534], [-0.08937627077102661, -0.05606050789356232], [-0.22238820791244507, 0.14170105755329132], [-0.2535054683685303, 0.20902903378009796]]",False
early_neutral,6,2430,0.19026991002999,-1,[0],"[[-0.7699974775314331, 0.07209334522485733], [-0.12451910227537155, -0.21407707035541534], [-0.0803649052977562, -0.05488387867808342], [-0.22152754664421082, 0.15082313120365143], [-0.25382834672927856, 0.21321000158786774]]",False
early_neutral,6,2431,0.18993668777074307,-1,[0],"[[-0.766508162021637, 0.07422517985105515], [-0.12451910227537155, -0.21407707035541534], [-0.07131581008434296, -0.05383702740073204], [-0.22063006460666656, 0.15998491644859314], [-0.2544424533843994, 0.21737709641456604]]",False
early_neutral,6,2432,0.18960346551149618,-1,[0],"[[-0.7648735046386719, 0.07541447877883911], [-0.12451910227537155, -0.21407707035541534], [-0.062095724046230316, -0.052899230271577835], [-0.2196899652481079, 0.16917632520198822], [-0.25536563992500305, 0.22151997685432434]]",False
early_neutral,6,2433,0.18927024325224925,-1,[0],"[[-0.7642495632171631, 0.07604008913040161], [-0.12451910227537155, -0.21407707035541534], [-0.052073974162340164, -0.05196661874651909], [-0.2189255654811859, 0.17795857787132263], [-0.25660228729248047, 0.22562803328037262]]",False
early_neutral,6,2434,0.18893702099300233,-1,[0],"[[-0.7642495632171631, 0.07604008913040161], [-0.12451910227537155, -0.21407707035541534], [-0.0412837490439415, -0.05104305222630501], [-0.2184111475944519, 0.18569877743721008], [-0.25821852684020996, 0.2296796441078186]]",False
early_neutral,6,2435,0.1886037987337554,-1,[0],"[[-0.7642495632171631, 0.07604008913040161], [-0.12451910227537155, -0.21407707035541534], [-0.029816079884767532, -0.050013620406389236], [-0.2169729471206665, 0.19101661443710327], [-0.2602280378341675, 0.23365606367588043]]",True
early_neutral,6,2436,0.1882705764745085,-1,[0],"[[-0.7627403736114502, 0.07543390244245529], [-0.12451910227537155, -0.21407707035541534], [-0.017821965739130974, -0.04868308827280998], [-0.21378539502620697, 0.1946447491645813], [-0.26257091760635376, 0.23755484819412231]]",True
early_neutral,6,2437,0.1879373542152616,-1,[0],"[[-0.7594180703163147, 0.07376684248447418], [-0.12478388100862503, -0.2122451663017273], [-0.005447520408779383, -0.0470169335603714], [-0.2091357260942459, 0.1969844251871109], [-0.26517772674560547, 0.24138204753398895]]",True
early_neutral,6,2438,0.18760413195601466,-1,[0],"[[-0.755673348903656, 0.07135353237390518], [-0.12486615031957626, -0.2090969681739807], [0.007086921948939562, -0.044765062630176544], [-0.20336675643920898, 0.19807076454162598], [-0.2679680585861206, 0.24515430629253387]]",True
early_neutral,6,2439,0.18727090969676774,-1,[0],"[[-0.752242386341095, 0.06892228126525879], [-0.12450957298278809, -0.2054527997970581], [0.01959211193025112, -0.04183295741677284], [-0.19627833366394043, 0.19876521825790405], [-0.2705411911010742, 0.24895362555980682]]",True
early_neutral,6,2440,0.18693768743752082,-1,[0],"[[-0.7489192485809326, 0.06642820686101913], [-0.12442091107368469, -0.2046804130077362], [0.03175930678844452, -0.03801542520523071], [-0.1885475069284439, 0.19894351065158844], [-0.27157169580459595, 0.2507336735725403]]",True
early_neutral,6,2441,0.18660446517827392,-1,[0],"[[-0.7455965876579285, 0.06389803439378738], [-0.12442091107368469, -0.2046804130077362], [0.04314727708697319, -0.033081620931625366], [-0.17974761128425598, 0.20029403269290924], [-0.27159422636032104, 0.25078755617141724]]",True
early_neutral,6,2442,0.186271242919027,-1,[0],"[[-0.7402260899543762, 0.06227764114737511], [-0.12300220131874084, -0.20335359871387482], [0.05271286144852638, -0.028070975095033646], [-0.17057400941848755, 0.2011217623949051], [-0.27159422636032104, 0.25078755617141724]]",True
early_neutral,6,2443,0.18593802065978007,-1,[0],"[[-0.7341716289520264, 0.061518847942352295], [-0.12085090577602386, -0.20082572102546692], [0.05784672871232033, -0.02344299480319023], [-0.16134095191955566, 0.20112356543540955], [-0.27156293392181396, 0.2507905066013336]]",True
early_neutral,6,2444,0.18560479840053315,-1,[0],"[[-0.7290897369384766, 0.06110752001404762], [-0.11847714334726334, -0.19732506573200226], [0.05931462347507477, -0.017805341631174088], [-0.1519971489906311, 0.20106053352355957], [-0.26877886056900024, 0.25105559825897217]]",True
early_neutral,6,2445,0.18527157614128623,-1,[0],"[[-0.7243944406509399, 0.061103664338588715], [-0.11580056697130203, -0.19351805746555328], [0.05742437765002251, -0.012307381257414818], [-0.14265531301498413, 0.20092087984085083], [-0.2642359137535095, 0.25149720907211304]]",True
early_neutral,6,2446,0.18493835388203933,-1,[1],"[[-0.7203123569488525, 0.061386093497276306], [-0.11306452751159668, -0.18984447419643402], [0.05298306420445442, -0.007110772654414177], [-0.13510456681251526, 0.20107659697532654], [-0.2583094835281372, 0.2520584464073181]]",True
early_neutral,6,2447,0.1846051316227924,-1,[1],"[[-0.7184546589851379, 0.06163792312145233], [-0.11198343336582184, -0.188589408993721], [0.04785753786563873, -0.0019704303704202175], [-0.12705402076244354, 0.2012273073196411], [-0.25192511081695557, 0.2525758743286133]]",True
early_neutral,6,2448,0.18427190936354548,-1,[1],"[[-0.7182220220565796, 0.06168108806014061], [-0.11198343336582184, -0.188589408993721], [0.04186198487877846, 0.0033777188509702682], [-0.11695283651351929, 0.201177716255188], [-0.24552570283412933, 0.2530072033405304]]",True
early_neutral,6,2449,0.18393868710429856,-1,[1],"[[-0.7204318642616272, 0.06096401438117027], [-0.11198343336582184, -0.188589408993721], [0.035205285996198654, 0.008850432932376862], [-0.10656625032424927, 0.2011304348707199], [-0.23919677734375, 0.2533935010433197]]",True
early_neutral,6,2450,0.18360546484505164,-1,[0],"[[-0.7240740060806274, 0.05942322313785553], [-0.11198343336582184, -0.188589408993721], [0.028447000309824944, 0.01442654151469469], [-0.09548285603523254, 0.20107582211494446], [-0.23287010192871094, 0.2537522315979004]]",True
early_neutral,6,2451,0.18327224258580474,-1,[0],"[[-0.7284935116767883, 0.05706813186407089], [-0.11025910079479218, -0.1874249279499054], [0.021382980048656464, 0.020350802689790726], [-0.08373275399208069, 0.20102046430110931], [-0.22644321620464325, 0.2540881037712097]]",True
early_neutral,6,2452,0.18293902032655782,-1,[0],"[[-0.7336766719818115, 0.05421057343482971], [-0.1073930487036705, -0.18521597981452942], [0.01630454696714878, 0.02534009888768196], [-0.07141149789094925, 0.20098257064819336], [-0.2191554754972458, 0.25436943769454956]]",True
early_neutral,6,2453,0.1826057980673109,-1,[0],"[[-0.7394654154777527, 0.0509612001478672], [-0.10382601618766785, -0.18217360973358154], [0.014587841928005219, 0.027350889518857002], [-0.05863821506500244, 0.2009672224521637], [-0.21063654124736786, 0.25452834367752075]]",True
early_neutral,6,2454,0.18227257580806397,-1,[0],"[[-0.7457243204116821, 0.04738357663154602], [-0.09969639778137207, -0.17896389961242676], [0.016612185165286064, 0.02766679972410202], [-0.047659989446401596, 0.20092694461345673], [-0.2011864334344864, 0.25454431772232056]]",True
early_neutral,6,2455,0.18193935354881707,-1,[0],"[[-0.752588152885437, 0.043420758098363876], [-0.09530774503946304, -0.17590558528900146], [0.020797129720449448, 0.02808527834713459], [-0.03796439245343208, 0.20134428143501282], [-0.19088467955589294, 0.25446587800979614]]",True
early_neutral,6,2456,0.18160613128957015,-1,[0],"[[-0.7600613832473755, 0.03909073770046234], [-0.09072080999612808, -0.17306073009967804], [0.026373345404863358, 0.0283330287784338], [-0.030590932816267014, 0.20316565036773682], [-0.1798357218503952, 0.2542904019355774]]",True
early_neutral,6,2457,0.18127290903032323,-1,[0],"[[-0.7680256366729736, 0.03446519002318382], [-0.0858956053853035, -0.1704118698835373], [0.03327945992350578, 0.028571665287017822], [-0.02486771158874035, 0.20643402636051178], [-0.1687609851360321, 0.2541322708129883]]",True
early_neutral,6,2458,0.1809396867710763,-1,[0],"[[-0.7762181758880615, 0.02970178797841072], [-0.08073975890874863, -0.16790859401226044], [0.04139616712927818, 0.02881828136742115], [-0.018643692135810852, 0.21007683873176575], [-0.15955998003482819, 0.25425130128860474]]",True
early_neutral,6,2459,0.18060646451182938,-1,[0],"[[-0.7848934531211853, 0.024653347209095955], [-0.07540832459926605, -0.16566386818885803], [0.05050920695066452, 0.029067376628518105], [-0.012859148904681206, 0.2140539288520813], [-0.15043099224567413, 0.25461649894714355]]",True
early_neutral,6,2460,0.18027324225258248,-1,[1],"[[-0.7939989566802979, 0.019352542236447334], [-0.06991909444332123, -0.1637067198753357], [0.06046481058001518, 0.02931772731244564], [-0.007253524847328663, 0.21738405525684357], [-0.14360928535461426, 0.25520437955856323]]",True
early_neutral,6,2461,0.17994001999333556,-1,[1],"[[-0.8034535050392151, 0.013846145011484623], [-0.06406989693641663, -0.16196514666080475], [0.07100779563188553, 0.029564708471298218], [6.120323087088764e-05, 0.2193533033132553], [-0.1373673379421234, 0.25621190667152405]]",True
early_neutral,6,2462,0.17960679773408864,-1,[1],"[[-0.812128484249115, 0.008792277425527573], [-0.0580819733440876, -0.1604783982038498], [0.08189510554075241, 0.02980084717273712], [0.00680444436147809, 0.21990317106246948], [-0.1312519609928131, 0.2575123906135559]]",True
early_neutral,6,2463,0.1792735754748417,-1,[1],"[[-0.8181002140045166, 0.005312249064445496], [-0.052129700779914856, -0.15922275185585022], [0.09342914074659348, 0.03003469854593277], [0.014318794012069702, 0.2199239879846573], [-0.1252937614917755, 0.25879165530204773]]",True
early_neutral,6,2464,0.1789403532155948,-1,[1],"[[-0.8227784037590027, 0.002592389704659581], [-0.04591745138168335, -0.15813520550727844], [0.10554595291614532, 0.030286643654108047], [0.02260410785675049, 0.21999263763427734], [-0.11918351799249649, 0.26010262966156006]]",True
early_neutral,6,2465,0.1786071309563479,-1,[1],"[[-0.8245715498924255, 0.0017221922753378749], [-0.04077908396720886, -0.15738455951213837], [0.11814029514789581, 0.030569085851311684], [0.030630065128207207, 0.21981771290302277], [-0.11306719481945038, 0.26137930154800415]]",True
early_neutral,6,2466,0.17827390869710097,-1,[1],"[[-0.8247876167297363, 0.0016425842186436057], [-0.040221456438302994, -0.1573067158460617], [0.13110993802547455, 0.03088517114520073], [0.039136603474617004, 0.21966426074504852], [-0.10702108591794968, 0.26243826746940613]]",True
early_neutral,6,2467,0.17794068643785405,-1,[1],"[[-0.8247876167297363, 0.0016425842186436057], [-0.04016071557998657, -0.15731199085712433], [0.14437058568000793, 0.03125782683491707], [0.04920760542154312, 0.21969696879386902], [-0.1007508784532547, 0.263306200504303]]",True
early_neutral,6,2468,0.17760746417860712,-1,[1],"[[-0.8247876167297363, 0.0016425842186436057], [-0.03786807879805565, -0.15739226341247559], [0.15785637497901917, 0.031680457293987274], [0.05956527218222618, 0.21974065899848938], [-0.09431623667478561, 0.26396504044532776]]",True
early_neutral,6,2469,0.17727424191936023,-1,[1],"[[-0.8247876167297363, 0.0016425842186436057], [-0.03390922397375107, -0.1572704315185547], [0.1715182065963745, 0.0321100689470768], [0.0706237256526947, 0.2198026478290558], [-0.08681675046682358, 0.26445305347442627]]",True
early_neutral,6,2470,0.1769410196601133,-1,[0],"[[-0.8247876167297363, 0.0016425842186436057], [-0.028560873121023178, -0.1568192094564438], [0.1853158324956894, 0.032539624720811844], [0.08235317468643188, 0.2198706418275833], [-0.07811339199542999, 0.2646668553352356]]",True
early_neutral,6,2471,0.17660779740086638,-1,[0],"[[-0.8247876167297363, 0.0016425842186436057], [-0.022637367248535156, -0.15625043213367462], [0.19921772181987762, 0.03296756371855736], [0.09465783089399338, 0.21992017328739166], [-0.06877929717302322, 0.26464739441871643]]",True
early_neutral,6,2472,0.17627457514161946,-1,[0],"[[-0.8247876167297363, 0.0016425842186436057], [-0.016299301758408546, -0.15559177100658417], [0.21319961547851562, 0.03339255228638649], [0.10727792978286743, 0.21997156739234924], [-0.05876315012574196, 0.2645360827445984]]",True
early_neutral,6,2473,0.17594135288237253,-1,[0],"[[-0.8247876167297363, 0.0016425842186436057], [-0.009956198744475842, -0.15489278733730316], [0.2263462394475937, 0.03382053226232529], [0.1180117204785347, 0.22033657133579254], [-0.04806094244122505, 0.2643236517906189]]",True
early_neutral,6,2474,0.17560813062312564,-1,[0],"[[-0.8247876167297363, 0.0016425842186436057], [-0.0037122955545783043, -0.1542426347732544], [0.23605972528457642, 0.03464365005493164], [0.1274799108505249, 0.22106455266475677], [-0.03724983334541321, 0.264053076505661]]",True
early_neutral,6,2475,0.1752749083638787,-1,[0],"[[-0.8247876167297363, 0.0016425842186436057], [0.002603160450235009, -0.15363956987857819], [0.24507595598697662, 0.03597955405712128], [0.13432012498378754, 0.2232169210910797], [-0.025861237198114395, 0.2637225389480591]]",True
early_neutral,6,2476,0.1749416861046318,-1,[0],"[[-0.8247876167297363, 0.0016425842186436057], [0.008980100043118, -0.15308533608913422], [0.254861444234848, 0.03716589882969856], [0.14003849029541016, 0.22656287252902985], [-0.016143275424838066, 0.263560026884079]]",True
early_neutral,6,2477,0.17460846384538486,-1,[0],"[[-0.8247876167297363, 0.0016425842186436057], [0.015316671691834927, -0.15259920060634613], [0.265523225069046, 0.0379914715886116], [0.14650750160217285, 0.23008528351783752], [-0.006953013129532337, 0.2636200785636902]]",True
early_neutral,6,2478,0.17427524158613794,-1,[0],"[[-0.8247876167297363, 0.0016425842186436057], [0.021608637645840645, -0.15218523144721985], [0.27693286538124084, 0.038531795144081116], [0.15397420525550842, 0.2336956262588501], [0.0009774668142199516, 0.2639884948730469]]",True
early_neutral,6,2479,0.17394201932689105,-1,[0],"[[-0.8247876167297363, 0.0016425842186436057], [0.028019485995173454, -0.15183228254318237], [0.2889782786369324, 0.03888161852955818], [0.16162745654582977, 0.2367740124464035], [0.006978599354624748, 0.26545456051826477]]",False
early_neutral,6,2480,0.17360879706764412,-1,[0],"[[-0.8247876167297363, 0.0016425842186436057], [0.03442173823714256, -0.1515292227268219], [0.3009331524372101, 0.03902796655893326], [0.16864068806171417, 0.23911987245082855], [0.012698037549853325, 0.26737117767333984]]",True
early_neutral,6,2481,0.1732755748083972,-1,[0],"[[-0.8247876167297363, 0.0016425842186436057], [0.04069707915186882, -0.15126505494117737], [0.3103042244911194, 0.03936322033405304], [0.17427000403404236, 0.241134911775589], [0.018486186861991882, 0.26919904351234436]]",True
early_neutral,6,2482,0.17294235254915027,-1,[0],"[[-0.8247876167297363, 0.0016425842186436057], [0.047120556235313416, -0.15102796256542206], [0.31944847106933594, 0.03996289521455765], [0.180112823843956, 0.2420523464679718], [0.02431570179760456, 0.2709704041481018]]",True
early_neutral,6,2483,0.17260913028990338,-1,[0],"[[-0.8247876167297363, 0.0016425842186436057], [0.051509395241737366, -0.1508888453245163], [0.3285832405090332, 0.04062440246343613], [0.1873864084482193, 0.2426653802394867], [0.030196435749530792, 0.2726057767868042]]",True
early_neutral,6,2484,0.17227590803065645,-1,[0],"[[-0.8247876167297363, 0.0016425842186436057], [0.05166502669453621, -0.15088427066802979], [0.33772581815719604, 0.0412384532392025], [0.19538816809654236, 0.2436760812997818], [0.03608217462897301, 0.2739969789981842]]",False
early_neutral,6,2485,0.17194268577140953,-1,[0],"[[-0.8247876167297363, 0.0016425842186436057], [0.05166502669453621, -0.15088427066802979], [0.34687918424606323, 0.04177891090512276], [0.2029363512992859, 0.2456955760717392], [0.04224035143852234, 0.2752074897289276]]",False
early_neutral,6,2486,0.1716094635121626,-1,[0],"[[-0.8247876167297363, 0.0016425842186436057], [0.05166502669453621, -0.15088427066802979], [0.3560493290424347, 0.04218127578496933], [0.2103872299194336, 0.2470538318157196], [0.04694630205631256, 0.2760494649410248]]",False
early_neutral,6,2487,0.17127624125291568,-1,[0],"[[-0.8247876167297363, 0.0016425842186436057], [0.05166502669453621, -0.15088427066802979], [0.36523130536079407, 0.042446069419384], [0.21774667501449585, 0.24719521403312683], [0.04730784147977829, 0.2761402428150177]]",False
early_neutral,6,2488,0.1709430189936688,-1,[1],"[[-0.8247876167297363, 0.0016425842186436057], [0.05338617041707039, -0.15102729201316833], [0.374418705701828, 0.04261625558137894], [0.2255791574716568, 0.24719375371932983], [0.04916578158736229, 0.2767733931541443]]",False
early_neutral,6,2489,0.17060979673442186,-1,[1],"[[-0.8247876167297363, 0.0016425842186436057], [0.0570639967918396, -0.1510489583015442], [0.3836088180541992, 0.04270419478416443], [0.2352910041809082, 0.2471739947795868], [0.05207756906747818, 0.277610719203949]]",False
early_neutral,6,2490,0.17027657447517494,-1,[1],"[[-0.8247876167297363, 0.0016425842186436057], [0.062137968838214874, -0.1506863832473755], [0.39279982447624207, 0.04269379377365112], [0.24579358100891113, 0.24716180562973022], [0.05212349072098732, 0.2776240110397339]]",False
early_neutral,6,2491,0.16994335221592802,-1,[1],"[[-0.8247876167297363, 0.0016425842186436057], [0.06791400164365768, -0.14994283020496368], [0.40184053778648376, 0.042609456926584244], [0.256528377532959, 0.24715474247932434], [0.05211420729756355, 0.27760499715805054]]",False
early_neutral,6,2492,0.1696101299566811,-1,[1],"[[-0.8247876167297363, 0.0016425842186436057], [0.07400087267160416, -0.14882545173168182], [0.41024887561798096, 0.04258931800723076], [0.2678455114364624, 0.24715101718902588], [0.05155029147863388, 0.27635976672172546]]",False
early_neutral,6,2493,0.1692769076974342,-1,[0],"[[-0.8247876167297363, 0.0016425842186436057], [0.07989116758108139, -0.1474226862192154], [0.4144028425216675, 0.042873334139585495], [0.27794402837753296, 0.24714964628219604], [0.05060867220163345, 0.2740534842014313]]",False
early_neutral,6,2494,0.16894368543818727,-1,[0],"[[-0.8247876167297363, 0.0016425842186436057], [0.08190099895000458, -0.14682301878929138], [0.4147936999797821, 0.042935121804475784], [0.28713518381118774, 0.2471490353345871], [0.04938066750764847, 0.27085480093955994]]",False
early_neutral,6,2495,0.16861046317894035,-1,[0],"[[-0.8247876167297363, 0.0016425842186436057], [0.08190099895000458, -0.14682301878929138], [0.4121861457824707, 0.04257170110940933], [0.29578787088394165, 0.24709276854991913], [0.04823506250977516, 0.2669452130794525]]",False
early_neutral,6,2496,0.16827724091969343,-1,[0],"[[-0.8247876167297363, 0.0016425842186436057], [0.08190099895000458, -0.14682301878929138], [0.4076351821422577, 0.042295973747968674], [0.2998332977294922, 0.24687428772449493], [0.05031375214457512, 0.2632681429386139]]",False
early_neutral,6,2497,0.16794401866044653,-1,[0],"[[-0.8247876167297363, 0.0016425842186436057], [0.08190099895000458, -0.14682301878929138], [0.40167558193206787, 0.04232648015022278], [0.30018627643585205, 0.24683059751987457], [0.05429231375455856, 0.26001957058906555]]",False
early_neutral,6,2498,0.1676107964011996,-1,[0],"[[-0.8247876167297363, 0.0016425842186436057], [0.080281563103199, -0.14559592306613922], [0.3943747878074646, 0.04241880774497986], [0.29708847403526306, 0.24715878069400787], [0.05917377769947052, 0.25649362802505493]]",False
early_neutral,6,2499,0.16727757414195268,-1,[0],"[[-0.8247876167297363, 0.0016425842186436057], [0.07734427601099014, -0.14342661201953888], [0.38587507605552673, 0.042570561170578], [0.29224416613578796, 0.24775516986846924], [0.06489206105470657, 0.2524079382419586]]",False
early_neutral,6,2500,0.16694435188270576,-1,[0],"[[-0.8247876167297363, 0.0016425842186436057], [0.07440124452114105, -0.14129768311977386], [0.37637415528297424, 0.0427403599023819], [0.2859993278980255, 0.24853341281414032], [0.07105079293251038, 0.24808330833911896]]",False
early_neutral,6,2501,0.16661112962345884,-1,[0],"[[-0.8247876167297363, 0.0016425842186436057], [0.0739738941192627, -0.1409834921360016], [0.3660227656364441, 0.04290943592786789], [0.2783416211605072, 0.2488512098789215], [0.07740956544876099, 0.24376490712165833]]",False
early_neutral,6,2502,0.16627790736421194,-1,[0],"[[-0.8247876167297363, 0.0016425842186436057], [0.0739738941192627, -0.1409834921360016], [0.35529184341430664, 0.04307609051465988], [0.26953473687171936, 0.2483360916376114], [0.08387441188097, 0.23951363563537598]]",False
early_neutral,6,2503,0.16594468510496502,-1,[0],"[[-0.8247876167297363, 0.0016425842186436057], [0.0739738941192627, -0.1409834921360016], [0.34425193071365356, 0.04324978590011597], [0.26023411750793457, 0.24736632406711578], [0.09036619961261749, 0.23527975380420685]]",False
early_neutral,6,2504,0.1656114628457181,-1,[0],"[[-0.8247876167297363, 0.0016425842186436057], [0.0739738941192627, -0.1409834921360016], [0.33258652687072754, 0.04346853122115135], [0.2502085268497467, 0.24618732929229736], [0.09686245024204254, 0.23104877769947052]]",False
early_neutral,6,2505,0.16527824058647117,-1,[0],"[[-0.8235296607017517, 0.0019001124892383814], [0.0739738941192627, -0.1409834921360016], [0.3204009234905243, 0.04415447637438774], [0.23968327045440674, 0.24479931592941284], [0.10232507437467575, 0.22685466706752777]]",False
early_neutral,6,2506,0.16494501832722425,-1,[0],"[[-0.8194271326065063, 0.002666548825800419], [0.0739738941192627, -0.1409834921360016], [0.30791619420051575, 0.04561876505613327], [0.2290356159210205, 0.24323591589927673], [0.1082434132695198, 0.22235995531082153]]",False
early_neutral,6,2507,0.16461179606797735,-1,[0],"[[-0.8137900233268738, 0.003570615779608488], [0.07226810604333878, -0.14077672362327576], [0.29530173540115356, 0.04777494817972183], [0.21779754757881165, 0.24145765602588654], [0.1145811453461647, 0.21802924573421478]]",False
early_neutral,6,2508,0.16427857380873043,-1,[0],"[[-0.806738018989563, 0.004623028915375471], [0.06875605136156082, -0.14006611704826355], [0.28286877274513245, 0.050884172320365906], [0.20585933327674866, 0.23997576534748077], [0.11997994035482407, 0.21391579508781433]]",False
early_neutral,6,2509,0.1639453515494835,-1,[0],"[[-0.79844069480896, 0.005865415558218956], [0.06407953053712845, -0.1387493759393692], [0.27068930864334106, 0.05473552644252777], [0.19325947761535645, 0.2393426150083542], [0.12044931948184967, 0.2108185589313507]]",False
early_neutral,6,2510,0.16361212929023658,-1,[0],"[[-0.7903260588645935, 0.007083574775606394], [0.0580599345266819, -0.13709811866283417], [0.2585993707180023, 0.058940254151821136], [0.18023523688316345, 0.23939149081707], [0.11705503612756729, 0.20826102793216705]]",False
early_neutral,6,2511,0.16327890703098968,-1,[0],"[[-0.7871853113174438, 0.0075551653280854225], [0.05069457367062569, -0.1353117674589157], [0.24662452936172485, 0.06345178186893463], [0.16695789992809296, 0.2400885820388794], [0.11244762688875198, 0.20519372820854187]]",False
early_neutral,6,2512,0.16294568477174276,-1,[0],"[[-0.787071943283081, 0.00757429888471961], [0.04427959769964218, -0.1339617371559143], [0.2345723807811737, 0.06800462305545807], [0.1535571664571762, 0.24140898883342743], [0.10689646750688553, 0.20154647529125214]]",False
early_neutral,6,2513,0.16261246251249584,-1,[0],"[[-0.7900984287261963, 0.007128113880753517], [0.03806591033935547, -0.13287751376628876], [0.2223999947309494, 0.0725196897983551], [0.14007575809955597, 0.24310748279094696], [0.10054859519004822, 0.19740985333919525]]",False
early_neutral,6,2514,0.1622792402532489,-1,[0],"[[-0.7945690155029297, 0.006374080665409565], [0.031513940542936325, -0.13189545273780823], [0.21009813249111176, 0.07696104049682617], [0.1265726536512375, 0.24516582489013672], [0.09405184537172318, 0.193179190158844]]",False
early_neutral,6,2515,0.161946017994002,-1,[0],"[[-0.7985038161277771, 0.0056571317836642265], [0.02377834916114807, -0.13068802654743195], [0.19764946401119232, 0.08128666877746582], [0.11298345029354095, 0.24728474020957947], [0.08755312860012054, 0.1889497935771942]]",False
early_neutral,6,2516,0.1616127957347551,-1,[0],"[[-0.7995430827140808, 0.005474500358104706], [0.015034935437142849, -0.12925177812576294], [0.18506169319152832, 0.08548630028963089], [0.09927350282669067, 0.24929553270339966], [0.08105412125587463, 0.18472060561180115]]",False
early_neutral,6,2517,0.16127957347550817,-1,[0],"[[-0.7989685535430908, 0.005596681963652372], [0.006086354143917561, -0.12788760662078857], [0.17232516407966614, 0.08952946960926056], [0.08545736968517303, 0.2511751055717468], [0.07455501705408096, 0.18049146234989166]]",False
early_neutral,6,2518,0.16094635121626125,-1,[0],"[[-0.795214056968689, 0.006359579507261515], [-0.002918712329119444, -0.12669113278388977], [0.15944650769233704, 0.09340747445821762], [0.07153778523206711, 0.2528702914714813], [0.06805583834648132, 0.17626239359378815]]",False
early_neutral,6,2519,0.16061312895701432,-1,[0],"[[-0.7899527549743652, 0.007375721354037523], [-0.010525702498853207, -0.12608587741851807], [0.1463809758424759, 0.09703479707241058], [0.05753044784069061, 0.2543738782405853], [0.061556678265333176, 0.17203328013420105]]",False
early_neutral,6,2520,0.1602799066977674,-1,[1],"[[-0.7832754850387573, 0.008613945916295052], [-0.016856960952281952, -0.1267547458410263], [0.13311445713043213, 0.10035925358533859], [0.043444737792015076, 0.25565898418426514], [0.05499706417322159, 0.16776488721370697]]",False
early_neutral,6,2521,0.1599466844385205,-1,[1],"[[-0.7753233313560486, 0.010060640051960945], [-0.023100249469280243, -0.1277647465467453], [0.11966948211193085, 0.10338207334280014], [0.02929382398724556, 0.25671645998954773], [0.0480380654335022, 0.1632365882396698]]",False
early_neutral,6,2522,0.15961346217927358,-1,[1],"[[-0.7664198279380798, 0.011651072651147842], [-0.029354210942983627, -0.12874771654605865], [0.10607193410396576, 0.10611506551504135], [0.015091044828295708, 0.25754281878471375], [0.04052746668457985, 0.15834932029247284]]",False
early_neutral,6,2523,0.15928023992002666,-1,[1],"[[-0.7570759654045105, 0.013306963257491589], [-0.03560125455260277, -0.12974916398525238], [0.09234137088060379, 0.10856286436319351], [0.0008488271269015968, 0.2581348121166229], [0.03291575610637665, 0.15339621901512146]]",False
early_neutral,6,2524,0.15894701766077973,-1,[1],"[[-0.7468886375427246, 0.01510198786854744], [-0.0418580137193203, -0.13072443008422852], [0.07852722704410553, 0.11081361025571823], [-0.013421550393104553, 0.25847557187080383], [0.024914130568504333, 0.14818941056728363]]",False
early_neutral,6,2525,0.1586137954015328,-1,[1],"[[-0.7364665269851685, 0.01700756885111332], [-0.04813716188073158, -0.13163672387599945], [0.06464657187461853, 0.11289224773645401], [-0.027708135545253754, 0.2584840953350067], [0.01647796854376793, 0.14269980788230896]]",False
early_neutral,6,2526,0.1582805731422859,-1,[1],"[[-0.725676953792572, 0.019111623987555504], [-0.05443720147013664, -0.13248583674430847], [0.05071356147527695, 0.11482388526201248], [-0.04199046269059181, 0.25814729928970337], [0.007665457669645548, 0.1369653195142746]]",False
early_neutral,6,2527,0.157947350883039,-1,[1],"[[-0.7143377661705017, 0.02142401598393917], [-0.0607561394572258, -0.13327036798000336], [0.03674216568470001, 0.11663990467786789], [-0.0562305748462677, 0.25733697414398193], [-0.0014440964441746473, 0.13103759288787842]]",False
early_neutral,6,2528,0.15761412862379207,-1,[1],"[[-0.7025065422058105, 0.023890936747193336], [-0.0669855996966362, -0.13396956026554108], [0.02273537591099739, 0.1183411031961441], [-0.07037559151649475, 0.25598210096359253], [-0.010785969905555248, 0.12495869398117065]]",False
early_neutral,6,2529,0.15728090636454514,-1,[1],"[[-0.6903020143508911, 0.026503704488277435], [-0.07329431176185608, -0.13460007309913635], [0.00918976403772831, 0.1190822571516037], [-0.08438006788492203, 0.25410041213035583], [-0.02048787847161293, 0.11907227337360382]]",False
early_neutral,6,2530,0.15694768410529825,-1,[1],"[[-0.6778061389923096, 0.029220210388302803], [-0.07971183210611343, -0.13516345620155334], [-0.004256521351635456, 0.11947217583656311], [-0.09820985794067383, 0.2517295181751251], [-0.030390584841370583, 0.11321781575679779]]",False
early_neutral,6,2531,0.15661446184605132,-1,[1],"[[-0.6650928258895874, 0.0320262685418129], [-0.0871080830693245, -0.13571996986865997], [-0.017522314563393593, 0.11953262984752655], [-0.11183898150920868, 0.24890483915805817], [-0.040332451462745667, 0.10722655057907104]]",False
early_neutral,6,2532,0.1562812395868044,-1,[1],"[[-0.6522179841995239, 0.03490758687257767], [-0.09574069827795029, -0.13625028729438782], [-0.030989564955234528, 0.12013385444879532], [-0.12541139125823975, 0.24596257507801056], [-0.05033787712454796, 0.10119820386171341]]",False
early_neutral,6,2533,0.15594801732755748,-1,[1],"[[-0.6392291188240051, 0.037860460579395294], [-0.10490548610687256, -0.13670232892036438], [-0.044858288019895554, 0.12161127477884293], [-0.1389734148979187, 0.24299858510494232], [-0.06025324761867523, 0.09485705196857452]]",False
early_neutral,6,2534,0.15561479506831055,-1,[1],"[[-0.6261674165725708, 0.04089075326919556], [-0.11407998204231262, -0.13706153631210327], [-0.05878935754299164, 0.12303075939416885], [-0.15270541608333588, 0.24039757251739502], [-0.07017247378826141, 0.08842974156141281]]",False
early_neutral,6,2535,0.15528157280906366,-1,[1],"[[-0.6131213307380676, 0.04410252720117569], [-0.12326164543628693, -0.13733287155628204], [-0.07278228551149368, 0.1243380531668663], [-0.16675132513046265, 0.23864303529262543], [-0.08012703061103821, 0.08195801079273224]]",False
early_neutral,6,2536,0.15494835054981673,-1,[1],"[[-0.6001286506652832, 0.04751293361186981], [-0.13244663178920746, -0.1375519186258316], [-0.08690579980611801, 0.12500174343585968], [-0.18053707480430603, 0.2376728355884552], [-0.09011834859848022, 0.07545880973339081]]",False
early_neutral,6,2537,0.1546151282905698,-1,[1],"[[-0.5871763229370117, 0.051065921783447266], [-0.14163389801979065, -0.1377258598804474], [-0.10108553618192673, 0.1248631402850151], [-0.1911458522081375, 0.23747628927230835], [-0.10013827681541443, 0.06893898546695709]]",False
early_neutral,6,2538,0.15428190603132289,-1,[1],"[[-0.5742500424385071, 0.054715849459171295], [-0.15082192420959473, -0.13788241147994995], [-0.11525376886129379, 0.12422885745763779], [-0.20023973286151886, 0.2383226454257965], [-0.11018095910549164, 0.06240420415997505]]",False
early_neutral,6,2539,0.15394868377207596,-1,[1],"[[-0.5613600015640259, 0.05846134200692177], [-0.1600097417831421, -0.13804425299167633], [-0.12942051887512207, 0.12347592413425446], [-0.20929916203022003, 0.23933075368404388], [-0.1202409639954567, 0.05585803464055061]]",False
early_neutral,6,2540,0.15361546151282907,-1,[1],"[[-0.5485161542892456, 0.062303777784109116], [-0.16919530928134918, -0.1382492184638977], [-0.14358247816562653, 0.12261749804019928], [-0.21839363873004913, 0.24019508063793182], [-0.1303141862154007, 0.049303241074085236]]",False
early_neutral,6,2541,0.15328223925358214,-1,[1],"[[-0.5357262492179871, 0.0662437155842781], [-0.17836759984493256, -0.13862869143486023], [-0.15774565935134888, 0.12171885371208191], [-0.22752924263477325, 0.24084323644638062], [-0.14039745926856995, 0.042741887271404266]]",False
early_neutral,6,2542,0.15294901699433522,-1,[1],"[[-0.5230278372764587, 0.07032271474599838], [-0.18738439679145813, -0.13917852938175201], [-0.17190943658351898, 0.1207888200879097], [-0.23671042919158936, 0.24109697341918945], [-0.15048833191394806, 0.036175549030303955]]",False
early_neutral,6,2543,0.1526157947350883,-1,[1],"[[-0.5104404091835022, 0.07455635815858841], [-0.19404898583889008, -0.13960811495780945], [-0.1860733926296234, 0.11983383446931839], [-0.2458977848291397, 0.24095818400382996], [-0.16058503091335297, 0.02960543893277645]]",False
early_neutral,6,2544,0.1522825724758414,-1,[1],"[[-0.4979921877384186, 0.07896863669157028], [-0.2004549652338028, -0.1399972289800644], [-0.20023705065250397, 0.11885756999254227], [-0.2550678849220276, 0.24055859446525574], [-0.17068615555763245, 0.02303246222436428]]",False
early_neutral,6,2545,0.15194935021659448,-1,[1],"[[-0.48572981357574463, 0.0836019515991211], [-0.20686393976211548, -0.1403532773256302], [-0.214400976896286, 0.11786823719739914], [-0.26420873403549194, 0.23993660509586334], [-0.18079061806201935, 0.01645730808377266]]",False
early_neutral,6,2546,0.15161612795734755,-1,[1],"[[-0.4739179015159607, 0.0883636400103569], [-0.2131212055683136, -0.14064951241016388], [-0.22856788337230682, 0.11688603460788727], [-0.2737438380718231, 0.23914878070354462], [-0.1908976137638092, 0.009880505502223969]]",False
early_neutral,6,2547,0.15128290569810063,-1,[1],"[[-0.46514174342155457, 0.09249342978000641], [-0.21954339742660522, -0.1409006416797638], [-0.24273717403411865, 0.1159101203083992], [-0.28411629796028137, 0.23827040195465088], [-0.20100656151771545, 0.0033024458680301905]]",False
early_neutral,6,2548,0.1509496834388537,-1,[1],"[[-0.46156761050224304, 0.09572039544582367], [-0.22625820338726044, -0.14112284779548645], [-0.2569050192832947, 0.11491908133029938], [-0.29521092772483826, 0.2373093217611313], [-0.2111169546842575, -0.003276568604633212]]",False
early_neutral,6,2549,0.1506164611796068,-1,[1],"[[-0.4605732858181, 0.09937694668769836], [-0.23420095443725586, -0.14140047132968903], [-0.27107012271881104, 0.11390677839517593], [-0.30696725845336914, 0.23626799881458282], [-0.2212284654378891, -0.009856301359832287]]",False
early_neutral,6,2550,0.15028323892035989,-1,[1],"[[-0.45948880910873413, 0.10397700220346451], [-0.243068665266037, -0.14173215627670288], [-0.28524336218833923, 0.11294101178646088], [-0.31925690174102783, 0.235145702958107], [-0.23134081065654755, -0.016436584293842316]]",False
early_neutral,6,2551,0.14995001666111296,-1,[1],"[[-0.4588591754436493, 0.1094164326786995], [-0.2497587651014328, -0.14193330705165863], [-0.2994364798069, 0.11210465431213379], [-0.3316713571548462, 0.23338086903095245], [-0.24145378172397614, -0.0230172798037529]]",False
early_neutral,6,2552,0.14961679440186604,-1,[1],"[[-0.46122074127197266, 0.11528724431991577], [-0.2561902701854706, -0.1420436054468155], [-0.3136455714702606, 0.11138898134231567], [-0.34283164143562317, 0.22946631908416748], [-0.2515672743320465, -0.02959829568862915]]",False
early_neutral,6,2553,0.14928357214261911,-1,[1],"[[-0.4661722779273987, 0.12083903700113297], [-0.2626233696937561, -0.14210198819637299], [-0.32786357402801514, 0.11074981093406677], [-0.3537050783634186, 0.2248232513666153], [-0.26168113946914673, -0.0361795574426651]]",False
early_neutral,6,2554,0.14895034988337222,-1,[1],"[[-0.4725364148616791, 0.1250353306531906], [-0.26889768242836, -0.14215141534805298], [-0.34208881855010986, 0.11018101871013641], [-0.36490723490715027, 0.22015155851840973], [-0.2717953324317932, -0.04276101663708687]]",False
early_neutral,6,2555,0.1486171276241253,-1,[1],"[[-0.4778288006782532, 0.12965929508209229], [-0.27533116936683655, -0.14219512045383453], [-0.35631901025772095, 0.10966521501541138], [-0.376392126083374, 0.21548502147197723], [-0.28190967440605164, -0.04934261366724968]]",False
early_neutral,6,2556,0.14828390536487837,-1,[1],"[[-0.48234885931015015, 0.13465014100074768], [-0.2817646861076355, -0.14223013818264008], [-0.3705528676509857, 0.10919249057769775], [-0.38811683654785156, 0.2108474224805832], [-0.29202425479888916, -0.05592430755496025]]",False
early_neutral,6,2557,0.14795068310563145,-1,[1],"[[-0.4865702688694, 0.1394493579864502], [-0.2880409061908722, -0.1422501802444458], [-0.3847930133342743, 0.10881062597036362], [-0.40005722641944885, 0.206267848610878], [-0.30213892459869385, -0.06250607222318649]]",False
early_neutral,6,2558,0.14761746084638455,-1,[1],"[[-0.4904007315635681, 0.1440260112285614], [-0.2944731116294861, -0.14225563406944275], [-0.3990427553653717, 0.1086372658610344], [-0.4121485650539398, 0.20171870291233063], [-0.3122537136077881, -0.0690879225730896]]",False
early_neutral,6,2559,0.14728423858713763,-1,[1],"[[-0.4932416081428528, 0.14750531315803528], [-0.3009066879749298, -0.14224405586719513], [-0.4118495583534241, 0.1085868775844574], [-0.4243314862251282, 0.19716674089431763], [-0.3223686218261719, -0.07566984742879868]]",False
early_neutral,6,2560,0.1469510163278907,-1,[1],"[[-0.49413758516311646, 0.14887021481990814], [-0.30723074078559875, -0.14220108091831207], [-0.4213324785232544, 0.10854803025722504], [-0.4366016089916229, 0.1926325112581253], [-0.33248358964920044, -0.08225179463624954]]",False
early_neutral,6,2561,0.14661779406864378,-1,[1],"[[-0.49462831020355225, 0.148726224899292], [-0.31361284852027893, -0.1421223282814026], [-0.4305226802825928, 0.1084730476140976], [-0.44900763034820557, 0.18819333612918854], [-0.34259849786758423, -0.08883380144834518]]",False
early_neutral,6,2562,0.14628457180939686,-1,[1],"[[-0.4975566864013672, 0.14794126152992249], [-0.3200441300868988, -0.14200744032859802], [-0.44012361764907837, 0.10830426216125488], [-0.46154212951660156, 0.1838592141866684], [-0.3527134656906128, -0.09541580826044083]]",False
early_neutral,6,2563,0.14595134955014996,-1,[1],"[[-0.5016529560089111, 0.1466159224510193], [-0.3264220058917999, -0.14185208082199097], [-0.45055997371673584, 0.1081695631146431], [-0.47394612431526184, 0.1793336272239685], [-0.3624807596206665, -0.10182126611471176]]",False
early_neutral,6,2564,0.14561812729090304,-1,[1],"[[-0.5069624781608582, 0.14482761919498444], [-0.3327391743659973, -0.14165417850017548], [-0.46168968081474304, 0.10803472250699997], [-0.48605263233184814, 0.1744530349969864], [-0.3696844279766083, -0.10671370476484299]]",False
early_neutral,6,2565,0.14528490503165611,-1,[1],"[[-0.5137977004051208, 0.14281515777111053], [-0.3391619324684143, -0.14140871167182922], [-0.4729683995246887, 0.1063893660902977], [-0.4978548288345337, 0.16924752295017242], [-0.3730033040046692, -0.10901856422424316]]",False
early_neutral,6,2566,0.1449516827724092,-1,[1],"[[-0.5217483043670654, 0.14050930738449097], [-0.34556958079338074, -0.14115332067012787], [-0.48321983218193054, 0.10232596099376678], [-0.5093834400177002, 0.16377514600753784], [-0.3740171790122986, -0.10783296823501587]]",False
early_neutral,6,2567,0.14461846051316227,-1,[1],"[[-0.5306532382965088, 0.13790960609912872], [-0.35184797644615173, -0.14091992378234863], [-0.4932512044906616, 0.09749773889780045], [-0.520521879196167, 0.158165842294693], [-0.37474092841148376, -0.10496446490287781]]",False
early_neutral,6,2568,0.14428523825391537,-1,[1],"[[-0.5403251647949219, 0.13502004742622375], [-0.3582727611064911, -0.1406981498003006], [-0.5030081868171692, 0.09202812612056732], [-0.5310288071632385, 0.15243828296661377], [-0.37556055188179016, -0.10114777833223343]]",False
early_neutral,6,2569,0.14395201599466845,-1,[1],"[[-0.5502233505249023, 0.13202142715454102], [-0.364692747592926, -0.14045944809913635], [-0.5125074982643127, 0.08606753498315811], [-0.5409619808197021, 0.14636646211147308], [-0.37659287452697754, -0.09645790606737137]]",False
early_neutral,6,2570,0.14361879373542152,-1,[1],"[[-0.5606441497802734, 0.1288570910692215], [-0.37094753980636597, -0.1401517540216446], [-0.5220997929573059, 0.07994033396244049], [-0.5503228902816772, 0.14010286331176758], [-0.37786543369293213, -0.09098950028419495]]",False
early_neutral,6,2571,0.1432855714761746,-1,[1],"[[-0.5715497732162476, 0.12549661099910736], [-0.37735286355018616, -0.1397586315870285], [-0.5317614078521729, 0.0736832246184349], [-0.5588908195495605, 0.13336972892284393], [-0.3795084059238434, -0.08497509360313416]]",False
early_neutral,6,2572,0.1429523492169277,-1,[1],"[[-0.5828905701637268, 0.12201474606990814], [-0.38374626636505127, -0.13929398357868195], [-0.5415095090866089, 0.06734779477119446], [-0.5668343305587769, 0.1263919472694397], [-0.3815927505493164, -0.07848750799894333]]",False
early_neutral,6,2573,0.14261912695768078,-1,[1],"[[-0.5944844484329224, 0.11837293952703476], [-0.38997364044189453, -0.13879133760929108], [-0.55037522315979, 0.06069956719875336], [-0.5742074847221375, 0.1191701740026474], [-0.3843649923801422, -0.07187245041131973]]",False
early_neutral,6,2574,0.14228590469843386,-1,[1],"[[-0.6062145829200745, 0.11457999050617218], [-0.39634689688682556, -0.13822679221630096], [-0.5552425980567932, 0.053821220993995667], [-0.5806549191474915, 0.11152254045009613], [-0.38838884234428406, -0.06548620015382767]]",False
early_neutral,6,2575,0.14195268243918693,-1,[1],"[[-0.6181318759918213, 0.11080924421548843], [-0.4027121067047119, -0.13761746883392334], [-0.5564048290252686, 0.04630114883184433], [-0.586194634437561, 0.10445951670408249], [-0.39375507831573486, -0.05900401994585991]]",False
early_neutral,6,2576,0.14161946017994,-1,[1],"[[-0.6304340362548828, 0.10714174062013626], [-0.4089672863483429, -0.13700684905052185], [-0.5570678114891052, 0.03964053839445114], [-0.5896927118301392, 0.09901772439479828], [-0.3991416394710541, -0.05206070467829704]]",False
early_neutral,6,2577,0.14128623792069311,-1,[1],"[[-0.6429558396339417, 0.10350728034973145], [-0.415278822183609, -0.13638532161712646], [-0.5574284791946411, 0.0348997637629509], [-0.5911051630973816, 0.09892381727695465], [-0.40360769629478455, -0.04447963833808899]]",False
early_neutral,6,2578,0.1409530156614462,-1,[1],"[[-0.6556203961372375, 0.09988951683044434], [-0.42148077487945557, -0.13577011227607727], [-0.5576614141464233, 0.030888045206665993], [-0.5901413559913635, 0.10072755068540573], [-0.4074297845363617, -0.036463867872953415]]",False
early_neutral,6,2579,0.14061979340219927,-1,[1],"[[-0.6683757305145264, 0.09625983238220215], [-0.4235934019088745, -0.13556355237960815], [-0.557762086391449, 0.028350932523608208], [-0.5881136655807495, 0.10327466577291489], [-0.4109736680984497, -0.02817477285861969]]",False
early_neutral,6,2580,0.14028657114295234,-1,[1],"[[-0.6811997890472412, 0.09262196719646454], [-0.4235934019088745, -0.13556355237960815], [-0.5577937960624695, 0.026877867057919502], [-0.5857083201408386, 0.10666009038686752], [-0.4142267107963562, -0.019665805622935295]]",False
early_neutral,6,2581,0.13995334888370542,-1,[1],"[[-0.6940727233886719, 0.0889737531542778], [-0.4235934019088745, -0.13556355237960815], [-0.5577974915504456, 0.02640644647181034], [-0.5835173726081848, 0.10993332415819168], [-0.4173350930213928, -0.01100361067801714]]",False
early_neutral,6,2582,0.13962012662445852,-1,[1],"[[-0.7069816589355469, 0.08531661331653595], [-0.4235934019088745, -0.13556355237960815], [-0.5577979683876038, 0.028604812920093536], [-0.5825278162956238, 0.11110638082027435], [-0.420304536819458, -0.0022207952570170164]]",False
early_neutral,6,2583,0.1392869043652116,-1,[0],"[[-0.7185616493225098, 0.08204181492328644], [-0.4241129159927368, -0.13556915521621704], [-0.5577985644340515, 0.031010042876005173], [-0.5808651447296143, 0.11123206466436386], [-0.42414987087249756, 0.006489401683211327]]",False
early_neutral,6,2584,0.13895368210596468,-1,[0],"[[-0.7272244095802307, 0.07963599264621735], [-0.42762991786003113, -0.13577055931091309], [-0.5577987432479858, 0.03169802948832512], [-0.5766680240631104, 0.11131615191698074], [-0.4295281171798706, 0.014911687932908535]]",False
early_neutral,6,2585,0.13862045984671775,-1,[1],"[[-0.735697329044342, 0.0773182362318039], [-0.4324405789375305, -0.13637274503707886], [-0.5577961802482605, 0.031218688935041428], [-0.571057140827179, 0.1111551895737648], [-0.43596482276916504, 0.02306755632162094]]",False
early_neutral,6,2586,0.13828723758747083,-1,[1],"[[-0.7441771626472473, 0.07501116394996643], [-0.4346519112586975, -0.13672277331352234], [-0.5578576922416687, 0.028854290023446083], [-0.5640018582344055, 0.11113055795431137], [-0.44250839948654175, 0.031225305050611496]]",False
early_neutral,6,2587,0.13795401532822393,-1,[1],"[[-0.7526625394821167, 0.07271274924278259], [-0.4346519112586975, -0.13672277331352234], [-0.5580771565437317, 0.025673316791653633], [-0.5549970269203186, 0.11166024953126907], [-0.44917675852775574, 0.039368558675050735]]",False
early_neutral,6,2588,0.137620793068977,-1,[1],"[[-0.7611544728279114, 0.07042450457811356], [-0.4346519112586975, -0.13672277331352234], [-0.5586134195327759, 0.02168041467666626], [-0.5476771593093872, 0.11188647150993347], [-0.4567253887653351, 0.04719952866435051]]",True
early_neutral,6,2589,0.1372875708097301,-1,[1],"[[-0.7696532607078552, 0.06814717501401901], [-0.4346519112586975, -0.13672277331352234], [-0.5593308806419373, 0.018061205744743347], [-0.5405601859092712, 0.11244140565395355], [-0.46532154083251953, 0.054577555507421494]]",False
early_neutral,6,2590,0.13695434855048316,-1,[1],"[[-0.7781485915184021, 0.06586441397666931], [-0.4346519112586975, -0.13672277331352234], [-0.5594485998153687, 0.017499156296253204], [-0.5349404811859131, 0.11295177042484283], [-0.47395604848861694, 0.061949457973241806]]",False
early_neutral,6,2591,0.13662112629123627,-1,[1],"[[-0.7866146564483643, 0.06353595852851868], [-0.4346519112586975, -0.13672277331352234], [-0.5594182014465332, 0.017496690154075623], [-0.528317928314209, 0.11344944685697556], [-0.48139309883117676, 0.06986473500728607]]",False
early_neutral,6,2592,0.13628790403198934,-1,[1],"[[-0.7950512170791626, 0.06116273254156113], [-0.4346519112586975, -0.13672277331352234], [-0.5574355125427246, 0.01735232025384903], [-0.5212399363517761, 0.11369703710079193], [-0.48763519525527954, 0.0782148540019989]]",False
early_neutral,6,2593,0.13595468177274242,-1,[0],"[[-0.8034784197807312, 0.05877531319856644], [-0.4331614673137665, -0.1372990906238556], [-0.5537965297698975, 0.017125574871897697], [-0.5154145956039429, 0.11355780065059662], [-0.4930506944656372, 0.08681220561265945]]",False
early_neutral,6,2594,0.1356214595134955,-1,[0],"[[-0.811901867389679, 0.05638249218463898], [-0.4296310842037201, -0.1386188268661499], [-0.5487774014472961, 0.01686619035899639], [-0.5118281841278076, 0.11325353384017944], [-0.49730420112609863, 0.09447138011455536]]",False
early_neutral,6,2595,0.13528823725424857,-1,[0],"[[-0.8203229904174805, 0.053986042737960815], [-0.4248984158039093, -0.14031445980072021], [-0.5423495769500732, 0.016626877710223198], [-0.5086936950683594, 0.11319942772388458], [-0.49892908334732056, 0.09881643950939178]]",False
early_neutral,6,2596,0.13495501499500168,-1,[0],"[[-0.828743040561676, 0.05158807709813118], [-0.4189194440841675, -0.14237508177757263], [-0.5346180200576782, 0.016477325931191444], [-0.5061343908309937, 0.11354468017816544], [-0.49956098198890686, 0.10216224938631058]]",False
early_neutral,6,2597,0.13462179273575475,-1,[0],"[[-0.8371619582176208, 0.0491882860660553], [-0.41175609827041626, -0.14473192393779755], [-0.5257225632667542, 0.01647617667913437], [-0.5012628436088562, 0.11448755115270615], [-0.49954116344451904, 0.10585376620292664]]",False
early_neutral,6,2598,0.13428857047650783,-1,[0],"[[-0.8455781936645508, 0.0467846617102623], [-0.40565791726112366, -0.14669235050678253], [-0.5165359377861023, 0.01665692776441574], [-0.4933798313140869, 0.11622590571641922], [-0.49860039353370667, 0.1082918718457222]]",False
early_neutral,6,2599,0.1339553482172609,-1,[0],"[[-0.8539916276931763, 0.04437682777643204], [-0.3998885452747345, -0.1485453099012375], [-0.5073599815368652, 0.016998890787363052], [-0.48451128602027893, 0.11696746945381165], [-0.4971947968006134, 0.1122564822435379]]",False
early_neutral,6,2600,0.13362212595801398,-1,[0],"[[-0.8624011874198914, 0.04196317866444588], [-0.39411070942878723, -0.1503870189189911], [-0.4981957674026489, 0.017455443739891052], [-0.47532516717910767, 0.11736077070236206], [-0.495749831199646, 0.11562484502792358]]",True
early_neutral,6,2601,0.13328890369876709,-1,[0],"[[-0.8708059787750244, 0.039542730897665024], [-0.3882986009120941, -0.1521824300289154], [-0.48904484510421753, 0.018014147877693176], [-0.46546292304992676, 0.11751779168844223], [-0.49612101912498474, 0.11727378517389297]]",True
early_neutral,6,2602,0.13295568143952016,-1,[1],"[[-0.8792057037353516, 0.037114642560482025], [-0.382598876953125, -0.15388819575309753], [-0.47989070415496826, 0.018550092354416847], [-0.4551316499710083, 0.11745534092187881], [-0.49693775177001953, 0.11754484474658966]]",True
early_neutral,6,2603,0.13262245918027324,-1,[0],"[[-0.8875986337661743, 0.03467679023742676], [-0.38041171431541443, -0.1546214520931244], [-0.47072887420654297, 0.01902731880545616], [-0.44473791122436523, 0.11737111955881119], [-0.49693775177001953, 0.11754484474658966]]",True
early_neutral,6,2604,0.13228923692102632,-1,[0],"[[-0.8959850668907166, 0.03222944214940071], [-0.3804014325141907, -0.1546257883310318], [-0.46155989170074463, 0.019442252814769745], [-0.43463078141212463, 0.11674559116363525], [-0.4963425397872925, 0.11729066073894501]]",False
early_neutral,6,2605,0.13195601466177942,-1,[0],"[[-0.9043678641319275, 0.029776811599731445], [-0.3804014325141907, -0.1546257883310318], [-0.452384352684021, 0.01979055628180504], [-0.4250844419002533, 0.11673848330974579], [-0.49313244223594666, 0.11609327048063278]]",False
early_neutral,6,2606,0.1316227924025325,-1,[0],"[[-0.912747859954834, 0.02732008881866932], [-0.3804014325141907, -0.1546257883310318], [-0.44320371747016907, 0.02007683925330639], [-0.4156535267829895, 0.11779765784740448], [-0.48849785327911377, 0.1146850734949112]]",False
early_neutral,6,2607,0.13128957014328557,-1,[0],"[[-0.9211342334747314, 0.024872690439224243], [-0.3804014325141907, -0.1546257883310318], [-0.43402042984962463, 0.020324384793639183], [-0.40658923983573914, 0.1193915456533432], [-0.48253193497657776, 0.11335784941911697]]",False
early_neutral,6,2608,0.13095634788403865,-1,[0],"[[-0.929538369178772, 0.02245107851922512], [-0.3804014325141907, -0.1546257883310318], [-0.42483508586883545, 0.020537305623292923], [-0.397588849067688, 0.12136343866586685], [-0.47625041007995605, 0.11246287822723389]]",False
early_neutral,6,2609,0.13062312562479172,-1,[0],"[[-0.9379578232765198, 0.020052246749401093], [-0.3804014325141907, -0.1546257883310318], [-0.41565147042274475, 0.02077934704720974], [-0.38885077834129333, 0.12359453737735748], [-0.4698537290096283, 0.11203278601169586]]",False
early_neutral,6,2610,0.13028990336554483,-1,[1],"[[-0.9463824033737183, 0.017661049962043762], [-0.3779284954071045, -0.1546485275030136], [-0.40647250413894653, 0.0210869237780571], [-0.3805164098739624, 0.12580792605876923], [-0.46342310309410095, 0.11205422133207321]]",False
early_neutral,6,2611,0.1299566811062979,-1,[0],"[[-0.9547984600067139, 0.015278954990208149], [-0.37357455492019653, -0.15478388965129852], [-0.39729994535446167, 0.021466420963406563], [-0.3721521198749542, 0.12811140716075897], [-0.4570297300815582, 0.11251005530357361]]",False
early_neutral,6,2612,0.12962345884705098,-1,[1],"[[-0.9631054997444153, 0.012931561097502708], [-0.369383305311203, -0.1549965888261795], [-0.38813692331314087, 0.021933624520897865], [-0.36472001671791077, 0.13013195991516113], [-0.45068466663360596, 0.11320118606090546]]",False
early_neutral,6,2613,0.12929023658780406,-1,[1],"[[-0.9714138507843018, 0.010586151853203773], [-0.3691895604133606, -0.1550067961215973], [-0.37925612926483154, 0.022467952221632004], [-0.3575107157230377, 0.13212624192237854], [-0.44439131021499634, 0.11406960338354111]]",False
early_neutral,6,2614,0.12895701432855713,-1,[1],"[[-0.9785279631614685, 0.008579663932323456], [-0.36912837624549866, -0.15500900149345398], [-0.37273332476615906, 0.022917335852980614], [-0.3509420156478882, 0.13392844796180725], [-0.4406355321407318, 0.11465328931808472]]",False
early_neutral,6,2615,0.12862379206931024,-1,[1],"[[-0.9828348159790039, 0.007366716396063566], [-0.3668319582939148, -0.15501584112644196], [-0.3663448691368103, 0.023413537070155144], [-0.3474520146846771, 0.13485528528690338], [-0.44059163331985474, 0.11466015875339508]]",False
early_neutral,6,2616,0.12829056981006332,-1,[1],"[[-0.9858378767967224, 0.006523709744215012], [-0.3628770709037781, -0.15486012399196625], [-0.3625163733959198, 0.023740511387586594], [-0.3474235534667969, 0.134924054145813], [-0.4409269690513611, 0.11420570313930511]]",False
early_neutral,6,2617,0.1279573475508164,-1,[1],"[[-0.986179769039154, 0.006431342102587223], [-0.35906845331192017, -0.15459728240966797], [-0.3624716103076935, 0.023744499310851097], [-0.3468729853630066, 0.1367102563381195], [-0.4426853358745575, 0.11212033033370972]]",False
early_neutral,6,2618,0.12762412529156947,-1,[1],"[[-0.986321747303009, 0.006395716220140457], [-0.3589566946029663, -0.15458990633487701], [-0.3624716103076935, 0.023744499310851097], [-0.3464115262031555, 0.13964349031448364], [-0.44538936018943787, 0.10941430181264877]]",False
early_neutral,6,2619,0.12729090303232257,-1,[1],"[[-0.9863236546516418, 0.006395271047949791], [-0.3588501513004303, -0.15454231202602386], [-0.3624716103076935, 0.023744499310851097], [-0.3462452292442322, 0.14350874722003937], [-0.449184775352478, 0.10620665550231934]]",False
early_neutral,6,2620,0.12695768077307565,-1,[1],"[[-0.9863236546516418, 0.006395271047949791], [-0.35623252391815186, -0.15342777967453003], [-0.36244210600852966, 0.02375183440744877], [-0.34613165259361267, 0.14825934171676636], [-0.45393848419189453, 0.10278733819723129]]",False
early_neutral,6,2621,0.12662445851382872,-1,[0],"[[-0.9863236546516418, 0.006395271047949791], [-0.3521924614906311, -0.15183018147945404], [-0.35981670022010803, 0.024404073134064674], [-0.34581437706947327, 0.15375900268554688], [-0.45960304141044617, 0.09930410981178284]]",False
early_neutral,6,2622,0.1262912362545818,-1,[0],"[[-0.9863236546516418, 0.006395271047949791], [-0.3471105098724365, -0.14991094172000885], [-0.3555479943752289, 0.02546483278274536], [-0.3436541259288788, 0.15940311551094055], [-0.46569061279296875, 0.09603051841259003]]",False
early_neutral,6,2623,0.12595801399533488,-1,[0],"[[-0.9863236546516418, 0.006395271047949791], [-0.3418968617916107, -0.14789529144763947], [-0.35187917947769165, 0.02637164480984211], [-0.34231048822402954, 0.16531628370285034], [-0.4685947597026825, 0.09449530392885208]]",False
early_neutral,6,2624,0.12562479173608798,-1,[1],"[[-0.9863236546516418, 0.006395271047949791], [-0.3364010453224182, -0.14571857452392578], [-0.3517987132072449, 0.026391228660941124], [-0.34197819232940674, 0.1711139976978302], [-0.4701160788536072, 0.09425249695777893]]",False
early_neutral,6,2625,0.12529156947684106,-1,[1],"[[-0.9863236546516418, 0.006395271047949791], [-0.3319263160228729, -0.1439117193222046], [-0.3517987132072449, 0.026391228660941124], [-0.3419082760810852, 0.1742253452539444], [-0.4717137813568115, 0.09507353603839874]]",False
early_neutral,6,2626,0.12495834721759413,-1,[1],"[[-0.9863236546516418, 0.006395271047949791], [-0.33137989044189453, -0.14368897676467896], [-0.3517987132072449, 0.026391228660941124], [-0.34190452098846436, 0.17437101900577545], [-0.47285035252571106, 0.09557656198740005]]",False
early_neutral,6,2627,0.12462512495834721,-1,[1],"[[-0.9863236546516418, 0.006395271047949791], [-0.33137989044189453, -0.14368897676467896], [-0.3517987132072449, 0.026391228660941124], [-0.34190452098846436, 0.17437101900577545], [-0.4717404246330261, 0.09730130434036255]]",False
early_neutral,6,2628,0.1242919026991003,-1,[1],"[[-0.9863236546516418, 0.006395271047949791], [-0.33137989044189453, -0.14368897676467896], [-0.3517987132072449, 0.026391228660941124], [-0.34190452098846436, 0.17437101900577545], [-0.46951645612716675, 0.10007993131875992]]",False
early_neutral,6,2629,0.12395868043985338,-1,[1],"[[-0.9863236546516418, 0.006395271047949791], [-0.33137989044189453, -0.14368897676467896], [-0.3517987132072449, 0.026391228660941124], [-0.34232044219970703, 0.17479629814624786], [-0.46603983640670776, 0.10320723801851273]]",False
early_neutral,6,2630,0.12362545818060647,-1,[1],"[[-0.9863236546516418, 0.006395271047949791], [-0.33137989044189453, -0.14368897676467896], [-0.3525604009628296, 0.026298992335796356], [-0.3440640866756439, 0.1768866628408432], [-0.46183958649635315, 0.10639657080173492]]",False
early_neutral,6,2631,0.12329223592135954,-1,[1],"[[-0.9863236546516418, 0.006395271047949791], [-0.33137989044189453, -0.14368897676467896], [-0.3561649024486542, 0.025930894538760185], [-0.3460042178630829, 0.17985683679580688], [-0.4568985402584076, 0.11006420105695724]]",False
early_neutral,6,2632,0.12295901366211263,-1,[1],"[[-0.9863236546516418, 0.006395271047949791], [-0.33137989044189453, -0.14368897676467896], [-0.36106929183006287, 0.025556540116667747], [-0.34810981154441833, 0.18370293080806732], [-0.4513434171676636, 0.11426191031932831]]",False
early_neutral,6,2633,0.12262579140286571,-1,[1],"[[-0.9863236546516418, 0.006395271047949791], [-0.33137989044189453, -0.14368897676467896], [-0.3673053979873657, 0.025189002975821495], [-0.3503247797489166, 0.1883813589811325], [-0.44568684697151184, 0.11799891293048859]]",False
early_neutral,6,2634,0.12229256914361879,-1,[1],"[[-0.9863236546516418, 0.006395271047949791], [-0.33055078983306885, -0.14320328831672668], [-0.3748195171356201, 0.024853382259607315], [-0.35251617431640625, 0.19382426142692566], [-0.4410669803619385, 0.1203688457608223]]",False
early_neutral,6,2635,0.12195934688437188,-1,[1],"[[-0.9908088445663452, -0.0], [-0.34032365679740906, -0.16198313236236572], [-0.4044797122478485, -0.0205686055123806], [-0.4856797754764557, 0.12956635653972626], [-0.3641643524169922, 0.18934078514575958]]",False
early_neutral,6,2636,0.12162612462512495,-1,[1],"[[-0.9908088445663452, -0.0], [-0.34032365679740906, -0.16198313236236572], [-0.4044797122478485, -0.0205686055123806], [-0.4856797754764557, 0.12956635653972626], [-0.3641643524169922, 0.18934078514575958]]",False
early_neutral,6,2637,0.12129290236587804,-1,[0],"[[-0.9908088445663452, -0.0], [-0.34032365679740906, -0.16198313236236572], [-0.4044797122478485, -0.0205686055123806], [-0.4856797754764557, 0.12956635653972626], [-0.3641643524169922, 0.18934078514575958]]",False
early_neutral,6,2638,0.12095968010663112,-1,[0],"[[-0.9908088445663452, -0.0], [-0.34032365679740906, -0.16198313236236572], [-0.4044797122478485, -0.0205686055123806], [-0.4856797754764557, 0.12956635653972626], [-0.3641643524169922, 0.18934078514575958]]",False
early_neutral,6,2639,0.12062645784738421,-1,[0],"[[-0.9908088445663452, -0.0], [-0.34032365679740906, -0.16198313236236572], [-0.4044797122478485, -0.0205686055123806], [-0.483254611492157, 0.12956635653972626], [-0.3641643524169922, 0.18934078514575958]]",False
early_neutral,6,2640,0.12029323558813729,-1,[0],"[[-0.9908088445663452, -0.0], [-0.34032365679740906, -0.16198313236236572], [-0.4044797122478485, -0.0205686055123806], [-0.47859084606170654, 0.12956635653972626], [-0.3641643524169922, 0.18934078514575958]]",False
early_neutral,6,2641,0.11996001332889036,-1,[0],"[[-0.9908088445663452, -0.0], [-0.34032365679740906, -0.16198313236236572], [-0.4044797122478485, -0.0205686055123806], [-0.4724620282649994, 0.129571795463562], [-0.3641643524169922, 0.18934078514575958]]",False
early_neutral,6,2642,0.11962679106964345,-1,[0],"[[-0.9908088445663452, -0.0], [-0.34032365679740906, -0.16198313236236572], [-0.4044797122478485, -0.0205686055123806], [-0.46498411893844604, 0.12959201633930206], [-0.3641643524169922, 0.18934078514575958]]",False
early_neutral,6,2643,0.11929356881039653,-1,[0],"[[-0.9908088445663452, -0.0], [-0.34032365679740906, -0.16198313236236572], [-0.4044797122478485, -0.0205686055123806], [-0.4573113024234772, 0.12961320579051971], [-0.3641643524169922, 0.18934078514575958]]",False
early_neutral,6,2644,0.11896034655114962,-1,[0],"[[-0.9908088445663452, -0.0], [-0.34032365679740906, -0.16198313236236572], [-0.4044797122478485, -0.0205686055123806], [-0.45133984088897705, 0.1296224743127823], [-0.3647814691066742, 0.18884626030921936]]",False
early_neutral,6,2645,0.1186271242919027,-1,[0],"[[-0.9908088445663452, -0.0], [-0.34032365679740906, -0.16198313236236572], [-0.4044797122478485, -0.0205686055123806], [-0.4452480375766754, 0.1296224743127823], [-0.36711734533309937, 0.1866917908191681]]",False
early_neutral,6,2646,0.11829390203265579,-1,[0],"[[-0.9892552495002747, 0.0004054161545354873], [-0.339654803276062, -0.1622374951839447], [-0.4039115309715271, -0.020501622930169106], [-0.43805626034736633, 0.12962467968463898], [-0.3694053888320923, 0.18436981737613678]]",False
early_neutral,6,2647,0.11796067977340886,-1,[0],"[[-0.9852535128593445, 0.0016285493038594723], [-0.3363887071609497, -0.1633230298757553], [-0.400868684053421, -0.020103808492422104], [-0.43183329701423645, 0.13010965287685394], [-0.37065011262893677, 0.18307311832904816]]",False
early_neutral,6,2648,0.11762745751416194,-1,[0],"[[-0.9800925254821777, 0.003550255438312888], [-0.33177268505096436, -0.16457319259643555], [-0.3966360092163086, -0.019479189068078995], [-0.42681097984313965, 0.13040362298488617], [-0.37103399634361267, 0.18264485895633698]]",True
early_neutral,6,2649,0.11729423525491503,-1,[0],"[[-0.9737556576728821, 0.0059880600310862064], [-0.32587680220603943, -0.1659393459558487], [-0.3910559117794037, -0.018599919974803925], [-0.42362716794013977, 0.1290377527475357], [-0.37103399634361267, 0.18264485895633698]]",True
early_neutral,6,2650,0.1169610129956681,-1,[0],"[[-0.9662315845489502, 0.008727334439754486], [-0.3197462856769562, -0.16720899939537048], [-0.3841736614704132, -0.017461000010371208], [-0.42136701941490173, 0.12604379653930664], [-0.37061169743537903, 0.18290162086486816]]",True
early_neutral,6,2651,0.1166277907364212,-1,[0],"[[-0.9579930305480957, 0.01158415898680687], [-0.31355369091033936, -0.16834408044815063], [-0.37611109018325806, -0.016060229390859604], [-0.41984644532203674, 0.12351362407207489], [-0.3696398138999939, 0.18319199979305267]]",True
early_neutral,6,2652,0.11629456847717427,-1,[0],"[[-0.9491574168205261, 0.01456504501402378], [-0.307308167219162, -0.16934868693351746], [-0.3672802448272705, -0.014465037733316422], [-0.4197084307670593, 0.12322169542312622], [-0.36736464500427246, 0.18351233005523682]]",True
early_neutral,6,2653,0.11596134621792736,-1,[0],"[[-0.9395625591278076, 0.017706014215946198], [-0.30101636052131653, -0.17022275924682617], [-0.35844770073890686, -0.012810745276510715], [-0.4197084307670593, 0.12322169542312622], [-0.3643161356449127, 0.18381907045841217]]",True
early_neutral,6,2654,0.11562812395868044,-1,[0],"[[-0.9297656416893005, 0.0207576435059309], [-0.29468750953674316, -0.17097513377666473], [-0.3496381938457489, -0.011105269193649292], [-0.4197084307670593, 0.12322169542312622], [-0.36064597964286804, 0.18405000865459442]]",True
early_neutral,6,2655,0.11529490169943352,-1,[0],"[[-0.9193373322486877, 0.02384321205317974], [-0.2883278429508209, -0.17160800099372864], [-0.34085172414779663, -0.009350080974400043], [-0.4197084307670593, 0.12322169542312622], [-0.3561199903488159, 0.18411901593208313]]",True
early_neutral,6,2656,0.1149616794401866,-1,[0],"[[-0.9083113074302673, 0.027011273428797722], [-0.2819426357746124, -0.17212048172950745], [-0.3320887088775635, -0.007545878645032644], [-0.4197084307670593, 0.12322169542312622], [-0.351296603679657, 0.18403707444667816]]",True
early_neutral,6,2657,0.11462845718093968,-1,[0],"[[-0.8967949151992798, 0.03027193248271942], [-0.2755371928215027, -0.17251165211200714], [-0.3233494162559509, -0.005693707149475813], [-0.41893598437309265, 0.12327372282743454], [-0.3448922634124756, 0.1840069591999054]]",True
early_neutral,6,2658,0.11429523492169277,-1,[0],"[[-0.8848777413368225, 0.033573273569345474], [-0.2691168189048767, -0.17277997732162476], [-0.3146342933177948, -0.0037939075846225023], [-0.41520872712135315, 0.12340299040079117], [-0.3369188904762268, 0.18446126580238342]]",True
early_neutral,6,2659,0.11396201266244585,-1,[0],"[[-0.8725351691246033, 0.03671543300151825], [-0.2626868188381195, -0.17291921377182007], [-0.3059431314468384, -0.001848130370490253], [-0.41006213426589966, 0.1233527734875679], [-0.3276355564594269, 0.185576930642128]]",True
early_neutral,6,2660,0.11362879040319894,-1,[0],"[[-0.8598023056983948, 0.039603736251592636], [-0.2562534511089325, -0.1729286164045334], [-0.29727640748023987, 0.00014320015907287598], [-0.40410101413726807, 0.12328802794218063], [-0.3184443712234497, 0.18557783961296082]]",True
early_neutral,6,2661,0.11329556814395202,-1,[1],"[[-0.8468095660209656, 0.042347148060798645], [-0.24985907971858978, -0.172821506857872], [-0.2886287569999695, 0.0021693853195756674], [-0.39791470766067505, 0.1233830526471138], [-0.3091285824775696, 0.18554462492465973]]",True
early_neutral,6,2662,0.11296234588470509,-1,[1],"[[-0.8336260914802551, 0.04498438537120819], [-0.24356646835803986, -0.17260731756687164], [-0.2799956798553467, 0.004221729934215546], [-0.39149415493011475, 0.1236470490694046], [-0.2999894618988037, 0.18603599071502686]]",True
early_neutral,6,2663,0.11262912362545818,-1,[1],"[[-0.8203000426292419, 0.047539543360471725], [-0.23715263605117798, -0.17227914929389954], [-0.27137699723243713, 0.006299539469182491], [-0.38513076305389404, 0.1240958422422409], [-0.29133859276771545, 0.18674501776695251]]",True
early_neutral,6,2664,0.11229590136621126,-1,[1],"[[-0.8068848848342896, 0.050071123987436295], [-0.23330795764923096, -0.17204685509204865], [-0.2627716064453125, 0.008400533348321915], [-0.3789457380771637, 0.12474218755960464], [-0.28115880489349365, 0.18672463297843933]]",True
early_neutral,6,2665,0.11196267910696435,-1,[1],"[[-0.7933898568153381, 0.052554335445165634], [-0.2332630157470703, -0.17204414308071136], [-0.25417956709861755, 0.010524606332182884], [-0.37265416979789734, 0.12561553716659546], [-0.27069205045700073, 0.18666863441467285]]",True
early_neutral,6,2666,0.11162945684771743,-1,[1],"[[-0.7797138690948486, 0.05469335988163948], [-0.2332630157470703, -0.17204414308071136], [-0.24560265243053436, 0.012674355879426003], [-0.3664320111274719, 0.12667950987815857], [-0.25960761308670044, 0.18656207621097565]]",True
early_neutral,6,2667,0.11129623458847052,-1,[1],"[[-0.7658616304397583, 0.05639608949422836], [-0.2332630157470703, -0.17204414308071136], [-0.23704169690608978, 0.014850839041173458], [-0.3602730631828308, 0.1278894543647766], [-0.2478761225938797, 0.18642516434192657]]",True
early_neutral,6,2668,0.11096301232922359,-1,[1],"[[-0.7533695697784424, 0.0576791912317276], [-0.23323239386081696, -0.17204368114471436], [-0.22850291430950165, 0.017063871026039124], [-0.35418131947517395, 0.12923595309257507], [-0.23557333648204803, 0.18631650507450104]]",True
early_neutral,6,2669,0.11062979006997667,-1,[1],"[[-0.7440952658653259, 0.05841774865984917], [-0.2312280535697937, -0.1719541698694229], [-0.21999740600585938, 0.019330549985170364], [-0.348123162984848, 0.1306455284357071], [-0.22281688451766968, 0.18625560402870178]]",True
early_neutral,6,2670,0.11029656781072976,-1,[1],"[[-0.7357624769210815, 0.05891035497188568], [-0.22743819653987885, -0.17164158821105957], [-0.21153029799461365, 0.0216571893543005], [-0.3420884907245636, 0.13209711015224457], [-0.2098042517900467, 0.18583296239376068]]",True
early_neutral,6,2671,0.10996334555148284,-1,[1],"[[-0.7320002913475037, 0.05889926105737686], [-0.22226789593696594, -0.17104622721672058], [-0.20313425362110138, 0.02409031242132187], [-0.3360637426376343, 0.13356612622737885], [-0.1969478577375412, 0.18430016934871674]]",True
early_neutral,6,2672,0.10963012329223593,-1,[1],"[[-0.7316227555274963, 0.058839429169893265], [-0.2163883000612259, -0.17035771906375885], [-0.19481907784938812, 0.026638297364115715], [-0.33003178238868713, 0.13502256572246552], [-0.18378645181655884, 0.18430259823799133]]",True
early_neutral,6,2673,0.109296901032989,-1,[1],"[[-0.7339897751808167, 0.05785295367240906], [-0.2100973129272461, -0.16963720321655273], [-0.18659615516662598, 0.029309971258044243], [-0.32398852705955505, 0.13645896315574646], [-0.1704999804496765, 0.18433009088039398]]",True
early_neutral,6,2674,0.10896367877374209,-1,[1],"[[-0.7375232577323914, 0.05606593191623688], [-0.20375625789165497, -0.16893132030963898], [-0.17847630381584167, 0.032111961394548416], [-0.3179137706756592, 0.13783791661262512], [-0.15697777271270752, 0.18447430431842804]]",True
early_neutral,6,2675,0.10863045651449517,-1,[1],"[[-0.7418441772460938, 0.05350593104958534], [-0.19747775793075562, -0.16830256581306458], [-0.17044438421726227, 0.035019513219594955], [-0.31180623173713684, 0.1391541063785553], [-0.143275648355484, 0.184725821018219]]",True
early_neutral,6,2676,0.10829723425524825,-1,[1],"[[-0.7468901872634888, 0.0504554845392704], [-0.19118303060531616, -0.1677575409412384], [-0.16243335604667664, 0.03795141726732254], [-0.3056662678718567, 0.14040473103523254], [-0.12943105399608612, 0.18494391441345215]]",True
early_neutral,6,2677,0.10796401199600134,-1,[1],"[[-0.7524793744087219, 0.047028739005327225], [-0.18478986620903015, -0.16728824377059937], [-0.15443629026412964, 0.04089943692088127], [-0.2994948625564575, 0.14158806204795837], [-0.11548316478729248, 0.18510068953037262]]",True
early_neutral,6,2678,0.10763078973675441,-1,[1],"[[-0.7585763931274414, 0.04323756694793701], [-0.17842043936252594, -0.16685214638710022], [-0.1464221477508545, 0.04382774233818054], [-0.2932930588722229, 0.14270201325416565], [-0.10182362049818039, 0.18560604751110077]]",True
early_neutral,6,2679,0.1072975674775075,-1,[1],"[[-0.7652419209480286, 0.039063673466444016], [-0.1721508502960205, -0.1664242148399353], [-0.13837862014770508, 0.04672172665596008], [-0.28706094622612, 0.14374186098575592], [-0.08862579613924026, 0.1865045726299286]]",True
early_neutral,6,2680,0.10696434521826058,-1,[1],"[[-0.7725033760070801, 0.034502528607845306], [-0.16575190424919128, -0.16598883271217346], [-0.13028348982334137, 0.04955393821001053], [-0.28080081939697266, 0.14470793306827545], [-0.07582729309797287, 0.18723678588867188]]",True
early_neutral,6,2681,0.10663112295901367,-1,[1],"[[-0.7801902294158936, 0.029664548113942146], [-0.1593582183122635, -0.1655476838350296], [-0.12209950387477875, 0.052275851368904114], [-0.27451810240745544, 0.1456097811460495], [-0.06395837664604187, 0.18951824307441711]]",True
early_neutral,6,2682,0.10629790069976675,-1,[1],"[[-0.7881255149841309, 0.024665363132953644], [-0.15311682224273682, -0.1651020646095276], [-0.1138625368475914, 0.05492914840579033], [-0.26821526885032654, 0.14645004272460938], [-0.05228884145617485, 0.1923435777425766]]",True
early_neutral,6,2683,0.10596467844051982,-1,[1],"[[-0.7965226173400879, 0.01937084272503853], [-0.14672398567199707, -0.16463036835193634], [-0.10583226382732391, 0.057836856693029404], [-0.26135769486427307, 0.14745570719242096], [-0.04022263363003731, 0.19525372982025146]]",True
early_neutral,6,2684,0.10563145618127291,-1,[1],"[[-0.8051681518554688, 0.013916886411607265], [-0.1403336524963379, -0.16414470970630646], [-0.09808596223592758, 0.06105427443981171], [-0.25341320037841797, 0.14896324276924133], [-0.027839340269565582, 0.19822658598423004]]",True
early_neutral,6,2685,0.10529823392202599,-1,[1],"[[-0.8138136267662048, 0.008460775017738342], [-0.13410326838493347, -0.16366046667099], [-0.09026950597763062, 0.06419803947210312], [-0.2447875440120697, 0.15092432498931885], [-0.015217709355056286, 0.20126265287399292]]",True
early_neutral,6,2686,0.10496501166277908,-1,[1],"[[-0.8211779594421387, 0.003811608999967575], [-0.12771685421466827, -0.16315314173698425], [-0.08211008459329605, 0.06694817543029785], [-0.23609952628612518, 0.15287594497203827], [-0.0024806256406009197, 0.20404575765132904]]",True
early_neutral,6,2687,0.10463178940353215,-1,[1],"[[-0.8251814246177673, 0.0012833443470299244], [-0.12133215367794037, -0.16263684630393982], [-0.07351551204919815, 0.06920089572668076], [-0.22737866640090942, 0.15476450324058533], [0.010002529248595238, 0.20575854182243347]]",True
early_neutral,6,2688,0.10429856714428523,-1,[1],"[[-0.8278039693832397, -0.0003585639060474932], [-0.11508703231811523, -0.16213181614875793], [-0.06371238827705383, 0.06994161009788513], [-0.21860483288764954, 0.15654583275318146], [0.022403644397854805, 0.20815256237983704]]",True
early_neutral,6,2689,0.10396534488503832,-1,[1],"[[-0.8279760479927063, -0.00044584431452676654], [-0.10872039943933487, -0.161618173122406], [-0.05313234403729439, 0.06982263922691345], [-0.20976972579956055, 0.1581939458847046], [0.034645382314920425, 0.20941780507564545]]",True
early_neutral,6,2690,0.1036321226257914,-1,[1],"[[-0.8280482888221741, -0.0004713120870292187], [-0.10233496874570847, -0.16110602021217346], [-0.042394496500492096, 0.06964077800512314], [-0.20087185502052307, 0.15969184041023254], [0.04698990285396576, 0.20952612161636353]]",True
early_neutral,6,2691,0.10329890036654449,-1,[1],"[[-0.8280482888221741, -0.0004713120870292187], [-0.0960216373205185, -0.16062413156032562], [-0.031161533668637276, 0.06942494958639145], [-0.19190317392349243, 0.16099853813648224], [0.059715259820222855, 0.2096415013074875]]",True
early_neutral,6,2692,0.10296567810729756,-1,[1],"[[-0.8280482888221741, -0.0004713120870292187], [-0.0897083654999733, -0.16017335653305054], [-0.019322996959090233, 0.0691823959350586], [-0.18284210562705994, 0.16211548447608948], [0.07280099391937256, 0.20981143414974213]]",True
early_neutral,6,2693,0.10263245584805065,-1,[1],"[[-0.8280482888221741, -0.0004713120870292187], [-0.08330796658992767, -0.15974734723567963], [-0.00695105642080307, 0.06892713904380798], [-0.173433318734169, 0.16309379041194916], [0.08616813272237778, 0.21000075340270996]]",True
early_neutral,6,2694,0.10229923358880373,-1,[1],"[[-0.8280482888221741, -0.0004713120870292187], [-0.07693304121494293, -0.1593496948480606], [0.005843863822519779, 0.06866151839494705], [-0.16317692399024963, 0.1639929562807083], [0.09975456446409225, 0.21016456186771393]]",True
early_neutral,6,2695,0.10196601132955681,-1,[1],"[[-0.8280482888221741, -0.0004713120870292187], [-0.07065457105636597, -0.158982053399086], [0.01897083967924118, 0.06839138269424438], [-0.15250873565673828, 0.16476072371006012], [0.11337567865848541, 0.21028685569763184]]",True
early_neutral,6,2696,0.1016327890703099,-1,[1],"[[-0.8280482888221741, -0.0004713120870292187], [-0.06424343585968018, -0.1586308479309082], [0.03235664591193199, 0.06812005490064621], [-0.14150580763816833, 0.16539999842643738], [0.12676846981048584, 0.210799440741539]]",True
early_neutral,6,2697,0.10129956681106297,-1,[1],"[[-0.8280482888221741, -0.0004713120870292187], [-0.05783412232995033, -0.15829962491989136], [0.04594303295016289, 0.06784822791814804], [-0.12985113263130188, 0.16595229506492615], [0.13987591862678528, 0.2115115076303482]]",True
early_neutral,6,2698,0.10096634455181606,-1,[1],"[[-0.8280482888221741, -0.0004713120870292187], [-0.05157332122325897, -0.1579902172088623], [0.05968424305319786, 0.06757744401693344], [-0.1176169216632843, 0.16647276282310486], [0.15235930681228638, 0.21258576214313507]]",True
early_neutral,6,2699,0.10063312229256914,-1,[1],"[[-0.8280482888221741, -0.0004713120870292187], [-0.045156337320804596, -0.1576875001192093], [0.07354453206062317, 0.06730732321739197], [-0.10491351038217545, 0.16693519055843353], [0.164110466837883, 0.21515333652496338]]",True
early_neutral,6,2700,0.10029990003332223,-1,[1],"[[-0.8280482888221741, -0.0004713120870292187], [-0.03873802348971367, -0.15739737451076508], [0.08749604225158691, 0.06703495234251022], [-0.09184709191322327, 0.16741132736206055], [0.17587225139141083, 0.21801182627677917]]",True
early_neutral,6,2701,0.09996667777407531,-1,[1],"[[-0.8280482888221741, -0.0004713120870292187], [-0.03247758373618126, -0.157122403383255], [0.10151737928390503, 0.06676025688648224], [-0.07850423455238342, 0.16796810925006866], [0.188003808259964, 0.22096766531467438]]",True
early_neutral,6,2702,0.09963345551482838,-1,[1],"[[-0.8280482888221741, -0.0004713120870292187], [-0.026057546958327293, -0.1568484902381897], [0.1155918762087822, 0.0664786696434021], [-0.06495095044374466, 0.16861552000045776], [0.2004232257604599, 0.22400178015232086]]",True
early_neutral,6,2703,0.09930023325558147,-1,[1],"[[-0.8280482888221741, -0.0004713120870292187], [-0.01963677816092968, -0.15658195316791534], [0.12970678508281708, 0.06618843972682953], [-0.05124787613749504, 0.16942162811756134], [0.21306531131267548, 0.22709812223911285]]",True
early_neutral,6,2704,0.09896701099633455,-1,[1],"[[-0.8280482888221741, -0.0004713120870292187], [-0.01335599273443222, -0.15632522106170654], [0.14385230839252472, 0.06588664650917053], [-0.037621479481458664, 0.17036962509155273], [0.22553952038288116, 0.2294701486825943]]",True
early_neutral,6,2705,0.09863378873708764,-1,[1],"[[-0.8280482888221741, -0.0004713120870292187], [-0.006952892988920212, -0.15606717765331268], [0.1580207198858261, 0.06556796282529831], [-0.02684531919658184, 0.17121045291423798], [0.23789411783218384, 0.23133981227874756]]",True
early_neutral,6,2706,0.09830056647784072,-1,[1],"[[-0.8280482888221741, -0.0004713120870292187], [-0.0005309979314915836, -0.15581242740154266], [0.17220617830753326, 0.0652305856347084], [-0.01775222271680832, 0.17208121716976166], [0.2501611113548279, 0.2336561679840088]]",True
early_neutral,6,2707,0.09796734421859381,-1,[1],"[[-0.8280482888221741, -0.0004713120870292187], [0.005815227050334215, -0.15556998550891876], [0.18640351295471191, 0.06486110389232635], [-0.010454711504280567, 0.17283916473388672], [0.2625211179256439, 0.23431146144866943]]",True
early_neutral,6,2708,0.09763412195934688,-1,[1],"[[-0.8280482888221741, -0.0004713120870292187], [0.012156559154391289, -0.15533863008022308], [0.20060916244983673, 0.06445683538913727], [-0.004106225445866585, 0.17351876199245453], [0.27505528926849365, 0.23444761335849762]]",True
early_neutral,6,2709,0.09730089970009996,-1,[1],"[[-0.8280482888221741, -0.0004713120870292187], [0.0185812097042799, -0.1551152467727661], [0.2148207128047943, 0.06402265280485153], [0.002245240844786167, 0.17418572306632996], [0.2879959046840668, 0.23462548851966858]]",True
early_neutral,6,2710,0.09696767744085305,-1,[1],"[[-0.8280482888221741, -0.0004713120870292187], [0.02497767098248005, -0.15490840375423431], [0.22903645038604736, 0.0635625422000885], [0.008631999604403973, 0.17468833923339844], [0.30125513672828674, 0.23486481606960297]]",True
early_neutral,6,2711,0.09663445518160613,-1,[1],"[[-0.8280482888221741, -0.0004713120870292187], [0.03127509728074074, -0.15472282469272614], [0.24325372278690338, 0.06306418031454086], [0.015046779066324234, 0.17500580847263336], [0.3147634267807007, 0.2351059466600418]]",True
early_neutral,6,2712,0.09630123292235922,-1,[1],"[[-0.8280482888221741, -0.0004713120870292187], [0.037703532725572586, -0.15455155074596405], [0.25746607780456543, 0.062493495643138885], [0.02147616259753704, 0.17515447735786438], [0.3283783495426178, 0.23526570200920105]]",True
early_neutral,6,2713,0.0959680106631123,-1,[1],"[[-0.8280482888221741, -0.0004713120870292187], [0.04412852227687836, -0.1543925404548645], [0.27166610956192017, 0.06191215291619301], [0.02790958061814308, 0.17514391243457794], [0.3410683572292328, 0.2344004213809967]]",True
early_neutral,6,2714,0.09563478840386538,-1,[1],"[[-0.8280482888221741, -0.0004713120870292187], [0.05040312558412552, -0.15424175560474396], [0.28586164116859436, 0.06130609288811684], [0.03433931618928909, 0.1749969720840454], [0.3539332151412964, 0.23390817642211914]]",True
early_neutral,6,2715,0.09530156614461846,-1,[1],"[[-0.8280482888221741, -0.0004713120870292187], [0.056832823902368546, -0.15409183502197266], [0.30005550384521484, 0.06064143031835556], [0.040763597935438156, 0.17477013170719147], [0.3662815988063812, 0.23290389776229858]]",True
early_neutral,6,2716,0.09496834388537154,-1,[1],"[[-0.8280482888221741, -0.0004713120870292187], [0.06326274573802948, -0.1539461761713028], [0.3142501711845398, 0.05998152866959572], [0.04685847461223602, 0.17448918521404266], [0.37806135416030884, 0.2305685430765152]]",True
early_neutral,6,2717,0.09463512162612463,-1,[1],"[[-0.8280482888221741, -0.0004713120870292187], [0.0695338249206543, -0.15380744636058807], [0.3284510374069214, 0.05933908000588417], [0.04851142317056656, 0.17441722750663757], [0.39006948471069336, 0.22808104753494263]]",True
early_neutral,6,2718,0.0943018993668777,-1,[1],"[[-0.8280482888221741, -0.0004713120870292187], [0.07596411556005478, -0.1536685824394226], [0.3426583409309387, 0.05872388929128647], [0.04851142317056656, 0.17441722750663757], [0.40245553851127625, 0.22552911937236786]]",True
early_neutral,6,2719,0.0939686771076308,-1,[1],"[[-0.8280482888221741, -0.0004713120870292187], [0.08239458501338959, -0.15353365242481232], [0.3568730056285858, 0.058153484016656876], [0.04851142317056656, 0.17441722750663757], [0.41512808203697205, 0.22292089462280273]]",True
early_neutral,6,2720,0.09363545484838387,-1,[1],"[[-0.8280482888221741, -0.0004713120870292187], [0.08868476748466492, -0.15340813994407654], [0.37109294533729553, 0.057602282613515854], [0.04851142317056656, 0.17441722750663757], [0.428014874458313, 0.22025242447853088]]",True
early_neutral,6,2721,0.09330223258913696,-1,[1],"[[-0.8280482888221741, -0.0004713120870292187], [0.09509743750095367, -0.15328721702098846], [0.38531970977783203, 0.05709695443511009], [0.04917164891958237, 0.17415130138397217], [0.44035789370536804, 0.21752332150936127]]",True
early_neutral,6,2722,0.09296901032989004,-1,[1],"[[-0.8280482888221741, -0.0004713120870292187], [0.10152886807918549, -0.15317310392856598], [0.39954903721809387, 0.05659525468945503], [0.05250269174575806, 0.173058420419693], [0.4511682093143463, 0.2145274132490158]]",True
early_neutral,6,2723,0.09263578807064311,-1,[1],"[[-0.8280482888221741, -0.0004713120870292187], [0.10788404196500778, -0.153069406747818], [0.4137827754020691, 0.056117184460163116], [0.05733943730592728, 0.17192260921001434], [0.46316248178482056, 0.21153296530246735]]",True
early_neutral,6,2724,0.0923025658113962,-1,[1],"[[-0.8280482888221741, -0.0004713120870292187], [0.11423368752002716, -0.15297558903694153], [0.4280211925506592, 0.05567549914121628], [0.06346321851015091, 0.17091232538223267], [0.4738137722015381, 0.20742954313755035]]",True
early_neutral,6,2725,0.09196934355214928,-1,[1],"[[-0.8280482888221741, -0.0004713120870292187], [0.12066616863012314, -0.1528904139995575], [0.44226303696632385, 0.05526445060968399], [0.0698021873831749, 0.17020224034786224], [0.4836280643939972, 0.20252327620983124]]",True
early_neutral,6,2726,0.09163612129290237,-1,[1],"[[-0.8280482888221741, -0.0004713120870292187], [0.1270696222782135, -0.15282012522220612], [0.45650842785835266, 0.05487896502017975], [0.07619935274124146, 0.169758141040802], [0.4937596321105957, 0.19746896624565125]]",True
early_neutral,6,2727,0.09130289903365545,-1,[1],"[[-0.8280482888221741, -0.0004713120870292187], [0.1333729773759842, -0.15276797115802765], [0.4707547426223755, 0.05450543016195297], [0.08261407166719437, 0.16943758726119995], [0.5041858553886414, 0.19228745996952057]]",True
early_neutral,6,2728,0.09096967677440854,-1,[1],"[[-0.8280482888221741, -0.0004713120870292187], [0.1398065686225891, -0.15273189544677734], [0.4850022494792938, 0.054117701947689056], [0.08911962062120438, 0.16922390460968018], [0.5148289203643799, 0.18699617683887482]]",True
early_neutral,6,2729,0.09063645451516161,-1,[1],"[[-0.8280482888221741, -0.0004713120870292187], [0.14623574912548065, -0.15271608531475067], [0.4992349445819855, 0.05369403585791588], [0.09665632992982864, 0.1689860075712204], [0.5256223082542419, 0.18160471320152283]]",True
early_neutral,6,2730,0.09030323225591469,-1,[1],"[[-0.8280482888221741, -0.0004713120870292187], [0.15251444280147552, -0.15272405743598938], [0.5132554769515991, 0.05343560874462128], [0.10537227243185043, 0.1686820089817047], [0.5366190075874329, 0.1764257550239563]]",True
early_neutral,6,2731,0.08997000999666778,-1,[1],"[[-0.8280482888221741, -0.0004713120870292187], [0.15894807875156403, -0.15275610983371735], [0.5270331501960754, 0.05333801731467247], [0.11469275504350662, 0.1683545708656311], [0.5479311943054199, 0.1722618043422699]]",True
early_neutral,6,2732,0.08963678773742086,-1,[1],"[[-0.8280482888221741, -0.0004713120870292187], [0.16576531529426575, -0.15281623601913452], [0.5408245325088501, 0.05310624837875366], [0.12469536811113358, 0.1680315136909485], [0.5587327480316162, 0.16755102574825287]]",True
early_neutral,6,2733,0.08930356547817395,-1,[1],"[[-0.8280482888221741, -0.0004713120870292187], [0.17383800446987152, -0.15292204916477203], [0.5528562664985657, 0.053191300481557846], [0.13482840359210968, 0.1677224189043045], [0.5698958039283752, 0.16401629149913788]]",True
early_neutral,6,2734,0.08897034321892702,-1,[1],"[[-0.8280482888221741, -0.0004713120870292187], [0.18290641903877258, -0.15308049321174622], [0.562033474445343, 0.054657693952322006], [0.14400531351566315, 0.16738979518413544], [0.581658661365509, 0.16153010725975037]]",True
early_neutral,6,2735,0.08863712095968011,-1,[1],"[[-0.8280482888221741, -0.0004713120870292187], [0.19209283590316772, -0.15327273309230804], [0.5709911584854126, 0.05701318383216858], [0.15317675471305847, 0.16699829697608948], [0.5937591791152954, 0.15896527469158173]]",True
early_neutral,6,2736,0.08830389870043319,-1,[1],"[[-0.8280482888221741, -0.0004713120870292187], [0.20127765834331512, -0.15349477529525757], [0.5802426338195801, 0.05950488522648811], [0.16233938932418823, 0.16652806103229523], [0.6061828136444092, 0.15628696978092194]]",True
early_neutral,6,2737,0.08797067644118627,-1,[1],"[[-0.8280482888221741, -0.0004713120870292187], [0.21046064794063568, -0.15374691784381866], [0.5901769995689392, 0.062175773084163666], [0.17149007320404053, 0.16596782207489014], [0.6188682913780212, 0.1535394936800003]]",True
early_neutral,6,2738,0.08763745418193936,-1,[1],"[[-0.8280482888221741, -0.0004713120870292187], [0.2196415662765503, -0.15402932465076447], [0.6004170179367065, 0.06466813385486603], [0.1806265413761139, 0.1653168946504593], [0.6317741870880127, 0.15077310800552368]]",True
early_neutral,6,2739,0.08730423192269243,-1,[1],"[[-0.8280482888221741, -0.0004713120870292187], [0.22882014513015747, -0.1543421447277069], [0.6112205982208252, 0.06683745235204697], [0.18974633514881134, 0.16457341611385345], [0.6446393132209778, 0.14805985987186432]]",True
early_neutral,6,2740,0.08697100966344552,-1,[1],"[[-0.8280482888221741, -0.0004713120870292187], [0.23799611628055573, -0.15468597412109375], [0.6226757168769836, 0.06859425455331802], [0.19857770204544067, 0.16375519335269928], [0.6562178134918213, 0.14671634137630463]]",True
early_neutral,6,2741,0.0866377874041986,-1,[1],"[[-0.8280482888221741, -0.0004713120870292187], [0.24716921150684357, -0.15506090223789215], [0.6345621347427368, 0.06812504678964615], [0.20473283529281616, 0.16229242086410522], [0.6685777902603149, 0.14486773312091827]]",True
early_neutral,6,2742,0.08630456514495169,-1,[1],"[[-0.8280482888221741, -0.0004713120870292187], [0.25633907318115234, -0.15546786785125732], [0.6462379097938538, 0.06567087769508362], [0.20999598503112793, 0.15988712012767792], [0.6814762353897095, 0.1426822543144226]]",True
early_neutral,6,2743,0.08597134288570477,-1,[1],"[[-0.8280482888221741, -0.0004713120870292187], [0.2655053734779358, -0.15590733289718628], [0.6581055521965027, 0.06272698193788528], [0.21530848741531372, 0.15752600133419037], [0.6945793032646179, 0.1405983865261078]]",True
early_neutral,6,2744,0.08563812062645784,-1,[1],"[[-0.8280482888221741, -0.0004713120870292187], [0.27466756105422974, -0.15638194978237152], [0.670022189617157, 0.059259358793497086], [0.22076040506362915, 0.15530350804328918], [0.7079262137413025, 0.1386459767818451]]",True
early_neutral,6,2745,0.08530489836721093,-1,[1],"[[-0.8280482888221741, -0.0004713120870292187], [0.2838244140148163, -0.15689818561077118], [0.6821101307868958, 0.05560176819562912], [0.2263520509004593, 0.15323355793952942], [0.721457839012146, 0.13679571449756622]]",True
early_neutral,6,2746,0.08497167610796401,-1,[1],"[[-0.8280482888221741, -0.0004713120870292187], [0.29270458221435547, -0.15743763744831085], [0.6945323944091797, 0.05208831652998924], [0.23211467266082764, 0.15137307345867157], [0.7351438403129578, 0.1350713074207306]]",True
early_neutral,6,2747,0.0846384538487171,-1,[1],"[[-0.8280482888221741, -0.0004713120870292187], [0.29923054575920105, -0.15786786377429962], [0.7072354555130005, 0.04873141646385193], [0.23803400993347168, 0.1497340351343155], [0.7487573623657227, 0.13338059186935425]]",True
early_neutral,6,2748,0.08430523158947018,-1,[1],"[[-0.8280482888221741, -0.0004713120870292187], [0.30562591552734375, -0.15832488238811493], [0.7201982736587524, 0.04558023810386658], [0.2440468817949295, 0.1482449471950531], [0.7604131698608398, 0.131123349070549]]",True
early_neutral,6,2749,0.08397200933022327,-1,[1],"[[-0.8280482888221741, -0.0004713120870292187], [0.3120156228542328, -0.15881411731243134], [0.7333834767341614, 0.042644139379262924], [0.2501203417778015, 0.14686381816864014], [0.7736361622810364, 0.12976641952991486]]",True
early_neutral,6,2750,0.08363878707097634,-1,[1],"[[-0.8280482888221741, -0.0004713120870292187], [0.3183996081352234, -0.1593341827392578], [0.7467345595359802, 0.039878424257040024], [0.25623610615730286, 0.14556381106376648], [0.7868750691413879, 0.12876221537590027]]",True
early_neutral,6,2751,0.08330556481172942,-1,[1],"[[-0.8280482888221741, -0.0004713120870292187], [0.3247777223587036, -0.1598835438489914], [0.7602190971374512, 0.03726831451058388], [0.26235824823379517, 0.14427652955055237], [0.8003413081169128, 0.12789233028888702]]",True
early_neutral,6,2752,0.08297234255248251,-1,[1],"[[-0.8280482888221741, -0.0004713120870292187], [0.3310118615627289, -0.16044192016124725], [0.7737762928009033, 0.03471793606877327], [0.2681778073310852, 0.14306484162807465], [0.8140112161636353, 0.1271800696849823]]",True
early_neutral,6,2753,0.08263912029323559,-1,[1],"[[-0.8280482888221741, -0.0004713120870292187], [0.33736276626586914, -0.1610318273305893], [0.787316620349884, 0.032053977251052856], [0.26975947618484497, 0.14274419844150543], [0.8278257846832275, 0.12650708854198456]]",True
early_neutral,6,2754,0.08230589803398868,-1,[1],"[[-0.8280482888221741, -0.0004713120870292187], [0.3437272608280182, -0.16164451837539673], [0.8008382320404053, 0.029294459149241447], [0.26975947618484497, 0.14274419844150543], [0.8417487144470215, 0.12584437429904938]]",True
early_neutral,6,2755,0.08197267577474175,-1,[1],"[[-0.8280482888221741, -0.0004713120870292187], [0.3500090539455414, -0.16227737069129944], [0.8144042491912842, 0.026585852727293968], [0.27217257022857666, 0.1425991654396057], [0.8556049466133118, 0.1252666413784027]]",True
early_neutral,6,2756,0.08163945351549484,-1,[1],"[[-0.8280482888221741, -0.0004713120870292187], [0.3562781810760498, -0.1629394292831421], [0.8280234932899475, 0.023958483710885048], [0.27675676345825195, 0.14206412434577942], [0.8679681420326233, 0.1258300244808197]]",True
early_neutral,6,2757,0.08130623125624792,-1,[1],"[[-0.8280482888221741, -0.0004713120870292187], [0.3626212775707245, -0.16363981366157532], [0.8416900634765625, 0.02141060307621956], [0.282571405172348, 0.14097318053245544], [0.881433367729187, 0.12570731341838837]]",True
early_neutral,6,2758,0.080973008997001,-1,[1],"[[-0.8280482888221741, -0.0004713120870292187], [0.3689272701740265, -0.16436554491519928], [0.855399489402771, 0.018940730020403862], [0.28870153427124023, 0.13970214128494263], [0.8947605490684509, 0.1255345642566681]]",True
early_neutral,6,2759,0.08063978673775409,-1,[1],"[[-0.8280482888221741, -0.0004713120870292187], [0.3751269578933716, -0.16510774195194244], [0.8690605163574219, 0.01635153964161873], [0.29481664299964905, 0.13840074837207794], [0.9082889556884766, 0.12529751658439636]]",True
early_neutral,6,2760,0.08030656447850716,-1,[1],"[[-0.8280482888221741, -0.0004713120870292187], [0.3814464807510376, -0.16589327156543732], [0.8823075294494629, 0.012967392802238464], [0.30093416571617126, 0.1371043473482132], [0.9219945073127747, 0.1249789148569107]]",True
early_neutral,6,2761,0.07997334221926025,-1,[1],"[[-0.8280482888221741, -0.0004713120870292187], [0.38839074969291687, -0.16666863858699799], [0.895017683506012, 0.008793853223323822], [0.30707553029060364, 0.1358565241098404], [0.9358402490615845, 0.12467733770608902]]",True
early_neutral,6,2762,0.07964011996001333,-1,[1],"[[-0.8280482888221741, -0.0004713120870292187], [0.3966480791568756, -0.16729781031608582], [0.9076969027519226, 0.004572219215333462], [0.3132404088973999, 0.1346588283777237], [0.9497954845428467, 0.12443145364522934]]",True
early_neutral,6,2763,0.0793068977007664,-1,[1],"[[-0.8280482888221741, -0.0004713120870292187], [0.405776709318161, -0.16772323846817017], [0.9205668568611145, 0.0005989788915030658], [0.319430947303772, 0.13351859152317047], [0.9638346433639526, 0.12424683570861816]]",True
early_neutral,6,2764,0.0789736754415195,-1,[1],"[[-0.8280482888221741, -0.0004713120870292187], [0.4149474501609802, -0.16812217235565186], [0.9336122274398804, -0.0031266030855476856], [0.3256462514400482, 0.13243688642978668], [0.9778971076011658, 0.1240321695804596]]",True
early_neutral,6,2765,0.07864045318227257,-1,[0],"[[-0.8280482888221741, -0.0004713120870292187], [0.4241178035736084, -0.16852441430091858], [0.946816623210907, -0.006609106436371803], [0.3318827748298645, 0.13140815496444702], [0.9898738265037537, 0.12391524016857147]]",True
early_neutral,6,2766,0.07830723092302566,-1,[0],"[[-0.8280482888221741, -0.0004713120870292187], [0.4332861006259918, -0.1689458191394806], [0.9598818421363831, -0.009804547764360905], [0.3381381928920746, 0.1304291933774948], [0.9985659122467041, 0.12452701479196548]]",False
early_neutral,6,2767,0.07797400866377874,-1,[0],"[[-0.9908088445663452, -0.0], [-0.33869484066963196, -0.23210525512695312], [-0.40441176295280457, -0.07535884529352188], [-0.40441176295280457, 0.07535884529352188], [-0.33869484066963196, 0.2321052849292755]]",False
early_neutral,6,2768,0.07764078640453183,-1,[0],"[[-0.9908088445663452, -0.0], [-0.33869484066963196, -0.23210525512695312], [-0.40441176295280457, -0.07535884529352188], [-0.40441176295280457, 0.07535884529352188], [-0.33869484066963196, 0.2321052849292755]]",False
early_neutral,6,2769,0.0773075641452849,-1,[0],"[[-0.9908088445663452, -0.0], [-0.33869484066963196, -0.23210525512695312], [-0.40441176295280457, -0.07535884529352188], [-0.40441176295280457, 0.07535884529352188], [-0.33869484066963196, 0.2321052849292755]]",False
early_neutral,6,2770,0.07697434188603798,-1,[0],"[[-0.9908088445663452, -0.0], [-0.33869484066963196, -0.23210525512695312], [-0.40441176295280457, -0.07535884529352188], [-0.40441176295280457, 0.07535884529352188], [-0.33869484066963196, 0.2321052849292755]]",False
early_neutral,6,2771,0.07664111962679107,-1,[0],"[[-0.9908088445663452, -0.0], [-0.33869484066963196, -0.23210525512695312], [-0.40441176295280457, -0.07535884529352188], [-0.40441176295280457, 0.07535884529352188], [-0.33869484066963196, 0.2321052849292755]]",False
early_neutral,6,2772,0.07630789736754415,-1,[0],"[[-0.9908088445663452, -0.0], [-0.33869484066963196, -0.23210525512695312], [-0.40441176295280457, -0.07535884529352188], [-0.40441176295280457, 0.07535884529352188], [-0.33869484066963196, 0.2321052849292755]]",False
early_neutral,6,2773,0.07597467510829724,-1,[0],"[[-0.9894900918006897, 9.877129669710882e-11], [-0.338250070810318, -0.23228015005588531], [-0.40343523025512695, -0.07531210780143738], [-0.4043458104133606, 0.07535529136657715], [-0.3370644748210907, 0.23186783492565155]]",False
early_neutral,6,2774,0.07564145284905031,-1,[0],"[[-0.9852249622344971, 3.2123934068373217e-10], [-0.33533716201782227, -0.23361694812774658], [-0.39938613772392273, -0.07519148290157318], [-0.40117985010147095, 0.07523167878389359], [-0.332745760679245, 0.23149216175079346]]",False
early_neutral,6,2775,0.0753082305898034,-1,[0],"[[-0.9794270396232605, 4.264595343528299e-10], [-0.331565797328949, -0.235757514834404], [-0.3938825726509094, -0.07517698407173157], [-0.3962264060974121, 0.07515717297792435], [-0.3269381821155548, 0.23145653307437897]]",False
early_neutral,6,2776,0.07497500833055648,-1,[0],"[[-0.9722041487693787, -1.8383117250664327e-10], [-0.3269568979740143, -0.23867006599903107], [-0.38746699690818787, -0.07521341741085052], [-0.3898511528968811, 0.07521192729473114], [-0.31977400183677673, 0.23164279758930206]]",False
early_neutral,6,2777,0.07464178607130956,-1,[0],"[[-0.9637048244476318, -5.438944850055805e-10], [-0.321429580450058, -0.2422134280204773], [-0.3810340464115143, -0.07515116780996323], [-0.38216450810432434, 0.07531887292861938], [-0.31138724088668823, 0.23190201818943024]]",False
early_neutral,6,2778,0.07430856381206265,-1,[0],"[[-0.954399824142456, -7.258724177283682e-10], [-0.3151237368583679, -0.2463073581457138], [-0.3746044933795929, -0.07499919831752777], [-0.3733152449131012, 0.07546987384557724], [-0.30214521288871765, 0.2322268784046173]]",False
early_neutral,6,2779,0.07397534155281572,-1,[0],"[[-0.9445393681526184, -8.773300419484542e-10], [-0.30862200260162354, -0.2505347728729248], [-0.36817774176597595, -0.07480331510305405], [-0.3639007806777954, 0.07565779238939285], [-0.2923229932785034, 0.23259150981903076]]",False
early_neutral,6,2780,0.07364211929356881,-1,[0],"[[-0.9338533878326416, -9.789575816654406e-10], [-0.3021221160888672, -0.2547634243965149], [-0.3617539703845978, -0.07456957548856735], [-0.3537227511405945, 0.07588531821966171], [-0.2817283272743225, 0.2330055683851242]]",False
early_neutral,6,2781,0.07330889703432189,-1,[0],"[[-0.9230085015296936, -1.1690872714353873e-09], [-0.29562288522720337, -0.258992463350296], [-0.35533407330513, -0.0742947906255722], [-0.34385088086128235, 0.07613322138786316], [-0.270988404750824, 0.23345611989498138]]",False
early_neutral,6,2782,0.07297567477507498,-1,[0],"[[-0.9116137027740479, -1.2188979825467072e-09], [-0.28912368416786194, -0.26322153210639954], [-0.3489188253879547, -0.07397715747356415], [-0.33466917276382446, 0.07640460133552551], [-0.2597033381462097, 0.23396152257919312]]",False
early_neutral,6,2783,0.07264245251582806,-1,[0],"[[-0.8996161222457886, -1.6698807892012724e-09], [-0.2826245427131653, -0.26745063066482544], [-0.34250912070274353, -0.07361506670713425], [-0.32549044489860535, 0.07671564817428589], [-0.24781091511249542, 0.23452088236808777]]",False
early_neutral,6,2784,0.07230923025658113,-1,[0],"[[-0.8871010541915894, -2.2773734009717828e-09], [-0.27612540125846863, -0.27167975902557373], [-0.3361063599586487, -0.07320453971624374], [-0.31631535291671753, 0.07706904411315918], [-0.23539461195468903, 0.2351524978876114]]",False
early_neutral,6,2785,0.07197600799733422,-1,[0],"[[-0.8741832971572876, -2.7385040901606317e-09], [-0.2696262300014496, -0.27590882778167725], [-0.3297114074230194, -0.0727451741695404], [-0.3071444034576416, 0.07746557891368866], [-0.22256644070148468, 0.2358580380678177]]",False
early_neutral,6,2786,0.0716427857380873,-1,[0],"[[-0.8609557151794434, -3.3867015858390914e-09], [-0.26312702894210815, -0.28013789653778076], [-0.3233257830142975, -0.07223397493362427], [-0.2979784905910492, 0.07790827006101608], [-0.20941822230815887, 0.23663753271102905]]",False
early_neutral,6,2787,0.07130956347884039,-1,[0],"[[-0.8474913239479065, -3.2247868819723635e-09], [-0.2566278576850891, -0.28436699509620667], [-0.31695061922073364, -0.07167012244462967], [-0.2888185679912567, 0.07840076088905334], [-0.19602537155151367, 0.23750124871730804]]",False
early_neutral,6,2788,0.07097634121959347,-1,[0],"[[-0.8358724117279053, -3.1384050913629835e-09], [-0.25012871623039246, -0.28859609365463257], [-0.3105873167514801, -0.07105205953121185], [-0.27966544032096863, 0.07894418388605118], [-0.18244577944278717, 0.2384427785873413]]",False
early_neutral,6,2789,0.07064311896034656,-1,[0],"[[-0.8290054798126221, -2.914936292341963e-09], [-0.243629589676857, -0.29282522201538086], [-0.3042374849319458, -0.07037794589996338], [-0.2705206871032715, 0.07954435795545578], [-0.1687280237674713, 0.23947389423847198]]",False
early_neutral,6,2790,0.07030989670109963,-1,[0],"[[-0.8249644637107849, 5.77291893932852e-06], [-0.23764163255691528, -0.29651665687561035], [-0.2979024052619934, -0.06964753568172455], [-0.2613852918148041, 0.08020210266113281], [-0.15580697357654572, 0.24045690894126892]]",False
early_neutral,6,2791,0.06997667444185271,-1,[0],"[[-0.8247601985931396, 1.3299368220032193e-05], [-0.23256973922252655, -0.2970182001590729], [-0.29158371686935425, -0.06885924190282822], [-0.25226104259490967, 0.08092216402292252], [-0.14601269364356995, 0.23993343114852905]]",False
early_neutral,6,2792,0.0696434521826058,-1,[0],"[[-0.8247137665748596, 2.0512425180641003e-05], [-0.22736100852489471, -0.29519009590148926], [-0.2852828800678253, -0.06801263988018036], [-0.24314941465854645, 0.08170720189809799], [-0.1374633014202118, 0.2376117706298828]]",False
early_neutral,6,2793,0.06931022992335888,-1,[0],"[[-0.8247137665748596, 2.0512425180641003e-05], [-0.22176754474639893, -0.2931213080883026], [-0.2790091633796692, -0.06708493083715439], [-0.23405352234840393, 0.08256572484970093], [-0.12954553961753845, 0.23458601534366608]]",False
early_neutral,6,2794,0.06897700766411197,-1,[0],"[[-0.8247137665748596, 2.0512425180641003e-05], [-0.2161874622106552, -0.29103732109069824], [-0.2727699279785156, -0.06606338918209076], [-0.22497990727424622, 0.08351879566907883], [-0.12243575602769852, 0.2308049499988556]]",False
early_neutral,6,2795,0.06864378540486504,-1,[0],"[[-0.8247137665748596, 2.0512425180641003e-05], [-0.21061480045318604, -0.28894492983818054], [-0.2665663957595825, -0.06495358049869537], [-0.2159309983253479, 0.08456671983003616], [-0.11585492640733719, 0.22662970423698425]]",False
early_neutral,6,2796,0.06831056314561813,-1,[0],"[[-0.8247137665748596, 2.0512425180641003e-05], [-0.2050391435623169, -0.28685593605041504], [-0.2603958547115326, -0.06376837939023972], [-0.20690788328647614, 0.08570491522550583], [-0.10931380838155746, 0.2224280834197998]]",False
early_neutral,6,2797,0.06797734088637121,-1,[0],"[[-0.8247137665748596, 2.0512425180641003e-05], [-0.19946187734603882, -0.2847687602043152], [-0.2542598843574524, -0.06250939518213272], [-0.1979122757911682, 0.08693186938762665], [-0.10280689597129822, 0.21820403635501862]]",False
early_neutral,6,2798,0.06764411862712429,-1,[0],"[[-0.8247137665748596, 2.0512425180641003e-05], [-0.19389452040195465, -0.28267037868499756], [-0.24815641343593597, -0.06118528172373772], [-0.18894614279270172, 0.08824701607227325], [-0.09630544483661652, 0.2139764279127121]]",False
early_neutral,6,2799,0.06731089636787738,-1,[0],"[[-0.8247137665748596, 2.0512425180641003e-05], [-0.1883394420146942, -0.2805582880973816], [-0.2420857697725296, -0.059798698872327805], [-0.18001142144203186, 0.0896497517824173], [-0.08982043713331223, 0.2097463607788086]]",False
early_neutral,6,2800,0.06697767410863045,-1,[0],"[[-0.8247137665748596, 2.0512425180641003e-05], [-0.18269068002700806, -0.27855536341667175], [-0.23604816198349, -0.05835234373807907], [-0.17111024260520935, 0.09114004671573639], [-0.08610615879297256, 0.20594526827335358]]",False
early_neutral,6,2801,0.06664445184938354,-1,[0],"[[-0.8247137665748596, 2.0512425180641003e-05], [-0.17687448859214783, -0.2767667770385742], [-0.23004330694675446, -0.05684931203722954], [-0.16224515438079834, 0.09271883219480515], [-0.08760619163513184, 0.2032434642314911]]",False
early_neutral,6,2802,0.06631122959013662,-1,[0],"[[-0.8247137665748596, 2.0512425180641003e-05], [-0.17094270884990692, -0.27514562010765076], [-0.22407235205173492, -0.05529015138745308], [-0.1534184068441391, 0.0943860188126564], [-0.09032373130321503, 0.20048493146896362]]",False
early_neutral,6,2803,0.06597800733088971,-1,[0],"[[-0.8247137665748596, 2.0512425180641003e-05], [-0.16501964628696442, -0.2735108435153961], [-0.21813583374023438, -0.053676262497901917], [-0.1446360945701599, 0.09614976495504379], [-0.08857191354036331, 0.1976323276758194]]",False
early_neutral,6,2804,0.06564478507164279,-1,[0],"[[-0.8247137665748596, 2.0512425180641003e-05], [-0.1591162532567978, -0.2718466520309448], [-0.21223501861095428, -0.05200789123773575], [-0.13590314984321594, 0.09801441431045532], [-0.084315724670887, 0.1947265863418579]]",False
early_neutral,6,2805,0.06531156281239586,-1,[0],"[[-0.8247137665748596, 2.0512425180641003e-05], [-0.15329666435718536, -0.27014434337615967], [-0.20638030767440796, -0.050272125750780106], [-0.12723758816719055, 0.10000716149806976], [-0.07903996855020523, 0.19127829372882843]]",False
early_neutral,6,2806,0.06497834055314895,-1,[0],"[[-0.8247137665748596, 2.0512425180641003e-05], [-0.1475716531276703, -0.26839637756347656], [-0.20057906210422516, -0.04846198111772537], [-0.11868385970592499, 0.10219486057758331], [-0.0729152262210846, 0.18728592991828918]]",False
early_neutral,6,2807,0.06464511829390203,-1,[0],"[[-0.8247137665748596, 2.0512425180641003e-05], [-0.14179179072380066, -0.2665574252605438], [-0.19483576714992523, -0.046575237065553665], [-0.11025943607091904, 0.10458526760339737], [-0.06641680002212524, 0.18305635452270508]]",False
early_neutral,6,2808,0.06431189603465512,-1,[0],"[[-0.8247137665748596, 2.0512425180641003e-05], [-0.13609404861927032, -0.26464352011680603], [-0.18915864825248718, -0.044605519622564316], [-0.10204394161701202, 0.10726506263017654], [-0.05991802364587784, 0.17882700264453888]]",False
early_neutral,6,2809,0.0639786737754082,-1,[0],"[[-0.8247137665748596, 2.0512425180641003e-05], [-0.13058744370937347, -0.26267167925834656], [-0.18355359137058258, -0.04255035147070885], [-0.09408238530158997, 0.11025182157754898], [-0.053418952971696854, 0.1745978444814682]]",False
early_neutral,6,2810,0.06364545151616129,-1,[0],"[[-0.8247137665748596, 2.0512425180641003e-05], [-0.1250343918800354, -0.2605575919151306], [-0.17805881798267365, -0.04037293419241905], [-0.08626015484333038, 0.11356478184461594], [-0.04691983759403229, 0.1703687310218811]]",False
early_neutral,6,2811,0.06331222925691436,-1,[0],"[[-0.8247137665748596, 2.0512425180641003e-05], [-0.1195870190858841, -0.2583433985710144], [-0.172691211104393, -0.038065116852521896], [-0.07809359580278397, 0.1173352524638176], [-0.04042069613933563, 0.1661396324634552]]",False
early_neutral,6,2812,0.06297900699766744,-1,[0],"[[-0.8247137665748596, 2.0512425180641003e-05], [-0.11438558250665665, -0.25606775283813477], [-0.16747188568115234, -0.03561769798398018], [-0.06965406984090805, 0.12159755080938339], [-0.0339215025305748, 0.1619105488061905]]",False
early_neutral,6,2813,0.06264578473842053,-1,[0],"[[-0.8247137665748596, 2.0512425180641003e-05], [-0.10917018353939056, -0.2536165416240692], [-0.16242700815200806, -0.03302001953125], [-0.06143946573138237, 0.1261637955904007], [-0.027422334998846054, 0.1576814502477646]]",False
early_neutral,6,2814,0.062312562479173605,-1,[0],"[[-0.8247137665748596, 2.0512425180641003e-05], [-0.10409238934516907, -0.2510460615158081], [-0.15757696330547333, -0.030269933864474297], [-0.053068000823259354, 0.1312236189842224], [-0.020923204720020294, 0.1534523367881775]]",False
early_neutral,6,2815,0.06197934021992669,-1,[0],"[[-0.8247137665748596, 2.0512425180641003e-05], [-0.09918759763240814, -0.24833709001541138], [-0.15298572182655334, -0.027337953448295593], [-0.0454208105802536, 0.13710644841194153], [-0.01442407164722681, 0.1492232233285904]]",False
early_neutral,6,2816,0.06164611796067977,-1,[0],"[[-0.8247137665748596, 2.0512425180641003e-05], [-0.09446539729833603, -0.2454940378665924], [-0.14867891371250153, -0.024228639900684357], [-0.041407957673072815, 0.143447145819664], [-0.007996280677616596, 0.14536303281784058]]",False
early_neutral,6,2817,0.061312895701432855,-1,[0],"[[-0.8247137665748596, 2.0512425180641003e-05], [-0.08989206701517105, -0.24254953861236572], [-0.14481715857982635, -0.02088247612118721], [-0.04005412384867668, 0.15096555650234222], [-0.001429814612492919, 0.1412636637687683]]",False
early_neutral,6,2818,0.06097967344218594,-1,[0],"[[-0.8247137665748596, 2.0512425180641003e-05], [-0.08545536547899246, -0.23951780796051025], [-0.1415184736251831, -0.017290260642766953], [-0.04096130654215813, 0.15862058103084564], [0.004047851078212261, 0.13719752430915833]]",False
early_neutral,6,2819,0.06064645118293902,-1,[0],"[[-0.8264350891113281, -0.0002310121344635263], [-0.08115054666996002, -0.23640654981136322], [-0.13884323835372925, -0.013485373929142952], [-0.04475512355566025, 0.16601142287254333], [0.004576493985950947, 0.13411763310432434]]",False
early_neutral,6,2820,0.060313228923692105,-1,[0],"[[-0.8304744362831116, -0.0005357053014449775], [-0.07696560770273209, -0.23322677612304688], [-0.1368834525346756, -0.009500325657427311], [-0.04815932735800743, 0.17381499707698822], [0.001228012959472835, 0.13157744705677032]]",False
early_neutral,6,2821,0.05998000666444518,-1,[0],"[[-0.8358935713768005, -0.000505955598782748], [-0.07290138304233551, -0.22998139262199402], [-0.1356620490550995, -0.005400689318776131], [-0.0495983324944973, 0.1821434199810028], [-0.0032852571457624435, 0.12856478989124298]]",False
early_neutral,6,2822,0.059646784405198265,-1,[0],"[[-0.8424831628799438, -0.00034618357312865555], [-0.06894874572753906, -0.22667814791202545], [-0.1350943148136139, -0.0013908277032896876], [-0.05021947622299194, 0.19073443114757538], [-0.008692934177815914, 0.12500685453414917]]",False
early_neutral,6,2823,0.05931356214595135,-1,[0],"[[-0.8500348329544067, -0.00011920603719772771], [-0.06510729342699051, -0.22331979870796204], [-0.13512122631072998, 0.0026998280081897974], [-0.05196939781308174, 0.19942425191402435], [-0.01379057951271534, 0.12202463299036026]]",False
early_neutral,6,2824,0.05898033988670443,-1,[0],"[[-0.8581404089927673, 0.00017171003855764866], [-0.06137732043862343, -0.21990865468978882], [-0.13576240837574005, 0.0068637230433523655], [-0.05478186160326004, 0.2081184685230255], [-0.015497880056500435, 0.12128911912441254]]",False
early_neutral,6,2825,0.058647117627457515,-1,[0],"[[-0.8671562075614929, 0.0005359263741411269], [-0.05775944143533707, -0.21644677221775055], [-0.1385197788476944, 0.010548311285674572], [-0.05978752300143242, 0.21623745560646057], [-0.014808871783316135, 0.12114717811346054]]",False
early_neutral,6,2826,0.0583138953682106,-1,[0],"[[-0.8769557476043701, 0.0009541738545522094], [-0.05425523594021797, -0.21293571591377258], [-0.14265058934688568, 0.013703787699341774], [-0.06736049056053162, 0.2232355773448944], [-0.012723619118332863, 0.12083809822797775]]",False
early_neutral,6,2827,0.05798067310896368,-1,[0],"[[-0.8871194124221802, 0.0014268856029957533], [-0.0508660152554512, -0.20937718451023102], [-0.14706939458847046, 0.016744330525398254], [-0.07513722032308578, 0.23030924797058105], [-0.012295051477849483, 0.12125635892152786]]",False
early_neutral,6,2828,0.05764745084971676,-1,[0],"[[-0.8932554721832275, 0.0019278664840385318], [-0.04759656637907028, -0.2057715654373169], [-0.15201081335544586, 0.01942126639187336], [-0.08129371702671051, 0.23636572062969208], [-0.012963120825588703, 0.1233292669057846]]",False
early_neutral,6,2829,0.05731422859046984,-1,[0],"[[-0.8940998911857605, 0.0020604475867003202], [-0.044525571167469025, -0.2020929902791977], [-0.15740889310836792, 0.021695829927921295], [-0.08547501266002655, 0.24168989062309265], [-0.008394211530685425, 0.1234537661075592]]",False
early_neutral,6,2830,0.056981006331222925,-1,[0],"[[-0.8917391896247864, 0.0015451563522219658], [-0.04168868809938431, -0.1983356773853302], [-0.16300800442695618, 0.023757465183734894], [-0.08854196965694427, 0.2473238855600357], [-0.003096767468377948, 0.12329116463661194]]",False
early_neutral,6,2831,0.05664778407197601,-1,[0],"[[-0.8873407244682312, 0.0009682801319286227], [-0.039097096771001816, -0.19450409710407257], [-0.16873663663864136, 0.025662515312433243], [-0.08964051306247711, 0.2534274160861969], [0.0011516113299876451, 0.12267960608005524]]",False
early_neutral,6,2832,0.05631456181272909,-1,[0],"[[-0.8814058303833008, 0.0006737990770488977], [-0.03676685690879822, -0.190602108836174], [-0.1721983253955841, 0.02681485004723072], [-0.0870165079832077, 0.25900784134864807], [0.0029058519285172224, 0.12218168377876282]]",False
early_neutral,6,2833,0.055981339553482175,-1,[0],"[[-0.87406986951828, 0.0004341838648542762], [-0.034710634499788284, -0.18663552403450012], [-0.1724955290555954, 0.02694162167608738], [-0.08264344930648804, 0.2642630934715271], [0.0010744492756202817, 0.12089942395687103]]",False
early_neutral,6,2834,0.05564811729423526,-1,[0],"[[-0.865482747554779, 0.00026714574778452516], [-0.03299306705594063, -0.1826014518737793], [-0.1724955290555954, 0.02694162167608738], [-0.07720806449651718, 0.26908034086227417], [-0.0020829823333770037, 0.11883026361465454]]",False
early_neutral,6,2835,0.055314895034988334,-1,[0],"[[-0.8561509251594543, 0.00014453484618570656], [-0.031631600111722946, -0.17851023375988007], [-0.1724955290555954, 0.02694162167608738], [-0.07241897284984589, 0.2727425694465637], [-0.0062165227718651295, 0.11613968759775162]]",False
early_neutral,6,2836,0.05498167277574142,-1,[0],"[[-0.8468076586723328, 5.2687926654471084e-05], [-0.030689042061567307, -0.17436973750591278], [-0.1724955290555954, 0.02694162167608738], [-0.06831084936857224, 0.2759645879268646], [-0.011229590512812138, 0.11287721991539001]]",False
early_neutral,6,2837,0.0546484505164945,-1,[0],"[[-0.8391888737678528, -6.123022558313096e-06], [-0.03021753393113613, -0.1701953411102295], [-0.1724955290555954, 0.02694162167608738], [-0.06476621329784393, 0.27879247069358826], [-0.016818108037114143, 0.10924053192138672]]",False
early_neutral,6,2838,0.054315228257247584,-1,[0],"[[-0.8369169235229492, -2.3567970856674947e-05], [-0.03023972362279892, -0.16600999236106873], [-0.1724955290555954, 0.02694162167608738], [-0.06421299278736115, 0.27923083305358887], [-0.023151300847530365, 0.10511933267116547]]",False
early_neutral,6,2839,0.05398200599800067,-1,[0],"[[-0.8373521566390991, -1.1246769645367749e-05], [-0.030825048685073853, -0.16184210777282715], [-0.17388051748275757, 0.026809606701135635], [-0.06423493474721909, 0.2792169153690338], [-0.029774168506264687, 0.10091032087802887]]",False
early_neutral,6,2840,0.05364878373875375,-1,[0],"[[-0.840876042842865, 5.7954832300310954e-05], [-0.03203355148434639, -0.15772996842861176], [-0.17768418788909912, 0.026239225640892982], [-0.06557151675224304, 0.2782535254955292], [-0.036615222692489624, 0.09683572500944138]]",False
early_neutral,6,2841,0.053315561479506834,-1,[0],"[[-0.8457528948783875, 0.00011571647337405011], [-0.03599704056978226, -0.15388208627700806], [-0.1826045960187912, 0.02515285834670067], [-0.06779783964157104, 0.27636244893074036], [-0.04364992678165436, 0.09290307015180588]]",False
early_neutral,6,2842,0.05298233922025991,-1,[1],"[[-0.8519428372383118, 0.00016133807366713881], [-0.041838694363832474, -0.1500363051891327], [-0.1885698139667511, 0.02375003881752491], [-0.07063060253858566, 0.2736400067806244], [-0.05096259340643883, 0.08893554657697678]]",False
early_neutral,6,2843,0.052649116961012994,-1,[1],"[[-0.8591715693473816, 0.0002055725926766172], [-0.04835652559995651, -0.14587107300758362], [-0.1946302354335785, 0.022344540804624557], [-0.0745319277048111, 0.2702847719192505], [-0.05882081761956215, 0.08463569730520248]]",False
early_neutral,6,2844,0.05231589470176608,-1,[1],"[[-0.8669723272323608, 0.00024361687246710062], [-0.055183861404657364, -0.14186762273311615], [-0.20075847208499908, 0.020913254469633102], [-0.07970064133405685, 0.2665101885795593], [-0.0658288523554802, 0.08080518990755081]]",False
early_neutral,6,2845,0.05198267244251916,-1,[1],"[[-0.8757176399230957, 0.0002736402384471148], [-0.06191400811076164, -0.13824696838855743], [-0.20754079520702362, 0.018839577212929726], [-0.08673969656229019, 0.26326972246170044], [-0.07135382294654846, 0.07864508032798767]]",False
early_neutral,6,2846,0.051649450183272244,-1,[1],"[[-0.8849087953567505, 0.00027942677843384445], [-0.06731176376342773, -0.1359262317419052], [-0.2148234248161316, 0.015828436240553856], [-0.09519566595554352, 0.2613941729068756], [-0.07514907419681549, 0.07872910052537918]]",False
early_neutral,6,2847,0.05131622792402533,-1,[1],"[[-0.8940998911857605, 0.00025671953335404396], [-0.073042131960392, -0.1340274214744568], [-0.22209644317626953, 0.012148648500442505], [-0.10399685800075531, 0.2596706748008728], [-0.07866104692220688, 0.08064058423042297]]",False
early_neutral,6,2848,0.050983005664778404,-1,[1],"[[-0.9038215279579163, 0.0003164820955134928], [-0.07910185307264328, -0.13263177871704102], [-0.22948570549488068, 0.00796534400433302], [-0.11282895505428314, 0.2580154836177826], [-0.08271638303995132, 0.08346351236104965]]",False
early_neutral,6,2849,0.05064978340553149,-1,[1],"[[-0.9143970012664795, 0.0005588859203271568], [-0.08541053533554077, -0.13182935118675232], [-0.2366807907819748, 0.0035732449032366276], [-0.12143081426620483, 0.2564818859100342], [-0.0865551233291626, 0.0869046151638031]]",False
early_neutral,6,2850,0.05031656114628457,-1,[1],"[[-0.9256960153579712, 0.0009936178103089333], [-0.09183184802532196, -0.13163767755031586], [-0.24058730900287628, 0.0011515154037624598], [-0.12767669558525085, 0.25517886877059937], [-0.08952135592699051, 0.08973127603530884]]",False
early_neutral,6,2851,0.049983338887037654,-1,[1],"[[-0.9376373887062073, 0.0015894313110038638], [-0.09822682291269302, -0.13206155598163605], [-0.24089179933071136, 0.0009623087826184928], [-0.13367167115211487, 0.25366073846817017], [-0.09265051037073135, 0.09141261130571365]]",False
early_neutral,6,2852,0.04965011662779074,-1,[1],"[[-0.94996178150177, 0.002388069638982415], [-0.10431211441755295, -0.13304342329502106], [-0.24089179933071136, 0.0009623087826184928], [-0.13955733180046082, 0.2519840598106384], [-0.09726963192224503, 0.09171108156442642]]",False
early_neutral,6,2853,0.04931689436854382,-1,[1],"[[-0.9599087238311768, 0.0031468593515455723], [-0.10669711977243423, -0.1334330439567566], [-0.24089179933071136, 0.0009623087826184928], [-0.14525148272514343, 0.2502673268318176], [-0.10251869261264801, 0.09102005511522293]]",False
early_neutral,6,2854,0.048983672109296904,-1,[1],"[[-0.9690101146697998, 0.003980305977165699], [-0.10670921206474304, -0.13343429565429688], [-0.24089179933071136, 0.0009623087826184928], [-0.15103070437908173, 0.24842756986618042], [-0.1077970340847969, 0.0879187136888504]]",False
early_neutral,6,2855,0.04865044985004998,-1,[1],"[[-0.9764842987060547, 0.004753072280436754], [-0.10844137519598007, -0.13348989188671112], [-0.24089179933071136, 0.0009623087826184928], [-0.15679100155830383, 0.24659320712089539], [-0.11353941261768341, 0.0840398520231247]]",False
early_neutral,6,2856,0.048317227590803064,-1,[1],"[[-0.9810571670532227, 0.005309196654707193], [-0.11250036954879761, -0.133831188082695], [-0.2411450743675232, 0.0010571228340268135], [-0.16253599524497986, 0.24499744176864624], [-0.12003561109304428, 0.0797097384929657]]",False
early_neutral,6,2857,0.04798400533155615,-1,[1],"[[-0.9843698143959045, 0.005752169992774725], [-0.11782301962375641, -0.13463494181632996], [-0.24409735202789307, 0.0020235890988260508], [-0.16858041286468506, 0.24356450140476227], [-0.12718456983566284, 0.074995256960392]]",False
early_neutral,6,2858,0.04765078307230923,-1,[1],"[[-0.9854611158370972, 0.005799022037535906], [-0.12392201274633408, -0.13593383133411407], [-0.2484668344259262, 0.003180253319442272], [-0.1747208684682846, 0.24236202239990234], [-0.1345948874950409, 0.0701398178935051]]",False
early_neutral,6,2859,0.047317560813062313,-1,[1],"[[-0.985718309879303, 0.005790066905319691], [-0.12984220683574677, -0.13756978511810303], [-0.2510637938976288, 0.0037750883493572474], [-0.18078374862670898, 0.24148055911064148], [-0.14241854846477509, 0.06503046303987503]]",False
early_neutral,6,2860,0.0469843385538154,-1,[1],"[[-0.985718309879303, 0.005790066905319691], [-0.13294443488121033, -0.13843998312950134], [-0.2510637938976288, 0.0037750883493572474], [-0.18712304532527924, 0.24088029563426971], [-0.15070205926895142, 0.0596325546503067]]",False
early_neutral,6,2861,0.04665111629456848,-1,[1],"[[-0.985718309879303, 0.005790066905319691], [-0.1331566870212555, -0.138479083776474], [-0.25179561972618103, 0.003940477967262268], [-0.1935383677482605, 0.24057155847549438], [-0.15947596728801727, 0.054050203412771225]]",False
early_neutral,6,2862,0.046317894035321557,-1,[1],"[[-0.985718309879303, 0.005790066905319691], [-0.1342354714870453, -0.13852262496948242], [-0.2553185522556305, 0.004589010961353779], [-0.1998862475156784, 0.24035553634166718], [-0.16962720453739166, 0.05003541335463524]]",False
early_neutral,6,2863,0.04598467177607464,-1,[1],"[[-0.985718309879303, 0.005790066905319691], [-0.13803289830684662, -0.13878749310970306], [-0.2602026164531708, 0.005218024831265211], [-0.20623019337654114, 0.24017079174518585], [-0.18109130859375, 0.048823658376932144]]",False
early_neutral,6,2864,0.04565144951682772,-1,[1],"[[-0.985718309879303, 0.005790066905319691], [-0.14314202964305878, -0.13934162259101868], [-0.2663450837135315, 0.005855930503457785], [-0.21265950798988342, 0.24001464247703552], [-0.19292324781417847, 0.04754408821463585]]",False
early_neutral,6,2865,0.045318227257580806,-1,[1],"[[-0.985718309879303, 0.005790066905319691], [-0.14938855171203613, -0.14000578224658966], [-0.2727075219154358, 0.006477633025497198], [-0.21906058490276337, 0.23988905549049377], [-0.20297667384147644, 0.04372513294219971]]",False
early_neutral,6,2866,0.04498500499833389,-1,[1],"[[-0.985718309879303, 0.005790066905319691], [-0.15576539933681488, -0.14056067168712616], [-0.2790769040584564, 0.007068343926221132], [-0.22536180913448334, 0.23979462683200836], [-0.21167582273483276, 0.03881361335515976]]",False
early_neutral,6,2867,0.04465178273908697,-1,[1],"[[-0.985718309879303, 0.005790066905319691], [-0.16215702891349792, -0.14099687337875366], [-0.28529006242752075, 0.007631645537912846], [-0.23237435519695282, 0.2394641488790512], [-0.2176067978143692, 0.035942599177360535]]",False
early_neutral,6,2868,0.044318560479840056,-1,[1],"[[-0.985718309879303, 0.005790066905319691], [-0.16840842366218567, -0.14131198823451996], [-0.2916649580001831, 0.008197097107768059], [-0.24049553275108337, 0.23843500018119812], [-0.21902772784233093, 0.03540608659386635]]",False
early_neutral,6,2869,0.04398533822059313,-1,[1],"[[-0.985718309879303, 0.005790066905319691], [-0.17483393847942352, -0.1415218859910965], [-0.298042893409729, 0.008746051229536533], [-0.24938520789146423, 0.23661665618419647], [-0.2214975208044052, 0.03582645580172539]]",False
early_neutral,6,2870,0.043652115961346216,-1,[1],"[[-0.985718309879303, 0.005790066905319691], [-0.18126411736011505, -0.1416270136833191], [-0.3042879104614258, 0.009246403351426125], [-0.2589128315448761, 0.23427483439445496], [-0.22540009021759033, 0.03614901378750801]]",False
early_neutral,6,2871,0.0433188937020993,-1,[1],"[[-0.985718309879303, 0.005790066905319691], [-0.18753743171691895, -0.14165747165679932], [-0.3106609880924225, 0.009715823456645012], [-0.26895877718925476, 0.23145180940628052], [-0.230584979057312, 0.03674054890871048]]",False
early_neutral,6,2872,0.04298567144285238,-1,[1],"[[-0.985718309879303, 0.005790066905319691], [-0.19396892189979553, -0.14161665737628937], [-0.317142128944397, 0.01014331728219986], [-0.2795023024082184, 0.22824923694133759], [-0.23606456816196442, 0.03912261128425598]]",False
early_neutral,6,2873,0.042652449183605466,-1,[1],"[[-0.985718309879303, 0.005790066905319691], [-0.20039260387420654, -0.14148938655853271], [-0.32465946674346924, 0.0104707982391119], [-0.29041236639022827, 0.2246592789888382], [-0.24169617891311646, 0.04265224561095238]]",False
early_neutral,6,2874,0.04231922692435855,-1,[1],"[[-0.985718309879303, 0.005790066905319691], [-0.20666557550430298, -0.1411716490983963], [-0.3333599865436554, 0.01060868427157402], [-0.3016151785850525, 0.22077332437038422], [-0.2480076402425766, 0.04673333093523979]]",False
early_neutral,6,2875,0.04198600466511163,-1,[1],"[[-0.985718309879303, 0.005790066905319691], [-0.21298816800117493, -0.14062988758087158], [-0.34074944257736206, 0.010652400553226471], [-0.3132590055465698, 0.21691931784152985], [-0.25497716665267944, 0.05125280097126961]]",False
early_neutral,6,2876,0.04165278240586471,-1,[1],"[[-0.985718309879303, 0.005790066905319691], [-0.21931567788124084, -0.13987597823143005], [-0.3471791446208954, 0.010799775831401348], [-0.3252963721752167, 0.21316048502922058], [-0.26227515935897827, 0.05599457025527954]]",False
early_neutral,6,2877,0.04131956014661779,-1,[1],"[[-0.985718309879303, 0.005790066905319691], [-0.2255919873714447, -0.13915342092514038], [-0.3536013662815094, 0.011048990301787853], [-0.33762311935424805, 0.2094605714082718], [-0.2699143588542938, 0.0609612800180912]]",False
early_neutral,6,2878,0.040986337887370876,-1,[1],"[[-0.985718309879303, 0.005790066905319691], [-0.23184670507907867, -0.13855528831481934], [-0.36000940203666687, 0.01142171025276184], [-0.3501945436000824, 0.20584076642990112], [-0.2780304551124573, 0.0662408322095871]]",False
early_neutral,6,2879,0.04065311562812396,-1,[1],"[[-0.985718309879303, 0.005790066905319691], [-0.23823624849319458, -0.1380660980939865], [-0.3663971424102783, 0.011920510791242123], [-0.3629583418369293, 0.20229259133338928], [-0.2866641879081726, 0.07105755805969238]]",False
early_neutral,6,2880,0.04031989336887704,-1,[1],"[[-0.985718309879303, 0.005790066905319691], [-0.2446174919605255, -0.13772132992744446], [-0.37275874614715576, 0.012544933706521988], [-0.37587758898735046, 0.1988143026828766], [-0.29399606585502625, 0.0730387270450592]]",False
early_neutral,6,2881,0.039986671109630126,-1,[1],"[[-0.985718309879303, 0.005790066905319691], [-0.2508929669857025, -0.13754186034202576], [-0.37656497955322266, 0.01296806987375021], [-0.38892662525177, 0.19540925323963165], [-0.2999313771724701, 0.07244556397199631]]",False
early_neutral,6,2882,0.0396534488503832,-1,[1],"[[-0.985718309879303, 0.005790066905319691], [-0.25732630491256714, -0.13751929998397827], [-0.3766094148159027, 0.012973116710782051], [-0.4018557369709015, 0.19183599948883057], [-0.30665045976638794, 0.07394886761903763]]",False
early_neutral,6,2883,0.039320226591136286,-1,[1],"[[-0.985718309879303, 0.005790066905319691], [-0.26171934604644775, -0.13757780194282532], [-0.37735092639923096, 0.013119167648255825], [-0.4124722480773926, 0.18677999079227448], [-0.3130722641944885, 0.07737603783607483]]",False
early_neutral,6,2884,0.03898700433188937,-1,[1],"[[-0.985718309879303, 0.005790066905319691], [-0.2618750333786011, -0.13758008182048798], [-0.38089290261268616, 0.013723104260861874], [-0.42051148414611816, 0.18044990301132202], [-0.3197760581970215, 0.08160693198442459]]",False
early_neutral,6,2885,0.03865378207264245,-1,[1],"[[-0.985718309879303, 0.005790066905319691], [-0.26206180453300476, -0.13759712874889374], [-0.38576793670654297, 0.014382058754563332], [-0.42704424262046814, 0.1755571812391281], [-0.3270666003227234, 0.08626677840948105]]",False
early_neutral,6,2886,0.038320559813395536,-1,[1],"[[-0.985718309879303, 0.005790066905319691], [-0.26489564776420593, -0.13777890801429749], [-0.391868531703949, 0.015169872902333736], [-0.4336126744747162, 0.1713753044605255], [-0.33469995856285095, 0.09119731932878494]]",False
early_neutral,6,2887,0.03798733755414862,-1,[1],"[[-0.985718309879303, 0.005790066905319691], [-0.2691307067871094, -0.137898251414299], [-0.3981568217277527, 0.016055043786764145], [-0.44141069054603577, 0.16803523898124695], [-0.3424345850944519, 0.096209816634655]]",False
early_neutral,6,2888,0.0376541152949017,-1,[1],"[[-0.985718309879303, 0.005790066905319691], [-0.2747461795806885, -0.13792727887630463], [-0.4044254422187805, 0.016997110098600388], [-0.45131003856658936, 0.16678403317928314], [-0.3506152033805847, 0.1015244573354721]]",False
early_neutral,6,2889,0.03732089303565478,-1,[1],"[[-0.985718309879303, 0.005790066905319691], [-0.280811607837677, -0.13794034719467163], [-0.41052913665771484, 0.017939070239663124], [-0.4620107412338257, 0.16665126383304596], [-0.3592091202735901, 0.1071116104722023]]",False
early_neutral,6,2890,0.03698767077640786,-1,[1],"[[-0.985718309879303, 0.005790066905319691], [-0.28724542260169983, -0.13793706893920898], [-0.416780948638916, 0.01892784610390663], [-0.4728192687034607, 0.1668090671300888], [-0.3681427538394928, 0.11292251199483871]]",False
early_neutral,6,2891,0.036654448517160945,-1,[1],"[[-0.985718309879303, 0.005790066905319691], [-0.2925117015838623, -0.13792522251605988], [-0.42222338914871216, 0.019808372482657433], [-0.4842357039451599, 0.16719162464141846], [-0.37734460830688477, 0.11890950053930283]]",False
early_neutral,6,2892,0.03632122625791403,-1,[1],"[[-0.985718309879303, 0.005790066905319691], [-0.2930818498134613, -0.13792428374290466], [-0.4230685830116272, 0.019947310909628868], [-0.49621835350990295, 0.16791000962257385], [-0.38675662875175476, 0.12503363192081451]]",False
early_neutral,6,2893,0.03598800399866711,-1,[1],"[[-0.985718309879303, 0.005790066905319691], [-0.2931429445743561, -0.13792747259140015], [-0.4230685830116272, 0.019947310909628868], [-0.5085528492927551, 0.169378861784935], [-0.39614400267601013, 0.13134624063968658]]",False
early_neutral,6,2894,0.035654781739420195,-1,[1],"[[-0.985718309879303, 0.005790066905319691], [-0.2954384386539459, -0.1379631608724594], [-0.4230685830116272, 0.019947310909628868], [-0.5200295448303223, 0.17131082713603973], [-0.4026851952075958, 0.1380585879087448]]",False
early_neutral,6,2895,0.03532155948017328,-1,[1],"[[-0.985718309879303, 0.005790066905319691], [-0.2993912994861603, -0.13784009218215942], [-0.4230685830116272, 0.019947310909628868], [-0.5274062156677246, 0.17303700745105743], [-0.40476182103157043, 0.14538045227527618]]",False
early_neutral,6,2896,0.034988337220926355,-1,[1],"[[-0.985718309879303, 0.005790066905319691], [-0.30473849177360535, -0.13745415210723877], [-0.4230685830116272, 0.019947310909628868], [-0.5329231023788452, 0.17534145712852478], [-0.40419650077819824, 0.15304626524448395]]",False
early_neutral,6,2897,0.03465511496167944,-1,[1],"[[-0.985718309879303, 0.005790066905319691], [-0.31065577268600464, -0.13690322637557983], [-0.4230685830116272, 0.019947310909628868], [-0.5361005663871765, 0.1774488091468811], [-0.39947226643562317, 0.15968163311481476]]",False
early_neutral,6,2898,0.03432189270243252,-1,[1],"[[-0.985718309879303, 0.005790066905319691], [-0.3169797658920288, -0.13619191944599152], [-0.42320919036865234, 0.020114019513130188], [-0.539350152015686, 0.17986415326595306], [-0.39185842871665955, 0.16552455723285675]]",False
early_neutral,6,2899,0.033988670443185605,-1,[1],"[[-0.985718309879303, 0.005790066905319691], [-0.3227559030056, -0.13544583320617676], [-0.42501482367515564, 0.02194870077073574], [-0.541481614112854, 0.18345032632350922], [-0.38357874751091003, 0.17146967351436615]]",False
early_neutral,6,2900,0.03365544818393869,-1,[1],"[[-0.985718309879303, 0.005790066905319691], [-0.3239665925502777, -0.13528943061828613], [-0.42800286412239075, 0.02442275546491146], [-0.5438950657844543, 0.1878533959388733], [-0.3746767044067383, 0.1774265617132187]]",False
early_neutral,6,2901,0.03332222592469177,-1,[1],"[[-0.985718309879303, 0.005790066905319691], [-0.3239665925502777, -0.13528943061828613], [-0.43296343088150024, 0.026737263426184654], [-0.546425461769104, 0.19286249577999115], [-0.3646882176399231, 0.18213024735450745]]",False
early_neutral,6,2902,0.032989003665444855,-1,[1],"[[-0.985718309879303, 0.005790066905319691], [-0.3257022798061371, -0.13530844449996948], [-0.4400549829006195, 0.028086036443710327], [-0.5497450828552246, 0.19858649373054504], [-0.35361823439598083, 0.18392375111579895]]",False
early_neutral,6,2903,0.03265578140619793,-1,[1],"[[-0.985718309879303, 0.005790066905319691], [-0.32937613129615784, -0.13523858785629272], [-0.44840219616889954, 0.029244625940918922], [-0.5518510937690735, 0.20268285274505615], [-0.3418540358543396, 0.184550940990448]]",False
early_neutral,6,2904,0.032322559146951015,-1,[1],"[[-0.985718309879303, 0.005790066905319691], [-0.3344557583332062, -0.13499245047569275], [-0.4573349952697754, 0.030644316226243973], [-0.5523861646652222, 0.2040400356054306], [-0.33310654759407043, 0.18537215888500214]]",False
early_neutral,6,2905,0.0319893368877041,-1,[1],"[[-0.985718309879303, 0.005790066905319691], [-0.3403884172439575, -0.1346030831336975], [-0.46620872616767883, 0.032202016562223434], [-0.5495845675468445, 0.20392942428588867], [-0.32630249857902527, 0.18636542558670044]]",False
early_neutral,6,2906,0.03165611462845718,-1,[1],"[[-0.985718309879303, 0.005790066905319691], [-0.346682071685791, -0.13409826159477234], [-0.4750794768333435, 0.03376729041337967], [-0.5449047088623047, 0.20349760353565216], [-0.32141193747520447, 0.1872851848602295]]",False
early_neutral,6,2907,0.031322892369210265,-1,[1],"[[-0.985718309879303, 0.005790066905319691], [-0.3530493974685669, -0.1334981918334961], [-0.4839819073677063, 0.035254571586847305], [-0.5409104824066162, 0.2027617245912552], [-0.31836527585983276, 0.1879960596561432]]",False
early_neutral,6,2908,0.030989670109963344,-1,[1],"[[-0.985718309879303, 0.005790066905319691], [-0.3593621253967285, -0.13288059830665588], [-0.4929216802120209, 0.036643218249082565], [-0.5391226410865784, 0.20216108858585358], [-0.31667447090148926, 0.188470721244812]]",False
early_neutral,6,2909,0.030656447850716428,-1,[1],"[[-0.985718309879303, 0.005790066905319691], [-0.3656175136566162, -0.13227300345897675], [-0.5019131302833557, 0.03788246959447861], [-0.5360268354415894, 0.20161649584770203], [-0.3176285922527313, 0.1889372169971466]]",False
early_neutral,6,2910,0.03032322559146951,-1,[1],"[[-0.985718309879303, 0.005790066905319691], [-0.37198182940483093, -0.13165925443172455], [-0.5106797218322754, 0.03895021975040436], [-0.5315354466438293, 0.20107294619083405], [-0.3214743435382843, 0.18937712907791138]]",False
early_neutral,6,2911,0.02999000333222259,-1,[1],"[[-0.985718309879303, 0.005790066905319691], [-0.37525755167007446, -0.1312478482723236], [-0.5170906186103821, 0.03985273465514183], [-0.525463879108429, 0.2008078247308731], [-0.32684212923049927, 0.18954406678676605]]",False
early_neutral,6,2912,0.029656781072975674,-1,[1],"[[-0.985718309879303, 0.005790066905319691], [-0.3753719627857208, -0.13120874762535095], [-0.5233117341995239, 0.04091912880539894], [-0.5197096467018127, 0.20021454989910126], [-0.3336081802845001, 0.18945540487766266]]",False
early_neutral,6,2913,0.029323558813728758,-1,[1],"[[-0.985718309879303, 0.005790066905319691], [-0.3782443106174469, -0.13041050732135773], [-0.5294401049613953, 0.04219154641032219], [-0.5185638666152954, 0.19778943061828613], [-0.3416210114955902, 0.1890743225812912]]",False
early_neutral,6,2914,0.02899033655448184,-1,[1],"[[-0.985718309879303, 0.005790066905319691], [-0.38277122378349304, -0.12955211102962494], [-0.5354357361793518, 0.04370836168527603], [-0.5203771591186523, 0.19444900751113892], [-0.35066667199134827, 0.18908736109733582]]",False
early_neutral,6,2915,0.02865711429523492,-1,[1],"[[-0.985718309879303, 0.005790066905319691], [-0.3885321319103241, -0.12881779670715332], [-0.5405544638633728, 0.04519905894994736], [-0.5237134695053101, 0.19057679176330566], [-0.35979509353637695, 0.19154012203216553]]",False
early_neutral,6,2916,0.028323892035988004,-1,[1],"[[-0.985718309879303, 0.005790066905319691], [-0.3944956064224243, -0.1281006634235382], [-0.541350781917572, 0.045430008322000504], [-0.5287433862686157, 0.1864580363035202], [-0.3686126172542572, 0.19533707201480865]]",False
early_neutral,6,2917,0.027990669776741087,-1,[1],"[[-0.985718309879303, 0.005790066905319691], [-0.4008328914642334, -0.12737804651260376], [-0.541350781917572, 0.045430008322000504], [-0.5351288914680481, 0.18216681480407715], [-0.37745413184165955, 0.19934028387069702]]",False
early_neutral,6,2918,0.027657447517494167,-1,[1],"[[-0.985718309879303, 0.005790066905319691], [-0.40717804431915283, -0.12668564915657043], [-0.541350781917572, 0.045430008322000504], [-0.5421881079673767, 0.1774810254573822], [-0.3867490589618683, 0.20360442996025085]]",False
early_neutral,6,2919,0.02732422525824725,-1,[1],"[[-0.985718309879303, 0.005790066905319691], [-0.4133683443069458, -0.12601172924041748], [-0.541350781917572, 0.045430008322000504], [-0.5497565269470215, 0.17251406610012054], [-0.39659184217453003, 0.20804700255393982]]",False
early_neutral,6,2920,0.026991002999000334,-1,[1],"[[-0.985718309879303, 0.005790066905319691], [-0.41971203684806824, -0.12532030045986176], [-0.541592538356781, 0.045323215425014496], [-0.5573890209197998, 0.16752512753009796], [-0.40710291266441345, 0.21244482696056366]]",False
early_neutral,6,2921,0.026657780739753417,-1,[1],"[[-0.985718309879303, 0.005790066905319691], [-0.42551755905151367, -0.12467607855796814], [-0.5443911552429199, 0.04419158399105072], [-0.5654687881469727, 0.16225726902484894], [-0.41820308566093445, 0.21672941744327545]]",False
early_neutral,6,2922,0.026324558480506497,-1,[1],"[[-0.985718309879303, 0.005790066905319691], [-0.42678216099739075, -0.12445207685232162], [-0.5484950542449951, 0.042737871408462524], [-0.5739781856536865, 0.1567145735025406], [-0.42987701296806335, 0.22077423334121704]]",False
early_neutral,6,2923,0.02599133622125958,-1,[1],"[[-0.985718309879303, 0.005790066905319691], [-0.42734575271606445, -0.12453362345695496], [-0.55377197265625, 0.04087178781628609], [-0.582848310470581, 0.1509396880865097], [-0.44209498167037964, 0.22447332739830017]]",False
early_neutral,6,2924,0.025658113962012664,-1,[1],"[[-0.985718309879303, 0.005790066905319691], [-0.43050268292427063, -0.12484613060951233], [-0.5591779351234436, 0.03860355168581009], [-0.5920032262802124, 0.14498165249824524], [-0.45476576685905457, 0.22780834138393402]]",False
early_neutral,6,2925,0.025324891702765744,-1,[1],"[[-0.985718309879303, 0.005790066905319691], [-0.4350101351737976, -0.1250380426645279], [-0.5637057423591614, 0.03644973412156105], [-0.601379930973053, 0.1388796716928482], [-0.4678640365600586, 0.23067086935043335]]",False
early_neutral,6,2926,0.024991669443518827,-1,[1],"[[-0.985718309879303, 0.005790066905319691], [-0.44080254435539246, -0.12515074014663696], [-0.5647217035293579, 0.036024343222379684], [-0.6109290719032288, 0.13266579806804657], [-0.48097139596939087, 0.23265065252780914]]",False
early_neutral,6,2927,0.02465844718427191,-1,[1],"[[-0.985718309879303, 0.005790066905319691], [-0.44695669412612915, -0.125282421708107], [-0.5656083226203918, 0.034803617745637894], [-0.6206116080284119, 0.1263653188943863], [-0.4914439022541046, 0.23269222676753998]]",False
early_neutral,6,2928,0.02432522492502499,-1,[1],"[[-0.985718309879303, 0.005790066905319691], [-0.4533863663673401, -0.12543237209320068], [-0.5671206116676331, 0.03230087086558342], [-0.6303965449333191, 0.11999812722206116], [-0.4983255863189697, 0.23048676550388336]]",False
early_neutral,6,2929,0.023992002665778073,-1,[1],"[[-0.985718309879303, 0.005790066905319691], [-0.45979043841362, -0.12565846741199493], [-0.5684390664100647, 0.029627816751599312], [-0.640259861946106, 0.11357970535755157], [-0.5046885013580322, 0.2272072285413742]]",False
early_neutral,6,2930,0.023658780406531157,-1,[1],"[[-0.985718309879303, 0.005790066905319691], [-0.46602025628089905, -0.12606394290924072], [-0.5685396194458008, 0.02942991815507412], [-0.6501834988594055, 0.10712207108736038], [-0.5111188292503357, 0.2230210304260254]]",False
early_neutral,6,2931,0.02332555814728424,-1,[1],"[[-0.985718309879303, 0.005790066905319691], [-0.4723854959011078, -0.12667101621627808], [-0.5686637759208679, 0.028081316500902176], [-0.6601532697677612, 0.10063446313142776], [-0.5177121162414551, 0.2183406800031662]]",False
early_neutral,6,2932,0.02299233588803732,-1,[1],"[[-0.985718309879303, 0.005790066905319691], [-0.4775668978691101, -0.12728425860404968], [-0.5684333443641663, 0.025379255414009094], [-0.6701582074165344, 0.0941239520907402], [-0.5249624848365784, 0.21333087980747223]]",False
early_neutral,6,2933,0.022659113628790403,-1,[1],"[[-0.985718309879303, 0.005790066905319691], [-0.4781278669834137, -0.12735086679458618], [-0.5673985481262207, 0.0219032671302557], [-0.6801820993423462, 0.08761367201805115], [-0.5328272581100464, 0.20806191861629486]]",False
early_neutral,6,2934,0.022325891369543487,-1,[1],"[[-0.985718309879303, 0.005790066905319691], [-0.4781278669834137, -0.12735086679458618], [-0.5659396052360535, 0.01786677911877632], [-0.6899059414863586, 0.08245987445116043], [-0.5402407050132751, 0.2029782235622406]]",False
early_neutral,6,2935,0.021992669110296566,-1,[1],"[[-0.985718309879303, 0.005790066905319691], [-0.4781278669834137, -0.12735086679458618], [-0.5639026761054993, 0.01435426902025938], [-0.6980315446853638, 0.08003569394350052], [-0.5433722734451294, 0.19912995398044586]]",False
early_neutral,6,2936,0.02165944685104965,-1,[1],"[[-0.985718309879303, 0.005790066905319691], [-0.4781278669834137, -0.12735086679458618], [-0.5631710290908813, 0.013554506935179234], [-0.7039470076560974, 0.08055291324853897], [-0.5417417287826538, 0.1953057497739792]]",False
early_neutral,6,2937,0.021326224591802733,-1,[1],"[[-0.985718309879303, 0.005790066905319691], [-0.4781278669834137, -0.12735086679458618], [-0.5631710290908813, 0.013554506935179234], [-0.7089717388153076, 0.08281071484088898], [-0.5390146970748901, 0.1915154606103897]]",False
early_neutral,6,2938,0.020993002332555816,-1,[1],"[[-0.985718309879303, 0.005790066905319691], [-0.4781278669834137, -0.12735086679458618], [-0.5631710290908813, 0.013554506935179234], [-0.7136213183403015, 0.0857444480061531], [-0.5357576012611389, 0.18790671229362488]]",False
early_neutral,6,2939,0.020659780073308896,-1,[1],"[[-0.985718309879303, 0.005790066905319691], [-0.4781278669834137, -0.12735086679458618], [-0.5631710290908813, 0.013554506935179234], [-0.7189387679100037, 0.0891924723982811], [-0.5336412787437439, 0.18580512702465057]]",False
early_neutral,6,2940,0.02032655781406198,-1,[1],"[[-0.985718309879303, 0.005790066905319691], [-0.4781278669834137, -0.12735086679458618], [-0.5631710290908813, 0.013554506935179234], [-0.725064218044281, 0.09317296743392944], [-0.5336166620254517, 0.18578052520751953]]",False
early_neutral,6,2941,0.019993335554815063,-1,[1],"[[-0.985718309879303, 0.005790066905319691], [-0.4781278669834137, -0.12735086679458618], [-0.5631710290908813, 0.013554506935179234], [-0.731600821018219, 0.09742579609155655], [-0.5329320430755615, 0.18601635098457336]]",False
early_neutral,6,2942,0.019660113295568143,-1,[1],"[[-0.985718309879303, 0.005790066905319691], [-0.4781278669834137, -0.12735086679458618], [-0.5631710290908813, 0.013554506935179234], [-0.7379199266433716, 0.10152103006839752], [-0.5298698544502258, 0.18732692301273346]]",False
early_neutral,6,2943,0.019326891036321226,-1,[1],"[[-0.985718309879303, 0.005790066905319691], [-0.4781278669834137, -0.12735086679458618], [-0.5631710290908813, 0.013554506935179234], [-0.7437055110931396, 0.10548072308301926], [-0.5260893702507019, 0.1894507110118866]]",False
early_neutral,6,2944,0.01899366877707431,-1,[1],"[[-0.985718309879303, 0.005790066905319691], [-0.4789094924926758, -0.12783659994602203], [-0.5631710290908813, 0.013554506935179234], [-0.7480131387710571, 0.107717365026474], [-0.5217390656471252, 0.19237010180950165]]",False
early_neutral,6,2945,0.01866044651782739,-1,[1],"[[-0.985718309879303, 0.005790066905319691], [-0.4818139374256134, -0.12942925095558167], [-0.5639182329177856, 0.01342157181352377], [-0.7516447305679321, 0.10766175389289856], [-0.517539918422699, 0.19554124772548676]]",False
early_neutral,6,2946,0.018327224258580473,-1,[1],"[[-0.9859511852264404, 0.006312682293355465], [-0.48598670959472656, -0.13136734068393707], [-0.5675005316734314, 0.012988617643713951], [-0.7558404803276062, 0.10621433705091476], [-0.5147892832756042, 0.19879528880119324]]",False
early_neutral,6,2947,0.017994001999333556,-1,[1],"[[-0.9866544604301453, 0.008347723633050919], [-0.4910459816455841, -0.1338302195072174], [-0.5724130272865295, 0.012765719555318356], [-0.7608170509338379, 0.10391635447740555], [-0.5165311694145203, 0.20201310515403748]]",False
early_neutral,6,2948,0.01766077974008664,-1,[1],"[[-0.9872757792472839, 0.011301172897219658], [-0.4959374964237213, -0.136548712849617], [-0.5786564946174622, 0.01270497776567936], [-0.7662017941474915, 0.10078628361225128], [-0.5202876329421997, 0.20543193817138672]]",False
early_neutral,6,2949,0.01732755748083972,-1,[1],"[[-0.9876463413238525, 0.014103417284786701], [-0.499092698097229, -0.13854394853115082], [-0.5861658453941345, 0.012730438262224197], [-0.7722798585891724, 0.09705447405576706], [-0.5250537991523743, 0.20930486917495728]]",False
early_neutral,6,2950,0.016994335221592802,-1,[1],"[[-0.9879288673400879, 0.017027612775564194], [-0.49939271807670593, -0.1387961357831955], [-0.5948002338409424, 0.012857664376497269], [-0.7788744568824768, 0.09282400459051132], [-0.5309107899665833, 0.21357247233390808]]",False
early_neutral,6,2951,0.016661112962345886,-1,[1],"[[-0.9881091117858887, 0.01989765837788582], [-0.49939271807670593, -0.1387961357831955], [-0.6044018268585205, 0.01304005179554224], [-0.7859693765640259, 0.08822211623191833], [-0.5374771952629089, 0.21776182949543]]",False
early_neutral,6,2952,0.016327890703098966,-1,[1],"[[-0.9880177974700928, 0.022001881152391434], [-0.49939271807670593, -0.1387961357831955], [-0.6147935390472412, 0.013270477764308453], [-0.7936122417449951, 0.0832575187087059], [-0.544549286365509, 0.22157922387123108]]",False
early_neutral,6,2953,0.01599466844385205,-1,[1],"[[-0.98755943775177, 0.023420365527272224], [-0.49939271807670593, -0.1387961357831955], [-0.6254578828811646, 0.01351119950413704], [-0.801942765712738, 0.07867500185966492], [-0.5514951944351196, 0.224764883518219]]",False
early_neutral,6,2954,0.015661446184605132,-1,[1],"[[-0.9878389239311218, 0.022503061220049858], [-0.500982403755188, -0.13925009965896606], [-0.6367302536964417, 0.013764116913080215], [-0.8092089295387268, 0.07695133239030838], [-0.5572638511657715, 0.22661010921001434]]",False
early_neutral,6,2955,0.015328223925358214,-1,[1],"[[-0.9882067441940308, 0.02003481797873974], [-0.5043821334838867, -0.14015881717205048], [-0.6467878818511963, 0.014020570553839207], [-0.8149719834327698, 0.07842931151390076], [-0.5633893609046936, 0.22787828743457794]]",False
early_neutral,6,2956,0.014995001666111295,-1,[1],"[[-0.9882426857948303, 0.01800340786576271], [-0.5091428756713867, -0.14133557677268982], [-0.6559651494026184, 0.014348332770168781], [-0.8203621506690979, 0.08178102970123291], [-0.5697087049484253, 0.22865411639213562]]",False
early_neutral,6,2957,0.014661779406864379,-1,[1],"[[-0.9884006381034851, 0.016989558935165405], [-0.514779806137085, -0.14255934953689575], [-0.6644386649131775, 0.014723476953804493], [-0.8261562585830688, 0.08590152114629745], [-0.5761187672615051, 0.22899073362350464]]",False
early_neutral,6,2958,0.01432855714761746,-1,[1],"[[-0.9884249567985535, 0.01690618135035038], [-0.5208775401115417, -0.14369089901447296], [-0.6708464026451111, 0.015099228359758854], [-0.8328542113304138, 0.0903477817773819], [-0.5825473666191101, 0.228978231549263]]",False
early_neutral,6,2959,0.013995334888370544,-1,[1],"[[-0.9884249567985535, 0.01690618135035038], [-0.5271337032318115, -0.1446605920791626], [-0.6772410273551941, 0.015560280531644821], [-0.8401766419410706, 0.09516862034797668], [-0.5888122916221619, 0.2288513034582138]]",False
early_neutral,6,2960,0.013662112629123625,-1,[1],"[[-0.9884249567985535, 0.01690618135035038], [-0.53337562084198, -0.14541390538215637], [-0.6835969686508179, 0.01606987789273262], [-0.8478383421897888, 0.10017798840999603], [-0.5952355265617371, 0.22861304879188538]]",False
early_neutral,6,2961,0.013328890369876709,-1,[1],"[[-0.9884249567985535, 0.01690618135035038], [-0.5396377444267273, -0.14594562351703644], [-0.689845860004425, 0.016602372750639915], [-0.8544821739196777, 0.10394397377967834], [-0.6016494035720825, 0.2282841056585312]]",False
early_neutral,6,2962,0.01299566811062979,-1,[1],"[[-0.9884249567985535, 0.01690618135035038], [-0.5460518002510071, -0.1462671011686325], [-0.696218729019165, 0.017177214846014977], [-0.859016478061676, 0.10443218797445297], [-0.607922375202179, 0.22795629501342773]]",False
early_neutral,6,2963,0.012662445851382872,-1,[1],"[[-0.9884249567985535, 0.01690618135035038], [-0.5524582266807556, -0.14642348885536194], [-0.7031839489936829, 0.017775338143110275], [-0.8622023463249207, 0.10220794379711151], [-0.6143167018890381, 0.22762718796730042]]",False
early_neutral,6,2964,0.012329223592135955,-1,[1],"[[-0.9884249567985535, 0.01690618135035038], [-0.5587427020072937, -0.14646121859550476], [-0.7113889455795288, 0.01834920607507229], [-0.8614013195037842, 0.09906523674726486], [-0.6207313537597656, 0.22730503976345062]]",False
early_neutral,6,2965,0.011996001332889037,-1,[1],"[[-0.9884249567985535, 0.01690618135035038], [-0.5651751756668091, -0.14638258516788483], [-0.7204834818840027, 0.018839452415704727], [-0.8575363755226135, 0.09594070911407471], [-0.6270726919174194, 0.2270297259092331]]",False
early_neutral,6,2966,0.01166277907364212,-1,[1],"[[-0.9884249567985535, 0.01690618135035038], [-0.5716041326522827, -0.14622220396995544], [-0.7296584844589233, 0.019191762432456017], [-0.8524754643440247, 0.09246056526899338], [-0.6334133744239807, 0.22680845856666565]]",False
early_neutral,6,2967,0.011329556814395202,-1,[1],"[[-0.9884249567985535, 0.01690618135035038], [-0.5778728723526001, -0.146047443151474], [-0.7388437390327454, 0.019401932135224342], [-0.8470419049263, 0.08842866122722626], [-0.6398554444313049, 0.22663816809654236]]",False
early_neutral,6,2968,0.010996334555148283,-1,[1],"[[-0.9879573583602905, 0.016455037519335747], [-0.5842995643615723, -0.14585041999816895], [-0.7480343580245972, 0.01944592595100403], [-0.8458408117294312, 0.08455399423837662], [-0.6471444368362427, 0.2265273779630661]]",False
early_neutral,6,2969,0.010663112295901367,-1,[1],"[[-0.9860246181488037, 0.014790824614465237], [-0.5895589590072632, -0.14567650854587555], [-0.7572228312492371, 0.019310060888528824], [-0.8490269184112549, 0.08091606944799423], [-0.6556451320648193, 0.2265104204416275]]",False
early_neutral,6,2970,0.010329890036654448,-1,[1],"[[-0.9830179214477539, 0.012541265226900578], [-0.5902026891708374, -0.14565293490886688], [-0.7653058171272278, 0.01898779161274433], [-0.8528836369514465, 0.07671046257019043], [-0.6635781526565552, 0.22653326392173767]]",False
early_neutral,6,2971,0.009996667777407531,-1,[1],"[[-0.9816398620605469, 0.010462981648743153], [-0.5919727683067322, -0.14565883576869965], [-0.7729781270027161, 0.018245169892907143], [-0.8565369248390198, 0.07157950848340988], [-0.6700066328048706, 0.22636958956718445]]",False
early_neutral,6,2972,0.009663445518160613,-1,[1],"[[-0.9818102121353149, 0.008283209055662155], [-0.5960969924926758, -0.1459103524684906], [-0.7817056775093079, 0.017257506027817726], [-0.8601245880126953, 0.06598024070262909], [-0.676500678062439, 0.22603203356266022]]",False
early_neutral,6,2973,0.009330223258913695,-1,[1],"[[-0.9823024272918701, 0.006623081397265196], [-0.6015230417251587, -0.14662526547908783], [-0.7910898327827454, 0.01594710350036621], [-0.8647891879081726, 0.06034701690077782], [-0.6839959025382996, 0.2254723608493805]]",False
early_neutral,6,2974,0.008997000999666778,-1,[1],"[[-0.9827070832252502, 0.005891893990337849], [-0.6072624921798706, -0.14761821925640106], [-0.8003302812576294, 0.014140221290290356], [-0.8707355260848999, 0.05463185906410217], [-0.6926217675209045, 0.224632129073143]]",False
early_neutral,6,2975,0.00866377874041986,-1,[1],"[[-0.9829200506210327, 0.005732241552323103], [-0.6133000254631042, -0.14887890219688416], [-0.809289276599884, 0.011890806257724762], [-0.8771599531173706, 0.0490204393863678], [-0.7016730308532715, 0.22359302639961243]]",False
early_neutral,6,2976,0.008330556481172943,-1,[1],"[[-0.9717708230018616, 5.173860298524069e-11], [-0.4135110378265381, -0.23210525512695312], [-0.5055146813392639, -0.07535884529352188], [-0.5055146813392639, 0.07535884529352188], [-0.4135110378265381, 0.2321052849292755]]",False
early_neutral,6,2977,0.007997334221926024,-1,[1],"[[-0.9678217172622681, 2.8190885736911753e-10], [-0.4135110378265381, -0.23210525512695312], [-0.5055146813392639, -0.07535884529352188], [-0.5055146813392639, 0.07535884529352188], [-0.4135110378265381, 0.2321052849292755]]",False
early_neutral,6,2978,0.007664111962679107,-1,[1],"[[-0.962325394153595, 4.2027731295135595e-10], [-0.4135110378265381, -0.23210525512695312], [-0.5055146813392639, -0.07535884529352188], [-0.5055146813392639, 0.07535884529352188], [-0.4135110378265381, 0.2321052849292755]]",False
early_neutral,6,2979,0.007330889703432189,-1,[1],"[[-0.9551452994346619, 0.0001625571894692257], [-0.4135110378265381, -0.23210525512695312], [-0.5055146813392639, -0.07535884529352188], [-0.5055146813392639, 0.07535884529352188], [-0.4135110378265381, 0.2321052849292755]]",False
early_neutral,6,2980,0.006997667444185272,-1,[0],"[[-0.9470090270042419, 0.0003955677675548941], [-0.4135110378265381, -0.23210525512695312], [-0.5055146813392639, -0.07535884529352188], [-0.5055146813392639, 0.07535884529352188], [-0.4135110378265381, 0.2321052849292755]]",False
early_neutral,6,2981,0.006664445184938354,-1,[0],"[[-0.9396990537643433, 0.0006063740001991391], [-0.4135110378265381, -0.23210525512695312], [-0.5055146813392639, -0.07535884529352188], [-0.5055146813392639, 0.07535884529352188], [-0.4135110378265381, 0.2321052849292755]]",False
early_neutral,6,2982,0.006331222925691436,-1,[0],"[[-0.9340208172798157, 0.00060637341812253], [-0.4146122634410858, -0.23222386837005615], [-0.5070953965187073, -0.07500912249088287], [-0.5077902674674988, 0.07482083886861801], [-0.41559475660324097, 0.23225368559360504]]",False
early_neutral,6,2983,0.005998000666444518,-1,[0],"[[-0.9280890822410583, 0.0006063727778382599], [-0.4184320867061615, -0.23256370425224304], [-0.5110478401184082, -0.0738423615694046], [-0.5116863250732422, 0.07352036237716675], [-0.4198862612247467, 0.2322918176651001]]",False
early_neutral,6,2984,0.005664778407197601,-1,[0],"[[-0.9225425124168396, 0.0006063721957616508], [-0.4236947000026703, -0.23290014266967773], [-0.5159225463867188, -0.07183054834604263], [-0.5152579545974731, 0.07200948894023895], [-0.42556625604629517, 0.23197142779827118]]",False
early_neutral,6,2985,0.005331556147950683,-1,[0],"[[-0.9167555570602417, 0.0012781539699062705], [-0.42964842915534973, -0.23322048783302307], [-0.5209550857543945, -0.0692242980003357], [-0.5187958478927612, 0.07154153287410736], [-0.4319697320461273, 0.2315651774406433]]",False
early_neutral,6,2986,0.004998333888703766,-1,[0],"[[-0.9102384448051453, 0.003341676201671362], [-0.43587908148765564, -0.23353412747383118], [-0.5256178975105286, -0.06634153425693512], [-0.5225827097892761, 0.072509765625], [-0.43837425112724304, 0.23116618394851685]]",False
early_neutral,6,2987,0.004665111629456847,-1,[0],"[[-0.9027679562568665, 0.005917707923799753], [-0.44229623675346375, -0.23383526504039764], [-0.5298295021057129, -0.06317964941263199], [-0.5262224674224854, 0.07387706637382507], [-0.44474902749061584, 0.2307649552822113]]",False
early_neutral,6,2988,0.00433188937020993,-1,[0],"[[-0.8942980766296387, 0.00873538851737976], [-0.4487019181251526, -0.23410457372665405], [-0.5334309339523315, -0.059713445603847504], [-0.5282996892929077, 0.0747935026884079], [-0.4510210156440735, 0.23035943508148193]]",False
early_neutral,6,2989,0.003998667110963012,-1,[0],"[[-0.8849923014640808, 0.011766978539526463], [-0.45498040318489075, -0.23433005809783936], [-0.5363559126853943, -0.05598769336938858], [-0.5285336971282959, 0.07530760020017624], [-0.4574216604232788, 0.22993478178977966]]",False
early_neutral,6,2990,0.0036654448517160947,-1,[0],"[[-0.8753395080566406, 0.014836643822491169], [-0.46140745282173157, -0.23452186584472656], [-0.5384442210197449, -0.052031707018613815], [-0.5287676453590393, 0.07582169026136398], [-0.4638150632381439, 0.22949309647083282]]",False
early_neutral,6,2991,0.003332222592469177,-1,[0],"[[-0.8651425838470459, 0.018005337566137314], [-0.46783447265625, -0.23466064035892487], [-0.5396198630332947, -0.0479193776845932], [-0.5288073420524597, 0.07590886205434799], [-0.4700535237789154, 0.22903737425804138]]",False
early_neutral,6,2992,0.002999000333222259,-1,[0],"[[-0.8543543815612793, 0.021295994520187378], [-0.4741062521934509, -0.23472073674201965], [-0.5388314723968506, -0.043855175375938416], [-0.5288307666778564, 0.07596039026975632], [-0.47644275426864624, 0.2285453975200653]]",False
early_neutral,6,2993,0.0026657780739753416,-1,[0],"[[-0.8430335521697998, 0.02466469816863537], [-0.4805399477481842, -0.2347049117088318], [-0.5362718105316162, -0.040077585726976395], [-0.5284630060195923, 0.07627677917480469], [-0.4828280210494995, 0.22803246974945068]]",False
early_neutral,6,2994,0.0023325558147284237,-1,[1],"[[-0.8314827680587769, 0.028016963973641396], [-0.48694881796836853, -0.23457174003124237], [-0.5330243110656738, -0.0365191288292408], [-0.5274128317832947, 0.07671748846769333], [-0.4890522062778473, 0.22752122581005096]]",True
early_neutral,6,2995,0.001999333555481506,-1,[1],"[[-0.8228330016136169, 0.030636535957455635], [-0.4931495785713196, -0.23419307172298431], [-0.527999997138977, -0.03410041704773903], [-0.5246758460998535, 0.07721257954835892], [-0.4954332411289215, 0.22698599100112915]]",True
early_neutral,6,2996,0.0016661112962345886,-1,[1],"[[-0.8193665146827698, 0.03182219713926315], [-0.4994974136352539, -0.23353314399719238], [-0.5222601890563965, -0.03223154693841934], [-0.5213676691055298, 0.07763982564210892], [-0.5018121004104614, 0.2264399230480194]]",True
early_neutral,6,2997,0.0013328890369876708,-1,[1],"[[-0.8213876485824585, 0.03164132311940193], [-0.5052508115768433, -0.23271656036376953], [-0.5164638757705688, -0.03056606650352478], [-0.5173769593238831, 0.07787907868623734], [-0.508049488067627, 0.22589632868766785]]",True
early_neutral,6,2998,0.000999666777740753,-1,[1],"[[-0.8254238963127136, 0.030971882864832878], [-0.5064554214477539, -0.23254071176052094], [-0.510552167892456, -0.029181165620684624], [-0.5127365589141846, 0.0781630277633667], [-0.5144050121307373, 0.2253326177597046]]",True
early_neutral,6,2999,0.0006664445184938354,-1,[1],"[[-0.8296908140182495, 0.0299021415412426], [-0.5064554214477539, -0.23254071176052094], [-0.5043635368347168, -0.028039366006851196], [-0.5072880983352661, 0.07904046028852463], [-0.5207698345184326, 0.22474409639835358]]",True
early_neutral,6,3000,0.0003332222592469177,-1,[1],"[[-0.8328575491905212, 0.028943981975317], [-0.5045751929283142, -0.23148730397224426], [-0.49811387062072754, -0.027161192148923874], [-0.5004784464836121, 0.07928421348333359], [-0.5269729495048523, 0.223977729678154]]",True
