n_steps,left_score,right_score,win,draw,loss,sap,sbf,mecha,cv,possession_fraction,sap_1st_half,sap_2nd_half,sbf_1st_half,sbf_2nd_half,mecha_1st_half,mecha_2nd_half,cv_1st_half,cv_2nd_half,episode
3000,0,4,0,0,1,46.958333333333336,155.25,0.0703748656038374,0.05576490214515408,0.009333333333333334,47.53333333333333,46.38333333333333,75.25,79.75,0.07145803432397062,0.06539228949122476,0.06080120790890799,0.04552272322238272,0
3000,0,2,0,0,1,49.55833333333333,163.75,0.04082847388589512,0.06344494075941731,0.029333333333333333,48.8,50.31666666666666,77.5,86.25,0.06287521775023774,0.03302731836466619,0.06235574024687841,0.061766369876033275,1
3000,0,4,0,0,1,47.71666666666667,161.5,0.040545658712546,0.058049455773177425,0.04066666666666666,52.400000000000006,43.03333333333333,78.75,82.75,0.034651034148321214,0.04538452962347681,0.028288555991285276,0.0821075502115337,2
3000,0,5,0,0,1,51.79166666666667,163.75,0.039488756662106494,0.06646987721625636,0.027666666666666666,51.63333333333333,51.949999999999996,87.0,76.5,0.04360999057537085,0.03809285485277502,0.05515295262210787,0.07187029624558822,3
3000,0,2,0,0,1,49.84166666666667,169.75,0.05390129352663014,0.06771908630800284,0.016,48.983333333333334,50.7,89.25,80.5,0.050406065919869666,0.05421904149088109,0.054525207959248784,0.07297417837636554,4
3000,0,3,0,0,1,48.983333333333334,155.25,0.04167184161787348,0.05858839037819518,0.007,48.35,49.61666666666667,75.5,79.75,0.0,0.04167184161787348,0.026776687283835213,0.08661322884679971,5
3000,0,4,0,0,1,49.925000000000004,161.0,0.0569574802057677,0.019021010897272796,0.009,48.55,51.300000000000004,85.75,75.0,0.0565221319662263,0.05708186541706524,0.010935805496688739,0.02599314389358094,6
3000,0,4,0,0,1,50.56666666666667,157.0,0.03989527198653025,0.03770727909511969,0.053,49.983333333333334,51.15,73.0,84.0,0.03730299420783012,0.04287288835395607,0.03303639459079645,0.04114044710913449,7
3000,0,2,0,0,1,49.233333333333334,152.25,0.03736155929244493,0.07654748671002143,0.018,50.0,48.46666666666667,72.0,80.25,0.036158815452255924,0.04157116273310648,0.06490633096446871,0.08637361613441293,8
3000,0,2,0,0,1,49.358333333333334,171.0,0.06755198039986451,0.06051616070687253,0.03966666666666667,46.766666666666666,51.949999999999996,92.0,79.0,0.07334114380623245,0.05611838267228779,0.06887131778450147,0.049864844296517996,9
3000,0,3,0,0,1,46.75833333333333,154.75,0.048773166540851544,0.08123377630729349,0.051,46.28333333333333,47.233333333333334,80.25,74.5,0.08605743074824132,0.019726123495559512,0.10911812736540387,0.04945930544480937,10
3000,0,5,0,0,1,48.20833333333333,164.5,0.044467897024672284,0.07340074814082337,0.008,49.983333333333334,46.43333333333333,77.25,87.25,0.044467897024672284,0.0,0.0995713194175763,0.04395982576800252,11
3000,0,4,0,0,1,53.108333333333334,162.5,0.05725181751265766,0.043121306626094744,0.015,57.25,48.96666666666666,81.75,80.5,0.05881341406072374,0.0541286244165255,0.028816738410735464,0.044387186307563255,12
3000,0,4,0,0,1,51.6,149.25,0.07636869756162207,0.058091946722578815,0.02266666666666667,50.74999999999999,52.449999999999996,73.0,76.0,0.051367817740469474,0.08753930343915835,0.06123529730978916,0.05240772056118779,13
3000,0,1,0,0,1,46.858333333333334,155.75,0.05778843466013653,0.0691170569759082,0.025333333333333333,43.28333333333333,50.43333333333333,77.25,78.25,0.0703505382315942,0.044547298463194634,0.040701780977124236,0.06478991945096421,14
3000,0,0,0,1,0,49.94166666666667,165.75,0.0,0.004249369676723957,0.0,50.66666666666667,49.21666666666666,85.25,80.5,0.0,0.0,0.0029617973191426433,0.004921648825524694,15
3000,0,4,0,0,1,52.425,170.25,0.03900357552753351,0.04800080764596165,0.013333333333333334,54.516666666666666,50.33333333333333,80.25,90.0,0.032921236834682614,0.06333293029893705,0.058571825772506206,0.03671744844922863,16
3000,0,5,0,0,1,48.141666666666666,165.25,0.03495770469172857,0.04489531586069112,0.04733333333333333,45.5,50.78333333333334,83.75,81.5,0.04634214084072927,0.028178209007492204,0.041844079592236405,0.04200474679393347,17
3000,0,4,0,0,1,49.475,158.0,0.07148030311351228,0.06269800398071843,0.03333333333333333,50.583333333333336,48.36666666666667,77.25,80.75,0.08103162985299274,0.05022089843531381,0.05490337282347103,0.05973363770295741,18
3000,0,2,0,0,1,50.24166666666666,152.5,0.07474778486718138,0.05589656847839338,0.012,48.983333333333334,51.5,74.75,77.75,0.10319739547749052,0.06222995619864536,0.03665724308739404,0.03169092593377511,19
3000,0,2,0,0,1,49.19166666666667,162.25,0.04693755297055079,0.04519569181919659,0.015333333333333332,46.96666666666667,51.416666666666664,80.75,81.5,0.05059936542571193,0.045495020791244914,0.04479396562418798,0.03808995552550027,20
3000,0,6,0,0,1,46.74166666666667,141.0,0.04057916793605075,0.06444725498655776,0.035,47.56666666666667,45.916666666666664,64.5,76.5,0.056516290027567494,0.03190749856272546,0.05579374081567325,0.042177343209939946,21
3000,0,0,0,1,0,50.625,160.25,0.019487940252004534,0.0562497400333146,0.052,50.14999999999999,51.1,75.75,84.5,0.037834122188199946,0.013372546273272726,0.03820929038377055,0.033458211567401544,22
3000,0,5,0,0,1,50.90833333333333,160.75,0.05258022558843978,0.08868697148083642,0.019666666666666666,53.98333333333334,47.833333333333336,83.25,77.5,0.05368336350948574,0.04961554242562873,0.10586230747899379,0.07030942887625832,23
3000,0,4,0,0,1,51.975,160.25,0.06501714117143767,0.0742883729059001,0.011333333333333334,53.800000000000004,50.14999999999999,85.5,74.5,0.058231365787980965,0.1735895473067449,0.021404238068499403,0.12382255314615545,24
3000,0,2,0,0,1,46.891666666666666,159.5,0.04201053984852418,0.05217372521330361,0.037,45.56666666666666,48.21666666666667,77.5,81.5,0.05037014083146332,0.03318651658875511,0.037058713989401484,0.05362724889433376,25
3000,0,2,0,0,1,49.516666666666666,165.25,0.04502264541852263,0.06951087696722727,0.014666666666666666,48.583333333333336,50.449999999999996,86.25,79.0,0.02881608045267626,0.06122921038436901,0.08849966623132972,0.04945464685037615,26
3000,0,3,0,0,1,51.53333333333333,158.75,0.020096421761016385,0.06533158272868735,0.06133333333333333,53.1,49.96666666666666,77.0,81.75,0.025519362087286532,0.01859004944816357,0.06724044902307784,0.04352043383697758,27
3000,0,1,0,0,1,46.125,155.75,0.023128451857436078,0.04621684218802215,0.029333333333333333,45.2,47.05,75.25,80.0,0.024097740147812723,0.020543683083098372,0.02113377624488803,0.06562990303612275,28
3000,0,1,0,0,1,47.93333333333333,161.75,0.07176112028572648,0.09338872403693807,0.010666666666666666,48.6,47.266666666666666,84.0,77.75,0.08527393327729633,0.04596393184727501,0.03585830322952803,0.131162144380943,29
3000,0,2,0,0,1,51.2,154.5,0.06021050136740985,0.063043569832636,0.02666666666666667,50.5,51.9,74.25,80.25,0.0746027438970563,0.042619982720064196,0.04769431440331248,0.03400618895015152,30
3000,0,1,0,0,1,51.483333333333334,162.75,0.013060258622319458,0.06806388375512142,0.012,51.74999999999999,51.21666666666667,79.0,83.5,0.07133550249258856,0.01139525165459748,0.05928989915896957,0.06267615525360211,31
3000,0,1,0,0,1,48.06666666666667,153.5,0.043050729105379264,0.03462925392401963,0.010666666666666666,46.68333333333333,49.45,72.5,81.0,0.05894633958112758,0.022613515636560007,0.052275177211687465,0.013979687885355562,32
3000,0,4,0,0,1,53.0,158.25,0.03972651943694477,0.06553505855329186,0.031,53.15,52.849999999999994,78.25,80.0,0.04654960154902009,0.032448565184064436,0.05399720984131944,0.07623967977025606,33
3000,0,6,0,0,1,50.275000000000006,168.75,0.04618397796846488,0.05865535836969694,0.043,51.7,48.85,89.0,79.75,0.049946940011888076,0.03891461947548824,0.056120551135351186,0.05015802736163669,34
3000,0,2,0,0,1,53.949999999999996,152.0,0.02273713469185111,0.04440534135690144,0.03,55.2,52.7,77.5,74.5,0.0,0.02273713469185111,0.04128204645025154,0.04390311923794984,35
3000,0,1,0,0,1,47.516666666666666,159.0,0.04534599576374268,0.05085855641446028,0.024666666666666667,44.78333333333334,50.24999999999999,85.25,73.75,0.04534599576374268,0.0,0.07768668815874215,0.010896544104406505,36
3000,0,2,0,0,1,51.55833333333333,142.0,0.043918007971194384,0.04314048227466227,0.012333333333333333,56.03333333333333,47.083333333333336,68.0,74.0,0.05453616693130618,0.04098886067185318,0.043727809521500564,0.042540771084782505,37
3000,0,4,0,0,1,50.93333333333333,153.25,0.030414646123114945,0.06261904488304174,0.03666666666666667,51.05,50.81666666666666,73.25,80.0,0.024910216352955084,0.04444206392449008,0.0782160897371279,0.04587352451465922,38
3000,0,3,0,0,1,47.875,165.5,0.03387033548446239,0.06287594523677037,0.049666666666666665,47.583333333333336,48.16666666666667,83.25,82.25,0.03654329190357805,0.031161258032655965,0.10111433909437631,0.01813427212442627,39
3000,0,2,0,0,1,49.025,154.25,0.024368119440260478,0.06913992841558012,0.025,49.5,48.55,75.5,78.75,0.032966723795016105,0.019531404490710433,0.06789073206157566,0.06919646685067707,40
3000,0,2,0,0,1,48.333333333333336,160.25,0.03785743831823998,0.05759167363840152,0.023333333333333334,44.28333333333334,52.38333333333334,81.0,79.25,0.042452614591267694,0.031730536620869706,0.04661946321990862,0.05585110825221799,41
3000,0,3,0,0,1,51.95833333333333,155.0,0.059890687199673664,0.065987567691938,0.027666666666666666,52.76666666666666,51.15,78.0,77.0,0.06346157457648335,0.05474440833309502,0.0625231075095617,0.06442982688496345,42
3000,0,2,0,0,1,51.24999999999999,156.75,0.06257883474557527,0.01672503454451956,0.004333333333333333,51.583333333333336,50.916666666666664,80.5,76.25,0.06257883474557527,0.0,0.02857347614589152,0.004156421249574647,43
3000,0,2,0,0,1,50.30833333333333,165.5,0.06047373770449432,0.059308882379259485,0.02666666666666667,51.866666666666674,48.75,84.75,80.75,0.05932663388352423,0.06272546001973188,0.03730896576388632,0.06665529902523859,44
3000,0,2,0,0,1,49.00833333333333,162.25,0.06873598861835921,0.01885970002461937,0.006,52.55,45.46666666666667,79.75,82.5,0.06873598861835921,0.0,0.030122249881962746,0.005608632581866596,45
3000,0,2,0,0,1,49.99166666666667,158.25,0.042441667792650156,0.05989546232142444,0.035666666666666666,48.63333333333333,51.349999999999994,75.25,82.75,0.03618975707530472,0.047723454433166126,0.04309889508237277,0.053223003296918495,46
3000,0,3,0,0,1,50.724999999999994,156.75,0.06342757448725368,0.08572178954874424,0.028333333333333332,50.66666666666667,50.78333333333334,77.0,79.75,0.08941350503239316,0.04523742310565606,0.09496662204658142,0.07423187113528523,47
3000,0,3,0,0,1,51.15833333333333,154.0,0.05431573607644409,0.06762097468835171,0.034666666666666665,54.18333333333333,48.13333333333333,70.0,84.0,0.05012257316464527,0.056831633823523374,0.05696613896219648,0.07752173284429878,48
3000,0,4,0,0,1,49.46666666666666,158.25,0.046154877186862564,0.06455657561607984,0.020666666666666667,49.96666666666666,48.96666666666666,80.25,78.0,0.030995945577004524,0.058638703218510356,0.041428925945929666,0.08159341142281651,49
3000,0,2,0,0,1,48.59166666666667,154.0,0.06827779472509256,0.053521411947358245,0.017333333333333333,43.43333333333334,53.75,76.5,77.5,0.06875179372212845,0.0675193963298351,0.06859711120572755,0.03079807179083627,50
3000,0,8,0,0,1,50.458333333333336,154.75,0.03865713519208055,0.0552037691121072,0.037333333333333336,48.0,52.916666666666664,78.75,75.75,0.050003336373838955,0.03235369009110366,0.04029016714107652,0.06379711118397068,51
3000,0,1,0,0,1,52.608333333333334,167.0,0.04047011900521535,0.05712218843318259,0.025333333333333333,48.583333333333336,56.63333333333333,83.75,82.5,0.04854525003311796,0.033576714469200894,0.05847879048900201,0.030025009188258275,52
3000,0,1,0,0,1,48.61666666666667,156.0,0.032569582222744385,0.137092135824572,0.014,49.05,48.18333333333334,77.75,78.25,0.0,0.032569582222744385,0.005686601270017845,0.09858711222631937,53
3000,0,2,0,0,1,48.81666666666667,159.5,0.06963271077943248,0.04260874013499861,0.02,46.25,51.38333333333334,82.75,76.75,0.08233752125218563,0.03998815300967507,0.03881315672526575,0.044829559415586875,54
3000,0,5,0,0,1,52.916666666666664,156.5,0.034017989614225974,0.041587765050127894,0.006666666666666667,52.1,53.733333333333334,73.5,83.0,0.06074459024639784,0.029301530679136826,0.04322577208009576,0.03511142727165172,55
3000,0,3,0,0,1,51.81666666666666,151.75,0.056623542199576174,0.04736224529783661,0.018,48.53333333333333,55.1,72.75,79.0,0.05538321116883975,0.060535355450360324,0.04512912559295504,0.026147281395542354,56
3000,0,5,0,0,1,48.875,146.5,0.04727874145869485,0.04762187125926063,0.023333333333333334,52.13333333333333,45.61666666666667,77.0,69.5,0.044372253328209925,0.051154058966008074,0.051872459034756235,0.03432480389217699,57
3000,0,1,0,0,1,47.975,152.5,0.04755971986005648,0.03658990203624414,0.024333333333333332,49.416666666666664,46.53333333333333,70.75,81.75,0.05595453948092799,0.04100766552181532,0.04168086136889418,0.031140779132950727,58
3000,0,2,0,0,1,50.25833333333334,156.75,0.03563877665909382,0.05632842365003041,0.026,49.93333333333334,50.583333333333336,76.75,79.75,0.06211329636284098,0.023872323457428412,0.05226381909017124,0.05830871989748196,59
3000,0,2,0,0,1,51.65,163.5,0.06311753811156051,0.040597533597874415,0.016666666666666666,51.76666666666667,51.53333333333333,79.25,84.25,0.050270532327501005,0.11450556124779855,0.06086519669128375,0.01964244912674897,60
3000,0,3,0,0,1,50.05,154.5,0.04314519044035627,0.053486852228915104,0.026,47.599999999999994,52.5,73.5,81.0,0.030880564158603015,0.07247364459237492,0.07888397955289682,0.017316916134664545,61
3000,0,3,0,0,1,49.325,148.75,0.06762630662766485,0.08136552159857603,0.017333333333333333,50.63333333333333,48.016666666666666,75.25,73.5,0.07191056484905956,0.06130192544370122,0.08857366485910598,0.07252499693895949,62
3000,0,4,0,0,1,45.94166666666666,162.5,0.031930630704235276,0.06978197011001414,0.034,47.983333333333334,43.9,89.5,73.0,0.030245803943464062,0.033260757094317826,0.05024396685877884,0.08482090977249285,63
3000,0,2,0,0,1,48.8,165.25,0.047527259220405224,0.10580796043138511,0.012666666666666666,47.15,50.449999999999996,82.0,83.25,0.03834868557380344,0.05772567438329609,0.040393965644353914,0.04548683471851897,64
3000,0,1,0,0,1,52.208333333333336,163.0,0.016406088914797102,0.07357991996771879,0.048666666666666664,51.78333333333334,52.63333333333333,83.25,79.75,0.03311933476468933,0.007963315238047419,0.0878538553546848,0.028443421485824367,65
3000,0,1,0,0,1,48.1,146.5,0.04226449288208297,0.03766337121598684,0.022333333333333334,47.31666666666667,48.88333333333333,77.0,69.5,0.040679130818980024,0.043803226649212275,0.046028191526774336,0.0254013344347149,66
3000,0,1,0,0,1,47.43333333333333,163.5,0.07243199865575925,0.07883293557783637,0.02,45.916666666666664,48.949999999999996,76.25,87.25,0.07133302897759985,0.07419990639888527,0.09547551338038987,0.038191990242963644,67
3000,0,3,0,0,1,50.175000000000004,158.0,0.04909193611855644,0.043461620332335735,0.029,52.0,48.35,79.75,78.25,0.04708044041889706,0.06298954277074856,0.051375236635240476,0.022847230637081235,68
3000,0,4,0,0,1,50.083333333333336,155.75,0.0372726663804658,0.05363278562836865,0.005333333333333333,48.733333333333334,51.43333333333333,75.5,80.25,0.05012828567875776,0.02074401299694755,0.044308334323120535,0.05052200252047791,69
3000,0,0,0,1,0,52.125,155.25,0.056810687735576744,0.024059895710225408,0.0003333333333333333,49.15,55.1,78.25,77.0,0.056810687735576744,0.0,0.005783685023696268,0.006200013098164852,70
3000,0,5,0,0,1,51.733333333333334,149.5,0.06068431694505007,0.07100605599426497,0.007666666666666666,50.2,53.266666666666666,75.25,74.25,0.05927569912791674,0.06251552010732339,0.02908239322348207,0.0764475475729373,71
3000,0,5,0,0,1,47.41666666666667,165.0,0.040479693302864744,0.058888365059440964,0.016666666666666666,48.66666666666667,46.166666666666664,83.25,81.75,0.022038918618632337,0.07326329274150012,0.04635465978833923,0.06849958135879539,72
3000,0,6,0,0,1,54.300000000000004,165.25,0.03486393312146277,0.04500744221324353,0.015,52.900000000000006,55.7,79.0,86.0,0.043576809965222854,0.02397283706676268,0.03505356224867516,0.05382784955604279,73
3000,0,2,0,0,1,47.61666666666667,157.25,0.03793705986251994,0.0555875470941216,0.028666666666666667,51.76666666666667,43.46666666666666,80.75,76.5,0.037196444851896264,0.03974416048844172,0.05709972198092939,0.05375213842595136,74
3000,0,3,0,0,1,48.71666666666667,160.75,0.03201571022239599,0.06157694373945854,0.015,48.55,48.88333333333333,80.25,80.5,0.031201544433849225,0.06783900491845372,0.07204267867991117,0.04148949084053979,75
3000,0,2,0,0,1,50.625,171.0,0.033329860990177686,0.047698116127769,0.0033333333333333335,50.7,50.55,85.5,85.5,0.06694119075734643,0.02959526879382561,0.057574321177761956,0.031726695382089345,76
3000,0,2,0,0,1,53.425,158.5,0.03361894154638824,0.05656830392099292,0.027,53.449999999999996,53.400000000000006,75.0,83.5,0.039575282021757835,0.03125694446132789,0.057902329237947636,0.041018084126135036,77
3000,0,4,0,0,1,48.949999999999996,154.75,0.04124155616906291,0.04425579072523379,0.02,46.81666666666667,51.083333333333336,79.5,75.25,0.06804436099312064,0.02680927664841646,0.024795120950560138,0.05570662180175918,78
3000,0,2,0,0,1,47.825,148.25,0.05796114270689107,0.07019576360932198,0.031,49.53333333333333,46.11666666666667,77.0,71.25,0.06570526898918115,0.03800512497945119,0.06853256868230433,0.0664020215184212,79
3000,0,3,0,0,1,50.224999999999994,155.5,0.03940667128802527,0.04590907295734253,0.035,48.583333333333336,51.866666666666674,73.5,82.0,0.04107769480912996,0.03620387620590794,0.03593723673554955,0.05492676955878069,80
3000,0,3,0,0,1,51.075,146.5,0.05223533656427054,0.05440361674500331,0.016666666666666666,48.68333333333334,53.46666666666666,73.75,72.75,0.046426883767420574,0.05804378936112052,0.047390728251689655,0.05750109935146184,81
3000,0,3,0,0,1,49.94166666666667,150.0,0.03044181404055626,0.04701994520474954,0.017,48.78333333333333,51.1,71.25,78.75,0.04150298442289006,0.0189381968429291,0.04630341644506193,0.042823241034395595,82
3000,0,2,0,0,1,50.3,155.5,0.04167417493456042,0.05347794826358735,0.026,48.15,52.449999999999996,74.75,80.75,0.04939292472171436,0.03998569841862049,0.05276054699504256,0.05315378935205895,83
3000,0,1,0,0,1,47.333333333333336,148.25,0.0333774438846613,0.056314211642497544,0.017333333333333333,44.9,49.766666666666666,67.5,80.75,0.023030100845456467,0.0566589657228722,0.037694778661536824,0.0689087912808064,84
3000,0,1,0,0,1,46.208333333333336,156.5,0.027086542640483432,0.03292710493541114,0.024,45.25,47.16666666666667,78.25,78.0,0.021530903884016298,0.0344343229312948,0.025557931226740244,0.0318866233227846,85
3000,0,4,0,0,1,49.775000000000006,162.0,0.04590307184534006,0.07594645419112592,0.026,51.24999999999999,48.3,79.5,82.25,0.03651798761737443,0.04871859711372975,0.0620801386420605,0.08609597959390727,86
3000,0,5,0,0,1,51.625,157.75,0.042978540128337045,0.07722203660246363,0.01633333333333333,50.13333333333333,53.11666666666667,83.0,74.75,0.04507785035990731,0.042297682755935886,0.06902351063986546,0.0635260981332354,87
3000,0,4,0,0,1,49.45,165.75,0.026754900864109123,0.061392709424327355,0.024333333333333332,48.31666666666667,50.583333333333336,87.25,78.5,0.06076729176156295,0.0242539897687081,0.024007878159351355,0.052607991087207484,88
3000,0,4,0,0,1,46.825,155.25,0.05348537759140535,0.07231619383676476,0.012,47.266666666666666,46.38333333333333,78.5,76.75,0.05656547723912834,0.05102129787322698,0.05166972002617747,0.09295004557550963,89
3000,0,1,0,0,1,49.99166666666667,153.25,0.03591894148330644,0.066017465167018,0.026333333333333334,50.483333333333334,49.5,71.5,81.75,0.03695648673621156,0.030125980487919566,0.03953556097040244,0.05324186783036888,90
3000,0,3,0,0,1,48.391666666666666,156.5,0.03214576090858634,0.10980607066998775,0.03,45.11666666666667,51.66666666666667,80.0,76.5,0.027610307616532867,0.07863415715213444,0.17038186598314242,0.04409295212730758,91
3000,0,4,0,0,1,45.15,156.0,0.04121130276631966,0.06133776550310529,0.030333333333333334,45.0,45.300000000000004,75.75,80.25,0.03711283066245258,0.04276375432081476,0.06553962724505787,0.04879605902721636,92
3000,0,2,0,0,1,50.125,159.0,0.051902980318324354,0.04449027636216266,0.023,46.58333333333333,53.666666666666664,79.75,79.25,0.06719393532643286,0.044257502814270086,0.016890807864981577,0.046028713077572385,93
3000,0,4,0,0,1,52.84166666666666,160.25,0.05284043901774176,0.04752574772932825,0.02,55.85,49.833333333333336,77.5,82.5,0.039879924374004776,0.06580095366147877,0.061754125797856996,0.030209219383713896,94
3000,0,2,0,0,1,53.24166666666667,143.5,0.03131603768329281,0.0639012305726281,0.032,55.95,50.53333333333333,68.25,75.25,0.017466748296105176,0.0633126717847263,0.07258853822069783,0.04950164260993518,95
3000,0,4,0,0,1,48.74166666666667,164.0,0.062226573972640566,0.032170994125194266,0.021666666666666667,50.583333333333336,46.9,82.0,82.0,0.06209525189609195,0.06245091585341108,0.0216186923314737,0.04241356833970876,96
3000,0,3,0,0,1,49.75833333333333,151.0,0.06876992803356269,0.04892823129279697,0.013666666666666667,51.849999999999994,47.66666666666667,70.5,80.5,0.07266707340802053,0.0679675745741155,0.04116030260798173,0.05298248337634079,97
3000,0,2,0,0,1,52.65,160.5,0.037191402323998014,0.038105249506492356,0.036,53.766666666666666,51.53333333333333,77.0,83.25,0.020147699996480705,0.07767019535185166,0.04885202715028912,0.02497656819145086,98
3000,0,2,0,0,1,50.28333333333334,155.0,0.057711507828051914,0.04113089444673675,0.007333333333333333,48.266666666666666,52.300000000000004,70.25,84.5,0.07184800955810546,0.04963350683944989,0.04388045211907264,0.03671088132572082,99
3000,0,3,0,0,1,51.30833333333334,164.25,0.03771996777706369,0.06003744054042073,0.02266666666666667,50.4,52.21666666666667,83.75,80.25,0.0768433718264735,0.02568199730032222,0.05458971555251689,0.04441131091779645,100
3000,0,1,0,0,1,50.724999999999994,161.75,0.05940895447030465,0.05503717851995579,0.024,52.483333333333334,48.96666666666666,86.5,75.25,0.06871922692378894,0.039574026199838165,0.06914544674372819,0.03964026985476626,101
3000,0,3,0,0,1,50.416666666666664,156.75,0.060378743210585124,0.06422969638033045,0.01633333333333333,53.266666666666666,47.56666666666667,79.5,77.25,0.061193200029111494,0.05976790059669035,0.08476227263244623,0.04357772976473427,102
3000,0,2,0,0,1,49.125,151.5,0.042412977466871574,0.05546303873046575,0.014666666666666666,49.9,48.35,70.25,81.0,0.059864015983100156,0.031425286549246166,0.033982462133773234,0.028351476858829987,103
3000,0,2,0,0,1,51.175000000000004,158.25,0.0432858473620986,0.026182497445324256,0.012,52.233333333333334,50.11666666666667,80.5,77.75,0.03318038380053892,0.06349677448521798,0.02823714415328566,0.02315698410415267,104
3000,0,2,0,0,1,50.59166666666667,165.75,0.06976251795081088,0.03590728432291214,0.011666666666666667,51.74999999999999,49.43333333333334,85.0,80.75,0.06892029076622697,0.0701485387437452,0.031582903911541026,0.03947781733270543,105
3000,0,1,0,0,1,50.608333333333334,155.25,0.03939824800189834,0.0504890990545521,0.039,50.93333333333333,50.28333333333334,82.25,73.0,0.033775131233361254,0.05312526834862125,0.05080928135124253,0.05010057765685127,106
3000,0,6,0,0,1,50.96666666666667,161.0,0.04424706513519843,0.06950433994530407,0.019333333333333334,51.96666666666667,49.96666666666666,82.25,78.75,0.0400685071331451,0.05218632533909975,0.062421797103990595,0.06183050201066757,107
3000,0,6,0,0,1,51.0,161.0,0.06812119943335647,0.05006470739799387,0.028,48.03333333333333,53.96666666666666,74.0,86.75,0.061769263850301084,0.08082507059946722,0.047769707768477526,0.05230895341588462,108
3000,0,1,0,0,1,49.625,149.75,0.06369761973714029,0.052343064818573364,0.014333333333333333,48.75,50.5,77.75,72.0,0.07305498602678145,0.05070127766819419,0.06909924255979448,0.02921995532900933,109
3000,0,2,0,0,1,54.574999999999996,154.75,0.04044224814220187,0.06918385644140651,0.029333333333333333,54.85,54.300000000000004,76.5,78.25,0.07373000602573654,0.02570832252162094,0.02689697870820437,0.0676087961354243,110
3000,0,6,0,0,1,48.75833333333333,149.5,0.0644586224913024,0.052390333401420325,0.007,48.03333333333333,49.483333333333334,75.0,74.5,0.06534697314890454,0.06327415494783285,0.03921841215943201,0.06335746996800416,111
3000,0,2,0,0,1,51.90833333333333,157.75,0.09623244359247256,0.04680880468766768,0.019,47.833333333333336,55.98333333333333,83.25,74.5,0.12952405676676193,0.06831044544629442,0.05884957690652663,0.03325926163426404,112
3000,0,2,0,0,1,50.24999999999999,156.25,0.043215098710263904,0.03805378616880979,0.017,51.71666666666667,48.78333333333333,81.5,74.5,0.08185350739943661,0.018287093104346033,0.014244002703329893,0.0617827304839923,113
3000,0,2,0,0,1,54.86666666666666,152.25,0.035270285138064045,0.047236874138726424,0.018333333333333333,51.55,58.18333333333333,75.75,76.5,0.030887459168556643,0.04943018442416488,0.051430967129004905,0.039997567085134834,114
3000,0,3,0,0,1,53.45833333333333,159.25,0.023866397663465846,0.05593811141124936,0.033666666666666664,55.86666666666667,51.05,79.75,79.5,0.04850020428740356,0.014878387138515602,0.08639612725395258,0.024956120119776288,115
3000,0,2,0,0,1,53.1,162.0,0.04625374351634603,0.09028713447031111,0.010333333333333333,52.36666666666666,53.833333333333336,78.25,83.75,0.048154565608039324,0.036369468639540894,0.06718815753119685,0.08989475815751002,116
3000,0,3,0,0,1,53.71666666666667,162.0,0.032699620375062514,0.06842181488009388,0.023666666666666666,53.400000000000006,54.03333333333333,82.25,79.75,0.019930949134391526,0.04007707486967242,0.060634303396104754,0.0672127849477538,117
3000,0,3,0,0,1,49.675000000000004,155.25,0.04122464769435565,0.06513869002402124,0.015666666666666666,50.0,49.35,82.5,72.75,0.03859767183453406,0.043346435888826945,0.05366266768682059,0.07490303611875923,118
3000,0,5,0,0,1,51.416666666666664,156.5,0.043922929028974066,0.07127298411233653,0.027,49.18333333333334,53.65,78.75,77.75,0.03683585794268231,0.048795290400799655,0.04926862843658289,0.08949541016926084,119
3000,0,6,0,0,1,51.68333333333334,157.75,0.05262114766402125,0.040907433968416916,0.035,51.33333333333333,52.03333333333333,79.75,77.75,0.06552631417318176,0.04879739462426998,0.01833001058048679,0.04523467736322454,120
3000,0,5,0,0,1,51.24999999999999,169.5,0.035155962880604935,0.0568716872193682,0.03666666666666667,52.516666666666666,49.983333333333334,83.75,85.5,0.03315388795385412,0.038525308489039276,0.07408915740728056,0.023040147675045846,121
3000,0,1,0,0,1,48.825,155.0,0.025442981357052568,0.04056235128001198,0.036,46.1,51.55,77.25,77.75,0.04373375011957241,0.01993371365749841,0.04002732504844025,0.03905618693244357,122
3000,0,4,0,0,1,49.391666666666666,162.25,0.0460774857711435,0.03509894118823939,0.018333333333333333,47.41666666666667,51.366666666666674,86.25,76.0,0.04712864085396001,0.04231084672438436,0.042282793647037166,0.024573970890379247,123
3000,0,3,0,0,1,50.19166666666667,158.5,0.036825119884790904,0.06661834747448073,0.042666666666666665,50.63333333333333,49.75,72.75,85.75,0.057408923718202685,0.01491332870728803,0.06831203996136226,0.055655875881706715,124
3000,0,2,0,0,1,49.74166666666667,159.0,0.021734330472606346,0.08420815457100475,0.049,48.71666666666667,50.76666666666667,81.0,77.75,0.017362813428889207,0.03521317469073421,0.09906962040891341,0.06750603108535866,125
3000,0,1,0,0,1,50.00833333333333,158.5,0.09731929666701122,0.05468097453698082,0.027,49.416666666666664,50.6,82.5,76.0,0.05599249726356851,0.10381350800183795,0.035216189740753044,0.036106099272553385,126
3000,0,0,0,1,0,52.5,164.0,0.0,0.0047462187457822805,0.0,53.949999999999996,51.05,88.0,76.0,0.0,0.0,0.002841602036729419,0.0021581186648363926,127
3000,0,4,0,0,1,50.366666666666674,167.5,0.05550903134106233,0.08122952480321344,0.03,49.666666666666664,51.06666666666667,81.5,85.75,0.05052451890831259,0.07295482485568645,0.08133196402947726,0.07352637201236756,128
3000,0,5,0,0,1,52.175000000000004,151.25,0.04065834565076383,0.0449142845856593,0.029,51.800000000000004,52.55,79.5,71.75,0.02031758122515239,0.0530888127997486,0.05170422246364961,0.035014189668015026,129
3000,0,5,0,0,1,47.875,155.75,0.04503247421830171,0.06628862747334317,0.011666666666666667,49.5,46.25,72.5,83.25,0.04427615469357888,0.047585052614241244,0.06554546735065306,0.05554878486957458,130
3000,0,4,0,0,1,52.00833333333333,156.0,0.044303260256764836,0.05590945624704429,0.016,54.48333333333333,49.53333333333333,80.25,75.75,0.04286006796096857,0.06017837551052385,0.0696420237386661,0.040570043291214594,131
3000,0,2,0,0,1,52.75,158.25,0.049948759423892305,0.04551376119220327,0.036333333333333336,54.166666666666664,51.33333333333333,79.5,78.5,0.06795274197551007,0.045396028203942985,0.0381831666999241,0.02655645036742893,132
3000,0,3,0,0,1,46.88333333333333,168.0,0.06197049577527209,0.03637648525555448,0.02033333333333333,44.56666666666666,49.2,85.0,83.0,0.07430928310370168,0.056388663412411076,0.035821936133996,0.033266015133031936,133
3000,0,6,0,0,1,51.99166666666667,162.25,0.04519181891526098,0.049966292047322954,0.033666666666666664,50.21666666666667,53.766666666666666,78.0,84.0,0.04690374946539544,0.043760022455148526,0.03805431056873365,0.0598822359659445,134
3000,0,4,0,0,1,48.15,161.0,0.08336786437032256,0.053770905880679,0.023666666666666666,47.333333333333336,48.96666666666666,83.5,77.25,0.05270598522697998,0.09539213070104513,0.06075145234344521,0.04257825043928069,135
3000,0,3,0,0,1,52.1,151.5,0.025555245998810698,0.05687282541069749,0.042,51.866666666666674,52.33333333333333,70.75,80.75,0.02140527584106259,0.0363451684089558,0.038779586405301485,0.06888176634788434,136
3000,0,2,0,0,1,51.449999999999996,153.75,0.05675029022757107,0.049919972036482574,0.019666666666666666,51.083333333333336,51.81666666666666,76.75,77.0,0.076120505833432,0.04890996486329402,0.05939997333027759,0.03972284079493842,137
3000,0,6,0,0,1,48.6,157.5,0.03318490723233149,0.09160500052957528,0.018333333333333333,46.08333333333333,51.11666666666667,84.0,73.5,0.04534821367137604,0.024442530729268223,0.1103364490396967,0.0674661404903318,138
3000,0,2,0,0,1,48.125,161.5,0.024063596426450097,0.05145768883788652,0.017666666666666667,48.16666666666667,48.083333333333336,84.0,77.5,0.013571293337764983,0.038848205324142744,0.05895534799125769,0.03915238640610452,139
3000,0,3,0,0,1,52.583333333333336,158.25,0.013535676752797201,0.0667714753966272,0.065,52.86666666666666,52.300000000000004,76.75,81.5,0.02795246871711213,0.009931478761718472,0.0410267936149277,0.07683782318456878,140
3000,0,5,0,0,1,51.44166666666666,167.25,0.03906934237880615,0.05523270189381992,0.02033333333333333,51.81666666666666,51.06666666666667,83.0,84.25,0.037433401549034157,0.041591417824704636,0.08158093824299387,0.014259113907516413,141
3000,0,3,0,0,1,48.24166666666667,165.25,0.038902201444509635,0.04040621276083924,0.02,46.85,49.63333333333333,81.5,83.75,0.05577412470714619,0.023118789360107715,0.04960588142433021,0.02998725727852115,142
3000,0,2,0,0,1,49.74166666666667,157.0,0.015103387968720561,0.04618456045722609,0.022,49.333333333333336,50.14999999999999,86.0,71.0,0.05613563484490189,0.011000163281102432,0.02659770446553126,0.04658347333747823,143
3000,0,4,0,0,1,49.7,159.0,0.04153074762735848,0.0679479356499226,0.030666666666666665,48.199999999999996,51.2,83.75,75.25,0.07226411358822024,0.02351463654685328,0.0653399604280301,0.054933828319247945,144
3000,0,3,0,0,1,46.2,165.75,0.04950004998182675,0.0644943280914272,0.017,47.016666666666666,45.38333333333333,85.25,80.25,0.07071016921540012,0.03690654168689257,0.0654398258148056,0.06347506999841054,145
3000,0,4,0,0,1,49.53333333333333,149.75,0.044483091056304234,0.08350340821634367,0.015666666666666666,51.516666666666666,47.55,73.25,76.5,0.040375966712752606,0.0679523730194564,0.10574416887566528,0.0518879528697334,146
3000,0,3,0,0,1,51.66666666666667,166.5,0.034206511085537815,0.06501377530584407,0.046,47.599999999999994,55.733333333333334,85.75,80.75,0.03665083322850599,0.03176218894256963,0.038362017120168956,0.0633014215486656,147
3000,0,2,0,0,1,51.69166666666667,150.0,0.05426738167917498,0.03231507291861385,0.051666666666666666,51.9,51.483333333333334,75.0,75.0,0.04792772667027618,0.05896869887678532,0.037099818413473824,0.027478389819949448,148
3000,0,4,0,0,1,48.68333333333334,143.5,0.08001883595548229,0.08557479767577783,0.023,49.8,47.56666666666667,70.75,72.75,0.06186516712105668,0.09033342052049684,0.07488079219693183,0.04811428650511868,149
3000,0,3,0,0,1,50.24999999999999,164.75,0.051846484805901503,0.04846762298610873,0.019333333333333334,52.300000000000004,48.199999999999996,79.5,85.25,0.048708695134704036,0.06008318269279482,0.04013085005729624,0.05397745230244619,150
3000,0,4,0,0,1,51.55833333333333,158.0,0.04811538719325979,0.08768724429678096,0.012666666666666666,47.71666666666667,55.400000000000006,76.0,82.0,0.04300942141100665,0.05686847139140807,0.08301233042002344,0.08087276917774276,151
3000,0,3,0,0,1,49.625,158.75,0.06485331008861142,0.07894411948174333,0.028333333333333332,47.983333333333334,51.26666666666667,81.25,77.5,0.03510028329301298,0.09531474228410505,0.051772825011557486,0.09414615665285792,152
3000,0,2,0,0,1,51.80833333333334,162.0,0.042224436601319346,0.049838236890823825,0.029,53.2,50.416666666666664,82.75,79.25,0.046044159554831335,0.039120911701590856,0.053800513556465666,0.03018127428843789,153
3000,0,3,0,0,1,49.15,159.0,0.027904820421470553,0.1005557085845211,0.059333333333333335,48.61666666666667,49.68333333333334,79.25,79.75,0.031917045102401745,0.019163902366584742,0.06002074193907403,0.13147420298917448,154
3000,0,0,0,1,0,47.85,157.5,0.04574149237031596,0.032467532322118076,0.015,48.31666666666667,47.38333333333333,80.0,77.25,0.044039729813957935,0.056802948986643044,0.022012853181679618,0.04056169752725886,155
3000,0,0,0,1,0,49.03333333333333,164.0,0.02379481272469577,0.027492486633087607,0.006,44.4,53.666666666666664,82.0,82.0,0.05985765723183321,0.019286957161303596,0.0028666263103372135,0.022204402295340393,156
3000,0,1,0,0,1,48.69166666666666,156.25,0.05975126438157274,0.03790240329596502,0.011,50.21666666666667,47.16666666666667,84.0,72.0,0.05975126438157274,0.0,0.05537948221597173,0.005931508243270035,157
3000,0,4,0,0,1,48.59166666666667,154.0,0.05229566835506751,0.0610918389078586,0.031,46.0,51.18333333333334,75.75,78.25,0.0477257591666421,0.062380985184696036,0.06953178571763212,0.03684534158364547,158
3000,0,5,0,0,1,45.65,159.75,0.06481832003506126,0.08298090024772348,0.05566666666666667,46.35,44.95,79.0,80.75,0.1253358951768559,0.022209006925022187,0.04931453631584547,0.07297598712326361,159
3000,0,3,0,0,1,49.36666666666667,158.5,0.02742706568456764,0.04099906343873352,0.02,49.46666666666666,49.266666666666666,77.75,80.75,0.027099539341061366,0.028191293819415632,0.0461934984582206,0.028150271728981997,160
3000,0,2,0,0,1,48.70833333333333,148.25,0.018147747815737667,0.06758150543818,0.02666666666666667,46.916666666666664,50.5,71.5,76.75,0.01326544915526823,0.031019262466066167,0.09096848413909427,0.036808895427470456,161
3000,0,3,0,0,1,45.99166666666667,159.75,0.029539280886208497,0.05406430245456208,0.050333333333333334,48.43333333333334,43.55,80.75,79.0,0.021075968555729185,0.04613401094597189,0.05390098008957709,0.03684884210150491,162
3000,0,1,0,0,1,49.19166666666667,160.25,0.050240538034074224,0.0450486521980696,0.024333333333333332,48.46666666666667,49.916666666666664,73.5,86.75,0.06083486762855283,0.03321393690009076,0.031236061027013217,0.05429740242695989,163
3000,0,2,0,0,1,50.75833333333334,160.75,0.04129478123857275,0.04861548334874206,0.017,48.0,53.516666666666666,80.5,80.25,0.044538043332289536,0.03534880073342529,0.030691529343128056,0.061013841800863125,164
3000,0,4,0,0,1,54.925000000000004,165.5,0.024602877377574255,0.054195181191147766,0.024666666666666667,55.666666666666664,54.18333333333333,78.0,87.25,0.01599980615009294,0.058441624205667404,0.05821072785975452,0.04892772048686097,165
3000,0,1,0,0,1,50.65833333333334,160.5,0.048296035291070905,0.06445955665444619,0.028333333333333332,48.266666666666666,53.05,83.75,76.75,0.08618396852845095,0.025420302015671654,0.0651301481667698,0.036338883507529965,166
3000,0,1,0,0,1,50.541666666666664,154.0,0.043563029584651664,0.04247440228880699,0.005666666666666667,50.88333333333333,50.2,76.5,77.25,0.043563029584651664,0.0,0.05712405516850464,0.006042789486435842,167
3000,0,2,0,0,1,52.00833333333333,160.5,0.046926750623183175,0.0654546884888618,0.027,50.81666666666666,53.2,80.0,80.25,0.054286758113348384,0.036221285182942875,0.05059350003379924,0.0402879340518009,168
3000,0,1,0,0,1,46.65833333333333,162.0,0.012223845239247848,0.05515242165105491,0.024666666666666667,46.916666666666664,46.400000000000006,79.25,82.75,0.04582330659283303,0.007571612128751441,0.0530638941460088,0.052832240675451406,169
3000,0,4,0,0,1,49.75833333333333,164.25,0.05598214672240383,0.03992790956042025,0.03133333333333333,50.96666666666667,48.55,87.0,77.0,0.05831035252010914,0.049892993097636014,0.028689710559017378,0.025977476481106532,170
3000,0,1,0,0,1,47.56666666666667,158.5,0.05346452578038444,0.056087274118669046,0.017,48.81666666666667,46.31666666666667,75.5,83.0,0.06897017825526741,0.03131359367340879,0.05083081854046013,0.05463262976062516,171
3000,0,1,0,0,1,48.3,161.5,0.03770172266349401,0.05013488530856213,0.035666666666666666,49.083333333333336,47.516666666666666,81.5,80.0,0.03210172298293749,0.041464222448867924,0.06039964093830079,0.03746656711364566,172
3000,0,4,0,0,1,50.71666666666667,161.25,0.05618436056499135,0.036638827152143026,0.011666666666666667,50.866666666666674,50.56666666666667,75.0,86.25,0.0601616577975832,0.050881297588202194,0.028000408078405904,0.042192068277407936,173
3000,0,2,0,0,1,49.78333333333333,155.75,0.029396452710804818,0.05957893922953484,0.06266666666666666,49.583333333333336,49.983333333333334,71.25,84.5,0.025438044088947512,0.03497882384419333,0.08057450939008626,0.022237606474795557,174
3000,0,3,0,0,1,51.775000000000006,161.75,0.02286561738491378,0.05508414849712594,0.035,53.766666666666666,49.78333333333333,84.5,77.25,0.010338045618169629,0.04792076091840208,0.049761876972621764,0.05291328965789799,175
3000,0,2,0,0,1,51.708333333333336,154.25,0.05323252822563403,0.0506336158402593,0.029,52.55,50.866666666666674,80.25,74.0,0.06111889609520951,0.044384408176841986,0.06071212722540881,0.03483807031807399,176
3000,0,5,0,0,1,48.59166666666667,159.5,0.0786033864623253,0.057556849909791916,0.009333333333333334,46.35,50.83333333333333,80.5,78.75,0.051210089907182926,0.09914835887868206,0.0404199877866733,0.04636448658316294,177
3000,0,3,0,0,1,50.449999999999996,162.75,0.04985679545730646,0.06936653513686257,0.006,52.416666666666664,48.483333333333334,83.5,79.25,0.020318156740845937,0.05829640651915232,0.057261106595091774,0.08138996635116126,178
3000,0,1,0,0,1,51.233333333333334,160.5,0.02385203899812454,0.03869276667282292,0.04533333333333334,48.733333333333334,53.733333333333334,81.75,78.75,0.012148502048364672,0.05096999046708032,0.0528975510121367,0.023022036682796114,179
3000,0,3,0,0,1,49.05,164.0,0.053002801084552034,0.05144329393871435,0.031,50.4,47.699999999999996,84.25,79.75,0.054921883878806727,0.05067248626295703,0.03827738255223181,0.03486986273491588,180
3000,0,2,0,0,1,48.61666666666667,158.5,0.0585941498512869,0.054790785278384345,0.016,48.016666666666666,49.21666666666666,76.75,81.75,0.07013546325033758,0.044954415834227,0.05550126496904169,0.030202508177770614,181
3000,0,4,0,0,1,48.375,160.5,0.04813498887954976,0.09104734079670751,0.028333333333333332,49.666666666666664,47.083333333333336,77.75,82.75,0.06631435480473234,0.04391948373747845,0.0963514037414648,0.08443902969281548,182
3000,0,2,0,0,1,49.31666666666666,155.25,0.04447864900898776,0.038016400496776,0.008333333333333333,49.43333333333334,49.2,78.5,76.75,0.042442967221522306,0.05262137615884958,0.05095770627604605,0.009698027748347349,183
3000,0,3,0,0,1,47.65,165.75,0.05131477120957286,0.08515120260686108,0.015333333333333332,47.11666666666667,48.18333333333334,85.5,80.25,0.04876756136423771,0.06550636891929736,0.06471316135087234,0.030198953244269633,184
3000,0,4,0,0,1,49.90833333333333,157.25,0.0381559844336023,0.04795053213643021,0.031,48.25,51.56666666666667,74.25,83.0,0.06959903138781391,0.021661271277294575,0.05548550289678697,0.030576175762253157,185
3000,0,2,0,0,1,52.525,154.25,0.04320747784299335,0.06604526398089083,0.042666666666666665,50.43333333333333,54.61666666666667,73.75,80.25,0.03841028597099599,0.046384838693277336,0.05735029689423664,0.056766925745296765,186
3000,0,4,0,0,1,50.8,158.5,0.03324795974386185,0.059307708421414654,0.03666666666666667,51.71666666666667,49.88333333333333,79.75,78.75,0.06432226150145608,0.02362972348555886,0.044487654172565366,0.07083177038551682,187
3000,0,2,0,0,1,48.21666666666667,155.25,0.04821788063065795,0.06061501713342918,0.013333333333333334,46.916666666666664,49.516666666666666,81.0,74.0,0.05667030639974757,0.046104774188385544,0.05830832952855251,0.058559104972869896,188
3000,0,4,0,0,1,48.541666666666664,168.75,0.0612055460631555,0.06340305936629398,0.029,49.166666666666664,47.91666666666667,81.0,87.5,0.06043099800229869,0.06363983996870547,0.05731905144501538,0.06412357419655583,189
3000,0,2,0,0,1,50.391666666666666,160.75,0.028670459019453066,0.05003730533707411,0.056666666666666664,48.55,52.233333333333334,79.25,81.5,0.030303515993919693,0.02644768702642905,0.06340367147696412,0.032696741427665765,190
3000,0,3,0,0,1,52.175000000000004,166.0,0.07115891711670705,0.04840152598842814,0.023666666666666666,54.36666666666666,49.983333333333334,78.75,87.25,0.04012345838808019,0.0996779872997696,0.06587128949321529,0.030478695531674052,191
3000,0,3,0,0,1,47.233333333333334,163.75,0.03785486897046711,0.06363982241433158,0.014,46.53333333333333,47.93333333333333,80.0,83.5,0.04658231653222217,0.03349114518958957,0.04732775691224822,0.07685813604029665,192
3000,0,2,0,0,1,51.65833333333333,159.75,0.03741436647774005,0.059067367825768505,0.041666666666666664,51.65,51.66666666666667,77.5,82.25,0.054073938924684796,0.03013777161585614,0.04732097477838795,0.06501010939166031,193
3000,0,2,0,0,1,51.84166666666666,167.0,0.05594497315519582,0.03511566906974678,0.02666666666666667,50.349999999999994,53.333333333333336,82.0,85.0,0.05412178577664749,0.0638454517955719,0.03839608918571977,0.023794439083882228,194
3000,0,4,0,0,1,48.55,157.5,0.034841890739242695,0.08044372419965753,0.021666666666666667,46.31666666666667,50.78333333333334,77.25,80.25,0.02923385266131693,0.047459976414575646,0.06719625970034901,0.08908317736780653,195
3000,0,4,0,0,1,50.175000000000004,153.0,0.04197823020062968,0.06466864391882131,0.03333333333333333,49.63333333333333,50.71666666666667,75.75,76.75,0.03485005882792986,0.05069043965615167,0.06016880011415279,0.06244501137839014,196
3000,0,1,0,0,1,46.55833333333334,161.75,0.05139745922019614,0.0629528060623739,0.024,46.08333333333333,47.03333333333333,73.25,88.5,0.06578746825351398,0.02593821246894151,0.06431075419489626,0.03387320844695476,197
3000,0,1,0,0,1,51.68333333333334,153.0,0.030508249513493426,0.05928515235996862,0.041,50.06666666666667,53.300000000000004,73.5,79.5,0.033656594811957,0.026615749871756644,0.04528238089291423,0.06901991866615569,198
3000,0,2,0,0,1,50.016666666666666,149.75,0.05376916554008665,0.06302088616455517,0.019,52.68333333333334,47.349999999999994,75.5,74.25,0.04828775689812655,0.05673208913033534,0.04848952370833632,0.04924491244096902,199
3000,0,3,0,0,1,51.324999999999996,158.25,0.05342935698330638,0.033951154954683566,0.014333333333333333,50.13333333333333,52.516666666666666,75.75,82.5,0.061678215628180065,0.0468990105561147,0.030781230226721135,0.03374281867618579,200
3000,0,4,0,0,1,46.88333333333333,156.25,0.048154035776855106,0.06900283839435759,0.032,47.699999999999996,46.06666666666667,82.0,74.25,0.04366882500688394,0.05096679507327769,0.07476964346566048,0.059395516983937816,201
3000,0,2,0,0,1,49.00833333333333,149.5,0.06173605055237768,0.06498962743371094,0.014,45.050000000000004,52.96666666666666,67.25,82.25,0.06219854052402676,0.05248625111939616,0.060038602792190005,0.0469090092089222,202
3000,0,2,0,0,1,48.05833333333333,161.75,0.014718081354459124,0.056272342820152754,0.07033333333333333,48.68333333333334,47.43333333333333,88.5,73.0,0.011888769192771872,0.0167031632743526,0.049700427384242754,0.047662748603787705,203
3000,0,1,0,0,1,50.608333333333334,154.75,0.0,0.06336735883020511,0.0,49.2,52.016666666666666,72.5,82.25,0.0,0.0,0.03614910257216323,0.01686077468430065,204
3000,0,3,0,0,1,49.475,154.0,0.04155439411154034,0.05603216054018599,0.024,48.63333333333333,50.31666666666666,84.5,69.25,0.03666706754723597,0.050201202648386546,0.035906249780281646,0.06437610632360243,205
3000,0,1,0,0,1,48.65,140.25,0.044488654791236835,0.04818913986808467,0.02033333333333333,50.849999999999994,46.45,70.0,70.25,0.07358444944342377,0.029213362598838687,0.05294874002180876,0.026749271667597843,206
3000,0,3,0,0,1,52.28333333333334,158.75,0.037267525865590775,0.07393894003168847,0.06266666666666666,52.0,52.56666666666666,78.25,80.25,0.02931147385923455,0.04733241093387274,0.06767354901484385,0.07769291395444605,207
3000,0,3,0,0,1,49.791666666666664,164.0,0.05285510489167,0.03591665667028172,0.011666666666666667,51.76666666666667,47.81666666666667,81.75,82.25,0.03157962042987799,0.06881171823801399,0.02860881480939202,0.04212401611950079,208
3000,0,2,0,0,1,49.13333333333333,164.5,0.03704040896073319,0.05485245841707327,0.019666666666666666,46.266666666666666,52.0,77.0,87.5,0.07315630807807523,0.023601934870559414,0.06821413448245488,0.04040132826030841,209
3000,0,4,0,0,1,49.18333333333334,164.0,0.039111268569243456,0.05863103180454718,0.059333333333333335,52.96666666666666,45.4,78.75,85.25,0.03368559769098806,0.049015270966058865,0.055317717840388754,0.061246919625992775,210
3000,0,4,0,0,1,48.61666666666667,159.5,0.021989474902650987,0.05175521127345506,0.054,50.26666666666667,46.96666666666667,76.0,83.25,0.025097583399579633,0.016264011881992932,0.04705190747986819,0.05337549684477258,211
3000,0,5,0,0,1,51.824999999999996,153.5,0.054923541228010436,0.05574873243773719,0.019666666666666666,50.9,52.75,82.5,71.0,0.05962774890586915,0.052511127034236736,0.039541342008224234,0.06493296717653768,212
3000,0,5,0,0,1,47.041666666666664,145.75,0.020638863578898402,0.04559905914575238,0.030333333333333334,46.483333333333334,47.599999999999994,69.75,76.0,0.0405615553775046,0.014286700976444253,0.04558252028834723,0.036254281123417546,213
3000,0,6,0,0,1,51.775000000000006,159.0,0.05741308864881905,0.07211256271997572,0.02666666666666667,52.083333333333336,51.46666666666667,80.25,78.75,0.053540901688837426,0.06128527560880069,0.07291878754175642,0.07021305123149602,214
3000,0,3,0,0,1,50.7,167.75,0.06760528453729961,0.06082578174847913,0.03133333333333333,51.38333333333334,50.016666666666666,88.0,79.75,0.04833567820583436,0.07755088780515264,0.058058022535610675,0.06063372448388912,215
3000,0,3,0,0,1,50.275000000000006,161.5,0.05629152412810216,0.052644082357512285,0.024,50.26666666666667,50.28333333333334,85.75,75.75,0.045482148864915556,0.06136531251694485,0.04708534843740399,0.05452847620524212,216
3000,0,3,0,0,1,49.275000000000006,153.75,0.05910649236062462,0.060064234612994385,0.022,49.583333333333336,48.96666666666666,78.5,75.0,0.06344384398826708,0.05151612701225032,0.07645283164414093,0.023696212014310155,217
3000,0,3,0,0,1,52.55,171.0,0.05280537242936806,0.02620184063759076,0.008333333333333333,51.4,53.7,85.25,85.75,0.04782942566510491,0.05671504488700337,0.015482182758244197,0.03180979508134651,218
3000,0,1,0,0,1,49.55833333333333,151.25,0.05540274898492732,0.07281899827797825,0.03233333333333333,51.233333333333334,47.88333333333333,78.25,73.0,0.07244802595869071,0.03800236207421051,0.0749614851839852,0.06055632056685602,219
3000,0,2,0,0,1,51.208333333333336,159.0,0.04575970243903769,0.061871565735249615,0.024666666666666667,48.46666666666667,53.949999999999996,76.75,82.0,0.05958278031479793,0.03116867579240185,0.05174217043550935,0.07050969053318078,220
3000,0,2,0,0,1,47.75833333333333,160.5,0.0583670586821777,0.06121774857719561,0.029,48.8,46.71666666666667,81.0,79.5,0.05573330956977444,0.06528065010223637,0.06275078940523633,0.04564302278067438,221
3000,0,3,0,0,1,48.15833333333333,167.25,0.051514213590179145,0.05427971359298356,0.022,48.083333333333336,48.233333333333334,81.5,85.75,0.07616525754569621,0.03219312508450361,0.060570698104777436,0.0472994493404264,222
3000,0,0,0,1,0,47.733333333333334,157.5,0.015049472589923254,0.046777197303435394,0.060333333333333336,49.4,46.06666666666667,75.5,81.75,0.023098189685816835,0.009223734501466945,0.04937758356789118,0.030628393919600046,223
3000,0,5,0,0,1,51.88333333333334,159.75,0.043697468461647994,0.045656621393137226,0.03166666666666667,50.66666666666667,53.1,78.75,81.0,0.04439262413846392,0.0427818975702319,0.05375488704893522,0.03233907532162747,224
3000,0,5,0,0,1,48.6,158.25,0.027908199625565996,0.05727634338499041,0.03166666666666667,45.46666666666667,51.733333333333334,81.0,77.25,0.05079919960408247,0.018819126104684464,0.041894292203274404,0.05955928959219597,225
3000,0,5,0,0,1,48.96666666666666,160.75,0.0591791065290234,0.05484892642589685,0.018666666666666668,48.71666666666667,49.21666666666666,78.0,82.75,0.06225469676661517,0.05610351629143162,0.052279100657687066,0.05414796035284788,226
3000,0,3,0,0,1,47.525,155.25,0.025380154551669584,0.060946727993383236,0.035333333333333335,44.61666666666667,50.43333333333333,76.75,78.5,0.014922018054916865,0.042636079771311564,0.0790609966226555,0.038564697883428645,227
3000,0,6,0,0,1,54.65833333333333,157.75,0.08520894445710683,0.05856782928442078,0.012333333333333333,55.61666666666667,53.7,78.5,79.0,0.04993053024763042,0.11863060002397921,0.05665411020665744,0.05447489780027599,228
3000,0,1,0,0,1,48.825,159.75,0.02102596129717425,0.040490976246811826,0.04666666666666667,46.9,50.74999999999999,77.25,82.25,0.009931883472283482,0.025620478376169407,0.03591228267596207,0.03507744675832537,229
3000,0,2,0,0,1,49.358333333333334,159.5,0.027331663912402767,0.050939068318441104,0.034666666666666665,48.91666666666667,49.8,80.75,78.75,0.04785744894133399,0.0246543876042813,0.03942696111123281,0.0497170690381655,230
3000,0,1,0,0,1,50.141666666666666,159.5,0.046964487456509905,0.03961191880191504,0.024666666666666667,49.13333333333333,51.15,74.0,85.5,0.07720103950003654,0.025166042960013974,0.04260762051648253,0.03057190452478608,231
3000,0,2,0,0,1,49.80833333333333,157.5,0.024777747229136064,0.008842007958536659,0.005333333333333333,51.2,48.41666666666667,76.5,81.0,0.024777747229136064,0.0,0.004453664601269053,0.008306564483756546,232
3000,0,2,0,0,1,51.625,148.0,0.0378206711882958,0.07226075570886886,0.03833333333333333,50.05,53.2,75.5,72.25,0.06290224035832424,0.029748442030125725,0.0787731304020532,0.026692051953787453,233
3000,0,2,0,0,1,52.625,159.25,0.05532397265177716,0.02281193235747913,0.03833333333333333,50.74999999999999,54.50000000000001,78.0,81.25,0.030970747781233567,0.06471316778258913,0.01380493269334429,0.01866145685059427,234
3000,0,5,0,0,1,50.06666666666667,154.75,0.049999440846630494,0.058644436098987486,0.022,48.016666666666666,52.11666666666667,79.5,75.0,0.05279460695758244,0.0486950299948529,0.053138601470330116,0.059663950120158515,235
3000,0,4,0,0,1,51.74999999999999,158.5,0.04499029342684273,0.072353896140011,0.023666666666666666,52.449999999999996,51.05,71.75,86.75,0.04602076095942116,0.043206791928149295,0.07670514996059269,0.06090387551064372,236
3000,0,3,0,0,1,48.475,169.0,0.054714884363138434,0.0584187493758013,0.007666666666666666,44.6,52.349999999999994,83.75,85.25,0.054714884363138434,0.0,0.054614656946074466,0.05483047300202441,237
3000,0,1,0,0,1,50.958333333333336,156.5,0.03368954321747232,0.04725289134653792,0.051,51.449999999999996,50.46666666666667,76.5,80.0,0.031116549627913104,0.03497604001225195,0.05719505282596293,0.034594865314422144,238
3000,0,4,0,0,1,51.016666666666666,162.75,0.05888185982225286,0.06100866271449861,0.026333333333333334,49.333333333333336,52.7,81.75,80.75,0.052630523210565876,0.07732330282672938,0.06420136249190951,0.042701834304415945,239
3000,0,4,0,0,1,48.291666666666664,169.5,0.03744927176385602,0.08050705631036541,0.04733333333333333,50.61666666666667,45.96666666666667,86.25,83.25,0.05426789231917152,0.03085373429118327,0.08352015166454416,0.07574526579622097,240
3000,0,5,0,0,1,48.025,158.75,0.06113931582304466,0.06960185255901,0.02033333333333333,46.733333333333334,49.31666666666666,82.0,76.75,0.06089459709112749,0.06130925938687605,0.06207017371378357,0.07612891378528916,241
3000,0,2,0,0,1,53.05833333333333,166.5,0.05307395189932071,0.04463349813662019,0.022,56.2,49.916666666666664,78.5,88.0,0.05047693067617263,0.061189643221658416,0.057497783616305566,0.02488048114161394,242
3000,0,4,0,0,1,47.44166666666666,170.25,0.03122673276820519,0.06025977702951938,0.025,43.36666666666667,51.516666666666666,88.75,81.5,0.03655704912396308,0.02545222338280081,0.06558802036590487,0.051450620888281236,243
3000,0,3,0,0,1,47.16666666666667,163.0,0.04195551405768302,0.04580660150963117,0.009333333333333334,47.96666666666667,46.36666666666667,83.0,80.0,0.03753448521980293,0.06848168708496352,0.04083815600990457,0.026493369543388195,244
3000,0,4,0,0,1,50.55833333333334,166.0,0.05275477205104563,0.05240713593808316,0.02033333333333333,50.983333333333334,50.13333333333333,85.25,80.75,0.06734724999056968,0.03665272742812251,0.07210397371865103,0.027783383894063807,245
3000,0,3,0,0,1,48.65,157.0,0.043293596231691704,0.07890161572137377,0.035333333333333335,48.05,49.25,79.25,77.75,0.02944608875547562,0.0713842542548729,0.07163141131690426,0.07987672889655006,246
3000,0,5,0,0,1,49.825,164.0,0.03709955610777787,0.07748645896225627,0.037333333333333336,50.18333333333334,49.46666666666666,79.0,85.0,0.02657571465199841,0.04881477584157008,0.05658357167178113,0.0953395152578085,247
3000,0,3,0,0,1,49.833333333333336,160.5,0.05021625293252208,0.03570118122377663,0.012666666666666666,51.05,48.61666666666667,78.0,82.25,0.03564037270066691,0.06641167541236118,0.03637217280321213,0.03428497556601322,248
3000,0,1,0,0,1,47.90833333333334,155.5,0.030073865643828607,0.041599117200703015,0.027333333333333334,49.666666666666664,46.150000000000006,73.0,82.5,0.019929774081709657,0.07934516751697783,0.0586121406368246,0.024241310452319184,249
3000,0,5,0,0,1,50.53333333333333,151.75,0.04812558091961839,0.08675871518577193,0.03933333333333333,48.13333333333333,52.93333333333333,77.0,74.75,0.059153105158348526,0.026621908654094608,0.05504966734359841,0.08520077291489618,250
3000,0,4,0,0,1,51.38333333333334,153.0,0.03024722189130261,0.05043850234176782,0.019,50.11666666666667,52.65,74.0,78.75,0.024976852098632266,0.03332160427036031,0.057301942152205104,0.04251102317232927,251
3000,0,2,0,0,1,49.025,153.5,0.04288339675579216,0.06339216081491161,0.014333333333333333,46.516666666666666,51.53333333333333,76.5,77.0,0.07430104722760852,0.022341086831912226,0.08627099620241235,0.03525720422784408,252
3000,0,1,0,0,1,51.61666666666667,153.75,0.06740295011657184,0.04869947838528089,0.019666666666666666,51.61666666666667,51.61666666666667,79.0,74.75,0.06075142642152281,0.07943904061237483,0.0508914900006049,0.04294805289521762,253
3000,0,4,0,0,1,52.208333333333336,150.5,0.03645577091889823,0.05111291109426914,0.012,50.66666666666667,53.75,73.25,77.25,0.03445974941029052,0.052423942987759896,0.08512840979637153,0.012858918335618561,254
3000,0,5,0,0,1,49.31666666666666,163.75,0.03185041459041376,0.06220227195747417,0.051,48.31666666666667,50.31666666666666,74.0,89.75,0.04613008846385449,0.01980731614293364,0.06986495640875372,0.053286096501319005,255
3000,0,4,0,0,1,49.43333333333334,163.25,0.03954564773282644,0.054686257102050446,0.035,49.483333333333334,49.38333333333333,81.25,82.0,0.03272861088498746,0.053179721428504384,0.06820861366338662,0.03457614028098832,256
3000,0,4,0,0,1,49.00833333333333,170.75,0.0538013968129902,0.060554554723982246,0.018666666666666668,50.0,48.016666666666666,86.25,84.5,0.06390351363276629,0.04939790999411342,0.056880041033173914,0.04125097342383278,257
3000,0,3,0,0,1,50.40833333333333,154.0,0.048361859340028644,0.04252426426098489,0.030333333333333334,50.0,50.81666666666666,79.75,74.0,0.046897057304745145,0.05715067155172948,0.058412057509040716,0.02321046990289935,258
3000,0,4,0,0,1,47.61666666666667,150.5,0.03717384383767568,0.06059332132325295,0.019666666666666666,48.11666666666667,47.11666666666667,77.25,73.25,0.02597248108649767,0.047291203741965486,0.07113978474697165,0.04417427315950404,259
3000,0,4,0,0,1,49.166666666666664,166.0,0.02309612518563943,0.06055002735105221,0.043333333333333335,46.43333333333333,51.9,78.5,87.25,0.022184941090730693,0.02657212376992088,0.059352415946117315,0.059241334116854796,260
3000,0,2,0,0,1,45.13333333333333,158.25,0.03689155849348459,0.07185413438714923,0.018,44.86666666666667,45.4,82.25,76.0,0.025662505055321236,0.04731853668606486,0.07833846240271476,0.04730326618579343,261
3000,0,3,0,0,1,51.13333333333333,153.5,0.06785578432606101,0.06851668533023933,0.044,49.86666666666667,52.400000000000006,76.5,77.0,0.07558358061027545,0.057036869528160825,0.08358872665132808,0.05092408215566412,262
3000,0,1,0,0,1,49.93333333333334,158.5,0.06578119225426574,0.03819145545190568,0.01,51.05,48.81666666666667,82.0,76.5,0.06881153758814947,0.05744774258608554,0.0400974078238205,0.014095989155893957,263
3000,0,1,0,0,1,51.6,154.5,0.059867442630592176,0.04725084305773336,0.024333333333333332,51.416666666666664,51.78333333333334,78.25,76.0,0.05007141036226741,0.06889010393036499,0.04393252840608296,0.045211501796263584,264
3000,0,0,0,1,0,48.625,155.25,0.024735579151724845,0.04929012066283205,0.04033333333333333,49.516666666666666,47.733333333333334,85.0,70.25,0.060457144675727624,0.024135216705943287,0.04457185518833518,0.012886939543929214,265
3000,0,1,0,0,1,50.625,153.75,0.035820672050736864,0.04099206169415394,0.04,49.416666666666664,51.83333333333333,72.25,81.5,0.035151551739041866,0.037741694881087036,0.05442780604493357,0.027335920475159613,266
3000,0,5,0,0,1,47.53333333333333,151.5,0.06129773805083328,0.056525500822704224,0.02666666666666667,45.7,49.36666666666667,75.25,76.25,0.06545161983657345,0.05838118275446252,0.068394631081499,0.04380496270334844,267
3000,0,2,0,0,1,52.50833333333333,146.25,0.026737215900266544,0.05786654055627517,0.02266666666666667,50.6,54.41666666666667,73.75,72.25,0.025663410620439794,0.03609466191018532,0.0419657952022091,0.07278234094539834,268
3000,0,1,0,0,1,45.875,162.75,0.036932953186013806,0.07067916140929967,0.03966666666666667,45.61666666666667,46.13333333333333,79.5,83.25,0.04274154042727247,0.03141003416973509,0.07383865116502682,0.06578898972342806,269
3000,0,3,0,0,1,48.291666666666664,153.0,0.04347092087794433,0.06092101415805347,0.027666666666666666,44.81666666666666,51.76666666666667,72.5,80.5,0.04068170766834249,0.06640445171244842,0.035134027729961784,0.04456918165511059,270
3000,0,1,0,0,1,51.475,151.25,0.04636741214345156,0.04576651289204795,0.033,49.18333333333334,53.766666666666666,73.25,78.0,0.04384070489336903,0.04800977185600522,0.04842086890908048,0.041189301678171635,271
3000,0,3,0,0,1,52.63333333333333,142.75,0.04098119120030138,0.05522555975669422,0.04466666666666667,55.1,50.16666666666667,74.75,67.75,0.06286739852390659,0.03028126761987216,0.055234497257871724,0.053910249124528756,272
3000,0,2,0,0,1,48.733333333333334,155.0,0.0846429894032334,0.051401244906337254,0.024333333333333332,47.16666666666667,50.3,77.75,77.25,0.0912053510701057,0.08162430303647217,0.04783288236138712,0.05334664748185882,273
3000,0,2,0,0,1,46.21666666666667,159.0,0.03282523426156161,0.07425684537141714,0.018333333333333333,48.8,43.63333333333333,78.0,81.0,0.022853154522973037,0.036230334660104044,0.061689956961398576,0.08236334575264082,274
3000,0,2,0,0,1,52.949999999999996,169.0,0.0331132124392602,0.04876268464078633,0.04666666666666667,52.96666666666666,52.93333333333333,85.0,83.75,0.018714405609354234,0.05176084751405645,0.055755939820321204,0.041242352906676674,275
3000,0,5,0,0,1,52.59166666666667,157.75,0.0529219873210441,0.07130319288340323,0.035,52.81666666666667,52.36666666666666,76.25,81.5,0.044895038632379,0.07208309064237366,0.062600407308144,0.07705500226730182,276
3000,0,3,0,0,1,48.983333333333334,160.25,0.08089971008920617,0.02496018140127572,0.018,48.583333333333336,49.38333333333333,79.5,80.5,0.07765684204815165,0.08738544617131527,0.01917527440385888,0.02622209534159756,277
3000,0,4,0,0,1,48.63333333333333,164.5,0.043882299081397944,0.0418391693351797,0.017666666666666667,50.949999999999996,46.31666666666667,81.75,82.75,0.03075204123020823,0.05560574359138874,0.04451899849733845,0.03844112484857489,278
3000,0,2,0,0,1,53.41666666666667,161.0,0.039171983932924065,0.041646292204641805,0.018666666666666668,53.06666666666666,53.766666666666666,81.0,79.75,0.04815675771400223,0.03588487157399303,0.04747725611678104,0.031109933458267913,279
3000,0,3,0,0,1,49.35,160.0,0.03474923058442062,0.06350647223786009,0.03333333333333333,50.13333333333333,48.56666666666667,80.25,79.75,0.07236978861685467,0.02413830395988796,0.04806501627990402,0.06978430999171306,280
3000,0,3,0,0,1,51.9,154.0,0.03252440467823375,0.04212144250651483,0.042666666666666665,54.28333333333333,49.516666666666666,73.0,81.0,0.06954940782570661,0.030056071135068887,0.029665131115359435,0.05407095122674428,281
3000,0,3,0,0,1,50.15833333333334,150.5,0.06489983067903536,0.06678957952721236,0.014333333333333333,50.6,49.71666666666666,73.75,76.75,0.0657194798773792,0.0641174382624344,0.05457589927770084,0.05828251306114207,282
3000,0,3,0,0,1,51.43333333333333,153.75,0.050248138496309665,0.07681069755282209,0.014333333333333333,47.31666666666667,55.55,77.0,76.5,0.04872122392698254,0.06513555554724909,0.052246655630614904,0.06690817546927764,283
3000,0,4,0,0,1,52.35833333333333,149.5,0.04447446481411397,0.04491500953844563,0.019333333333333334,54.300000000000004,50.416666666666664,77.0,72.5,0.03996642972072168,0.055346784745236535,0.06409952062885381,0.02497727371057639,284
3000,0,3,0,0,1,50.483333333333334,146.75,0.06577215123834255,0.06918658502764227,0.017666666666666667,49.15,51.81666666666666,72.25,74.5,0.06894715592977017,0.05492421854263153,0.07275909766177757,0.06548169183162902,285
3000,0,4,0,0,1,47.15833333333334,149.0,0.051927221489210904,0.060977662123307116,0.026333333333333334,47.983333333333334,46.33333333333333,73.5,75.5,0.04987391993936564,0.05510652711477778,0.07962974370631538,0.037447479830456334,286
3000,0,1,0,0,1,48.05,164.5,0.06376259482006974,0.08901647427365794,0.015,51.31666666666666,44.78333333333334,83.5,81.0,0.06806285590645392,0.04041832035112703,0.07833200319005841,0.08297692120859786,287
3000,0,5,0,0,1,53.30833333333334,148.5,0.04557049968221572,0.0648286559737694,0.02666666666666667,50.8,55.81666666666667,75.25,73.25,0.049091926492188104,0.03937764563709186,0.06000841116581147,0.06339818455206227,288
3000,0,2,0,0,1,52.041666666666664,165.25,0.0,0.02170903168811799,0.0,53.083333333333336,51.0,82.25,83.0,0.0,0.0,0.03097100358624565,0.005971884547024033,289
3000,0,1,0,0,1,52.25,158.25,0.05953700110723329,0.03247528675831564,0.015,53.68333333333334,50.81666666666666,82.0,76.25,0.05953700110723329,0.0,0.046642454372618894,0.012146998062815079,290
3000,0,1,0,0,1,53.825,158.75,0.06838968377401035,0.05260026612989395,0.017666666666666667,52.0,55.65,77.0,81.75,0.027835583768345152,0.10459870163621138,0.06507557662657608,0.03609489095544631,291
3000,0,3,0,0,1,45.46666666666667,164.5,0.03395436321763997,0.05077331981696209,0.050666666666666665,43.61666666666667,47.31666666666667,83.5,81.0,0.03127794075322902,0.038058210996403434,0.03701745540374522,0.06397704706509078,292
3000,0,0,0,1,0,47.40833333333334,158.5,0.0,0.0035768101512682606,0.0,46.483333333333334,48.333333333333336,81.25,77.0,0.0,0.0,0.003002496513920804,0.003686520049383651,293
3000,0,4,0,0,1,50.483333333333334,165.75,0.053072590395405794,0.045234522711115575,0.029,47.983333333333334,52.983333333333334,85.5,80.25,0.08707490094123949,0.021337100552627664,0.041132308161304955,0.03726251120231767,294
3000,0,2,0,0,1,51.541666666666664,156.25,0.052496819942110785,0.07096515576033559,0.036333333333333336,52.733333333333334,50.349999999999994,69.75,86.5,0.05360979673386393,0.04927713708025352,0.052939653639155704,0.0880953498379306,295
3000,0,2,0,0,1,47.391666666666666,148.5,0.04322116666121793,0.055039151771987774,0.022,47.599999999999994,47.18333333333333,77.25,71.25,0.029527362991153244,0.0630011052957558,0.026810750893814565,0.08177706099142629,296
3000,0,5,0,0,1,51.19166666666667,166.0,0.04383391289039809,0.05679572450217295,0.024333333333333332,53.25,49.13333333333333,90.5,75.5,0.034960249389132426,0.0673491211687521,0.041093340184663645,0.07068083394590302,297
3000,0,0,0,1,0,50.46666666666667,158.75,0.0711739847969625,0.02682627629235651,0.0013333333333333333,48.949999999999996,51.983333333333334,73.0,85.5,0.0711739847969625,0.0,0.0020130790852200663,0.027936735713290077,298
3000,0,2,0,0,1,48.96666666666666,155.25,0.06817786576779575,0.04208768516440014,0.023333333333333334,49.71666666666666,48.21666666666667,73.75,81.5,0.07820883938060871,0.056266084602580306,0.0523735428698269,0.026319366530156034,299
3000,0,3,0,0,1,50.541666666666664,163.25,0.03361443656382473,0.05863592846008999,0.037,51.24999999999999,49.833333333333336,86.25,77.0,0.07528109262309522,0.02710402155456372,0.06490037508756215,0.04602019235571534,300
3000,0,2,0,0,1,50.80833333333333,152.75,0.04679739314333589,0.06056257395115883,0.015333333333333332,52.33333333333333,49.28333333333333,77.75,75.0,0.03604639261997747,0.04754746294729114,0.05431879636341286,0.025875007698906053,301
3000,0,4,0,0,1,50.075,152.25,0.05976502900136874,0.08665533421667407,0.028666666666666667,50.416666666666664,49.733333333333334,79.5,72.75,0.03393014246126445,0.08021764751228462,0.10128824336522767,0.07109146606046145,302
3000,0,3,0,0,1,49.016666666666666,166.25,0.04968370370313508,0.04815756025763425,0.030666666666666665,51.15,46.88333333333333,86.5,79.75,0.04914091386634312,0.049797975247722864,0.027992048149628926,0.060676315387065576,303
3000,0,5,0,0,1,49.4,161.75,0.05144435824186418,0.03875381724947586,0.013333333333333334,51.11666666666667,47.68333333333333,77.0,84.5,0.05509893236404542,0.050922276224409715,0.02627693583111851,0.04905176080212261,304
3000,0,4,0,0,1,50.14999999999999,166.25,0.05632810868511925,0.07217921758424749,0.009333333333333334,47.16666666666667,53.13333333333333,79.0,87.25,0.06077367897098756,0.04694301585939728,0.08523687142056582,0.058491764369869075,305
3000,0,3,0,0,1,47.925000000000004,158.5,0.043629647598011675,0.058429992488906776,0.044,50.016666666666666,45.83333333333333,77.5,80.75,0.06205643366972107,0.028273992538253842,0.06096837573420506,0.03899300622373192,306
3000,0,5,0,0,1,46.483333333333334,158.75,0.07389365321141644,0.06485849305214356,0.009333333333333334,45.416666666666664,47.55,79.25,79.25,0.11239731318251976,0.04052381456979358,0.05536004059866701,0.07134827141792431,307
3000,0,4,0,0,1,47.34166666666667,149.25,0.058906918682449995,0.06564234323892612,0.028,49.28333333333333,45.4,76.25,73.0,0.04939558909092252,0.06888221557112516,0.0537694486017796,0.06305323246669857,308
3000,0,2,0,0,1,47.733333333333334,158.0,0.02232248828888086,0.046110013291127974,0.04033333333333333,52.88333333333334,42.583333333333336,80.0,78.0,0.03864402621752166,0.018695479860294014,0.018675229447288087,0.07280735840161942,309
3000,0,3,0,0,1,49.083333333333336,141.0,0.03504124877962661,0.05916132342755474,0.038,49.483333333333334,48.68333333333334,69.5,71.5,0.07127483039431125,0.026859472285988152,0.03387867720472283,0.08091011838574821,310
3000,0,1,0,0,1,49.13333333333333,154.0,0.02372607618257136,0.04832122934269277,0.026,53.53333333333333,44.733333333333334,75.25,78.75,0.03012393606139078,0.017328216303751944,0.0471918523691093,0.046935815497638346,311
3000,0,2,0,0,1,49.75833333333333,156.0,0.05018440911259544,0.035913103585502655,0.005,53.900000000000006,45.61666666666667,79.5,76.5,0.06001605124925675,0.03894824667069679,0.04952918595965747,0.021403024625209387,312
3000,0,3,0,0,1,50.1,156.75,0.009037338390226532,0.06607234959317945,0.028666666666666667,46.550000000000004,53.65,81.5,75.25,0.008711532772933335,0.010462737965884272,0.07469866118929491,0.05544783350652153,313
3000,0,3,0,0,1,49.90833333333333,152.0,0.06637017709772017,0.051590693166814,0.030666666666666665,50.13333333333333,49.68333333333334,76.0,76.0,0.06285186945665143,0.1275887300523161,0.03596162394373561,0.06272461598447335,314
3000,0,2,0,0,1,49.608333333333334,163.25,0.0338161959769283,0.06159599058957524,0.021,50.26666666666667,48.949999999999996,80.25,82.75,0.02787317943591907,0.036193402593331994,0.04993014432223972,0.06475883235813062,315
3000,0,0,0,1,0,48.75,155.25,0.01926138101242343,0.03291117584851531,0.034,51.16666666666667,46.33333333333333,77.25,78.0,0.020198092695017444,0.018578692836973557,0.03156414690797503,0.030434493201355224,316
3000,0,4,0,0,1,50.675000000000004,152.75,0.07756286175768824,0.06500139086352574,0.042,48.75,52.6,77.0,75.75,0.1054064437140575,0.04882109973821029,0.00913549897402738,0.10143269417587197,317
3000,0,1,0,0,1,51.24999999999999,158.5,0.026860189822827844,0.05318381331726438,0.037,52.233333333333334,50.26666666666667,79.0,79.5,0.029393374043116375,0.02578845803732116,0.058068799244802474,0.041298719390597684,318
3000,0,2,0,0,1,50.275000000000006,153.5,0.060208609718831005,0.047745488187394346,0.032,51.61666666666667,48.93333333333334,73.0,80.5,0.0781320990924945,0.04072655605180546,0.045867546692757305,0.04409378136046376,319
3000,0,3,0,0,1,49.75,160.75,0.06682780319590652,0.06545670710767548,0.01633333333333333,52.31666666666667,47.18333333333333,80.0,80.75,0.046076629359227385,0.08239118357341586,0.0529005169441544,0.06850473679481162,320
3000,0,4,0,0,1,49.575,158.75,0.03325897809652676,0.05304424389650609,0.034666666666666665,46.58333333333333,52.56666666666666,79.25,79.5,0.030937463564897207,0.037462801707855944,0.0412419144479176,0.062348623949966174,321
3000,0,2,0,0,1,49.5,145.25,0.024412719823521258,0.0464551729023732,0.044,48.63333333333333,50.366666666666674,74.5,70.5,0.02229421284183732,0.03500525473194101,0.042596293210645175,0.04498873383594778,322
3000,0,2,0,0,1,47.016666666666666,148.75,0.05641636372593019,0.07635674399033096,0.03766666666666667,45.61666666666667,48.41666666666667,73.75,75.0,0.041483794291925946,0.08263941248808396,0.06151600675614188,0.08778683691305508,323
3000,0,2,0,0,1,51.56666666666667,155.5,0.048664659146322155,0.04910396041986507,0.014333333333333333,50.74999999999999,52.38333333333334,80.5,75.0,0.029942057523930313,0.09187066289030331,0.03241989408467311,0.059300649966009575,324
3000,0,1,0,0,1,51.041666666666664,165.25,0.03786703102687511,0.06835922243181995,0.02266666666666667,49.166666666666664,52.916666666666664,78.75,86.5,0.0675044162751746,0.03214753562808048,0.0458950714864338,0.0594549199670274,325
3000,0,2,0,0,1,49.975,156.75,0.06648782173176168,0.053273707348681164,0.02033333333333333,50.38333333333333,49.56666666666666,81.75,75.0,0.06348083018401542,0.06795464687700377,0.06731347549206783,0.037669994025391056,326
3000,0,2,0,0,1,51.516666666666666,154.5,0.03597129254878818,0.057279279400247324,0.009333333333333334,52.75,50.28333333333334,73.5,81.0,0.021724789947422496,0.05496662935060908,0.08111627945354964,0.032856139682006784,327
3000,0,3,0,0,1,51.541666666666664,154.0,0.054820000061466395,0.0715015900646904,0.05466666666666667,51.9,51.18333333333334,78.5,75.5,0.035064011790143915,0.08006376285260067,0.060188146376799825,0.04842969791691643,328
3000,0,4,0,0,1,50.79166666666667,160.5,0.06793939188574778,0.06707188030911526,0.041666666666666664,53.21666666666667,48.36666666666667,77.25,83.25,0.0476323820155171,0.10954399747353745,0.03786215355243516,0.09206805471906779,329
3000,0,4,0,0,1,48.44166666666666,158.5,0.03965380453175019,0.05780145899682747,0.027333333333333334,49.61666666666667,47.266666666666666,76.75,81.75,0.03837380111002561,0.0422612189093373,0.06731004462400135,0.04821518892644998,330
3000,0,3,0,0,1,47.949999999999996,162.25,0.06587989932479774,0.06284847851130178,0.011666666666666667,48.233333333333334,47.66666666666667,83.25,79.0,0.06720287467956294,0.06509814116061831,0.061393200519092646,0.06333080220254694,331
3000,0,3,0,0,1,50.25833333333334,164.25,0.024865069744770065,0.07148783050023819,0.071,51.483333333333334,49.03333333333333,77.25,87.0,0.02763980499426963,0.022011056345284812,0.07098000058894702,0.0683817398830127,332
3000,0,5,0,0,1,51.50833333333333,160.0,0.03761573121021163,0.061998934447687365,0.023,52.53333333333333,50.483333333333334,81.5,78.25,0.02699548262366165,0.048548340049307186,0.034919028523367236,0.05255534063422976,333
3000,0,5,0,0,1,48.858333333333334,153.75,0.03877272126791274,0.05915870454905046,0.034666666666666665,49.11666666666667,48.6,73.5,80.25,0.018392308856446663,0.0644697630041091,0.06599128428987532,0.05121667386660993,334
3000,0,3,0,0,1,48.975,155.25,0.03230268229036779,0.07449781933319892,0.043666666666666666,50.0,47.949999999999996,83.75,71.5,0.02088342713358994,0.04910837855883329,0.08183890734982557,0.06671946806034307,335
3000,0,3,0,0,1,47.78333333333333,161.75,0.05165889947515798,0.04825565383957222,0.010666666666666666,47.96666666666667,47.599999999999994,83.0,78.5,0.06563948699451679,0.04843261004761363,0.03234445447835114,0.05031116824105242,336
3000,0,3,0,0,1,48.86666666666667,158.25,0.03976128553188539,0.06172242999619835,0.011666666666666667,48.949999999999996,48.78333333333333,77.0,81.25,0.0664470404404843,0.03531365971378558,0.007428360279511404,0.06726597480007278,337
3000,0,1,0,0,1,48.44166666666666,150.5,0.053057827954449265,0.0501799957219588,0.023,46.56666666666667,50.31666666666666,79.75,70.75,0.06372006511135707,0.03998798885888485,0.04892525721860388,0.03538086347610079,338
3000,0,3,0,0,1,48.699999999999996,165.5,0.059257807708621345,0.052805660046437164,0.014,49.56666666666666,47.833333333333336,81.25,84.25,0.06082737355868608,0.05140997845829766,0.043350654371311435,0.033762416394520954,339
3000,0,3,0,0,1,48.46666666666667,149.5,0.02090001834897591,0.0638229426434374,0.027,46.5,50.43333333333333,74.75,74.75,0.0038275523920060592,0.04120241029780492,0.07721127474331659,0.043602790180146546,340
3000,0,1,0,0,1,50.35833333333334,143.25,0.07024075798578913,0.03913236712424878,0.013666666666666667,53.91666666666667,46.800000000000004,68.5,74.75,0.07816612323542196,0.05785737478323782,0.013814734184168495,0.06396965274522108,341
3000,0,3,0,0,1,49.2,152.25,0.05054787053389362,0.053450619428807244,0.028,50.76666666666667,47.63333333333333,82.75,69.5,0.07019448831112025,0.02559135606011923,0.03037461484873482,0.06880562489614786,342
3000,0,1,0,0,1,49.44166666666667,151.75,0.04133242345339811,0.056282984292153254,0.018666666666666668,49.38333333333333,49.5,70.5,81.25,0.0298599931727393,0.04515656688028438,0.059631437821449876,0.04341943209653272,343
3000,0,1,0,0,1,46.475,164.5,0.06260283252163133,0.07276931848338004,0.013,46.35,46.6,86.5,77.75,0.07657228091099479,0.037657388969196626,0.054866405456460494,0.08777985662389394,344
3000,0,5,0,0,1,53.46666666666666,170.75,0.04968329829167198,0.05013726950805405,0.016,55.65,51.28333333333334,84.25,86.5,0.051942335515772896,0.048203239420709296,0.06604695652379122,0.031079942909345643,345
3000,0,2,0,0,1,49.1,164.5,0.04869917267531941,0.06253243780466196,0.019666666666666666,50.21666666666667,47.983333333333334,78.75,85.75,0.04929068258793999,0.0484975215687442,0.04684352167420277,0.0770185099997693,346
3000,0,1,0,0,1,49.81666666666666,163.0,0.020958678882725415,0.06341197960558281,0.01,46.983333333333334,52.65,81.0,82.0,0.01624106177253378,0.03982914732349197,0.06516090080279167,0.05666539480751043,347
3000,0,1,0,0,1,48.74166666666667,165.0,0.05881139345449746,0.057310859277542876,0.012333333333333333,44.21666666666667,53.266666666666666,80.0,85.0,0.05734811097308982,0.05992627534509374,0.062155716113546436,0.05034917115344542,348
3000,0,4,0,0,1,48.15,158.25,0.058805073797487006,0.06562089826890066,0.033,50.016666666666666,46.28333333333333,72.75,85.5,0.07324866208114107,0.046768750227775276,0.07991075351617045,0.050301329283225046,349
3000,0,1,0,0,1,49.36666666666667,165.0,0.05020881194720952,0.0746257652299769,0.06566666666666666,46.800000000000004,51.93333333333333,82.25,82.5,0.0647597452992462,0.027042194373572172,0.04988870269956634,0.04806013444243889,350
3000,0,3,0,0,1,46.516666666666666,152.0,0.05133310913407505,0.08670821399587973,0.032,45.86666666666667,47.16666666666667,72.5,79.5,0.06609917130536329,0.015472672432375028,0.07851315559106428,0.0903627863272769,351
3000,0,5,0,0,1,48.449999999999996,143.5,0.04801467773673434,0.0621821885589831,0.045,52.949999999999996,43.95,72.25,71.25,0.05047995943713597,0.04519721293627532,0.07216056388665487,0.046872844701930524,352
3000,0,2,0,0,1,50.38333333333333,160.75,0.049482363391370354,0.07789315802089877,0.023333333333333334,49.61666666666667,51.15,76.25,84.5,0.0640709319129559,0.040861845628615244,0.07849036053089459,0.045277014640159374,353
3000,0,3,0,0,1,49.20833333333333,160.75,0.04482860325836476,0.07476522664533346,0.039,48.733333333333334,49.68333333333334,78.5,82.0,0.03957014935232715,0.04777333744574584,0.07106782819528586,0.06965171285240111,354
3000,0,4,0,0,1,44.824999999999996,152.25,0.05883632345327462,0.04591051715164318,0.024,47.88333333333333,41.766666666666666,79.0,73.25,0.05154200157683029,0.07099352658068185,0.05027897936775037,0.041194200983367846,355
3000,0,4,0,0,1,48.65833333333333,162.75,0.06054125919040223,0.029216502525090414,0.010666666666666666,46.86666666666667,50.449999999999996,77.25,85.5,0.0769614745495895,0.04412104383121496,0.0342243384562367,0.024029389676350973,356
3000,0,3,0,0,1,50.68333333333334,158.25,0.03986787119339709,0.057071146515449506,0.058333333333333334,52.26666666666666,49.1,82.25,75.75,0.029202090333884996,0.0475012241614793,0.04986382912426143,0.06419232435650644,357
3000,0,3,0,0,1,51.975,154.75,0.022104011265404643,0.06377521251614342,0.04766666666666667,57.333333333333336,46.61666666666667,79.0,75.75,0.013003302925468373,0.04192333165015472,0.05756650862193264,0.06903714462574351,358
3000,0,1,0,0,1,48.983333333333334,162.0,0.05097372137755108,0.052861819784801034,0.036,50.949999999999996,47.016666666666666,80.75,81.25,0.042747799959742185,0.06887719740454692,0.0714690480971498,0.03381232036757715,359
3000,0,1,0,0,1,50.09166666666667,153.75,0.027833945675144,0.05367130039028012,0.034333333333333334,49.983333333333334,50.2,77.25,76.5,0.024502707346795348,0.033776154585171324,0.042597027223852696,0.04844888691913999,360
3000,0,6,0,0,1,53.50833333333333,166.5,0.0560695692952442,0.05934481178940274,0.03133333333333333,54.65,52.36666666666666,85.0,81.25,0.0597298925421586,0.04252637328166093,0.05751757950778785,0.05772081812333632,361
3000,0,3,0,0,1,51.11666666666667,155.5,0.025912726482214998,0.05473645658931137,0.059333333333333335,54.86666666666666,47.36666666666667,78.25,77.0,0.032713788146856125,0.018471564896195895,0.04296193761506954,0.06149086575572673,362
3000,0,4,0,0,1,50.99166666666667,161.0,0.030366178583170277,0.07947417886701229,0.010666666666666666,53.68333333333334,48.3,77.5,83.5,0.06991121758322928,0.0033090466357614716,0.05200990993357774,0.07872415323857904,363
3000,0,1,0,0,1,50.35833333333334,160.0,0.06534034635625725,0.04670169518103707,0.016666666666666666,48.81666666666667,51.9,81.0,78.75,0.06179323642060089,0.07222591270194316,0.044704551608152156,0.04316461658715685,364
3000,0,1,0,0,1,50.83333333333333,162.75,0.0240699620905338,0.052924082391686264,0.042666666666666665,47.949999999999996,53.71666666666667,79.75,83.0,0.01675262052769983,0.033184545440730503,0.0598319243628032,0.025744910143805207,365
3000,0,3,0,0,1,52.449999999999996,149.0,0.05314882277348456,0.06349683236683906,0.013666666666666667,50.1,54.800000000000004,75.75,73.25,0.04918446077057975,0.06079437806480097,0.041817472626914355,0.05947735010907789,366
3000,0,7,0,0,1,50.78333333333334,160.75,0.03290000215193906,0.09437665574383912,0.04466666666666667,49.63333333333333,51.93333333333333,77.75,83.0,0.04838350037068575,0.02143819178221748,0.07300467165678035,0.09277484780843266,367
3000,0,2,0,0,1,47.90833333333334,152.5,0.045127968019900475,0.07876968118803984,0.021666666666666667,48.016666666666666,47.8,74.5,78.0,0.036851263464936945,0.05754302485234578,0.0690131189176667,0.07493058320707105,368
3000,0,2,0,0,1,50.35833333333334,164.0,0.05649827235834178,0.08393406581813946,0.035333333333333335,50.43333333333333,50.28333333333334,77.5,86.5,0.07797875333165981,0.04678791794574597,0.0631325122206423,0.09806784210075455,369
3000,0,5,0,0,1,46.525,155.5,0.03531492240387139,0.06239986861102459,0.058333333333333334,47.083333333333336,45.96666666666667,70.75,84.75,0.060727246284038625,0.02651834875304427,0.03327226866466529,0.06968806700670879,370
3000,0,3,0,0,1,52.041666666666664,154.5,0.06305167273381296,0.06469983022393218,0.011,53.75,50.33333333333333,80.5,74.0,0.07221302529622582,0.058470996452606526,0.08105682186456498,0.04525722595119175,371
3000,0,4,0,0,1,51.40833333333333,165.0,0.03924877446571059,0.056520237730827566,0.038,48.16666666666667,54.65,79.0,86.0,0.057469312238970435,0.03150504591207514,0.04763659184388654,0.045053888520594707,372
3000,0,1,0,0,1,48.28333333333333,160.75,0.05562132773086772,0.03398065777374417,0.020666666666666667,46.36666666666667,50.2,84.5,76.0,0.0533647866704763,0.061594524655433205,0.04256199663206718,0.023759730331443366,373
3000,0,3,0,0,1,48.94166666666667,151.0,0.053222691888340654,0.052421292885332274,0.008,48.66666666666667,49.21666666666666,77.75,73.25,0.06245719357938672,0.049420250015556964,0.042077429740468825,0.05445671791775633,374
3000,0,4,0,0,1,51.925,154.75,0.06964633485785124,0.059130217134851365,0.016,52.7,51.15,73.75,80.75,0.08246916579244173,0.055708475146339816,0.056813058186401866,0.059586274867048684,375
3000,0,2,0,0,1,48.083333333333336,159.5,0.03710751090182262,0.0675333680232309,0.025333333333333333,47.56666666666667,48.6,85.75,73.5,0.03755710273775063,0.035758735394038586,0.07012484807438324,0.06436950663660038,376
3000,0,1,0,0,1,46.63333333333333,157.25,0.024246721629893064,0.03958057356991362,0.07133333333333333,49.45,43.81666666666666,79.0,78.25,0.02945932904238119,0.02081205783096677,0.04684240589826672,0.027143316754925075,377
3000,0,4,0,0,1,48.69166666666666,162.5,0.05687114081687547,0.056231884826264976,0.017666666666666667,48.88333333333333,48.5,92.5,70.0,0.03738808698496223,0.0843245348527532,0.049194076446573524,0.06122245855588157,378
3000,0,5,0,0,1,47.608333333333334,154.0,0.05070776005864927,0.05394432031763071,0.024666666666666667,49.53333333333333,45.68333333333333,74.0,80.0,0.06234682077841637,0.047748676824810175,0.038625095076480306,0.0673937245444167,379
3000,0,6,0,0,1,47.858333333333334,151.5,0.04870257307620395,0.04921597512370542,0.026333333333333334,45.516666666666666,50.2,75.0,76.5,0.06228906698638176,0.045518238566006036,0.03305025236043201,0.06294234372964738,380
3000,0,5,0,0,1,50.40833333333333,151.0,0.055801971745477665,0.06417185262744926,0.017666666666666667,52.76666666666666,48.05,78.75,72.25,0.06329479850182959,0.05194851798506812,0.05170644670395315,0.07496570400516955,381
3000,0,2,0,0,1,50.775000000000006,165.5,0.02673116546233164,0.05375415228901624,0.015666666666666666,47.93333333333333,53.61666666666667,84.5,81.0,0.038482325567349984,0.024674712443953428,0.05494516207153805,0.052457337419157035,382
3000,0,2,0,0,1,47.30833333333334,152.75,0.06739896401902205,0.037439968442188304,0.01,48.833333333333336,45.78333333333333,74.75,78.0,0.061589748527546534,0.07184130527720921,0.028902485139831242,0.04352538627628175,383
3000,0,2,0,0,1,48.25833333333333,162.5,0.03965107369606218,0.04936224722709767,0.04566666666666667,50.76666666666667,45.75,78.5,84.0,0.07181542706339722,0.028186551703744733,0.03357103783174513,0.060712796299179854,384
3000,0,3,0,0,1,49.891666666666666,163.5,0.029661640265603,0.03757245034915639,0.061,50.38333333333333,49.4,80.25,83.25,0.04917918714032445,0.022722068043479815,0.025249503814115233,0.049683700020209116,385
3000,0,1,0,0,1,48.05,158.75,0.04950907347371207,0.07282922734500023,0.009,45.983333333333334,50.11666666666667,76.5,82.25,0.06204032870028764,0.04732972473865545,0.007883383954614982,0.05505017909983663,386
3000,0,3,0,0,1,48.291666666666664,150.25,0.06394910833857127,0.07099559118828785,0.023,47.099999999999994,49.483333333333334,79.25,71.0,0.0509634638837649,0.1007417676271894,0.05804566089022198,0.07581959256247403,387
3000,0,3,0,0,1,47.43333333333333,163.25,0.051549434907998175,0.0646162396531552,0.034333333333333334,46.96666666666667,47.9,84.25,79.0,0.05425352507330065,0.043937921850109786,0.07260243648799344,0.05644471205732135,388
3000,0,1,0,0,1,51.61666666666667,163.75,0.04606522569523864,0.04866088558899363,0.015666666666666666,47.93333333333333,55.300000000000004,82.25,81.5,0.04385068127569815,0.05541552435552072,0.05147419729427788,0.03320415135201421,389
3000,0,4,0,0,1,50.73333333333333,155.25,0.043808388190500744,0.046694990970924825,0.029666666666666668,51.24999999999999,50.21666666666667,72.75,82.5,0.045263189503975475,0.04341351354827188,0.030961695231471742,0.06227501162786875,390
3000,0,2,0,0,1,51.46666666666667,153.25,0.03704843726353982,0.05787890254834592,0.023,48.81666666666667,54.11666666666667,76.75,76.5,0.028838525193880287,0.07604551959442263,0.05514842175612314,0.056706816946914,391
3000,0,2,0,0,1,46.56666666666667,152.5,0.08585587023395035,0.07453443512623281,0.019333333333333334,46.28333333333333,46.85,76.5,76.0,0.042172038767180155,0.12953970170072054,0.04298321700476494,0.0696814671783528,392
3000,0,4,0,0,1,51.391666666666666,158.5,0.04177005487818696,0.036631215229478244,0.037,49.46666666666666,53.31666666666667,80.25,78.25,0.044619152046559356,0.03934832228507044,0.030096282955346644,0.04118610912788785,393
3000,0,1,0,0,1,45.958333333333336,172.5,0.05200099178945841,0.05483077228030222,0.017,46.63333333333333,45.28333333333333,84.75,87.75,0.0520725440029185,0.0518118895110282,0.015705044733205817,0.07824393985336642,394
3000,0,0,0,1,0,49.608333333333334,155.75,0.0959497690289592,0.1046737871157528,0.006,50.14999999999999,49.06666666666666,79.25,76.5,0.07308376589860414,0.1047443856175573,0.06267657337712056,0.028643424801288522,395
3000,0,2,0,0,1,49.45,157.0,0.040750139950996744,0.04475458982410336,0.044333333333333336,47.449999999999996,51.449999999999996,84.25,72.75,0.0838557865942191,0.022865882301149176,0.020716707726986923,0.06623431565923624,396
3000,0,5,0,0,1,49.166666666666664,161.5,0.03549091287322601,0.04960405880530855,0.016666666666666666,47.63333333333333,50.7,83.5,78.0,0.05693516841212353,0.026300517642269927,0.028891110935983372,0.0700606513630095,397
3000,0,3,0,0,1,50.25833333333334,153.5,0.059018757090375185,0.06903215990923905,0.014333333333333333,48.28333333333333,52.233333333333334,77.0,76.25,0.054236821734874006,0.06892419461248474,0.04678903427302678,0.08890148281407961,398
3000,0,1,0,0,1,47.583333333333336,160.0,0.06524446304476934,0.02003603135069644,0.004,48.66666666666667,46.5,85.25,74.75,0.06524446304476934,0.0,0.020075373941290355,0.006792716797163279,399
3000,0,4,0,0,1,51.641666666666666,167.25,0.05950419649711933,0.05176885716257202,0.019333333333333334,50.55,52.733333333333334,85.0,82.25,0.06904588974779342,0.03215134251185362,0.06196449388263648,0.037403623503479894,400
3000,0,2,0,0,1,49.24166666666667,164.5,0.054285191071001125,0.03409545337896608,0.021333333333333333,49.0,49.483333333333334,77.25,87.25,0.04445910624699001,0.055688917474431276,0.016708961637417717,0.04668509115366867,401
3000,0,5,0,0,1,50.61666666666667,155.5,0.053654723905320084,0.04939794016829997,0.028333333333333332,53.18333333333334,48.05,77.75,77.75,0.05366970653548136,0.05362990892411548,0.0243461228420551,0.0661962685091636,402
3000,0,3,0,0,1,51.125,161.0,0.02804893727999659,0.08125428210428007,0.048666666666666664,52.96666666666666,49.28333333333333,82.75,78.25,0.02966130878051501,0.025671372524994854,0.06190993308223104,0.06515800066770039,403
3000,0,2,0,0,1,49.541666666666664,153.5,0.02662435827301601,0.08420860466695525,0.017,49.56666666666666,49.516666666666666,74.0,79.5,0.05165167271735889,0.01892364613629512,0.09077761414676344,0.07572758173155106,404
3000,0,1,0,0,1,54.46666666666666,159.5,0.04762022603981809,0.04805116507811885,0.011333333333333334,55.68333333333333,53.25,82.75,76.75,0.04908292026531193,0.046465467440744014,0.0641274842445254,0.02915821413174499,405
3000,0,0,0,1,0,53.36666666666666,156.5,0.04059820505509884,0.05028625685462101,0.008,50.66666666666667,56.06666666666666,77.5,79.0,0.04059820505509884,0.0,0.06506201666164312,0.032771950646088045,406
3000,0,5,0,0,1,47.96666666666667,160.75,0.042056092812268825,0.081248446854146,0.023,45.13333333333333,50.8,80.5,80.25,0.03641189297379035,0.05198988452799097,0.06864660326124088,0.08316247542973038,407
3000,0,1,0,0,1,48.25833333333333,153.0,0.04235359044511289,0.048887378334378596,0.03233333333333333,49.06666666666666,47.449999999999996,82.25,70.75,0.03328039101429139,0.04988605789711565,0.030788868949304233,0.03299369603291446,408
3000,0,2,0,0,1,49.94166666666667,157.75,0.039125894810935084,0.05200856832387527,0.02266666666666667,48.05,51.83333333333333,80.75,77.0,0.03758692645198516,0.048051911292844675,0.05488240514872481,0.04629498905271288,409
3000,0,1,0,0,1,50.38333333333333,151.75,0.03300553162740508,0.05996041080172597,0.004666666666666667,48.31666666666667,52.449999999999996,71.5,80.25,0.0,0.03300553162740508,0.005383766257332059,0.03896359224410377,410
3000,0,2,0,0,1,51.2,165.25,0.04632689132157106,0.08222285551800365,0.022333333333333334,50.28333333333334,52.11666666666667,78.75,86.5,0.044844703364203244,0.04935863941618706,0.06038353474457662,0.07232060567605247,411
3000,0,4,0,0,1,54.50000000000001,159.5,0.04722364406525516,0.062130165696921584,0.014666666666666666,52.166666666666664,56.833333333333336,81.5,78.0,0.05439878985117564,0.036859544596703334,0.08595458090682066,0.031698767924022486,412
3000,0,0,0,1,0,48.28333333333333,160.5,0.0,0.0028481415980423515,0.0,44.03333333333334,52.53333333333333,82.25,78.25,0.0,0.0,0.0025186217026539,0.00304414662875567,413
3000,0,2,0,0,1,50.983333333333334,161.25,0.035591349487220834,0.07247308025888137,0.042333333333333334,51.949999999999996,50.016666666666666,80.0,81.25,0.02980305791976261,0.0684932173443518,0.08230722126785844,0.05976335308607136,414
3000,0,4,0,0,1,47.13333333333333,171.25,0.05264404667944368,0.054259166700201276,0.015,46.0,48.266666666666666,86.75,84.5,0.06215057776990357,0.05058858049772264,0.03446997447363691,0.06761356167667294,415
3000,0,4,0,0,1,49.425000000000004,154.75,0.05990847156570922,0.06727454178232097,0.019666666666666666,49.63333333333333,49.21666666666666,79.0,75.75,0.04961008748379258,0.06311241328008327,0.06580340206408428,0.0677710340564223,416
3000,0,3,0,0,1,47.825,156.0,0.027062502338045143,0.06384442182278639,0.026,44.6,51.05,81.75,74.25,0.021356570085249094,0.05314676406511279,0.05246821229698845,0.06695464677961825,417
3000,0,3,0,0,1,51.85833333333333,161.5,0.04624916533055756,0.0633213646801017,0.024,50.4,53.31666666666667,79.75,81.75,0.04466495604492531,0.051374548313485396,0.06548045619679092,0.05715676922496495,418
3000,0,3,0,0,1,44.391666666666666,163.75,0.0819109871964733,0.046134131001275946,0.022333333333333334,42.833333333333336,45.95,87.75,76.0,0.04552357800229736,0.10647248840254209,0.05971773536904965,0.02683654652838328,419
3000,0,3,0,0,1,49.875,152.0,0.053995804527342955,0.057457003458556824,0.033,54.333333333333336,45.416666666666664,76.75,75.0,0.09214777766905896,0.05153438690529676,0.05353046387759565,0.05319846607066669,420
3000,0,5,0,0,1,51.03333333333333,165.25,0.04429091164422855,0.044956909454793394,0.033666666666666664,52.900000000000006,49.166666666666664,79.5,85.75,0.03647947850772496,0.05482726331672176,0.046641946009431584,0.033578270655575705,421
3000,0,3,0,0,1,49.68333333333334,156.0,0.05416617504681346,0.06034701307012761,0.034333333333333334,51.31666666666666,48.05,76.5,79.0,0.03260661346649918,0.07614847312870252,0.06048531398543342,0.05956274553986189,422
3000,0,3,0,0,1,47.891666666666666,173.25,0.026592048435692305,0.05268247424874192,0.029333333333333333,44.53333333333334,51.24999999999999,87.75,85.25,0.039736128220505776,0.023444874402708798,0.031712358663812765,0.07008843994417215,423
3000,0,2,0,0,1,50.94166666666666,156.75,0.01655801812249882,0.06526145575209637,0.047,50.06666666666667,51.81666666666666,81.5,75.25,0.047394628997480294,0.012330418244477169,0.08337179790547583,0.04580243051106128,424
3000,0,2,0,0,1,49.68333333333334,149.0,0.019487341981151905,0.0430603788688621,0.03866666666666667,49.2,50.16666666666667,71.0,78.0,0.014885406350062816,0.01969463637894871,0.058180740865152986,0.026469936178097602,425
3000,0,4,0,0,1,49.65833333333333,156.75,0.04215809210419648,0.07316696681011657,0.04466666666666667,51.416666666666664,47.9,76.25,80.5,0.035062254690891984,0.056672304995046587,0.09356378408231397,0.05248591977241261,426
3000,0,4,0,0,1,54.18333333333333,146.25,0.03570045061058061,0.060138098980732566,0.044333333333333336,52.400000000000006,55.96666666666666,76.75,69.5,0.026915601454872075,0.04489075434270646,0.044560823371898685,0.06890555072448691,427
3000,0,4,0,0,1,48.358333333333334,164.25,0.03797958052869256,0.04927292278495447,0.033,48.266666666666666,48.449999999999996,82.75,81.25,0.04303018896045532,0.037412096435236075,0.039481497209524354,0.058979579383340176,428
3000,0,4,0,0,1,49.516666666666666,149.5,0.04994835363594769,0.08395270393889712,0.018666666666666668,50.083333333333336,48.949999999999996,74.25,75.25,0.0591804671333955,0.044409085537479014,0.0741068066914844,0.04387334962873549,429
3000,0,2,0,0,1,52.075,154.5,0.0676510751152389,0.01529183775711534,0.002,50.1,54.05,79.5,75.0,0.0676510751152389,0.0,0.015581796654920608,0.003608906047155795,430
3000,0,2,0,0,1,51.425,155.75,0.04955022838070483,0.03268130194137782,0.014333333333333333,49.96666666666666,52.88333333333334,74.0,81.75,0.04205200755681061,0.0535671323935053,0.030091843088359133,0.032168202446282504,431
3000,0,1,0,0,1,49.791666666666664,165.5,0.037422964895202165,0.04636913619631049,0.02666666666666667,48.96666666666666,50.61666666666667,80.0,85.25,0.02952910454895677,0.052918320389683846,0.030628556434641116,0.06117219705248747,432
3000,0,1,0,0,1,53.041666666666664,149.5,0.07831809675693112,0.05197778508400626,0.012,56.55,49.53333333333333,75.75,73.75,0.04301544186759951,0.0900856483867083,0.05582601805595683,0.04808030153424681,433
3000,0,4,0,0,1,49.20833333333333,163.5,0.0532300063664904,0.054315114485137664,0.027333333333333334,46.150000000000006,52.26666666666666,82.5,81.0,0.04764175277918437,0.05680648866236626,0.042672766976048354,0.06456814280130659,434
3000,0,2,0,0,1,49.45833333333333,166.75,0.04776477700695424,0.028134924191057713,0.007,48.9,50.016666666666666,82.0,84.75,0.09804950128523474,0.03938398962724083,0.018919457066693155,0.03695294698272688,435
3000,0,3,0,0,1,48.275,166.5,0.0530345704796498,0.09321493269638753,0.019,49.61666666666667,46.93333333333333,82.25,84.0,0.055634969200810805,0.04945902223805342,0.05657547397775706,0.07997557901390434,436
3000,0,4,0,0,1,47.65833333333334,158.75,0.05438675720513966,0.07116718795984844,0.030333333333333334,48.38333333333333,46.93333333333333,82.0,76.75,0.052280472710966495,0.05514124717320167,0.08557007763953073,0.054677062847844966,437
3000,0,3,0,0,1,47.349999999999994,147.25,0.027346257783821826,0.046210641676805636,0.03133333333333333,49.25,45.45,74.0,73.25,0.026445833786409623,0.04337380493775901,0.04210915626322543,0.04363332728822199,438
3000,0,2,0,0,1,47.91666666666667,161.25,0.03720636524563595,0.06673719626199595,0.024,49.65,46.18333333333333,82.5,78.5,0.04136471434189013,0.028347273692746613,0.04776117873709375,0.08460165566208469,439
3000,0,4,0,0,1,52.1,153.0,0.05720532125875329,0.03673172926886187,0.018666666666666668,53.11666666666667,51.083333333333336,74.25,78.75,0.05738434158609689,0.05613119929469166,0.038189805003349606,0.0347543572897102,440
3000,0,3,0,0,1,51.125,163.75,0.06494090687338949,0.037398045833620164,0.025333333333333333,50.5,51.74999999999999,76.0,87.75,0.03993693162393291,0.06917234883868215,0.029243564374564664,0.03894056181966351,441
3000,0,3,0,0,1,49.88333333333333,161.0,0.046702325545244915,0.08368401777797928,0.016,47.46666666666667,52.300000000000004,85.5,75.5,0.04751997770533669,0.04450095434499782,0.06548176864010638,0.045855299694914566,442
3000,0,2,0,0,1,48.40833333333333,147.5,0.08124365566889696,0.061165662954472365,0.023,53.41666666666667,43.4,67.25,80.25,0.0853632221564024,0.07768078735537873,0.08145923804864143,0.03908265389546664,443
3000,0,4,0,0,1,49.916666666666664,154.0,0.06388786486957819,0.10129792073464644,0.039,48.6,51.233333333333334,72.25,81.75,0.04784504532787694,0.0846491607470739,0.05030751897937061,0.12270576561547279,444
3000,0,5,0,0,1,53.708333333333336,150.5,0.05891725634743243,0.07460850393780366,0.033666666666666664,58.333333333333336,49.083333333333336,73.0,77.5,0.058672692705436805,0.059046949187884674,0.07446814724593698,0.04155340289915588,445
3000,0,4,0,0,1,45.675,154.0,0.06735298315727456,0.05089454892497609,0.016666666666666666,43.733333333333334,47.61666666666667,77.0,77.0,0.0801261623758559,0.057316913771246356,0.03376996123007258,0.06616274098495575,446
3000,0,2,0,0,1,51.13333333333333,152.75,0.04179326692319499,0.05399627902360896,0.028666666666666667,49.766666666666666,52.5,76.5,76.25,0.03412313181189937,0.05473661992350633,0.04342735460979311,0.03934099696048147,447
3000,0,4,0,0,1,51.7,162.5,0.05610403924350854,0.04523435964613609,0.018666666666666668,51.55,51.849999999999994,79.0,83.5,0.04574884072185176,0.0779650139003396,0.030256043454082376,0.038613464456102656,448
3000,0,5,0,0,1,51.76666666666667,156.25,0.050603823484875576,0.09271630517789108,0.014,54.18333333333333,49.35,80.75,75.5,0.05439312327261859,0.04715900549601828,0.07133710655944805,0.03269541041453778,449
3000,0,5,0,0,1,50.19166666666667,152.0,0.048414986306877204,0.057356923998337216,0.029333333333333333,47.233333333333334,53.15,75.0,77.0,0.0451526780190994,0.05182902986385399,0.06074401545634906,0.04216020898724073,450
3000,0,1,0,0,1,48.875,161.25,0.05163636622527229,0.06032334224985592,0.016666666666666666,49.7,48.05,83.25,77.75,0.05435489166982444,0.049126958122608776,0.045997675176759636,0.06809264002486655,451
3000,0,1,0,0,1,49.43333333333334,152.5,0.031631671966019924,0.09925064528258877,0.019666666666666666,48.4,50.46666666666667,71.5,81.0,0.0435341651075883,0.02552782932931819,0.10586018779321028,0.033865312266257934,452
3000,0,2,0,0,1,48.9,150.5,0.05950253333942147,0.04256879020958773,0.027333333333333334,48.43333333333334,49.36666666666667,75.75,74.75,0.05928833228690679,0.060386112681044594,0.037325122351662805,0.03223684238217559,453
3000,0,5,0,0,1,51.1,155.75,0.04453120723237932,0.07664401202809741,0.020666666666666667,47.21666666666667,54.98333333333333,80.75,75.0,0.042658573396185104,0.04666213539080723,0.05666612692031736,0.0904839099391217,454
3000,0,5,0,0,1,50.849999999999994,164.5,0.037318763261659234,0.08081212990731694,0.04766666666666667,53.733333333333334,47.96666666666667,83.0,81.5,0.028921343770002352,0.052014247372058765,0.055785453262314495,0.10362032511632153,455
3000,0,3,0,0,1,49.791666666666664,163.0,0.031068601321315115,0.04654719258854649,0.037,51.416666666666664,48.16666666666667,81.0,82.0,0.02861263422796218,0.032247465526124536,0.034306363140141564,0.05100891605746699,456
3000,0,2,0,0,1,50.26666666666667,154.75,0.06440115731784059,0.02717424917035699,0.006666666666666667,51.7,48.833333333333336,73.75,81.0,0.0,0.06440115731784059,0.0024856472141850184,0.04740903215189212,457
3000,0,4,0,0,1,51.30833333333334,166.0,0.0444068719328133,0.035850018774650536,0.02033333333333333,51.16666666666667,51.449999999999996,85.0,81.0,0.0434674535665618,0.0721197137372323,0.04831254105336908,0.02304456482477344,458
3000,0,3,0,0,1,48.483333333333334,161.25,0.06182452518662857,0.030425514805327722,0.018,46.33333333333333,50.63333333333333,81.75,79.5,0.06353706364798478,0.058399448263916076,0.02223970270453732,0.017676004498269025,459
3000,0,4,0,0,1,48.85,153.0,0.031862281521121985,0.05453985120764135,0.02666666666666667,48.96666666666666,48.733333333333334,78.75,74.25,0.043283182807707835,0.0035583087674092156,0.05338235144571115,0.03631344101905089,460
3000,0,2,0,0,1,49.666666666666664,150.0,0.03371530884964362,0.06459164557877824,0.03866666666666667,45.11666666666667,54.21666666666667,72.0,78.0,0.037670795598150585,0.027000180183573655,0.05227483375635337,0.0518071314427237,461
3000,0,7,0,0,1,52.29166666666667,154.25,0.055210440019593354,0.054219648122930876,0.025666666666666667,51.349999999999994,53.233333333333334,80.0,74.0,0.06202483508361798,0.03578941408712314,0.029610964023277255,0.0696316564084157,462
3000,0,1,0,0,1,51.449999999999996,154.5,0.052718095001851324,0.039873945036594666,0.012666666666666666,51.24999999999999,51.65,76.5,78.0,0.04778436380805129,0.058200018550518,0.0356893285536835,0.042401637491186056,463
3000,0,3,0,0,1,50.30833333333333,166.25,0.06343160607561876,0.062339522047585916,0.02266666666666667,49.083333333333336,51.53333333333333,76.25,89.75,0.06050205736559992,0.06788018004268438,0.08798377491052022,0.03339250113499371,464
3000,0,3,0,0,1,50.81666666666666,152.75,0.07476011434998903,0.06378645321341057,0.015666666666666666,49.71666666666666,51.916666666666664,77.25,75.5,0.06999661633126954,0.08316628732419988,0.068977089333023,0.05679234822253483,465
3000,0,4,0,0,1,47.65,151.25,0.046618710185152866,0.09144518371567412,0.05366666666666667,48.5,46.800000000000004,75.0,76.25,0.05270825603111665,0.0430011581974516,0.08825634500708492,0.07581696992873528,466
3000,0,3,0,0,1,52.075,161.75,0.07301186815991757,0.08264815722384257,0.013666666666666667,50.083333333333336,54.06666666666666,83.75,78.0,0.09764095998178483,0.05724924939392255,0.0978735875963124,0.06631382526264526,467
3000,0,2,0,0,1,49.70833333333333,164.25,0.04931921150310362,0.03371926717470848,0.013333333333333334,49.516666666666666,49.9,85.75,78.25,0.06593838920032172,0.037035471466029375,0.026918118093214434,0.03999786135200828,468
3000,0,3,0,0,1,54.61666666666667,157.75,0.052334351154590265,0.0290711819925577,0.018333333333333333,51.349999999999994,57.88333333333333,83.0,74.75,0.05697720317757882,0.049239116472597884,0.021615850840481968,0.03411208471400774,469
3000,0,3,0,0,1,48.641666666666666,140.5,0.040699417006919474,0.07120642716183954,0.024666666666666667,50.24999999999999,47.03333333333333,69.25,71.25,0.05156702042328262,0.035482967367065174,0.05209068474910292,0.06065754714375064,470
3000,0,1,0,0,1,48.699999999999996,158.25,0.05032182631469755,0.028400305223700607,0.022333333333333334,46.36666666666667,51.03333333333333,79.5,78.75,0.05654857939637142,0.04867702361387804,0.03509209469244589,0.021175507857574938,471
3000,0,1,0,0,1,49.15,163.75,0.03355235534016118,0.04836623388952926,0.029666666666666668,49.81666666666666,48.483333333333334,81.75,82.0,0.04812936062770709,0.024962334367143048,0.05535254124242524,0.04002570402701802,472
3000,0,2,0,0,1,49.05833333333333,158.5,0.04043331254895831,0.0337606699137338,0.01,48.31666666666667,49.8,81.25,77.25,0.0,0.04043331254895831,0.004154664957328955,0.04922972809569715,473
3000,0,5,0,0,1,48.575,159.25,0.0351430538584546,0.04761489937456106,0.026333333333333334,49.5,47.65,79.0,80.25,0.02821687641625202,0.04926180018294448,0.04230572556027567,0.05129466501423255,474
3000,0,4,0,0,1,51.300000000000004,159.75,0.059315515872879046,0.08983611615211969,0.012666666666666666,53.233333333333334,49.36666666666667,83.25,76.5,0.05880381400121481,0.05958160084614445,0.09045505700692179,0.08321355535035918,475
3000,0,1,0,0,1,53.25833333333333,160.5,0.018160127809654723,0.0789476556004594,0.028333333333333332,53.48333333333334,53.03333333333333,84.5,75.75,0.059076681444021534,0.013314746458216549,0.07514833711006304,0.026902591771141845,476
3000,0,4,0,0,1,49.99166666666667,159.5,0.04017447294034306,0.06582186729230743,0.028666666666666667,49.5,50.483333333333334,81.0,78.5,0.03650205660771059,0.04439775172287041,0.0678676867721652,0.06374757971959986,477
3000,0,3,0,0,1,50.93333333333333,150.25,0.03761950042304408,0.06156495340803565,0.021666666666666667,52.7,49.166666666666664,76.25,74.0,0.03272294017300651,0.04067985057931756,0.07128619637664563,0.05117666177432376,478
3000,0,3,0,0,1,47.983333333333334,163.0,0.029437234897141677,0.039988610595844555,0.042666666666666665,49.5,46.46666666666667,84.25,78.75,0.02778060321144597,0.03401733426347687,0.05921835949598162,0.019807107930645745,479
3000,0,4,0,0,1,51.96666666666667,157.5,0.03420751877556823,0.04889359396549847,0.03866666666666667,50.96666666666667,52.96666666666666,80.25,77.25,0.02567726959866592,0.058660899749354845,0.04124493195848576,0.05380051113327644,480
3000,0,3,0,0,1,50.366666666666674,167.75,0.050006771713339525,0.03643280762856133,0.021666666666666667,50.13333333333333,50.6,79.75,88.0,0.05870214030752872,0.04614216344925544,0.04757301949034933,0.02516342516759421,481
3000,0,2,0,0,1,48.19166666666666,166.25,0.03498862261501548,0.044893234963331266,0.029,48.4,47.983333333333334,76.75,89.5,0.018888654427706212,0.04933859426022592,0.026098741702757763,0.05574815678417501,482
3000,0,2,0,0,1,51.46666666666667,160.25,0.053512285239022586,0.03721309519510738,0.006,49.05,53.88333333333334,82.25,77.75,0.05488337011601215,0.049947464558849686,0.027624411074673404,0.03693133028938074,483
3000,0,3,0,0,1,49.416666666666664,168.25,0.06286987453278638,0.04693842103944349,0.026333333333333334,50.13333333333333,48.699999999999996,83.25,84.75,0.052092732332486215,0.06815677448010345,0.03902819797550536,0.0493323352718734,484
3000,0,1,0,0,1,50.8,154.5,0.09236639085269059,0.03340413067051934,0.004,50.849999999999994,50.74999999999999,78.75,75.75,0.0,0.09236639085269059,0.010375782059629628,0.0471435710192199,485
3000,0,2,0,0,1,47.71666666666667,160.0,0.0428915619878218,0.060150666769481734,0.043,48.449999999999996,46.983333333333334,78.0,82.0,0.04661199055511827,0.03701328485149334,0.06724445435970668,0.05013368813753196,486
3000,0,1,0,0,1,51.258333333333326,141.0,0.0571902699325968,0.06575219508568972,0.017,50.31666666666666,52.2,72.25,68.75,0.056080619216206884,0.060122918254484445,0.039770529159287034,0.021395977423599374,487
3000,0,3,0,0,1,51.85833333333333,153.75,0.04058326108796464,0.05884974184332875,0.015333333333333332,51.866666666666674,51.849999999999994,76.0,77.75,0.042359882244465394,0.037819628177852345,0.06546557138626437,0.038025815642208693,488
3000,0,3,0,0,1,49.625,157.5,0.045331277594996146,0.02651602227153059,0.013,46.43333333333333,52.81666666666667,77.25,80.25,0.0640031124562779,0.03234217508280015,0.03194847363279949,0.020167321484413886,489
3000,0,3,0,0,1,51.30833333333334,151.75,0.07850590545052409,0.06804476225647157,0.015,52.36666666666666,50.24999999999999,75.75,76.0,0.09880189650221417,0.05728736935102993,0.07151157469884593,0.00528932090534016,490
3000,0,2,0,0,1,49.825,154.25,0.038377069172272675,0.060569753185988506,0.027333333333333334,53.800000000000004,45.85,78.5,75.5,0.03294987747466296,0.04380426086988238,0.04372736575301104,0.07274574033887071,491
3000,0,5,0,0,1,47.84166666666667,156.5,0.039602713080994154,0.03830064564512265,0.052,45.56666666666666,50.11666666666667,80.0,76.5,0.06570532932456083,0.021444371346339086,0.03440447503398308,0.03178702315637919,492
3000,0,2,0,0,1,50.0,150.75,0.04185350839570284,0.05040682843788503,0.009333333333333334,48.6,51.4,75.25,75.5,0.06444791315443077,0.03281574649221167,0.05497048615903058,0.034550063425957636,493
3000,0,1,0,0,1,50.824999999999996,164.0,0.015013826225820377,0.05296835972434533,0.03333333333333333,50.983333333333334,50.66666666666667,81.75,82.25,0.04349976855183749,0.011129379544999863,0.022667730033058137,0.037413891201815035,494
3000,0,3,0,0,1,49.075,160.25,0.07041873300493243,0.047004908639122205,0.024333333333333332,46.5,51.65,78.75,81.5,0.04829139964199507,0.10598051876679604,0.04259998017856893,0.04705561454654579,495
3000,0,1,0,0,1,50.66666666666667,156.5,0.07818221810109978,0.05189788882408206,0.004666666666666667,48.81666666666667,52.516666666666666,79.0,77.5,0.08880198064336732,0.014463642847494677,0.02495964047224208,0.05798891308745413,496
3000,0,5,0,0,1,51.24166666666666,144.25,0.033338657563551644,0.05547160776291187,0.03933333333333333,55.166666666666664,47.31666666666667,64.25,79.75,0.027128110740836698,0.04341354463151144,0.054498828838679916,0.05546536669047297,497
3000,0,2,0,0,1,50.68333333333334,157.5,0.04063776073600036,0.037621895080247575,0.017666666666666667,49.666666666666664,51.7,78.25,79.25,0.028160766015630098,0.06489858380338696,0.0520273820450713,0.017726021039617033,498
3000,0,7,0,0,1,47.61666666666667,156.75,0.07309143801905986,0.08155303505613375,0.033,46.18333333333333,49.05,77.75,78.75,0.07932070149611341,0.06830825356346518,0.07482456569492923,0.08760002953884459,499
