n_steps,left_score,right_score,win,draw,loss,sap,sbf,mecha,cv,possession_fraction,sap_1st_half,sap_2nd_half,sbf_1st_half,sbf_2nd_half,mecha_1st_half,mecha_2nd_half,cv_1st_half,cv_2nd_half,episode
3000,0,3,0,0,1,51.74166666666666,166.75,0.05456312707634624,0.07480559451141255,0.05366666666666667,54.53333333333333,48.949999999999996,82.75,84.0,0.054377666481745766,0.05537297167276833,0.07276058891027638,0.07563194065056941,0
3000,0,4,0,0,1,49.15,164.5,0.054134505310587146,0.058151543918041476,0.02033333333333333,46.550000000000004,51.74999999999999,81.75,82.75,0.06387995723406537,0.04823594230427138,0.053842930163951745,0.05346194926163801,1
3000,0,4,0,0,1,50.2,159.75,0.0296937335831477,0.07972226690168276,0.033666666666666664,47.96666666666667,52.43333333333333,79.25,80.25,0.0280207524873465,0.03646930702114254,0.05921636257535331,0.027844843999624405,2
3000,0,2,0,0,1,47.325,160.0,0.030048168111413445,0.049087342349396934,0.032,45.45,49.2,79.75,80.25,0.039952147377057226,0.02436555705735554,0.03362550040227437,0.06398431839807961,3
3000,0,2,0,0,1,49.46666666666666,151.0,0.0377066794116481,0.04955398450414511,0.024,50.61666666666667,48.31666666666667,71.5,79.5,0.03865754930492518,0.03621245529364123,0.05669448984482751,0.04233134178639657,4
3000,0,4,0,0,1,51.866666666666674,165.5,0.06650712452437872,0.04296100319383802,0.013,50.53333333333333,53.2,78.25,87.25,0.03949441250550282,0.08529857636359672,0.03790841750406039,0.03834506157172711,5
3000,0,2,0,0,1,49.391666666666666,156.5,0.0397075279676143,0.048685385942119755,0.017333333333333333,47.483333333333334,51.300000000000004,79.5,77.0,0.025372847166915954,0.05778169071632091,0.050212201937654424,0.04351015647442524,6
3000,0,4,0,0,1,48.61666666666667,153.25,0.045741167086991635,0.050379712968307566,0.012666666666666666,52.81666666666667,44.416666666666664,75.75,77.5,0.0439153193671962,0.04756701480678707,0.03950505233478788,0.051729841629034407,7
3000,0,3,0,0,1,49.333333333333336,160.25,0.03688336765601013,0.07381223388288427,0.021333333333333333,50.64999999999999,48.016666666666666,76.0,84.0,0.052961190058479386,0.02786410143023469,0.08085785120627735,0.0647003535432706,8
3000,0,4,0,0,1,47.91666666666667,152.0,0.04996111444501908,0.04557898838467141,0.016666666666666666,49.93333333333334,45.9,71.75,80.0,0.07451489828880303,0.032180788213313466,0.05933102298060145,0.029610403186310228,9
3000,0,2,0,0,1,47.91666666666667,148.0,0.05394259777821607,0.07704793599049053,0.017666666666666667,47.233333333333334,48.6,75.25,72.75,0.046564280420062346,0.0600487914539295,0.07738274224029096,0.0658970219870086,10
3000,0,4,0,0,1,45.016666666666666,164.0,0.04552733142962078,0.06073054489126245,0.018333333333333333,40.03333333333333,50.0,80.25,83.75,0.03195091578231137,0.0532852832280833,0.04797507624168253,0.0672734008750859,11
3000,0,2,0,0,1,52.49166666666667,148.0,0.051385628495737454,0.045255443617406306,0.041,52.016666666666666,52.96666666666666,74.25,73.75,0.036934091357464796,0.07111753497299433,0.040707762494242884,0.03172459151593859,12
3000,0,4,0,0,1,48.94166666666667,143.25,0.028495012965223693,0.07752053958451799,0.05466666666666667,46.78333333333333,51.1,74.75,68.5,0.01905655545869507,0.040858062938564,0.05623441047909856,0.08574063007435334,13
3000,0,1,0,0,1,47.766666666666666,147.25,0.043691236286341334,0.052411539200361075,0.03333333333333333,49.983333333333334,45.550000000000004,75.0,72.25,0.03854721227460532,0.05109361230322973,0.048669984924203845,0.05592107594002037,14
3000,0,3,0,0,1,46.275,162.5,0.056020007456240674,0.03411372396270533,0.036,46.400000000000006,46.150000000000006,81.75,80.75,0.061378185897884525,0.041423590322107434,0.02198102661061884,0.04483908717211661,15
3000,0,2,0,0,1,51.7,168.25,0.06607617285934587,0.03851206146070506,0.019333333333333334,53.98333333333334,49.416666666666664,83.0,85.25,0.06474946555329013,0.0685969167408518,0.014062820321626264,0.041924778258693764,16
3000,0,6,0,0,1,53.2,164.25,0.04536197741611184,0.054523971452836134,0.031,55.81666666666667,50.583333333333336,87.0,77.25,0.04332074825766755,0.050351648692308966,0.06539546164325764,0.03931934863234135,17
3000,0,4,0,0,1,51.225,161.5,0.030391268380575393,0.0637037708351,0.043666666666666666,53.733333333333334,48.71666666666667,80.0,81.5,0.020586169170160293,0.044372613550982126,0.06581785283342628,0.05400794944790158,18
3000,0,5,0,0,1,50.33333333333333,156.25,0.07326365587835867,0.0637264013381979,0.006666666666666667,50.5,50.16666666666667,78.5,77.75,0.0746349001701229,0.06092245725248057,0.06437271897260008,0.06271482916811007,19
3000,0,3,0,0,1,49.65833333333333,163.75,0.05173325544437966,0.07234852634870706,0.036333333333333336,51.76666666666667,47.55,83.25,80.25,0.04828149823617719,0.055000097087857025,0.05271675834112137,0.0695147929526719,20
3000,0,1,0,0,1,47.15833333333334,159.0,0.03809023427866849,0.027964771590793594,0.026,49.4,44.916666666666664,81.25,77.75,0.0383720648322663,0.0377935705380392,0.01924823712796899,0.02984781121815749,21
3000,0,3,0,0,1,49.875,154.25,0.04058655677569787,0.05052276137990573,0.025666666666666667,52.349999999999994,47.4,77.25,77.0,0.06236037771944069,0.030118373629667662,0.03080237495079864,0.06665973590272356,22
3000,0,3,0,0,1,52.041666666666664,149.5,0.058629270147949636,0.039771726556388574,0.025333333333333333,51.11666666666667,52.96666666666666,68.0,81.5,0.05390624374710853,0.06287999390870663,0.03187727787623674,0.040060173880930944,23
3000,0,3,0,0,1,49.666666666666664,156.25,0.0646716597457852,0.06403206458063466,0.019,49.31666666666666,50.016666666666666,76.75,79.5,0.06615077553437008,0.061466908870517964,0.08455195553339037,0.04170158491049567,24
3000,0,2,0,0,1,49.025,154.25,0.08126946493711998,0.045750511745956325,0.030333333333333334,49.55,48.5,76.75,77.5,0.14067504669212066,0.05057658103036963,0.038007326016209486,0.03465865846523995,25
3000,0,1,0,0,1,51.366666666666674,168.0,0.047368798746533936,0.05878208192419722,0.008666666666666666,51.11666666666667,51.61666666666667,85.25,82.75,0.047368798746533936,0.0,0.07707982400430134,0.014206820028503233,26
3000,0,2,0,0,1,52.05,146.75,0.039450546561209394,0.04223934934842027,0.022,55.06666666666666,49.03333333333333,77.25,69.25,0.04754817251600178,0.028460911336848277,0.037480647776780444,0.04058139603022245,27
3000,0,5,0,0,1,49.291666666666664,163.5,0.05143404273785,0.05544996658286783,0.03833333333333333,49.9,48.68333333333334,81.25,82.25,0.041704805131658265,0.05534946762814667,0.061058217524040656,0.04499722615905479,28
3000,0,3,0,0,1,48.0,159.75,0.06108926985401739,0.045672236618496544,0.015333333333333332,46.88333333333333,49.11666666666667,82.0,77.75,0.059940737274393745,0.06223780243364102,0.05062532737388918,0.03984149508006658,29
3000,0,1,0,0,1,46.81666666666667,159.5,0.04862451373681259,0.017672983027897018,0.029333333333333333,45.88333333333333,47.75,81.0,78.5,0.047869321305175634,0.05008455243797737,0.021043554551932464,0.010354160565360954,30
3000,0,5,0,0,1,49.075,152.25,0.06572656371713864,0.04566902271440152,0.021,48.699999999999996,49.45,77.0,75.25,0.06871884055541809,0.058245871621440015,0.05383197858157395,0.03182541572533565,31
3000,0,4,0,0,1,49.1,162.25,0.02153858528941412,0.04773746100920953,0.037,48.266666666666666,49.93333333333334,86.25,76.0,0.018411767331005986,0.024960386074087168,0.05775887298327991,0.027673036310899325,32
3000,0,3,0,0,1,50.11666666666667,154.75,0.027506276275357032,0.08361243827580371,0.041666666666666664,49.96666666666666,50.26666666666667,78.75,76.0,0.04629676723678653,0.01990562824601477,0.11220928774823259,0.03962032469240945,33
3000,0,4,0,0,1,53.31666666666667,160.0,0.05318697090943341,0.07048408879698556,0.008666666666666666,54.06666666666666,52.56666666666666,81.25,78.75,0.047094241987648215,0.07349606731538409,0.07242166187893762,0.052083290054173746,34
3000,0,2,0,0,1,46.56666666666667,154.25,0.05893984966837107,0.037542103289642005,0.019666666666666666,45.06666666666666,48.06666666666667,75.5,78.25,0.06934529728147605,0.04660746731209853,0.043383820842553766,0.030867081025485504,35
3000,0,5,0,0,1,50.7,151.75,0.05667056333615782,0.057576725958644534,0.027666666666666666,48.91666666666667,52.483333333333334,76.75,75.0,0.06094176397945294,0.049124775533003075,0.036661526065978514,0.06557883530736841,36
3000,0,2,0,0,1,52.38333333333334,168.5,0.044098545311189216,0.04876491136690908,0.06066666666666667,51.866666666666674,52.900000000000006,85.25,83.0,0.04033606965738052,0.05278644363907477,0.04145404468210676,0.05484908507517223,37
3000,0,2,0,0,1,47.91666666666667,162.0,0.020347926511749045,0.05947959998258659,0.033666666666666664,45.800000000000004,50.03333333333333,80.5,81.5,0.012988644088284878,0.06254114573961025,0.07345986542289938,0.04254120163792537,38
3000,0,4,0,0,1,48.46666666666667,154.5,0.06201284057858591,0.04191896848369278,0.009333333333333334,49.35,47.583333333333336,76.25,78.25,0.04151860522196662,0.06542854647135579,0.02675409087860148,0.05466352935673153,39
3000,0,3,0,0,1,49.99166666666667,158.75,0.04878956869898849,0.05812023823087829,0.023666666666666666,49.65,50.33333333333333,78.5,80.25,0.04381992822487402,0.05916099229714039,0.03062062314782979,0.08104370893223038,40
3000,0,2,0,0,1,48.71666666666667,158.0,0.04509745489063277,0.04879771533978933,0.036,48.983333333333334,48.449999999999996,77.25,80.75,0.027113032765476285,0.054860426901432016,0.0490392152801869,0.04526901847879759,41
3000,0,1,0,0,1,48.6,154.5,0.023490052560455797,0.04932065186140114,0.04933333333333333,48.03333333333333,49.166666666666664,77.75,76.5,0.02153423503699304,0.026279497225066607,0.04240189733887834,0.055356922266154976,42
3000,0,1,0,0,1,50.708333333333336,157.0,0.05984795212235501,0.05284197046111973,0.016666666666666666,51.53333333333333,49.88333333333333,75.0,81.75,0.06798508380933294,0.05698895990801141,0.03487720015661634,0.044613076442130264,43
3000,0,4,0,0,1,49.74166666666667,153.5,0.05603183296268622,0.06578049597951739,0.020666666666666667,47.78333333333333,51.7,75.5,78.0,0.06414168713068437,0.04480280411468883,0.05202210706341144,0.037488365985200334,44
3000,0,2,0,0,1,50.4,160.25,0.014848588358828343,0.046148880262330244,0.034,51.1,49.7,84.5,75.75,0.015990753373513668,0.013512012277813604,0.04034404412416644,0.0493193159255308,45
3000,0,4,0,0,1,51.483333333333334,148.75,0.028753197202268113,0.05726246438892803,0.030666666666666665,50.18333333333334,52.78333333333334,71.25,77.5,0.03179680254505286,0.02379646850116152,0.03062486396612398,0.05873271771581017,46
3000,0,3,0,0,1,51.06666666666667,152.5,0.024016703712215814,0.07032732453602289,0.034333333333333334,48.96666666666666,53.166666666666664,75.75,76.75,0.022828396310520166,0.047307528785450505,0.07258888974305898,0.06037432242836452,47
3000,0,5,0,0,1,49.0,155.75,0.03534770112835965,0.06199986259997792,0.018333333333333333,52.63333333333333,45.36666666666667,79.25,76.5,0.02997701613248467,0.03841666398314535,0.033702038644017135,0.08379803010461222,48
3000,0,3,0,0,1,50.46666666666667,162.5,0.04915192075684088,0.05203521853642881,0.027,49.55,51.38333333333334,84.5,78.0,0.06704439857445929,0.0374670372841105,0.05745789664887435,0.04646098975122014,49
3000,0,2,0,0,1,49.275000000000006,156.5,0.0731093080223413,0.040365700848832564,0.02033333333333333,51.5,47.05,79.5,77.0,0.0771518471203985,0.06687706024616978,0.038669613583747875,0.04102240009683797,50
3000,0,2,0,0,1,47.25,167.0,0.03282664832771727,0.04493464559369156,0.04033333333333333,48.449999999999996,46.050000000000004,82.5,84.5,0.03817213533612308,0.02879816536486071,0.04531488541229826,0.04380484078019212,51
3000,0,4,0,0,1,52.81666666666667,152.0,0.04356016630215995,0.03697266506491358,0.048666666666666664,55.1,50.53333333333333,81.0,71.0,0.03294675904311946,0.06218369224726872,0.02441280534152175,0.047294439725133516,52
3000,0,2,0,0,1,47.78333333333333,157.75,0.06362218054295908,0.05982023381696106,0.015666666666666666,47.4,48.16666666666667,78.75,79.0,0.07069198882407822,0.0499244269982907,0.04694901119941666,0.049104155745509075,53
3000,0,2,0,0,1,47.825,159.75,0.0636692064734333,0.03478134559721987,0.007,52.2,43.45,90.5,69.25,0.06751325905535281,0.05742262102781412,0.030746926647266637,0.032792410483729446,54
3000,0,2,0,0,1,51.33333333333333,168.75,0.01566921805571491,0.07072764728550628,0.06866666666666667,53.63333333333333,49.03333333333333,86.0,82.5,0.02107607771743567,0.012638099760507818,0.08929078659991399,0.038950762582111206,55
3000,0,2,0,0,1,49.59166666666667,157.25,0.024841413407567584,0.054666670189092464,0.061,49.86666666666667,49.31666666666666,77.5,79.5,0.024585007706254876,0.02771315726226985,0.051795163909118216,0.05555711030782334,56
3000,0,5,0,0,1,46.74166666666667,154.75,0.04239949480354679,0.08422852782472892,0.023333333333333334,49.833333333333336,43.65,72.5,82.25,0.041234063350072174,0.04633282595902357,0.06219150582657425,0.09567560079805677,57
3000,0,3,0,0,1,50.35833333333334,156.75,0.03270927388032002,0.05462860588540772,0.04633333333333333,48.13333333333333,52.583333333333336,75.0,81.75,0.02891621982907159,0.040377839679583166,0.042206621411099966,0.04637621664060543,58
3000,0,4,0,0,1,49.69166666666667,153.0,0.05131394170987459,0.072255862279353,0.008,50.56666666666667,48.81666666666667,73.0,80.0,0.05571576793758626,0.04611178344076084,0.03183155245709577,0.11097064193363494,59
3000,0,5,0,0,1,46.641666666666666,161.75,0.043761695015384974,0.052493270642914286,0.035333333333333335,50.11666666666667,43.166666666666664,79.5,82.0,0.042418096871697966,0.04475287397384261,0.04065250990218928,0.06326121804277976,60
3000,0,1,0,0,1,48.575,150.5,0.04569835210369124,0.051364021461927374,0.021,50.03333333333333,47.11666666666667,76.25,74.25,0.047877006813242744,0.04190938739142772,0.07191962913822371,0.021984472846725327,61
3000,0,5,0,0,1,50.34166666666666,159.0,0.043850400911914854,0.045647509779509,0.018333333333333333,50.866666666666674,49.81666666666666,79.5,79.5,0.043673499235202355,0.04387619907310209,0.02966749409248788,0.03268441030779864,62
3000,0,4,0,0,1,46.949999999999996,154.25,0.025198592066830727,0.039469926040197854,0.041,46.21666666666667,47.68333333333333,82.5,71.75,0.01891698059554958,0.040992358051766195,0.05744496639536193,0.02119392618292797,63
3000,0,4,0,0,1,52.666666666666664,154.75,0.04026070475207842,0.04494368137248033,0.010666666666666666,51.233333333333334,54.1,70.75,83.5,0.061844220449178276,0.02549303611722063,0.03660252301567681,0.0434252950126217,64
3000,0,3,0,0,1,48.4,156.75,0.04429045763631337,0.053125955884705235,0.028,46.6,50.2,80.75,76.0,0.03886386148349121,0.051887692250264385,0.05589971719850856,0.04864180526023622,65
3000,0,1,0,0,1,50.85833333333334,157.0,0.018118286406133718,0.044786111739931495,0.013333333333333334,50.7,51.016666666666666,75.0,82.0,0.01517873758030526,0.031976159442182156,0.0752380335275616,0.013349747985821918,66
3000,0,2,0,0,1,50.24999999999999,159.25,0.05050176359594147,0.04812494920116147,0.035,49.983333333333334,50.516666666666666,82.5,76.5,0.0523880933737121,0.041963639338663886,0.07399343810830834,0.020397478866471613,67
3000,0,3,0,0,1,46.61666666666667,164.25,0.048046996608901146,0.061604383492254985,0.02266666666666667,45.63333333333333,47.599999999999994,81.0,83.25,0.059938752431395646,0.04273365890097806,0.05583974576974936,0.056726925139457596,68
3000,0,3,0,0,1,49.583333333333336,165.75,0.04180191016701864,0.05539997702403211,0.028333333333333332,50.74999999999999,48.41666666666667,75.5,90.25,0.03280379139192767,0.04646165024697647,0.024236515817600095,0.08188351064902155,69
3000,0,3,0,0,1,48.175000000000004,155.5,0.031123637603069215,0.055837430069317254,0.03833333333333333,49.15,47.199999999999996,74.0,81.25,0.03816694996348338,0.028524319946249696,0.039077598199194624,0.05894192092298495,70
3000,0,2,0,0,1,47.766666666666666,162.0,0.04605811689724971,0.054404934838309056,0.018666666666666668,49.416666666666664,46.11666666666667,76.0,85.75,0.05371235395903055,0.04591894895067187,0.05218582882303603,0.04826569482072058,71
3000,0,2,0,0,1,48.96666666666666,157.0,0.048284285791446356,0.051952783430387,0.024,49.55,48.38333333333333,77.5,79.5,0.04935084669945954,0.046012047335244353,0.03537636618272041,0.063268812631797,72
3000,0,3,0,0,1,50.81666666666666,150.5,0.050891008453531957,0.07270501179822765,0.025333333333333333,52.83333333333333,48.8,72.0,78.5,0.034423370139353766,0.06735864676771014,0.1026034298136167,0.03894417123552913,73
3000,0,2,0,0,1,50.85833333333334,162.25,0.09914535143402169,0.03633061259853257,0.020666666666666667,48.38333333333333,53.333333333333336,81.75,80.5,0.04911374936939822,0.13074425800115233,0.03194156878389777,0.040065120740522306,74
3000,0,1,0,0,1,48.483333333333334,155.0,0.040613823261134635,0.04887384193507532,0.013333333333333334,44.75,52.21666666666667,76.75,78.25,0.05738638043695213,0.028216715783356487,0.05902182583185248,0.025224314398621082,75
3000,0,3,0,0,1,49.05,163.25,0.04581634944105838,0.03771009909517631,0.021,49.81666666666666,48.28333333333333,81.25,82.0,0.04059821237562818,0.05277386552829865,0.03401795197639554,0.038161471026218675,76
3000,0,3,0,0,1,51.35833333333333,159.25,0.01766741403808034,0.06377843761363187,0.04766666666666667,50.2,52.516666666666666,77.5,81.75,0.018119745728804745,0.01736761280120486,0.060098430896926826,0.06042680126637662,77
3000,0,2,0,0,1,50.641666666666666,156.0,0.047792180229399996,0.03538998048439263,0.015,49.2,52.083333333333336,75.75,80.25,0.0524592016705451,0.03933320386732451,0.022442870148899306,0.030657547558850664,78
3000,0,2,0,0,1,50.041666666666664,166.75,0.04236111806515219,0.041111745914567906,0.019,52.016666666666666,48.06666666666667,87.75,79.0,0.03206860075882645,0.07118016652286425,0.03973691678785284,0.0405174864054884,79
3000,0,4,0,0,1,48.833333333333336,159.25,0.030201337280145138,0.0808864235242483,0.011666666666666667,43.85,53.81666666666667,77.75,81.25,0.03504631774467829,0.026971350303789703,0.07045948910014689,0.0805676724635484,80
3000,0,3,0,0,1,50.06666666666667,165.5,0.09080115217695059,0.039923438611184026,0.014333333333333333,48.18333333333334,51.949999999999996,81.0,84.25,0.01430845332988492,0.09262240691140454,0.033742840456866915,0.033672318673973974,81
3000,0,2,0,0,1,52.449999999999996,157.25,0.05218950786137049,0.06166651022375167,0.010666666666666666,48.81666666666667,56.08333333333333,77.75,79.5,0.0531312919800268,0.05112215252689333,0.049271115709464436,0.048457275690945725,82
3000,0,3,0,0,1,48.949999999999996,155.0,0.018585363509951165,0.07646956486144278,0.048666666666666664,50.0,47.9,81.25,73.75,0.01731135680243383,0.020632874289889754,0.04358338595260082,0.10294339764524599,83
3000,0,1,0,0,1,52.00833333333333,151.0,0.04368281887347094,0.029104949437071034,0.041666666666666664,52.68333333333334,51.33333333333333,74.25,76.75,0.05010826264098274,0.039540098549680436,0.023974568944069415,0.028200684629261896,84
3000,0,3,0,0,1,49.90833333333333,164.25,0.022528400135162063,0.03119792636268169,0.019,52.483333333333334,47.333333333333336,81.25,82.5,0.059851356641706266,0.021861918768973778,0.03566740596009556,0.02461517237004764,85
3000,0,0,0,1,0,49.483333333333334,157.0,0.07274175303742011,0.04482495435290575,0.014,49.63333333333333,49.333333333333336,72.0,85.0,0.07856903948346841,0.06982810981439597,0.03957184909618676,0.0436189443314452,86
3000,0,3,0,0,1,47.833333333333336,163.0,0.04219184536931032,0.0777896403269218,0.03233333333333333,46.5,49.166666666666664,79.0,84.0,0.048942591890160904,0.036349853187805,0.07983772446761497,0.07419129259590565,87
3000,0,1,0,0,1,49.25,161.0,0.031046729218864626,0.04410521579514031,0.029333333333333333,50.0,48.5,83.5,77.5,0.019674418324456454,0.04096725574377389,0.040314987773345384,0.043134503631892473,88
3000,0,4,0,0,1,48.6,162.5,0.03619832680150735,0.06458351446991831,0.023666666666666666,49.583333333333336,47.61666666666667,83.0,79.5,0.033652997494769486,0.03896824398825147,0.032905934586411154,0.08471771444168305,89
3000,0,2,0,0,1,50.35833333333334,156.0,0.023675278883109743,0.04150952292226711,0.034333333333333334,46.93333333333333,53.78333333333334,74.75,81.0,0.02855125695636953,0.0021183231908033077,0.04804325513573465,0.03360236026101736,90
3000,0,5,0,0,1,48.983333333333334,150.75,0.03449488782278335,0.07454054781154548,0.014333333333333333,50.21666666666667,47.75,79.5,71.25,0.04570902768828467,0.03015393045549253,0.09628499575653547,0.05180508924794159,91
3000,0,3,0,0,1,47.475,158.75,0.0645204056054052,0.049052072829902295,0.024,49.13333333333333,45.81666666666667,76.75,82.0,0.06101581176413752,0.06495847983556366,0.030461639932047663,0.060138392995985675,92
3000,0,4,0,0,1,49.15833333333333,160.0,0.04888412743149213,0.07524228482086182,0.019666666666666666,47.483333333333334,50.83333333333333,80.5,79.5,0.04594196472502129,0.05420804090034411,0.07973578468844338,0.06714941097911628,93
3000,0,6,0,0,1,52.39166666666667,147.75,0.05267350017292686,0.06626312426995486,0.029666666666666668,53.5,51.28333333333334,68.5,79.25,0.04633622660563477,0.05718271405734622,0.07986514694917332,0.050213066807249886,94
3000,0,3,0,0,1,49.93333333333334,162.25,0.06959774017246527,0.029643427745364496,0.013666666666666667,47.63333333333333,52.233333333333334,80.75,81.25,0.08024979743878224,0.05455954167884126,0.027713388851703342,0.028973833447356278,95
3000,0,5,0,0,1,50.84166666666666,155.25,0.04721347007613419,0.06215405275544509,0.034666666666666665,50.516666666666666,51.16666666666667,77.5,77.75,0.026164242735641555,0.07375380020110316,0.036268883156472524,0.0827842050618976,96
3000,0,6,0,0,1,47.983333333333334,145.0,0.035740712934870286,0.08028181290674781,0.027666666666666666,49.18333333333334,46.78333333333333,76.0,69.0,0.050134153774335694,0.021689973067773108,0.05926146983456669,0.07120597583334262,97
3000,0,2,0,0,1,53.041666666666664,165.75,0.04454768537155168,0.04470558114317923,0.019,48.68333333333334,57.4,83.75,82.0,0.04192154461605356,0.06686988179328579,0.042448440029632606,0.04645897880870152,98
3000,0,3,0,0,1,48.858333333333334,154.25,0.06250519675969635,0.07069888167177837,0.024333333333333332,46.46666666666667,51.24999999999999,68.75,85.5,0.09238055720829162,0.04496965910508607,0.09795901927354309,0.035353876846588465,99
3000,0,1,0,0,1,49.1,163.75,0.05387131508018581,0.06048358979150705,0.009666666666666667,49.36666666666667,48.833333333333336,83.25,80.5,0.0669755310243195,0.019472748226834872,0.05285366811114375,0.04517075493168116,100
3000,0,3,0,0,1,49.74166666666667,157.75,0.04515567206010063,0.04147257913818599,0.04,50.1,49.38333333333333,78.25,79.5,0.038749253702848846,0.06277332254254304,0.05871335752814784,0.01888305163286802,101
3000,0,3,0,0,1,49.475,157.5,0.05316855602884483,0.05960812044740677,0.044333333333333336,49.983333333333334,48.96666666666666,83.5,74.0,0.04181739067848262,0.06249828097434802,0.07657700935522095,0.041923073731821775,102
3000,0,4,0,0,1,50.8,156.0,0.040758286216260604,0.044417611783457114,0.036,47.86666666666667,53.733333333333334,76.25,79.5,0.045499292946519734,0.038078586760027185,0.04590211842431017,0.04268346414590778,103
3000,0,3,0,0,1,46.75,150.75,0.034274363563959215,0.09476695832029675,0.029,45.5,48.0,71.0,79.75,0.05001317756495633,0.013979577088989264,0.07117979539200779,0.08278407394867505,104
3000,0,5,0,0,1,53.46666666666666,164.0,0.04318657278178252,0.05669139904826422,0.017,51.866666666666674,55.06666666666666,88.25,75.75,0.041170976118662155,0.04564034263253776,0.05193180007367086,0.0595530957229443,105
3000,0,3,0,0,1,53.13333333333333,151.75,0.02735484634377621,0.08483169631369318,0.032,51.83333333333333,54.43333333333334,74.0,77.75,0.028520541059976617,0.012533870666371018,0.06871679729662176,0.07787299989229715,106
3000,0,0,0,1,0,49.35,156.75,0.04034966621446518,0.047976606551746515,0.037333333333333336,50.61666666666667,48.083333333333336,79.75,77.0,0.027383323873299188,0.04843014042707588,0.05555519092434681,0.035568089078798146,107
3000,0,0,0,1,0,52.55833333333333,161.75,0.01757952710839772,0.044168216048533854,0.04833333333333333,53.31666666666667,51.800000000000004,81.5,80.25,0.04863135595744976,0.0061547976261993285,0.02994097494822104,0.044195330726955834,108
3000,0,4,0,0,1,48.125,165.25,0.03229677925173748,0.07000440913874113,0.048666666666666664,47.449999999999996,48.8,88.25,77.0,0.02639409821041042,0.040073327290311225,0.07025110046225806,0.05947033936886496,109
3000,0,5,0,0,1,50.55833333333334,153.25,0.052392379919886066,0.08145374779454757,0.015666666666666666,47.099999999999994,54.016666666666666,73.25,80.0,0.05437678117439051,0.04271842380417695,0.06000861241996495,0.03844246645256292,110
3000,0,2,0,0,1,50.31666666666666,154.25,0.05529050720193941,0.0333382004949826,0.022,49.46666666666666,51.16666666666667,81.5,72.5,0.04619231834831868,0.07121233769577567,0.03453542182863746,0.02864017429713482,111
3000,0,4,0,0,1,48.16666666666667,165.25,0.03708128476453402,0.06568908195374489,0.035,49.95,46.38333333333333,84.75,80.25,0.037948097869616115,0.03637886724834679,0.07828653538059062,0.033485294813959676,112
3000,0,3,0,0,1,48.449999999999996,158.25,0.05593689349823585,0.07061315284208113,0.009333333333333334,48.11666666666667,48.78333333333333,81.75,76.5,0.05540581009207357,0.05675765876230479,0.016700208201770303,0.10198414671939632,113
3000,0,4,0,0,1,48.71666666666667,163.25,0.05914640183071893,0.06744345295028918,0.019,50.8,46.63333333333333,81.5,81.75,0.05070090296548346,0.06622972345962609,0.04253574893756867,0.09149396750038277,114
3000,0,1,0,0,1,48.56666666666667,164.75,0.027271944775011922,0.04092802395958852,0.020666666666666667,49.71666666666666,47.41666666666667,83.5,81.25,0.0,0.027271944775011922,0.005992708925694435,0.013950469487550235,115
3000,0,4,0,0,1,51.78333333333334,156.0,0.037668796385007745,0.05846723616272714,0.04833333333333333,53.18333333333334,50.38333333333333,78.75,77.25,0.02779964303044178,0.054300147408442995,0.07771972228475782,0.036825254089846514,116
3000,0,1,0,0,1,49.325,145.25,0.054901420974052775,0.048781058280463654,0.018666666666666668,48.65,50.0,71.5,73.5,0.07974049163116016,0.036272117981222235,0.04753903266245937,0.03625470513783441,117
3000,0,5,0,0,1,47.71666666666667,156.5,0.03667057625622282,0.0589786011286217,0.027666666666666666,47.41666666666667,48.016666666666666,83.0,73.5,0.04973991596366768,0.0284702062437084,0.0402326034793747,0.06105166769383382,118
3000,0,5,0,0,1,53.13333333333333,152.75,0.0365136392976568,0.0685786948925997,0.042,52.5,53.766666666666666,80.0,72.75,0.06360225167409432,0.023447367445492823,0.06811350316239301,0.03681876645230611,119
3000,0,3,0,0,1,43.99166666666667,155.25,0.06350629252522291,0.0382039781925656,0.012333333333333333,41.6,46.38333333333333,72.0,83.25,0.06800947155166451,0.059678590352747536,0.0289001610555949,0.0392428792400141,120
3000,0,2,0,0,1,54.125,152.5,0.045178475500462806,0.03544877584937929,0.014,54.78333333333333,53.46666666666666,76.5,75.75,0.03316989873877548,0.059715173685663266,0.027220434948496984,0.034541911076355514,121
3000,0,2,0,0,1,50.56666666666667,163.25,0.03108238429994739,0.07723892266672334,0.026,49.56666666666666,51.56666666666667,82.25,81.0,0.04700238765126211,0.02595560355969348,0.07348117090105401,0.0768133592070092,122
3000,0,1,0,0,1,46.650000000000006,164.25,0.04722335269089193,0.04848501444163194,0.025333333333333333,46.36666666666667,46.93333333333333,85.0,79.0,0.04470408903369864,0.0487777919687346,0.06388556997966584,0.032478101123674524,123
3000,0,4,0,0,1,46.43333333333333,158.75,0.04516288120363162,0.06935861238562194,0.029333333333333333,48.88333333333333,43.983333333333334,80.75,78.0,0.053417511222572205,0.042067394946528905,0.08282893713073868,0.054864369606597886,124
3000,0,2,0,0,1,48.199999999999996,160.25,0.03557448116978759,0.045403734898164204,0.007666666666666666,49.43333333333334,46.96666666666667,83.25,77.0,0.03557448116978759,0.0,0.0312576086706784,0.0019757631673623863,125
3000,0,4,0,0,1,46.375,154.5,0.05648294889577215,0.07671975193542656,0.016,43.86666666666667,48.88333333333333,77.25,77.25,0.06021181318088338,0.04968325519939286,0.11266196028158677,0.030958322579142494,126
3000,0,1,0,0,1,48.19166666666666,166.75,0.09489663450572006,0.03252368435685146,0.004333333333333333,50.0,46.38333333333333,83.75,83.0,0.033165209423844655,0.13347877518189216,0.0201730996152135,0.03291254003551538,127
3000,0,3,0,0,1,52.06666666666667,168.25,0.054439285186274035,0.056018275830360495,0.016,54.93333333333334,49.2,85.5,82.75,0.06474170148460705,0.04324100660112947,0.0457198006900276,0.06572899021474132,128
3000,0,4,0,0,1,45.875,159.25,0.04207685777258467,0.06760373079702461,0.017,45.166666666666664,46.58333333333333,72.25,87.0,0.05959128046294322,0.0333196464274054,0.07761286269620644,0.05297194274240105,129
3000,0,4,0,0,1,51.21666666666667,162.75,0.04730304384971042,0.04884399993362193,0.023666666666666666,51.733333333333334,50.7,86.0,76.75,0.040529850006289295,0.05467387244402165,0.03544835389262125,0.058388556569250585,130
3000,0,3,0,0,1,51.69166666666667,154.5,0.037124980727934166,0.07017920578870684,0.046,54.28333333333333,49.1,76.0,78.5,0.04039329260619623,0.03609779699476608,0.06158082906407344,0.06357904475710943,131
3000,0,3,0,0,1,49.75833333333333,159.75,0.03121547497012067,0.05543671660035842,0.020666666666666667,45.71666666666667,53.800000000000004,78.0,81.75,0.034786020225814465,0.029109768793685868,0.04716316303845949,0.060883047395238594,132
3000,0,4,0,0,1,48.766666666666666,164.5,0.050644111177793036,0.06879964116124014,0.023666666666666666,48.6,48.93333333333334,82.5,81.75,0.036034842996328934,0.06073146301737537,0.05913796757651974,0.07751342100922987,133
3000,0,2,0,0,1,48.891666666666666,152.25,0.033076157709799575,0.03977548672952895,0.024,44.666666666666664,53.11666666666667,74.5,77.75,0.054458314861116935,0.013944753942831416,0.04275635512794205,0.03284867274475722,134
3000,0,3,0,0,1,52.29166666666667,148.75,0.05963101811858479,0.06585989278302155,0.008,51.88333333333334,52.7,74.75,74.0,0.045819113303637714,0.10106673256342606,0.04970846853547519,0.08090299695982521,135
3000,0,0,0,1,0,51.79166666666667,159.5,0.03165830426795765,0.03914352224039612,0.044,50.983333333333334,52.6,85.25,74.25,0.031184533330699146,0.0320296382458089,0.05053629266163504,0.026201848699900245,136
3000,0,2,0,0,1,51.96666666666667,158.75,0.06481637962508428,0.03203399295739053,0.022,49.15,54.78333333333333,77.25,81.5,0.06272331641607817,0.06765696540873545,0.034180438195760124,0.02909010677322938,137
3000,0,4,0,0,1,51.24999999999999,139.25,0.04678230662247101,0.05739532776072539,0.024333333333333332,50.14999999999999,52.349999999999994,72.75,66.5,0.05380345984943795,0.03778645405041963,0.04813131928715661,0.061873002513227526,138
3000,0,2,0,0,1,50.73333333333333,149.5,0.026907458631209785,0.0446896149094474,0.04066666666666666,53.1,48.36666666666667,75.25,74.25,0.055056874462610796,0.01647003478361165,0.04467555854561895,0.036550469432163564,139
3000,0,2,0,0,1,47.833333333333336,156.75,0.022899271837545462,0.05377758532615187,0.05266666666666667,50.56666666666667,45.1,80.25,76.5,0.02691534004600223,0.020929125169245912,0.07561048313074577,0.031029284725307874,140
3000,0,4,0,0,1,50.958333333333336,157.5,0.05380325919386751,0.04771274844899889,0.013666666666666667,52.43333333333333,49.483333333333334,77.0,80.25,0.05605882731784134,0.052976217548410434,0.03927920434636357,0.044559143841715554,141
3000,0,5,0,0,1,51.916666666666664,156.25,0.051306121441023374,0.05684825839231186,0.019,53.18333333333334,50.64999999999999,76.5,79.75,0.0426348209409393,0.05717200119108022,0.05284081650686894,0.05939048091606084,142
3000,0,2,0,0,1,51.916666666666664,161.5,0.09905955295477871,0.06082884081742515,0.0016666666666666668,52.43333333333333,51.4,72.0,89.0,0.09905955295477871,0.0,0.0716128029801204,0.04994052094965022,143
3000,0,3,0,0,1,47.425,159.5,0.038231089523415175,0.04192318284139542,0.027,45.06666666666666,49.78333333333333,82.75,76.75,0.023728623369178466,0.05635917221621109,0.04709648673580589,0.03550044051505239,144
3000,0,5,0,0,1,51.0,156.75,0.026313694474625664,0.0679294407228735,0.031,51.33333333333333,50.66666666666667,75.25,81.5,0.01266291047563484,0.053615262472607304,0.05779059836454116,0.07628547248063051,145
3000,0,1,0,0,1,50.4,157.5,0.039930541003162484,0.04545811691998177,0.033,50.13333333333333,50.66666666666667,78.75,78.75,0.03380724905208659,0.04670524699158688,0.052213981811504745,0.03721094949046797,146
3000,0,0,0,1,0,49.525000000000006,161.25,0.04039468119633603,0.03526491577401452,0.03666666666666667,50.26666666666667,48.78333333333333,73.0,88.25,0.05614926921859367,0.03932398103948358,0.018578141897811092,0.029860582563392662,147
3000,0,2,0,0,1,50.425,154.5,0.04435412613712362,0.0406609489121563,0.036,49.166666666666664,51.68333333333334,73.5,81.0,0.052683032851893935,0.04129667936841047,0.02738427505960966,0.051755024512272534,148
3000,0,1,0,0,1,50.85833333333334,167.5,0.043516209239066586,0.05780799138547388,0.021666666666666667,51.26666666666667,50.449999999999996,85.75,81.75,0.053279756905891346,0.03461415107225579,0.07748780680182588,0.03630075611677648,149
3000,0,3,0,0,1,50.641666666666666,166.25,0.05191507391272826,0.05197641556711351,0.012,49.85,51.43333333333333,80.5,85.75,0.053537743259814176,0.050292404565642344,0.06708722537965298,0.03607619762218461,150
3000,0,6,0,0,1,50.125,160.5,0.05923860676083908,0.03977240382832297,0.016,47.71666666666667,52.53333333333333,76.25,84.25,0.05731593655166418,0.06049828724271229,0.05786559153141232,0.0198918514782086,151
3000,0,5,0,0,1,52.758333333333326,152.25,0.05550723113203444,0.08753493817224864,0.018,53.733333333333334,51.78333333333334,71.5,80.75,0.053724237041145546,0.059073219313812216,0.06901029676536721,0.10263513095708257,152
3000,0,1,0,0,1,49.625,169.75,0.09360519915626238,0.046847363986518634,0.0016666666666666668,48.46666666666667,50.78333333333334,83.5,86.25,0.10172839882509299,0.08142039965301644,0.005616817744040837,0.07226825562241695,153
3000,0,3,0,0,1,50.16666666666667,155.75,0.032907013461421115,0.055559844975608855,0.033666666666666664,51.24999999999999,49.083333333333336,76.25,79.5,0.03673044568101179,0.03087943576921394,0.06107002675024801,0.04771874322872122,154
3000,0,5,0,0,1,48.16666666666667,147.5,0.02843219742966033,0.08873743724966282,0.058333333333333334,49.93333333333334,46.400000000000006,78.25,69.0,0.02326099003694862,0.03231060297419412,0.08619605483382112,0.08901797106097804,155
3000,0,3,0,0,1,44.224999999999994,151.5,0.040155382131305435,0.06098397044833048,0.033,42.483333333333334,45.96666666666667,78.5,73.0,0.03941857120483664,0.043977588812362314,0.08464321072077019,0.03720702006457066,156
3000,0,0,0,1,0,50.11666666666667,156.5,0.06019602389546159,0.05345003473105324,0.023333333333333334,48.35,51.88333333333334,82.75,73.75,0.056935762174025864,0.06571338988558358,0.05874171342478318,0.02594090379594178,157
3000,0,0,0,1,0,50.016666666666666,163.75,0.05287221600382261,0.045514298981992385,0.023,48.06666666666667,51.96666666666667,74.0,89.75,0.05288903944461537,0.052833762424867724,0.049172818850821864,0.019214985960977975,158
3000,0,3,0,0,1,49.391666666666666,157.0,0.03704402645465841,0.05445933657513381,0.03866666666666667,50.38333333333333,48.4,71.5,85.5,0.059096143198044064,0.019126681600657572,0.06145988646071956,0.04254306937804586,159
3000,0,3,0,0,1,47.91666666666667,151.75,0.059254624851295346,0.03955827565140217,0.015333333333333332,48.983333333333334,46.85,77.75,74.0,0.060596355515123754,0.0576573264419758,0.054946525335616565,0.022782831287368497,160
3000,0,3,0,0,1,48.36666666666667,146.25,0.03938209783498677,0.07807396674163522,0.008666666666666666,48.11666666666667,48.61666666666667,67.25,79.0,0.034656285546881334,0.050015175483224046,0.08633828008550407,0.06899253798186707,161
3000,0,1,0,0,1,52.49166666666667,148.5,0.024857432508781172,0.04936585919106136,0.029,50.516666666666666,54.46666666666666,71.5,77.0,0.017108767616209785,0.038175450292888255,0.03984570246780338,0.05671590019819153,162
3000,0,1,0,0,1,50.641666666666666,149.75,0.07729052940909412,0.06582040297402902,0.016,49.88333333333333,51.4,73.0,76.75,0.06267376249379913,0.0845989128667416,0.08371266929304062,0.045774759810575105,163
3000,0,1,0,0,1,47.56666666666667,161.5,0.0499812266429868,0.04088040197620135,0.018,45.36666666666667,49.766666666666666,77.25,84.25,0.05206150129158766,0.049025424777413396,0.05003521178603214,0.028111787576187007,164
3000,0,3,0,0,1,50.641666666666666,166.25,0.05632885973478495,0.038632579342690446,0.018,52.75,48.53333333333333,77.0,89.0,0.06264464599691766,0.05317096660371859,0.03843267703397654,0.028397443844666182,165
3000,0,3,0,0,1,52.06666666666667,150.5,0.03999231148211122,0.056292771452429724,0.009333333333333334,50.2,53.93333333333333,74.0,76.5,0.059015416363095576,0.03928775204207476,0.03072559372869577,0.0595862601959851,166
3000,0,4,0,0,1,49.075,161.0,0.036026528942109524,0.05682232983219785,0.02266666666666667,47.41666666666667,50.73333333333333,78.75,82.25,0.036500272015704535,0.035461093660721914,0.06418647598353226,0.04236267844184413,167
3000,0,2,0,0,1,49.70833333333333,156.0,0.07077737423965226,0.036133705656584345,0.009333333333333334,48.88333333333333,50.53333333333333,79.0,77.0,0.07563411676185403,0.05620714667304697,0.029359632701503092,0.04241698638622825,168
3000,0,3,0,0,1,50.5,151.25,0.03941673989263958,0.04684854759939128,0.024333333333333332,49.38333333333333,51.61666666666667,77.5,73.75,0.03230194249659272,0.04804073673633275,0.050966613571437294,0.038784747658528435,169
3000,0,1,0,0,1,48.55833333333333,158.75,0.0142570974357585,0.05255283784171382,0.015666666666666666,47.449999999999996,49.666666666666664,79.0,79.5,0.008694678270408781,0.04604234980918547,0.04399242935986171,0.04776761319440211,170
3000,0,3,0,0,1,53.29166666666667,154.5,0.028775012112973297,0.052787404466328264,0.019333333333333334,50.849999999999994,55.733333333333334,81.25,73.25,0.016762370885294798,0.05159903044556245,0.06527512728384303,0.040215189307393324,171
3000,0,5,0,0,1,49.95,148.5,0.02600951929426081,0.034462207877753025,0.026333333333333334,49.083333333333336,50.81666666666666,76.0,72.25,0.023779350391160088,0.03216903340758663,0.02459116325254331,0.043791830549301046,172
3000,0,3,0,0,1,49.65,154.0,0.02767162052138727,0.0425689923049995,0.048666666666666664,49.766666666666666,49.53333333333333,80.5,73.5,0.022658213698664338,0.045531882327337694,0.027903600245482902,0.05418592327042744,173
3000,0,4,0,0,1,47.375,163.0,0.0332747734056551,0.04419041381769587,0.03966666666666667,44.016666666666666,50.73333333333333,85.75,77.25,0.03317373187257667,0.033636191197050996,0.032346351162883646,0.05023877339577525,174
3000,0,4,0,0,1,50.49166666666667,164.25,0.05457876044527159,0.06202323863176297,0.02666666666666667,48.66666666666667,52.31666666666667,81.0,83.25,0.06909827949801826,0.04076751061461009,0.03478449056832152,0.08666424719930735,175
3000,0,3,0,0,1,49.34166666666667,156.0,0.05170686850802233,0.04769584487944719,0.033,50.43333333333333,48.25,77.5,78.25,0.043614890056685805,0.06945701478837343,0.04845632191236092,0.044353979857510176,176
3000,0,4,0,0,1,46.34166666666666,150.75,0.03127992233483658,0.06265713163984057,0.033666666666666664,46.6,46.08333333333333,77.5,73.25,0.0322730379858869,0.02881425589084958,0.07133539258434007,0.05284386728004736,177
3000,0,5,0,0,1,48.55833333333333,155.5,0.07169465015286296,0.060380036991575556,0.03866666666666667,47.31666666666667,49.8,78.25,77.25,0.04705909688773186,0.08369658635895245,0.06946721960522076,0.04374184209616226,178
3000,0,5,0,0,1,46.30833333333334,165.75,0.045739081440068684,0.056447608993140434,0.022,45.61666666666667,47.0,82.25,83.25,0.03626417766448056,0.053634834586392115,0.04861523715492379,0.05480899722213706,179
3000,0,1,0,0,1,49.03333333333333,165.0,0.05298106582645179,0.04418625698292,0.011,50.9,47.16666666666667,80.25,84.5,0.04087052890928526,0.0908264936925972,0.04994663575631389,0.02896606094131102,180
3000,0,3,0,0,1,50.824999999999996,162.0,0.04893427534728389,0.03750030115278095,0.02033333333333333,48.449999999999996,53.2,78.5,83.5,0.028236308893734612,0.08313091557488703,0.046057258748539665,0.028756681874364084,181
3000,0,6,0,0,1,49.25833333333333,166.0,0.03995595655466463,0.057228582927602696,0.030666666666666665,47.81666666666667,50.7,82.0,84.0,0.04505401746484348,0.036526351942362506,0.0527369689640336,0.06104158093966089,182
3000,0,0,0,1,0,48.9,152.75,0.09094364134125707,0.007769770425764856,0.007666666666666666,47.96666666666667,49.833333333333336,70.25,82.5,0.09094364134125707,0.0,0.0033728885067540897,0.008193231386271557,183
3000,0,1,0,0,1,47.88333333333333,157.25,0.026044153218972296,0.044461216132598326,0.053,46.68333333333333,49.083333333333336,79.0,78.25,0.03088289271896761,0.024471562881473806,0.05765317880673692,0.029421361647555495,184
3000,0,4,0,0,1,52.71666666666667,158.5,0.05586238138402877,0.04974532380500773,0.029333333333333333,53.733333333333334,51.7,74.5,84.0,0.06664918657732812,0.05204551185409208,0.03407406768137634,0.03263839813486254,185
3000,0,3,0,0,1,50.05833333333334,156.0,0.028420669893833565,0.055482286026521645,0.04066666666666666,51.46666666666667,48.65,78.5,77.5,0.025553147260962986,0.03215385973662733,0.03956169782201565,0.06891653923403762,186
3000,0,1,0,0,1,49.041666666666664,164.75,0.05979481194527357,0.022999902084561437,0.007,49.81666666666666,48.266666666666666,80.5,84.25,0.0,0.05979481194527357,0.0024617443051038524,0.02441713143708922,187
3000,0,4,0,0,1,49.68333333333334,155.5,0.028003227374609186,0.052717610337566376,0.05633333333333333,50.3,49.06666666666666,72.25,83.25,0.020345497732763524,0.045233119068761936,0.02355134187776049,0.0713357079059705,188
3000,0,3,0,0,1,48.45833333333333,156.5,0.04562668216673985,0.04931501880931703,0.015,49.05,47.86666666666667,79.25,77.25,0.02822664776722025,0.06737672516613936,0.045348298048265,0.028326164046356836,189
3000,0,2,0,0,1,49.5,155.0,0.01181675535019978,0.0772433386684555,0.03233333333333333,50.43333333333333,48.56666666666667,76.0,78.75,0.010274317234799176,0.0352104001004423,0.054086409475186406,0.09253561734085135,190
3000,0,3,0,0,1,50.43333333333333,151.0,0.033719357538846,0.0681193029933935,0.05633333333333333,49.266666666666666,51.6,77.75,73.25,0.02955259518111195,0.04022203212743095,0.04150868511307853,0.08193309550489565,191
3000,0,2,0,0,1,52.125,168.5,0.030491510096545972,0.061507322405513785,0.01633333333333333,49.7,54.55,78.75,89.5,0.04802728758004388,0.01733967698392253,0.043376731440080744,0.07590040098003803,192
3000,0,3,0,0,1,51.90833333333333,152.5,0.0460977783308773,0.030192809376186253,0.03166666666666667,51.11666666666667,52.7,75.0,77.25,0.03787973554520229,0.055228936981627307,0.03253204884559855,0.021983884995261865,193
3000,0,5,0,0,1,51.21666666666667,161.0,0.062389388223586154,0.049548939059191,0.028,54.733333333333334,47.699999999999996,82.25,78.75,0.0625446387742788,0.062123959862724565,0.03330499464138926,0.06312471722788722,194
3000,0,2,0,0,1,52.38333333333334,153.75,0.06785250310202516,0.05053228966281728,0.008333333333333333,50.68333333333334,54.083333333333336,81.5,72.25,0.06972397408500874,0.06749603243859972,0.016258225223685984,0.05882898263974238,195
3000,0,0,0,1,0,46.88333333333333,165.25,0.025027245885577552,0.028776936169128416,0.027666666666666666,45.68333333333333,48.083333333333336,84.25,81.0,0.06295982759463342,0.01048642289710614,0.030390282732284286,0.02017657860308937,196
3000,0,3,0,0,1,53.31666666666667,164.0,0.0603322511101097,0.03885916149638769,0.012333333333333333,53.05,53.583333333333336,84.25,79.75,0.06490893634888398,0.05721178390185451,0.05012082809613857,0.020057080213358343,197
3000,0,2,0,0,1,49.65833333333333,150.5,0.04320040829704582,0.05437230039199564,0.004,48.93333333333334,50.38333333333333,66.25,84.25,0.0,0.04320040829704582,0.0570187946312788,0.024136044041838046,198
3000,0,2,0,0,1,48.5,147.5,0.05102613199793949,0.0361966917345665,0.011333333333333334,46.949999999999996,50.05,78.5,68.75,0.040412071802011194,0.05940565320525131,0.031533769873606746,0.0238052365691812,199
3000,0,4,0,0,1,51.55833333333333,149.75,0.06365650837117523,0.04283746178954975,0.028,53.31666666666667,49.8,75.5,74.25,0.06375365800583407,0.06327362451693158,0.02461069306226545,0.05937556816381356,200
3000,0,2,0,0,1,51.025,158.25,0.034733520941141995,0.02929118969364602,0.011333333333333334,52.33333333333333,49.71666666666666,81.5,76.75,0.0,0.034733520941141995,0.013322085735769,0.026715213836570908,201
3000,0,1,0,0,1,47.825,148.25,0.03311991810948031,0.04220756214247647,0.012,46.650000000000006,49.0,74.75,73.5,0.03192972457127316,0.03418482811734987,0.04731103455640936,0.033656249969225456,202
3000,0,4,0,0,1,49.56666666666666,160.0,0.03377065729645702,0.06613514240310531,0.049666666666666665,49.516666666666666,49.61666666666667,85.25,74.75,0.06278825558650782,0.027348729806035952,0.0628029900825861,0.03976571006711781,203
3000,0,5,0,0,1,44.983333333333334,165.5,0.04250223873695191,0.03454266768371806,0.009333333333333334,43.11666666666667,46.85,83.5,82.0,0.04250223873695191,0.0,0.03677205183562566,0.030166149241271655,204
3000,0,0,0,1,0,46.93333333333333,149.0,0.054128530898408675,0.04745871540701151,0.015,48.583333333333336,45.28333333333333,78.75,70.25,0.054228868091194926,0.05409986312904117,0.05403515967773569,0.036291594753523324,205
3000,0,3,0,0,1,50.21666666666667,146.75,0.049418182851495775,0.03862754309137647,0.014333333333333333,50.516666666666666,49.916666666666664,76.0,70.75,0.03891399434244084,0.05396999787208625,0.02057769837039763,0.056106206685804585,206
3000,0,5,0,0,1,50.93333333333333,161.75,0.049050508430074566,0.07752057069076301,0.031,52.26666666666666,49.6,80.25,81.5,0.05959183434577563,0.03873346604449481,0.06156798465606286,0.0871392292275325,207
3000,0,3,0,0,1,51.71666666666667,156.25,0.04143045461900239,0.053906431111294464,0.012333333333333333,52.63333333333333,50.8,73.25,83.0,0.03791784825985382,0.04410672613073463,0.0711797718267276,0.036281676549609655,208
3000,0,2,0,0,1,49.81666666666666,163.5,0.07024370431655955,0.022228021142548172,0.006666666666666667,52.93333333333333,46.7,84.25,79.25,0.07024370431655955,0.0,0.027480099648196525,0.0034275843406392746,209
3000,0,2,0,0,1,48.791666666666664,163.0,0.03349679174995331,0.049403351372344584,0.06333333333333334,46.08333333333333,51.5,83.75,79.25,0.0259833166717308,0.043182837935131745,0.061550880168309965,0.02623986761618541,210
3000,0,2,0,0,1,48.516666666666666,158.0,0.034919572935275416,0.05823116463441504,0.025333333333333333,46.86666666666667,50.16666666666667,83.0,75.0,0.022120032288685088,0.058148368923531916,0.05307285722342466,0.06300819730132978,211
3000,0,5,0,0,1,54.00833333333333,154.25,0.07086827907486343,0.06433999089361706,0.034666666666666665,52.61666666666667,55.400000000000006,77.25,77.0,0.06646700404403781,0.07350904409335883,0.06276135032391242,0.06178357353999525,212
3000,0,5,0,0,1,49.125,164.0,0.05800704286449481,0.039984083277912766,0.027333333333333334,48.65,49.6,81.5,82.5,0.07019487840556829,0.0563142879282346,0.027865036403951684,0.048707202329627275,213
3000,0,3,0,0,1,50.05,152.0,0.04023048365006716,0.06594055281076815,0.04133333333333333,45.050000000000004,55.05,72.5,79.0,0.03628997245916399,0.04646962636899713,0.06286286732609447,0.06878494206010471,214
3000,0,3,0,0,1,51.05833333333333,152.25,0.05587532393564,0.06928830097716475,0.018333333333333333,50.93333333333333,51.18333333333334,72.75,79.5,0.05532143944671651,0.060398713928515285,0.04390838084681284,0.09083396162766631,215
3000,0,2,0,0,1,49.59166666666667,153.5,0.06379631861835233,0.044275347812561074,0.016666666666666666,50.2,48.983333333333334,77.75,75.75,0.04902416118071654,0.07856847605598814,0.04330887370302816,0.030385622544106525,216
3000,0,5,0,0,1,50.416666666666664,156.5,0.04485425612486289,0.04104391555253831,0.023333333333333334,51.15,49.68333333333334,78.0,78.25,0.06660399985052175,0.032002134832428114,0.04598168821284656,0.03429465260644149,217
3000,0,4,0,0,1,51.975,168.25,0.051272124430383904,0.0704494618383167,0.023666666666666666,54.7,49.25,86.25,82.0,0.04987854396145122,0.05537544470001901,0.061847695417992905,0.07022031444536528,218
3000,0,4,0,0,1,47.625,147.0,0.03257196955074466,0.042622121673573016,0.024333333333333332,50.21666666666667,45.03333333333333,77.25,69.75,0.03502167851598425,0.028855169741415634,0.04226729388276829,0.04286662990461223,219
3000,0,1,0,0,1,47.275,159.25,0.0881953486304453,0.044434934204843304,0.017333333333333333,47.8,46.75,78.25,81.0,0.09130718363856175,0.0373687101645434,0.025415319803090673,0.03676367349326598,220
3000,0,1,0,0,1,51.66666666666667,161.5,0.05388091946590994,0.029551723396985963,0.006666666666666667,51.06666666666667,52.26666666666666,78.75,82.75,0.05388091946590994,0.0,0.03213384427452847,0.003307634692261932,221
3000,0,3,0,0,1,53.56666666666666,156.25,0.040026314681056545,0.04332600800461317,0.033666666666666664,53.93333333333333,53.2,79.0,77.25,0.038037997717026144,0.050589248552467964,0.04025436959634461,0.04322639674215557,222
3000,0,2,0,0,1,51.45833333333333,158.75,0.03575817275182775,0.043197763337523946,0.014333333333333333,52.15,50.76666666666667,82.25,76.5,0.026671416432187282,0.07008591884824728,0.03760187360461609,0.044260191213529324,223
3000,0,3,0,0,1,48.20833333333333,159.5,0.05838236761734822,0.06244843498075374,0.03266666666666666,45.61666666666667,50.8,82.0,77.5,0.04958978973485211,0.07651705949999646,0.0759797278085021,0.028018416121418664,224
3000,0,3,0,0,1,52.00833333333333,161.75,0.05217617805474907,0.0592238567948235,0.018333333333333333,54.300000000000004,49.71666666666666,79.75,82.0,0.06277301328885586,0.045111621232011206,0.05160767804364455,0.06491408678358458,225
3000,0,1,0,0,1,51.641666666666666,164.5,0.06153872343853568,0.03904791379475446,0.008,50.24999999999999,53.03333333333333,83.5,80.75,0.06766864026126636,0.06031274007398955,0.037558489168356884,0.03408626655334304,226
3000,0,5,0,0,1,50.866666666666674,165.5,0.03723482573369001,0.04648582613916406,0.04766666666666667,49.266666666666666,52.46666666666666,78.0,87.25,0.05632534514930826,0.02697110561776621,0.045739187214297226,0.04722291049351617,227
3000,0,4,0,0,1,52.30833333333334,152.0,0.06557941427870267,0.06773689187289685,0.034666666666666665,52.900000000000006,51.71666666666667,75.25,76.75,0.05938340365460375,0.07370307265252127,0.04317991596970693,0.09114694861455908,228
3000,0,3,0,0,1,52.28333333333334,155.75,0.05420132623188805,0.04187078082779766,0.012333333333333333,53.300000000000004,51.26666666666667,78.25,77.5,0.047126742710745316,0.059024905905394456,0.0591479344833628,0.021587559377211463,229
3000,0,1,0,0,1,51.24999999999999,160.0,0.041516423525752216,0.06666996926331656,0.019666666666666666,51.53333333333333,50.96666666666667,77.75,82.25,0.04741333109757402,0.03968183005896322,0.02600972875793871,0.04126461965251707,230
3000,0,0,0,1,0,49.70833333333333,167.0,0.0,0.00781624664056292,0.0,52.849999999999994,46.56666666666667,81.0,86.0,0.0,0.0,0.009652556581615948,0.004898525151533472,231
3000,0,1,0,0,1,53.7,148.0,0.030451829432454048,0.08267247134926305,0.015,54.85,52.55,73.5,74.5,0.05729825509643097,0.025506435231195137,0.07212936159316864,0.0487391590369082,232
3000,0,3,0,0,1,48.78333333333333,167.75,0.0548807616783752,0.04151945261482624,0.014333333333333333,47.71666666666667,49.85,86.75,81.0,0.06565354608440456,0.04712435690603406,0.011538627416913192,0.05944402151555428,233
3000,0,2,0,0,1,51.31666666666666,169.0,0.05157207525578365,0.05363450043521466,0.024666666666666667,52.93333333333333,49.7,86.75,82.25,0.04098388648813309,0.06472709766407679,0.0546036691280123,0.046601412480899884,234
3000,0,1,0,0,1,51.21666666666667,159.25,0.045352004562051934,0.042324890147235956,0.014333333333333333,50.55,51.88333333333334,81.75,77.5,0.045352004562051934,0.0,0.07021643516231939,0.011707483782936469,235
3000,0,3,0,0,1,50.49166666666667,146.75,0.047869073993552974,0.07394868422309706,0.010333333333333333,49.583333333333336,51.4,68.5,78.0,0.04441110890741234,0.05632187753745231,0.0521596322212293,0.05014104384935717,236
3000,0,3,0,0,1,50.29166666666667,161.75,0.0321219852036502,0.039860731984374634,0.009,49.666666666666664,50.916666666666664,88.0,73.75,0.02863143139650366,0.12287638418946029,0.04190836177226427,0.03605637578023624,237
3000,0,5,0,0,1,51.56666666666667,157.25,0.04671739421489395,0.06443627504097169,0.04833333333333333,49.86666666666667,53.266666666666666,82.75,74.5,0.07536572126536907,0.03503555211664196,0.05817112895654114,0.05922817154840344,238
3000,0,0,0,1,0,46.9,157.75,0.04813951262606933,0.02941330351663107,0.031,45.4,48.4,79.75,78.0,0.04524234772126316,0.053166945843233,0.022256507212544484,0.019248485387675422,239
3000,0,3,0,0,1,49.1,158.75,0.038560362972427965,0.05846995110659615,0.015666666666666666,48.03333333333333,50.16666666666667,79.0,79.5,0.022902469760282304,0.050158802388832156,0.08092200559126438,0.03429049138387871,240
3000,0,5,0,0,1,48.333333333333336,166.5,0.0641027304039496,0.07674126532545829,0.024,49.6,47.06666666666667,81.0,85.5,0.05229779200683954,0.08265334788512257,0.09804444697748423,0.05027037590850801,241
3000,0,3,0,0,1,48.30833333333333,157.25,0.041904588806536504,0.08998953096656677,0.042,47.75,48.86666666666667,77.5,79.75,0.04446848982480262,0.039084297686443795,0.10898507441920668,0.06846028146477633,242
3000,0,3,0,0,1,47.0,151.5,0.03991747949226013,0.07921971202991004,0.03333333333333333,47.65,46.35,70.25,81.25,0.04522742920216424,0.03705827580231175,0.0597728129558434,0.08899647314911233,243
3000,0,2,0,0,1,47.24166666666667,157.75,0.054737897236249895,0.025873893166007206,0.006666666666666667,47.91666666666667,46.56666666666667,74.5,83.25,0.054737897236249895,0.0,0.04060599341453677,0.009506296765578936,244
3000,0,1,0,0,1,49.70833333333333,147.25,0.07486306562574035,0.06436179339840231,0.044,46.78333333333333,52.63333333333333,72.5,74.75,0.15409858968665585,0.020007702814337315,0.0658105189388736,0.021732797566375646,245
3000,0,3,0,0,1,47.74166666666667,156.0,0.04074038616555513,0.0465414962691329,0.013,49.96666666666666,45.516666666666666,77.0,78.75,0.060437258850980835,0.023857352435190222,0.062328404844448584,0.029297642060037234,246
3000,0,4,0,0,1,50.516666666666666,158.75,0.06414196045518092,0.06236042085320643,0.01,50.23333333333333,50.8,82.0,76.75,0.06786503234597427,0.05927332798260496,0.05461385135900522,0.058459475052282224,247
3000,0,3,0,0,1,51.18333333333334,152.5,0.03508775890373789,0.06120101479693037,0.041,49.18333333333334,53.18333333333334,82.75,69.75,0.03148199320708476,0.05365745224150149,0.04849288571134962,0.05750629600280719,248
3000,0,3,0,0,1,53.77499999999999,152.25,0.028584992246587164,0.060777464122289515,0.03766666666666667,56.39999999999999,51.15,80.0,72.0,0.020291904180238202,0.03591055337186209,0.05361267201691007,0.06667748560646586,249
3000,0,4,0,0,1,52.43333333333333,154.5,0.034470917192363046,0.061870875867517994,0.03866666666666667,52.55,52.31666666666667,77.75,76.5,0.048332825785127,0.023208116460742344,0.06873791251710511,0.0533875909113545,250
3000,0,1,0,0,1,47.65,152.5,0.046610466502509,0.04658713264903279,0.021,49.46666666666666,45.83333333333333,76.0,76.5,0.06768490571340381,0.03607324689706158,0.0479451047869995,0.04422094932961705,251
3000,0,2,0,0,1,50.88333333333333,166.25,0.047873219374463004,0.055852601889859466,0.013666666666666667,51.583333333333336,50.18333333333334,87.5,78.75,0.050238778966596044,0.025991793147232333,0.07106141400052988,0.03252080581400074,252
3000,0,3,0,0,1,49.333333333333336,156.5,0.024418537928538226,0.05671066443968108,0.04066666666666666,44.35,54.31666666666667,80.25,75.75,0.027505480499123616,0.02241619680167202,0.05231046550310792,0.05611617975232729,253
3000,0,1,0,0,1,48.00833333333333,165.0,0.0,0.00690795485698848,0.0,48.68333333333334,47.333333333333336,84.5,80.5,0.0,0.0,0.007972306612792614,0.0040687148313997045,254
3000,0,2,0,0,1,52.400000000000006,146.75,0.06755423795304968,0.027153775487189002,0.012333333333333333,53.6,51.2,75.5,71.25,0.04632454135631022,0.08047666196845633,0.022709262408596803,0.03077210823034105,255
3000,0,2,0,0,1,52.641666666666666,147.0,0.03739730255902553,0.06144760055779649,0.05,52.68333333333334,52.6,79.5,67.0,0.03960432137131944,0.035966378274131676,0.0450501396726445,0.06084090416592645,256
3000,0,1,0,0,1,49.333333333333336,157.25,0.048302789405773074,0.03434311464974177,0.013,46.2,52.46666666666666,77.25,79.75,0.035841090639561826,0.08002347717431078,0.044729836757047274,0.02331512250089589,257
3000,0,3,0,0,1,48.608333333333334,150.75,0.05821176087233166,0.04447213388407884,0.008,48.05,49.166666666666664,75.25,75.5,0.06044955957311167,0.03359597516375145,0.04007840879480987,0.024108478019245292,258
3000,0,1,0,0,1,49.925000000000004,156.0,0.0,0.030969790093307352,0.0,50.16666666666667,49.68333333333334,78.5,77.25,0.0,0.0,0.044105091988858515,0.004431558181996118,259
3000,0,3,0,0,1,48.025,152.0,0.04239423620576775,0.04533108253827528,0.015,46.18333333333333,49.86666666666667,72.0,79.75,0.056709482742245326,0.036578667300323726,0.05984527255856891,0.02922713176370253,260
3000,0,2,0,0,1,49.28333333333333,156.75,0.0467534668253575,0.0636029639000942,0.009333333333333334,49.166666666666664,49.4,80.5,76.25,0.050667974012499783,0.04223672776327025,0.06622915626854566,0.05377027252545037,261
3000,0,4,0,0,1,49.775000000000006,165.0,0.05220961514313643,0.11559119676893015,0.025666666666666667,44.83333333333333,54.71666666666667,78.0,87.0,0.03639116709344216,0.07330087920939544,0.09507136936154062,0.12396078945693473,262
3000,0,2,0,0,1,48.15,156.0,0.04467147959228064,0.06602129336275446,0.028666666666666667,50.81666666666666,45.483333333333334,79.75,76.25,0.04464095034955307,0.04468621784739051,0.06507740903598673,0.06275319540490934,263
3000,0,5,0,0,1,50.975,168.25,0.07101988289759777,0.05303813016188192,0.028,47.28333333333333,54.666666666666664,83.75,84.5,0.07948569896596626,0.043929271478818636,0.03651341110127143,0.04014294963635064,264
3000,0,4,0,0,1,51.824999999999996,161.5,0.03470692603618663,0.05329777829672914,0.029,55.46666666666666,48.18333333333334,83.25,78.25,0.03728590896821436,0.03270689845624676,0.048205503252633425,0.0567426174855466,265
3000,0,5,0,0,1,49.7,156.75,0.039417825907249064,0.07985495046090293,0.02266666666666667,54.85,44.55,81.75,75.0,0.059086229237985004,0.015942634835080353,0.0757685162132879,0.05071261751092379,266
3000,0,3,0,0,1,49.25,163.0,0.059366399628003615,0.04134518853170362,0.021,48.699999999999996,49.8,79.0,84.0,0.05253415302972583,0.07943612401044459,0.03857691513546342,0.03365425825547402,267
3000,0,6,0,0,1,48.49166666666667,168.25,0.04988785038832423,0.04458324826600416,0.017333333333333333,50.38333333333333,46.6,84.75,83.5,0.04824376498436303,0.051960827636797054,0.03952193713080962,0.015023523301225255,268
3000,0,4,0,0,1,45.958333333333336,159.75,0.04883149257647448,0.04032497376184164,0.011666666666666667,46.78333333333333,45.13333333333333,83.5,76.25,0.03914448605117942,0.053271370567234716,0.04782438069294267,0.02522905210620328,269
3000,0,3,0,0,1,51.525,165.25,0.05493769294720612,0.04888267859702773,0.024666666666666667,45.86666666666667,57.18333333333333,82.25,83.0,0.06600712923774472,0.05137965985381871,0.050600628044021975,0.0454022880483536,270
3000,0,2,0,0,1,51.79166666666667,153.25,0.04644793668399793,0.027725221377726185,0.004333333333333333,49.666666666666664,53.91666666666667,76.75,76.5,0.0,0.04644793668399793,0.0073919172658234705,0.041079687441177896,271
3000,0,2,0,0,1,46.949999999999996,163.75,0.05459730986904156,0.04559746168197612,0.034333333333333334,45.78333333333333,48.11666666666667,78.25,85.25,0.05924928369339045,0.04379272550281189,0.05243236342208811,0.03841487285732163,272
3000,0,5,0,0,1,48.34166666666667,161.5,0.048701747164775724,0.05076260342410847,0.022,49.88333333333333,46.800000000000004,82.75,78.5,0.042336202945699584,0.06060254722652676,0.052500665763770445,0.0318236577486728,273
3000,0,4,0,0,1,49.36666666666667,158.5,0.021009814920061747,0.04837759076724155,0.019666666666666666,49.03333333333333,49.7,84.25,74.25,0.009280160854418813,0.0381155604324577,0.059660711439176554,0.031119986573462436,274
3000,0,2,0,0,1,54.41666666666667,161.25,0.052062752930419016,0.06899324200617736,0.024666666666666667,53.949999999999996,54.883333333333326,74.5,86.75,0.03914848208331917,0.05621376855984397,0.08856289905355084,0.0465246544276586,275
3000,0,7,0,0,1,50.541666666666664,160.5,0.051223088899052874,0.043540082785134826,0.016,52.516666666666666,48.56666666666667,80.5,80.0,0.03832964750295389,0.057083744079097866,0.052537899395088364,0.022119362893888894,276
3000,0,4,0,0,1,51.53333333333333,155.5,0.047183956922400905,0.041788676635490705,0.023666666666666666,51.63333333333333,51.43333333333333,72.25,83.25,0.05936443110515288,0.04605960545937765,0.05831089355484857,0.02461751036102114,277
3000,0,6,0,0,1,53.95833333333333,164.25,0.03666559456953437,0.06253493594752375,0.033666666666666664,52.76666666666666,55.15,83.75,80.0,0.047606023390115694,0.03135626881836989,0.050536388027992166,0.06253203008416915,278
3000,0,1,0,0,1,49.891666666666666,163.25,0.06118003178542447,0.08955280289967994,0.004666666666666667,47.05,52.733333333333334,78.0,85.25,0.0,0.06118003178542447,0.005014243169132987,0.035985183205609415,279
3000,0,2,0,0,1,51.516666666666666,161.75,0.05878505340486033,0.06213366300569527,0.011666666666666667,51.31666666666666,51.71666666666667,78.75,83.0,0.058206130864079074,0.0622585886495478,0.07802132206639906,0.03480512286044028,280
3000,0,2,0,0,1,49.8,157.5,0.04317158790382908,0.06401354591447446,0.021,47.016666666666666,52.583333333333336,76.25,81.25,0.05181853079033169,0.02314708858771773,0.03353198996292174,0.08952190390766827,281
3000,0,6,0,0,1,53.05,152.5,0.04236648869182235,0.05373156089899436,0.019,52.86666666666666,53.233333333333334,72.0,80.5,0.052751469147997096,0.024563665052665648,0.04664708451580801,0.05088777062566677,282
3000,0,2,0,0,1,49.00833333333333,161.75,0.037355629505539896,0.04043126072435815,0.023,49.583333333333336,48.43333333333334,79.0,82.75,0.030225127548676282,0.04222524059803213,0.05927784670201511,0.02049981031070815,283
3000,0,3,0,0,1,51.56666666666667,161.25,0.03188801739437272,0.07072240373103403,0.024333333333333332,54.18333333333333,48.949999999999996,82.75,78.5,0.020502622146999,0.06008042467358383,0.08702878527646911,0.04200982285600721,284
3000,0,2,0,0,1,47.3,158.0,0.03850129013811616,0.051576612970809635,0.017666666666666667,45.81666666666667,48.78333333333333,75.75,82.25,0.05741809806338679,0.02793013276811197,0.0475276378781662,0.04518204651813253,285
3000,0,5,0,0,1,47.233333333333334,146.0,0.0545308064420273,0.03244812091971597,0.017333333333333333,46.63333333333333,47.833333333333336,70.25,75.75,0.05011081242168016,0.05968746613243229,0.034079874199466266,0.029548952705605782,286
3000,0,5,0,0,1,49.55,155.25,0.04197542837268276,0.06408116528228494,0.024,47.8,51.300000000000004,78.25,77.0,0.03302720616773748,0.05316070612886437,0.0726249671307225,0.05348599277854267,287
3000,0,5,0,0,1,47.125,152.5,0.04364787582554112,0.0478878731860708,0.013666666666666667,46.25,48.0,74.25,78.25,0.042141456312706334,0.0627291896547816,0.058240350519174755,0.034703802936441534,288
3000,0,2,0,0,1,49.266666666666666,164.75,0.04009378164417747,0.06187265472834401,0.016666666666666666,48.5,50.03333333333333,79.0,85.5,0.03742191675864121,0.04093752845013628,0.058539523456433346,0.04072271203244732,289
3000,0,4,0,0,1,48.84166666666667,157.25,0.04430824784576415,0.0713305307484599,0.02033333333333333,48.0,49.68333333333334,79.0,78.25,0.022764610015450874,0.06383216962948557,0.08696701268541507,0.036323912233153455,290
3000,0,2,0,0,1,51.05833333333333,154.75,0.028094584342066155,0.06379738731886078,0.021666666666666667,52.05,50.06666666666667,76.0,78.75,0.07247198479189063,0.023581628364117906,0.07268261018141225,0.02343428125671177,291
3000,0,1,0,0,1,49.71666666666666,159.75,0.035577779562257175,0.048686042025967505,0.011333333333333334,52.5,46.93333333333333,82.5,77.25,0.03883322195188967,0.026534884035500236,0.052630289475720377,0.007415315284709201,292
3000,0,1,0,0,1,48.516666666666666,171.75,0.022803781133238703,0.06521267768410756,0.033666666666666664,48.9,48.13333333333333,86.5,85.25,0.04324558599647767,0.019514295293177258,0.048251950693060985,0.06331025472157524,293
3000,0,2,0,0,1,48.68333333333334,164.25,0.045987650749617456,0.05955432634829354,0.02,48.8,48.56666666666667,82.0,82.25,0.04568177490659579,0.05026991255192086,0.055015656035889204,0.06034055910698494,294
3000,0,2,0,0,1,54.141666666666666,152.5,0.0763065966124568,0.052761352403253664,0.012666666666666666,51.7,56.58333333333333,80.75,71.75,0.10401085713943493,0.06014577797171957,0.020827797549831974,0.07189202559461447,295
3000,0,2,0,0,1,53.13333333333333,159.0,0.0480563498383867,0.052159974388126674,0.016,54.21666666666667,52.05,79.25,79.75,0.04040610902942412,0.07100707226527443,0.03799462125546611,0.06454300627940045,296
3000,0,4,0,0,1,50.38333333333333,152.5,0.04156570954630834,0.029754647387189595,0.010666666666666666,48.46666666666667,52.300000000000004,72.0,80.25,0.025348739352395316,0.06859399320283006,0.04019533915321041,0.018817040098472265,297
3000,0,8,0,0,1,52.1,154.0,0.05096723585049783,0.0612483088565266,0.025333333333333333,50.46666666666667,53.733333333333334,75.75,78.25,0.048288853208541156,0.05364561849245449,0.07881865843424592,0.02848917381979336,298
3000,0,5,0,0,1,45.50833333333333,156.5,0.04516694561860653,0.07317099684736511,0.028,42.68333333333334,48.333333333333336,77.75,78.5,0.04519154019170267,0.045134152854478304,0.04376663419262262,0.05031365982440188,299
3000,0,4,0,0,1,49.608333333333334,164.25,0.04931197893957141,0.07797707703551819,0.035,47.9,51.31666666666666,84.25,80.0,0.07188332627032559,0.03802630527419431,0.07347590446931317,0.07959210345709945,300
3000,0,1,0,0,1,51.79166666666667,149.25,0.05529341711432974,0.027015251818079872,0.0003333333333333333,48.53333333333333,55.05,69.25,80.0,0.05529341711432974,0.0,0.04538437817633312,0.006454977670720989,301
3000,0,7,0,0,1,47.99166666666667,163.25,0.055247410755247674,0.05855767921879602,0.015333333333333332,48.266666666666666,47.71666666666667,77.0,86.25,0.05817951584828021,0.051756809454018456,0.05093973967831394,0.04069979321517495,302
3000,0,4,0,0,1,54.94166666666666,161.0,0.04884070946388314,0.05933206441532655,0.015,55.733333333333334,54.15,82.0,79.0,0.056917667070780435,0.04590363397046596,0.06540899626627128,0.04844909955699716,303
3000,0,4,0,0,1,52.400000000000006,162.5,0.055202425152980295,0.039924422537139646,0.024666666666666667,54.0,50.8,78.0,84.5,0.05399093655785096,0.057576942799433824,0.028217931388138287,0.051248876656649844,304
3000,0,2,0,0,1,52.19166666666667,156.75,0.023017380759186065,0.041001018382735684,0.03833333333333333,50.016666666666666,54.36666666666666,80.75,76.0,0.02079147784518,0.02387556019591129,0.043262535509033404,0.03711966461211421,305
3000,0,4,0,0,1,54.449999999999996,159.25,0.04077087821117148,0.07292468301393218,0.02,54.266666666666666,54.63333333333333,82.25,77.0,0.04118985674398954,0.04042807759341124,0.0670478697233881,0.07435376182473107,306
3000,0,1,0,0,1,48.4,156.25,0.038630077263097855,0.0660506285805134,0.018666666666666668,49.333333333333336,47.46666666666667,80.25,75.75,0.052240047080022944,0.03758315650794976,0.03820399273136657,0.06393020739277888,307
3000,0,2,0,0,1,50.541666666666664,164.25,0.022667024587150492,0.053954132812019905,0.026,47.983333333333334,53.1,79.75,84.5,0.017232630218443765,0.045491480935718774,0.047140382594491645,0.04473782558185485,308
3000,0,3,0,0,1,50.458333333333336,160.75,0.05271680740906584,0.04908674763568014,0.011333333333333334,50.73333333333333,50.18333333333334,83.75,76.75,0.04506958764759883,0.05875408616811873,0.05826176831296426,0.03819110936887678,309
3000,0,3,0,0,1,50.516666666666666,171.75,0.05647030847560599,0.12110984032663223,0.041666666666666664,52.46666666666666,48.56666666666667,91.5,80.25,0.09915700654575627,0.008719086905607364,0.07795505791527386,0.06606915039788289,310
3000,0,2,0,0,1,49.15833333333333,161.5,0.03524557432391957,0.06874750329707112,0.014666666666666666,46.46666666666667,51.849999999999994,77.0,84.25,0.01828560118064995,0.042357821125935856,0.053229920274453654,0.033307972822910856,311
3000,0,1,0,0,1,49.84166666666667,166.0,0.030498347379118898,0.03811453846301211,0.05733333333333333,48.28333333333333,51.4,82.75,83.0,0.03226809369309262,0.029396429862871113,0.04013598716472,0.03453228334632208,312
3000,0,3,0,0,1,52.74166666666667,156.25,0.05726317929771389,0.043044297879734815,0.028333333333333332,50.11666666666667,55.36666666666667,82.0,74.25,0.05724054502054517,0.05788184954032558,0.07068143130442386,0.00506468079875177,313
3000,0,3,0,0,1,49.21666666666666,160.75,0.04442261999014873,0.05984955845963995,0.029,47.0,51.43333333333333,85.25,75.5,0.03683002739434787,0.060421297245586286,0.0902800625696112,0.028428015800749114,314
3000,0,5,0,0,1,46.108333333333334,157.75,0.051307656188169556,0.038753333515851134,0.027,42.71666666666666,49.5,80.5,77.25,0.05043109683260005,0.05161445196261889,0.034329252862918415,0.041578354560546954,315
3000,0,1,0,0,1,49.93333333333334,162.25,0.03603829380758859,0.04236243603022938,0.031,48.31666666666667,51.55,80.25,82.0,0.023537934057517543,0.058766220625899604,0.042816868038513194,0.03596915942454538,316
3000,0,4,0,0,1,51.50833333333333,160.75,0.05726041305954536,0.03351932290265836,0.041666666666666664,49.85,53.166666666666664,74.5,86.0,0.060491065245104086,0.0531486739142888,0.029949323335003098,0.026890405306913168,317
3000,0,0,0,1,0,50.99166666666667,157.0,0.02867731137085687,0.0401960608070977,0.028333333333333332,54.016666666666666,47.96666666666667,77.0,80.0,0.01841563569892779,0.08071866656421153,0.0331528174847327,0.044952813847897136,318
3000,0,2,0,0,1,50.583333333333336,152.0,0.043199252028575365,0.05036657973660504,0.03233333333333333,47.9,53.266666666666666,75.5,76.5,0.056428150427751095,0.0330971841601139,0.061121513910673504,0.03289326427158379,319
3000,0,5,0,0,1,50.53333333333333,149.5,0.03802613010336738,0.07787481077078046,0.03833333333333333,49.21666666666666,51.849999999999994,68.25,81.25,0.04530537428699853,0.02710726382792064,0.06117041834339561,0.08354655558764568,320
3000,0,4,0,0,1,49.125,156.5,0.027205865733638267,0.05925784516315856,0.052,50.18333333333334,48.06666666666667,77.25,79.25,0.025303183821221344,0.03175575726333088,0.05415764399167288,0.058410297995544654,321
3000,0,4,0,0,1,51.324999999999996,166.25,0.06369065741730089,0.07495897669674387,0.013333333333333334,48.56666666666667,54.083333333333336,79.75,86.5,0.05772426115815088,0.07176284059144503,0.07341474970484058,0.07430372366520117,322
3000,0,5,0,0,1,48.50833333333333,159.75,0.058238651467660565,0.07391188308076194,0.01633333333333333,50.366666666666674,46.650000000000006,78.0,81.5,0.060264850190384384,0.054749087000747286,0.06453563560966612,0.0730760659292452,323
3000,0,3,0,0,1,48.858333333333334,164.75,0.03612420032814297,0.03720571044515208,0.025,49.016666666666666,48.699999999999996,81.5,83.25,0.040328278760735393,0.035073180719994865,0.020872869500187994,0.05238388707679595,324
3000,0,4,0,0,1,50.69166666666667,160.75,0.04980561869514638,0.04544722125629189,0.021333333333333333,50.28333333333334,51.1,74.0,86.75,0.04861680482535543,0.05284369858461211,0.041467264688149374,0.03558940721919186,325
3000,0,4,0,0,1,52.03333333333333,157.0,0.029050503070389738,0.0735891511185255,0.027,51.74999999999999,52.31666666666667,79.25,77.75,0.08178824235082617,0.028391281329384285,0.05921045872385235,0.08575207371169696,326
3000,0,3,0,0,1,52.541666666666664,158.0,0.056210882426674415,0.05715602209522435,0.018333333333333333,56.08333333333333,49.0,80.75,77.25,0.06454194498483187,0.04757126199599263,0.06487972620670156,0.04526716918519094,327
3000,0,5,0,0,1,47.291666666666664,162.0,0.04758196479960453,0.05770988265919938,0.03166666666666667,48.15,46.43333333333333,78.25,83.75,0.04361845416625039,0.05237504742598627,0.04650591176071848,0.03405459826626991,328
3000,0,6,0,0,1,52.05833333333333,152.5,0.04595975696374807,0.0315163812844244,0.028666666666666667,48.63333333333333,55.48333333333333,83.75,68.75,0.04906025734018154,0.044382309403808225,0.04155522251577566,0.02100282446135618,329
3000,0,7,0,0,1,48.233333333333334,143.5,0.05554873179252784,0.052574186504771164,0.03166666666666667,49.6,46.86666666666667,69.75,73.75,0.052549566236250365,0.05802881100252651,0.053128641694713985,0.05155097802605197,330
3000,0,2,0,0,1,51.74166666666666,157.5,0.0566469788892223,0.07334819086544182,0.013666666666666667,52.916666666666664,50.56666666666667,84.75,72.75,0.07771468732375499,0.034525885032963013,0.11442347488246653,0.025115888229621634,331
3000,0,3,0,0,1,49.1,163.5,0.043883254098674024,0.0580006686231435,0.021666666666666667,48.15,50.05,80.75,82.75,0.05379590428193944,0.0368400552842486,0.06120027972826646,0.05108837049277692,332
3000,0,4,0,0,1,52.76666666666666,156.75,0.0578597107626852,0.052269537488523324,0.011666666666666667,53.38333333333334,52.15,84.5,72.25,0.06678053954809572,0.04447846758456941,0.060696569012513565,0.04277781320441511,333
3000,0,1,0,0,1,52.849999999999994,157.0,0.052977331503228337,0.03358219537934466,0.03166666666666667,53.13333333333333,52.56666666666666,77.25,79.75,0.05999809312072415,0.04717170170414523,0.03756545971003627,0.025982926009555263,334
3000,0,2,0,0,1,49.766666666666666,149.75,0.042526135282061894,0.05983649063993614,0.014666666666666666,47.91666666666667,51.61666666666667,72.75,77.0,0.03389068567827081,0.06103067014732851,0.0575294029873144,0.06103276293033532,335
3000,0,5,0,0,1,51.583333333333336,153.5,0.0632579326440199,0.05553437454876491,0.013333333333333334,47.599999999999994,55.56666666666666,72.5,81.0,0.058668748522410455,0.07090657284670233,0.04175141692012685,0.06825722574613875,336
3000,0,4,0,0,1,47.625,157.75,0.1036132360481995,0.04500996570776037,0.021,42.65,52.6,78.5,79.25,0.07162231637672362,0.1136103984455357,0.025023455895394627,0.06484953868897372,337
3000,0,3,0,0,1,46.85,151.75,0.04577653082991268,0.04354195079599153,0.02266666666666667,46.56666666666667,47.13333333333333,78.25,73.5,0.03927606197062283,0.05090847992935202,0.04045738726258139,0.040993599468168225,338
3000,0,2,0,0,1,50.958333333333336,154.5,0.04884529148356603,0.03772593026477164,0.010666666666666666,52.15,49.766666666666666,79.25,75.25,0.05556859254757075,0.03600989854319339,0.0444688684206119,0.030320013821119943,339
3000,0,3,0,0,1,49.09166666666667,162.75,0.04060288110148759,0.03801448540934974,0.023666666666666666,46.9,51.28333333333334,81.0,81.75,0.06067882761477381,0.027530171743998896,0.039832967579372436,0.019344871044611855,340
3000,0,2,0,0,1,49.86666666666667,150.25,0.029752201015281473,0.06246105609454461,0.01633333333333333,50.23333333333333,49.5,72.5,77.75,0.04206955746303029,0.028352501418946383,0.05228460449331484,0.05068315076675595,341
3000,0,2,0,0,1,53.733333333333334,155.5,0.0434762320165944,0.05282081922509561,0.01,50.53333333333333,56.93333333333334,86.5,69.0,0.05022344894466814,0.03672901508852066,0.07365092630585922,0.029153313703561688,342
3000,0,4,0,0,1,52.983333333333334,167.75,0.07686954771808109,0.040293053128037666,0.022,54.383333333333326,51.583333333333336,82.0,85.75,0.06708001390234522,0.09644861534955282,0.020107893924068383,0.05045448682592751,343
3000,0,3,0,0,1,49.25,163.25,0.04869107505254754,0.04188331899081483,0.025666666666666667,44.800000000000004,53.7,77.25,85.5,0.05287889054965398,0.043665696456019816,0.0279124475514279,0.05432204495277638,344
3000,0,5,0,0,1,46.9,151.5,0.042596688636079696,0.05735225041067835,0.028,43.266666666666666,50.53333333333333,75.75,75.5,0.019722431504378423,0.051746391488760216,0.04275564255610493,0.06867984393287642,345
3000,0,3,0,0,1,51.05,166.25,0.04115178686716968,0.0785106491468057,0.042,54.21666666666667,47.88333333333333,89.5,76.75,0.04226972164953786,0.039395032209162566,0.05586635692790029,0.09134995213806399,346
3000,0,3,0,0,1,49.75,156.5,0.05449317884242401,0.06920824324790135,0.021666666666666667,48.8,50.7,76.25,80.25,0.15353360334123486,0.010475212398508082,0.05756191555650584,0.08023204379702503,347
3000,0,2,0,0,1,51.758333333333326,164.5,0.0413392567407035,0.04743550992048791,0.018333333333333333,47.46666666666667,56.05,82.75,81.75,0.053539679487931126,0.033205641575885084,0.051808547132653024,0.042251638509933874,348
3000,0,2,0,0,1,48.75833333333333,167.25,0.02696692654399839,0.0708429812963494,0.04933333333333333,46.86666666666667,50.64999999999999,82.5,84.75,0.054010818545329346,0.009538640587585103,0.07852414290518446,0.05382511266508254,349
3000,0,0,0,1,0,48.96666666666666,151.75,0.023942565334391583,0.0343980911214428,0.03833333333333333,47.85,50.083333333333336,71.5,80.25,0.0236960715571029,0.024529800509696987,0.038750600592460036,0.0224700812113929,350
3000,0,1,0,0,1,50.21666666666667,157.75,0.02287816777902017,0.050710593188747696,0.042333333333333334,47.36666666666667,53.06666666666666,77.75,79.75,0.049783022249542015,0.01724096017567274,0.056130722575603344,0.030372217791263718,351
3000,0,2,0,0,1,50.483333333333334,155.0,0.016037713310289966,0.06222315923104314,0.05633333333333333,51.38333333333334,49.583333333333336,75.5,79.5,0.030654353409752335,0.010571327582035746,0.05660703591117949,0.0498495894303381,352
3000,0,2,0,0,1,45.25,157.25,0.024987170551014383,0.06947310113769067,0.043,43.983333333333334,46.516666666666666,75.0,82.25,0.035695894904760016,0.019052214885083067,0.06853345301271682,0.057696726018134914,353
3000,0,3,0,0,1,49.44166666666667,163.5,0.0521648043126075,0.04770579617589424,0.009666666666666667,46.2,52.68333333333334,79.5,83.75,0.06745369676664416,0.037895171355506636,0.034392741433912036,0.05679923147577906,354
3000,0,3,0,0,1,51.075,160.0,0.045167978899838306,0.03481972755145343,0.03233333333333333,53.516666666666666,48.63333333333333,80.5,79.5,0.04727326919643445,0.04068574794579493,0.0401699096456114,0.027652026550270336,355
3000,0,4,0,0,1,50.56666666666667,146.0,0.040853489088168535,0.06966984567413714,0.018666666666666668,51.866666666666674,49.266666666666666,71.75,74.25,0.03673759908794607,0.06234758131155253,0.08175424196402016,0.04312414835242453,356
3000,0,4,0,0,1,54.625,159.75,0.035736773638428684,0.05121119063344081,0.018,55.400000000000006,53.849999999999994,83.5,76.25,0.02001687837550353,0.05538664271708515,0.05028314668693796,0.038912620025424866,357
3000,0,2,0,0,1,54.69166666666667,164.75,0.039149565777721405,0.040960532814643104,0.024,55.15,54.233333333333334,78.0,86.5,0.06065413007420011,0.03087857950984497,0.044191309631936126,0.030534777750228472,358
3000,0,3,0,0,1,50.38333333333333,151.75,0.04616385411511671,0.08409715032809331,0.028666666666666667,52.88333333333334,47.88333333333333,74.0,77.75,0.04473593810848302,0.04773107900044637,0.11307002425523288,0.0429537455492659,359
3000,0,6,0,0,1,50.88333333333333,158.25,0.04700688384844421,0.06056746791296018,0.035333333333333335,46.2,55.56666666666666,76.25,82.0,0.06544286005561897,0.029911705910882144,0.08133025889767707,0.03899798612018647,360
3000,0,2,0,0,1,51.300000000000004,159.75,0.02346389591815024,0.06860969538347941,0.019333333333333334,50.06666666666667,52.53333333333333,80.75,78.75,0.02346389591815024,0.0,0.05806365976603068,0.005508285232233919,361
3000,0,1,0,0,1,51.800000000000004,159.5,0.033183359445614166,0.05627071104008307,0.04733333333333333,51.05,52.55,77.5,81.5,0.02271383121693665,0.0543451718227283,0.06352077264467113,0.04567735146339041,362
3000,0,3,0,0,1,46.24166666666667,155.25,0.07420823020399406,0.08351632652573934,0.019333333333333334,44.3,48.18333333333334,76.5,78.5,0.0766802713516248,0.07190099179953867,0.08547224672884754,0.07834801891226215,363
3000,0,5,0,0,1,51.19166666666667,163.75,0.0610140583597275,0.06567263858141761,0.021333333333333333,49.18333333333334,53.2,84.0,79.75,0.04292049578013839,0.07600586735424422,0.06475734974522392,0.05638692818299805,364
3000,0,3,0,0,1,50.458333333333336,169.0,0.024666757552387782,0.06364786110008536,0.022333333333333334,46.38333333333333,54.53333333333333,82.0,87.0,0.021513927721100005,0.02879805181407523,0.03464081113307442,0.053656272524033974,365
3000,0,4,0,0,1,49.90833333333333,163.5,0.05083989149879344,0.06937639648358945,0.024,52.31666666666667,47.5,84.25,79.25,0.05386298611794152,0.047061023224858334,0.09022194093554917,0.04610513923632574,366
3000,0,0,0,1,0,49.25833333333333,166.0,0.03645365300912164,0.017579037767655598,0.017666666666666667,45.96666666666667,52.55,88.5,77.5,0.028590932499471745,0.06064663919265979,0.01556064450159897,0.018875660869337257,367
3000,0,1,0,0,1,49.38333333333333,153.75,0.023357828798260212,0.04597007637220933,0.04633333333333333,50.449999999999996,48.31666666666667,80.0,73.75,0.029557453536863024,0.015194989559099844,0.03884480999040914,0.050454036813887604,368
3000,0,1,0,0,1,48.84166666666667,155.75,0.04333568772405668,0.03148192319000297,0.04,49.88333333333333,47.8,83.25,72.5,0.03404325477763676,0.053606271506941854,0.030422499674642757,0.030291050853910734,369
3000,0,5,0,0,1,50.2,168.0,0.04279387285595214,0.0889366750106886,0.02,50.983333333333334,49.416666666666664,92.75,75.0,0.04028383450433385,0.049696478322902415,0.11526639412058792,0.05522642666265205,370
3000,0,4,0,0,1,50.0,156.25,0.03198602219845019,0.04691691478832285,0.022,51.68333333333334,48.31666666666667,76.75,79.25,0.017340880744972476,0.03882042154340646,0.04796977708364387,0.0449050187781793,371
3000,0,3,0,0,1,48.00833333333333,153.5,0.04287970886024342,0.048192718637961124,0.010333333333333333,48.53333333333333,47.483333333333334,84.5,69.0,0.04462480610304507,0.03786255428718866,0.04686778636594971,0.03471749673458085,372
3000,0,1,0,0,1,51.891666666666666,143.25,0.043011007318101833,0.0416235736144254,0.024,53.11666666666667,50.66666666666667,71.75,71.5,0.06063553717636628,0.04140877733098688,0.031004134641121773,0.04550304653841191,373
3000,0,3,0,0,1,49.516666666666666,160.25,0.02694953018065752,0.042095366296083514,0.029333333333333333,49.0,50.03333333333333,77.5,82.75,0.024570367201151078,0.033673251644480075,0.03136269895987488,0.040304831200802194,374
3000,0,1,0,0,1,48.9,157.75,0.05704264059843699,0.01682777907934927,0.002,45.050000000000004,52.75,78.5,79.25,0.05704264059843699,0.0,0.02361355459364015,0.006079769150943127,375
3000,0,6,0,0,1,47.8,155.0,0.036133501486052086,0.06056412425574449,0.023666666666666666,48.66666666666667,46.93333333333333,82.5,72.5,0.06901223103844287,0.009156082366141695,0.028143059152050516,0.080871077319267,376
3000,0,0,0,1,0,48.375,158.25,0.04747399286569892,0.039180829568982355,0.020666666666666667,50.583333333333336,46.166666666666664,75.5,82.75,0.06129005594662358,0.01620606062992201,0.03462661480379263,0.042031774326654094,377
3000,0,2,0,0,1,50.55,169.5,0.05298519216421756,0.036202390209645094,0.012666666666666666,53.166666666666664,47.93333333333333,88.0,81.5,0.04675100104107772,0.055525047806978235,0.0231066492927334,0.04383387853552355,378
3000,0,2,0,0,1,52.46666666666666,157.5,0.043094656017846414,0.06270928279823856,0.04533333333333334,52.25,52.68333333333334,78.0,79.5,0.05720923255257007,0.041474950513861734,0.06490175695543432,0.06043543811007869,379
3000,0,2,0,0,1,46.61666666666667,152.0,0.06196816747588949,0.05745892300577374,0.024,48.53333333333333,44.7,80.0,72.0,0.05250164177755602,0.0903677445708899,0.049847740022649106,0.06325617046168983,380
3000,0,3,0,0,1,47.21666666666667,155.25,0.059127431246165235,0.07092267718162243,0.013666666666666667,46.11666666666667,48.31666666666667,74.75,80.5,0.05684331953413898,0.0615257485437928,0.0698758469733929,0.06380493889719073,381
3000,0,5,0,0,1,51.29166666666667,162.75,0.057389974998820266,0.06073264068456044,0.018,52.6,49.983333333333334,81.5,81.25,0.05968228987589708,0.055413841484098884,0.07237311200242165,0.0355433126259661,382
3000,0,3,0,0,1,48.95833333333333,150.75,0.049078128019240434,0.05514021819389407,0.024666666666666667,43.95,53.96666666666666,71.0,79.75,0.037703403527109804,0.05329098894225178,0.06809412444846369,0.04141110489137708,383
3000,0,4,0,0,1,49.833333333333336,148.25,0.034576473698646415,0.05963860606286854,0.022,52.800000000000004,46.86666666666667,74.0,74.25,0.03023900758846791,0.05225998937860493,0.07560682793822855,0.043466923591437105,384
3000,0,4,0,0,1,51.65833333333333,160.75,0.0248979667602363,0.04308583276737011,0.026,49.5,53.81666666666667,82.5,78.25,0.02263914977804291,0.03191218791546838,0.05289046466696875,0.03171163906129805,385
3000,0,2,0,0,1,47.708333333333336,164.75,0.02501369687502008,0.03852167662249423,0.04566666666666667,49.583333333333336,45.83333333333333,88.25,76.25,0.0466181825186569,0.018956364451570507,0.03205857316577496,0.0342990629642585,386
3000,0,3,0,0,1,49.68333333333334,157.5,0.024226530923668443,0.06989154346648636,0.03666666666666667,47.78333333333333,51.583333333333336,78.5,79.0,0.019566480955487825,0.03177137372929422,0.05782416848485998,0.03527554610071538,387
3000,0,4,0,0,1,50.416666666666664,166.5,0.05086822289155318,0.05541599041514166,0.018,47.68333333333333,53.15,86.25,80.25,0.04782108644742555,0.052522382675508184,0.05574866708568804,0.04441065042318633,388
3000,0,4,0,0,1,54.85,170.0,0.07041632463443627,0.03709903533190777,0.019,54.85,54.85,87.0,83.0,0.0713221975065815,0.06984691882908785,0.04501692731196801,0.027012543011530943,389
3000,0,4,0,0,1,50.63333333333333,152.5,0.02296722949651229,0.043131418404371444,0.03866666666666667,51.33333333333333,49.93333333333334,73.25,79.25,0.01929435831019926,0.027487686341205256,0.0214756359643382,0.06387797420387492,390
3000,0,4,0,0,1,51.541666666666664,155.25,0.04825507282844147,0.06960646158217924,0.024333333333333332,52.166666666666664,50.916666666666664,74.25,81.0,0.06740374121624913,0.037015637035597834,0.08747257645041015,0.03787344784043394,391
3000,0,1,0,0,1,51.28333333333334,166.75,0.05228575606736257,0.04131230616792097,0.025666666666666667,53.6,48.96666666666666,85.25,81.5,0.049754213482763904,0.05516890178871107,0.020698484042247167,0.05159188011347801,392
3000,0,4,0,0,1,48.016666666666666,161.5,0.03488737838947001,0.079521042957983,0.020666666666666667,47.349999999999994,48.68333333333334,80.75,80.75,0.03247027587404544,0.03871445737222558,0.08726820441592194,0.06972617417097925,393
3000,0,2,0,0,1,49.108333333333334,162.75,0.06940155706653858,0.05695496447928039,0.012,48.71666666666667,49.5,82.25,80.5,0.0,0.06940155706653858,0.04862930586584123,0.025480328961397902,394
3000,0,4,0,0,1,51.608333333333334,160.75,0.04101105737222397,0.05906356575673592,0.021,48.6,54.61666666666667,76.0,84.75,0.038118419098542154,0.06415216356167844,0.06978258363362742,0.040984011739078154,395
3000,0,3,0,0,1,47.608333333333334,157.0,0.053034004760050386,0.011967330977930034,0.008333333333333333,51.55,43.666666666666664,78.75,78.25,0.05422240118232176,0.03936744590392945,0.004249316323449822,0.017541934051541655,396
3000,0,4,0,0,1,49.1,149.5,0.040582913626851624,0.04658618808193107,0.038,49.88333333333333,48.31666666666667,76.0,73.25,0.048168941723949255,0.03648235789869073,0.06951173010884203,0.023307892634327886,397
3000,0,1,0,0,1,47.4,144.75,0.027550015085758262,0.042382093526703905,0.024,51.0,43.8,74.75,70.0,0.027655057275120576,0.02670967757085981,0.03364186227766479,0.03728843677104549,398
3000,0,1,0,0,1,48.325,163.0,0.040661587019021846,0.08268496446931178,0.010666666666666666,49.36666666666667,47.28333333333333,78.0,85.0,0.040661587019021846,0.0,0.04663107189325021,0.044590950994871946,399
3000,0,3,0,0,1,49.36666666666667,151.0,0.021045395488004652,0.06582496981472963,0.028,51.1,47.63333333333333,75.0,76.0,0.03554328410661719,0.014546341969316286,0.043256518640697565,0.06912149745111558,400
3000,0,4,0,0,1,51.24166666666666,162.25,0.03254485996878685,0.060851303433939526,0.03266666666666666,47.099999999999994,55.383333333333326,82.5,79.75,0.0244587670439247,0.042468701285663116,0.05970650117944777,0.05744727412099106,401
3000,0,1,0,0,1,47.083333333333336,162.25,0.03295767313260016,0.04026798743073733,0.056666666666666664,50.14999999999999,44.016666666666666,84.75,77.25,0.024955656001412634,0.048012315531952954,0.029714911204873237,0.0469469269938638,402
3000,0,2,0,0,1,47.675,157.25,0.03016294481405981,0.04789563109233707,0.022333333333333334,51.31666666666666,44.03333333333334,80.25,77.0,0.05834732570266066,0.021320786103910524,0.072283402412711,0.023030211339565912,403
3000,0,4,0,0,1,48.75833333333333,155.0,0.07740750924083699,0.07273626110795142,0.017333333333333333,51.449999999999996,46.06666666666667,75.0,79.75,0.05366213117150033,0.11864948167705328,0.04850730000144496,0.08066550085962457,404
3000,0,2,0,0,1,48.141666666666666,144.25,0.029154716152907566,0.06210329003158205,0.041666666666666664,47.083333333333336,49.2,70.25,74.0,0.03484220036510368,0.022993274923028436,0.04218088539565021,0.03528942849084292,405
3000,0,3,0,0,1,49.88333333333333,150.5,0.05444720132283361,0.03858700984802123,0.011333333333333334,53.18333333333334,46.58333333333333,76.0,74.5,0.05465927599167355,0.05437085444205124,0.04632024113710648,0.02829603675899211,406
3000,0,4,0,0,1,51.99166666666667,163.25,0.052426854404492136,0.06870914256669249,0.033666666666666664,50.8,53.18333333333334,82.5,80.75,0.05328451742125418,0.04915956672158911,0.06561030652406763,0.05184710590345888,407
3000,0,0,0,1,0,50.958333333333336,148.0,0.03676758065273558,0.038823130160577535,0.045,53.1,48.81666666666667,71.75,76.25,0.04298290424715302,0.03262403158979062,0.049587558959249184,0.027876095744118763,408
3000,0,1,0,0,1,49.475,164.75,0.03033970034211681,0.045718761772267025,0.013333333333333334,49.06666666666666,49.88333333333333,85.25,79.5,0.023876060116539522,0.05619426124442593,0.0384170238934893,0.046375789215202246,409
3000,0,4,0,0,1,46.43333333333333,160.0,0.05800173553778918,0.0595001460843538,0.014333333333333333,50.6,42.266666666666666,79.0,80.5,0.0672310618474016,0.04833291749914753,0.056944295626691094,0.05919537279516046,410
3000,0,3,0,0,1,50.5,152.25,0.04446000510444122,0.04375444063362703,0.011333333333333334,50.43333333333333,50.56666666666667,75.25,77.0,0.020084036524252745,0.06883597368462968,0.05248606562145154,0.03329112463266305,411
3000,0,3,0,0,1,50.14999999999999,163.0,0.04293862430640071,0.046528451815196534,0.02666666666666667,50.14999999999999,50.14999999999999,81.75,81.25,0.05129513364437002,0.03322700534605803,0.04567324344556631,0.02736785027374246,412
3000,0,3,0,0,1,50.349999999999994,147.0,0.028161993930704954,0.044581417623662675,0.06233333333333333,50.96666666666667,49.733333333333334,71.25,75.75,0.019114187656040314,0.03901936146030252,0.03795170578242077,0.04975655124370874,413
3000,0,1,0,0,1,49.75833333333333,166.5,0.034354721166255514,0.048218817699478625,0.021333333333333333,48.05,51.46666666666667,76.75,89.75,0.02567131041888693,0.04983384467243429,0.05050201730023983,0.042905899875405926,414
3000,0,2,0,0,1,49.93333333333334,155.0,0.04845318062073972,0.038906124982546544,0.012666666666666666,50.983333333333334,48.88333333333333,78.0,77.0,0.046151001630475856,0.04880199561926456,0.03292249043836701,0.041890534160876305,415
3000,0,4,0,0,1,48.43333333333334,153.0,0.035092425004323184,0.07155379666687905,0.04033333333333333,48.15,48.71666666666667,75.0,78.0,0.03783981755213846,0.033222671742615575,0.07315431012639885,0.06577945366517024,416
3000,0,2,0,0,1,51.541666666666664,157.0,0.03647314587898604,0.046235058338231994,0.02,52.583333333333336,50.5,77.25,79.75,0.03919040120088128,0.035793832048512234,0.03933688090776905,0.04310606127549302,417
3000,0,1,0,0,1,53.80833333333334,163.75,0.07773772529271884,0.03961709927886353,0.006333333333333333,53.733333333333334,53.88333333333334,81.0,82.75,0.055468055675144914,0.10835852101688298,0.03299413870368927,0.043483865723777666,418
3000,0,4,0,0,1,47.91666666666667,158.75,0.027108087361083347,0.07557588113691892,0.03,47.56666666666667,48.266666666666666,73.75,85.0,0.020533887162420633,0.04093657743413249,0.10383353678625919,0.04718008264845753,419
3000,0,3,0,0,1,48.75,160.75,0.042414898720484775,0.06135180793601714,0.029666666666666668,47.46666666666667,50.03333333333333,76.75,84.0,0.03096871989813395,0.06609664800810716,0.07581928359296936,0.03403101127423627,420
3000,0,3,0,0,1,47.53333333333333,156.25,0.047640112975559805,0.05514994009914957,0.011666666666666667,47.21666666666667,47.85,76.0,80.0,0.047560577432390165,0.04772432708009237,0.07810378768541111,0.03199342688714625,421
3000,0,4,0,0,1,50.9,151.25,0.03613626182059813,0.039825879933659235,0.026,47.96666666666667,53.833333333333336,71.5,79.75,0.030121367038582425,0.048166051384629524,0.02526340924501989,0.04878276232679956,422
3000,0,0,0,1,0,50.625,162.5,0.0,0.03238814089513699,0.0,51.800000000000004,49.45,86.0,76.25,0.0,0.0,0.003578725640551433,0.04095417422285258,423
3000,0,3,0,0,1,47.791666666666664,151.0,0.052864132886224116,0.061462478363109224,0.03266666666666666,49.25,46.33333333333333,72.5,78.5,0.05216810714867234,0.053792167202959845,0.03633763457003196,0.06617207968038681,424
3000,0,3,0,0,1,51.366666666666674,151.5,0.038246238094451865,0.04825746678885991,0.033666666666666664,51.9,50.83333333333333,76.0,75.0,0.04869857315973287,0.02162970542656925,0.05597873327819926,0.03946999140425026,425
3000,0,3,0,0,1,49.99166666666667,153.75,0.0688462586245657,0.048628640616048956,0.04066666666666666,52.6,47.38333333333333,78.25,75.5,0.08064270306665923,0.0406658635684533,0.03597568500925256,0.04733922850853296,426
3000,0,1,0,0,1,49.333333333333336,161.5,0.028383397657069556,0.05714049761740324,0.04733333333333333,48.65,50.016666666666666,80.75,80.75,0.024714954408527706,0.03711778634407398,0.047930952972971105,0.06413480227908652,427
3000,0,0,0,1,0,49.65833333333333,159.0,0.01795420769855466,0.04091090122627913,0.045,47.8,51.516666666666666,78.0,81.0,0.02385895583643523,0.008228740177339594,0.048886396797903596,0.030627911673602577,428
3000,0,1,0,0,1,51.71666666666667,152.5,0.058392413456568884,0.05927330354844601,0.021333333333333333,51.9,51.53333333333333,71.25,81.25,0.0520228699796423,0.06517289522232944,0.05093500142040362,0.06549287323631303,429
3000,0,4,0,0,1,51.449999999999996,153.0,0.04657571929151766,0.042870727539181044,0.043666666666666666,51.13333333333333,51.76666666666667,76.75,76.25,0.030250344279132636,0.06037181085127965,0.03670564988545586,0.04038467417691541,430
3000,0,5,0,0,1,52.233333333333334,160.25,0.042765556721190916,0.061796150282940956,0.037333333333333336,51.583333333333336,52.88333333333334,79.5,80.75,0.028991736557787737,0.058658426140502276,0.05102161033034404,0.06811238372856084,431
3000,0,3,0,0,1,48.21666666666667,158.5,0.06434287078375163,0.03864286275498489,0.017,51.53333333333333,44.9,81.5,77.0,0.06872505480639121,0.059785399400206475,0.04587222323386765,0.030968762480441732,432
3000,0,1,0,0,1,53.325,160.25,0.05393044356102844,0.05363964721776302,0.028333333333333332,55.46666666666666,51.18333333333334,75.0,84.75,0.028355920393149478,0.0577320618697672,0.05573729234584589,0.048726399985095814,433
3000,0,4,0,0,1,49.225,153.25,0.05081789019783445,0.08144530058197404,0.03766666666666667,50.31666666666666,48.13333333333333,78.75,74.5,0.04984774079061637,0.05132918515569262,0.06953038282024943,0.0896352187681691,434
3000,0,3,0,0,1,50.13333333333333,154.75,0.03995888535649293,0.04732292421369664,0.058,51.63333333333333,48.63333333333333,80.25,74.5,0.03310821252477093,0.04620730123597564,0.04441891990836251,0.049315742569970795,435
3000,0,2,0,0,1,49.09166666666667,153.75,0.016721410115856015,0.039952676328524825,0.026,51.05,47.13333333333333,76.5,77.0,0.014817176352493841,0.02075838569418383,0.04049046375102951,0.03914441591837896,436
3000,0,4,0,0,1,48.59166666666667,157.0,0.024485434119724623,0.05993740514012193,0.050333333333333334,50.18333333333334,47.0,74.75,82.25,0.035369227998893804,0.021898302787790966,0.06934189506125525,0.04307101370933967,437
3000,0,1,0,0,1,49.84166666666667,168.25,0.04082668402767036,0.06441695402216863,0.026333333333333334,46.81666666666667,52.86666666666666,79.5,88.75,0.030100289105659313,0.04935904362472461,0.05360505676356765,0.07398698458777458,438
3000,0,2,0,0,1,52.06666666666667,156.75,0.03711369390376641,0.06468813280844429,0.011,55.35,48.78333333333333,78.5,78.25,0.04439923563352224,0.03394606706474213,0.06252964296524018,0.05575205646779161,439
3000,0,0,0,1,0,50.25833333333334,154.5,0.05616600795628153,0.052056297723588774,0.01,48.93333333333334,51.583333333333336,79.0,75.0,0.06256974068032072,0.049762275232242324,0.03382878025090075,0.039159166047943075,440
3000,0,2,0,0,1,51.083333333333336,145.25,0.033321135691200064,0.07971994907452719,0.049666666666666665,48.21666666666667,53.949999999999996,74.25,71.0,0.012078779355511115,0.07538100123586416,0.07292724352874458,0.08618237018062937,441
3000,0,4,0,0,1,51.525,155.75,0.042910992279984045,0.06587990417618422,0.030333333333333334,55.766666666666666,47.28333333333333,79.5,76.25,0.04140183160793187,0.046683893960114485,0.07295783315056517,0.05486899344107547,442
3000,0,5,0,0,1,52.65,141.75,0.02321586008662483,0.0645475168175217,0.05466666666666667,53.06666666666666,52.233333333333334,69.75,72.0,0.04734830213563925,0.01618514862352614,0.07732609219555715,0.05108809196941605,443
3000,0,3,0,0,1,47.625,150.5,0.03613476857853309,0.04407214089142233,0.008666666666666666,45.93333333333333,49.31666666666666,77.0,73.5,0.03327265660477677,0.04257452051948478,0.03490615164356784,0.04262146090810939,444
3000,0,0,0,1,0,48.425000000000004,164.0,0.023981780863768648,0.0524860287718893,0.07166666666666667,49.95,46.9,87.5,76.5,0.02060104415817266,0.026279625343353426,0.04087404606109149,0.05384002726670272,445
3000,0,1,0,0,1,49.7,153.5,0.033064747337214644,0.0462754481984059,0.04933333333333333,51.916666666666664,47.483333333333334,72.75,80.75,0.030795056159963453,0.03461226404897682,0.05338259161592342,0.03737110962809286,446
3000,0,4,0,0,1,44.358333333333334,151.5,0.03758448396589209,0.06058331746901541,0.025666666666666667,44.05,44.666666666666664,82.0,69.5,0.05510250869357429,0.02640276605460556,0.06088531572329044,0.06012805447684843,447
3000,0,1,0,0,1,51.74166666666666,171.25,0.03296478193973499,0.07786268960400464,0.021,52.36666666666666,51.11666666666667,81.5,89.75,0.04569511609068702,0.02401914172555249,0.08196494726859246,0.06859450410127874,448
3000,0,3,0,0,1,51.44166666666666,168.5,0.03069754111362235,0.05176617379926517,0.03233333333333333,52.666666666666664,50.21666666666667,86.25,82.25,0.05566582970411664,0.022488788700309154,0.062108000261106786,0.03798602639042007,449
3000,0,4,0,0,1,46.43333333333333,164.0,0.04759799385661468,0.07678596077117072,0.016666666666666666,44.3,48.56666666666667,79.25,84.75,0.06352788132583527,0.04542573647444823,0.0929389695518189,0.059411905906348324,450
3000,0,1,0,0,1,46.325,150.75,0.06358768798027035,0.03776269187179883,0.025666666666666667,46.483333333333334,46.166666666666664,75.5,75.25,0.0817418520828426,0.01517658370674441,0.024792395890615406,0.05031968919076844,451
3000,0,3,0,0,1,51.05,155.0,0.04556759157018315,0.06877978405757194,0.036333333333333336,47.43333333333333,54.666666666666664,72.75,82.25,0.05970614272160573,0.032669264203973064,0.061398835231999134,0.04502500213742883,452
3000,0,3,0,0,1,51.7,158.5,0.02968610471975549,0.04856093603150172,0.027666666666666666,53.233333333333334,50.16666666666667,79.5,79.0,0.022409117021080914,0.03789603955928576,0.04326337985811414,0.05287801860008559,453
3000,0,4,0,0,1,48.75833333333333,154.75,0.025117595239506477,0.0501116888301057,0.034666666666666665,48.86666666666667,48.65,78.0,76.5,0.04212448336506457,0.016857106721378256,0.03136976748621516,0.052480944765090964,454
3000,0,3,0,0,1,51.300000000000004,155.0,0.02949739554094526,0.07374659922206832,0.026333333333333334,52.11666666666667,50.483333333333334,76.75,78.25,0.02636219974199085,0.05388225175503505,0.05888149395918158,0.07915761576290069,455
3000,0,5,0,0,1,46.96666666666667,163.25,0.027300593297680135,0.07361707858842542,0.025333333333333333,46.63333333333333,47.3,81.0,82.0,0.03939995482809549,0.01454721222508018,0.07500086356183738,0.06448132388232025,456
3000,0,6,0,0,1,47.233333333333334,158.5,0.05837909826406553,0.039976550864647006,0.017,48.766666666666666,45.7,80.25,78.0,0.05685473269298406,0.06117376847771494,0.054321357378087125,0.01182463018800409,457
3000,0,2,0,0,1,50.30833333333333,158.25,0.02776148715733595,0.06861036200338357,0.03,50.66666666666667,49.95,76.5,81.5,0.022202157386942742,0.03834214704292305,0.07660886406725917,0.05729812822135631,458
3000,0,4,0,0,1,52.55,157.75,0.026231468670599986,0.11781323852233219,0.025666666666666667,49.63333333333333,55.46666666666666,74.0,83.5,0.018405206615272986,0.036666484744369336,0.07108803367301164,0.1601335297361677,459
3000,0,4,0,0,1,52.29166666666667,154.5,0.06449914586067143,0.07300223956328963,0.025666666666666667,53.41666666666667,51.16666666666667,75.5,79.0,0.02545590673335038,0.08942036232491893,0.06654499293351672,0.07143977760570526,460
3000,0,3,0,0,1,52.49166666666667,160.5,0.055370295817286176,0.05430173491250352,0.008,51.5,53.48333333333334,75.75,84.75,0.052742703763229856,0.05694685104971996,0.06637905330356625,0.04094863931643232,461
3000,0,4,0,0,1,48.925000000000004,158.75,0.05746210506072708,0.06700867990940519,0.035,42.449999999999996,55.400000000000006,77.5,81.25,0.048703989644922036,0.09050408594762795,0.09131793531193073,0.03301862876941668,462
3000,0,2,0,0,1,50.84166666666666,153.25,0.054883061486771856,0.04365362967157157,0.015333333333333332,50.18333333333334,51.5,74.25,79.0,0.05240008717014547,0.06191815538387997,0.032410456156976325,0.04757349387635803,463
3000,0,2,0,0,1,51.016666666666666,154.75,0.07976005885621461,0.0904761470408051,0.018333333333333333,52.61666666666667,49.416666666666664,75.5,79.25,0.07154828351939772,0.09207772186143998,0.0742745651468821,0.10667019390768247,464
3000,0,4,0,0,1,46.43333333333333,158.25,0.06339006681788158,0.05440501394063166,0.011666666666666667,47.266666666666666,45.6,81.5,76.75,0.06455144374212345,0.05874455912091407,0.06823542064027435,0.039587704317631964,465
3000,0,3,0,0,1,48.358333333333334,154.25,0.039903265606225057,0.07603908704473661,0.019666666666666666,47.06666666666667,49.65,79.5,74.25,0.04663649147053841,0.03008397788743476,0.07456815174246208,0.05915258707166717,466
3000,0,4,0,0,1,50.425,155.0,0.02334914461848318,0.06462184510796616,0.034666666666666665,49.5,51.349999999999994,78.25,76.75,0.043216090585299884,0.015667258844647394,0.05988681839995961,0.06908791680946941,467
3000,0,1,0,0,1,53.30833333333334,158.25,0.050465613982377706,0.05552367429617734,0.012333333333333333,55.71666666666667,50.9,81.0,77.25,0.04501010751912283,0.0546221903353338,0.06678800396787316,0.03647560408872573,468
3000,0,3,0,0,1,45.858333333333334,156.75,0.02648593671747255,0.03228872751364108,0.028666666666666667,44.43333333333334,47.28333333333333,82.5,74.25,0.0577523547567152,0.02371549461272953,0.03705871546902983,0.02624219898886461,469
3000,0,1,0,0,1,51.26666666666667,150.75,0.046543824542479184,0.038824185067302106,0.0036666666666666666,51.300000000000004,51.233333333333334,74.5,76.25,0.046330412928589464,0.04867794068137647,0.0057522605195151595,0.06382860247419389,470
3000,0,3,0,0,1,49.40833333333333,148.5,0.03443903613491778,0.049332608713316684,0.03266666666666666,48.03333333333333,50.78333333333334,71.75,76.5,0.02018156525592268,0.04869650701391289,0.051290422306565366,0.038430573198043126,471
3000,0,1,0,0,1,49.56666666666666,165.75,0.03424196795876922,0.03402490395170684,0.04666666666666667,51.33333333333333,47.8,84.0,81.75,0.03187720430435456,0.03568257110456208,0.03886359907689706,0.027743127066545074,472
3000,0,4,0,0,1,49.61666666666667,155.0,0.05259120467094023,0.06268755586796712,0.008333333333333333,51.083333333333336,48.15,73.25,81.75,0.05543680358468072,0.04527395032132186,0.0738712416043914,0.04441553459351222,473
3000,0,4,0,0,1,48.35,163.25,0.04152963494503991,0.03854635599652945,0.015333333333333332,50.43333333333333,46.266666666666666,79.0,84.25,0.038263777333623857,0.054955938458639254,0.027713769397390696,0.04357871534886119,474
3000,0,2,0,0,1,50.9,162.75,0.07536713893043787,0.042426841729347846,0.018,52.05,49.75,76.0,86.75,0.06566150191228534,0.07844453603375452,0.037873378384626344,0.04459364441139208,475
3000,0,4,0,0,1,48.775,153.25,0.020126782756718982,0.03889383019719252,0.027666666666666666,46.833333333333336,50.71666666666667,76.0,77.25,0.022846000860778082,0.018666461923057605,0.012520802654653034,0.053060900301679495,476
3000,0,2,0,0,1,51.475,163.75,0.04273167676434705,0.017350938278393947,0.017333333333333333,48.266666666666666,54.68333333333333,82.5,81.25,0.04273167676434705,0.0,0.025422302624818673,0.006254671861692818,477
3000,0,5,0,0,1,48.233333333333334,153.0,0.05048780034771822,0.0372329012671961,0.025,50.76666666666667,45.7,70.0,82.75,0.060381506518330644,0.04801437380506512,0.04294242031221843,0.030086487487394967,478
3000,0,3,0,0,1,52.258333333333326,159.75,0.043459839059553765,0.04379209022246079,0.011666666666666667,54.05,50.46666666666667,80.75,79.0,0.03708438293409838,0.05196044722682762,0.046766493159430586,0.040661909062230314,479
3000,0,4,0,0,1,52.758333333333326,160.5,0.03928494491710134,0.0334897784454873,0.013333333333333334,53.083333333333336,52.43333333333333,78.75,81.75,0.0592353875948854,0.021234544399106253,0.027078102221247315,0.03787065928395221,480
3000,0,2,0,0,1,48.725,151.0,0.032942747898912966,0.0734143558899064,0.051333333333333335,49.4,48.05,77.5,73.5,0.026986857475241866,0.05246483317650158,0.07667179591918406,0.06864042741984383,481
3000,0,4,0,0,1,48.91666666666667,153.25,0.04536963070088773,0.04870382945670405,0.053,46.833333333333336,51.0,80.75,72.5,0.04495228180239933,0.04569788264351905,0.04151988628192835,0.02981595271702356,482
3000,0,3,0,0,1,50.675000000000004,159.5,0.04780279951905667,0.08550145977269005,0.032,49.05,52.300000000000004,76.0,83.25,0.055203476778458736,0.04127279017252544,0.0752660982673356,0.060253265079793845,483
3000,0,3,0,0,1,50.349999999999994,154.25,0.03868720147356014,0.07597229840623262,0.014333333333333333,52.083333333333336,48.61666666666667,76.5,77.75,0.04158802156669131,0.010404205565531259,0.09224662630491325,0.05680520542518922,484
3000,0,1,0,0,1,51.66666666666667,160.75,0.04097443460626661,0.047728530788344777,0.019,49.1,54.233333333333334,84.25,76.25,0.08546315308622586,0.030335828013232886,0.036784098449835136,0.05673537368618163,485
3000,0,4,0,0,1,51.233333333333334,158.5,0.05022138399604916,0.05655504330132354,0.008333333333333333,52.61666666666667,49.85,76.25,82.25,0.045977691718306894,0.061133735567386396,0.07672257910721571,0.028109685292366394,486
3000,0,4,0,0,1,48.325,153.75,0.033624348652753905,0.05838763861065503,0.05266666666666667,47.91666666666667,48.733333333333334,75.0,78.75,0.05785383603054507,0.02305148143335412,0.046037610083676225,0.05945502176875213,487
3000,0,1,0,0,1,47.41666666666667,154.0,0.07739540834687139,0.047601127132312175,0.009333333333333334,52.68333333333334,42.15,73.0,80.75,0.09431169153926104,0.04168325494071548,0.05887240537764977,0.022407326090292105,488
3000,0,4,0,0,1,51.74999999999999,155.25,0.03023352479306224,0.06339656591043615,0.017333333333333333,52.300000000000004,51.2,74.5,80.5,0.043940249214667215,0.00642710869237991,0.061762232290158266,0.04823809919775305,489
3000,0,2,0,0,1,53.55833333333333,164.5,0.03292439344388215,0.052434525539609006,0.03,52.5,54.61666666666667,84.5,80.0,0.023556059790926683,0.04910606066262342,0.04928895213328188,0.05338188450512333,490
3000,0,3,0,0,1,49.725,153.5,0.06634147510439647,0.04018425735793662,0.03133333333333333,46.35,53.1,78.25,75.25,0.06174731916629965,0.06974455357706079,0.0419247454107231,0.03671117683932644,491
3000,0,4,0,0,1,50.141666666666666,150.0,0.05384113953923854,0.06905886771491214,0.034333333333333334,51.1,49.18333333333334,75.5,74.5,0.05197723441152855,0.05746244093021797,0.061387242682152364,0.07642998391507622,492
3000,0,2,0,0,1,54.083333333333336,164.0,0.04314925230287868,0.033887652918956436,0.02,55.51666666666667,52.65,79.0,85.0,0.04612861114882818,0.040711595065283636,0.03934644285791919,0.026443055072836164,493
3000,0,2,0,0,1,49.958333333333336,156.25,0.031173007490586387,0.05334146590838432,0.03233333333333333,54.55,45.36666666666667,79.5,76.75,0.010503030992824326,0.05505831366577812,0.083880356260104,0.02228532038179929,494
3000,0,3,0,0,1,48.18333333333334,151.75,0.07406111643100628,0.08035075908182834,0.018666666666666668,49.56666666666666,46.800000000000004,78.0,73.75,0.07347666022122618,0.0747858421311336,0.07041036355262797,0.08349594062587824,495
3000,0,1,0,0,1,52.300000000000004,161.0,0.060295019035787184,0.07291350588694037,0.009,50.1,54.50000000000001,79.75,81.25,0.060295019035787184,0.0,0.10897899235010026,0.007846978706205885,496
3000,0,3,0,0,1,49.891666666666666,150.25,0.0172472746601859,0.08559407902859531,0.06266666666666666,50.583333333333336,49.2,75.75,74.5,0.014668337333645285,0.022749007623472543,0.06339264812739327,0.052537271221914615,497
3000,0,6,0,0,1,48.083333333333336,161.0,0.04241937670646553,0.05860253677968274,0.024,48.13333333333333,48.03333333333333,80.5,80.25,0.03889824916102232,0.05224146933322811,0.06355466114992193,0.05230460016057679,498
3000,0,2,0,0,1,48.46666666666667,162.25,0.061244791604181156,0.033919768493974274,0.015333333333333332,48.38333333333333,48.55,84.0,78.0,0.05984494213673251,0.06628424968699628,0.049639631556042924,0.01751500034635854,499
