context_label,episode_id,step,t_norm,delta_score,sprint_bits,position,possession
early_neutral,4,0,1.0,0,[0],"[[-1.0110293626785278, -0.0], [-0.040441177785396576, 0.04065071418881416], [-0.040441177785396576, -0.04065071418881416], [-0.10110294073820114, -0.10162678360939026], [-0.10110294073820114, 0.10162678360939026]]",False
early_neutral,4,1,0.9996667777407531,0,[0],"[[-1.0110293626785278, -0.0], [-0.039530977606773376, 0.03973580151796341], [-0.040441177785396576, -0.04065071418881416], [-0.10112815350294113, -0.10154429823160172], [-0.10110294073820114, 0.10162678360939026]]",False
early_neutral,4,2,0.9993335554815062,0,[0],"[[-1.0100501775741577, 8.031808725050826e-12], [-0.03711819648742676, 0.03731051832437515], [-0.040441177785396576, -0.04065071418881416], [-0.10158479958772659, -0.0995224192738533], [-0.10109676420688629, 0.10164694488048553]]",False
early_neutral,4,3,0.9990003332222592,0,[0],"[[-1.0059254169464111, 3.23738987006994e-11], [-0.0342121422290802, 0.03427818790078163], [-0.040441177785396576, -0.04065071418881416], [-0.10194576531648636, -0.09732038527727127], [-0.10078202933073044, 0.10346719622612]]",False
early_neutral,4,4,0.9986671109630123,0,[0],"[[-1.0002306699752808, 4.546882315104028e-11], [-0.0323815755546093, 0.031372521072626114], [-0.040441177785396576, -0.04065071418881416], [-0.10204830020666122, -0.0966949462890625], [-0.10083536058664322, 0.10639669746160507]]",False
early_neutral,4,5,0.9983338887037654,0,[0],"[[-0.9930757880210876, -5.145986969878891e-10], [-0.03235367685556412, 0.029460085555911064], [-0.040441177785396576, -0.04065071418881416], [-0.10197442770004272, -0.09719528257846832], [-0.10151387006044388, 0.11020078510046005]]",False
early_neutral,4,6,0.9980006664445185,0,[0],"[[-0.9846126437187195, -8.951511754062835e-10], [-0.03642739728093147, 0.0306524820625782], [-0.040441177785396576, -0.04065071418881416], [-0.10173079371452332, -0.09958246350288391], [-0.10237730294466019, 0.11458517611026764]]",False
early_neutral,4,7,0.9976674441852715,0,[0],"[[-0.975313127040863, -1.0682613682533315e-09], [-0.04197070002555847, 0.03215543553233147], [-0.040441177785396576, -0.04065071418881416], [-0.10159874707460403, -0.10286834090948105], [-0.10340830683708191, 0.11951404064893723]]",False
early_neutral,4,8,0.9973342219260246,0,[0],"[[-0.9654421806335449, -1.2256418102651878e-09], [-0.04751700162887573, 0.034860238432884216], [-0.040441177785396576, -0.04065071418881416], [-0.10108251869678497, -0.1060858964920044], [-0.10566640645265579, 0.12404611706733704]]",False
early_neutral,4,9,0.9970009996667777,0,[0],"[[-0.9547167420387268, -1.2987411146525574e-09], [-0.05226632207632065, 0.038561638444662094], [-0.040441177785396576, -0.04065071418881416], [-0.10055292397737503, -0.10743699967861176], [-0.1110166385769844, 0.12593023478984833]]",False
early_neutral,4,10,0.9966677774075309,0,[0],"[[-0.9437978863716125, -1.501785917845666e-09], [-0.05766301602125168, 0.04282066598534584], [-0.040441177785396576, -0.04065071418881416], [-0.10003715008497238, -0.10672799497842789], [-0.11819170415401459, 0.12658628821372986]]",False
early_neutral,4,11,0.996334555148284,0,[0],"[[-0.9323297739028931, -1.5531337327345796e-09], [-0.06356874108314514, 0.047594744712114334], [-0.040441177785396576, -0.04065071418881416], [-0.099220871925354, -0.10421450436115265], [-0.12657298147678375, 0.12688225507736206]]",False
early_neutral,4,12,0.996001332889037,0,[0],"[[-0.9202682971954346, -1.9276289453529216e-09], [-0.06962757557630539, 0.052951227873563766], [-0.040441177785396576, -0.04065071418881416], [-0.0986117422580719, -0.1006605327129364], [-0.13577111065387726, 0.12670354545116425]]",False
early_neutral,4,13,0.9956681106297901,0,[0],"[[-0.9076964855194092, -2.5789008706311733e-09], [-0.07538502663373947, 0.05855059623718262], [-0.040441177785396576, -0.04065071418881416], [-0.09812033176422119, -0.09614761918783188], [-0.1455991119146347, 0.12613536417484283]]",False
early_neutral,4,14,0.9953348883705432,0,[0],"[[-0.89472895860672, -2.8641535809725838e-09], [-0.08013461530208588, 0.06512951850891113], [-0.040441177785396576, -0.04065071418881416], [-0.09760437905788422, -0.09077928215265274], [-0.15622234344482422, 0.12523430585861206]]",False
early_neutral,4,15,0.9950016661112963,0,[0],"[[-0.8814587593078613, -3.642235180123521e-09], [-0.08400897681713104, 0.0715755894780159], [-0.040441177785396576, -0.04065071418881416], [-0.09708327054977417, -0.08477611839771271], [-0.16750864684581757, 0.12399455904960632]]",False
early_neutral,4,16,0.9946684438520493,0,[0],"[[-0.8679583072662354, -3.678775506443799e-09], [-0.08592838793992996, 0.07624658942222595], [-0.040441177785396576, -0.04065071418881416], [-0.09652010351419449, -0.07830701023340225], [-0.17933736741542816, 0.12234657257795334]]",False
early_neutral,4,17,0.9943352215928024,0,[0],"[[-0.8558979630470276, -3.774322632210669e-09], [-0.0863211527466774, 0.08040507882833481], [-0.040441177785396576, -0.04065071418881416], [-0.09590566158294678, -0.07131966948509216], [-0.1915045529603958, 0.12018250674009323]]",False
early_neutral,4,18,0.9940019993335555,0,[0],"[[-0.8456929922103882, -3.683360061401686e-09], [-0.0860147699713707, 0.0843457579612732], [-0.040441177785396576, -0.04065071418881416], [-0.09525998681783676, -0.06426115334033966], [-0.2038855105638504, 0.1175718903541565]]",False
early_neutral,4,19,0.9936687770743086,0,[0],"[[-0.8368481397628784, -3.159728700907749e-09], [-0.0852620005607605, 0.08873804658651352], [-0.040441177785396576, -0.04065071418881416], [-0.09454939514398575, -0.056810688227415085], [-0.2162821888923645, 0.11439257115125656]]",False
early_neutral,4,20,0.9933355548150616,0,[0],"[[-0.8321547508239746, -2.960338640889404e-09], [-0.08486232161521912, 0.09403292834758759], [-0.040441177785396576, -0.04065071418881416], [-0.09386993199586868, -0.04896112158894539], [-0.22850893437862396, 0.11057928949594498]]",False
early_neutral,4,21,0.9930023325558147,0,[0],"[[-0.8286219239234924, -1.340979565611633e-06], [-0.08500281721353531, 0.10002860426902771], [-0.040441177785396576, -0.04065071418881416], [-0.0935298278927803, -0.04076350852847099], [-0.24010100960731506, 0.10578261315822601]]",False
early_neutral,4,22,0.9926691102965678,0,[0],"[[-0.8278047442436218, -3.358272078912705e-05], [-0.0852927416563034, 0.1065511479973793], [-0.040441177785396576, -0.04065071418881416], [-0.09367412328720093, -0.03230016306042671], [-0.2510291039943695, 0.10021233558654785]]",False
early_neutral,4,23,0.9923358880373209,0,[0],"[[-0.8274886608123779, -8.404941763728857e-05], [-0.08527004718780518, 0.11141564697027206], [-0.040687378495931625, -0.040753088891506195], [-0.09526273608207703, -0.02370135858654976], [-0.26205217838287354, 0.09460946917533875]]",False
early_neutral,4,24,0.9920026657780739,0,[0],"[[-0.8288240432739258, 0.00023497914662584662], [-0.08453191816806793, 0.11512088775634766], [-0.04338212311267853, -0.04203902184963226], [-0.09880110621452332, -0.015189421363174915], [-0.27323460578918457, 0.08908837288618088]]",False
early_neutral,4,25,0.991669443518827,0,[0],"[[-0.8326800465583801, 0.0008725788211449981], [-0.08375656604766846, 0.11780158430337906], [-0.04693504050374031, -0.044100090861320496], [-0.1019938662648201, -0.006577831692993641], [-0.2825850248336792, 0.08428630977869034]]",False
early_neutral,4,26,0.9913362212595801,0,[0],"[[-0.8380299210548401, 0.0012805451406165957], [-0.08362286537885666, 0.11877995729446411], [-0.05142007768154144, -0.046790771186351776], [-0.1016390323638916, 0.0018976364517584443], [-0.28764668107032776, 0.07949814200401306]]",False
early_neutral,4,27,0.9910029990003332,0,[0],"[[-0.8445454239845276, 0.001618003356270492], [-0.08361268043518066, 0.11894793063402176], [-0.05696312338113785, -0.049559783190488815], [-0.10020332038402557, 0.010421563871204853], [-0.29112744331359863, 0.07494015246629715]]",False
early_neutral,4,28,0.9906697767410862,0,[0],"[[-0.8520317077636719, 0.0019659127574414015], [-0.08361268043518066, 0.11894793063402176], [-0.0634746327996254, -0.0522475391626358], [-0.09882988035678864, 0.01912759244441986], [-0.29251882433891296, 0.0733112245798111]]",False
early_neutral,4,29,0.9903365544818394,0,[0],"[[-0.8600437641143799, 0.0022956172470003366], [-0.08361268043518066, 0.11894793063402176], [-0.0711115151643753, -0.05474932864308357], [-0.09753300249576569, 0.02797561325132847], [-0.29364386200904846, 0.0731695219874382]]",False
early_neutral,4,30,0.9900033322225925,0,[0],"[[-0.8690107464790344, 0.0026398722548037767], [-0.08361268043518066, 0.11894793063402176], [-0.07987597584724426, -0.05700482800602913], [-0.09650035202503204, 0.03694218769669533], [-0.29694512486457825, 0.07223716378211975]]",False
early_neutral,4,31,0.9896701099633456,0,[0],"[[-0.8788236379623413, 0.003048543119803071], [-0.08361268043518066, 0.11894793063402176], [-0.0889231339097023, -0.057918448001146317], [-0.09581470489501953, 0.046001631766557693], [-0.3009963035583496, 0.07111246138811111]]",False
early_neutral,4,32,0.9893368877040987,0,[0],"[[-0.8894519209861755, 0.0035245721228420734], [-0.08361268043518066, 0.11894793063402176], [-0.09834382683038712, -0.05733361095190048], [-0.09555037319660187, 0.05512959137558937], [-0.30520910024642944, 0.0695115327835083]]",False
early_neutral,4,33,0.9890036654448517,0,[0],"[[-0.9003819227218628, 0.004068637266755104], [-0.08361268043518066, 0.11894793063402176], [-0.10837972164154053, -0.05621274188160896], [-0.09581588953733444, 0.06430242955684662], [-0.3093089163303375, 0.06733829528093338]]",False
early_neutral,4,34,0.9886704431856048,0,[0],"[[-0.911933422088623, 0.0047017293982207775], [-0.08337860554456711, 0.12002693116664886], [-0.11890660226345062, -0.05452120676636696], [-0.09663965553045273, 0.07349485903978348], [-0.31242483854293823, 0.06499620527029037]]",False
early_neutral,4,35,0.9883372209263579,0,[0],"[[-0.924057126045227, 0.005405085626989603], [-0.0829610526561737, 0.12290213257074356], [-0.12941306829452515, -0.052561789751052856], [-0.09815148264169693, 0.08267561346292496], [-0.3142542243003845, 0.0647786408662796]]",False
early_neutral,4,36,0.988003998667111,0,[0],"[[-0.9366600513458252, 0.0061782002449035645], [-0.08278806507587433, 0.12678900361061096], [-0.14044104516506195, -0.050273191183805466], [-0.10036910325288773, 0.0918148010969162], [-0.31511837244033813, 0.06538248807191849]]",False
early_neutral,4,37,0.987670776407864,0,[0],"[[-0.9490898847579956, 0.00698431208729744], [-0.0827537551522255, 0.13156414031982422], [-0.15196073055267334, -0.04772983491420746], [-0.10341331362724304, 0.10086680203676224], [-0.3142106533050537, 0.06684313714504242]]",False
early_neutral,4,38,0.9873375541486171,0,[0],"[[-0.9604113698005676, 0.007764589972794056], [-0.08273540437221527, 0.13717865943908691], [-0.16383540630340576, -0.04488694667816162], [-0.10734514892101288, 0.10978400707244873], [-0.31224802136421204, 0.06921041756868362]]",False
early_neutral,4,39,0.9870043318893702,0,[0],"[[-0.9716885685920715, 0.008587123826146126], [-0.0827326849102974, 0.14315952360630035], [-0.17595916986465454, -0.04177477955818176], [-0.11233065277338028, 0.11835738271474838], [-0.3107399344444275, 0.07225286215543747]]",False
early_neutral,4,40,0.9866711096301233,0,[0],"[[-0.9801924228668213, 0.00932807195931673], [-0.08273154497146606, 0.1491403877735138], [-0.18823517858982086, -0.038401152938604355], [-0.11911984533071518, 0.12500186264514923], [-0.3121308982372284, 0.07412675768136978]]",False
early_neutral,4,41,0.9863378873708764,0,[0],"[[-0.9847449064254761, 0.009923500940203667], [-0.08273126184940338, 0.15512123703956604], [-0.20058119297027588, -0.03476664051413536], [-0.1284751296043396, 0.1294228583574295], [-0.3161766529083252, 0.07482468336820602]]",False
early_neutral,4,42,0.9860046651116294,0,[0],"[[-0.9873645901679993, 0.01031755656003952], [-0.0827312096953392, 0.16110210120677948], [-0.21294710040092468, -0.030896393582224846], [-0.13900478184223175, 0.1334117203950882], [-0.32096368074417114, 0.07476608455181122]]",False
early_neutral,4,43,0.9856714428523825,0,[0],"[[-0.9878694415092468, 0.010331958532333374], [-0.08271855115890503, 0.16621236503124237], [-0.22527563571929932, -0.026786701753735542], [-0.15043757855892181, 0.1369813233613968], [-0.32494688034057617, 0.07332749664783478]]",False
early_neutral,4,44,0.9853382205931356,0,[0],"[[-0.9879509210586548, 0.010328546166419983], [-0.08269897848367691, 0.16777096688747406], [-0.23754891753196716, -0.02247069776058197], [-0.16253156960010529, 0.140206977725029], [-0.32835865020751953, 0.0718039870262146]]",False
early_neutral,4,45,0.9850049983338887,0,[0],"[[-0.9879509210586548, 0.010328546166419983], [-0.08269897848367691, 0.16777096688747406], [-0.24975170195102692, -0.017971696332097054], [-0.17513950169086456, 0.14309847354888916], [-0.33165353536605835, 0.07252217829227448]]",False
early_neutral,4,46,0.9846717760746417,0,[0],"[[-0.9879509210586548, 0.010328546166419983], [-0.08269897848367691, 0.16777096688747406], [-0.26187261939048767, -0.013307548128068447], [-0.18815398216247559, 0.145661860704422], [-0.33432286977767944, 0.07524142414331436]]",False
early_neutral,4,47,0.9843385538153949,0,[0],"[[-0.9879509210586548, 0.010328546166419983], [-0.08268540352582932, 0.16870717704296112], [-0.2739461064338684, -0.008538143709301949], [-0.20139150321483612, 0.14813420176506042], [-0.33519527316093445, 0.07908619940280914]]",False
early_neutral,4,48,0.984005331556148,0,[0],"[[-0.9879509210586548, 0.010328546166419983], [-0.08266089856624603, 0.17134946584701538], [-0.28596892952919006, -0.0036753821186721325], [-0.21479618549346924, 0.1505374014377594], [-0.33533215522766113, 0.08320967853069305]]",False
early_neutral,4,49,0.9836721092969011,0,[0],"[[-0.9879509210586548, 0.010328546166419983], [-0.08265155553817749, 0.17496813833713531], [-0.29798924922943115, 0.001219579833559692], [-0.22828324139118195, 0.15299056470394135], [-0.3359185457229614, 0.08687877655029297]]",False
early_neutral,4,50,0.9833388870376542,0,[0],"[[-0.9879509210586548, 0.010328546166419983], [-0.08264825493097305, 0.17953850328922272], [-0.3100339472293854, 0.006111323367804289], [-0.24179738759994507, 0.15556080639362335], [-0.33706584572792053, 0.08950304239988327]]",False
early_neutral,4,51,0.9830056647784072,0,[0],"[[-0.9879509210586548, 0.010328546166419983], [-0.08264671266078949, 0.1849740445613861], [-0.3221355080604553, 0.01095991488546133], [-0.2552947700023651, 0.1582944244146347], [-0.33785420656204224, 0.08937083929777145]]",False
early_neutral,4,52,0.9826724425191603,0,[0],"[[-0.9879509210586548, 0.010328546166419983], [-0.08425687253475189, 0.19046525657176971], [-0.33437854051589966, 0.01566869579255581], [-0.2686944007873535, 0.1613108068704605], [-0.3400791883468628, 0.08746983855962753]]",False
early_neutral,4,53,0.9823392202599134,0,[0],"[[-0.9879509210586548, 0.010328546166419983], [-0.08948943018913269, 0.19511519372463226], [-0.346613347530365, 0.02017385885119438], [-0.2819942831993103, 0.16456931829452515], [-0.34302037954330444, 0.08493728935718536]]",False
early_neutral,4,54,0.9820059980006665,0,[0],"[[-0.9879509210586548, 0.010328546166419983], [-0.09595531225204468, 0.19936582446098328], [-0.35644832253456116, 0.023701589554548264], [-0.29547083377838135, 0.16755133867263794], [-0.34717613458633423, 0.08183439821004868]]",False
early_neutral,4,55,0.9816727757414195,0,[0],"[[-0.9879509210586548, 0.010328546166419983], [-0.10244271904230118, 0.20360255241394043], [-0.36301809549331665, 0.024819888174533844], [-0.30917465686798096, 0.17010009288787842], [-0.35265034437179565, 0.07834549993276596]]",False
early_neutral,4,56,0.9813395534821726,0,[0],"[[-0.9879509210586548, 0.010328546166419983], [-0.10894675552845001, 0.20782840251922607], [-0.36861443519592285, 0.023652000352740288], [-0.3229590654373169, 0.17249572277069092], [-0.3594053387641907, 0.07464435696601868]]",False
early_neutral,4,57,0.9810063312229257,0,[0],"[[-0.9879509210586548, 0.010328546166419983], [-0.11643438041210175, 0.21050864458084106], [-0.3728012442588806, 0.02068806253373623], [-0.33667030930519104, 0.17508698999881744], [-0.36738473176956177, 0.07089654356241226]]",False
early_neutral,4,58,0.9806731089636788,0,[0],"[[-0.9879509210586548, 0.010328546166419983], [-0.12538430094718933, 0.2110653817653656], [-0.3763011693954468, 0.017530115321278572], [-0.3503192067146301, 0.1778314858675003], [-0.3761252462863922, 0.06764432787895203]]",False
early_neutral,4,59,0.9803398867044318,0,[0],"[[-0.9879509210586548, 0.010328546166419983], [-0.13457539677619934, 0.2110876441001892], [-0.38076499104499817, 0.0173189714550972], [-0.36399900913238525, 0.1805231124162674], [-0.38602274656295776, 0.0650053471326828]]",False
early_neutral,4,60,0.9800066644451849,0,[0],"[[-0.9879509210586548, 0.010328546166419983], [-0.14376655220985413, 0.21109700202941895], [-0.38588500022888184, 0.019199278205633163], [-0.37769320607185364, 0.18312965333461761], [-0.3969421684741974, 0.06312819570302963]]",False
early_neutral,4,61,0.979673442185938,0,[0],"[[-0.9879509210586548, 0.010328546166419983], [-0.1529577225446701, 0.2110992819070816], [-0.3917942941188812, 0.021913448348641396], [-0.38934990763664246, 0.18529409170150757], [-0.40638312697410583, 0.06338389217853546]]",False
early_neutral,4,62,0.9793402199266911,0,[0],"[[-0.9879509210586548, 0.010328546166419983], [-0.16214889287948608, 0.21109972894191742], [-0.3985350728034973, 0.02528243139386177], [-0.39830031991004944, 0.18680518865585327], [-0.41266700625419617, 0.06640195846557617]]",False
early_neutral,4,63,0.9790069976674441,0,[0],"[[-0.9879509210586548, 0.010328546166419983], [-0.17134007811546326, 0.21109992265701294], [-0.4058404564857483, 0.028915511444211006], [-0.40604060888290405, 0.18796268105506897], [-0.4182596206665039, 0.07090555876493454]]",False
early_neutral,4,64,0.9786737754081972,0,[0],"[[-0.9879509210586548, 0.010328546166419983], [-0.18053124845027924, 0.21109992265701294], [-0.4136860966682434, 0.03202531114220619], [-0.4130382537841797, 0.1885850876569748], [-0.4234387278556824, 0.07638602703809738]]",False
early_neutral,4,65,0.9783405531489503,0,[0],"[[-0.9879509210586548, 0.010328546166419983], [-0.18972241878509521, 0.21109992265701294], [-0.42175528407096863, 0.03449901565909386], [-0.42138564586639404, 0.1889113187789917], [-0.42807772755622864, 0.08146201074123383]]",False
early_neutral,4,66,0.9780073308897035,0,[0],"[[-0.9879509210586548, 0.010328546166419983], [-0.1989136040210724, 0.21109992265701294], [-0.4272923469543457, 0.03485269844532013], [-0.42985397577285767, 0.1888790875673294], [-0.43311193585395813, 0.08315442502498627]]",False
early_neutral,4,67,0.9776741086304566,0,[0],"[[-0.9879509210586548, 0.010328546166419983], [-0.20810477435588837, 0.21109992265701294], [-0.42999809980392456, 0.0323166660964489], [-0.4362788498401642, 0.18866336345672607], [-0.43932464718818665, 0.08246026933193207]]",False
early_neutral,4,68,0.9773408863712096,0,[0],"[[-0.9879509210586548, 0.010328546166419983], [-0.21729595959186554, 0.21109992265701294], [-0.43249091506004333, 0.028675159439444542], [-0.44268688559532166, 0.1882912665605545], [-0.4466715157032013, 0.08104981482028961]]",False
early_neutral,4,69,0.9770076641119627,0,[0],"[[-0.9879509210586548, 0.010328546166419983], [-0.22648712992668152, 0.21109992265701294], [-0.43543174862861633, 0.025034552440047264], [-0.44909417629241943, 0.18791227042675018], [-0.45485973358154297, 0.07883065938949585]]",False
early_neutral,4,70,0.9766744418527158,0,[0],"[[-0.9879509210586548, 0.010328546166419983], [-0.2356783151626587, 0.21109992265701294], [-0.4393632411956787, 0.022723902016878128], [-0.45551133155822754, 0.18761178851127625], [-0.46340206265449524, 0.07640180736780167]]",False
early_neutral,4,71,0.9763412195934689,0,[0],"[[-0.9879509210586548, 0.010328546166419983], [-0.24486948549747467, 0.21109992265701294], [-0.4451555609703064, 0.021160895004868507], [-0.46198585629463196, 0.18739373981952667], [-0.4728228449821472, 0.07408860325813293]]",False
early_neutral,4,72,0.9760079973342219,0,[0],"[[-0.9879509210586548, 0.010328546166419983], [-0.25406065583229065, 0.21109992265701294], [-0.45174798369407654, 0.020630236715078354], [-0.46877551078796387, 0.1872682273387909], [-0.4823920726776123, 0.07221253961324692]]",False
early_neutral,4,73,0.975674775074975,0,[0],"[[-0.9879509210586548, 0.010328546166419983], [-0.26325181126594543, 0.21109992265701294], [-0.4590805768966675, 0.02231939323246479], [-0.4764193594455719, 0.18724298477172852], [-0.4909338355064392, 0.07271695137023926]]",False
early_neutral,4,74,0.9753415528157281,0,[0],"[[-0.9879509210586548, 0.010328546166419983], [-0.2724429965019226, 0.21109992265701294], [-0.4668533504009247, 0.025176169350743294], [-0.4847588539123535, 0.1873420625925064], [-0.4996996819972992, 0.07446667551994324]]",False
early_neutral,4,75,0.9750083305564812,0,[0],"[[-0.9879509210586548, 0.010328546166419983], [-0.2816341817378998, 0.21109992265701294], [-0.4752512276172638, 0.028590694069862366], [-0.4940057396888733, 0.18753087520599365], [-0.5091723203659058, 0.07510560750961304]]",False
early_neutral,4,76,0.9746751082972342,0,[0],"[[-0.9879509210586548, 0.010328546166419983], [-0.29082533717155457, 0.21109992265701294], [-0.48408302664756775, 0.03250349313020706], [-0.5040967464447021, 0.1877855658531189], [-0.5194424986839294, 0.0743594765663147]]",False
early_neutral,4,77,0.9743418860379873,0,[0],"[[-0.9879509210586548, 0.010328546166419983], [-0.3000165522098541, 0.21109992265701294], [-0.4912905693054199, 0.03518214449286461], [-0.5147891640663147, 0.1881079375743866], [-0.5301134586334229, 0.07337816804647446]]",False
early_neutral,4,78,0.9740086637787404,0,[0],"[[-0.9879509210586548, 0.010328546166419983], [-0.3092077076435089, 0.21109992265701294], [-0.49561482667922974, 0.034787192940711975], [-0.5258273482322693, 0.18852609395980835], [-0.5411496758460999, 0.07241987437009811]]",False
early_neutral,4,79,0.9736754415194935,0,[0],"[[-0.9879509210586548, 0.010328546166419983], [-0.3183988928794861, 0.21109992265701294], [-0.4983886480331421, 0.03216174617409706], [-0.5372572541236877, 0.18903785943984985], [-0.5528406500816345, 0.07147374004125595]]",False
early_neutral,4,80,0.9733422192602466,0,[0],"[[-0.9879509210586548, 0.010328546166419983], [-0.32759007811546326, 0.21109992265701294], [-0.5012363195419312, 0.028527813032269478], [-0.5465865731239319, 0.18972726166248322], [-0.5651639699935913, 0.07094147056341171]]",False
early_neutral,4,81,0.9730089970009996,0,[0],"[[-0.9879509210586548, 0.010328546166419983], [-0.33678126335144043, 0.21109992265701294], [-0.5036341547966003, 0.024748461320996284], [-0.5556405782699585, 0.19075217843055725], [-0.577964723110199, 0.07123810052871704]]",False
early_neutral,4,82,0.9726757747417527,0,[0],"[[-0.9879509210586548, 0.010328546166419983], [-0.3459724187850952, 0.21109992265701294], [-0.5073811411857605, 0.023514235392212868], [-0.5628963708877563, 0.19166409969329834], [-0.59104323387146, 0.07222745567560196]]",False
early_neutral,4,83,0.9723425524825058,0,[0],"[[-0.9879509210586548, 0.010328546166419983], [-0.3551636338233948, 0.21109992265701294], [-0.5122328996658325, 0.024955829605460167], [-0.5692570805549622, 0.19229166209697723], [-0.6041738390922546, 0.07408972829580307]]",False
early_neutral,4,84,0.9720093302232589,0,[0],"[[-0.9879509210586548, 0.010328546166419983], [-0.36435481905937195, 0.21109992265701294], [-0.5176392197608948, 0.027558336034417152], [-0.5756481885910034, 0.1927717626094818], [-0.6165801286697388, 0.07648354768753052]]",False
early_neutral,4,85,0.971676107964012,0,[0],"[[-0.9879509210586548, 0.010328546166419983], [-0.3732738196849823, 0.21110518276691437], [-0.5239366888999939, 0.030821217224001884], [-0.5820603370666504, 0.1931130290031433], [-0.625339686870575, 0.07789814472198486]]",False
early_neutral,4,86,0.9713428857047651,0,[0],"[[-0.9879509210586548, 0.010328546166419983], [-0.3780581057071686, 0.21116621792316437], [-0.5304362773895264, 0.034269779920578], [-0.5884932279586792, 0.19331838190555573], [-0.6317600607872009, 0.07812786102294922]]",False
early_neutral,4,87,0.9710096634455182,0,[0],"[[-0.987946629524231, 0.010371517390012741], [-0.37828320264816284, 0.21117067337036133], [-0.5364679098129272, 0.03510581701993942], [-0.5949913263320923, 0.1935063749551773], [-0.6381683945655823, 0.07779734581708908]]",False
early_neutral,4,88,0.9706764411862713,0,[0],"[[-0.9878664016723633, 0.012256969697773457], [-0.37828320264816284, 0.21117067337036133], [-0.542693555355072, 0.03408251702785492], [-0.602159857749939, 0.1937681883573532], [-0.6444399356842041, 0.07687868177890778]]",False
early_neutral,4,89,0.9703432189270244,0,[0],"[[-0.9879751801490784, 0.014440428465604782], [-0.37828320264816284, 0.21117067337036133], [-0.5489082336425781, 0.03300489857792854], [-0.6084814667701721, 0.19422875344753265], [-0.6505921483039856, 0.07565432041883469]]",False
early_neutral,4,90,0.9700099966677774,0,[0],"[[-0.9882099032402039, 0.0159364752471447], [-0.37828320264816284, 0.21117067337036133], [-0.5552493333816528, 0.032305408269166946], [-0.6146296262741089, 0.1950145959854126], [-0.6567013263702393, 0.07451553642749786]]",False
early_neutral,4,91,0.9696767744085305,0,[0],"[[-0.9884843826293945, 0.01660567708313465], [-0.37828320264816284, 0.21117067337036133], [-0.5613901019096375, 0.032491616904735565], [-0.6212480068206787, 0.196109801530838], [-0.6619974374771118, 0.07454264909029007]]",False
early_neutral,4,92,0.9693435521492836,0,[0],"[[-0.9885156154632568, 0.016656171530485153], [-0.37828320264816284, 0.21117067337036133], [-0.56724613904953, 0.03383121266961098], [-0.6291306614875793, 0.19737090170383453], [-0.6669763922691345, 0.07555501908063889]]",False
early_neutral,4,93,0.9690103298900367,0,[0],"[[-0.9885156154632568, 0.016656171530485153], [-0.37828320264816284, 0.21117067337036133], [-0.5732388496398926, 0.035129614174366], [-0.6379874348640442, 0.19872410595417023], [-0.6729456782341003, 0.07584232091903687]]",False
early_neutral,4,94,0.9686771076307897,0,[0],"[[-0.9885156154632568, 0.016656171530485153], [-0.37828320264816284, 0.21117067337036133], [-0.577594518661499, 0.03413572534918785], [-0.6469482779502869, 0.20005467534065247], [-0.6788936853408813, 0.07478981465101242]]",False
early_neutral,4,95,0.9683438853715428,0,[0],"[[-0.9885156154632568, 0.016656171530485153], [-0.3799014985561371, 0.21144896745681763], [-0.5811684131622314, 0.03125742822885513], [-0.6559194326400757, 0.2013551890850067], [-0.6844351291656494, 0.07353033870458603]]",False
early_neutral,4,96,0.9680106631122959,0,[0],"[[-0.9885156154632568, 0.016656171530485153], [-0.38426896929740906, 0.21194753050804138], [-0.5852773785591125, 0.029394272714853287], [-0.6635775566101074, 0.20253770053386688], [-0.6855971813201904, 0.07326753437519073]]",False
early_neutral,4,97,0.967677440853049,0,[0],"[[-0.9885156154632568, 0.016656171530485153], [-0.3902304172515869, 0.21215499937534332], [-0.5900526642799377, 0.03035653941333294], [-0.6716077327728271, 0.2041248083114624], [-0.6855971813201904, 0.07326753437519073]]",False
early_neutral,4,98,0.967344218593802,0,[0],"[[-0.9885156154632568, 0.016656171530485153], [-0.3975677490234375, 0.2121962159872055], [-0.5956169962882996, 0.0322185643017292], [-0.6801453232765198, 0.20619408786296844], [-0.684965968132019, 0.07506592571735382]]",False
early_neutral,4,99,0.9670109963345551,0,[0],"[[-0.9885156154632568, 0.016656171530485153], [-0.40619397163391113, 0.2122182548046112], [-0.6014081835746765, 0.03404225781559944], [-0.6855588555335999, 0.2078493982553482], [-0.6837277412414551, 0.07813972234725952]]",False
early_neutral,4,100,0.9666777740753082,0,[0],"[[-0.9885156154632568, 0.016656171530485153], [-0.4153851568698883, 0.21222153306007385], [-0.6070785522460938, 0.035754188895225525], [-0.6866043210029602, 0.2083190381526947], [-0.6821045875549316, 0.08168146014213562]]",False
early_neutral,4,101,0.9663445518160613,0,[0],"[[-0.9885156154632568, 0.016656171530485153], [-0.4245763421058655, 0.2122229039669037], [-0.610693633556366, 0.03565853461623192], [-0.6857627034187317, 0.20785443484783173], [-0.6817458868026733, 0.08244998008012772]]",False
early_neutral,4,102,0.9660113295568143,0,[0],"[[-0.9885156154632568, 0.016656171530485153], [-0.43376749753952026, 0.21222326159477234], [-0.6114647388458252, 0.03324815258383751], [-0.6831234097480774, 0.20655789971351624], [-0.6817458868026733, 0.08244998008012772]]",False
early_neutral,4,103,0.9656781072975674,0,[0],"[[-0.9885156154632568, 0.016656171530485153], [-0.44295868277549744, 0.21222341060638428], [-0.6110591292381287, 0.029979003593325615], [-0.6791773438453674, 0.20487329363822937], [-0.6817458868026733, 0.08244998008012772]]",False
early_neutral,4,104,0.9653448850383206,0,[0],"[[-0.9885156154632568, 0.016656171530485153], [-0.4521498680114746, 0.21222347021102905], [-0.6104361414909363, 0.02586064115166664], [-0.6755069494247437, 0.20192356407642365], [-0.6817458868026733, 0.08244998008012772]]",False
early_neutral,4,105,0.9650116627790737,0,[0],"[[-0.9885156154632568, 0.016656171530485153], [-0.46134108304977417, 0.21222347021102905], [-0.6092172265052795, 0.020952675491571426], [-0.6725969910621643, 0.19826015830039978], [-0.6817458868026733, 0.08244998008012772]]",False
early_neutral,4,106,0.9646784405198268,0,[0],"[[-0.9885156154632568, 0.016656171530485153], [-0.47053223848342896, 0.21222347021102905], [-0.6072967052459717, 0.015712520107626915], [-0.6703366041183472, 0.19545882940292358], [-0.6817458868026733, 0.08244998008012772]]",False
early_neutral,4,107,0.9643452182605798,0,[0],"[[-0.9885156154632568, 0.016656171530485153], [-0.47972342371940613, 0.21222347021102905], [-0.6054940223693848, 0.012301896698772907], [-0.6701803803443909, 0.19526872038841248], [-0.6818581819534302, 0.08240847289562225]]",False
early_neutral,4,108,0.9640119960013329,0,[0],"[[-0.9885156154632568, 0.016656171530485153], [-0.4889146089553833, 0.21222347021102905], [-0.6048990488052368, 0.011570349335670471], [-0.6698881983757019, 0.19527024030685425], [-0.68446946144104, 0.08131317794322968]]",False
early_neutral,4,109,0.963678773742086,0,[0],"[[-0.9885156154632568, 0.016656171530485153], [-0.4981057643890381, 0.21222347021102905], [-0.6057180166244507, 0.012321416288614273], [-0.6671077609062195, 0.19537727534770966], [-0.6881422400474548, 0.07946962118148804]]",False
early_neutral,4,110,0.9633455514828391,0,[0],"[[-0.9885156154632568, 0.016656171530485153], [-0.5072969794273376, 0.21222347021102905], [-0.6081133484840393, 0.014429538510739803], [-0.6662138104438782, 0.1954566389322281], [-0.6926527619361877, 0.0768883153796196]]",False
early_neutral,4,111,0.9630123292235921,0,[0],"[[-0.9885156154632568, 0.016656171530485153], [-0.5164881348609924, 0.21222347021102905], [-0.6114884614944458, 0.017247186973690987], [-0.6666589975357056, 0.19634607434272766], [-0.6977705359458923, 0.07388946413993835]]",False
early_neutral,4,112,0.9626791069643452,0,[0],"[[-0.9885156154632568, 0.016656171530485153], [-0.525679349899292, 0.21222347021102905], [-0.6158435344696045, 0.020745640620589256], [-0.6681540012359619, 0.19878645241260529], [-0.7034209966659546, 0.07050561159849167]]",False
early_neutral,4,113,0.9623458847050983,0,[0],"[[-0.9885156154632568, 0.016656171530485153], [-0.5348705053329468, 0.21222347021102905], [-0.6211443543434143, 0.024835318326950073], [-0.6706304550170898, 0.2019892930984497], [-0.7096100449562073, 0.06679678708314896]]",False
early_neutral,4,114,0.9620126624458514,0,[0],"[[-0.9886108636856079, 0.017742851749062538], [-0.5440617203712463, 0.21222347021102905], [-0.6271938681602478, 0.02930915728211403], [-0.6743902564048767, 0.20579102635383606], [-0.7153258323669434, 0.06501247733831406]]",False
early_neutral,4,115,0.9616794401866045,0,[0],"[[-0.9890092611312866, 0.0203861054033041], [-0.5532528758049011, 0.21222347021102905], [-0.6338887214660645, 0.034061457961797714], [-0.679737389087677, 0.20988602936267853], [-0.7189468741416931, 0.0663970410823822]]",False
early_neutral,4,116,0.9613462179273575,0,[0],"[[-0.9895575642585754, 0.02286120131611824], [-0.5624440312385559, 0.21222347021102905], [-0.6412174701690674, 0.039062391966581345], [-0.6864047646522522, 0.21417944133281708], [-0.7212614417076111, 0.06943114101886749]]",False
early_neutral,4,117,0.9610129956681106,0,[0],"[[-0.9898732900619507, 0.02436768263578415], [-0.5716352462768555, 0.21222347021102905], [-0.6489982604980469, 0.04400546848773956], [-0.6938919425010681, 0.21878255903720856], [-0.7213930487632751, 0.07373148947954178]]",False
early_neutral,4,118,0.9606797734088637,0,[0],"[[-0.9900185465812683, 0.0251751858741045], [-0.580826461315155, 0.21222347021102905], [-0.6575092673301697, 0.04906397685408592], [-0.7021223902702332, 0.22362029552459717], [-0.720614492893219, 0.07890081405639648]]",False
early_neutral,4,119,0.9603465511496168,0,[0],"[[-0.9900185465812683, 0.0251751858741045], [-0.5900176167488098, 0.21222347021102905], [-0.6672044992446899, 0.05353480577468872], [-0.711064338684082, 0.2286389023065567], [-0.7191917896270752, 0.08475123345851898]]",False
early_neutral,4,120,0.9600133288903698,0,[0],"[[-0.9900185465812683, 0.0251751858741045], [-0.5992087721824646, 0.21222347021102905], [-0.6782131195068359, 0.05527292564511299], [-0.7206862568855286, 0.2336757332086563], [-0.7168964743614197, 0.091133713722229]]",False
early_neutral,4,121,0.9596801066311229,0,[0],"[[-0.9900185465812683, 0.0251751858741045], [-0.6083988547325134, 0.21219460666179657], [-0.6897632479667664, 0.05490273982286453], [-0.7299062609672546, 0.23774872720241547], [-0.71543288230896, 0.09632716327905655]]",False
early_neutral,4,122,0.9593468843718761,0,[0],"[[-0.9900185465812683, 0.0251751858741045], [-0.6172326803207397, 0.21222390234470367], [-0.6984643340110779, 0.05276253819465637], [-0.7390857934951782, 0.24084867537021637], [-0.718045711517334, 0.09990750253200531]]",False
early_neutral,4,123,0.9590136621126292,0,[0],"[[-0.9900185465812683, 0.0251751858741045], [-0.6235005855560303, 0.21117523312568665], [-0.7030508518218994, 0.04892915487289429], [-0.7477567195892334, 0.24293331801891327], [-0.7221778035163879, 0.10253150761127472]]",False
early_neutral,4,124,0.9586804398533822,0,[0],"[[-0.9900185465812683, 0.0251751858741045], [-0.6295982599258423, 0.20894330739974976], [-0.7050853371620178, 0.045142509043216705], [-0.7567170858383179, 0.2441457062959671], [-0.7265306711196899, 0.10220742970705032]]",False
early_neutral,4,125,0.9583472175941353,0,[0],"[[-0.9896305799484253, 0.025222864001989365], [-0.6367247700691223, 0.20630612969398499], [-0.7057878375053406, 0.040992140769958496], [-0.7658874988555908, 0.24449460208415985], [-0.7313598394393921, 0.10161814093589783]]",False
early_neutral,4,126,0.9580139953348884,0,[0],"[[-0.9859481453895569, 0.025602461770176888], [-0.6428619027137756, 0.2018621414899826], [-0.7050154209136963, 0.03673022985458374], [-0.775284469127655, 0.24309420585632324], [-0.7362651228904724, 0.10143554955720901]]",False
early_neutral,4,127,0.9576807730756415,0,[0],"[[-0.9806918501853943, 0.02599116787314415], [-0.6478006839752197, 0.19614236056804657], [-0.702253520488739, 0.03200849890708923], [-0.7846193909645081, 0.24001897871494293], [-0.7392855286598206, 0.10143986344337463]]",False
early_neutral,4,128,0.9573475508163946,0,[0],"[[-0.9739595055580139, 0.026302773505449295], [-0.6527420878410339, 0.19015014171600342], [-0.6990929245948792, 0.026632016524672508], [-0.792259931564331, 0.23698857426643372], [-0.7410427331924438, 0.10139775276184082]]",False
early_neutral,4,129,0.9570143285571476,0,[0],"[[-0.9658560752868652, 0.026460718363523483], [-0.6582050919532776, 0.18384979665279388], [-0.6955409049987793, 0.02066980116069317], [-0.7962684631347656, 0.2337363362312317], [-0.7414054274559021, 0.1013932153582573]]",False
early_neutral,4,130,0.9566811062979007,0,[0],"[[-0.9565770030021667, 0.026400163769721985], [-0.6636456251144409, 0.1779506653547287], [-0.6915103197097778, 0.01425100862979889], [-0.7992832660675049, 0.23033572733402252], [-0.7417401075363159, 0.10139011591672897]]",False
early_neutral,4,131,0.9563478840386538,0,[0],"[[-0.9463503360748291, 0.026184599846601486], [-0.6688399314880371, 0.1730174720287323], [-0.6869087219238281, 0.0078958198428154], [-0.7979942560195923, 0.2275816649198532], [-0.7431971430778503, 0.10102882236242294]]",False
early_neutral,4,132,0.9560146617794069,0,[0],"[[-0.9353865385055542, 0.02580072358250618], [-0.6742417216300964, 0.16839462518692017], [-0.681413471698761, 0.0014734724536538124], [-0.7937823534011841, 0.22491200268268585], [-0.7457736134529114, 0.09993548691272736]]",True
early_neutral,4,133,0.9556814395201599,0,[0],"[[-0.9269675612449646, 0.025459688156843185], [-0.6764867901802063, 0.16444295644760132], [-0.6751852035522461, -0.005136396270245314], [-0.787517786026001, 0.2230510115623474], [-0.7497565150260925, 0.09830537438392639]]",True
early_neutral,4,134,0.955348217260913,0,[0],"[[-0.9242162704467773, 0.02534824050962925], [-0.6762180328369141, 0.1602657437324524], [-0.6685662269592285, -0.012001791968941689], [-0.7796250581741333, 0.22175081074237823], [-0.7550415396690369, 0.09634971618652344]]",True
early_neutral,4,135,0.9550149950016661,0,[0],"[[-0.9253371953964233, 0.02481449395418167], [-0.675389289855957, 0.15611475706100464], [-0.6616092324256897, -0.019054211676120758], [-0.7706711292266846, 0.22027862071990967], [-0.7611474394798279, 0.09459745138883591]]",True
early_neutral,4,136,0.9546817727424192,0,[0],"[[-0.9287917613983154, 0.02356293611228466], [-0.6741487383842468, 0.15200744569301605], [-0.6545944809913635, -0.026335518807172775], [-0.7606759071350098, 0.21903692185878754], [-0.7681571841239929, 0.09261864423751831]]",True
early_neutral,4,137,0.9543485504831722,0,[0],"[[-0.9337424635887146, 0.02227407693862915], [-0.672658383846283, 0.14795641601085663], [-0.6476955413818359, -0.03385539725422859], [-0.7497838735580444, 0.21814733743667603], [-0.7759830951690674, 0.09013484418392181]]",True
early_neutral,4,138,0.9540153282239253,0,[0],"[[-0.9399318099021912, 0.020944304764270782], [-0.6717119216918945, 0.1440347284078598], [-0.6405279636383057, -0.04141433164477348], [-0.7381007671356201, 0.217685267329216], [-0.7845484614372253, 0.08829078823328018]]",True
early_neutral,4,139,0.9536821059646784,0,[0],"[[-0.9471477270126343, 0.019602928310632706], [-0.6713292598724365, 0.13986624777317047], [-0.6324489712715149, -0.04869132488965988], [-0.7258122563362122, 0.21805642545223236], [-0.7932909727096558, 0.08655669540166855]]",True
early_neutral,4,140,0.9533488837054315,0,[0],"[[-0.9549497365951538, 0.0183738823980093], [-0.6714930534362793, 0.1356872022151947], [-0.6236199736595154, -0.05568518117070198], [-0.7149814963340759, 0.21906542778015137], [-0.8001065850257874, 0.08521441370248795]]",True
early_neutral,4,141,0.9530156614461847,0,[0],"[[-0.9628821611404419, 0.017328767105937004], [-0.6714023351669312, 0.13162298500537872], [-0.614471971988678, -0.06257656961679459], [-0.7089971899986267, 0.22079616785049438], [-0.8039846420288086, 0.08445516973733902]]",True
early_neutral,4,142,0.9526824391869377,0,[0],"[[-0.9705245494842529, 0.01650025136768818], [-0.6708189249038696, 0.12749135494232178], [-0.6050711274147034, -0.06937824189662933], [-0.7070592641830444, 0.22434501349925995], [-0.8046528697013855, 0.08432421088218689]]",True
early_neutral,4,143,0.9523492169276908,0,[0],"[[-0.9779049158096313, 0.01584513671696186], [-0.6702919006347656, 0.12500222027301788], [-0.5952805876731873, -0.07598569989204407], [-0.7081206440925598, 0.2282242774963379], [-0.8046528697013855, 0.08432421088218689]]",True
early_neutral,4,144,0.9520159946684439,0,[0],"[[-0.9812739491462708, 0.015395906753838062], [-0.6702856421470642, 0.12497313320636749], [-0.5850355625152588, -0.0823289155960083], [-0.7105051875114441, 0.23207974433898926], [-0.8038556575775146, 0.08357679098844528]]",True
early_neutral,4,145,0.951682772409197,0,[0],"[[-0.9819576144218445, 0.015220819041132927], [-0.6695027351379395, 0.12483695894479752], [-0.5752401947975159, -0.08823142945766449], [-0.7133978009223938, 0.23587441444396973], [-0.8019158244132996, 0.083248570561409]]",True
early_neutral,4,146,0.95134955014995,0,[0],"[[-0.9819610118865967, 0.015219643712043762], [-0.665888786315918, 0.12435787916183472], [-0.5686729550361633, -0.09255057573318481], [-0.7167751789093018, 0.23924051225185394], [-0.7990608215332031, 0.0837429016828537]]",True
early_neutral,4,147,0.9510163278907031,0,[0],"[[-0.9819610118865967, 0.015219643712043762], [-0.6608365774154663, 0.12397688627243042], [-0.5662274956703186, -0.09421080350875854], [-0.721409022808075, 0.24077986180782318], [-0.7961470484733582, 0.0842474177479744]]",True
early_neutral,4,148,0.9506831056314562,0,[0],"[[-0.9811094403266907, 0.01553408708423376], [-0.6545299887657166, 0.12362467497587204], [-0.5668438076972961, -0.09276038408279419], [-0.7276263236999512, 0.24182823300361633], [-0.7926630973815918, 0.08485065400600433]]",True
early_neutral,4,149,0.9503498833722093,0,[0],"[[-0.9779261350631714, 0.01659902185201645], [-0.6473222374916077, 0.12319736927747726], [-0.5684332251548767, -0.09011931717395782], [-0.7337184548377991, 0.24139873683452606], [-0.7894540429115295, 0.08534581959247589]]",True
early_neutral,4,150,0.9500166611129623,0,[0],"[[-0.9745820760726929, 0.017568431794643402], [-0.6394919157028198, 0.1227063313126564], [-0.5707396268844604, -0.08660608530044556], [-0.7396363615989685, 0.23992864787578583], [-0.7871291041374207, 0.08565647900104523]]",True
early_neutral,4,151,0.9496834388537154,0,[0],"[[-0.9704275727272034, 0.0184987373650074], [-0.6307153701782227, 0.12206868082284927], [-0.574086606502533, -0.08240056782960892], [-0.7447992563247681, 0.23773770034313202], [-0.7801176309585571, 0.08679064363241196]]",True
early_neutral,4,152,0.9493502165944685,0,[0],"[[-0.9658175110816956, 0.01913856714963913], [-0.6213025450706482, 0.12100280076265335], [-0.5786144137382507, -0.0778631865978241], [-0.748111367225647, 0.23437637090682983], [-0.7717399597167969, 0.08717692643404007]]",True
early_neutral,4,153,0.9490169943352216,0,[0],"[[-0.961580753326416, 0.019429577514529228], [-0.611122190952301, 0.11943492293357849], [-0.5822804570198059, -0.07496657222509384], [-0.7505568861961365, 0.23056550323963165], [-0.762571394443512, 0.0874931588768959]]",True
early_neutral,4,154,0.9486837720759747,0,[0],"[[-0.9578710198402405, 0.019623201340436935], [-0.6006975173950195, 0.11762706935405731], [-0.5849986672401428, -0.0739942416548729], [-0.7499586343765259, 0.22667360305786133], [-0.7538118362426758, 0.08768700808286667]]",True
early_neutral,4,155,0.9483505498167277,0,[0],"[[-0.9542173743247986, 0.01978086680173874], [-0.5897750854492188, 0.11560540646314621], [-0.5865976214408875, -0.0735621452331543], [-0.7475950717926025, 0.22281526029109955], [-0.7453548312187195, 0.08777348697185516]]",True
early_neutral,4,156,0.9480173275574808,0,[0],"[[-0.9511709809303284, 0.019640807062387466], [-0.5782444477081299, 0.11345311999320984], [-0.5887333750724792, -0.07446105778217316], [-0.7435894012451172, 0.21985140442848206], [-0.7361640930175781, 0.08782104402780533]]",True
early_neutral,4,157,0.9476841052982339,0,[0],"[[-0.9488233923912048, 0.019489727914333344], [-0.5660044550895691, 0.11164772510528564], [-0.5895105600357056, -0.07926742732524872], [-0.7379850745201111, 0.21803449094295502], [-0.7267308831214905, 0.08783465623855591]]",True
early_neutral,4,158,0.947350883038987,0,[0],"[[-0.945221483707428, 0.02032790705561638], [-0.5531651377677917, 0.1103704646229744], [-0.5891639590263367, -0.08488872647285461], [-0.7319097518920898, 0.21666070818901062], [-0.7174720764160156, 0.08784005790948868]]",True
early_neutral,4,159,0.94701766077974,0,[0],"[[-0.9408924579620361, 0.020978422835469246], [-0.5399472713470459, 0.10926040261983871], [-0.587790310382843, -0.09106843918561935], [-0.7256321907043457, 0.21575628221035004], [-0.7080708742141724, 0.08784574270248413]]",True
early_neutral,4,160,0.9466844385204932,0,[0],"[[-0.9365253448486328, 0.02134852483868599], [-0.5264506340026855, 0.10824674367904663], [-0.5859333872795105, -0.09776557981967926], [-0.7192829847335815, 0.21536844968795776], [-0.6985182762145996, 0.08785460889339447]]",True
early_neutral,4,161,0.9463512162612463,0,[0],"[[-0.9321549534797668, 0.021593939512968063], [-0.5127464532852173, 0.10728640854358673], [-0.5835822820663452, -0.1048937514424324], [-0.7166134715080261, 0.21529124677181244], [-0.6893270611763, 0.08785468339920044]]",True
early_neutral,4,162,0.9460179940019994,0,[0],"[[-0.9278740882873535, 0.021727152168750763], [-0.49889108538627625, 0.10632993280887604], [-0.5807269215583801, -0.11239743232727051], [-0.7166134715080261, 0.21529124677181244], [-0.6796894073486328, 0.08786863088607788]]",True
early_neutral,4,163,0.9456847717427525,0,[0],"[[-0.9238271713256836, 0.021831093356013298], [-0.4849209487438202, 0.1053784117102623], [-0.5771650075912476, -0.12014533579349518], [-0.7154991626739502, 0.2153957188129425], [-0.6703733205795288, 0.08787253499031067]]",True
early_neutral,4,164,0.9453515494835055,0,[0],"[[-0.9197803735733032, 0.021936601027846336], [-0.47086456418037415, 0.10442890971899033], [-0.5740960836410522, -0.12671032547950745], [-0.7122020125389099, 0.21555519104003906], [-0.6609721183776855, 0.08788129687309265]]",True
early_neutral,4,165,0.9450183272242586,0,[0],"[[-0.9158317446708679, 0.022055331617593765], [-0.4567430019378662, 0.10348233580589294], [-0.5728024244308472, -0.1300891488790512], [-0.7074838280677795, 0.21552862226963043], [-0.6506344676017761, 0.08781229704618454]]",True
early_neutral,4,166,0.9446851049650117,0,[0],"[[-0.9118965864181519, 0.022206928580999374], [-0.44257110357284546, 0.10254604369401932], [-0.5727325677871704, -0.12950080633163452], [-0.7016023397445679, 0.21532414853572845], [-0.6422951817512512, 0.0888446792960167]]",True
early_neutral,4,167,0.9443518827057648,0,[0],"[[-0.9079117178916931, 0.022751381620764732], [-0.42836034297943115, 0.1016245186328888], [-0.5728610157966614, -0.12676993012428284], [-0.6954205632209778, 0.21501587331295013], [-0.6358134746551514, 0.09078165888786316]]",True
early_neutral,4,168,0.9440186604465178,0,[0],"[[-0.9055606722831726, 0.02520856447517872], [-0.41411882638931274, 0.1007242500782013], [-0.5732311606407166, -0.1230585053563118], [-0.6890186071395874, 0.21460092067718506], [-0.6306993961334229, 0.09385820478200912]]",True
early_neutral,4,169,0.9436854381872709,0,[0],"[[-0.904344379901886, 0.02814321778714657], [-0.3998514711856842, 0.09986003488302231], [-0.5733597278594971, -0.11842062324285507], [-0.6826337575912476, 0.2142067700624466], [-0.6247672438621521, 0.09780915826559067]]",True
early_neutral,4,170,0.943352215928024,0,[0],"[[-0.9031978845596313, 0.030314942821860313], [-0.3855632245540619, 0.09903424978256226], [-0.5724825263023376, -0.11298368871212006], [-0.6763715147972107, 0.2139790803194046], [-0.6182343363761902, 0.10211768746376038]]",True
early_neutral,4,171,0.9430189936687771,0,[0],"[[-0.9015406370162964, 0.03278724104166031], [-0.3712560832500458, 0.09826365858316422], [-0.5700032711029053, -0.10737007111310959], [-0.6699390411376953, 0.21390670537948608], [-0.611687958240509, 0.10642746090888977]]",True
early_neutral,4,172,0.9426857714095301,0,[0],"[[-0.8997721076011658, 0.03496900573372841], [-0.35693302750587463, 0.09755326062440872], [-0.5643043518066406, -0.10320205986499786], [-0.6638772487640381, 0.21465958654880524], [-0.6050266027450562, 0.11096546798944473]]",True
early_neutral,4,173,0.9423525491502832,0,[0],"[[-0.8974121809005737, 0.03724771738052368], [-0.34265437722206116, 0.09651791304349899], [-0.5567763447761536, -0.09997428208589554], [-0.6588177680969238, 0.2169259935617447], [-0.5985270738601685, 0.11519433557987213]]",True
early_neutral,4,174,0.9420193268910363,0,[0],"[[-0.8943156003952026, 0.039520781487226486], [-0.32855910062789917, 0.09469232708215714], [-0.5507724285125732, -0.09804809093475342], [-0.6540595293045044, 0.21971862018108368], [-0.5919779539108276, 0.11971645057201385]]",True
early_neutral,4,175,0.9416861046317894,0,[0],"[[-0.8910483717918396, 0.041402626782655716], [-0.3147026598453522, 0.09219414740800858], [-0.5446223020553589, -0.0968320295214653], [-0.649275004863739, 0.22251763939857483], [-0.585448145866394, 0.12412591278553009]]",True
early_neutral,4,176,0.9413528823725424,0,[0],"[[-0.887848436832428, 0.043016467243433], [-0.3009033799171448, 0.08955661952495575], [-0.5387480854988098, -0.09503129124641418], [-0.6444597840309143, 0.225294291973114], [-0.5789177417755127, 0.1283736675977707]]",True
early_neutral,4,177,0.9410196601132955,0,[0],"[[-0.8845477104187012, 0.044499874114990234], [-0.28713327646255493, 0.0868508592247963], [-0.5339867472648621, -0.09111325442790985], [-0.6395704746246338, 0.22808237373828888], [-0.5723199844360352, 0.13383647799491882]]",True
early_neutral,4,178,0.9406864378540486,0,[0],"[[-0.8814933896064758, 0.04583204910159111], [-0.27337703108787537, 0.08411182463169098], [-0.5298212170600891, -0.08605074882507324], [-0.634758472442627, 0.23086319863796234], [-0.5654566884040833, 0.13650751113891602]]",True
early_neutral,4,179,0.9403532155948018,0,[0],"[[-0.8784593343734741, 0.047183774411678314], [-0.2596258819103241, 0.08135948330163956], [-0.5259745121002197, -0.08061973750591278], [-0.6298125982284546, 0.2323775291442871], [-0.5588595867156982, 0.13778932392597198]]",True
early_neutral,4,180,0.9400199933355549,0,[0],"[[-0.8751567602157593, 0.04876289144158363], [-0.2458965927362442, 0.0785597637295723], [-0.5225973129272461, -0.07505807280540466], [-0.6235278248786926, 0.2330562174320221], [-0.5516581535339355, 0.1378859579563141]]",True
early_neutral,4,181,0.9396867710763079,0,[0],"[[-0.8718760013580322, 0.049969978630542755], [-0.23223145306110382, 0.07562891393899918], [-0.5187804698944092, -0.0708862841129303], [-0.6162150502204895, 0.23400741815567017], [-0.5444638729095459, 0.13931114971637726]]",True
early_neutral,4,182,0.939353548817061,0,[0],"[[-0.8679827451705933, 0.0496228002011776], [-0.21863579750061035, 0.07256333529949188], [-0.5143004655838013, -0.0703912004828453], [-0.6076257228851318, 0.23477673530578613], [-0.5369681119918823, 0.13808578252792358]]",True
early_neutral,4,183,0.9390203265578141,0,[0],"[[-0.8636130094528198, 0.04787348583340645], [-0.2051171064376831, 0.06935621798038483], [-0.5094422698020935, -0.07241712510585785], [-0.5984654426574707, 0.235256165266037], [-0.530886709690094, 0.13597767055034637]]",True
early_neutral,4,184,0.9386871042985672,0,[0],"[[-0.8603089451789856, 0.04454070329666138], [-0.1916801929473877, 0.06600627303123474], [-0.5039708614349365, -0.07544302195310593], [-0.5892819762229919, 0.23549199104309082], [-0.5256639719009399, 0.13275012373924255]]",True
early_neutral,4,185,0.9383538820393202,0,[0],"[[-0.8584188222885132, 0.03986535221338272], [-0.17831018567085266, 0.06254429370164871], [-0.49830788373947144, -0.07952259480953217], [-0.5800914168357849, 0.23549486696720123], [-0.5199522376060486, 0.12915921211242676]]",True
early_neutral,4,186,0.9380206597800733,0,[0],"[[-0.8571337461471558, 0.03582468628883362], [-0.1649864763021469, 0.059007320553064346], [-0.49201950430870056, -0.08416493237018585], [-0.5709183812141418, 0.23514054715633392], [-0.5153099894523621, 0.12484137713909149]]",True
early_neutral,4,187,0.9376874375208264,0,[0],"[[-0.8563219904899597, 0.033188845962285995], [-0.1517023891210556, 0.05540752038359642], [-0.48483210802078247, -0.08905323594808578], [-0.5618078112602234, 0.23435965180397034], [-0.5090699791908264, 0.12190887331962585]]",True
early_neutral,4,188,0.9373542152615795,0,[0],"[[-0.8552261590957642, 0.030677564442157745], [-0.13842016458511353, 0.051804639399051666], [-0.47716188430786133, -0.09308059513568878], [-0.5528104901313782, 0.233145073056221], [-0.5023236274719238, 0.12033995240926743]]",True
early_neutral,4,189,0.9370209930023325,0,[0],"[[-0.8516584634780884, 0.029683826491236687], [-0.1251346617937088, 0.04820677265524864], [-0.46797317266464233, -0.09511151164770126], [-0.5439866781234741, 0.23147642612457275], [-0.4953448474407196, 0.12018901854753494]]",True
early_neutral,4,190,0.9366877707430856,0,[0],"[[-0.847725510597229, 0.030594641342759132], [-0.11184051632881165, 0.04462231695652008], [-0.4582577347755432, -0.0969366505742073], [-0.5356249809265137, 0.22945915162563324], [-0.4871360659599304, 0.12015999853610992]]",True
early_neutral,4,191,0.9363545484838387,0,[0],"[[-0.8445820212364197, 0.031699761748313904], [-0.09853477776050568, 0.04105609655380249], [-0.4509570002555847, -0.09674185514450073], [-0.5293763279914856, 0.2281624674797058], [-0.47799208760261536, 0.12005963176488876]]",True
early_neutral,4,192,0.9360213262245918,0,[0],"[[-0.8416085839271545, 0.03289154917001724], [-0.0852171778678894, 0.03750867769122124], [-0.44576510787010193, -0.0941847711801529], [-0.5231060981750488, 0.2272292822599411], [-0.4682222604751587, 0.12003569304943085]]",True
early_neutral,4,193,0.9356881039653449,0,[0],"[[-0.8388808965682983, 0.03416341170668602], [-0.07188694179058075, 0.03398141637444496], [-0.44094645977020264, -0.09151186048984528], [-0.5167523622512817, 0.22657373547554016], [-0.46002015471458435, 0.1210278645157814]]",True
early_neutral,4,194,0.9353548817060979,0,[0],"[[-0.8366965055465698, 0.03554271161556244], [-0.05855793133378029, 0.030452346429228783], [-0.4358904957771301, -0.08914468437433243], [-0.5103546977043152, 0.22613507509231567], [-0.4534881114959717, 0.1228690966963768]]",True
early_neutral,4,195,0.935021659446851,0,[0],"[[-0.8353543281555176, 0.03667936101555824], [-0.04540504887700081, 0.026655105873942375], [-0.43038293719291687, -0.08698272705078125], [-0.5039502382278442, 0.2259294092655182], [-0.4482612609863281, 0.12587909400463104]]",True
early_neutral,4,196,0.9346884371876041,0,[0],"[[-0.8336624503135681, 0.03856087848544121], [-0.032496336847543716, 0.022518238052725792], [-0.42446571588516235, -0.08593511581420898], [-0.4977547526359558, 0.22602467238903046], [-0.44209355115890503, 0.12968586385250092]]",True
early_neutral,4,197,0.9343552149283573,0,[0],"[[-0.8314039707183838, 0.041447848081588745], [-0.019809864461421967, 0.018099067732691765], [-0.41833963990211487, -0.08642560988664627], [-0.49137985706329346, 0.22643928229808807], [-0.43542009592056274, 0.13390661776065826]]",True
early_neutral,4,198,0.9340219926691103,0,[0],"[[-0.8291800022125244, 0.04456280916929245], [-0.007306591607630253, 0.013464073650538921], [-0.41233620047569275, -0.08716286718845367], [-0.48510947823524475, 0.22725725173950195], [-0.4286603331565857, 0.1383426934480667]]",True
early_neutral,4,199,0.9336887704098634,0,[0],"[[-0.8268860578536987, 0.04758612811565399], [0.005052534863352776, 0.008667727001011372], [-0.4089958071708679, -0.08560186624526978], [-0.47995707392692566, 0.22946272790431976], [-0.4214300215244293, 0.1427709013223648]]",True
early_neutral,4,200,0.9333555481506165,0,[0],"[[-0.8244705200195312, 0.05056978017091751], [0.017499666661024094, 0.003968846518546343], [-0.4075165390968323, -0.0821625366806984], [-0.4751209318637848, 0.2321820706129074], [-0.4145374000072479, 0.14495152235031128]]",True
early_neutral,4,201,0.9330223258913696,0,[0],"[[-0.8214307427406311, 0.053183261305093765], [0.030063573271036148, -0.0005965418531559408], [-0.4062597453594208, -0.07776258885860443], [-0.47007083892822266, 0.234775573015213], [-0.4079670011997223, 0.14568734169006348]]",True
early_neutral,4,202,0.9326891036321227,0,[0],"[[-0.8169508576393127, 0.05312659963965416], [0.042768385261297226, -0.004993512760847807], [-0.405076265335083, -0.07249514013528824], [-0.46485435962677, 0.23722559213638306], [-0.40029340982437134, 0.14572875201702118]]",True
early_neutral,4,203,0.9323558813728757,0,[0],"[[-0.8122300505638123, 0.0514281764626503], [0.05562399700284004, -0.00920079369097948], [-0.40348929166793823, -0.06712587922811508], [-0.4593302309513092, 0.2392122745513916], [-0.39114251732826233, 0.1457107812166214]]",True
early_neutral,4,204,0.9320226591136288,0,[0],"[[-0.8091727495193481, 0.050079599022865295], [0.0686810091137886, -0.013134662061929703], [-0.3984187841415405, -0.06302899867296219], [-0.4531872272491455, 0.23967662453651428], [-0.38195133209228516, 0.14571936428546906]]",True
early_neutral,4,205,0.9316894368543819,0,[0],"[[-0.8058884143829346, 0.04835947975516319], [0.08205552399158478, -0.016586909070611], [-0.39101308584213257, -0.05951402708888054], [-0.4467664361000061, 0.23972396552562714], [-0.3724064230918884, 0.1456623375415802]]",True
early_neutral,4,206,0.931356214595135,0,[0],"[[-0.8030765056610107, 0.046649686992168427], [0.09556662291288376, -0.01949903927743435], [-0.3828747868537903, -0.05615033581852913], [-0.44033515453338623, 0.2396416962146759], [-0.36299753189086914, 0.14562712609767914]]",True
early_neutral,4,207,0.931022992335888,0,[0],"[[-0.7996828556060791, 0.045489370822906494], [0.10663197189569473, -0.021533986553549767], [-0.37384355068206787, -0.05270867794752121], [-0.4339287579059601, 0.23926520347595215], [-0.35368525981903076, 0.14559341967105865]]",True
early_neutral,4,208,0.9306897700766411,0,[0],"[[-0.7958595752716064, 0.04491883143782616], [0.11274106055498123, -0.0224906112998724], [-0.36433491110801697, -0.049294363707304], [-0.4275621771812439, 0.23866507411003113], [-0.3440437614917755, 0.14546754956245422]]",True
early_neutral,4,209,0.9303565478173942,0,[0],"[[-0.7922000885009766, 0.04444973170757294], [0.1127229779958725, -0.022927265614271164], [-0.3545481562614441, -0.04585038870573044], [-0.4213642477989197, 0.23802784085273743], [-0.33485257625579834, 0.14546754956245422]]",True
early_neutral,4,210,0.9300233255581473,0,[0],"[[-0.7887271046638489, 0.04413749650120735], [0.10905234515666962, -0.023852067068219185], [-0.34416672587394714, -0.04225369170308113], [-0.41502079367637634, 0.2373286336660385], [-0.3253076672554016, 0.14531908929347992]]",True
early_neutral,4,211,0.9296901032989003,0,[0],"[[-0.7852684259414673, 0.043982334434986115], [0.10419343411922455, -0.025502683594822884], [-0.33328235149383545, -0.03849098086357117], [-0.40868642926216125, 0.23659689724445343], [-0.3158988058567047, 0.14522773027420044]]",True
early_neutral,4,212,0.9293568810396534,0,[0],"[[-0.7822661399841309, 0.04370727762579918], [0.09810050576925278, -0.027691012248396873], [-0.3219984769821167, -0.03459066152572632], [-0.4024827182292938, 0.23591338098049164], [-0.30658650398254395, 0.14515407383441925]]",True
early_neutral,4,213,0.9290236587804065,0,[0],"[[-0.7816159129142761, 0.04359293356537819], [0.09089326113462448, -0.03035781718790531], [-0.31041258573532104, -0.03057353012263775], [-0.396145761013031, 0.23525847494602203], [-0.2969450056552887, 0.14488013088703156]]",True
early_neutral,4,214,0.9286904365211596,0,[0],"[[-0.7799862623214722, 0.04389341175556183], [0.08275244385004044, -0.03342946246266365], [-0.29861095547676086, -0.02644580602645874], [-0.3896969258785248, 0.2346361130475998], [-0.2877538204193115, 0.14488013088703156]]",True
early_neutral,4,215,0.9283572142619126,0,[0],"[[-0.7759031653404236, 0.04443398490548134], [0.07383282482624054, -0.03684103116393089], [-0.2866511046886444, -0.022225188091397285], [-0.382165789604187, 0.23396629095077515], [-0.2782089114189148, 0.14458411931991577]]",True
early_neutral,4,216,0.9280239920026658,0,[0],"[[-0.7716891765594482, 0.04472147300839424], [0.06544265896081924, -0.04008360952138901], [-0.27458956837654114, -0.017911430448293686], [-0.3734186589717865, 0.23326058685779572], [-0.2688000202178955, 0.1444019377231598]]",True
early_neutral,4,217,0.9276907697434189,0,[0],"[[-0.7679697275161743, 0.04481201991438866], [0.06137745827436447, -0.0416555218398571], [-0.26246172189712524, -0.013514534570276737], [-0.3642803132534027, 0.23262126743793488], [-0.25948774814605713, 0.144274041056633]]",True
early_neutral,4,218,0.927357547484172,0,[0],"[[-0.7642479538917542, 0.04478459060192108], [0.06145921349525452, -0.04177532345056534], [-0.2502959370613098, -0.009040825068950653], [-0.35512295365333557, 0.23210981488227844], [-0.2498462051153183, 0.143798366189003]]",True
early_neutral,4,219,0.9270243252249251,0,[0],"[[-0.7606912851333618, 0.04466364532709122], [0.06473515182733536, -0.04224931076169014], [-0.23811356723308563, -0.004495688714087009], [-0.3466487228870392, 0.2317429929971695], [-0.24065503478050232, 0.143798366189003]]",True
early_neutral,4,220,0.9266911029656781,0,[0],"[[-0.7572084069252014, 0.04449419304728508], [0.06942630559206009, -0.04293223097920418], [-0.22597788274288177, 0.00016829506785143167], [-0.3402215838432312, 0.23155361413955688], [-0.2311101257801056, 0.14337585866451263]]",True
early_neutral,4,221,0.9263578807064312,0,[0],"[[-0.7538371682167053, 0.04426659271121025], [0.07542029768228531, -0.043834950774908066], [-0.21398861706256866, 0.005038195755332708], [-0.33377572894096375, 0.2314419448375702], [-0.2217012345790863, 0.1431157886981964]]",True
early_neutral,4,222,0.9260246584471843,0,[0],"[[-0.7512087821960449, 0.04387702792882919], [0.08221869170665741, -0.04492616653442383], [-0.20215898752212524, 0.010105699300765991], [-0.3264448642730713, 0.23128105700016022], [-0.21247649192810059, 0.14297200739383698]]",True
early_neutral,4,223,0.9256914361879374,0,[0],"[[-0.7508882284164429, 0.04380029812455177], [0.08971846848726273, -0.046204354614019394], [-0.19046775996685028, 0.015333037823438644], [-0.31785905361175537, 0.23096135258674622], [-0.20366570353507996, 0.1419702172279358]]",True
early_neutral,4,224,0.9253582139286904,0,[0],"[[-0.7503067255020142, 0.042330268770456314], [0.09803973883390427, -0.047745369374752045], [-0.17891734838485718, 0.020710017532110214], [-0.3086943030357361, 0.23050835728645325], [-0.19629859924316406, 0.14042715728282928]]",True
early_neutral,4,225,0.9250249916694435,0,[0],"[[-0.7493061423301697, 0.039509858936071396], [0.10658371448516846, -0.049940075725317], [-0.16886191070079803, 0.02542763203382492], [-0.2995360493659973, 0.23000283539295197], [-0.19066953659057617, 0.13805313408374786]]",True
early_neutral,4,226,0.9246917694101966,0,[0],"[[-0.7482792139053345, 0.03649120405316353], [0.11465558409690857, -0.05279282107949257], [-0.16105592250823975, 0.028749005869030952], [-0.2906556725502014, 0.22946462035179138], [-0.18521729111671448, 0.13476237654685974]]",True
early_neutral,4,227,0.9243585471509497,0,[0],"[[-0.746998131275177, 0.03410017490386963], [0.12249338626861572, -0.0559162013232708], [-0.1538979709148407, 0.03142053633928299], [-0.2841429114341736, 0.22895744442939758], [-0.17846135795116425, 0.13129746913909912]]",True
early_neutral,4,228,0.9240253248917027,0,[0],"[[-0.745290219783783, 0.031867969781160355], [0.13048604130744934, -0.05886872857809067], [-0.1475721299648285, 0.03187497705221176], [-0.2777829170227051, 0.22832608222961426], [-0.17205417156219482, 0.12812532484531403]]",True
early_neutral,4,229,0.9236921026324558,0,[0],"[[-0.7444581985473633, 0.030746083706617355], [0.1386202722787857, -0.061652861535549164], [-0.1411779373884201, 0.03133717179298401], [-0.27086859941482544, 0.22739505767822266], [-0.1671529859304428, 0.12547113001346588]]",False
early_neutral,4,230,0.9233588803732089,0,[0],"[[-0.7442330718040466, 0.03036409802734852], [0.1468660682439804, -0.0642944723367691], [-0.13475391268730164, 0.030661718919873238], [-0.2628559172153473, 0.2258491963148117], [-0.16297133266925812, 0.12278193980455399]]",False
early_neutral,4,231,0.923025658113962,0,[0],"[[-0.7439569234848022, 0.029645705595612526], [0.1552155613899231, -0.06679431349039078], [-0.12848693132400513, 0.030185945332050323], [-0.25473397970199585, 0.22366638481616974], [-0.15876272320747375, 0.12007541954517365]]",False
early_neutral,4,232,0.922692435854715,0,[0],"[[-0.7430760860443115, 0.027483019977808], [0.1637122631072998, -0.06907347589731216], [-0.12392328679561615, 0.031138045713305473], [-0.2509424388408661, 0.22075442969799042], [-0.15493135154247284, 0.117611825466156]]",False
early_neutral,4,233,0.9223592135954681,0,[0],"[[-0.7417388558387756, 0.024407994002103806], [0.1723679006099701, -0.07108347862958908], [-0.1202244758605957, 0.03202425688505173], [-0.2508658766746521, 0.21697436273097992], [-0.15162907540798187, 0.11495991796255112]]",False
early_neutral,4,234,0.9220259913362212,0,[0],"[[-0.7399445176124573, 0.020409846678376198], [0.1811509132385254, -0.07284507900476456], [-0.11826317757368088, 0.03243068978190422], [-0.250314325094223, 0.2123325914144516], [-0.1499011069536209, 0.11314567923545837]]",False
early_neutral,4,235,0.9216927690769744,0,[0],"[[-0.7377212047576904, 0.015547025017440319], [0.1905476301908493, -0.0745159387588501], [-0.11710090935230255, 0.032639194279909134], [-0.2483852505683899, 0.20700159668922424], [-0.15083888173103333, 0.11271107196807861]]",True
early_neutral,4,236,0.9213595468177275,0,[0],"[[-0.7356261014938354, 0.010979624465107918], [0.20082736015319824, -0.07616228610277176], [-0.11671075969934464, 0.032720234245061874], [-0.24575866758823395, 0.20219679176807404], [-0.15439417958259583, 0.11252465844154358]]",True
early_neutral,4,237,0.9210263245584805,0,[0],"[[-0.7350729703903198, 0.009518282487988472], [0.21140246093273163, -0.07774880528450012], [-0.11642536520957947, 0.03277482092380524], [-0.24481137096881866, 0.20049206912517548], [-0.15905749797821045, 0.11135346442461014]]",True
early_neutral,4,238,0.9206931022992336,0,[0],"[[-0.7350489497184753, 0.00940618384629488], [0.22262664139270782, -0.07934542000293732], [-0.11557988077402115, 0.03284056857228279], [-0.2450242042541504, 0.2003159523010254], [-0.16293300688266754, 0.10962696373462677]]",True
early_neutral,4,239,0.9203598800399867,0,[0],"[[-0.7350489497184753, 0.00940618384629488], [0.2344837784767151, -0.08096134662628174], [-0.11593921482563019, 0.03262423351407051], [-0.2481323629617691, 0.19948717951774597], [-0.16331318020820618, 0.10945428162813187]]",True
early_neutral,4,240,0.9200266577807398,0,[0],"[[-0.7350489497184753, 0.00940618384629488], [0.24689742922782898, -0.08253490179777145], [-0.11669743061065674, 0.032327085733413696], [-0.2525019645690918, 0.1981644630432129], [-0.16331318020820618, 0.10945428162813187]]",True
early_neutral,4,241,0.9196934355214929,0,[0],"[[-0.7350489497184753, 0.00940618384629488], [0.2597295641899109, -0.08408277481794357], [-0.11758776009082794, 0.03223242238163948], [-0.25808557868003845, 0.1964724063873291], [-0.16331318020820618, 0.10945428162813187]]",True
early_neutral,4,242,0.9193602132622459,0,[0],"[[-0.7350489497184753, 0.00940618384629488], [0.27274709939956665, -0.08576828241348267], [-0.11846164613962173, 0.03219040855765343], [-0.2640695869922638, 0.19493618607521057], [-0.16331318020820618, 0.10945428162813187]]",False
early_neutral,4,243,0.919026991002999,0,[0],"[[-0.7358555197715759, 0.009353753179311752], [0.28374701738357544, -0.0876084566116333], [-0.119286447763443, 0.032059717923402786], [-0.270149827003479, 0.1934959590435028], [-0.16278891265392303, 0.11078502237796783]]",False
early_neutral,4,244,0.9186937687437521,0,[0],"[[-0.7395088076591492, 0.009074578061699867], [0.29155388474464417, -0.0912061557173729], [-0.12011125683784485, 0.031929027289152145], [-0.2760259211063385, 0.19179868698120117], [-0.162262424826622, 0.1135098785161972]]",False
early_neutral,4,245,0.9183605464845052,0,[0],"[[-0.7445148229598999, 0.00860996451228857], [0.29862475395202637, -0.09544188529253006], [-0.12087420374155045, 0.03180813789367676], [-0.28075364232063293, 0.18971452116966248], [-0.16224552690982819, 0.11714958399534225]]",False
early_neutral,4,246,0.9180273242252582,0,[0],"[[-0.7507676482200623, 0.007984173484146595], [0.30579546093940735, -0.09996794164180756], [-0.1207362487912178, 0.03149363398551941], [-0.28278347849845886, 0.1862703263759613], [-0.16204030811786652, 0.1214609444141388]]",False
early_neutral,4,247,0.9176941019660113,0,[0],"[[-0.7580209970474243, 0.007248701062053442], [0.31345808506011963, -0.10488574951887131], [-0.11795184761285782, 0.030287427827715874], [-0.2845546007156372, 0.18207064270973206], [-0.16143983602523804, 0.12636353075504303]]",False
early_neutral,4,248,0.9173608797067644,0,[0],"[[-0.7657908797264099, 0.0064506507478654385], [0.32118889689445496, -0.10985752940177917], [-0.11371181905269623, 0.02872629649937153], [-0.28350576758384705, 0.17720891535282135], [-0.16040363907814026, 0.13160213828086853]]",False
early_neutral,4,249,0.9170276574475175,0,[0],"[[-0.7745106220245361, 0.005544645711779594], [0.329353392124176, -0.1151183545589447], [-0.10805240273475647, 0.02690204046666622], [-0.28127676248550415, 0.17172354459762573], [-0.15757746994495392, 0.13695093989372253]]",False
early_neutral,4,250,0.9166944351882705,0,[0],"[[-0.7840288877487183, 0.004550548270344734], [0.3379564881324768, -0.12066884338855743], [-0.10100650787353516, 0.02491612732410431], [-0.27859580516815186, 0.16600415110588074], [-0.15206457674503326, 0.14143870770931244]]",False
early_neutral,4,251,0.9163612129290236,0,[0],"[[-0.7943847179412842, 0.0034647127613425255], [0.34693557024002075, -0.1264646351337433], [-0.09275238960981369, 0.022800186648964882], [-0.27528294920921326, 0.16042670607566833], [-0.14612846076488495, 0.1453874260187149]]",False
early_neutral,4,252,0.9160279906697767,0,[0],"[[-0.8033882975578308, 0.0025183814577758312], [0.3560565114021301, -0.13235437870025635], [-0.0837671235203743, 0.02016732282936573], [-0.2712050974369049, 0.15507131814956665], [-0.14346502721309662, 0.14716780185699463]]",False
early_neutral,4,253,0.9156947684105298,0,[0],"[[-0.8121898770332336, 0.0015911427326500416], [0.36509039998054504, -0.13818855583667755], [-0.07429385930299759, 0.01696857251226902], [-0.2660442292690277, 0.15012803673744202], [-0.14320947229862213, 0.1473386287689209]]",False
early_neutral,4,254,0.915361546151283,0,[0],"[[-0.8196524977684021, 0.0008283250499516726], [0.37410956621170044, -0.1440136581659317], [-0.0648687481880188, 0.013489553704857826], [-0.25994253158569336, 0.14565865695476532], [-0.14320947229862213, 0.1473386287689209]]",False
early_neutral,4,255,0.915028323892036,0,[0],"[[-0.822437047958374, 0.0007133081671781838], [0.3829987645149231, -0.14975512027740479], [-0.05513378977775574, 0.00964716449379921], [-0.2537069022655487, 0.14126482605934143], [-0.14320947229862213, 0.1473386287689209]]",False
early_neutral,4,256,0.9146951016327891,0,[0],"[[-0.8226140141487122, 0.000717434159014374], [0.39188799262046814, -0.15549659729003906], [-0.04490647092461586, 0.005643987562507391], [-0.24755577743053436, 0.13682082295417786], [-0.14320947229862213, 0.1473386287689209]]",False
early_neutral,4,257,0.9143618793735422,0,[0],"[[-0.8226140141487122, 0.000717434159014374], [0.40058422088623047, -0.161113440990448], [-0.03319724649190903, 0.003333870554342866], [-0.24157832562923431, 0.13227808475494385], [-0.14320947229862213, 0.1473386287689209]]",False
early_neutral,4,258,0.9140286571142953,0,[0],"[[-0.8226140141487122, 0.000717434159014374], [0.40919145941734314, -0.16667279601097107], [-0.02065907046198845, 0.0022965099196881056], [-0.23588873445987701, 0.1275814026594162], [-0.14302045106887817, 0.14748361706733704]]",False
early_neutral,4,259,0.9136954348550483,0,[0],"[[-0.8226140141487122, 0.000717434159014374], [0.41764673590660095, -0.17213401198387146], [-0.007749147247523069, 0.0012606973759829998], [-0.23047910630702972, 0.12274651229381561], [-0.1409708708524704, 0.14921477437019348]]",False
early_neutral,4,260,0.9133622125958014,0,[0],"[[-0.8226140141487122, 0.000717434159014374], [0.4247063398361206, -0.17670860886573792], [0.005458313040435314, 0.00021047996415290982], [-0.22527018189430237, 0.11781904846429825], [-0.13830454647541046, 0.15182633697986603]]",False
early_neutral,4,261,0.9130289903365545,0,[0],"[[-0.8226140141487122, 0.000717434159014374], [0.43144384026527405, -0.18142998218536377], [0.01888776570558548, -0.0008842084207572043], [-0.22024767100811005, 0.11281026154756546], [-0.13515551388263702, 0.15531575679779053]]",False
early_neutral,4,262,0.9126957680773076,0,[0],"[[-0.8226140141487122, 0.000717434159014374], [0.43755626678466797, -0.18628598749637604], [0.03247596323490143, -0.002066264161840081], [-0.215017169713974, 0.10789327323436737], [-0.13155712187290192, 0.1596456915140152]]",False
early_neutral,4,263,0.9123625458180606,0,[0],"[[-0.8226140141487122, 0.000717434159014374], [0.44209715723991394, -0.18995417654514313], [0.04618186876177788, -0.003326104488223791], [-0.20936524868011475, 0.10317789018154144], [-0.1276903748512268, 0.16476589441299438]]",False
early_neutral,4,264,0.9120293235588137,0,[0],"[[-0.8226140141487122, 0.000717434159014374], [0.4450105130672455, -0.1922890841960907], [0.05997534096240997, -0.004650265444070101], [-0.2032455950975418, 0.09871792793273926], [-0.12391175329685211, 0.17021766304969788]]",False
early_neutral,4,265,0.9116961012995668,0,[0],"[[-0.8226140141487122, 0.000717434159014374], [0.44836336374282837, -0.19462203979492188], [0.07383197546005249, -0.006034929770976305], [-0.19653508067131042, 0.09463398158550262], [-0.12041965126991272, 0.17571856081485748]]",False
early_neutral,4,266,0.9113628790403199,0,[0],"[[-0.8226140141487122, 0.000717434159014374], [0.4517391622066498, -0.1967376470565796], [0.08773451298475266, -0.007471498567610979], [-0.18928807973861694, 0.09095828235149384], [-0.11792809516191483, 0.17989350855350494]]",False
early_neutral,4,267,0.911029656781073,0,[0],"[[-0.8226140141487122, 0.000717434159014374], [0.455368310213089, -0.19920150935649872], [0.10166923701763153, -0.008955898694694042], [-0.18163155019283295, 0.08765185624361038], [-0.11571584641933441, 0.18382477760314941]]",True
early_neutral,4,268,0.910696434521826,0,[0],"[[-0.8226140141487122, 0.000717434159014374], [0.459718257188797, -0.20230363309383392], [0.1156279444694519, -0.010476569645106792], [-0.17362821102142334, 0.0847136601805687], [-0.11359402537345886, 0.18777713179588318]]",True
early_neutral,4,269,0.9103632122625791,0,[0],"[[-0.8226140141487122, 0.000717434159014374], [0.4634825885295868, -0.20490847527980804], [0.12960733473300934, -0.012014130130410194], [-0.16538561880588531, 0.08206811547279358], [-0.11152281612157822, 0.19174085557460785]]",True
early_neutral,4,270,0.9100299900033322,0,[0],"[[-0.8226140141487122, 0.000717434159014374], [0.4673980474472046, -0.20715373754501343], [0.14360158145427704, -0.013566996902227402], [-0.157006174325943, 0.07961136102676392], [-0.109500952064991, 0.19571535289287567]]",True
early_neutral,4,271,0.9096967677440853,0,[0],"[[-0.8226140141487122, 0.000717434159014374], [0.4713220000267029, -0.20896461606025696], [0.15760743618011475, -0.015129686333239079], [-0.1485031247138977, 0.07734138518571854], [-0.10753310471773148, 0.19970129430294037]]",True
early_neutral,4,272,0.9093635454848384,0,[0],"[[-0.8226140141487122, 0.000717434159014374], [0.47564926743507385, -0.21083587408065796], [0.17162175476551056, -0.016700826585292816], [-0.13990089297294617, 0.07523547112941742], [-0.10562077164649963, 0.20369867980480194]]",True
early_neutral,4,273,0.9090303232255915,0,[0],"[[-0.8226140141487122, 0.000717434159014374], [0.4816421568393707, -0.2131386548280716], [0.1856425553560257, -0.018277611583471298], [-0.13120967149734497, 0.0732903704047203], [-0.10365426540374756, 0.20768475532531738]]",True
early_neutral,4,274,0.9086971009663446,0,[0],"[[-0.8226140141487122, 0.000717434159014374], [0.48897430300712585, -0.21584069728851318], [0.1996685415506363, -0.019857753068208694], [-0.12248888611793518, 0.07140152156352997], [-0.10150057077407837, 0.21162965893745422]]",True
early_neutral,4,275,0.9083638787070977,0,[0],"[[-0.8226140141487122, 0.000717434159014374], [0.49723923206329346, -0.21890558302402496], [0.21369785070419312, -0.021442808210849762], [-0.11377015709877014, 0.06950868666172028], [-0.09875383228063583, 0.21532483398914337]]",True
early_neutral,4,276,0.9080306564478507,0,[0],"[[-0.8226140141487122, 0.000717434159014374], [0.5061975717544556, -0.22229069471359253], [0.2277277112007141, -0.02303861454129219], [-0.10505495965480804, 0.06760895252227783], [-0.09420353919267654, 0.218042254447937]]",False
early_neutral,4,277,0.9076974341886038,0,[0],"[[-0.8226140141487122, 0.000717434159014374], [0.5140335559844971, -0.22547245025634766], [0.23876409232616425, -0.025441130623221397], [-0.09634702652692795, 0.06569518893957138], [-0.0890926718711853, 0.22057968378067017]]",False
early_neutral,4,278,0.9073642119293569,0,[0],"[[-0.8226140141487122, 0.000717434159014374], [0.5199713706970215, -0.22790361940860748], [0.2449423372745514, -0.027520151808857918], [-0.08761623501777649, 0.06375830620527267], [-0.08256935328245163, 0.22195512056350708]]",False
early_neutral,4,279,0.90703098967011,0,[0],"[[-0.8226140141487122, 0.000717434159014374], [0.5250319242477417, -0.22997960448265076], [0.2467501014471054, -0.028837362304329872], [-0.07854241877794266, 0.06170523911714554], [-0.0744689404964447, 0.2223377823829651]]",False
early_neutral,4,280,0.906697767410863,0,[0],"[[-0.8226140141487122, 0.000717434159014374], [0.5290827751159668, -0.23214194178581238], [0.2492147833108902, -0.030625294893980026], [-0.06867139786481857, 0.05942406877875328], [-0.06525884568691254, 0.22258660197257996]]",False
early_neutral,4,281,0.9063645451516161,0,[0],"[[-0.8226140141487122, 0.000717434159014374], [0.5311431288719177, -0.23364514112472534], [0.25216031074523926, -0.033418361097574234], [-0.05845481529831886, 0.057083312422037125], [-0.05509979650378227, 0.22265207767486572]]",False
early_neutral,4,282,0.9060313228923692,0,[0],"[[-0.8226140141487122, 0.000717434159014374], [0.5299966931343079, -0.23413139581680298], [0.2549978196620941, -0.037030816078186035], [-0.04784064367413521, 0.05475359782576561], [-0.044141240417957306, 0.2224789559841156]]",False
early_neutral,4,283,0.9056981006331223,0,[0],"[[-0.8226140141487122, 0.000717434159014374], [0.5263909101486206, -0.23467041552066803], [0.25791066884994507, -0.040643807500600815], [-0.03658735379576683, 0.052360899746418], [-0.03246805816888809, 0.22204898297786713]]",False
early_neutral,4,284,0.9053648783738754,0,[0],"[[-0.8226140141487122, 0.000717434159014374], [0.5212805271148682, -0.2352151870727539], [0.26094022393226624, -0.044275913387537], [-0.024803102016448975, 0.04984356090426445], [-0.02024911344051361, 0.2211770862340927]]",False
early_neutral,4,285,0.9050316561146284,0,[0],"[[-0.8226140141487122, 0.000717434159014374], [0.5147684812545776, -0.23590297996997833], [0.26282036304473877, -0.04699764400720596], [-0.01260719820857048, 0.04720667377114296], [-0.00947635993361473, 0.22007551789283752]]",False
early_neutral,4,286,0.9046984338553815,0,[0],"[[-0.8226140141487122, 0.000717434159014374], [0.5072145462036133, -0.23669123649597168], [0.2630266845226288, -0.048090338706970215], [-0.00010074718738906085, 0.044460613280534744], [-0.0005311036948114634, 0.21870557963848114]]",False
early_neutral,4,287,0.9043652115961346,0,[0],"[[-0.8226140141487122, 0.000717434159014374], [0.49858009815216064, -0.23757942020893097], [0.2633344829082489, -0.048491258174180984], [0.01262544747442007, 0.04159453883767128], [0.007609241176396608, 0.21712607145309448]]",False
early_neutral,4,288,0.9040319893368877,0,[0],"[[-0.8226140141487122, 0.000717434159014374], [0.4894334673881531, -0.23848289251327515], [0.2651880085468292, -0.05018717423081398], [0.02551332302391529, 0.038625869899988174], [0.013568956404924393, 0.21555238962173462]]",False
early_neutral,4,289,0.9036987670776407,0,[0],"[[-0.8226140141487122, 0.000717434159014374], [0.4799533188343048, -0.23919989168643951], [0.2672581672668457, -0.05258479341864586], [0.03851325064897537, 0.03556002676486969], [0.019245199859142303, 0.21365824341773987]]",False
early_neutral,4,290,0.9033655448183938,0,[0],"[[-0.8226140141487122, 0.000717434159014374], [0.4695463180541992, -0.23973198235034943], [0.26971855759620667, -0.05563162639737129], [0.05158977210521698, 0.0324065163731575], [0.021588146686553955, 0.21282145380973816]]",False
early_neutral,4,291,0.903032322559147,0,[0],"[[-0.8226140141487122, 0.000717434159014374], [0.45900818705558777, -0.23971116542816162], [0.2721441686153412, -0.05941208451986313], [0.06472276151180267, 0.029184935614466667], [0.021588146686553955, 0.21282145380973816]]",False
early_neutral,4,292,0.9026991002999001,0,[0],"[[-0.8226140141487122, 0.000717434159014374], [0.44802868366241455, -0.2388729453086853], [0.27398601174354553, -0.06368913501501083], [0.07789330184459686, 0.025903768837451935], [0.021588146686553955, 0.21282145380973816]]",False
early_neutral,4,293,0.9023658780406532,0,[0],"[[-0.8226140141487122, 0.000717434159014374], [0.4365762174129486, -0.23728013038635254], [0.27358755469322205, -0.06779678910970688], [0.09107482433319092, 0.022549156099557877], [0.021588146686553955, 0.21282145380973816]]",True
early_neutral,4,294,0.9020326557814062,0,[0],"[[-0.8226140141487122, 0.000717434159014374], [0.42555734515190125, -0.2340058535337448], [0.27513062953948975, -0.07030801475048065], [0.10424162447452545, 0.019102564081549644], [0.021588146686553955, 0.21282145380973816]]",True
early_neutral,4,295,0.9016994335221593,0,[0],"[[-0.8226140141487122, 0.000717434159014374], [0.41546526551246643, -0.2291618287563324], [0.2754836976528168, -0.07088259607553482], [0.11737161129713058, 0.015547924675047398], [0.021588146686553955, 0.21282145380973816]]",True
early_neutral,4,296,0.9013662112629124,0,[0],"[[-0.8226140141487122, 0.000717434159014374], [0.40448084473609924, -0.22517678141593933], [0.2754940092563629, -0.07149932533502579], [0.1303950697183609, 0.011796110309660435], [0.021588146686553955, 0.21282145380973816]]",True
early_neutral,4,297,0.9010329890036655,0,[0],"[[-0.8226140141487122, 0.000717434159014374], [0.39220672845840454, -0.2235061675310135], [0.27551084756851196, -0.07250981777906418], [0.14326786994934082, 0.007847897708415985], [0.021588146686553955, 0.21282145380973816]]",True
early_neutral,4,298,0.9006997667444185,0,[0],"[[-0.8226140141487122, 0.000717434159014374], [0.38049671053886414, -0.2225242704153061], [0.27547016739845276, -0.07338143140077591], [0.15415969491004944, 0.0044461823999881744], [0.021588146686553955, 0.21282145380973816]]",True
early_neutral,4,299,0.9003665444851716,0,[0],"[[-0.8226140141487122, 0.000717434159014374], [0.3733394145965576, -0.22192485630512238], [0.2752764821052551, -0.0742504745721817], [0.16102206707000732, 0.0023809566628187895], [0.021588146686553955, 0.21282145380973816]]",True
early_neutral,4,300,0.9000333222259247,0,[0],"[[-0.8226140141487122, 0.000717434159014374], [0.37223780155181885, -0.2216237187385559], [0.2754772901535034, -0.07414952665567398], [0.16549918055534363, 0.0011425779666751623], [0.021588146686553955, 0.21282145380973816]]",True
early_neutral,4,301,0.8997000999666778,0,[0],"[[-0.8226140141487122, 0.000717434159014374], [0.37537696957588196, -0.22031934559345245], [0.2778607904911041, -0.07498031854629517], [0.1664838045835495, 0.0009774132631719112], [0.021588146686553955, 0.21282145380973816]]",True
early_neutral,4,302,0.8993668777074308,0,[0],"[[-0.8226140141487122, 0.000717434159014374], [0.3800414800643921, -0.21883203089237213], [0.2822650969028473, -0.0755285695195198], [0.1664838045835495, 0.0009774132631719112], [0.021588146686553955, 0.21282145380973816]]",True
early_neutral,4,303,0.8990336554481839,0,[0],"[[-0.8226140141487122, 0.000717434159014374], [0.38604721426963806, -0.21704506874084473], [0.2877720892429352, -0.07590564340353012], [0.1664838045835495, 0.0009774132631719112], [0.021588146686553955, 0.21282145380973816]]",True
early_neutral,4,304,0.898700433188937,0,[0],"[[-0.8226140141487122, 0.000717434159014374], [0.3930431306362152, -0.21461272239685059], [0.29498493671417236, -0.07618734240531921], [0.1664838045835495, 0.0009774132631719112], [0.020176226273179054, 0.2129809409379959]]",True
early_neutral,4,305,0.8983672109296901,0,[0],"[[-0.8226140141487122, 0.000717434159014374], [0.4006522297859192, -0.21147780120372772], [0.3033415377140045, -0.0764092355966568], [0.1664838045835495, 0.0009774132631719112], [0.016238965094089508, 0.21313628554344177]]",True
early_neutral,4,306,0.8980339886704432,0,[0],"[[-0.8226140141487122, 0.000717434159014374], [0.40829017758369446, -0.20765124261379242], [0.31264975666999817, -0.07619157433509827], [0.1664838045835495, 0.0009774132631719112], [0.011367112398147583, 0.21290427446365356]]",True
early_neutral,4,307,0.8977007664111962,0,[0],"[[-0.8226140141487122, 0.000717434159014374], [0.4161040186882019, -0.20306336879730225], [0.32140618562698364, -0.07529900968074799], [0.16659408807754517, 0.00045497622340917587], [0.010405609384179115, 0.2128424048423767]]",True
early_neutral,4,308,0.8973675441519493,0,[0],"[[-0.8226140141487122, 0.000717434159014374], [0.4240872263908386, -0.1983153223991394], [0.328546404838562, -0.07364826649427414], [0.16740261018276215, -0.0019162718672305346], [0.010405609384179115, 0.2128424048423767]]",True
early_neutral,4,309,0.8970343218927024,0,[0],"[[-0.8226140141487122, 0.000717434159014374], [0.4326263666152954, -0.1933797150850296], [0.33388620615005493, -0.07106179744005203], [0.16911059617996216, -0.005117802415043116], [0.008312270976603031, 0.21302814781665802]]",True
early_neutral,4,310,0.8967010996334556,0,[0],"[[-0.8226140141487122, 0.000717434159014374], [0.44177162647247314, -0.18827174603939056], [0.3393368124961853, -0.06746087968349457], [0.17168442904949188, -0.009113630279898643], [0.004098399542272091, 0.21321304142475128]]",True
early_neutral,4,311,0.8963678773742086,0,[0],"[[-0.8226140141487122, 0.000717434159014374], [0.45172008872032166, -0.18325002491474152], [0.34545499086380005, -0.0631055161356926], [0.1750246286392212, -0.013843639753758907], [-0.0004126217681914568, 0.21321338415145874]]",True
early_neutral,4,312,0.8960346551149617,0,[0],"[[-0.8226140141487122, 0.000717434159014374], [0.46239808201789856, -0.17847134172916412], [0.35197848081588745, -0.05889233201742172], [0.17852409183979034, -0.01847800239920616], [-0.0008024689159356058, 0.21321147680282593]]",True
early_neutral,4,313,0.8957014328557148,0,[0],"[[-0.8226140141487122, 0.000717434159014374], [0.47351253032684326, -0.17374014854431152], [0.35860782861709595, -0.054624732583761215], [0.17982430756092072, -0.02019471861422062], [-0.0008338650804944336, 0.21321378648281097]]",True
early_neutral,4,314,0.8953682105964679,0,[0],"[[-0.8226140141487122, 0.000717434159014374], [0.48500263690948486, -0.16907446086406708], [0.3653201758861542, -0.05039450526237488], [0.17977643013000488, -0.02012704126536846], [-0.0035943537950515747, 0.21356745064258575]]",True
early_neutral,4,315,0.895034988337221,0,[1],"[[-0.8226140141487122, 0.000717434159014374], [0.4967345595359802, -0.16443471610546112], [0.37199756503105164, -0.046081531792879105], [0.17839843034744263, -0.018143465742468834], [-0.007868348620831966, 0.21447108685970306]]",True
early_neutral,4,316,0.894701766077974,0,[1],"[[-0.8226140141487122, 0.000717434159014374], [0.5086819529533386, -0.15983107686042786], [0.37862446904182434, -0.041728027164936066], [0.17658190429210663, -0.015274404548108578], [-0.011370301246643066, 0.2154737263917923]]",True
early_neutral,4,317,0.8943685438187271,0,[0],"[[-0.8226140141487122, 0.000717434159014374], [0.5207884311676025, -0.15525975823402405], [0.3857990801334381, -0.03711775317788124], [0.1745804101228714, -0.011491130106151104], [-0.011429359205067158, 0.21549130976200104]]",True
early_neutral,4,318,0.8940353215594802,0,[0],"[[-0.8226140141487122, 0.000717434159014374], [0.5330410599708557, -0.15074045956134796], [0.393220454454422, -0.03235644847154617], [0.17290985584259033, -0.006734516471624374], [-0.011616421863436699, 0.21563735604286194]]",True
early_neutral,4,319,0.8937020993002333,0,[0],"[[-0.8226140141487122, 0.000717434159014374], [0.5454320907592773, -0.14629025757312775], [0.40116074681282043, -0.02728421986103058], [0.17197903990745544, -0.0011068035382777452], [-0.013569200411438942, 0.2173936665058136]]",True
early_neutral,4,320,0.8933688770409863,0,[0],"[[-0.8226140141487122, 0.000717434159014374], [0.5579165816307068, -0.14188700914382935], [0.4095795154571533, -0.021916167810559273], [0.1719174087047577, 0.005102713592350483], [-0.015939919278025627, 0.22005172073841095]]",True
early_neutral,4,321,0.8930356547817394,0,[0],"[[-0.8226140141487122, 0.000717434159014374], [0.5705037713050842, -0.1375686079263687], [0.4184423089027405, -0.01622033677995205], [0.17277202010154724, 0.011840058490633965], [-0.017204346135258675, 0.22183148562908173]]",True
early_neutral,4,322,0.8927024325224925,0,[0],"[[-0.8226140141487122, 0.000717434159014374], [0.5829293727874756, -0.13340699672698975], [0.4269790053367615, -0.010699781589210033], [0.17441684007644653, 0.01779099740087986], [-0.017320148646831512, 0.22205010056495667]]",True
early_neutral,4,323,0.8923692102632456,0,[0],"[[-0.8226140141487122, 0.000717434159014374], [0.5952589511871338, -0.12941011786460876], [0.4347217381000519, -0.005635097157210112], [0.17709942162036896, 0.02350803278386593], [-0.016837861388921738, 0.22247369587421417]]",True
early_neutral,4,324,0.8920359880039986,0,[0],"[[-0.8226140141487122, 0.000717434159014374], [0.6070586442947388, -0.12568795680999756], [0.44036510586738586, -0.0009075721609406173], [0.18000969290733337, 0.028316065669059753], [-0.014963117428123951, 0.22453996539115906]]",False
early_neutral,4,325,0.8917027657447517,0,[0],"[[-0.8226140141487122, 0.000717434159014374], [0.6155408620834351, -0.12278372794389725], [0.44438469409942627, 0.0031339048873633146], [0.18225741386413574, 0.032238785177469254], [-0.013064040802419186, 0.2275630086660385]]",False
early_neutral,4,326,0.8913695434855048,0,[0],"[[-0.8226140141487122, 0.000717434159014374], [0.6226929426193237, -0.11977333575487137], [0.44794097542762756, 0.006535253021866083], [0.1841958612203598, 0.03615497425198555], [-0.012453694827854633, 0.22869379818439484]]",False
early_neutral,4,327,0.8910363212262579,0,[0],"[[-0.8226140141487122, 0.000717434159014374], [0.6281946897506714, -0.11761043965816498], [0.45037010312080383, 0.008858617395162582], [0.18255272507667542, 0.03900548815727234], [-0.012453694827854633, 0.22869379818439484]]",False
early_neutral,4,328,0.8907030989670109,0,[0],"[[-0.8226140141487122, 0.000717434159014374], [0.6308228969573975, -0.11619097739458084], [0.4508686065673828, 0.009335437789559364], [0.17759768664836884, 0.04107164591550827], [-0.01172733400017023, 0.22925347089767456]]",False
early_neutral,4,329,0.8903698767077641,0,[0],"[[-0.8226140141487122, 0.000717434159014374], [0.6334467530250549, -0.11412465572357178], [0.4503088891506195, 0.008771059103310108], [0.17120131850242615, 0.04313100501894951], [-0.009406587108969688, 0.23078475892543793]]",False
early_neutral,4,330,0.8900366544485172,0,[0],"[[-0.8226140141487122, 0.000717434159014374], [0.6366541981697083, -0.11207772046327591], [0.4483186900615692, 0.006766277831047773], [0.163494274020195, 0.04532697796821594], [-0.00579836405813694, 0.23275887966156006]]",False
early_neutral,4,331,0.8897034321892703,0,[0],"[[-0.8226140141487122, 0.000717434159014374], [0.6409810781478882, -0.10956360399723053], [0.4455767273902893, 0.003996719140559435], [0.15561752021312714, 0.047370437532663345], [-0.001023367396555841, 0.23495163023471832]]",False
early_neutral,4,332,0.8893702099300234,0,[0],"[[-0.8226140141487122, 0.000717434159014374], [0.6464069485664368, -0.10648379474878311], [0.442227303981781, 0.0003962739137932658], [0.1498623490333557, 0.0492389015853405], [0.004243680741637945, 0.23697946965694427]]",False
early_neutral,4,333,0.8890369876707764,0,[0],"[[-0.8226140141487122, 0.000717434159014374], [0.6528904438018799, -0.10303422063589096], [0.43853041529655457, -0.004053514450788498], [0.14440369606018066, 0.05141376331448555], [0.010019199922680855, 0.2388218194246292]]",False
early_neutral,4,334,0.8887037654115295,0,[0],"[[-0.8226140141487122, 0.000717434159014374], [0.6604997515678406, -0.0995500460267067], [0.43446895480155945, -0.009221900254487991], [0.1414548009634018, 0.052469681948423386], [0.015989532694220543, 0.2395382970571518]]",False
early_neutral,4,335,0.8883705431522826,0,[0],"[[-0.8226140141487122, 0.000717434159014374], [0.6691522002220154, -0.09639832377433777], [0.4298361837863922, -0.014915358275175095], [0.14084187150001526, 0.05261779949069023], [0.022259831428527832, 0.23928391933441162]]",False
early_neutral,4,336,0.8880373208930357,0,[0],"[[-0.8226140141487122, 0.000717434159014374], [0.678011417388916, -0.09351366013288498], [0.4247470796108246, -0.020978648215532303], [0.1424810141324997, 0.0525013692677021], [0.028683679178357124, 0.23905600607395172]]",False
early_neutral,4,337,0.8877040986337887,0,[0],"[[-0.8226140141487122, 0.000717434159014374], [0.6869219541549683, -0.0909472331404686], [0.41932809352874756, -0.02712617628276348], [0.14686107635498047, 0.05226276069879532], [0.035092610865831375, 0.23869265615940094]]",False
early_neutral,4,338,0.8873708763745418,0,[0],"[[-0.8226140141487122, 0.000717434159014374], [0.6955428123474121, -0.08900435268878937], [0.4133945405483246, -0.0335669070482254], [0.15276603400707245, 0.05208371952176094], [0.04148142412304878, 0.23812870681285858]]",False
early_neutral,4,339,0.8870376541152949,0,[0],"[[-0.8226140141487122, 0.000717434159014374], [0.7046307325363159, -0.08814235776662827], [0.40695512294769287, -0.0402587354183197], [0.16007891297340393, 0.05186053737998009], [0.04868970811367035, 0.23730513453483582]]",False
early_neutral,4,340,0.886704431856048,0,[0],"[[-0.8226140141487122, 0.000717434159014374], [0.71381676197052, -0.08798248320817947], [0.3998589813709259, -0.047054268419742584], [0.16864140331745148, 0.05147334933280945], [0.05706291273236275, 0.23613829910755157]]",False
early_neutral,4,341,0.886371209596801,0,[1],"[[-0.8226140141487122, 0.000717434159014374], [0.7230076193809509, -0.08793468028306961], [0.3920450508594513, -0.05382145568728447], [0.17779764533042908, 0.050952695310115814], [0.06599396467208862, 0.2347271591424942]]",False
early_neutral,4,342,0.8860379873375541,0,[0],"[[-0.8226140141487122, 0.000717434159014374], [0.7321987152099609, -0.08791952580213547], [0.3828963339328766, -0.06010095030069351], [0.18694770336151123, 0.05038782209157944], [0.07491577416658401, 0.23328982293605804]]",False
early_neutral,4,343,0.8857047650783072,0,[0],"[[-0.8226140141487122, 0.000717434159014374], [0.7413899302482605, -0.08791708201169968], [0.3724116086959839, -0.06566420197486877], [0.19582095742225647, 0.049802083522081375], [0.08383059501647949, 0.23183423280715942]]",False
early_neutral,4,344,0.8853715428190603,0,[0],"[[-0.8226140141487122, 0.000717434159014374], [0.7505810856819153, -0.08791595697402954], [0.3608005940914154, -0.07039258629083633], [0.2023458480834961, 0.049365267157554626], [0.09274847060441971, 0.2303866147994995]]",False
early_neutral,4,345,0.8850383205598134,0,[0],"[[-0.8226140141487122, 0.000717434159014374], [0.7586621046066284, -0.08791577816009521], [0.3481411635875702, -0.07401884347200394], [0.20874597132205963, 0.048937324434518814], [0.10167229920625687, 0.22895456850528717]]",False
early_neutral,4,346,0.8847050983005664,0,[0],"[[-0.8226140141487122, 0.000717434159014374], [0.7615820169448853, -0.08791571855545044], [0.33474940061569214, -0.07651538401842117], [0.21525807678699493, 0.049760568886995316], [0.1107107549905777, 0.22746127843856812]]",False
early_neutral,4,347,0.8843718760413196,0,[0],"[[-0.8226140141487122, 0.000717434159014374], [0.761569082736969, -0.08814486861228943], [0.3208637237548828, -0.0777130275964737], [0.22190025448799133, 0.05254561826586723], [0.11972358822822571, 0.22585628926753998]]",False
early_neutral,4,348,0.8840386537820727,0,[0],"[[-0.8226140141487122, 0.000717434159014374], [0.7594598531723022, -0.08959537744522095], [0.30679380893707275, -0.0776955634355545], [0.22813259065151215, 0.056008078157901764], [0.12871162593364716, 0.2241935431957245]]",False
early_neutral,4,349,0.8837054315228258,0,[0],"[[-0.8226140141487122, 0.000717434159014374], [0.7554805278778076, -0.0912598967552185], [0.29272857308387756, -0.07691291719675064], [0.2311638593673706, 0.05964985862374306], [0.13777923583984375, 0.2227262258529663]]",False
early_neutral,4,350,0.8833722092635788,0,[0],"[[-0.8226140141487122, 0.000717434159014374], [0.7499766945838928, -0.09293387085199356], [0.27879053354263306, -0.07543754577636719], [0.23262561857700348, 0.06372203677892685], [0.14688389003276825, 0.22149232029914856]]",False
early_neutral,4,351,0.8830389870043319,0,[0],"[[-0.8226140141487122, 0.000717434159014374], [0.7432023882865906, -0.09475139528512955], [0.26706793904304504, -0.07388294488191605], [0.23145724833011627, 0.06671563535928726], [0.15285445749759674, 0.22066202759742737]]",False
early_neutral,4,352,0.882705764745085,0,[0],"[[-0.8226140141487122, 0.000717434159014374], [0.7352110147476196, -0.0968402847647667], [0.25992047786712646, -0.07241091877222061], [0.22689838707447052, 0.06858432292938232], [0.15412437915802002, 0.22032317519187927]]",False
early_neutral,4,353,0.8823725424858381,0,[0],"[[-0.8226140141487122, 0.000717434159014374], [0.7263376712799072, -0.09910964220762253], [0.254104346036911, -0.07062175124883652], [0.22113393247127533, 0.070452980697155], [0.1541440635919571, 0.22031576931476593]]",False
early_neutral,4,354,0.8820393202265912,0,[0],"[[-0.8226140141487122, 0.000717434159014374], [0.716624915599823, -0.10156705975532532], [0.24838842451572418, -0.06870036572217941], [0.2148473560810089, 0.07212173193693161], [0.1541440635919571, 0.22031576931476593]]",False
early_neutral,4,355,0.8817060979673442,0,[0],"[[-0.8226140141487122, 0.000717434159014374], [0.7061723470687866, -0.10418453067541122], [0.24273650348186493, -0.0666714757680893], [0.20756632089614868, 0.07363034784793854], [0.1541440635919571, 0.22031576931476593]]",False
early_neutral,4,356,0.8813728757080973,0,[0],"[[-0.8226140141487122, 0.000717434159014374], [0.6950452327728271, -0.10693741589784622], [0.2368735671043396, -0.06477919220924377], [0.199447900056839, 0.07486434280872345], [0.1541440635919571, 0.22031576931476593]]",False
early_neutral,4,357,0.8810396534488504,0,[0],"[[-0.8226140141487122, 0.000717434159014374], [0.6833486557006836, -0.10977104306221008], [0.2300347089767456, -0.06291663646697998], [0.1903826743364334, 0.0760631263256073], [0.1541440635919571, 0.22031576931476593]]",False
early_neutral,4,358,0.8807064311896035,0,[0],"[[-0.8226140141487122, 0.000717434159014374], [0.6711992025375366, -0.11265364289283752], [0.22253760695457458, -0.06123268976807594], [0.18048743903636932, 0.07736189663410187], [0.1541440635919571, 0.22031576931476593]]",False
early_neutral,4,359,0.8803732089303565,0,[0],"[[-0.8226140141487122, 0.000717434159014374], [0.6586730480194092, -0.11552617698907852], [0.2139388471841812, -0.05960249900817871], [0.17000341415405273, 0.07874966412782669], [0.1541440635919571, 0.22031576931476593]]",False
early_neutral,4,360,0.8800399866711096,0,[0],"[[-0.8226140141487122, 0.000717434159014374], [0.6458543539047241, -0.1183832511305809], [0.2050844430923462, -0.057998452335596085], [0.1591915488243103, 0.08023984730243683], [0.1541440635919571, 0.22031576931476593]]",False
early_neutral,4,361,0.8797067644118627,0,[0],"[[-0.8226140141487122, 0.000717434159014374], [0.6328717470169067, -0.12133999913930893], [0.19614237546920776, -0.05645753815770149], [0.1477544903755188, 0.08187031745910645], [0.1541440635919571, 0.22031576931476593]]",False
early_neutral,4,362,0.8793735421526158,0,[0],"[[-0.8226140141487122, 0.000717434159014374], [0.6197848320007324, -0.12440883368253708], [0.18640857934951782, -0.05500556901097298], [0.13575918972492218, 0.08361609280109406], [0.15417489409446716, 0.22032029926776886]]",False
early_neutral,4,363,0.8790403198933688,0,[0],"[[-0.8226140141487122, 0.000717434159014374], [0.6065889000892639, -0.12750762701034546], [0.17579956352710724, -0.05370289459824562], [0.12332052737474442, 0.08547987043857574], [0.15697476267814636, 0.22062775492668152]]",False
early_neutral,4,364,0.8787070976341219,0,[0],"[[-0.8226140141487122, 0.000717434159014374], [0.5932874083518982, -0.13058722019195557], [0.1644386500120163, -0.052487947046756744], [0.11054403334856033, 0.08745308220386505], [0.16158431768417358, 0.220883309841156]]",False
early_neutral,4,365,0.878373875374875,0,[0],"[[-0.8226140141487122, 0.000717434159014374], [0.5798900723457336, -0.1336212009191513], [0.15245592594146729, -0.05123137682676315], [0.09752830117940903, 0.08956541866064072], [0.16766759753227234, 0.22094577550888062]]",False
early_neutral,4,366,0.8780406531156282,0,[0],"[[-0.8226140141487122, 0.000717434159014374], [0.5663848519325256, -0.13655158877372742], [0.13998354971408844, -0.04994027316570282], [0.08434150367975235, 0.09181194007396698], [0.1751498579978943, 0.22098308801651]]",False
early_neutral,4,367,0.8777074308563813,0,[0],"[[-0.8226140141487122, 0.000717434159014374], [0.5527837872505188, -0.13937096297740936], [0.12716028094291687, -0.04850168153643608], [0.07105246931314468, 0.0942242369055748], [0.18381941318511963, 0.2208864390850067]]",False
early_neutral,4,368,0.8773742085971343,0,[0],"[[-0.8226140141487122, 0.000717434159014374], [0.5390912890434265, -0.14206154644489288], [0.11408904939889908, -0.04687250405550003], [0.057735830545425415, 0.09679944813251495], [0.19174444675445557, 0.21885322034358978]]",False
early_neutral,4,369,0.8770409863378874,0,[0],"[[-0.8226140141487122, 0.000717434159014374], [0.5253150463104248, -0.1446165293455124], [0.10081390291452408, -0.045149680227041245], [0.04653359204530716, 0.09901873767375946], [0.19853098690509796, 0.2149505913257599]]",False
early_neutral,4,370,0.8767077640786405,0,[0],"[[-0.8226140141487122, 0.000717434159014374], [0.5114538073539734, -0.147009938955307], [0.0873744785785675, -0.043384529650211334], [0.03774656355381012, 0.1007867231965065], [0.20504677295684814, 0.2107323706150055]]",False
early_neutral,4,371,0.8763745418193936,0,[0],"[[-0.8226140141487122, 0.000717434159014374], [0.49750468134880066, -0.1492103934288025], [0.07381269335746765, -0.041578762233257294], [0.03018758073449135, 0.10237173736095428], [0.21155445277690887, 0.2065088152885437]]",False
early_neutral,4,372,0.8760413195601466,0,[0],"[[-0.8226140141487122, 0.000717434159014374], [0.4834801256656647, -0.1512255221605301], [0.060164254158735275, -0.039722949266433716], [0.024198243394494057, 0.10389930009841919], [0.21805521845817566, 0.20228075981140137]]",False
early_neutral,4,373,0.8757080973008997,0,[0],"[[-0.8226140141487122, 0.000717434159014374], [0.4694027304649353, -0.15310095250606537], [0.046463221311569214, -0.037791162729263306], [0.018638087436556816, 0.10554717481136322], [0.2245548516511917, 0.19805198907852173]]",False
early_neutral,4,374,0.8753748750416528,0,[0],"[[-0.8226140141487122, 0.000717434159014374], [0.45527955889701843, -0.15484264492988586], [0.03286232799291611, -0.035434626042842865], [0.01714426279067993, 0.10601333528757095], [0.2310541570186615, 0.19382299482822418]]",False
early_neutral,4,375,0.8750416527824059,0,[0],"[[-0.8226140141487122, 0.000717434159014374], [0.4411233067512512, -0.15648159384727478], [0.01945381797850132, -0.03255857899785042], [0.015978343784809113, 0.10654625296592712], [0.23755338788032532, 0.18959392607212067]]",False
early_neutral,4,376,0.8747084305231589,0,[0],"[[-0.8226140141487122, 0.000717434159014374], [0.426941454410553, -0.15803544223308563], [0.006108365952968597, -0.029493076726794243], [0.012459092773497105, 0.10788765549659729], [0.24405254423618317, 0.18536482751369476]]",False
early_neutral,4,377,0.874375208263912,0,[0],"[[-0.8226140141487122, 0.000717434159014374], [0.4127313494682312, -0.15948480367660522], [-0.007372222375124693, -0.026636779308319092], [0.007905546575784683, 0.1092514917254448], [0.25055167078971863, 0.18113572895526886]]",False
early_neutral,4,378,0.8740419860046651,0,[0],"[[-0.8226140141487122, 0.000717434159014374], [0.3984849452972412, -0.16078224778175354], [-0.020980149507522583, -0.024006370455026627], [0.00693883839994669, 0.10951828211545944], [0.2562658190727234, 0.17741744220256805]]",False
early_neutral,4,379,0.8737087637454182,0,[0],"[[-0.8226140141487122, 0.000717434159014374], [0.3842063546180725, -0.16192632913589478], [-0.03472885489463806, -0.021670803427696228], [0.005541131366044283, 0.10945997387170792], [0.25836047530174255, 0.17605440318584442]]",False
early_neutral,4,380,0.8733755414861712,0,[0],"[[-0.8226140141487122, 0.000717434159014374], [0.3699018359184265, -0.16292916238307953], [-0.04857470095157623, -0.0196435134857893], [0.0016059436602517962, 0.10935620218515396], [0.25836819410324097, 0.17604097723960876]]",False
early_neutral,4,381,0.8730423192269243,0,[0],"[[-0.8234217762947083, 0.0006733241607435048], [0.3555753231048584, -0.16379407048225403], [-0.06036782264709473, -0.01808004640042782], [-0.003633882850408554, 0.10932374745607376], [0.2561297118663788, 0.17712654173374176]]",False
early_neutral,4,382,0.8727090969676774,0,[0],"[[-0.8270936012268066, 0.0005355239263735712], [0.34123164415359497, -0.16453389823436737], [-0.0695023238658905, -0.017191197723150253], [-0.010047988966107368, 0.10931359231472015], [0.2525291442871094, 0.17844848334789276]]",False
early_neutral,4,383,0.8723758747084305,0,[0],"[[-0.8321486711502075, 0.0004687360778916627], [0.3268752694129944, -0.165164515376091], [-0.07739785313606262, -0.01663377694785595], [-0.017467498779296875, 0.1093059778213501], [0.24743936955928802, 0.17995406687259674]]",False
early_neutral,4,384,0.8720426524491836,0,[0],"[[-0.8384748697280884, 0.0004506096011027694], [0.31250888109207153, -0.1656922847032547], [-0.08382798731327057, -0.016523994505405426], [-0.02540287747979164, 0.10930224508047104], [0.24096588790416718, 0.1817435771226883]]",False
early_neutral,4,385,0.8717094301899367,0,[0],"[[-0.8458156585693359, 0.00043972008279524744], [0.2981365919113159, -0.16614983975887299], [-0.0903330147266388, -0.016722433269023895], [-0.03436221927404404, 0.10930168628692627], [0.23322296142578125, 0.18373778462409973]]",False
early_neutral,4,386,0.8713762079306898,0,[0],"[[-0.8536816835403442, 0.0004389007808640599], [0.2837595045566559, -0.16654199361801147], [-0.09783781319856644, -0.017211485654115677], [-0.04355339705944061, 0.10930143296718597], [0.22442056238651276, 0.1858970820903778]]",False
early_neutral,4,387,0.8710429856714429,0,[0],"[[-0.8625229001045227, 0.0004437849565874785], [0.2693800926208496, -0.16689762473106384], [-0.10646279901266098, -0.018063385039567947], [-0.05274457111954689, 0.10930138826370239], [0.2147105187177658, 0.18817105889320374]]",False
early_neutral,4,388,0.870709763412196,0,[0],"[[-0.8717139959335327, 0.00042253159335814416], [0.25499942898750305, -0.16723336279392242], [-0.11373598873615265, -0.018914664164185524], [-0.061935748904943466, 0.10930138826370239], [0.20452426373958588, 0.1904168426990509]]",False
early_neutral,4,389,0.870376541152949,0,[0],"[[-0.8809048533439636, 0.0003706967690959573], [0.24061767756938934, -0.1675506979227066], [-0.12006684392690659, -0.01966068707406521], [-0.07112692296504974, 0.10930138826370239], [0.19384367763996124, 0.19260823726654053]]",False
early_neutral,4,390,0.8700433188937021,0,[0],"[[-0.8900953531265259, 0.00030082627199590206], [0.22623510658740997, -0.16785341501235962], [-0.12638963758945465, -0.020434509962797165], [-0.08031809329986572, 0.10930138826370239], [0.18249736726284027, 0.19479914009571075]]",False
early_neutral,4,391,0.8697100966344552,0,[0],"[[-0.8992857336997986, 0.00022008491214364767], [0.2118518054485321, -0.1681421995162964], [-0.13266634941101074, -0.021352898329496384], [-0.0895092785358429, 0.10930138826370239], [0.17054425179958344, 0.19694223999977112]]",False
early_neutral,4,392,0.8693768743752083,0,[0],"[[-0.9084758162498474, 0.00012890947982668877], [0.197468101978302, -0.1684235781431198], [-0.13939647376537323, -0.02263442985713482], [-0.09870044142007828, 0.10930138826370239], [0.15806671977043152, 0.1989317387342453]]",False
early_neutral,4,393,0.8690436521159614,0,[0],"[[-0.9176657199859619, 2.837552710843738e-05], [0.18308411538600922, -0.16869941353797913], [-0.1470237523317337, -0.024633074179291725], [-0.10789161920547485, 0.10930138826370239], [0.14518165588378906, 0.20077887177467346]]",False
early_neutral,4,394,0.8687104298567144,0,[0],"[[-0.9268555045127869, -7.544864638475701e-05], [0.16870079934597015, -0.16898739337921143], [-0.155178964138031, -0.02732681669294834], [-0.11708279699087143, 0.10930138826370239], [0.1319526731967926, 0.20239993929862976]]",False
early_neutral,4,395,0.8683772075974675,0,[0],"[[-0.9360464215278625, -0.00010930108692264184], [0.1543191373348236, -0.16930918395519257], [-0.16364836692810059, -0.03026188537478447], [-0.126273974776268, 0.10930138826370239], [0.11845851689577103, 0.20380742847919464]]",False
early_neutral,4,396,0.8680439853382206,0,[0],"[[-0.9452371001243591, -5.21027141076047e-05], [0.13993924856185913, -0.16966375708580017], [-0.17279452085494995, -0.03350803256034851], [-0.13546514511108398, 0.10930138826370239], [0.10475685447454453, 0.20499271154403687]]",False
early_neutral,4,397,0.8677107630789737,0,[1],"[[-0.9544262290000916, 7.330066000577062e-05], [0.1255609691143036, -0.1700456589460373], [-0.18008553981781006, -0.03561576455831528], [-0.14493128657341003, 0.10930138826370239], [0.09089469164609909, 0.20595377683639526]]",False
early_neutral,4,398,0.8673775408197267,0,[1],"[[-0.9636138677597046, 0.00023898969811853021], [0.11118442565202713, -0.1704542338848114], [-0.18682120740413666, -0.03622995316982269], [-0.15527421236038208, 0.10930138826370239], [0.07691198587417603, 0.20670457184314728]]",False
early_neutral,4,399,0.8670443185604798,0,[1],"[[-0.9721017479896545, 0.0004235847154632211], [0.0968099981546402, -0.17089344561100006], [-0.1948191076517105, -0.03672860562801361], [-0.1663878858089447, 0.10930138826370239], [0.06283865869045258, 0.2072465866804123]]",False
early_neutral,4,400,0.8667110963012329,0,[1],"[[-0.9769352078437805, 0.0005337801994755864], [0.08243803679943085, -0.17136552929878235], [-0.20357105135917664, -0.03710385039448738], [-0.17792882025241852, 0.10945902019739151], [0.04870647192001343, 0.20769935846328735]]",False
early_neutral,4,401,0.866377874041986,0,[1],"[[-0.9813216924667358, 0.0006369583425112069], [0.06806856393814087, -0.17186935245990753], [-0.21011264622211456, -0.037417344748973846], [-0.1897641271352768, 0.10964808613061905], [0.03454046696424484, 0.20821115374565125]]",False
early_neutral,4,402,0.866044651782739,0,[1],"[[-0.9829351902008057, 0.0006689093424938619], [0.05370154604315758, -0.17240194976329803], [-0.21651887893676758, -0.037804052233695984], [-0.20189297199249268, 0.10995108634233475], [0.02034778892993927, 0.20874984562397003]]",False
early_neutral,4,403,0.8657114295234921,0,[1],"[[-0.9834662079811096, 0.0006744620623067021], [0.0393364280462265, -0.17295591533184052], [-0.22291338443756104, -0.038265831768512726], [-0.21430981159210205, 0.1102236807346344], [0.006122869439423084, 0.20915460586547852]]",False
early_neutral,4,404,0.8653782072642453,0,[1],"[[-0.9834779500961304, 0.0006744981510564685], [0.024965666234493256, -0.17344331741333008], [-0.22929416596889496, -0.03880186378955841], [-0.2264995276927948, 0.11046722531318665], [-0.00812694150954485, 0.2094031721353531]]",False
early_neutral,4,405,0.8650449850049984,0,[1],"[[-0.9834779500961304, 0.0006744981510564685], [0.010588245466351509, -0.17383883893489838], [-0.23566031455993652, -0.03940722346305847], [-0.23878687620162964, 0.11074248701334], [-0.02239362709224224, 0.2094847857952118]]",False
early_neutral,4,406,0.8647117627457515,0,[1],"[[-0.9834779500961304, 0.0006744981510564685], [-0.003793849842622876, -0.1741546094417572], [-0.24201589822769165, -0.04005807638168335], [-0.2515767514705658, 0.1109648123383522], [-0.036669451743364334, 0.20939336717128754]]",False
early_neutral,4,407,0.8643785404865045,0,[1],"[[-0.9834779500961304, 0.0006744981510564685], [-0.01817896030843258, -0.17440550029277802], [-0.24836128950119019, -0.04074976220726967], [-0.26446327567100525, 0.11122254282236099], [-0.05094731226563454, 0.20913244783878326]]",False
early_neutral,4,408,0.8640453182272576,0,[1],"[[-0.9834779500961304, 0.0006744981510564685], [-0.032565969973802567, -0.17460554838180542], [-0.2547188699245453, -0.041391659528017044], [-0.2767607867717743, 0.11130412667989731], [-0.06522136926651001, 0.20871110260486603]]",False
early_neutral,4,409,0.8637120959680107,0,[1],"[[-0.9834779500961304, 0.0006744981510564685], [-0.04695230722427368, -0.17482496798038483], [-0.2610987722873688, -0.04193174093961716], [-0.28635266423225403, 0.11117759346961975], [-0.07948610186576843, 0.20813000202178955]]",False
early_neutral,4,410,0.8633788737087638,0,[1],"[[-0.9834779500961304, 0.0006744981510564685], [-0.06133745238184929, -0.17507529258728027], [-0.26750898361206055, -0.042270440608263016], [-0.2899371385574341, 0.11098764836788177], [-0.09373658150434494, 0.20739144086837769]]",False
early_neutral,4,411,0.8630456514495168,0,[1],"[[-0.9834779500961304, 0.0006744981510564685], [-0.07571301609277725, -0.17549295723438263], [-0.273937463760376, -0.04216206446290016], [-0.29488202929496765, 0.11101400852203369], [-0.10796809941530228, 0.20649634301662445]]",False
early_neutral,4,412,0.8627124291902699,0,[1],"[[-0.9834779500961304, 0.0006744981510564685], [-0.0900668203830719, -0.17615579068660736], [-0.28031018376350403, -0.041600633412599564], [-0.3004012703895569, 0.11152413487434387], [-0.12218020111322403, 0.20546787977218628]]",False
early_neutral,4,413,0.862379206931023,0,[1],"[[-0.9834779500961304, 0.0006744981510564685], [-0.10439024120569229, -0.1770552545785904], [-0.2865670621395111, -0.04063241928815842], [-0.30278629064559937, 0.1123252585530281], [-0.13637472689151764, 0.20433464646339417]]",False
early_neutral,4,414,0.8620459846717761,0,[1],"[[-0.9834779500961304, 0.0006744981510564685], [-0.11867766827344894, -0.17817121744155884], [-0.29265233874320984, -0.03927804157137871], [-0.3048483431339264, 0.11353552341461182], [-0.15051156282424927, 0.20294132828712463]]",False
early_neutral,4,415,0.8617127624125291,0,[1],"[[-0.9834779500961304, 0.0006744981510564685], [-0.1327572911977768, -0.1794719696044922], [-0.29863986372947693, -0.037772778421640396], [-0.30920135974884033, 0.11427795886993408], [-0.1643131822347641, 0.20052210986614227]]",False
early_neutral,4,416,0.8613795401532822,0,[1],"[[-0.9834779500961304, 0.0006744981510564685], [-0.1440722793340683, -0.18048346042633057], [-0.30455920100212097, -0.03641877323389053], [-0.3137926757335663, 0.11537036299705505], [-0.17755696177482605, 0.19702087342739105]]",False
early_neutral,4,417,0.8610463178940353,0,[1],"[[-0.9834779500961304, 0.0006744981510564685], [-0.15321838855743408, -0.18107333779335022], [-0.31069085001945496, -0.03515137359499931], [-0.3160246014595032, 0.11655417084693909], [-0.1905757039785385, 0.1931653618812561]]",False
early_neutral,4,418,0.8607130956347884,0,[1],"[[-0.9834779500961304, 0.0006744981510564685], [-0.16238820552825928, -0.1814754456281662], [-0.3169246017932892, -0.03412564843893051], [-0.3171022832393646, 0.11805354058742523], [-0.20362652838230133, 0.18935558199882507]]",False
early_neutral,4,419,0.8603798733755414,0,[1],"[[-0.9834779500961304, 0.0006744981510564685], [-0.17157505452632904, -0.18164624273777008], [-0.3233107626438141, -0.033643752336502075], [-0.31513896584510803, 0.11916996538639069], [-0.21675141155719757, 0.18575875461101532]]",False
early_neutral,4,420,0.8600466511162945,0,[1],"[[-0.9834779500961304, 0.0006744981510564685], [-0.18076567351818085, -0.1816018968820572], [-0.329740434885025, -0.03370622172951698], [-0.31218820810317993, 0.1195160299539566], [-0.22983531653881073, 0.18411046266555786]]",False
early_neutral,4,421,0.8597134288570476,0,[1],"[[-0.9834779500961304, 0.0006744981510564685], [-0.18995264172554016, -0.18142440915107727], [-0.336150586605072, -0.0340595617890358], [-0.30874156951904297, 0.11994965374469757], [-0.24258942902088165, 0.18420445919036865]]",False
early_neutral,4,422,0.8593802065978007,0,[1],"[[-0.9834779500961304, 0.0006744981510564685], [-0.1990879476070404, -0.1811276227235794], [-0.3425237834453583, -0.034629613161087036], [-0.3039306104183197, 0.12032213062047958], [-0.2526267468929291, 0.18449753522872925]]",False
early_neutral,4,423,0.8590469843385539,0,[1],"[[-0.9834779500961304, 0.0006744981510564685], [-0.2059570699930191, -0.18084563314914703], [-0.34888404607772827, -0.035259779542684555], [-0.29774007201194763, 0.12048154324293137], [-0.2617676258087158, 0.18511702120304108]]",False
early_neutral,4,424,0.8587137620793069,0,[1],"[[-0.9834779500961304, 0.0006744981510564685], [-0.2123730182647705, -0.1805340051651001], [-0.355271577835083, -0.035759538412094116], [-0.29472383856773376, 0.12052968144416809], [-0.2688990533351898, 0.18624961376190186]]",False
early_neutral,4,425,0.85838053982006,0,[1],"[[-0.9834779500961304, 0.0006744981510564685], [-0.21917808055877686, -0.18013852834701538], [-0.36168140172958374, -0.03611742705106735], [-0.294558584690094, 0.1205318421125412], [-0.27378010749816895, 0.18893977999687195]]",False
early_neutral,4,426,0.8580473175608131,0,[1],"[[-0.9834779500961304, 0.0006744981510564685], [-0.22725699841976166, -0.17953038215637207], [-0.3681098222732544, -0.03627802059054375], [-0.29676899313926697, 0.12047939747571945], [-0.2779982089996338, 0.1917581707239151]]",False
early_neutral,4,427,0.8577140953015662,0,[1],"[[-0.9834779500961304, 0.0006744981510564685], [-0.23627667129039764, -0.1787111908197403], [-0.3745427131652832, -0.036235157400369644], [-0.30061230063438416, 0.1204298660159111], [-0.28280025720596313, 0.19177637994289398]]",False
early_neutral,4,428,0.8573808730423192,0,[1],"[[-0.9834779500961304, 0.0006744981510564685], [-0.24540263414382935, -0.17800207436084747], [-0.3809724450111389, -0.036086421459913254], [-0.3059045970439911, 0.120407335460186], [-0.28838133811950684, 0.19008541107177734]]",False
early_neutral,4,429,0.8570476507830723,0,[1],"[[-0.9834779500961304, 0.0006744981510564685], [-0.25455883145332336, -0.17748382687568665], [-0.38739898800849915, -0.03588763251900673], [-0.31265345215797424, 0.12039294093847275], [-0.2949739992618561, 0.18790441751480103]]",False
early_neutral,4,430,0.8567144285238254,0,[1],"[[-0.9834779500961304, 0.0006744981510564685], [-0.2619328498840332, -0.17716841399669647], [-0.3938200771808624, -0.03562586009502411], [-0.3207307457923889, 0.1203869879245758], [-0.302686482667923, 0.18535739183425903]]",False
early_neutral,4,431,0.8563812062645785,0,[1],"[[-0.9834779500961304, 0.0006744981510564685], [-0.2683573067188263, -0.17694301903247833], [-0.40023040771484375, -0.03526933118700981], [-0.32992956042289734, 0.12038540095090866], [-0.3109920024871826, 0.18269026279449463]]",False
early_neutral,4,432,0.8560479840053316,0,[1],"[[-0.9834779500961304, 0.0006744981510564685], [-0.2747846245765686, -0.17675505578517914], [-0.4066264033317566, -0.03481684997677803], [-0.34007078409194946, 0.12038437277078629], [-0.3199267089366913, 0.1800810843706131]]",False
early_neutral,4,433,0.8557147617460846,0,[1],"[[-0.9834779500961304, 0.0006744981510564685], [-0.2810986340045929, -0.17657515406608582], [-0.41300496459007263, -0.034270159900188446], [-0.35080039501190186, 0.12038394063711166], [-0.3295385539531708, 0.17753063142299652]]",False
early_neutral,4,434,0.8553815394868377,0,[1],"[[-0.9834779500961304, 0.0006744981510564685], [-0.28752633929252625, -0.17639251053333282], [-0.41935253143310547, -0.033726152032613754], [-0.36186203360557556, 0.12038370221853256], [-0.33817481994628906, 0.17686310410499573]]",False
early_neutral,4,435,0.8550483172275908,0,[1],"[[-0.9825038909912109, 0.0007395660504698753], [-0.29403895139694214, -0.17618802189826965], [-0.42561259865760803, -0.033243775367736816], [-0.37356820702552795, 0.12037023901939392], [-0.3471088409423828, 0.17783601582050323]]",False
early_neutral,4,436,0.8547150949683439,0,[1],"[[-0.9784063100814819, 0.0010346068302169442], [-0.30160146951675415, -0.17562513053417206], [-0.4320110082626343, -0.03280524164438248], [-0.38526421785354614, 0.11905430257320404], [-0.35564300417900085, 0.1792592853307724]]",False
early_neutral,4,437,0.8543818727090969,0,[1],"[[-0.9727603793144226, 0.0014872329775243998], [-0.3102648854255676, -0.17446768283843994], [-0.43903493881225586, -0.032382745295763016], [-0.3949483335018158, 0.11508580297231674], [-0.3610936105251312, 0.18130648136138916]]",False
early_neutral,4,438,0.85404865044985,0,[1],"[[-0.9656796455383301, 0.0021158133167773485], [-0.3196430206298828, -0.17286036908626556], [-0.44734281301498413, -0.03195574879646301], [-0.40391093492507935, 0.10985780507326126], [-0.3643248677253723, 0.1849111020565033]]",False
early_neutral,4,439,0.8537154281906031,0,[1],"[[-0.9573228359222412, 0.002940902253612876], [-0.32983189821243286, -0.17099641263484955], [-0.45647934079170227, -0.0315399169921875], [-0.41307172179222107, 0.10426300764083862], [-0.36841675639152527, 0.18911343812942505]]",False
early_neutral,4,440,0.8533822059313562,0,[1],"[[-0.9481512904167175, 0.003932402469217777], [-0.34070414304733276, -0.16889502108097076], [-0.46563923358917236, -0.031047742813825607], [-0.4223301112651825, 0.09834735840559006], [-0.3739316463470459, 0.19360946118831635]]",False
early_neutral,4,441,0.8530489836721094,0,[1],"[[-0.9384288787841797, 0.005037876311689615], [-0.35224008560180664, -0.16668443381786346], [-0.47478654980659485, -0.030464669689536095], [-0.43177133798599243, 0.09225700795650482], [-0.3808296322822571, 0.1973492056131363]]",False
early_neutral,4,442,0.8527157614128624,0,[1],"[[-0.9278817176818848, 0.006293631624430418], [-0.3642923831939697, -0.16443529725074768], [-0.48392948508262634, -0.029852846637368202], [-0.4413585364818573, 0.08603623509407043], [-0.3891426622867584, 0.19941678643226624]]",False
early_neutral,4,443,0.8523825391536155,0,[1],"[[-0.9171591997146606, 0.007632021326571703], [-0.37427186965942383, -0.16285492479801178], [-0.49360156059265137, -0.02922585792839527], [-0.45106732845306396, 0.07972244173288345], [-0.39811941981315613, 0.2007746398448944]]",False
early_neutral,4,444,0.8520493168943686,0,[1],"[[-0.9059173464775085, 0.009100206196308136], [-0.380462646484375, -0.16341635584831238], [-0.5040856599807739, -0.028566166758537292], [-0.4608752131462097, 0.07334204018115997], [-0.40773147344589233, 0.20004557073116302]]",False
early_neutral,4,445,0.8517160946351217,0,[1],"[[-0.8941127061843872, 0.010702310130000114], [-0.38606539368629456, -0.1654565930366516], [-0.5148504972457886, -0.027918333187699318], [-0.4707582890987396, 0.06691116839647293], [-0.4173279404640198, 0.19725842773914337]]",False
early_neutral,4,446,0.8513828723758747,0,[1],"[[-0.8818522095680237, 0.012501553632318974], [-0.3915766775608063, -0.167469322681427], [-0.526232123374939, -0.02726488932967186], [-0.4806991219520569, 0.060442596673965454], [-0.4268378019332886, 0.1939268857240677]]",False
early_neutral,4,447,0.8510496501166278,0,[1],"[[-0.8692644834518433, 0.014520003460347652], [-0.3971991539001465, -0.16950450837612152], [-0.5382142663002014, -0.026585174724459648], [-0.49068355560302734, 0.05394556373357773], [-0.4366522431373596, 0.1903262734413147]]",False
early_neutral,4,448,0.8507164278573809,0,[1],"[[-0.8564501404762268, 0.01675625517964363], [-0.40304937958717346, -0.17123514413833618], [-0.5507049560546875, -0.02584412693977356], [-0.5007010102272034, 0.04742708057165146], [-0.44693437218666077, 0.18643547594547272]]",False
early_neutral,4,449,0.850383205598134,0,[1],"[[-0.8435091376304626, 0.019252348691225052], [-0.4103831946849823, -0.17166730761528015], [-0.5630328059196472, -0.02508506551384926], [-0.510743260383606, 0.040892403572797775], [-0.4576682448387146, 0.18233442306518555]]",False
early_neutral,4,450,0.850049983338887,0,[1],"[[-0.8305468559265137, 0.022077441215515137], [-0.4189404547214508, -0.17197874188423157], [-0.5725483894348145, -0.024549730122089386], [-0.5208043456077576, 0.034345515072345734], [-0.46874767541885376, 0.17805515229701996]]",False
early_neutral,4,451,0.8497167610796401,0,[1],"[[-0.8177261352539062, 0.025402352213859558], [-0.42808276414871216, -0.17259426414966583], [-0.5817132592201233, -0.024097643792629242], [-0.530879557132721, 0.02778945118188858], [-0.4801030158996582, 0.17364650964736938]]",False
early_neutral,4,452,0.8493835388203932,0,[1],"[[-0.8054920434951782, 0.02900196798145771], [-0.4372123181819916, -0.17328542470932007], [-0.5908638834953308, -0.023539161309599876], [-0.5409651398658752, 0.021226488053798676], [-0.49166929721832275, 0.16913704574108124]]",False
early_neutral,4,453,0.8490503165611463,0,[1],"[[-0.7965418696403503, 0.031674209982156754], [-0.44509443640708923, -0.17391616106033325], [-0.5999807119369507, -0.022782208397984505], [-0.5510586500167847, 0.014658350497484207], [-0.5033708810806274, 0.16452261805534363]]",False
early_neutral,4,454,0.8487170943018993,0,[1],"[[-0.7927534580230713, 0.03281322121620178], [-0.45149174332618713, -0.17436093091964722], [-0.6090612411499023, -0.021857570856809616], [-0.561158299446106, 0.008086326532065868], [-0.515103816986084, 0.15975278615951538]]",False
early_neutral,4,455,0.8483838720426524,0,[1],"[[-0.7946479916572571, 0.033369023352861404], [-0.4578992426395416, -0.17473840713500977], [-0.6181182861328125, -0.02083965763449669], [-0.571262538433075, 0.001511361333541572], [-0.526835560798645, 0.1548415571451187]]",False
early_neutral,4,456,0.8480506497834055,0,[1],"[[-0.7987448573112488, 0.033978741616010666], [-0.46432051062583923, -0.17499718070030212], [-0.6271520853042603, -0.019737884402275085], [-0.5813702344894409, -0.005065829958766699], [-0.5385364294052124, 0.14979569613933563]]",False
early_neutral,4,457,0.8477174275241586,0,[1],"[[-0.804290235042572, 0.03452809900045395], [-0.47075119614601135, -0.17512226104736328], [-0.6361826658248901, -0.018624892458319664], [-0.5914803743362427, -0.011644696816802025], [-0.5501853823661804, 0.1446225941181183]]",False
early_neutral,4,458,0.8473842052649116,0,[1],"[[-0.8087905645370483, 0.03606998175382614], [-0.4778202772140503, -0.17513583600521088], [-0.645216166973114, -0.017521535977721214], [-0.601592481136322, -0.01822481118142605], [-0.562131404876709, 0.139687642455101]]",False
early_neutral,4,459,0.8470509830056647,0,[1],"[[-0.8103960156440735, 0.039349354803562164], [-0.48619958758354187, -0.1750308871269226], [-0.65424644947052, -0.016407718881964684], [-0.6117060780525208, -0.024805862456560135], [-0.5746214389801025, 0.13530869781970978]]",False
early_neutral,4,460,0.8467177607464179,0,[1],"[[-0.8125176429748535, 0.04321331903338432], [-0.49466681480407715, -0.17481814324855804], [-0.6632665395736694, -0.01525895856320858], [-0.6218207478523254, -0.03138761594891548], [-0.5874850749969482, 0.13136669993400574]]",False
early_neutral,4,461,0.846384538487171,0,[1],"[[-0.8182886838912964, 0.04601939022541046], [-0.5010910034179688, -0.17458970844745636], [-0.6722741723060608, -0.014069980010390282], [-0.631936252117157, -0.037969909608364105], [-0.6003291606903076, 0.1273653358221054]]",False
early_neutral,4,462,0.8460513162279241,0,[1],"[[-0.8263027667999268, 0.04776028171181679], [-0.5075098276138306, -0.17430460453033447], [-0.6812604665756226, -0.01281420886516571], [-0.642052412033081, -0.04455262050032616], [-0.6131183505058289, 0.12326667457818985]]",False
early_neutral,4,463,0.8457180939686771,-1,[1],"[[-1.0110293626785278, -0.0], [0.0, 0.02032535709440708], [-1.1088803830716643e-06, -0.02034590393304825], [-0.10110294073820114, -0.10162678360939026], [-0.10110294073820114, 0.10162678360939026]]",False
early_neutral,4,464,0.8453848717094302,-1,[1],"[[-1.0110293626785278, -0.0], [7.240414379161564e-10, 0.018479393795132637], [-0.00016226964362431318, -0.02216833084821701], [-0.10059606283903122, -0.10155205428600311], [-0.10110294073820114, 0.10162678360939026]]",False
early_neutral,4,465,0.8450516494501833,-1,[0],"[[-1.0093544721603394, 1.3082492554550296e-11], [1.4405646675541561e-09, 0.015293566510081291], [-0.0005598041461780667, -0.02504539303481579], [-0.0971236452460289, -0.10097567737102509], [-0.10124997049570084, 0.10179109126329422]]",False
early_neutral,4,466,0.8447184271909364,-1,[0],"[[-1.0049129724502563, 3.6323024449336216e-11], [1.5049190782434607e-09, 0.01151352096349001], [-0.00010793391993502155, -0.028397204354405403], [-0.09227368980646133, -0.10003684461116791], [-0.10283476859331131, 0.10375271737575531]]",False
early_neutral,4,467,0.8443852049316894,-1,[0],"[[-0.9989244937896729, -2.2050500314563237e-11], [-0.0011217363644391298, 0.00823954027146101], [0.004200143273919821, -0.030313322320580482], [-0.08600345253944397, -0.10037114471197128], [-0.1048235222697258, 0.10663346201181412]]",False
early_neutral,4,468,0.8440519826724425,-1,[0],"[[-0.9915053248405457, -6.153046405721341e-10], [-0.0015211992431432009, 0.003224283689633012], [0.01040893979370594, -0.03130268678069115], [-0.08022519946098328, -0.10240692645311356], [-0.10709413886070251, 0.11035491526126862]]",False
early_neutral,4,469,0.8437187604131956,-1,[0],"[[-0.982815146446228, -9.299517822469738e-10], [-0.0015211999416351318, -0.0013613227056339383], [0.017702797427773476, -0.032332830131053925], [-0.0752146914601326, -0.10400767624378204], [-0.10958118736743927, 0.1146068423986435]]",False
early_neutral,4,470,0.8433855381539487,-1,[0],"[[-0.9734479188919067, -0.0005234024720266461], [-0.0016953282756730914, -0.004967137239873409], [0.02605116367340088, -0.033537618815898895], [-0.07000420242547989, -0.1053832471370697], [-0.11222272366285324, 0.11932278424501419]]",False
early_neutral,4,471,0.8430523158947018,-1,[0],"[[-0.9639959335327148, -0.0029049215372651815], [-0.002195181557908654, -0.007531327661126852], [0.03504399582743645, -0.034898411482572556], [-0.06536208838224411, -0.10641546547412872], [-0.11507406085729599, 0.12458448857069016]]",False
early_neutral,4,472,0.8427190936354548,-1,[0],"[[-0.9543193578720093, -0.006093604024499655], [-0.003098144195973873, -0.007913697510957718], [0.04496011137962341, -0.03639329969882965], [-0.05934658646583557, -0.10766482353210449], [-0.11845351755619049, 0.13019989430904388]]",False
early_neutral,4,473,0.8423858713762079,-1,[0],"[[-0.9445372819900513, -0.009321537800133228], [-0.005947534926235676, -0.006874936632812023], [0.05543709173798561, -0.038036514073610306], [-0.05519463121891022, -0.10852476209402084], [-0.12223819643259048, 0.1357090175151825]]",False
early_neutral,4,474,0.842052649116961,-1,[0],"[[-0.9342043399810791, -0.012738835997879505], [-0.010020412504673004, -0.005214320495724678], [0.06592129915952682, -0.039834752678871155], [-0.05279582738876343, -0.10901936888694763], [-0.12635087966918945, 0.14111804962158203]]",False
early_neutral,4,475,0.8417194268577141,-1,[0],"[[-0.9233652949333191, -0.016338566318154335], [-0.015398395247757435, -0.0030991644598543644], [0.07696210592985153, -0.04183219373226166], [-0.05160011723637581, -0.10926675796508789], [-0.13070452213287354, 0.14644664525985718]]",True
early_neutral,4,476,0.8413862045984671,-1,[0],"[[-0.9121231436729431, -0.020120810717344284], [-0.021876443177461624, -0.000691270746756345], [0.08637136220932007, -0.043792545795440674], [-0.05155344679951668, -0.10927648842334747], [-0.1352972388267517, 0.1516895741224289]]",True
early_neutral,4,477,0.8410529823392202,-1,[0],"[[-0.9005078077316284, -0.023962652310729027], [-0.029367804527282715, 0.0017863864777609706], [0.09521594643592834, -0.046003296971321106], [-0.05156778544187546, -0.10899515450000763], [-0.14013418555259705, 0.15683864057064056]]",True
early_neutral,4,478,0.8407197600799733,-1,[0],"[[-0.8879902958869934, -0.026890506967902184], [-0.03777599334716797, 0.004224536009132862], [0.10426263511180878, -0.0484183132648468], [-0.05160955712199211, -0.1082184687256813], [-0.14521601796150208, 0.16189329326152802]]",True
early_neutral,4,479,0.8403865378207265,-1,[0],"[[-0.8746750950813293, -0.02842632494866848], [-0.047015219926834106, 0.006510909181088209], [0.11418895423412323, -0.05082567781209946], [-0.05171165242791176, -0.1074870377779007], [-0.1508067101240158, 0.1671813279390335]]",True
early_neutral,4,480,0.8400533155614796,-1,[0],"[[-0.8610436320304871, -0.02932192012667656], [-0.057244256138801575, 0.008644179441034794], [0.12493262439966202, -0.053166646510362625], [-0.05200136825442314, -0.10698249191045761], [-0.15702912211418152, 0.17284901440143585]]",True
early_neutral,4,481,0.8397200933022326,-1,[0],"[[-0.8472548723220825, -0.02997053787112236], [-0.06707093119621277, 0.010548951104283333], [0.1351451277732849, -0.055594854056835175], [-0.052689339965581894, -0.10671865195035934], [-0.16382017731666565, 0.17883414030075073]]",False
early_neutral,4,482,0.8393868710429857,-1,[0],"[[-0.8340843319892883, -0.030114736407995224], [-0.0739356279373169, 0.012268139980733395], [0.1423177272081375, -0.05977346748113632], [-0.05347428843379021, -0.10650830715894699], [-0.17114542424678802, 0.18508748710155487]]",False
early_neutral,4,483,0.8390536487837388,-1,[0],"[[-0.8242002725601196, -0.02876090444624424], [-0.07793714106082916, 0.015239919535815716], [0.14626723527908325, -0.06491808593273163], [-0.05425924435257912, -0.10629795491695404], [-0.17883765697479248, 0.19139237701892853]]",False
early_neutral,4,484,0.8387204265244919,-1,[0],"[[-0.8190426826477051, -0.025633564218878746], [-0.08235190808773041, 0.01828460954129696], [0.14802420139312744, -0.06747543811798096], [-0.05475228279829025, -0.10611722618341446], [-0.18418589234352112, 0.19674627482891083]]",False
early_neutral,4,485,0.8383872042652449,-1,[0],"[[-0.8179214596748352, -0.021076340228319168], [-0.08702635020017624, 0.02116049826145172], [0.1491180658340454, -0.06917945295572281], [-0.05269654840230942, -0.10539717972278595], [-0.186482772231102, 0.20252709090709686]]",False
early_neutral,4,486,0.838053982005998,-1,[0],"[[-0.8188826441764832, -0.015672650188207626], [-0.08991627395153046, 0.02282678335905075], [0.14983020722866058, -0.0702938362956047], [-0.04877062514424324, -0.10424792766571045], [-0.1870570331811905, 0.20759239792823792]]",False
early_neutral,4,487,0.8377207597467511,-1,[0],"[[-0.8202493786811829, -0.011045736260712147], [-0.0899500623345375, 0.022846240550279617], [0.15034668147563934, -0.0710994228720665], [-0.04341939091682434, -0.10286969691514969], [-0.1838449239730835, 0.21021611988544464]]",True
early_neutral,4,488,0.8373875374875042,-1,[0],"[[-0.821932315826416, -0.007031741552054882], [-0.08918341249227524, 0.022450227290391922], [0.1523389220237732, -0.07411958277225494], [-0.03663402423262596, -0.10135332494974136], [-0.17826248705387115, 0.21189546585083008]]",True
early_neutral,4,489,0.8370543152282572,-1,[0],"[[-0.8237205743789673, -0.0036007226444780827], [-0.08576691150665283, 0.020966751500964165], [0.15490764379501343, -0.07796035706996918], [-0.028510762378573418, -0.09990469366312027], [-0.1709451526403427, 0.21234813332557678]]",True
early_neutral,4,490,0.8367210929690103,-1,[0],"[[-0.8245518207550049, -0.002457468770444393], [-0.08071114122867584, 0.01932048425078392], [0.15817256271839142, -0.08255335688591003], [-0.021436888724565506, -0.09994646161794662], [-0.16241249442100525, 0.21253658831119537]]",True
early_neutral,4,491,0.8363878707097634,-1,[0],"[[-0.82464599609375, -0.002356667071580887], [-0.07473663240671158, 0.017767585813999176], [0.16146951913833618, -0.08705431967973709], [-0.01748586818575859, -0.10235792398452759], [-0.15324144065380096, 0.21290187537670135]]",True
early_neutral,4,492,0.8360546484505165,-1,[0],"[[-0.82464599609375, -0.002356667071580887], [-0.06868060678243637, 0.01635473035275936], [0.16371017694473267, -0.09011262655258179], [-0.014475088566541672, -0.10628638416528702], [-0.14406432211399078, 0.21323245763778687]]",True
early_neutral,4,493,0.8357214261912695,-1,[0],"[[-0.82464599609375, -0.002356667071580887], [-0.06256817281246185, 0.015048179775476456], [0.16489148139953613, -0.09170524030923843], [-0.01098360400646925, -0.1092095822095871], [-0.13578885793685913, 0.21308214962482452]]",True
early_neutral,4,494,0.8353882039320226,-1,[0],"[[-0.82464599609375, -0.002356667071580887], [-0.05649228021502495, 0.013671530410647392], [0.16492418944835663, -0.09174926578998566], [-0.005630608648061752, -0.10930866748094559], [-0.13222137093544006, 0.21144962310791016]]",True
early_neutral,4,495,0.8350549816727757,-1,[0],"[[-0.82464599609375, -0.002356667071580887], [-0.05046769231557846, 0.012202482670545578], [0.16492418944835663, -0.09174926578998566], [0.0008966584573499858, -0.10849488526582718], [-0.13296128809452057, 0.20854485034942627]]",True
early_neutral,4,496,0.8347217594135288,-1,[0],"[[-0.82464599609375, -0.002356667071580887], [-0.04447494074702263, 0.010679079219698906], [0.16492418944835663, -0.09174926578998566], [0.008616143837571144, -0.10740003734827042], [-0.13471698760986328, 0.2047846019268036]]",True
early_neutral,4,497,0.8343885371542819,-1,[0],"[[-0.82464599609375, -0.002356667071580887], [-0.03850212320685387, 0.009122882038354874], [0.16492418944835663, -0.09174926578998566], [0.01737045682966709, -0.10602200776338577], [-0.1371961236000061, 0.20021992921829224]]",True
early_neutral,4,498,0.834055314895035,-1,[0],"[[-0.82464599609375, -0.002356667071580887], [-0.032500095665454865, 0.007616556715220213], [0.16492418944835663, -0.09174926578998566], [0.026672443374991417, -0.10485638678073883], [-0.139365553855896, 0.19653788208961487]]",True
early_neutral,4,499,0.8337220926357881,-1,[0],"[[-0.82464599609375, -0.002356667071580887], [-0.02636084146797657, 0.00636686198413372], [0.16624553501605988, -0.09105167537927628], [0.03690851107239723, -0.10410600900650024], [-0.1400430053472519, 0.19538810849189758]]",True
early_neutral,4,500,0.8333888703765412,-1,[0],"[[-0.82464599609375, -0.002356667071580887], [-0.02011277712881565, 0.005369853228330612], [0.16705633699893951, -0.08968032896518707], [0.04660284146666527, -0.1037902683019638], [-0.1393478959798813, 0.19558463990688324]]",True
early_neutral,4,501,0.8330556481172943,-1,[0],"[[-0.82464599609375, -0.002356667071580887], [-0.01385198999196291, 0.004405467305332422], [0.16669154167175293, -0.08777274191379547], [0.05314909294247627, -0.10403004288673401], [-0.1362612545490265, 0.19689367711544037]]",True
early_neutral,4,502,0.8327224258580473,-1,[0],"[[-0.82464599609375, -0.002356667071580887], [-0.00760277733206749, 0.003409800585359335], [0.16643720865249634, -0.08581782877445221], [0.05944235250353813, -0.1048019602894783], [-0.13245226442813873, 0.19908250868320465]]",True
early_neutral,4,503,0.8323892035988004,-1,[0],"[[-0.82464599609375, -0.002356667071580887], [-0.0013588971924036741, 0.00241383770480752], [0.16626855731010437, -0.0834813341498375], [0.06447440385818481, -0.10785987973213196], [-0.12797792255878448, 0.2019769549369812]]",True
early_neutral,4,504,0.8320559813395535,-1,[0],"[[-0.82464599609375, -0.002356667071580887], [0.004796212539076805, 0.0014694881392642856], [0.16632625460624695, -0.08136510103940964], [0.06786617636680603, -0.11267902702093124], [-0.12343040108680725, 0.20493854582309723]]",True
early_neutral,4,505,0.8317227590803066,-1,[0],"[[-0.82464599609375, -0.002356667071580887], [0.011071037501096725, 0.0005445463466458023], [0.16656161844730377, -0.07985809445381165], [0.07061173021793365, -0.11833957582712173], [-0.11997567117214203, 0.20716546475887299]]",True
early_neutral,4,506,0.8313895368210596,-1,[0],"[[-0.82464599609375, -0.002356667071580887], [0.017352644354104996, -0.0002886415459215641], [0.1665499061346054, -0.07507165521383286], [0.073597252368927, -0.12449027597904205], [-0.11951691657304764, 0.2074217051267624]]",True
early_neutral,4,507,0.8310563145618127,-1,[0],"[[-0.82464599609375, -0.002356667071580887], [0.02357526309788227, -0.0008898756932467222], [0.16635172069072723, -0.06926049292087555], [0.07691583782434464, -0.13103710114955902], [-0.11951691657304764, 0.2074217051267624]]",True
early_neutral,4,508,0.8307230923025658,-1,[0],"[[-0.82464599609375, -0.002356667071580887], [0.028418393805623055, -0.0011882325634360313], [0.16626694798469543, -0.06317342817783356], [0.08103648573160172, -0.13754060864448547], [-0.11951691657304764, 0.2074217051267624]]",True
early_neutral,4,509,0.8303898700433189,-1,[0],"[[-0.82464599609375, -0.002356667071580887], [0.028756434097886086, -0.0011837993515655398], [0.16543230414390564, -0.057143475860357285], [0.0861564427614212, -0.14423860609531403], [-0.11951691657304764, 0.2074217051267624]]",True
early_neutral,4,510,0.830056647784072,-1,[0],"[[-0.82464599609375, -0.002356667071580887], [0.028167827054858208, 0.00013760357978753746], [0.16473515331745148, -0.05168617144227028], [0.09222570061683655, -0.15105609595775604], [-0.11974869668483734, 0.20604856312274933]]",True
early_neutral,4,511,0.829723425524825,-1,[0],"[[-0.82464599609375, -0.002356667071580887], [0.027285998687148094, 0.0027847387827932835], [0.16441014409065247, -0.04636174440383911], [0.09978066384792328, -0.1576293557882309], [-0.11977110058069229, 0.20323500037193298]]",True
early_neutral,4,512,0.8293902032655781,-1,[0],"[[-0.82464599609375, -0.002356667071580887], [0.029851259663701057, 0.005385361611843109], [0.16411612927913666, -0.04205784946680069], [0.10761439800262451, -0.16351673007011414], [-0.11921769380569458, 0.19948911666870117]]",False
early_neutral,4,513,0.8290569810063312,-1,[0],"[[-0.8239026069641113, -0.0019496051827445626], [0.03449861332774162, 0.007800852879881859], [0.16411586105823517, -0.03834135830402374], [0.11142188310623169, -0.16836407780647278], [-0.11886409670114517, 0.19481056928634644]]",False
early_neutral,4,514,0.8287237587470843,-1,[0],"[[-0.8206906914710999, -0.0003514608251862228], [0.03869081288576126, 0.010112868621945381], [0.1641155481338501, -0.034022752195596695], [0.11060361564159393, -0.17231611907482147], [-0.11910805851221085, 0.18929967284202576]]",False
early_neutral,4,515,0.8283905364878373,-1,[0],"[[-0.816075325012207, 0.0016449106624349952], [0.042206402868032455, 0.012670361436903477], [0.16411840915679932, -0.029473261907696724], [0.11226751655340195, -0.1759960949420929], [-0.11946751177310944, 0.1832641214132309]]",False
early_neutral,4,516,0.8280573142285905,-1,[0],"[[-0.8101221323013306, 0.004031534772366285], [0.045824307948350906, 0.015396400354802608], [0.16465355455875397, -0.02634141780436039], [0.11625606566667557, -0.1791878491640091], [-0.11956438422203064, 0.17669764161109924]]",False
early_neutral,4,517,0.8277240919693436,-1,[0],"[[-0.8029714822769165, 0.006796529516577721], [0.05004636198282242, 0.01846836507320404], [0.1652633398771286, -0.024806765839457512], [0.12075288593769073, -0.18065135180950165], [-0.11950692534446716, 0.1705169826745987]]",False
early_neutral,4,518,0.8273908697100967,-1,[0],"[[-0.7950405478477478, 0.009805658832192421], [0.053801245987415314, 0.0215025395154953], [0.16704154014587402, -0.025380302220582962], [0.12465178966522217, -0.178721085190773], [-0.11947675049304962, 0.1676514446735382]]",True
early_neutral,4,519,0.8270576474508498,-1,[0],"[[-0.7865906953811646, 0.01308960746973753], [0.05700132995843887, 0.02503076195716858], [0.1703464239835739, -0.02687089703977108], [0.1271483600139618, -0.17498864233493805], [-0.11946544051170349, 0.1677074134349823]]",True
early_neutral,4,520,0.8267244251916028,-1,[0],"[[-0.7776934504508972, 0.016617560759186745], [0.060338690876960754, 0.028964806348085403], [0.17465941607952118, -0.02904491499066353], [0.1270875185728073, -0.17006948590278625], [-0.11912093311548233, 0.1698700338602066]]",True
early_neutral,4,521,0.8263912029323559,-1,[0],"[[-0.7718514204025269, 0.018943054601550102], [0.06435882300138474, 0.03373369574546814], [0.17978893220424652, -0.03194776177406311], [0.12597626447677612, -0.16444696485996246], [-0.11815162003040314, 0.172901913523674]]",True
early_neutral,4,522,0.826057980673109,-1,[0],"[[-0.7707592248916626, 0.01937779411673546], [0.0684552863240242, 0.03843802213668823], [0.18563427031040192, -0.03539200499653816], [0.12484974414110184, -0.15832586586475372], [-0.11646994948387146, 0.17674404382705688]]",True
early_neutral,4,523,0.8257247584138621,-1,[0],"[[-0.772566020488739, 0.018664181232452393], [0.07272028923034668, 0.04326953738927841], [0.192302405834198, -0.03930111229419708], [0.12361250072717667, -0.15166978538036346], [-0.1142064779996872, 0.18138796091079712]]",True
early_neutral,4,524,0.8253915361546151,-1,[0],"[[-0.7762637734413147, 0.01728505641222], [0.07630429416894913, 0.04730242118239403], [0.1985134482383728, -0.04260488599538803], [0.1224365234375, -0.14540207386016846], [-0.11128570884466171, 0.18672169744968414]]",False
early_neutral,4,525,0.8250583138953682,-1,[0],"[[-0.7810118794441223, 0.015990950167179108], [0.0789729580283165, 0.050589848309755325], [0.2047116607427597, -0.043316394090652466], [0.12186720967292786, -0.14239270985126495], [-0.10782663524150848, 0.19226229190826416]]",False
early_neutral,4,526,0.8247250916361213,-1,[0],"[[-0.7845559120178223, 0.017654819414019585], [0.08208178728818893, 0.05441949516534805], [0.21110497415065765, -0.04290606454014778], [0.1217837780714035, -0.14202459156513214], [-0.10447462648153305, 0.19689874351024628]]",False
early_neutral,4,527,0.8243918693768744,-1,[0],"[[-0.7862367630004883, 0.02130202017724514], [0.08532314747571945, 0.05888016149401665], [0.21785973012447357, -0.044176146388053894], [0.12113898247480392, -0.13962826132774353], [-0.1009916365146637, 0.19938327372074127]]",False
early_neutral,4,528,0.8240586471176274,-1,[0],"[[-0.7874450087547302, 0.02594960667192936], [0.08614205569028854, 0.06257660686969757], [0.22523294389247894, -0.04654942452907562], [0.12008508294820786, -0.13623060286045074], [-0.09771528840065002, 0.2013034224510193]]",False
early_neutral,4,529,0.8237254248583805,-1,[0],"[[-0.7886046767234802, 0.03145395219326019], [0.08389011770486832, 0.06506998836994171], [0.231758713722229, -0.04843175783753395], [0.11988501995801926, -0.1320296674966812], [-0.09640587866306305, 0.202171191573143]]",False
early_neutral,4,530,0.8233922025991336,-1,[0],"[[-0.7897191643714905, 0.037614550441503525], [0.079086534678936, 0.06707579642534256], [0.23369690775871277, -0.048778023570775986], [0.1228557601571083, -0.12743224203586578], [-0.09434858709573746, 0.20279468595981598]]",False
early_neutral,4,531,0.8230589803398867,-1,[0],"[[-0.7910189628601074, 0.044341109693050385], [0.07251600176095963, 0.06881140917539597], [0.23296035826206207, -0.048745546489953995], [0.12745685875415802, -0.12254029512405396], [-0.09149520099163055, 0.2038322389125824]]",False
early_neutral,4,532,0.8227257580806397,-1,[0],"[[-0.7925171852111816, 0.051551491022109985], [0.06483983993530273, 0.07090484350919724], [0.2292398363351822, -0.04878302663564682], [0.1326180100440979, -0.11711393296718597], [-0.08848965167999268, 0.20501747727394104]]",False
early_neutral,4,533,0.8223925358213928,-1,[0],"[[-0.7942512035369873, 0.059188876301050186], [0.056303977966308594, 0.07347509264945984], [0.22414512932300568, -0.04925420507788658], [0.13818828761577606, -0.11120285093784332], [-0.08629456162452698, 0.20615409314632416]]",True
early_neutral,4,534,0.8220593135621459,-1,[0],"[[-0.7963283061981201, 0.06715583801269531], [0.04719182848930359, 0.07652266323566437], [0.21931329369544983, -0.049860529601573944], [0.14317837357521057, -0.10476550459861755], [-0.08504554629325867, 0.20695102214813232]]",False
early_neutral,4,535,0.8217260913028991,-1,[0],"[[-0.7981667518615723, 0.07445777952671051], [0.03801083192229271, 0.07993292063474655], [0.21767325699329376, -0.050015997141599655], [0.14399531483650208, -0.0989760085940361], [-0.0845329761505127, 0.2072780579328537]]",True
early_neutral,4,536,0.8213928690436522,-1,[0],"[[-0.7989268898963928, 0.07866451889276505], [0.02842487394809723, 0.08382779359817505], [0.2193177044391632, -0.048704758286476135], [0.14042264223098755, -0.09387663006782532], [-0.08446403592824936, 0.20729826390743256]]",True
early_neutral,4,537,0.8210596467844052,-1,[0],"[[-0.7981076836585999, 0.07926549762487411], [0.018441904336214066, 0.08812148869037628], [0.22230835258960724, -0.046862632036209106], [0.13546222448349, -0.08848448097705841], [-0.08453196287155151, 0.2072342336177826]]",True
early_neutral,4,538,0.8207264245251583,-1,[0],"[[-0.7942206263542175, 0.078870989382267], [0.008232317864894867, 0.09284541755914688], [0.22707751393318176, -0.04514911770820618], [0.12939490377902985, -0.08288345485925674], [-0.08453196287155151, 0.2072342336177826]]",True
early_neutral,4,539,0.8203932022659114,-1,[0],"[[-0.7889134883880615, 0.0779879093170166], [-0.002094872063025832, 0.0979483500123024], [0.23390987515449524, -0.04520793631672859], [0.12293196469545364, -0.07724357396364212], [-0.08453196287155151, 0.2072342336177826]]",True
early_neutral,4,540,0.8200599800066645,-1,[0],"[[-0.7823062539100647, 0.07658911496400833], [-0.012587908655405045, 0.10327398777008057], [0.24135282635688782, -0.046582311391830444], [0.1161436215043068, -0.0713362842798233], [-0.08494370430707932, 0.20707547664642334]]",True
early_neutral,4,541,0.8197267577474175,-1,[0],"[[-0.7745764255523682, 0.07466122508049011], [-0.023104142397642136, 0.10875311493873596], [0.24682283401489258, -0.04877554625272751], [0.10939273983240128, -0.06496969610452652], [-0.08081504702568054, 0.20706675946712494]]",True
early_neutral,4,542,0.8193935354881706,-1,[0],"[[-0.7661275267601013, 0.07235685735940933], [-0.031743161380290985, 0.11311005055904388], [0.2514590919017792, -0.05167620629072189], [0.10607039928436279, -0.05803176760673523], [-0.07552175223827362, 0.20707392692565918]]",True
early_neutral,4,543,0.8190603132289237,-1,[0],"[[-0.7569854259490967, 0.07000532746315002], [-0.039364203810691833, 0.11645226925611496], [0.2546301782131195, -0.05345743149518967], [0.10737822204828262, -0.05094048008322716], [-0.06964317709207535, 0.2070736140012741]]",True
early_neutral,4,544,0.8187270909696768,-1,[0],"[[-0.7472490668296814, 0.06760202348232269], [-0.045958925038576126, 0.1189953088760376], [0.2555091083049774, -0.05381537228822708], [0.10962521284818649, -0.04345618560910225], [-0.06369325518608093, 0.2063959538936615]]",True
early_neutral,4,545,0.8183938687104299,-1,[0],"[[-0.7389891147613525, 0.06484050303697586], [-0.05185317620635033, 0.12066827714443207], [0.25479114055633545, -0.05362910404801369], [0.11178632825613022, -0.035568416118621826], [-0.05943981930613518, 0.2047720104455948]]",True
early_neutral,4,546,0.8180606464511829,-1,[0],"[[-0.7314092516899109, 0.061355311423540115], [-0.058002498000860214, 0.12188971787691116], [0.2511996924877167, -0.052938781678676605], [0.11341004818677902, -0.02732444554567337], [-0.0564982146024704, 0.20175817608833313]]",True
early_neutral,4,547,0.817727424191936,-1,[0],"[[-0.7262654304504395, 0.05791085585951805], [-0.06435730308294296, 0.12251798063516617], [0.24601900577545166, -0.0524192750453949], [0.11313746869564056, -0.018880696967244148], [-0.05500563234090805, 0.1975565254688263]]",True
early_neutral,4,548,0.8173942019326891,-1,[0],"[[-0.7245135307312012, 0.0539921298623085], [-0.0707850232720375, 0.12251469492912292], [0.23936204612255096, -0.052017565816640854], [0.1115519106388092, -0.010977506637573242], [-0.054116569459438324, 0.19218479096889496]]",True
early_neutral,4,549,0.8170609796734422,-1,[0],"[[-0.7238408327102661, 0.050456225872039795], [-0.07638151943683624, 0.121097631752491], [0.23138083517551422, -0.051616158336400986], [0.10980074107646942, -0.00295247626490891], [-0.053220994770526886, 0.18673880398273468]]",True
early_neutral,4,550,0.8167277574141952,-1,[0],"[[-0.723884105682373, 0.049093618988990784], [-0.08128250390291214, 0.11871634423732758], [0.22224605083465576, -0.051355112344026566], [0.10739409178495407, 0.005698342341929674], [-0.052472323179244995, 0.18227341771125793]]",False
early_neutral,4,551,0.8163945351549483,-1,[0],"[[-0.7239204049110413, 0.04895782470703125], [-0.08492378890514374, 0.1170920729637146], [0.21216990053653717, -0.051538169384002686], [0.10388695448637009, 0.013927028514444828], [-0.05179436504840851, 0.17844848334789276]]",False
early_neutral,4,552,0.8160613128957014,-1,[0],"[[-0.724826991558075, 0.04721745103597641], [-0.08728290349245071, 0.11600811779499054], [0.20139826834201813, -0.05224286764860153], [0.09806941449642181, 0.02027895115315914], [-0.050988610833883286, 0.17390255630016327]]",False
early_neutral,4,553,0.8157280906364545,-1,[0],"[[-0.726531982421875, 0.044478196650743484], [-0.08899624645709991, 0.11508752405643463], [0.19060511887073517, -0.05304441601037979], [0.08973279595375061, 0.025465676560997963], [-0.050581544637680054, 0.169744610786438]]",False
early_neutral,4,554,0.8153948683772076,-1,[0],"[[-0.7290524840354919, 0.04097239673137665], [-0.09031827747821808, 0.11409441381692886], [0.17922185361385345, -0.05385718122124672], [0.08022145926952362, 0.030394507572054863], [-0.051449913531541824, 0.1669793725013733]]",False
early_neutral,4,555,0.8150616461179607,-1,[0],"[[-0.7322911620140076, 0.03668511286377907], [-0.0918722152709961, 0.11256669461727142], [0.1672149896621704, -0.054470837116241455], [0.06953337043523788, 0.03480922803282738], [-0.05230230838060379, 0.16620293259620667]]",False
early_neutral,4,556,0.8147284238587138,-1,[0],"[[-0.7362257838249207, 0.03172030299901962], [-0.09294401854276657, 0.11126696318387985], [0.15468047559261322, -0.05411052703857422], [0.05808351933956146, 0.03888290375471115], [-0.054119717329740524, 0.16757619380950928]]",False
early_neutral,4,557,0.8143952015994669,-1,[0],"[[-0.7405861616134644, 0.02624799683690071], [-0.09552885591983795, 0.1092347800731659], [0.14212296903133392, -0.05276793614029884], [0.045921776443719864, 0.042465418577194214], [-0.05634508281946182, 0.170192688703537]]",False
early_neutral,4,558,0.81406197934022,-1,[0],"[[-0.7453324794769287, 0.020250659435987473], [-0.09840825200080872, 0.10615316778421402], [0.1328120231628418, -0.05168561637401581], [0.03474925458431244, 0.045235928148031235], [-0.05889682099223137, 0.17377065122127533]]",False
early_neutral,4,559,0.813728757080973,-1,[0],"[[-0.7500931620597839, 0.014220256358385086], [-0.10157494246959686, 0.10209304094314575], [0.1291571706533432, -0.05126045644283295], [0.02563023567199707, 0.04629727080464363], [-0.06150827556848526, 0.17820993065834045]]",False
early_neutral,4,560,0.8133955348217261,-1,[0],"[[-0.7546893358230591, 0.008402762934565544], [-0.10528450459241867, 0.09725179523229599], [0.13137151300907135, -0.051402658224105835], [0.01711932010948658, 0.04641617834568024], [-0.06491879373788834, 0.18310987949371338]]",False
early_neutral,4,561,0.8130623125624792,-1,[0],"[[-0.7587172985076904, 0.003360720816999674], [-0.10937106609344482, 0.0918448194861412], [0.135717511177063, -0.05152337998151779], [0.011273074895143509, 0.04484691843390465], [-0.06938394159078598, 0.18830783665180206]]",False
early_neutral,4,562,0.8127290903032323,-1,[0],"[[-0.7620419263839722, 6.671692244708538e-05], [-0.11376216262578964, 0.086024209856987], [0.1414313167333603, -0.051487941294908524], [0.006514836568385363, 0.04203440621495247], [-0.07495959103107452, 0.1935272514820099]]",False
early_neutral,4,563,0.8123958680439853,-1,[0],"[[-0.7658084034919739, -0.0029296937864273787], [-0.11850357800722122, 0.07973045855760574], [0.1482161283493042, -0.05141914635896683], [0.0041761938482522964, 0.038414400070905685], [-0.08185891807079315, 0.19878186285495758]]",False
early_neutral,4,564,0.8120626457847384,-1,[0],"[[-0.7686865925788879, -0.004713899455964565], [-0.12328485399484634, 0.07337925583124161], [0.15585505962371826, -0.0513218455016613], [0.0036580513697117567, 0.03430940955877304], [-0.0899328961968422, 0.20394690334796906]]",False
early_neutral,4,565,0.8117294235254915,-1,[0],"[[-0.7718130350112915, -0.006136944051831961], [-0.1283353716135025, 0.06666719913482666], [0.1641862839460373, -0.051191296428442], [0.0026739826425909996, 0.03072177991271019], [-0.09970802813768387, 0.20824261009693146]]",False
early_neutral,4,566,0.8113962012662446,-1,[0],"[[-0.7745795249938965, -0.0072116851806640625], [-0.13365806639194489, 0.059591144323349], [0.173329696059227, -0.050848230719566345], [-0.001680617337115109, 0.029774077236652374], [-0.11117491871118546, 0.2111164778470993]]",False
early_neutral,4,567,0.8110629790069976,-1,[0],"[[-0.7766825556755066, -0.008268038742244244], [-0.13921314477920532, 0.052204377949237823], [0.18246674537658691, -0.05020584166049957], [-0.007571783848106861, 0.030756469815969467], [-0.12321138381958008, 0.21381059288978577]]",False
early_neutral,4,568,0.8107297567477507,-1,[0],"[[-0.7772442102432251, -0.008607478812336922], [-0.1449493020772934, 0.044575050473213196], [0.19181689620018005, -0.049265798181295395], [-0.01447821594774723, 0.03254455700516701], [-0.1358070820569992, 0.21615619957447052]]",False
early_neutral,4,569,0.8103965344885038,-1,[0],"[[-0.7772442102432251, -0.008607478812336922], [-0.15082629024982452, 0.0367584303021431], [0.20196384191513062, -0.04802805557847023], [-0.022194070741534233, 0.03509921580553055], [-0.1487848162651062, 0.21830356121063232]]",False
early_neutral,4,570,0.8100633122292569,-1,[0],"[[-0.7772442102432251, -0.008607478812336922], [-0.15681160986423492, 0.028798069804906845], [0.21251824498176575, -0.04652341827750206], [-0.030553629621863365, 0.03827643766999245], [-0.16193005442619324, 0.22060197591781616]]",False
early_neutral,4,571,0.80973008997001,-1,[0],"[[-0.7772442102432251, -0.008607478812336922], [-0.16288058459758759, 0.020728247240185738], [0.22149084508419037, -0.045115742832422256], [-0.03956243395805359, 0.04184398800134659], [-0.17519386112689972, 0.22303375601768494]]",False
early_neutral,4,572,0.809396867710763,-1,[0],"[[-0.7772442102432251, -0.008607478812336922], [-0.1689910739660263, 0.012607729993760586], [0.2303883582353592, -0.04361627623438835], [-0.049093831330537796, 0.0457802377641201], [-0.1886051893234253, 0.2254316508769989]]",False
early_neutral,4,573,0.8090636454515162,-1,[0],"[[-0.7772442102432251, -0.008607478812336922], [-0.17463418841362, 0.005356349516659975], [0.23928427696228027, -0.042112868279218674], [-0.05892367660999298, 0.05021443963050842], [-0.20214730501174927, 0.22775688767433167]]",False
early_neutral,4,574,0.8087304231922693,-1,[0],"[[-0.7772442102432251, -0.008607478812336922], [-0.179828479886055, 0.00027599246823228896], [0.2482202649116516, -0.04069782420992851], [-0.06872410327196121, 0.05526614934206009], [-0.2157018780708313, 0.23023299872875214]]",True
early_neutral,4,575,0.8083972009330224,-1,[0],"[[-0.7771977782249451, -0.008576806634664536], [-0.1836034655570984, -0.0034038559533655643], [0.25714680552482605, -0.039058566093444824], [-0.07893592119216919, 0.06042272970080376], [-0.22916065156459808, 0.23304207623004913]]",True
early_neutral,4,576,0.8080639786737754,-1,[0],"[[-0.7750986814498901, -0.0071823797188699245], [-0.18604347109794617, -0.006229207385331392], [0.2660074234008789, -0.037520308047533035], [-0.09004312753677368, 0.06512785702943802], [-0.2424766719341278, 0.23620523512363434]]",True
early_neutral,4,577,0.8077307564145285,-1,[0],"[[-0.7726469039916992, -0.005538243800401688], [-0.1881898194551468, -0.008134073577821255], [0.2748086750507355, -0.036201830953359604], [-0.10189096629619598, 0.06934916228055954], [-0.2555627226829529, 0.23980435729026794]]",True
early_neutral,4,578,0.8073975341552816,-1,[0],"[[-0.7706676721572876, -0.004215441178530455], [-0.18867367506027222, -0.0074991583824157715], [0.2835593819618225, -0.034927722066640854], [-0.11443187296390533, 0.0729360282421112], [-0.268306702375412, 0.2437993288040161]]",True
early_neutral,4,579,0.8070643118960347,-1,[0],"[[-0.7694534659385681, -0.003439675783738494], [-0.18580377101898193, -0.007265291642397642], [0.28997963666915894, -0.03353508561849594], [-0.12735919654369354, 0.07581264525651932], [-0.27874019742012024, 0.2471667379140854]]",True
early_neutral,4,580,0.8067310896367877,-1,[0],"[[-0.766606330871582, -0.0032620502170175314], [-0.18111346662044525, -0.007458312902599573], [0.2942648231983185, -0.0324743278324604], [-0.137656107544899, 0.0778423547744751], [-0.28527548909187317, 0.24915866553783417]]",True
early_neutral,4,581,0.8063978673775408,-1,[0],"[[-0.7619242668151855, -0.003146809060126543], [-0.17498306930065155, -0.007573161739856005], [0.29849210381507874, -0.03189652040600777], [-0.14429602026939392, 0.07864665985107422], [-0.2892879247665405, 0.2503238022327423]]",True
early_neutral,4,582,0.8060646451182939,-1,[0],"[[-0.7566229104995728, -0.0028961235657334328], [-0.16909657418727875, -0.007072402164340019], [0.30222320556640625, -0.03207641839981079], [-0.15067583322525024, 0.0791647732257843], [-0.2894301116466522, 0.25036513805389404]]",True
early_neutral,4,583,0.805731422859047,-1,[0],"[[-0.7539129853248596, -0.0028062521014362574], [-0.16200363636016846, -0.008051418699324131], [0.3072305917739868, -0.03250560536980629], [-0.15691138803958893, 0.079647958278656], [-0.2894301116466522, 0.25036513805389404]]",True
early_neutral,4,584,0.8053982005998,-1,[0],"[[-0.7535853385925293, -0.0028022672049701214], [-0.15556150674819946, -0.010045702569186687], [0.3131037652492523, -0.03260721638798714], [-0.16174247860908508, 0.0800044909119606], [-0.2894301116466522, 0.25036513805389404]]",True
early_neutral,4,585,0.8050649783405531,-1,[0],"[[-0.75193852186203, -0.003947652876377106], [-0.15046001970767975, -0.013158338144421577], [0.31721726059913635, -0.03252207860350609], [-0.1620716154575348, 0.08002816140651703], [-0.2894301116466522, 0.25036513805389404]]",True
early_neutral,4,586,0.8047317560813062,-1,[0],"[[-0.7488818764686584, -0.00622807489708066], [-0.14460089802742004, -0.016919448971748352], [0.31774166226387024, -0.03292097523808479], [-0.16206973791122437, 0.07983800768852234], [-0.2894301116466522, 0.25036513805389404]]",True
early_neutral,4,587,0.8043985338220593,-1,[0],"[[-0.7455702424049377, -0.00887555442750454], [-0.13796882331371307, -0.021024754270911217], [0.3178572952747345, -0.03347458690404892], [-0.16232830286026, 0.07763387262821198], [-0.2894301116466522, 0.25036513805389404]]",True
early_neutral,4,588,0.8040653115628124,-1,[0],"[[-0.7427917718887329, -0.011094894260168076], [-0.1315685361623764, -0.0248421523720026], [0.31784117221832275, -0.033723972737789154], [-0.16331176459789276, 0.07446737587451935], [-0.2894301116466522, 0.25036513805389404]]",True
early_neutral,4,589,0.8037320893035654,-1,[0],"[[-0.7398096919059753, -0.013448528945446014], [-0.12574632465839386, -0.028346579521894455], [0.317808598279953, -0.033751629292964935], [-0.1647709459066391, 0.07050727307796478], [-0.2894301116466522, 0.25036513805389404]]",True
early_neutral,4,590,0.8033988670443185,-1,[0],"[[-0.7369189262390137, -0.01569388248026371], [-0.11917847394943237, -0.03253040462732315], [0.3165706396102905, -0.03462888300418854], [-0.16572196781635284, 0.06636800616979599], [-0.28931352496147156, 0.25032883882522583]]",True
early_neutral,4,591,0.8030656447850717,-1,[0],"[[-0.733535647392273, -0.018168330192565918], [-0.11268380284309387, -0.03676241263747215], [0.3140219449996948, -0.03622938692569733], [-0.1660788357257843, 0.062189873307943344], [-0.28661420941352844, 0.2492934614419937]]",True
early_neutral,4,592,0.8027324225258248,-1,[0],"[[-0.7300156950950623, -0.020562386140227318], [-0.10618557780981064, -0.040992122143507004], [0.30986055731773376, -0.03718094527721405], [-0.1656695157289505, 0.05801435932517052], [-0.28286996483802795, 0.24738019704818726]]",True
early_neutral,4,593,0.8023992002665779,-1,[0],"[[-0.7264074683189392, -0.022847605869174004], [-0.09958719462156296, -0.04530804976820946], [0.3090306520462036, -0.037510067224502563], [-0.16447772085666656, 0.05390285328030586], [-0.28026604652404785, 0.245783731341362]]",True
early_neutral,4,594,0.8020659780073309,-1,[0],"[[-0.7243852019309998, -0.024153918027877808], [-0.09284480661153793, -0.049753352999687195], [0.3094661831855774, -0.03768881410360336], [-0.16252298653125763, 0.04991687089204788], [-0.28024980425834656, 0.24577385187149048]]",True
early_neutral,4,595,0.801732755748084,-1,[0],"[[-0.7231504321098328, -0.02501361072063446], [-0.08634556084871292, -0.05398239940404892], [0.31221216917037964, -0.037901490926742554], [-0.15983539819717407, 0.04611588642001152], [-0.27977225184440613, 0.24564038217067719]]",True
early_neutral,4,596,0.8013995334888371,-1,[0],"[[-0.7231504321098328, -0.02501361072063446], [-0.0788813903927803, -0.05869687348604202], [0.31661954522132874, -0.03815450146794319], [-0.15650546550750732, 0.0425354465842247], [-0.27651751041412354, 0.24466614425182343]]",True
early_neutral,4,597,0.8010663112295902,-1,[0],"[[-0.7231504321098328, -0.02501361072063446], [-0.07448434829711914, -0.06324058771133423], [0.3211553394794464, -0.038394056260585785], [-0.15269416570663452, 0.03916417807340622], [-0.2720054090023041, 0.2431807667016983]]",True
early_neutral,4,598,0.8007330889703432,-1,[0],"[[-0.7234460711479187, -0.026379389688372612], [-0.07224248349666595, -0.06756151467561722], [0.32249951362609863, -0.03840647637844086], [-0.14845646917819977, 0.03601518273353577], [-0.26981520652770996, 0.24243028461933136]]",True
early_neutral,4,599,0.8003998667110963,-1,[0],"[[-0.7244327068328857, -0.029096700251102448], [-0.07204511761665344, -0.07217749208211899], [0.32224899530410767, -0.038439661264419556], [-0.14404860138893127, 0.03296560049057007], [-0.26981520652770996, 0.24243028461933136]]",True
early_neutral,4,600,0.8000666444518494,-1,[0],"[[-0.7258076071739197, -0.03190072625875473], [-0.07207220792770386, -0.07611801475286484], [0.3189484775066376, -0.03877684101462364], [-0.13954171538352966, 0.029977921396493912], [-0.26981520652770996, 0.24243028461933136]]",True
early_neutral,4,601,0.7997334221926025,-1,[0],"[[-0.7266947031021118, -0.034389644861221313], [-0.07207059860229492, -0.07914292067289352], [0.31423112750053406, -0.039224348962306976], [-0.13497143983840942, 0.027031201869249344], [-0.26981520652770996, 0.24243028461933136]]",True
early_neutral,4,602,0.7994001999333555,-1,[0],"[[-0.7271995544433594, -0.03693331778049469], [-0.07205680757761002, -0.08065807819366455], [0.3083597421646118, -0.03975789621472359], [-0.13060909509658813, 0.024247203022241592], [-0.26969751715660095, 0.2423955351114273]]",True
early_neutral,4,603,0.7990669776741086,-1,[0],"[[-0.7275868058204651, -0.03965245932340622], [-0.07157819718122482, -0.08071485161781311], [0.3012651205062866, -0.04044841229915619], [-0.1294184923171997, 0.02349766530096531], [-0.26693105697631836, 0.24143563210964203]]",True
early_neutral,4,604,0.7987337554148617,-1,[0],"[[-0.7277847528457642, -0.041042037308216095], [-0.0697808489203453, -0.08035709708929062], [0.2924801707267761, -0.04137057811021805], [-0.1294184923171997, 0.02349766530096531], [-0.2629680037498474, 0.23971599340438843]]",True
early_neutral,4,605,0.7984005331556148,-1,[0],"[[-0.7277843952178955, -0.040679894387722015], [-0.06963427364826202, -0.07858984172344208], [0.2830101251602173, -0.04240034893155098], [-0.1294184923171997, 0.02349766530096531], [-0.2601301670074463, 0.23829764127731323]]",True
early_neutral,4,606,0.7980673108963678,-1,[0],"[[-0.727594256401062, -0.03831419348716736], [-0.06964384764432907, -0.07664542645215988], [0.2727063298225403, -0.04354701191186905], [-0.1294184923171997, 0.02349766530096531], [-0.260112464427948, 0.23828883469104767]]",True
early_neutral,4,607,0.7977340886371209,-1,[0],"[[-0.7273003458976746, -0.03500974178314209], [-0.06965040415525436, -0.07455137372016907], [0.2621130645275116, -0.044910650700330734], [-0.1294184923171997, 0.02349766530096531], [-0.260112464427948, 0.23828883469104767]]",True
early_neutral,4,608,0.797400866377874,-1,[0],"[[-0.7268900871276855, -0.03076590783894062], [-0.0696539580821991, -0.0717214047908783], [0.2512754499912262, -0.04667995870113373], [-0.1294184923171997, 0.02349766530096531], [-0.260112464427948, 0.23828883469104767]]",True
early_neutral,4,609,0.7970676441186271,-1,[0],"[[-0.7263469099998474, -0.0256557147949934], [-0.06973161548376083, -0.07054296135902405], [0.23996008932590485, -0.0488571897149086], [-0.1294184923171997, 0.02349766530096531], [-0.260112464427948, 0.23828883469104767]]",True
early_neutral,4,610,0.7967344218593803,-1,[0],"[[-0.7258254885673523, -0.021237898617982864], [-0.0697648897767067, -0.06712563335895538], [0.2283552885055542, -0.05160989984869957], [-0.1294184923171997, 0.02349766530096531], [-0.2588595151901245, 0.23663757741451263]]",True
early_neutral,4,611,0.7964011996001333,-1,[0],"[[-0.7254090905189514, -0.01819632202386856], [-0.06975959986448288, -0.06179121509194374], [0.21679066121578217, -0.05517086759209633], [-0.1294184923171997, 0.02349766530096531], [-0.25618618726730347, 0.2339935600757599]]",True
early_neutral,4,612,0.7960679773408864,-1,[0],"[[-0.7249557971954346, -0.015100257471203804], [-0.06974613666534424, -0.055642008781433105], [0.20692071318626404, -0.05847273766994476], [-0.1294184923171997, 0.02349766530096531], [-0.25240814685821533, 0.23079617321491241]]",True
early_neutral,4,613,0.7957347550816395,-1,[0],"[[-0.7245639562606812, -0.01111111044883728], [-0.06974616646766663, -0.049661148339509964], [0.2004905641078949, -0.06062386557459831], [-0.12940901517868042, 0.023517277091741562], [-0.2506876289844513, 0.22626081109046936]]",True
early_neutral,4,614,0.7954015328223926,-1,[0],"[[-0.7243741154670715, -0.006958219222724438], [-0.06818189471960068, -0.04228108748793602], [0.19566981494426727, -0.062236592173576355], [-0.12878647446632385, 0.025283947587013245], [-0.25018736720085144, 0.22080567479133606]]",True
early_neutral,4,615,0.7950683105631456,-1,[0],"[[-0.7243093252182007, -0.0030887587927281857], [-0.06786060333251953, -0.03605981916189194], [0.19316306710243225, -0.06307519972324371], [-0.12827037274837494, 0.028192032128572464], [-0.24980077147483826, 0.21683311462402344]]",False
early_neutral,4,616,0.7947350883038987,-1,[0],"[[-0.7243032455444336, 0.0007809292292222381], [-0.0678594559431076, -0.03156077116727829], [0.19426307082176208, -0.06352520734071732], [-0.12829384207725525, 0.031052999198436737], [-0.24972966313362122, 0.21629711985588074]]",False
early_neutral,4,617,0.7944018660446518,-1,[0],"[[-0.7255129814147949, 0.0047724926844239235], [-0.06735403835773468, -0.0280349962413311], [0.1981939822435379, -0.06397570669651031], [-0.1283496469259262, 0.03421987593173981], [-0.24914570152759552, 0.21552793681621552]]",False
early_neutral,4,618,0.7940686437854049,-1,[0],"[[-0.7293386459350586, 0.00901846680790186], [-0.06638326495885849, -0.02570727840065956], [0.20351552963256836, -0.06428281962871552], [-0.12824136018753052, 0.03789612650871277], [-0.24713923037052155, 0.213087797164917]]",False
early_neutral,4,619,0.793735421526158,-1,[0],"[[-0.7341369986534119, 0.013760021887719631], [-0.0654134750366211, -0.025667710229754448], [0.21019954979419708, -0.06452636420726776], [-0.12838537991046906, 0.04115910455584526], [-0.24417556822299957, 0.20986627042293549]]",False
early_neutral,4,620,0.793402199266911,-1,[0],"[[-0.7392560839653015, 0.018946491181850433], [-0.06300178915262222, -0.027359316125512123], [0.21813420951366425, -0.06466058641672134], [-0.12819847464561462, 0.04438837990164757], [-0.24055884778499603, 0.20582851767539978]]",True
early_neutral,4,621,0.7930689770076641,-1,[0],"[[-0.7448650002479553, 0.024619193747639656], [-0.05993586778640747, -0.03000611811876297], [0.22715072333812714, -0.06467440724372864], [-0.12769123911857605, 0.04866885393857956], [-0.23677639663219452, 0.2009078711271286]]",True
early_neutral,4,622,0.7927357547484172,-1,[0],"[[-0.7494013905525208, 0.02959180623292923], [-0.056208573281764984, -0.03350874409079552], [0.2363404482603073, -0.0645730122923851], [-0.12754535675048828, 0.053636811673641205], [-0.23347847163677216, 0.19601751863956451]]",True
early_neutral,4,623,0.7924025324891703,-1,[0],"[[-0.7498471736907959, 0.03304328769445419], [-0.05243723466992378, -0.037334732711315155], [0.24552606046199799, -0.06436687707901001], [-0.12689945101737976, 0.05784890428185463], [-0.23095481097698212, 0.19216641783714294]]",True
early_neutral,4,624,0.7920693102299233,-1,[0],"[[-0.7494282722473145, 0.03667425736784935], [-0.048914749175310135, -0.0408380888402462], [0.2547067403793335, -0.06408191472291946], [-0.1266031116247177, 0.06330544501543045], [-0.2285742461681366, 0.1883862167596817]]",False
early_neutral,4,625,0.7917360879706764,-1,[0],"[[-0.7517849802970886, 0.040865279734134674], [-0.04531535133719444, -0.04433910548686981], [0.2636094093322754, -0.06373342126607895], [-0.12652085721492767, 0.06796760112047195], [-0.22780632972717285, 0.18678662180900574]]",False
early_neutral,4,626,0.7914028657114295,-1,[0],"[[-0.7557857632637024, 0.045477643609046936], [-0.04149625077843666, -0.04847114905714989], [0.27014806866645813, -0.06339507550001144], [-0.1275883913040161, 0.07141773402690887], [-0.2278977483510971, 0.18646177649497986]]",False
early_neutral,4,627,0.7910696434521826,-1,[0],"[[-0.7605090737342834, 0.05065031722187996], [-0.03764388710260391, -0.053478557616472244], [0.27654892206192017, -0.06297247856855392], [-0.13128507137298584, 0.07346056401729584], [-0.22948114573955536, 0.18582715094089508]]",False
early_neutral,4,628,0.7907364211929356,-1,[0],"[[-0.7659196257591248, 0.05627250671386719], [-0.033943623304367065, -0.05900916829705238], [0.28283268213272095, -0.06230507045984268], [-0.136919766664505, 0.0751735121011734], [-0.2316957414150238, 0.18498744070529938]]",False
early_neutral,4,629,0.7904031989336888,-1,[0],"[[-0.7718315720558167, 0.06214245781302452], [-0.030127258971333504, -0.06495271623134613], [0.2887962758541107, -0.06170567870140076], [-0.14386726915836334, 0.07716061174869537], [-0.23304951190948486, 0.1844722032546997]]",False
early_neutral,4,630,0.7900699766744419,-1,[0],"[[-0.7780568599700928, 0.06820059567689896], [-0.02612263336777687, -0.07139693200588226], [0.2944979667663574, -0.06120939552783966], [-0.15201428532600403, 0.07934535294771194], [-0.23352551460266113, 0.1842862367630005]]",False
early_neutral,4,631,0.789736754415195,-1,[0],"[[-0.7845647931098938, 0.0744277685880661], [-0.022168677300214767, -0.0780053436756134], [0.2998197674751282, -0.06069844961166382], [-0.160545215010643, 0.08159463852643967], [-0.23311050236225128, 0.1836760938167572]]",False
early_neutral,4,632,0.789403532155948,-1,[0],"[[-0.7893671989440918, 0.07901440560817719], [-0.018107527866959572, -0.08503943681716919], [0.3049236834049225, -0.06010935455560684], [-0.1659010499715805, 0.08407098799943924], [-0.2312144637107849, 0.18286895751953125]]",True
early_neutral,4,633,0.7890703098967011,-1,[0],"[[-0.7934026718139648, 0.08288747072219849], [-0.013082575984299183, -0.09216567128896713], [0.30782395601272583, -0.05973576381802559], [-0.16901330649852753, 0.08771256357431412], [-0.23023876547813416, 0.18532200157642365]]",True
early_neutral,4,634,0.7887370876374542,-1,[0],"[[-0.7955955862998962, 0.08518597483634949], [-0.004729136824607849, -0.09812254458665848], [0.3079267144203186, -0.059721190482378006], [-0.17157107591629028, 0.09155187755823135], [-0.229305699467659, 0.1883983165025711]]",True
early_neutral,4,635,0.7884038653782073,-1,[0],"[[-0.795931339263916, 0.08570978790521622], [0.0046665552072227, -0.10355865210294724], [0.3066404163837433, -0.05917556583881378], [-0.17332571744918823, 0.0950174629688263], [-0.22898602485656738, 0.1908576637506485]]",True
early_neutral,4,636,0.7880706431189604,-1,[0],"[[-0.7951458692550659, 0.08536329120397568], [0.010520128533244133, -0.10899320244789124], [0.3030579686164856, -0.05786021798849106], [-0.1735883206129074, 0.09555833786725998], [-0.2281751185655594, 0.19354836642742157]]",True
early_neutral,4,637,0.7877374208597134,-1,[0],"[[-0.792113184928894, 0.08362807333469391], [0.011182083748281002, -0.1140415370464325], [0.2983071804046631, -0.056340016424655914], [-0.17360909283161163, 0.0955992192029953], [-0.2279244214296341, 0.194340318441391]]",True
early_neutral,4,638,0.7874041986004665,-1,[0],"[[-0.7885648012161255, 0.08086606860160828], [0.009588233195245266, -0.11965446174144745], [0.2964996099472046, -0.05560290440917015], [-0.17464657127857208, 0.09755825996398926], [-0.22790184617042542, 0.19393290579319]]",True
early_neutral,4,639,0.7870709763412196,-1,[0],"[[-0.7844905257225037, 0.07717341184616089], [0.006766847334802151, -0.12576159834861755], [0.2966417670249939, -0.05529304966330528], [-0.17638105154037476, 0.1006244346499443], [-0.22611677646636963, 0.1942320019006729]]",True
early_neutral,4,640,0.7867377540819727,-1,[0],"[[-0.7798106074333191, 0.07270485907793045], [0.0030208362732082605, -0.13203279674053192], [0.296740859746933, -0.05495055392384529], [-0.17836232483386993, 0.10393082350492477], [-0.22202451527118683, 0.19426512718200684]]",True
early_neutral,4,641,0.7864045318227257,-1,[0],"[[-0.7741165161132812, 0.06820053607225418], [-0.0015229112468659878, -0.13842524588108063], [0.29648318886756897, -0.05413250997662544], [-0.17867721617221832, 0.10445545613765717], [-0.217178076505661, 0.19426050782203674]]",True
early_neutral,4,642,0.7860713095634788,-1,[0],"[[-0.7668015360832214, 0.06502145528793335], [-0.006928018759936094, -0.14506013691425323], [0.2956776022911072, -0.0528566874563694], [-0.17867721617221832, 0.10445545613765717], [-0.21059265732765198, 0.19414445757865906]]",True
early_neutral,4,643,0.7857380873042319,-1,[0],"[[-0.7590308785438538, 0.06213003769516945], [-0.013153411448001862, -0.15187028050422668], [0.2954034209251404, -0.052507996559143066], [-0.17867721617221832, 0.10445545613765717], [-0.2025115191936493, 0.19406607747077942]]",True
early_neutral,4,644,0.785404865044985,-1,[0],"[[-0.7539807558059692, 0.060434430837631226], [-0.020463906228542328, -0.1586209237575531], [0.29540276527404785, -0.0525074377655983], [-0.17900149524211884, 0.10536717623472214], [-0.19342340528964996, 0.19406938552856445]]",True
early_neutral,4,645,0.785071642785738,-1,[0],"[[-0.7492772340774536, 0.05927790701389313], [-0.027295930311083794, -0.16414006054401398], [0.29540276527404785, -0.0525074377655983], [-0.18025147914886475, 0.10787991434335709], [-0.18403784930706024, 0.19340382516384125]]",True
early_neutral,4,646,0.7847384205264911,-1,[0],"[[-0.7447719573974609, 0.05714736878871918], [-0.033888448029756546, -0.16830413043498993], [0.29540276527404785, -0.0525074377655983], [-0.1823437511920929, 0.11093097180128098], [-0.1763904094696045, 0.19201408326625824]]",True
early_neutral,4,647,0.7844051982672442,-1,[0],"[[-0.7412441968917847, 0.053954679518938065], [-0.04107477143406868, -0.1720290184020996], [0.29569709300994873, -0.0522511824965477], [-0.1828489601612091, 0.11160577833652496], [-0.1703275591135025, 0.18989835679531097]]",True
early_neutral,4,648,0.7840719760079974,-1,[0],"[[-0.7384646534919739, 0.05105837807059288], [-0.04878709465265274, -0.17527811229228973], [0.29723963141441345, -0.05072592943906784], [-0.1828489601612091, 0.11160577833652496], [-0.16512244939804077, 0.1866672933101654]]",True
early_neutral,4,649,0.7837387537487505,-1,[0],"[[-0.7364696860313416, 0.04908875375986099], [-0.05695255845785141, -0.17801836133003235], [0.29912039637565613, -0.04837871342897415], [-0.1828489601612091, 0.11160577833652496], [-0.15958693623542786, 0.1832484006881714]]",True
early_neutral,4,650,0.7834055314895035,-1,[0],"[[-0.7339740991592407, 0.04674186185002327], [-0.06551573425531387, -0.18018317222595215], [0.3011556565761566, -0.04510051757097244], [-0.1828489601612091, 0.11160577833652496], [-0.15304812788963318, 0.1784573644399643]]",True
early_neutral,4,651,0.7830723092302566,-1,[0],"[[-0.7316868901252747, 0.04489379748702049], [-0.07438883185386658, -0.18173182010650635], [0.3029874861240387, -0.041465338319540024], [-0.1828489601612091, 0.11160577833652496], [-0.1460956186056137, 0.17591795325279236]]",True
early_neutral,4,652,0.7827390869710097,-1,[0],"[[-0.7275410294532776, 0.04478226974606514], [-0.08195900171995163, -0.18251581490039825], [0.3046343922615051, -0.037391044199466705], [-0.1828489601612091, 0.11160577833652496], [-0.13945461809635162, 0.17467741668224335]]",True
early_neutral,4,653,0.7824058647117628,-1,[0],"[[-0.7234505414962769, 0.04690471291542053], [-0.08838711678981781, -0.18249446153640747], [0.3051460087299347, -0.03358379006385803], [-0.1828489601612091, 0.11160577833652496], [-0.13224391639232635, 0.17460212111473083]]",True
early_neutral,4,654,0.7820726424525158,-1,[0],"[[-0.7207612991333008, 0.04862884432077408], [-0.09422147274017334, -0.18198400735855103], [0.30211663246154785, -0.031041810289025307], [-0.1828489601612091, 0.11160577833652496], [-0.1250443160533905, 0.1729363650083542]]",True
early_neutral,4,655,0.7817394201932689,-1,[0],"[[-0.718173623085022, 0.050357621163129807], [-0.09544108062982559, -0.1818603277206421], [0.29737699031829834, -0.028874192386865616], [-0.1828489601612091, 0.11160577833652496], [-0.11756188422441483, 0.17139944434165955]]",True
early_neutral,4,656,0.781406197934022,-1,[0],"[[-0.7154363989830017, 0.052253417670726776], [-0.09544108062982559, -0.1818603277206421], [0.2916460633277893, -0.026556622236967087], [-0.1828489601612091, 0.11160577833652496], [-0.11149813234806061, 0.16926684975624084]]",True
early_neutral,4,657,0.7810729756747751,-1,[0],"[[-0.7132092118263245, 0.05384080111980438], [-0.09715196490287781, -0.18068209290504456], [0.2843364477157593, -0.024591196328401566], [-0.1828489601612091, 0.11160577833652496], [-0.10630686581134796, 0.16602396965026855]]",True
early_neutral,4,658,0.7807397534155281,-1,[0],"[[-0.7124027609825134, 0.054416246712207794], [-0.09989018738269806, -0.17836664617061615], [0.2753589153289795, -0.022911055013537407], [-0.1828489601612091, 0.11160577833652496], [-0.10074792802333832, 0.1626463085412979]]",True
early_neutral,4,659,0.7804065311562812,-1,[0],"[[-0.7123443484306335, 0.05426385626196861], [-0.10226160287857056, -0.17592214047908783], [0.26559051871299744, -0.021195491775870323], [-0.1828489601612091, 0.11160577833652496], [-0.09431777894496918, 0.15896205604076385]]",True
early_neutral,4,660,0.7800733088970343,-1,[0],"[[-0.7123743295669556, 0.05207817628979683], [-0.10240723192691803, -0.17576992511749268], [0.2551245093345642, -0.01946900226175785], [-0.18272371590137482, 0.11253760755062103], [-0.08806776255369186, 0.15548506379127502]]",True
early_neutral,4,661,0.7797400866377874,-1,[0],"[[-0.7126154899597168, 0.048946451395750046], [-0.10239800810813904, -0.17564117908477783], [0.2445373684167862, -0.017688807100057602], [-0.18245139718055725, 0.11515284329652786], [-0.08203607052564621, 0.15190860629081726]]",True
early_neutral,4,662,0.7794068643785405,-1,[0],"[[-0.7114324569702148, 0.04520432651042938], [-0.10197187960147858, -0.1733885407447815], [0.23334971070289612, -0.01576077938079834], [-0.18220281600952148, 0.118709035217762], [-0.07545024901628494, 0.1477297693490982]]",True
early_neutral,4,663,0.7790736421192935,-1,[0],"[[-0.7090007662773132, 0.04142593592405319], [-0.10070230811834335, -0.17011293768882751], [0.22161951661109924, -0.01368169579654932], [-0.1818051040172577, 0.12257951498031616], [-0.06889483332633972, 0.14345683157444]]",True
early_neutral,4,664,0.7787404198600466,-1,[0],"[[-0.7072497606277466, 0.03765525296330452], [-0.09787812829017639, -0.1666216254234314], [0.20946988463401794, -0.011405661702156067], [-0.18116621673107147, 0.12665294110774994], [-0.0623813234269619, 0.13922251760959625]]",True
early_neutral,4,665,0.7784071976007997,-1,[0],"[[-0.7098182439804077, 0.0350969024002552], [-0.09294445812702179, -0.1642308235168457], [0.19693215191364288, -0.009121691808104515], [-0.1802741289138794, 0.13079851865768433], [-0.05540966987609863, 0.13448800146579742]]",True
early_neutral,4,666,0.7780739753415529,-1,[0],"[[-0.7151795029640198, 0.03310341387987137], [-0.08731342107057571, -0.16222047805786133], [0.183811217546463, -0.007682506926357746], [-0.1770920753479004, 0.13412722945213318], [-0.04834688454866409, 0.1307370364665985]]",True
early_neutral,4,667,0.777740753082306,-1,[0],"[[-0.7219129204750061, 0.030901186168193817], [-0.08046065270900726, -0.16154922544956207], [0.1702960580587387, -0.007229585200548172], [-0.17221032083034515, 0.13674335181713104], [-0.04153616353869438, 0.12888102233409882]]",True
early_neutral,4,668,0.777407530823059,-1,[0],"[[-0.7298455238342285, 0.028444651514291763], [-0.07226117700338364, -0.16155581176280975], [0.15696562826633453, -0.008264844305813313], [-0.16660985350608826, 0.138551265001297], [-0.0348043218255043, 0.12854041159152985]]",True
early_neutral,4,669,0.7770743085638121,-1,[0],"[[-0.7382805347442627, 0.025937320664525032], [-0.06297147274017334, -0.16135777533054352], [0.1452959179878235, -0.01151011511683464], [-0.16049908101558685, 0.13928642868995667], [-0.02691708318889141, 0.12884823977947235]]",True
early_neutral,4,670,0.7767410863045652,-1,[0],"[[-0.7472957372665405, 0.023280538618564606], [-0.05273789167404175, -0.16114413738250732], [0.13385462760925293, -0.01551071461290121], [-0.15418344736099243, 0.13998696208000183], [-0.0181827824562788, 0.12946997582912445]]",True
early_neutral,4,671,0.7764078640453183,-1,[0],"[[-0.7570555806159973, 0.02042095549404621], [-0.041696298867464066, -0.16092616319656372], [0.12263564765453339, -0.02014334499835968], [-0.14780472218990326, 0.14052505791187286], [-0.010746259242296219, 0.13006657361984253]]",True
early_neutral,4,672,0.7760746417860713,-1,[0],"[[-0.7670596837997437, 0.017497876659035683], [-0.029918579384684563, -0.1607109010219574], [0.11210079491138458, -0.02511182241141796], [-0.14138011634349823, 0.14072707295417786], [-0.004961046390235424, 0.1301589012145996]]",False
early_neutral,4,673,0.7757414195268244,-1,[0],"[[-0.7776351571083069, 0.014413600787520409], [-0.017540661618113518, -0.16051481664180756], [0.1043536439538002, -0.028557874262332916], [-0.13745810091495514, 0.14081178605556488], [0.0014307890087366104, 0.1301376223564148]]",False
early_neutral,4,674,0.7754081972675775,-1,[0],"[[-0.787457287311554, 0.010853906162083149], [-0.007040991447865963, -0.16029372811317444], [0.09819900989532471, -0.03072194755077362], [-0.13676035404205322, 0.1408986896276474], [0.008663238026201725, 0.13010644912719727]]",False
early_neutral,4,675,0.7750749750083306,-1,[0],"[[-0.7925922274589539, 0.007132695522159338], [-0.0015148279489949346, -0.15997935831546783], [0.09548729658126831, -0.0316631980240345], [-0.13676035404205322, 0.1408986896276474], [0.013976027257740498, 0.13032697141170502]]",False
early_neutral,4,676,0.7747417527490836,-1,[0],"[[-0.7923989295959473, 0.003183121560141444], [0.00043441992602311075, -0.15963570773601532], [0.09531104564666748, -0.03182411938905716], [-0.13676035404205322, 0.1408986896276474], [0.01703009381890297, 0.13066110014915466]]",False
early_neutral,4,677,0.7744085304898367,-1,[0],"[[-0.7890099883079529, -0.0011638605501502752], [-0.0012778535019606352, -0.15949128568172455], [0.09694468975067139, -0.03203113004565239], [-0.13679185509681702, 0.14089703559875488], [0.01667756401002407, 0.13156932592391968]]",False
early_neutral,4,678,0.7740753082305898,-1,[0],"[[-0.7845866680145264, -0.006029015406966209], [-0.0016428031958639622, -0.1594708114862442], [0.10109289735555649, -0.032354049384593964], [-0.13953961431980133, 0.1406010389328003], [0.014727883040904999, 0.13365396857261658]]",False
early_neutral,4,679,0.7737420859713429,-1,[0],"[[-0.7800474166870117, -0.011343251913785934], [-0.0006925693596713245, -0.15858818590641022], [0.10640820115804672, -0.03247445076704025], [-0.14386200904846191, 0.13979171216487885], [0.01184125617146492, 0.13646595180034637]]",False
early_neutral,4,680,0.7734088637120959,-1,[0],"[[-0.7751434445381165, -0.017157841473817825], [0.002056141383945942, -0.15621121227741241], [0.11232559382915497, -0.03256102651357651], [-0.14868083596229553, 0.137911856174469], [0.008090013638138771, 0.13998539745807648]]",False
early_neutral,4,681,0.773075641452849,-1,[0],"[[-0.7699993848800659, -0.02332800254225731], [0.004930389579385519, -0.15286895632743835], [0.11889581382274628, -0.03269236907362938], [-0.15273989737033844, 0.13488012552261353], [0.003626939607784152, 0.14404016733169556]]",False
early_neutral,4,682,0.7727424191936021,-1,[0],"[[-0.7647243738174438, -0.02975667268037796], [0.006781416945159435, -0.14848805963993073], [0.12614478170871735, -0.033126216381788254], [-0.1565781831741333, 0.1315539926290512], [-0.0015709034632891417, 0.14866293966770172]]",False
early_neutral,4,683,0.7724091969343552,-1,[0],"[[-0.7592133283615112, -0.03656580299139023], [0.008615614846348763, -0.14343100786209106], [0.13528761267662048, -0.034213837236166], [-0.1579608917236328, 0.12769053876399994], [-0.0071049099788069725, 0.15348905324935913]]",False
early_neutral,4,684,0.7720759746751082,-1,[0],"[[-0.7535099387168884, -0.043712276965379715], [0.010408742353320122, -0.13832420110702515], [0.14511209726333618, -0.035926561802625656], [-0.15804198384284973, 0.12353287637233734], [-0.012901240959763527, 0.15848113596439362]]",False
early_neutral,4,685,0.7717427524158614,-1,[0],"[[-0.7477105259895325, -0.051147788763046265], [0.011862005107104778, -0.13413892686367035], [0.1552131474018097, -0.037882521748542786], [-0.15769313275814056, 0.11895404756069183], [-0.0192628912627697, 0.16390296816825867]]",False
early_neutral,4,686,0.7714095301566145,-1,[0],"[[-0.7424532175064087, -0.05797351896762848], [0.013254063203930855, -0.13055668771266937], [0.16590505838394165, -0.04009668156504631], [-0.15645241737365723, 0.11360511928796768], [-0.025895968079566956, 0.16944216191768646]]",False
early_neutral,4,687,0.7710763078973676,-1,[0],"[[-0.7393438220024109, -0.0620105005800724], [0.014708271250128746, -0.12681452929973602], [0.17518050968647003, -0.04254842549562454], [-0.15413647890090942, 0.107805535197258], [-0.032973211258649826, 0.17520201206207275]]",False
early_neutral,4,688,0.7707430856381207,-1,[0],"[[-0.7390275597572327, -0.062441062182188034], [0.01606801338493824, -0.12331545352935791], [0.1825793981552124, -0.04659753665328026], [-0.15072570741176605, 0.10185323655605316], [-0.04049849882721901, 0.18124336004257202]]",False
early_neutral,4,689,0.7704098633788737,-1,[0],"[[-0.7408919930458069, -0.0605289489030838], [0.017414957284927368, -0.11954305320978165], [0.18786731362342834, -0.050232186913490295], [-0.14604568481445312, 0.09566329419612885], [-0.04831184819340706, 0.1875859647989273]]",False
early_neutral,4,690,0.7700766411196268,-1,[0],"[[-0.7439563274383545, -0.058050792664289474], [0.018601568415760994, -0.11482127755880356], [0.19056014716625214, -0.05275712162256241], [-0.13973860442638397, 0.09029418975114822], [-0.056319285184144974, 0.19418196380138397]]",False
early_neutral,4,691,0.7697434188603799,-1,[0],"[[-0.7480982542037964, -0.055013205856084824], [0.019608760252594948, -0.109309121966362], [0.19210697710514069, -0.054445505142211914], [-0.13111600279808044, 0.08610650897026062], [-0.06447679549455643, 0.20097431540489197]]",False
early_neutral,4,692,0.769410196601133,-1,[0],"[[-0.7530139684677124, -0.051467228680849075], [0.023116331547498703, -0.10395865887403488], [0.19298182427883148, -0.05553748086094856], [-0.12155428528785706, 0.08202303200960159], [-0.07272440940141678, 0.20793038606643677]]",False
early_neutral,4,693,0.769076974341886,-1,[0],"[[-0.7583299875259399, -0.04769517481327057], [0.029308563098311424, -0.09905890375375748], [0.19314619898796082, -0.05577000230550766], [-0.1107897013425827, 0.07846437394618988], [-0.0800047516822815, 0.2142096310853958]]",True
early_neutral,4,694,0.7687437520826391,-1,[0],"[[-0.7643437385559082, -0.04348926991224289], [0.03542766720056534, -0.0957627147436142], [0.19314619898796082, -0.05577000230550766], [-0.09887160360813141, 0.07581544667482376], [-0.0835069864988327, 0.21974089741706848]]",True
early_neutral,4,695,0.7684105298233922,-1,[0],"[[-0.7709262371063232, -0.03890801966190338], [0.040142204612493515, -0.09535469859838486], [0.19314619898796082, -0.05577000230550766], [-0.08647000044584274, 0.07327258586883545], [-0.0852651298046112, 0.22516320645809174]]",True
early_neutral,4,696,0.7680773075641453,-1,[0],"[[-0.778126060962677, -0.033913832157850266], [0.04406338557600975, -0.09763094782829285], [0.19347649812698364, -0.05625905096530914], [-0.07382108271121979, 0.07056837528944016], [-0.0844794511795044, 0.2292928695678711]]",True
early_neutral,4,697,0.7677440853048983,-1,[0],"[[-0.7855784296989441, -0.028753340244293213], [0.04744381085038185, -0.10138829052448273], [0.19271434843540192, -0.05715203657746315], [-0.06110392138361931, 0.06752415001392365], [-0.08212021738290787, 0.23315000534057617]]",True
early_neutral,4,698,0.7674108630456514,-1,[0],"[[-0.7934334874153137, -0.023319615051150322], [0.051262348890304565, -0.10593616217374802], [0.19237691164016724, -0.05721461772918701], [-0.04867831617593765, 0.06371986120939255], [-0.08111333847045898, 0.23476076126098633]]",True
early_neutral,4,699,0.7670776407864045,-1,[0],"[[-0.8015706539154053, -0.01769493706524372], [0.055903155356645584, -0.11102245002985], [0.1924012154340744, -0.05724739283323288], [-0.036649834364652634, 0.059221867471933365], [-0.08111333847045898, 0.23476076126098633]]",True
early_neutral,4,700,0.7667444185271576,-1,[0],"[[-0.8097149133682251, -0.012068276293575764], [0.0612434484064579, -0.1165730282664299], [0.1922522783279419, -0.05715164169669151], [-0.025052960962057114, 0.0541425421833992], [-0.08111333847045898, 0.23476076126098633]]",True
early_neutral,4,701,0.7664111962679107,-1,[0],"[[-0.8177108764648438, -0.006546681746840477], [0.06710144132375717, -0.12227952480316162], [0.19325624406337738, -0.05579575523734093], [-0.013949697837233543, 0.048530057072639465], [-0.08111333847045898, 0.23476076126098633]]",True
early_neutral,4,702,0.7660779740086637,-1,[0],"[[-0.8233293294906616, -0.0026678869035094976], [0.07355780899524689, -0.12814563512802124], [0.19592078030109406, -0.056008756160736084], [-0.0031344438903033733, 0.04262043535709381], [-0.08111333847045898, 0.23476076126098633]]",True
early_neutral,4,703,0.7657447517494168,-1,[0],"[[-0.8264474272727966, -0.0005167273338884115], [0.08066319674253464, -0.13424403965473175], [0.20028454065322876, -0.055884264409542084], [0.007520870305597782, 0.036543697118759155], [-0.08111333847045898, 0.23476076126098633]]",True
early_neutral,4,704,0.76541152949017,-1,[0],"[[-0.8277729153633118, 0.0003716054488904774], [0.08848943561315536, -0.14046591520309448], [0.20599494874477386, -0.05573239177465439], [0.018132396042346954, 0.030400699004530907], [-0.08111333847045898, 0.23476076126098633]]",True
early_neutral,4,705,0.7650783072309231,-1,[0],"[[-0.8279138207435608, 0.00043257875950075686], [0.09715919196605682, -0.1466214805841446], [0.21197617053985596, -0.055124472826719284], [0.029008831828832626, 0.024430951103568077], [-0.07903707027435303, 0.23446913063526154]]",True
early_neutral,4,706,0.7647450849716761,-1,[0],"[[-0.827935516834259, 0.00043985494994558394], [0.10660311579704285, -0.15262244641780853], [0.21637488901615143, -0.05505203455686569], [0.04000617191195488, 0.018713882192969322], [-0.07480720430612564, 0.23388566076755524]]",True
early_neutral,4,707,0.7644118627124292,-1,[0],"[[-0.827935516834259, 0.00043985494994558394], [0.11701589077711105, -0.1581970751285553], [0.2176174521446228, -0.0550459660589695], [0.04907044395804405, 0.01434760820120573], [-0.07020586729049683, 0.23326237499713898]]",True
early_neutral,4,708,0.7640786404531823,-1,[0],"[[-0.827935516834259, 0.00043985494994558394], [0.12821415066719055, -0.16333787143230438], [0.21680179238319397, -0.054880570620298386], [0.05704427510499954, 0.011376253329217434], [-0.0693228468298912, 0.23314213752746582]]",True
early_neutral,4,709,0.7637454181939354,-1,[0],"[[-0.827935516834259, 0.00043985494994558394], [0.14007191359996796, -0.16802017390727997], [0.21737894415855408, -0.05372409522533417], [0.06324644386768341, 0.009286332875490189], [-0.06793634593486786, 0.23289766907691956]]",True
early_neutral,4,710,0.7634121959346885,-1,[0],"[[-0.827935516834259, 0.00043985494994558394], [0.15250740945339203, -0.17220106720924377], [0.21776534616947174, -0.0511011965572834], [0.06450959295034409, 0.008856350556015968], [-0.064177967607975, 0.23196271061897278]]",True
early_neutral,4,711,0.7630789736754415,-1,[0],"[[-0.827935516834259, 0.00043985494994558394], [0.16548044979572296, -0.1757822036743164], [0.21784095466136932, -0.04808276891708374], [0.06450959295034409, 0.008856350556015968], [-0.05970998853445053, 0.2304188460111618]]",True
early_neutral,4,712,0.7627457514161946,-1,[0],"[[-0.827935516834259, 0.00043985494994558394], [0.1789126843214035, -0.17870797216892242], [0.2179391235113144, -0.04392574355006218], [0.06450959295034409, 0.008856350556015968], [-0.05875376984477043, 0.2300693839788437]]",True
early_neutral,4,713,0.7624125291569477,-1,[0],"[[-0.827935516834259, 0.00043985494994558394], [0.19253315031528473, -0.18082456290721893], [0.217997744679451, -0.03874201327562332], [0.06539975106716156, 0.010105038061738014], [-0.05875376984477043, 0.2300693839788437]]",True
early_neutral,4,714,0.7620793068977008,-1,[0],"[[-0.827935516834259, 0.00043985494994558394], [0.20578642189502716, -0.18070071935653687], [0.21801047027111053, -0.03286835178732872], [0.0669587254524231, 0.012675751931965351], [-0.057285405695438385, 0.22881008684635162]]",True
early_neutral,4,715,0.7617460846384538,-1,[0],"[[-0.827935516834259, 0.00043985494994558394], [0.21889932453632355, -0.179438978433609], [0.2180701345205307, -0.026862546801567078], [0.06866088509559631, 0.016186093911528587], [-0.054114338010549545, 0.22654278576374054]]",True
early_neutral,4,716,0.7614128623792069,-1,[0],"[[-0.827935516834259, 0.00043985494994558394], [0.23226062953472137, -0.17808698117733002], [0.2181921750307083, -0.02085712179541588], [0.07020337134599686, 0.020249895751476288], [-0.049788277596235275, 0.22403675317764282]]",True
early_neutral,4,717,0.76107964011996,-1,[0],"[[-0.827935516834259, 0.00043985494994558394], [0.2458057403564453, -0.17661643028259277], [0.2182823121547699, -0.014502599835395813], [0.07135292887687683, 0.02436847984790802], [-0.048537809401750565, 0.22334085404872894]]",True
early_neutral,4,718,0.7607464178607131,-1,[0],"[[-0.827935516834259, 0.00043985494994558394], [0.2595035433769226, -0.1751071959733963], [0.21835196018218994, -0.010513111017644405], [0.07226160168647766, 0.028513016179203987], [-0.048537809401750565, 0.22334085404872894]]",True
early_neutral,4,719,0.7604131956014661,-1,[0],"[[-0.827935516834259, 0.00043985494994558394], [0.27332738041877747, -0.17360758781433105], [0.21838942170143127, -0.008998128585517406], [0.07294964045286179, 0.032134760171175], [-0.04642866924405098, 0.22317954897880554]]",True
early_neutral,4,720,0.7600799733422192,-1,[0],"[[-0.827935516834259, 0.00043985494994558394], [0.28724125027656555, -0.17209410667419434], [0.21840928494930267, -0.00948428362607956], [0.07305777072906494, 0.03269767761230469], [-0.04211517795920372, 0.22299589216709137]]",True
early_neutral,4,721,0.7597467510829723,-1,[0],"[[-0.827935516834259, 0.00043985494994558394], [0.3012060523033142, -0.17050482332706451], [0.21876655519008636, -0.008619082160294056], [0.073086678981781, 0.03270601108670235], [-0.0374162495136261, 0.22294624149799347]]",True
early_neutral,4,722,0.7594135288237254,-1,[0],"[[-0.827935516834259, 0.00043985494994558394], [0.31519952416419983, -0.16882607340812683], [0.21914593875408173, -0.007691008970141411], [0.07572641968727112, 0.03338385745882988], [-0.03651576489210129, 0.22291046380996704]]",True
early_neutral,4,723,0.7590803065644786,-1,[0],"[[-0.827935516834259, 0.00043985494994558394], [0.3291606605052948, -0.16690881550312042], [0.21914593875408173, -0.007691008970141411], [0.08011415600776672, 0.034315284341573715], [-0.03651576489210129, 0.22291046380996704]]",True
early_neutral,4,724,0.7587470843052316,-1,[0],"[[-0.827935516834259, 0.00043985494994558394], [0.343054860830307, -0.164711594581604], [0.21914593875408173, -0.007691008970141411], [0.08590227365493774, 0.03542318940162659], [-0.03651576489210129, 0.22291046380996704]]",True
early_neutral,4,725,0.7584138620459847,-1,[0],"[[-0.827935516834259, 0.00043985494994558394], [0.3569085896015167, -0.16234871745109558], [0.21977396309375763, -0.008639749139547348], [0.09193719178438187, 0.03687180206179619], [-0.03651576489210129, 0.22291046380996704]]",True
early_neutral,4,726,0.7580806397867378,-1,[0],"[[-0.827935516834259, 0.00043985494994558394], [0.37076887488365173, -0.1599586457014084], [0.2224385142326355, -0.007968604564666748], [0.09776974469423294, 0.03860560804605484], [-0.03651576489210129, 0.22291046380996704]]",True
early_neutral,4,727,0.7577474175274909,-1,[0],"[[-0.827935516834259, 0.00043985494994558394], [0.3846343755722046, -0.15754912793636322], [0.22687362134456635, -0.0077867708168923855], [0.10300234705209732, 0.04062777757644653], [-0.03651576489210129, 0.22291046380996704]]",True
early_neutral,4,728,0.7574141952682439,-1,[0],"[[-0.827935516834259, 0.00043985494994558394], [0.398516446352005, -0.15515592694282532], [0.23168954253196716, -0.007744959089905024], [0.10795055329799652, 0.043105222284793854], [-0.03487289324402809, 0.22377756237983704]]",True
early_neutral,4,729,0.757080973008997,-1,[0],"[[-0.827935516834259, 0.00043985494994558394], [0.41241466999053955, -0.15278412401676178], [0.23866894841194153, -0.0076588960364460945], [0.11252489686012268, 0.04599706828594208], [-0.0317605659365654, 0.2256586253643036]]",True
early_neutral,4,730,0.7567477507497501,-1,[0],"[[-0.827935516834259, 0.00043985494994558394], [0.4263269901275635, -0.15043382346630096], [0.24699647724628448, -0.0076428307220339775], [0.1146145761013031, 0.047237686812877655], [-0.02863229066133499, 0.22781525552272797]]",True
early_neutral,4,731,0.7564145284905032,-1,[0],"[[-0.827935516834259, 0.00043985494994558394], [0.4402522146701813, -0.14810511469841003], [0.25620487332344055, -0.007629920728504658], [0.11807598918676376, 0.04710657522082329], [-0.028351908549666405, 0.22801081836223602]]",True
early_neutral,4,732,0.7560813062312562,-1,[0],"[[-0.827935516834259, 0.00043985494994558394], [0.45418697595596313, -0.14579246938228607], [0.2654848098754883, -0.00823779497295618], [0.12310629338026047, 0.04715569689869881], [-0.028351908549666405, 0.22801081836223602]]",True
early_neutral,4,733,0.7557480839720093,-1,[0],"[[-0.827935516834259, 0.00043985494994558394], [0.46812498569488525, -0.14348198473453522], [0.2733079791069031, -0.00888785719871521], [0.12939219176769257, 0.04731697589159012], [-0.028351908549666405, 0.22801081836223602]]",True
early_neutral,4,734,0.7554148617127624,-1,[0],"[[-0.827935516834259, 0.00043985494994558394], [0.4820652902126312, -0.14117267727851868], [0.2787338197231293, -0.007980944588780403], [0.1358252465724945, 0.04728560894727707], [-0.028351908549666405, 0.22801081836223602]]",True
early_neutral,4,735,0.7550816394535155,-1,[0],"[[-0.827935516834259, 0.00043985494994558394], [0.49600499868392944, -0.13885840773582458], [0.2823179066181183, -0.005656520836055279], [0.14224344491958618, 0.04711974784731865], [-0.027278421446681023, 0.22863030433654785]]",True
early_neutral,4,736,0.7547484171942686,-1,[0],"[[-0.827935516834259, 0.00043985494994558394], [0.5099431276321411, -0.13653747737407684], [0.28446900844573975, -0.0020050175953656435], [0.14850449562072754, 0.04713267460465431], [-0.024423249065876007, 0.2304234504699707]]",True
early_neutral,4,737,0.7544151949350216,-1,[0],"[[-0.827935516834259, 0.00043985494994558394], [0.52330482006073, -0.13427802920341492], [0.2859700620174408, 0.002817935310304165], [0.15485353767871857, 0.04736458137631416], [-0.021052967756986618, 0.23276616632938385]]",True
early_neutral,4,738,0.7540819726757747,-1,[0],"[[-0.827935516834259, 0.00043985494994558394], [0.5364037752151489, -0.13200154900550842], [0.28847020864486694, 0.007327298633754253], [0.1575801819562912, 0.04757917299866676], [-0.020377639681100845, 0.23324482142925262]]",True
early_neutral,4,739,0.7537487504165278,-1,[0],"[[-0.827935516834259, 0.00043985494994558394], [0.5487293601036072, -0.129781574010849], [0.2900070548057556, 0.010602382943034172], [0.1575801819562912, 0.04757917299866676], [-0.020377639681100845, 0.23324482142925262]]",True
early_neutral,4,740,0.7534155281572809,-1,[0],"[[-0.827935516834259, 0.00043985494994558394], [0.5565435290336609, -0.12909965217113495], [0.2903991639614105, 0.012350144796073437], [0.1575801819562912, 0.04757917299866676], [-0.020377639681100845, 0.23324482142925262]]",True
early_neutral,4,741,0.753082305898034,-1,[0],"[[-0.827935516834259, 0.00043985494994558394], [0.5615336894989014, -0.12846659123897552], [0.290375679731369, 0.012427211739122868], [0.1575801819562912, 0.04757917299866676], [-0.020377639681100845, 0.23324482142925262]]",True
early_neutral,4,742,0.7527490836387871,-1,[0],"[[-0.827935516834259, 0.00043985494994558394], [0.5665086507797241, -0.12806445360183716], [0.2899170517921448, 0.012607709504663944], [0.1575801819562912, 0.04757917299866676], [-0.019794676452875137, 0.23361125588417053]]",True
early_neutral,4,743,0.7524158613795402,-1,[0],"[[-0.827935516834259, 0.00043985494994558394], [0.5714871287345886, -0.12686049938201904], [0.2897709310054779, 0.012774661183357239], [0.1575801819562912, 0.04757917299866676], [-0.017255280166864395, 0.23535001277923584]]",True
early_neutral,4,744,0.7520826391202933,-1,[0],"[[-0.827935516834259, 0.00043985494994558394], [0.5748904943466187, -0.12483332306146622], [0.29073360562324524, 0.012821221724152565], [0.1575801819562912, 0.04757917299866676], [-0.014025889337062836, 0.2378416806459427]]",False
early_neutral,4,745,0.7517494168610463,-1,[0],"[[-0.827935516834259, 0.00043985494994558394], [0.5748905539512634, -0.12277115881443024], [0.29158300161361694, 0.012813548557460308], [0.1575801819562912, 0.04757917299866676], [-0.01216835156083107, 0.23934537172317505]]",False
early_neutral,4,746,0.7514161946017994,-1,[0],"[[-0.827935516834259, 0.00043985494994558394], [0.5731201767921448, -0.12054561823606491], [0.29275330901145935, 0.012847201898694038], [0.15756598114967346, 0.04759753867983818], [-0.011767134070396423, 0.23967017233371735]]",False
early_neutral,4,747,0.7510829723425525,-1,[0],"[[-0.8268725872039795, 0.0012668137205764651], [0.5688491463661194, -0.11858618259429932], [0.29394614696502686, 0.011954089626669884], [0.15614140033721924, 0.04915504530072212], [-0.013173820450901985, 0.239524707198143]]",False
early_neutral,4,748,0.7507497500833056,-1,[0],"[[-0.8244643211364746, 0.003617921844124794], [0.5633689165115356, -0.11679310351610184], [0.29574260115623474, 0.00964865181595087], [0.15347154438495636, 0.05150973051786423], [-0.016984764486551285, 0.2388785034418106]]",False
early_neutral,4,749,0.7504165278240587,-1,[0],"[[-0.8219273090362549, 0.007029846776276827], [0.5576425790786743, -0.11495927721261978], [0.29759863018989563, 0.006402722559869289], [0.14966225624084473, 0.05440858379006386], [-0.021928105503320694, 0.2376355677843094]]",False
early_neutral,4,750,0.7500833055648117,-1,[0],"[[-0.8191532492637634, 0.011395487003028393], [0.5515879988670349, -0.11336527019739151], [0.2997213900089264, 0.002285268157720566], [0.14519102871418, 0.05810215324163437], [-0.027789605781435966, 0.2359723299741745]]",False
early_neutral,4,751,0.7497500833055648,-1,[0],"[[-0.8162001967430115, 0.01661602407693863], [0.5451043844223022, -0.11200715601444244], [0.3020341694355011, -0.002640650374814868], [0.14032752811908722, 0.06260056793689728], [-0.03365707769989967, 0.23421472311019897]]",False
early_neutral,4,752,0.7494168610463179,-1,[0],"[[-0.8131694793701172, 0.022566242143511772], [0.5373209714889526, -0.11096561700105667], [0.30527547001838684, -0.007561252918094397], [0.1355423927307129, 0.06785129755735397], [-0.03831535205245018, 0.23276589810848236]]",False
early_neutral,4,753,0.749083638787071,-1,[0],"[[-0.8101046681404114, 0.029114291071891785], [0.5283560752868652, -0.11048191785812378], [0.3093032240867615, -0.010400774888694286], [0.13103842735290527, 0.07385039329528809], [-0.042677946388721466, 0.231388658285141]]",False
early_neutral,4,754,0.748750416527824,-1,[0],"[[-0.8070863485336304, 0.03618059679865837], [0.5185598134994507, -0.11020855605602264], [0.31521376967430115, -0.011542923748493195], [0.12647965550422668, 0.08014210313558578], [-0.047033876180648804, 0.22999566793441772]]",False
early_neutral,4,755,0.7484171942685771,-1,[0],"[[-0.8042377829551697, 0.04372730851173401], [0.5079790949821472, -0.10995226353406906], [0.32258033752441406, -0.012451217509806156], [0.12133355438709259, 0.08656979352235794], [-0.05018185079097748, 0.22892160713672638]]",False
early_neutral,4,756,0.7480839720093302,-1,[0],"[[-0.8018085360527039, 0.05169146880507469], [0.4967983663082123, -0.1097043827176094], [0.33120688796043396, -0.013086071237921715], [0.11553695797920227, 0.09324450045824051], [-0.05165129899978638, 0.22842411696910858]]",False
early_neutral,4,757,0.7477507497500833,-1,[0],"[[-0.7998189330101013, 0.059980232268571854], [0.48585668206214905, -0.1092294380068779], [0.3408755958080292, -0.013555999845266342], [0.10880324244499207, 0.09998162090778351], [-0.05188160017132759, 0.22853349149227142]]",False
early_neutral,4,758,0.7474175274908363,-1,[0],"[[-0.7985715270042419, 0.06853817403316498], [0.47461891174316406, -0.1086968407034874], [0.3513995409011841, -0.014003694988787174], [0.10083367675542831, 0.10650493204593658], [-0.05200979486107826, 0.22870278358459473]]",False
early_neutral,4,759,0.7470843052315894,-1,[0],"[[-0.7977249622344971, 0.07679037749767303], [0.46320855617523193, -0.1080891415476799], [0.36259013414382935, -0.014389686286449432], [0.09195197373628616, 0.11282647401094437], [-0.05200979486107826, 0.22870278358459473]]",False
early_neutral,4,760,0.7467510829723426,-1,[0],"[[-0.7967696189880371, 0.08236154168844223], [0.45143333077430725, -0.10753801465034485], [0.3739687204360962, -0.014570808969438076], [0.08209893107414246, 0.11877034604549408], [-0.052039869129657745, 0.22844631969928741]]",False
early_neutral,4,761,0.7464178607130957,-1,[0],"[[-0.7961110472679138, 0.08411736786365509], [0.4400990307331085, -0.10723421722650528], [0.3848228454589844, -0.014012107625603676], [0.07144197076559067, 0.12431774288415909], [-0.05178583413362503, 0.22700729966163635]]",False
early_neutral,4,762,0.7460846384538488,-1,[0],"[[-0.7931161522865295, 0.08327098190784454], [0.43120816349983215, -0.10780690610408783], [0.3920920491218567, -0.012152206152677536], [0.060073912143707275, 0.12941601872444153], [-0.0511644072830677, 0.22688178718090057]]",True
early_neutral,4,763,0.7457514161946018,-1,[0],"[[-0.7886835932731628, 0.08187200874090195], [0.4250965118408203, -0.10958750545978546], [0.3980652987957001, -0.010245108976960182], [0.04825584217905998, 0.13398508727550507], [-0.0511644072830677, 0.22688178718090057]]",True
early_neutral,4,764,0.7454181939353549,-1,[0],"[[-0.7828813195228577, 0.08010760694742203], [0.4202767014503479, -0.11285866051912308], [0.4024604856967926, -0.00906981248408556], [0.03846677020192146, 0.13719648122787476], [-0.0511644072830677, 0.22688178718090057]]",True
early_neutral,4,765,0.745084971676108,-1,[0],"[[-0.7756116986274719, 0.07828103005886078], [0.41538065671920776, -0.11688412725925446], [0.4028972089290619, -0.00860209483653307], [0.029615750536322594, 0.13879136741161346], [-0.05337533727288246, 0.2273116111755371]]",True
early_neutral,4,766,0.7447517494168611,-1,[0],"[[-0.767597496509552, 0.07640660554170609], [0.40979740023612976, -0.11983678489923477], [0.40207725763320923, -0.008366241119801998], [0.022328540682792664, 0.1395883560180664], [-0.050988588482141495, 0.22629272937774658]]",True
early_neutral,4,767,0.7444185271576141,-1,[0],"[[-0.7638092637062073, 0.07381639629602432], [0.4041958153247833, -0.12070219218730927], [0.3989662826061249, -0.008249297738075256], [0.015912063419818878, 0.13987725973129272], [-0.04669463261961937, 0.2255277782678604]]",True
early_neutral,4,768,0.7440853048983672,-1,[0],"[[-0.7648848295211792, 0.07035557180643082], [0.3978147506713867, -0.12034175544977188], [0.3954331874847412, -0.007826882414519787], [0.00947919487953186, 0.139842689037323], [-0.04254848510026932, 0.22535808384418488]]",True
early_neutral,4,769,0.7437520826391203,-1,[0],"[[-0.7675074934959412, 0.06620725989341736], [0.3916971683502197, -0.11988850682973862], [0.39276695251464844, -0.006743964739143848], [0.0030501317232847214, 0.13968412578105927], [-0.036638662219047546, 0.22459851205348969]]",True
early_neutral,4,770,0.7434188603798734,-1,[0],"[[-0.77116858959198, 0.061413735151290894], [0.38615432381629944, -0.1189039871096611], [0.3890658915042877, -0.0052696410566568375], [-0.0033716526813805103, 0.13942962884902954], [-0.02870723232626915, 0.2239050716161728]]",True
early_neutral,4,771,0.7430856381206264,-1,[0],"[[-0.7756794095039368, 0.05623610317707062], [0.37891730666160583, -0.11828521639108658], [0.38575369119644165, -0.0038405985105782747], [-0.009762348607182503, 0.13916340470314026], [-0.019626900553703308, 0.22359631955623627]]",True
early_neutral,4,772,0.7427524158613795,-1,[0],"[[-0.7806119918823242, 0.0507039837539196], [0.37072327733039856, -0.11769965291023254], [0.38627034425735474, -0.00256350077688694], [-0.016057070344686508, 0.1389354020357132], [-0.010292751714587212, 0.2233121544122696]]",True
early_neutral,4,773,0.7424191936021326,-1,[0],"[[-0.7860159277915955, 0.04473578557372093], [0.36270397901535034, -0.11725683510303497], [0.38759493827819824, -0.0013734138337895274], [-0.02248365618288517, 0.13873712718486786], [-0.0028879502788186073, 0.22183363139629364]]",True
early_neutral,4,774,0.7420859713428857,-1,[0],"[[-0.7916095852851868, 0.03860222175717354], [0.3548494279384613, -0.11681238561868668], [0.38869795203208923, -0.0002099906705552712], [-0.028538186103105545, 0.13953323662281036], [0.004590820055454969, 0.22256597876548767]]",True
early_neutral,4,775,0.7417527490836388,-1,[0],"[[-0.7975444793701172, 0.03212563320994377], [0.3471452593803406, -0.11638031154870987], [0.3895874321460724, 0.00109078676905483], [-0.0341419093310833, 0.14138270914554596], [0.010973004624247551, 0.22440378367900848]]",True
early_neutral,4,776,0.7414195268243918,-1,[0],"[[-0.8037877678871155, 0.025331752374768257], [0.3383302092552185, -0.11623217165470123], [0.3900718092918396, 0.001936707179993391], [-0.039427708834409714, 0.14362062513828278], [0.016320958733558655, 0.22741669416427612]]",True
early_neutral,4,777,0.7410863045651449,-1,[0],"[[-0.8102904558181763, 0.018270261585712433], [0.32790181040763855, -0.11659591645002365], [0.39052292704582214, 0.002322827698662877], [-0.04281938448548317, 0.14696672558784485], [0.022168735042214394, 0.23083850741386414]]",True
early_neutral,4,778,0.740753082305898,-1,[0],"[[-0.8167109489440918, 0.011312231421470642], [0.3172450661659241, -0.11728892475366592], [0.3914361596107483, 0.0025525495875626802], [-0.04553845152258873, 0.15075190365314484], [0.02687360718846321, 0.23480889201164246]]",True
early_neutral,4,779,0.7404198600466512,-1,[0],"[[-0.8212054967880249, 0.006446974352002144], [0.3060971200466156, -0.11838172376155853], [0.39492908120155334, 0.0028944655787199736], [-0.046195827424526215, 0.15473335981369019], [0.03321114555001259, 0.23755928874015808]]",True
early_neutral,4,780,0.7400866377874042,-1,[0],"[[-0.8246818780899048, 0.0026937169022858143], [0.2943778336048126, -0.11980386078357697], [0.39969977736473083, 0.003400699933990836], [-0.045606937259435654, 0.1588056981563568], [0.04003499820828438, 0.23907163739204407]]",True
early_neutral,4,781,0.7397534155281573,-1,[0],"[[-0.8263669013977051, 0.0010115563636645675], [0.2821695804595947, -0.12151237577199936], [0.40475454926490784, 0.004197976551949978], [-0.044841598719358444, 0.1629592776298523], [0.0470317080616951, 0.23918864130973816]]",True
early_neutral,4,782,0.7394201932689104,-1,[0],"[[-0.8267772197723389, 0.0007356216665357351], [0.2696216404438019, -0.12355263531208038], [0.4085141122341156, 0.005233340431004763], [-0.043482501059770584, 0.16704967617988586], [0.05438391864299774, 0.2387724369764328]]",True
early_neutral,4,783,0.7390869710096635,-1,[0],"[[-0.8267866969108582, 0.0007307367050088942], [0.25675055384635925, -0.12568120658397675], [0.41244804859161377, 0.006585521157830954], [-0.04165182262659073, 0.17084214091300964], [0.06101217865943909, 0.23796969652175903]]",True
early_neutral,4,784,0.7387537487504166,-1,[0],"[[-0.8267866969108582, 0.0007307367050088942], [0.2436031699180603, -0.12780635058879852], [0.4173086881637573, 0.008252072148025036], [-0.04112904891371727, 0.17186503112316132], [0.06624258309602737, 0.23682396113872528]]",True
early_neutral,4,785,0.7384205264911696,-1,[0],"[[-0.8267866969108582, 0.0007307367050088942], [0.23023241758346558, -0.12989592552185059], [0.4225287139415741, 0.009824796579778194], [-0.04112904891371727, 0.17186503112316132], [0.06984815001487732, 0.23451077938079834]]",True
early_neutral,4,786,0.7380873042319227,-1,[0],"[[-0.8267866969108582, 0.0007307367050088942], [0.2166663259267807, -0.131886288523674], [0.42531728744506836, 0.010891773737967014], [-0.03929406404495239, 0.17289984226226807], [0.07203169912099838, 0.23086106777191162]]",True
early_neutral,4,787,0.7377540819726758,-1,[0],"[[-0.8267866969108582, 0.0007307367050088942], [0.20294523239135742, -0.13377569615840912], [0.4258227050304413, 0.011337763629853725], [-0.03639521449804306, 0.17427144944667816], [0.07283714413642883, 0.2262236624956131]]",True
early_neutral,4,788,0.7374208597134289,-1,[0],"[[-0.8267866969108582, 0.0007307367050088942], [0.18909917771816254, -0.1355588585138321], [0.42743366956710815, 0.011779299937188625], [-0.03629305586218834, 0.17431804537773132], [0.07349050790071487, 0.22113996744155884]]",True
early_neutral,4,789,0.7370876374541819,-1,[0],"[[-0.8267866969108582, 0.0007307367050088942], [0.17518045008182526, -0.1372307389974594], [0.42986974120140076, 0.011992620304226875], [-0.03631876781582832, 0.17430609464645386], [0.07440712302923203, 0.21561072766780853]]",False
early_neutral,4,790,0.736754415194935,-1,[0],"[[-0.8267866969108582, 0.0007307367050088942], [0.1633743792772293, -0.1389087289571762], [0.43185392022132874, 0.01161794364452362], [-0.03858295455574989, 0.17325490713119507], [0.07523107528686523, 0.2109791785478592]]",False
early_neutral,4,791,0.7364211929356881,-1,[0],"[[-0.8267866969108582, 0.0007307367050088942], [0.1559908241033554, -0.1417347937822342], [0.43570175766944885, 0.011257186532020569], [-0.042217716574668884, 0.17156974971294403], [0.07542987912893295, 0.20736144483089447]]",False
early_neutral,4,792,0.7360879706764412,-1,[0],"[[-0.8267866969108582, 0.0007307367050088942], [0.1507437527179718, -0.14631395041942596], [0.44068777561187744, 0.01183740422129631], [-0.04696821793913841, 0.1693621724843979], [0.07482147216796875, 0.20464970171451569]]",False
early_neutral,4,793,0.7357547484171942,-1,[0],"[[-0.8267866969108582, 0.0007307367050088942], [0.1455848664045334, -0.15172798931598663], [0.44474807381629944, 0.012752717360854149], [-0.05218351632356644, 0.1669105440378189], [0.07402338832616806, 0.20407560467720032]]",False
early_neutral,4,794,0.7354215261579473,-1,[0],"[[-0.8267866969108582, 0.0007307367050088942], [0.14089414477348328, -0.1579207479953766], [0.4468476474285126, 0.013438005931675434], [-0.05720778927206993, 0.164353147149086], [0.07170584052801132, 0.20540839433670044]]",False
early_neutral,4,795,0.7350883038987004,-1,[0],"[[-0.8267866969108582, 0.0007307367050088942], [0.13643085956573486, -0.16435937583446503], [0.4465423822402954, 0.01361363660544157], [-0.05981217697262764, 0.1608184278011322], [0.06856168806552887, 0.20775628089904785]]",False
early_neutral,4,796,0.7347550816394535,-1,[0],"[[-0.8267866969108582, 0.0007307367050088942], [0.13191893696784973, -0.17114636301994324], [0.4435003995895386, 0.013559124432504177], [-0.061023540794849396, 0.1567389816045761], [0.06438945233821869, 0.21077391505241394]]",False
early_neutral,4,797,0.7344218593802065,-1,[0],"[[-0.8267866969108582, 0.0007307367050088942], [0.12746833264827728, -0.1780167669057846], [0.4394969642162323, 0.012510712258517742], [-0.06390993297100067, 0.15282565355300903], [0.05931418761610985, 0.21429337561130524]]",False
early_neutral,4,798,0.7340886371209597,-1,[0],"[[-0.8267866969108582, 0.0007307367050088942], [0.12304290384054184, -0.1848878413438797], [0.4345182478427887, 0.01139029674232006], [-0.06983521580696106, 0.14938834309577942], [0.05341095104813576, 0.21816222369670868]]",False
early_neutral,4,799,0.7337554148617128,-1,[0],"[[-0.8267866969108582, 0.0007307367050088942], [0.11863649636507034, -0.19176410138607025], [0.42840585112571716, 0.01023970078676939], [-0.07660581171512604, 0.14637023210525513], [0.04674670472741127, 0.22228364646434784]]",False
early_neutral,4,800,0.7334221926024659,-1,[0],"[[-0.8267866969108582, 0.0007307367050088942], [0.11423543840646744, -0.1986418068408966], [0.4214070439338684, 0.009112046100199223], [-0.07940446585416794, 0.14515714347362518], [0.03928367793560028, 0.22647780179977417]]",False
early_neutral,4,801,0.733088970343219,-1,[0],"[[-0.8267866969108582, 0.0007307367050088942], [0.10984370857477188, -0.20551139116287231], [0.4133929908275604, 0.007975909858942032], [-0.07937532663345337, 0.14511848986148834], [0.030819784849882126, 0.2307356595993042]]",False
early_neutral,4,802,0.732755748083972,-1,[0],"[[-0.8267866969108582, 0.0007307367050088942], [0.10571181774139404, -0.21197748184204102], [0.4034033715724945, 0.007286240812391043], [-0.0779254361987114, 0.1432742178440094], [0.022443344816565514, 0.23454196751117706]]",False
early_neutral,4,803,0.7324225258247251,-1,[0],"[[-0.8267866969108582, 0.0007307367050088942], [0.10175614058971405, -0.21816901862621307], [0.3929729461669922, 0.006772473454475403], [-0.07551465928554535, 0.14041104912757874], [0.014712686650454998, 0.23777638375759125]]",False
early_neutral,4,804,0.7320893035654782,-1,[0],"[[-0.8267866969108582, 0.0007307367050088942], [0.09814991801977158, -0.22381430864334106], [0.3818652927875519, 0.006367912981659174], [-0.07220414280891418, 0.13678328692913055], [0.006806354969739914, 0.2408253252506256]]",False
early_neutral,4,805,0.7317560813062313,-1,[0],"[[-0.8267866969108582, 0.0007307367050088942], [0.09435319155454636, -0.22975817322731018], [0.37010177969932556, 0.006042815744876862], [-0.06790489703416824, 0.13252469897270203], [-0.0013633554335683584, 0.2435632348060608]]",False
early_neutral,4,806,0.7314228590469843,-1,[0],"[[-0.8267866969108582, 0.0007307367050088942], [0.09033656865358353, -0.2360466718673706], [0.3577674627304077, 0.005803776904940605], [-0.0626186951994896, 0.12784849107265472], [-0.009792855009436607, 0.24594445526599884]]",False
early_neutral,4,807,0.7310896367877374,-1,[0],"[[-0.8267866969108582, 0.0007307367050088942], [0.0870901346206665, -0.240780308842659], [0.3449839651584625, 0.00566633976995945], [-0.05626371130347252, 0.1248614490032196], [-0.018497750163078308, 0.24785536527633667]]",False
early_neutral,4,808,0.7307564145284905,-1,[0],"[[-0.8267866969108582, 0.0007307367050088942], [0.08442570269107819, -0.24428527057170868], [0.33185791969299316, 0.005421987269073725], [-0.04778503626585007, 0.12350166589021683], [-0.027465328574180603, 0.2491537630558014]]",False
early_neutral,4,809,0.7304231922692436,-1,[0],"[[-0.8264113664627075, 0.0006510061793960631], [0.0821266770362854, -0.24752849340438843], [0.3184759020805359, 0.004983594641089439], [-0.039493829011917114, 0.12229981273412704], [-0.03658970817923546, 0.24985837936401367]]",False
early_neutral,4,810,0.7300899700099966,-1,[0],"[[-0.8227623701095581, 9.813452925300226e-05], [0.0801270380616188, -0.25065937638282776], [0.30493777990341187, 0.004135053139179945], [-0.03585784137248993, 0.11975836008787155], [-0.045769620686769485, 0.2501296103000641]]",False
early_neutral,4,811,0.7297567477507497,-1,[0],"[[-0.8174150586128235, -0.00018809667380992323], [0.07780638337135315, -0.2542928457260132], [0.2914055585861206, 0.0025220713578164577], [-0.03479825332760811, 0.11602196097373962], [-0.05491245165467262, 0.249993696808815]]",False
early_neutral,4,812,0.7294235254915028,-1,[0],"[[-0.810573935508728, -1.05084491224261e-05], [0.07601222395896912, -0.2570993900299072], [0.2780613899230957, 0.00014902319526299834], [-0.030968235805630684, 0.11211726069450378], [-0.06178783252835274, 0.24978594481945038]]",False
early_neutral,4,813,0.7290903032322559,-1,[0],"[[-0.802422046661377, 0.00045472654164768755], [0.07560540735721588, -0.25773558020591736], [0.26675668358802795, -0.003761218162253499], [-0.025268709287047386, 0.10816802084445953], [-0.06821554899215698, 0.24960358440876007]]",False
early_neutral,4,814,0.728757080973009,-1,[0],"[[-0.793297529220581, 0.001245277002453804], [0.07560540735721588, -0.25773558020591736], [0.2581719160079956, -0.009392191655933857], [-0.019311076030135155, 0.1036333367228508], [-0.07464433461427689, 0.24943825602531433]]",False
early_neutral,4,815,0.728423858713762,-1,[0],"[[-0.783731997013092, 0.0022404526825994253], [0.07560540735721588, -0.25773558020591736], [0.25070124864578247, -0.015917137265205383], [-0.013715434819459915, 0.09831587225198746], [-0.08107490092515945, 0.2493053823709488]]",False
early_neutral,4,816,0.7280906364545152,-1,[0],"[[-0.7733385562896729, 0.003471334232017398], [0.07560540735721588, -0.25773558020591736], [0.24631784856319427, -0.023655103519558907], [-0.0086461640894413, 0.09236141294240952], [-0.08750677108764648, 0.24920301139354706]]",False
early_neutral,4,817,0.7277574141952683,-1,[0],"[[-0.7626264095306396, 0.004788212012499571], [0.07560540735721588, -0.25773558020591736], [0.2428242415189743, -0.0318053737282753], [-0.006425532978028059, 0.08583322912454605], [-0.09386196732521057, 0.24910089373588562]]",False
early_neutral,4,818,0.7274241919360214,-1,[0],"[[-0.7514616847038269, 0.006052777636796236], [0.07560540735721588, -0.25773558020591736], [0.2407882958650589, -0.04035263508558273], [-0.006011783145368099, 0.0787314921617508], [-0.10021170228719711, 0.24898889660835266]]",False
early_neutral,4,819,0.7270909696767744,-1,[0],"[[-0.7396773099899292, 0.007302206940948963], [0.07560540735721588, -0.25773558020591736], [0.24034979939460754, -0.04914901405572891], [-0.00645550386980176, 0.07126027345657349], [-0.10664264857769012, 0.24886496365070343]]",False
early_neutral,4,820,0.7267577474175275,-1,[0],"[[-0.7273630499839783, 0.008580117486417294], [0.07560540735721588, -0.25773558020591736], [0.2409629374742508, -0.05805560201406479], [-0.010493310168385506, 0.06393985450267792], [-0.11303865909576416, 0.24869480729103088]]",False
early_neutral,4,821,0.7264245251582806,-1,[0],"[[-0.7146305441856384, 0.009873881936073303], [0.07560540735721588, -0.25773558020591736], [0.24260790646076202, -0.06699419766664505], [-0.0162710752338171, 0.05677393078804016], [-0.11933198571205139, 0.2484600841999054]]",False
early_neutral,4,822,0.7260913028990337,-1,[0],"[[-0.7015760540962219, 0.011177390813827515], [0.07560540735721588, -0.25773558020591736], [0.24352900683879852, -0.07525910437107086], [-0.023767033591866493, 0.04997652769088745], [-0.1257483959197998, 0.24815280735492706]]",False
early_neutral,4,823,0.7257580806397868,-1,[0],"[[-0.6882740259170532, 0.012477991171181202], [0.07560540735721588, -0.25773558020591736], [0.24231049418449402, -0.08087342232465744], [-0.03310219198465347, 0.043900445103645325], [-0.13277065753936768, 0.24769967794418335]]",False
early_neutral,4,824,0.7254248583805398,-1,[0],"[[-0.6747830510139465, 0.013769862242043018], [0.07560540735721588, -0.25773558020591736], [0.23861365020275116, -0.0836353451013565], [-0.04367902874946594, 0.03847719728946686], [-0.14103534817695618, 0.24695487320423126]]",False
early_neutral,4,825,0.7250916361212929,-1,[0],"[[-0.6611475348472595, 0.01504642516374588], [0.07560540735721588, -0.25773558020591736], [0.23232153058052063, -0.08526934683322906], [-0.055464331060647964, 0.03397322818636894], [-0.1502474993467331, 0.24590419232845306]]",False
early_neutral,4,826,0.724758413862046,-1,[0],"[[-0.6474122405052185, 0.01630263589322567], [0.07560540735721588, -0.25773558020591736], [0.22451938688755035, -0.08641920238733292], [-0.06649076193571091, 0.030494503676891327], [-0.16026972234249115, 0.2446230798959732]]",False
early_neutral,4,827,0.7244251916027991,-1,[0],"[[-0.6336633563041687, 0.017524680122733116], [0.07560540735721588, -0.25773558020591736], [0.21563322842121124, -0.0876677855849266], [-0.07516265660524368, 0.028287284076213837], [-0.17101889848709106, 0.24311603605747223]]",False
early_neutral,4,828,0.7240919693435521,-1,[0],"[[-0.6199069619178772, 0.018710363656282425], [0.07560540735721588, -0.25773558020591736], [0.20581673085689545, -0.08904202282428741], [-0.08395954221487045, 0.026426179334521294], [-0.18242359161376953, 0.2414122223854065]]",False
early_neutral,4,829,0.7237587470843052,-1,[0],"[[-0.6064311265945435, 0.019848307594656944], [0.07560540735721588, -0.25773558020591736], [0.1966397613286972, -0.09105822443962097], [-0.09327390789985657, 0.024518219754099846], [-0.1943545639514923, 0.23947638273239136]]",False
early_neutral,4,830,0.7234255248250583,-1,[0],"[[-0.5929890275001526, 0.020975284278392792], [0.07560540735721588, -0.25773558020591736], [0.18992386758327484, -0.0955086201429367], [-0.10341314971446991, 0.02246537059545517], [-0.20668567717075348, 0.23733079433441162]]",False
early_neutral,4,831,0.7230923025658114,-1,[0],"[[-0.5797353386878967, 0.02207929641008377], [0.07560540735721588, -0.25773558020591736], [0.1849978268146515, -0.10116823762655258], [-0.11375006288290024, 0.0203595869243145], [-0.21931686997413635, 0.23500192165374756]]",False
early_neutral,4,832,0.7227590803065644,-1,[0],"[[-0.5666913986206055, 0.023162763565778732], [0.07560540735721588, -0.25773558020591736], [0.17986002564430237, -0.10612296313047409], [-0.12455064058303833, 0.01812608726322651], [-0.23216000199317932, 0.23249231278896332]]",False
early_neutral,4,833,0.7224258580473175,-1,[0],"[[-0.5534588098526001, 0.02436676435172558], [0.07560540735721588, -0.25773558020591736], [0.17383266985416412, -0.11063337326049805], [-0.13595370948314667, 0.01580123044550419], [-0.24521170556545258, 0.22994650900363922]]",False
early_neutral,4,834,0.7220926357880706,-1,[0],"[[-0.5414258241653442, 0.025484835729002953], [0.07560540735721588, -0.25773558020591736], [0.1669001579284668, -0.11462436616420746], [-0.14803124964237213, 0.01373199000954628], [-0.2584437429904938, 0.22741910815238953]]",False
early_neutral,4,835,0.7217594135288238,-1,[0],"[[-0.5310682058334351, 0.026428762823343277], [0.07560540735721588, -0.25773558020591736], [0.15908774733543396, -0.1178247258067131], [-0.1604747623205185, 0.012087027542293072], [-0.27186018228530884, 0.22501666843891144]]",False
early_neutral,4,836,0.7214261912695769,-1,[0],"[[-0.5219832062721252, 0.02718258649110794], [0.07319609820842743, -0.25676536560058594], [0.1500549614429474, -0.11915640532970428], [-0.1717435121536255, 0.010518745519220829], [-0.2854844629764557, 0.22289125621318817]]",False
early_neutral,4,837,0.7210929690103299,-1,[0],"[[-0.5132048726081848, 0.027910958975553513], [0.06882698088884354, -0.25535041093826294], [0.14031745493412018, -0.12011858820915222], [-0.18330520391464233, 0.008160728961229324], [-0.29881295561790466, 0.22106514871120453]]",False
early_neutral,4,838,0.720759746751083,-1,[0],"[[-0.5042310953140259, 0.02865554578602314], [0.06286083161830902, -0.2539178729057312], [0.1297132670879364, -0.12072814255952835], [-0.19474786520004272, 0.004638297948986292], [-0.30870452523231506, 0.21975722908973694]]",False
early_neutral,4,839,0.7204265244918361,-1,[0],"[[-0.4970448911190033, 0.029251815751194954], [0.055408261716365814, -0.25265368819236755], [0.11901118606328964, -0.12071104347705841], [-0.20305263996124268, 0.0008583026356063783], [-0.31512659788131714, 0.21899069845676422]]",False
early_neutral,4,840,0.7200933022325892,-1,[0],"[[-0.4933359920978546, 0.029559558257460594], [0.0466211661696434, -0.25178414583206177], [0.10776597261428833, -0.1199868842959404], [-0.2086639702320099, -0.002230654004961252], [-0.32146212458610535, 0.21826171875]]",False
early_neutral,4,841,0.7197600799733422,-1,[0],"[[-0.4935169816017151, 0.029529457911849022], [0.036879412829875946, -0.2511596083641052], [0.09597703814506531, -0.1188441589474678], [-0.21139542758464813, -0.0031592079903930426], [-0.32780009508132935, 0.21754173934459686]]",False
early_neutral,4,842,0.7194268577140953,-1,[0],"[[-0.4969640374183655, 0.029191480949521065], [0.026262888684868813, -0.25057104229927063], [0.08363402634859085, -0.11776567995548248], [-0.21226568520069122, -0.0035329547245055437], [-0.33413949608802795, 0.21682704985141754]]",False
early_neutral,4,843,0.7190936354548484,-1,[0],"[[-0.5018605589866638, 0.02874097228050232], [0.014892983250319958, -0.2500256299972534], [0.07084912806749344, -0.11678246408700943], [-0.212852343916893, -0.0035094337072223425], [-0.340321809053421, 0.21612612903118134]]",False
early_neutral,4,844,0.7187604131956015,-1,[0],"[[-0.5081506967544556, 0.028173858299851418], [0.0028516133315861225, -0.2494674026966095], [0.057756781578063965, -0.11568831652402878], [-0.21392454206943512, -0.0034108562394976616], [-0.34665897488594055, 0.21540315449237823]]",False
early_neutral,4,845,0.7184271909363545,-1,[0],"[[-0.5155830383300781, 0.027508515864610672], [-0.009726502932608128, -0.2489030361175537], [0.04444979876279831, -0.11440915614366531], [-0.21439841389656067, -0.003367287339642644], [-0.35218101739883423, 0.21476557850837708]]",True
early_neutral,4,846,0.7180939686771076,-1,[0],"[[-0.5235346555709839, 0.026801733300089836], [-0.022722123190760612, -0.2483137547969818], [0.030996667221188545, -0.11292921006679535], [-0.21439841389656067, -0.003367287339642644], [-0.3530389368534088, 0.2146642655134201]]",True
early_neutral,4,847,0.7177607464178607,-1,[0],"[[-0.5324270725250244, 0.025983845815062523], [-0.03603890910744667, -0.2476843297481537], [0.01746935024857521, -0.11118175834417343], [-0.21438264846801758, -0.003146774834021926], [-0.3530389368534088, 0.2146642655134201]]",True
early_neutral,4,848,0.7174275241586138,-1,[0],"[[-0.5421326160430908, 0.024977466091513634], [-0.04960188642144203, -0.247017040848732], [0.003908789250999689, -0.1091848686337471], [-0.21433928608894348, -0.002536560408771038], [-0.3530389368534088, 0.2146642655134201]]",True
early_neutral,4,849,0.7170943018993668,-1,[0],"[[-0.5526180863380432, 0.02378731034696102], [-0.06335081160068512, -0.24630190432071686], [-0.009649630635976791, -0.10694490373134613], [-0.2141898274421692, -0.0019740560092031956], [-0.3530389368534088, 0.2146642655134201]]",True
early_neutral,4,850,0.7167610796401199,-1,[0],"[[-0.5634044408798218, 0.022522032260894775], [-0.07724002003669739, -0.24554064869880676], [-0.02317643165588379, -0.10446576774120331], [-0.2138037234544754, -0.0015828469768166542], [-0.3530389368534088, 0.2146642655134201]]",True
early_neutral,4,851,0.716427857380873,-1,[0],"[[-0.5735617280006409, 0.021731149405241013], [-0.09123388677835464, -0.2447318583726883], [-0.03664059937000275, -0.10173750668764114], [-0.2131870687007904, -0.0012391832424327731], [-0.3530389368534088, 0.2146642655134201]]",False
early_neutral,4,852,0.7160946351216261,-1,[0],"[[-0.5822939872741699, 0.02337135747075081], [-0.10530532151460648, -0.24387609958648682], [-0.050017405301332474, -0.09875795990228653], [-0.21251219511032104, -0.00090408930554986], [-0.35330724716186523, 0.2147395759820938]]",False
early_neutral,4,853,0.7157614128623792,-1,[0],"[[-0.5902504920959473, 0.02638637088239193], [-0.11941266059875488, -0.24284762144088745], [-0.06249181926250458, -0.09581659734249115], [-0.21183732151985168, -0.0005689904792234302], [-0.35639798641204834, 0.21556535363197327]]",False
early_neutral,4,854,0.7154281906031323,-1,[0],"[[-0.5983022451400757, 0.02938121370971203], [-0.13351429998874664, -0.24154293537139893], [-0.07100995630025864, -0.09380622953176498], [-0.2113962471485138, -0.00034999422496184707], [-0.3608402907848358, 0.216665580868721]]",False
early_neutral,4,855,0.7150949683438854,-1,[0],"[[-0.6064656376838684, 0.03224524110555649], [-0.14759601652622223, -0.24000026285648346], [-0.07669250667095184, -0.09246509522199631], [-0.2113962471485138, -0.00034999422496184707], [-0.36662018299102783, 0.21798434853553772]]",False
early_neutral,4,856,0.7147617460846385,-1,[0],"[[-0.6146866679191589, 0.03503965586423874], [-0.16167686879634857, -0.2383507341146469], [-0.08009122312068939, -0.09166295826435089], [-0.2113962471485138, -0.00034999422496184707], [-0.3737380802631378, 0.21945497393608093]]",False
early_neutral,4,857,0.7144285238253916,-1,[0],"[[-0.6229225993156433, 0.03781545162200928], [-0.17575176060199738, -0.23660695552825928], [-0.08047673851251602, -0.09120919555425644], [-0.2113962471485138, -0.00034999422496184707], [-0.38204020261764526, 0.22110624611377716]]",False
early_neutral,4,858,0.7140953015661446,-1,[0],"[[-0.6311378479003906, 0.040616706013679504], [-0.1898234337568283, -0.23479938507080078], [-0.07722414284944534, -0.09017865359783173], [-0.2113962471485138, -0.00034999422496184707], [-0.390511691570282, 0.2234177589416504]]",False
early_neutral,4,859,0.7137620793068977,-1,[0],"[[-0.6392045021057129, 0.043595053255558014], [-0.20389121770858765, -0.23294056951999664], [-0.07277396321296692, -0.08874714374542236], [-0.2113962471485138, -0.00034999422496184707], [-0.39848268032073975, 0.22633107006549835]]",False
early_neutral,4,860,0.7134288570476508,-1,[0],"[[-0.647106945514679, 0.046754248440265656], [-0.21795807778835297, -0.231050506234169], [-0.06719772517681122, -0.08677496016025543], [-0.2113962471485138, -0.00034999422496184707], [-0.4042418599128723, 0.22878320515155792]]",False
early_neutral,4,861,0.7130956347884039,-1,[0],"[[-0.6549516320228577, 0.049973972141742706], [-0.2320326715707779, -0.22916363179683685], [-0.060717541724443436, -0.08412489295005798], [-0.2113962471485138, -0.00034999422496184707], [-0.40943586826324463, 0.2312532663345337]]",False
early_neutral,4,862,0.712762412529157,-1,[0],"[[-0.6627841591835022, 0.05320620909333229], [-0.24583232402801514, -0.22731982171535492], [-0.05444519594311714, -0.08041108399629593], [-0.2113962471485138, -0.00034999422496184707], [-0.41451331973075867, 0.23382295668125153]]",False
early_neutral,4,863,0.71242919026991,-1,[0],"[[-0.6706083416938782, 0.056446757167577744], [-0.25657692551612854, -0.22592394053936005], [-0.050296179950237274, -0.07540382444858551], [-0.2113962471485138, -0.00034999422496184707], [-0.4195113480091095, 0.23629051446914673]]",False
early_neutral,4,864,0.7120959680106631,-1,[0],"[[-0.6784316301345825, 0.05968822166323662], [-0.263292521238327, -0.225215345621109], [-0.0472196601331234, -0.06993379443883896], [-0.2113962471485138, -0.00034999422496184707], [-0.42469027638435364, 0.23877449333667755]]",False
early_neutral,4,865,0.7117627457514162,-1,[0],"[[-0.6862673163414001, 0.06291650235652924], [-0.26652222871780396, -0.2249128669500351], [-0.04750914126634598, -0.0660080686211586], [-0.2113962471485138, -0.00034999422496184707], [-0.4292405843734741, 0.2409077137708664]]",False
early_neutral,4,866,0.7114295234921693,-1,[0],"[[-0.6945092082023621, 0.0661541149020195], [-0.26652222871780396, -0.2249128669500351], [-0.0520852692425251, -0.06411950290203094], [-0.2113962471485138, -0.00034999422496184707], [-0.4299475848674774, 0.24123963713645935]]",False
early_neutral,4,867,0.7110963012329223,-1,[0],"[[-0.7036384344100952, 0.06954415142536163], [-0.26652222871780396, -0.2249128669500351], [-0.05476268008351326, -0.06348825246095657], [-0.2113962471485138, -0.00034999422496184707], [-0.42997920513153076, 0.2412397414445877]]",False
early_neutral,4,868,0.7107630789736754,-1,[0],"[[-0.7131437659263611, 0.0729827880859375], [-0.26652222871780396, -0.2249128669500351], [-0.05476268008351326, -0.06348825246095657], [-0.2113962471485138, -0.00034999422496184707], [-0.43280842900276184, 0.24136938154697418]]",False
early_neutral,4,869,0.7104298567144285,-1,[0],"[[-0.7231472730636597, 0.07653821259737015], [-0.266651451587677, -0.22491097450256348], [-0.055998001247644424, -0.06319008022546768], [-0.2113962471485138, -0.00034999422496184707], [-0.4373558759689331, 0.24186521768569946]]",False
early_neutral,4,870,0.7100966344551816,-1,[0],"[[-0.7337029576301575, 0.08024735003709793], [-0.26978200674057007, -0.22475853562355042], [-0.05982282757759094, -0.06200613081455231], [-0.2113962471485138, -0.00034999422496184707], [-0.44302183389663696, 0.24277105927467346]]",True
early_neutral,4,871,0.7097634121959346,-1,[0],"[[-0.7447375059127808, 0.08408764004707336], [-0.2745054066181183, -0.224283829331398], [-0.0646277368068695, -0.0599728599190712], [-0.2113962471485138, -0.00034999422496184707], [-0.4488811790943146, 0.2436612844467163]]",False
early_neutral,4,872,0.7094301899366877,-1,[0],"[[-0.7561808228492737, 0.08787022531032562], [-0.28052040934562683, -0.22343751788139343], [-0.06721725314855576, -0.05874337628483772], [-0.2113962471485138, -0.00034999422496184707], [-0.4551684558391571, 0.2445494681596756]]",False
early_neutral,4,873,0.7090969676774409,-1,[0],"[[-0.7676780819892883, 0.09163891524076462], [-0.2867995500564575, -0.22252504527568817], [-0.06721725314855576, -0.05874337628483772], [-0.2113962471485138, -0.00034999422496184707], [-0.461684912443161, 0.24539311230182648]]",False
early_neutral,4,874,0.708763745418194,-1,[0],"[[-0.7786422371864319, 0.09523677080869675], [-0.2930731475353241, -0.2216028869152069], [-0.06848452240228653, -0.05850742757320404], [-0.2113962471485138, -0.00034999422496184707], [-0.46941855549812317, 0.24625816941261292]]",True
early_neutral,4,875,0.7084305231589471,-1,[0],"[[-0.7876418828964233, 0.09829103946685791], [-0.2992693781852722, -0.2207920253276825], [-0.07261064648628235, -0.05787590518593788], [-0.2113962471485138, -0.00034999422496184707], [-0.4782503843307495, 0.2470783293247223]]",False
early_neutral,4,876,0.7080973008997001,-1,[0],"[[-0.7943401336669922, 0.1006552129983902], [-0.30559977889060974, -0.2200881391763687], [-0.07827313244342804, -0.05727973207831383], [-0.2123817801475525, -0.0006910720840096474], [-0.48508453369140625, 0.24760928750038147]]",False
early_neutral,4,877,0.7077640786404532,-1,[0],"[[-0.7997370362281799, 0.10256006568670273], [-0.3120099902153015, -0.21948561072349548], [-0.08366339653730392, -0.0564432330429554], [-0.21592098474502563, -0.0017172711668536067], [-0.49149060249328613, 0.24799686670303345]]",False
early_neutral,4,878,0.7074308563812063,-1,[0],"[[-0.8046715259552002, 0.1042034775018692], [-0.31933701038360596, -0.2185412049293518], [-0.08735731244087219, -0.055245377123355865], [-0.22097429633140564, -0.0028325901366770267], [-0.49829620122909546, 0.24832387268543243]]",False
early_neutral,4,879,0.7070976341219594,-1,[0],"[[-0.8083375692367554, 0.10520041733980179], [-0.3277060091495514, -0.21694286167621613], [-0.08646394312381744, -0.05488349497318268], [-0.22703729569911957, -0.004191730637103319], [-0.5063768029212952, 0.24867230653762817]]",False
early_neutral,4,880,0.7067644118627124,-1,[0],"[[-0.8092653751373291, 0.10489622503519058], [-0.33671218156814575, -0.21476377546787262], [-0.08290433138608932, -0.05402147024869919], [-0.23304153978824615, -0.00574202835559845], [-0.5151755809783936, 0.24901266396045685]]",False
early_neutral,4,881,0.7064311896034655,-1,[0],"[[-0.809330403804779, 0.10273940116167068], [-0.34640175104141235, -0.21214546263217926], [-0.07806964963674545, -0.05319620296359062], [-0.23897653818130493, -0.007400725968182087], [-0.5217247009277344, 0.2492506355047226]]",False
early_neutral,4,882,0.7060979673442186,-1,[0],"[[-0.8094223737716675, 0.09957646578550339], [-0.35665634274482727, -0.20912814140319824], [-0.07178637385368347, -0.05234195291996002], [-0.24492141604423523, -0.009044361300766468], [-0.5281494855880737, 0.24947252869606018]]",False
early_neutral,4,883,0.7057647450849717,-1,[0],"[[-0.8094114661216736, 0.09547818452119827], [-0.3678525686264038, -0.20643259584903717], [-0.06432870030403137, -0.05157333239912987], [-0.25087809562683105, -0.010669849812984467], [-0.5320054888725281, 0.24960346519947052]]",False
early_neutral,4,884,0.7054315228257247,-1,[0],"[[-0.8092084527015686, 0.090594083070755], [-0.38007330894470215, -0.20472905039787292], [-0.056248076260089874, -0.0507589615881443], [-0.2568516731262207, -0.012268866412341595], [-0.5320505499839783, 0.2496050000190735]]",False
early_neutral,4,885,0.7050983005664778,-1,[0],"[[-0.8088734149932861, 0.08510985970497131], [-0.3929066061973572, -0.2036045640707016], [-0.047616638243198395, -0.0499110147356987], [-0.26284289360046387, -0.013839679770171642], [-0.5320505499839783, 0.2496050000190735]]",False
early_neutral,4,886,0.7047650783072309,-1,[0],"[[-0.8084196448326111, 0.0791490226984024], [-0.4061376750469208, -0.20278523862361908], [-0.03850308433175087, -0.048679154366254807], [-0.2686713635921478, -0.015349948778748512], [-0.5320505499839783, 0.2496050000190735]]",False
early_neutral,4,887,0.704431856047984,-1,[0],"[[-0.8078141808509827, 0.07306715101003647], [-0.4196659326553345, -0.2022298127412796], [-0.028716348111629486, -0.04682789742946625], [-0.2750852108001709, -0.016767706722021103], [-0.5320820808410645, 0.24960371851921082]]",False
early_neutral,4,888,0.704098633788737,-1,[0],"[[-0.8069577217102051, 0.06647609919309616], [-0.43340060114860535, -0.20171813666820526], [-0.020727694034576416, -0.044482871890068054], [-0.28302842378616333, -0.017703324556350708], [-0.5349018573760986, 0.24959143996238708]]",False
early_neutral,4,889,0.7037654115294901,-1,[0],"[[-0.8058524131774902, 0.05948541685938835], [-0.44720056653022766, -0.2012372612953186], [-0.012832368724048138, -0.041686754673719406], [-0.2921549081802368, -0.017898833379149437], [-0.5394113659858704, 0.24981053173542023]]",False
early_neutral,4,890,0.7034321892702432,-1,[0],"[[-0.8043937683105469, 0.05231046676635742], [-0.4584628939628601, -0.20076598227024078], [-0.0052786776795983315, -0.038456425070762634], [-0.3018343448638916, -0.017810702323913574], [-0.5432416200637817, 0.25017043948173523]]",False
early_neutral,4,891,0.7030989670109964,-1,[0],"[[-0.8025520443916321, 0.04475241154432297], [-0.46759548783302307, -0.2000943273305893], [0.0023971442133188248, -0.03523256629705429], [-0.3123704195022583, -0.017521318048238754], [-0.5433145761489868, 0.25017786026000977]]",False
early_neutral,4,892,0.7027657447517495,-1,[0],"[[-0.8003444075584412, 0.03686748072504997], [-0.4749720096588135, -0.19942085444927216], [0.010087274014949799, -0.031964998692274094], [-0.32247212529182434, -0.017552852630615234], [-0.5431655049324036, 0.2502118647098541]]",False
early_neutral,4,893,0.7024325224925025,-1,[0],"[[-0.7975748777389526, 0.02875719964504242], [-0.4768317937850952, -0.1992332488298416], [0.018223028630018234, -0.029013758525252342], [-0.33155474066734314, -0.0178834181278944], [-0.5405110716819763, 0.25077691674232483]]",False
early_neutral,4,894,0.7020993002332556,-1,[0],"[[-0.7948926091194153, 0.020496567711234093], [-0.4763422906398773, -0.19934676587581635], [0.027279457077383995, -0.026365229859948158], [-0.3377397954463959, -0.017641499638557434], [-0.536553144454956, 0.25153419375419617]]",False
early_neutral,4,895,0.7017660779740087,-1,[0],"[[-0.7934455275535583, 0.012108657509088516], [-0.47297510504722595, -0.20008301734924316], [0.03707007318735123, -0.024060646072030067], [-0.3437296152114868, -0.017407217994332314], [-0.5322617292404175, 0.25229331851005554]]",False
early_neutral,4,896,0.7014328557147618,-1,[0],"[[-0.7934225797653198, 0.0037705805152654648], [-0.4682309627532959, -0.2010297030210495], [0.04728550836443901, -0.02232380025088787], [-0.34851545095443726, -0.01722063682973385], [-0.5309220552444458, 0.25252920389175415]]",False
early_neutral,4,897,0.7010996334555148,-1,[0],"[[-0.7958301901817322, -0.003443150781095028], [-0.4648434817790985, -0.20294189453125], [0.05827365815639496, -0.02106453850865364], [-0.34972089529037476, -0.01717376708984375], [-0.5311148762702942, 0.2524956464767456]]",False
early_neutral,4,898,0.7007664111962679,-1,[0],"[[-0.7994988560676575, -0.007585369981825352], [-0.465449720621109, -0.20619013905525208], [0.06774036586284637, -0.020270856097340584], [-0.34972089529037476, -0.01717376708984375], [-0.5344046354293823, 0.25207921862602234]]",False
early_neutral,4,899,0.700433188937021,-1,[0],"[[-0.8056064248085022, -0.009175471030175686], [-0.467129111289978, -0.2092534899711609], [0.0768924131989479, -0.01972871832549572], [-0.34972089529037476, -0.01717376708984375], [-0.5391823649406433, 0.25180289149284363]]",False
early_neutral,4,900,0.7000999666777741,-1,[0],"[[-0.8134803771972656, -0.00970498938113451], [-0.4672941267490387, -0.20955003798007965], [0.08606415241956711, -0.019354673102498055], [-0.34972089529037476, -0.01717376708984375], [-0.5453099608421326, 0.25171637535095215]]",False
early_neutral,4,901,0.6997667444185272,-1,[0],"[[-0.8224412798881531, -0.010112646967172623], [-0.4672941267490387, -0.20955003798007965], [0.09520507603883743, -0.01908152736723423], [-0.34972089529037476, -0.01717376708984375], [-0.5517432689666748, 0.25166499614715576]]",False
early_neutral,4,902,0.6994335221592802,-1,[0],"[[-0.8321495652198792, -0.010563339106738567], [-0.4672941267490387, -0.20955003798007965], [0.10419238358736038, -0.0189125444740057], [-0.34972089529037476, -0.01717376708984375], [-0.5581769943237305, 0.2516460716724396]]",False
early_neutral,4,903,0.6991002999000333,-1,[0],"[[-0.8427087664604187, -0.011046336032450199], [-0.4672941267490387, -0.20955003798007965], [0.11320670694112778, -0.018786609172821045], [-0.34972089529037476, -0.01717376708984375], [-0.5644699931144714, 0.25162360072135925]]",False
early_neutral,4,904,0.6987670776407864,-1,[0],"[[-0.8535985350608826, -0.011547298170626163], [-0.4672941267490387, -0.20955003798007965], [0.12221231311559677, -0.018693145364522934], [-0.34972089529037476, -0.01717376708984375], [-0.5708858966827393, 0.2515917718410492]]",False
early_neutral,4,905,0.6984338553815395,-1,[0],"[[-0.8650943040847778, -0.012082243338227272], [-0.4672941267490387, -0.20955003798007965], [0.12948842346668243, -0.018692493438720703], [-0.34972089529037476, -0.01717376708984375], [-0.5773194432258606, 0.2515506446361542]]",False
early_neutral,4,906,0.6981006331222925,-1,[0],"[[-0.8771701455116272, -0.01264896523207426], [-0.4672980308532715, -0.20988813042640686], [0.13590751588344574, -0.01892446167767048], [-0.34972089529037476, -0.01717376708984375], [-0.5836759805679321, 0.2514966130256653]]",False
early_neutral,4,907,0.6977674108630456,-1,[0],"[[-0.8897414803504944, -0.01324584148824215], [-0.4675489664077759, -0.2121819108724594], [0.1423029750585556, -0.019354145973920822], [-0.34972089529037476, -0.01717376708984375], [-0.5900270938873291, 0.2514275908470154]]",False
early_neutral,4,908,0.6974341886037987,-1,[0],"[[-0.9023321270942688, -0.013870459981262684], [-0.46834832429885864, -0.2153332680463791], [0.14868447184562683, -0.01985902152955532], [-0.34972089529037476, -0.01717376708984375], [-0.5964596271514893, 0.2513427734375]]",False
early_neutral,4,909,0.6971009663445518,-1,[0],"[[-0.9116696119308472, -0.014590981416404247], [-0.4712766110897064, -0.21860001981258392], [0.15505214035511017, -0.02043137326836586], [-0.34972089529037476, -0.01717376708984375], [-0.6028624176979065, 0.2512463331222534]]",False
early_neutral,4,910,0.696767744085305,-1,[0],"[[-0.9204856753349304, -0.015444234944880009], [-0.4758016765117645, -0.22145970165729523], [0.161416694521904, -0.021016957238316536], [-0.34972089529037476, -0.01717376708984375], [-0.6091649532318115, 0.25114110112190247]]",False
early_neutral,4,911,0.696434521826058,-1,[0],"[[-0.9297122955322266, -0.016337189823389053], [-0.48058125376701355, -0.22421133518218994], [0.16777962446212769, -0.021612100303173065], [-0.34972089529037476, -0.01717376708984375], [-0.6155962944030762, 0.2510233521461487]]",False
early_neutral,4,912,0.6961012995668111,-1,[0],"[[-0.9908088445663452, 0.0], [-0.9546976089477539, -0.1094011589884758], [-0.9588947892189026, -0.05057461932301521], [-0.9586071968078613, -0.0024807837326079607], [-0.9502602815628052, 0.08391272276639938]]",False
early_neutral,4,913,0.6957680773075642,-1,[0],"[[-0.9908088445663452, 0.0], [-0.9546976089477539, -0.1094011589884758], [-0.9588947892189026, -0.05057461932301521], [-0.9586071968078613, -0.0024807837326079607], [-0.9502602815628052, 0.08391272276639938]]",False
early_neutral,4,914,0.6954348550483173,-1,[0],"[[-0.9908088445663452, 0.0], [-0.9546976089477539, -0.1094011589884758], [-0.9588947892189026, -0.05057461932301521], [-0.9586071968078613, -0.0024807837326079607], [-0.9502602815628052, 0.08391272276639938]]",False
early_neutral,4,915,0.6951016327890703,-1,[0],"[[-0.9908088445663452, 0.0], [-0.9546976089477539, -0.1094011589884758], [-0.9588947892189026, -0.05057461932301521], [-0.9586071968078613, -0.0024807837326079607], [-0.9502602815628052, 0.08391272276639938]]",False
early_neutral,4,916,0.6947684105298234,-1,[0],"[[-0.9908088445663452, 0.0], [-0.9546976089477539, -0.1094011589884758], [-0.9588947892189026, -0.05057461932301521], [-0.9586071968078613, -0.0024807837326079607], [-0.9502602815628052, 0.08391272276639938]]",False
early_neutral,4,917,0.6944351882705765,-1,[0],"[[-0.9908088445663452, 0.0], [-0.9546976089477539, -0.1094011589884758], [-0.9588947892189026, -0.05057461932301521], [-0.9586071968078613, -0.0024807837326079607], [-0.9502602815628052, 0.08391272276639938]]",False
early_neutral,4,918,0.6941019660113296,-1,[0],"[[-0.9908088445663452, 0.0], [-0.9546661972999573, -0.10940339416265488], [-0.9588947892189026, -0.05057461932301521], [-0.9586071968078613, -0.0024807837326079607], [-0.9502602815628052, 0.08391272276639938]]",False
early_neutral,4,919,0.6937687437520826,-1,[0],"[[-0.9907464385032654, -4.637841630028561e-05], [-0.9518511295318604, -0.10955370217561722], [-0.9588947892189026, -0.05057461932301521], [-0.9577271342277527, -0.003133932361379266], [-0.9502602815628052, 0.08391272276639938]]",False
early_neutral,4,920,0.6934355214928357,-1,[0],"[[-0.990662693977356, 0.0002621135499794036], [-0.9473116397857666, -0.10967686772346497], [-0.9578254818916321, -0.05149368569254875], [-0.9550657272338867, -0.0050246682949364185], [-0.948562502861023, 0.08380895853042603]]",False
early_neutral,4,921,0.6931022992335888,-1,[0],"[[-0.9901578426361084, 0.002526586875319481], [-0.9413682818412781, -0.10970761626958847], [-0.9555554389953613, -0.05376046895980835], [-0.9513630867004395, -0.007642915938049555], [-0.9450380802154541, 0.08354085683822632]]",False
early_neutral,4,922,0.6927690769743419,-1,[0],"[[-0.9892568588256836, 0.00506872683763504], [-0.9340518116950989, -0.10972635447978973], [-0.9528717994689941, -0.05695480480790138], [-0.9488998651504517, -0.011757472530007362], [-0.9400991797447205, 0.08309812098741531]]",False
early_neutral,4,923,0.692435854715095,-1,[0],"[[-0.9887763261795044, 0.006760790012776852], [-0.9254947900772095, -0.10973182320594788], [-0.949362576007843, -0.06088196858763695], [-0.947442889213562, -0.016894506290555], [-0.9337077140808105, 0.08257408440113068]]",False
early_neutral,4,924,0.692102632455848,-1,[0],"[[-0.9887239336967468, 0.007362054195255041], [-0.9163036346435547, -0.10973300784826279], [-0.9448210597038269, -0.06535565108060837], [-0.9457583427429199, -0.02160550467669964], [-0.9259507656097412, 0.08207235485315323]]",False
early_neutral,4,925,0.6917694101966011,-1,[0],"[[-0.9887254238128662, 0.0073735578916966915], [-0.9071124196052551, -0.1097334772348404], [-0.939275324344635, -0.0702148899435997], [-0.943924069404602, -0.02380291186273098], [-0.9170267581939697, 0.08155634999275208]]",False
early_neutral,4,926,0.6914361879373542,-1,[0],"[[-0.9887254238128662, 0.0073735578916966915], [-0.8985534906387329, -0.1107783392071724], [-0.9328376650810242, -0.07536279410123825], [-0.9425852298736572, -0.024733923375606537], [-0.9071476459503174, 0.08090641349554062]]",False
early_neutral,4,927,0.6911029656781073,-1,[0],"[[-0.9887254238128662, 0.0073735578916966915], [-0.8913750052452087, -0.11411446332931519], [-0.9256541132926941, -0.08060961961746216], [-0.940934956073761, -0.02590019442141056], [-0.8965717554092407, 0.0801718607544899]]",False
early_neutral,4,928,0.6907697434188603,-1,[0],"[[-0.9887254238128662, 0.0073735578916966915], [-0.8846397995948792, -0.11800452321767807], [-0.9180279970169067, -0.08574894070625305], [-0.936959445476532, -0.022627202793955803], [-0.8857086300849915, 0.07962967455387115]]",False
early_neutral,4,929,0.6904365211596135,-1,[0],"[[-0.9887254238128662, 0.0073735578916966915], [-0.8764652013778687, -0.11969853937625885], [-0.9097464084625244, -0.09093862771987915], [-0.9316781759262085, -0.018561288714408875], [-0.8741711974143982, 0.07928083837032318]]",False
early_neutral,4,930,0.6901032989003666,-1,[0],"[[-0.9887254238128662, 0.0073735578916966915], [-0.8673148155212402, -0.1198868677020073], [-0.9023784399032593, -0.09487912058830261], [-0.9252517819404602, -0.01423549558967352], [-0.8620238304138184, 0.07913442701101303]]",False
early_neutral,4,931,0.6897700766411197,-1,[0],"[[-0.9887254238128662, 0.0073735578916966915], [-0.8581236600875854, -0.11990020424127579], [-0.8946782946586609, -0.09813979268074036], [-0.918002188205719, -0.009634329006075859], [-0.8493831753730774, 0.07941040396690369]]",False
early_neutral,4,932,0.6894368543818727,-1,[0],"[[-0.9887254238128662, 0.0073735578916966915], [-0.8489325046539307, -0.11990632861852646], [-0.8865109086036682, -0.10087809711694717], [-0.9100189208984375, -0.004785086028277874], [-0.8363878130912781, 0.08009697496891022]]",False
early_neutral,4,933,0.6891036321226258,-1,[0],"[[-0.9887254238128662, 0.0073735578916966915], [-0.8397413492202759, -0.11990716308355331], [-0.8779823780059814, -0.10310205072164536], [-0.9008779525756836, -0.0002754711313173175], [-0.8231596946716309, 0.08121207356452942]]",False
early_neutral,4,934,0.6887704098633789,-1,[0],"[[-0.9887254238128662, 0.0073735578916966915], [-0.8305501937866211, -0.11990750581026077], [-0.8691666126251221, -0.10478517413139343], [-0.890203595161438, 0.0016523762606084347], [-0.8098089098930359, 0.0827963650226593]]",False
early_neutral,4,935,0.688437187604132,-1,[0],"[[-0.9887254238128662, 0.0073735578916966915], [-0.8213589191436768, -0.11990758031606674], [-0.8601287603378296, -0.10585743933916092], [-0.8786845803260803, 0.0013530259020626545], [-0.7964484095573425, 0.08490268886089325]]",False
early_neutral,4,936,0.688103965344885,-1,[0],"[[-0.9887254238128662, 0.0073735578916966915], [-0.812167763710022, -0.11990758031606674], [-0.8509666919708252, -0.10629606992006302], [-0.8665477633476257, 0.000937191245611757], [-0.783200740814209, 0.08760329335927963]]",False
early_neutral,4,937,0.6877707430856381,-1,[0],"[[-0.9887254238128662, 0.0073735578916966915], [-0.8029766082763672, -0.11990758031606674], [-0.8417815566062927, -0.10614655166864395], [-0.8539091944694519, 0.0005498607642948627], [-0.770117998123169, 0.09081993997097015]]",False
early_neutral,4,938,0.6874375208263912,-1,[0],"[[-0.9887254238128662, 0.0073735578916966915], [-0.7944177389144897, -0.11886286735534668], [-0.8326558470726013, -0.10545133799314499], [-0.8408703804016113, 0.0004889940028078854], [-0.7572464942932129, 0.0945066586136818]]",False
early_neutral,4,939,0.6871042985671443,-1,[0],"[[-0.9887254238128662, 0.0073735578916966915], [-0.7872393131256104, -0.11552678048610687], [-0.8236538171768188, -0.10425060987472534], [-0.8275649547576904, 0.001116440980695188], [-0.7446260452270508, 0.09863108396530151]]",False
early_neutral,4,940,0.6867710763078974,-1,[0],"[[-0.9887254238128662, 0.0073735578916966915], [-0.7806918025016785, -0.11132970452308655], [-0.814790666103363, -0.10267087817192078], [-0.8141112923622131, 0.0022932756692171097], [-0.7322298884391785, 0.10309459269046783]]",False
early_neutral,4,941,0.6864378540486504,-1,[0],"[[-0.9887254238128662, 0.0073735578916966915], [-0.7741149663925171, -0.10717589408159256], [-0.8061226606369019, -0.1007079929113388], [-0.8005788326263428, 0.003884828882291913], [-0.720077395439148, 0.10787586122751236]]",False
early_neutral,4,942,0.6861046317894035,-1,[0],"[[-0.9887254238128662, 0.0073735578916966915], [-0.7673410177230835, -0.10320261865854263], [-0.797397255897522, -0.09862229228019714], [-0.7870117425918579, 0.005816188640892506], [-0.7081264853477478, 0.11289869248867035]]",False
early_neutral,4,943,0.6857714095301566,-1,[0],"[[-0.9887254238128662, 0.0073735578916966915], [-0.7594103217124939, -0.10067233443260193], [-0.7877879738807678, -0.09658476710319519], [-0.7732666730880737, 0.007512786891311407], [-0.6963536143302917, 0.11811870336532593]]",False
early_neutral,4,944,0.6854381872709097,-1,[0],"[[-0.9885702133178711, 0.007785448804497719], [-0.7503613233566284, -0.09986909478902817], [-0.7776836156845093, -0.09453479200601578], [-0.7593511343002319, 0.008856421336531639], [-0.684807300567627, 0.12356408685445786]]",False
early_neutral,4,945,0.6851049650116627,-1,[0],"[[-0.9879760146141052, 0.00992758572101593], [-0.7409987449645996, -0.099454864859581], [-0.7672885656356812, -0.09228717535734177], [-0.7453293800354004, 0.009980476461350918], [-0.6735944747924805, 0.12930828332901]]",False
early_neutral,4,946,0.6847717427524158,-1,[0],"[[-0.9876811504364014, 0.012161691673099995], [-0.7316340208053589, -0.09905435144901276], [-0.7568112015724182, -0.08989401161670685], [-0.7312433123588562, 0.010995817370712757], [-0.6627426147460938, 0.1353471577167511]]",False
early_neutral,4,947,0.6844385204931689,-1,[1],"[[-0.9877322912216187, 0.013313733972609043], [-0.7225147485733032, -0.09866559505462646], [-0.7483677268028259, -0.08750645071268082], [-0.7174057960510254, 0.011949563398957253], [-0.6523101925849915, 0.1416969746351242]]",False
early_neutral,4,948,0.6841052982339221,-1,[1],"[[-0.9878590703010559, 0.013796494342386723], [-0.7138243913650513, -0.09650097787380219], [-0.7403820157051086, -0.08454932272434235], [-0.7061285972595215, 0.012608896009624004], [-0.6423307657241821, 0.14835219085216522]]",False
early_neutral,4,949,0.6837720759746752,-1,[1],"[[-0.9878644347190857, 0.013807715848088264], [-0.7058091163635254, -0.09250181168317795], [-0.7326675057411194, -0.08122720569372177], [-0.6971566081047058, 0.01216179970651865], [-0.6327505707740784, 0.15525461733341217]]",False
early_neutral,4,950,0.6834388537154282,-1,[1],"[[-0.9878644347190857, 0.013807715848088264], [-0.6980459690093994, -0.08795323967933655], [-0.7250515818595886, -0.07778350263834], [-0.6873575448989868, 0.011399087496101856], [-0.623489499092102, 0.16234137117862701]]",False
early_neutral,4,951,0.6831056314561813,-1,[1],"[[-0.9878644347190857, 0.013807715848088264], [-0.6900604963302612, -0.083110012114048], [-0.7175022959709167, -0.07424484938383102], [-0.6768797636032104, 0.012240001000463963], [-0.6144742369651794, 0.16956306993961334]]",False
early_neutral,4,952,0.6827724091969344,-1,[1],"[[-0.9878644347190857, 0.013807715848088264], [-0.6819329261779785, -0.07808807492256165], [-0.7099536061286926, -0.07069367170333862], [-0.6674038767814636, 0.013907352462410927], [-0.6053001284599304, 0.17670069634914398]]",False
early_neutral,4,953,0.6824391869376875,-1,[1],"[[-0.9878644347190857, 0.013807715848088264], [-0.6755836606025696, -0.07421430200338364], [-0.702499270439148, -0.06722280383110046], [-0.6575220227241516, 0.016016224399209023], [-0.5959151983261108, 0.1837223768234253]]",False
early_neutral,4,954,0.6821059646784405,-1,[1],"[[-0.9878644347190857, 0.013807715848088264], [-0.6705870628356934, -0.07124648988246918], [-0.6945017576217651, -0.06377482414245605], [-0.6458155512809753, 0.018816202878952026], [-0.5862841010093689, 0.1906019002199173]]",False
early_neutral,4,955,0.6817727424191936,-1,[1],"[[-0.9878644347190857, 0.013807715848088264], [-0.666632354259491, -0.06905312836170197], [-0.6856521368026733, -0.0603955052793026], [-0.6363176107406616, 0.021464208140969276], [-0.576389491558075, 0.19732192158699036]]",False
early_neutral,4,956,0.6814395201599467,-1,[1],"[[-0.9878644347190857, 0.013807715848088264], [-0.6642032861709595, -0.06796056777238846], [-0.6768491268157959, -0.05725165829062462], [-0.6283325552940369, 0.024422788992524147], [-0.5663062334060669, 0.2039227932691574]]",False
early_neutral,4,957,0.6811062979006998,-1,[1],"[[-0.9878644347190857, 0.013807715848088264], [-0.6615170836448669, -0.06887084990739822], [-0.6681591868400574, -0.05425626412034035], [-0.622695803642273, 0.026669126003980637], [-0.5562050342559814, 0.2105124443769455]]",False
early_neutral,4,958,0.6807730756414528,-1,[1],"[[-0.9878644347190857, 0.013807715848088264], [-0.6581859588623047, -0.07075170427560806], [-0.6591160893440247, -0.05119943618774414], [-0.6215957999229431, 0.027100300416350365], [-0.5460940003395081, 0.2170960009098053]]",False
early_neutral,4,959,0.6804398533822059,-1,[1],"[[-0.9878644347190857, 0.013807715848088264], [-0.6541802883148193, -0.07348714768886566], [-0.6499266028404236, -0.04713456705212593], [-0.6215957999229431, 0.027100300416350365], [-0.5359803438186646, 0.22367803752422333]]",False
early_neutral,4,960,0.680106631122959,-1,[1],"[[-0.9878644347190857, 0.013807715848088264], [-0.6492452621459961, -0.07693221420049667], [-0.6421834826469421, -0.041278909891843796], [-0.6215957999229431, 0.027100300416350365], [-0.5258660316467285, 0.23025992512702942]]",False
early_neutral,4,961,0.6797734088637121,-1,[1],"[[-0.9878644347190857, 0.013807715848088264], [-0.6432978510856628, -0.0808609127998352], [-0.6348590850830078, -0.03479243069887161], [-0.6215957999229431, 0.027100300416350365], [-0.5157514214515686, 0.23684166371822357]]",False
early_neutral,4,962,0.6794401866044651,-1,[1],"[[-0.9878644347190857, 0.013807715848088264], [-0.6362261772155762, -0.0850255936384201], [-0.6278793215751648, -0.027806026861071587], [-0.6214838027954102, 0.02716773748397827], [-0.5056366920471191, 0.2434234917163849]]",False
early_neutral,4,963,0.6791069643452182,-1,[1],"[[-0.9878644347190857, 0.013807715848088264], [-0.6281446218490601, -0.08928646147251129], [-0.621300220489502, -0.02039826288819313], [-0.6211410760879517, 0.027443794533610344], [-0.4968591630458832, 0.24913157522678375]]",False
early_neutral,4,964,0.6787737420859713,-1,[1],"[[-0.9878644347190857, 0.013807715848088264], [-0.6204842925071716, -0.0927128717303276], [-0.6147575378417969, -0.0127800228074193], [-0.6201351284980774, 0.02896578423678875], [-0.4890154302120209, 0.25416022539138794]]",False
early_neutral,4,965,0.6784405198267244,-1,[1],"[[-0.9878644347190857, 0.013807715848088264], [-0.6124016642570496, -0.09555487334728241], [-0.6082566380500793, -0.004996743518859148], [-0.6188443303108215, 0.031914494931697845], [-0.4830229878425598, 0.2574653923511505]]",False
early_neutral,4,966,0.6781072975674776,-1,[1],"[[-0.9878644347190857, 0.013807715848088264], [-0.6038629412651062, -0.09775304049253464], [-0.6015554070472717, 0.0028292848728597164], [-0.617983877658844, 0.03582622855901718], [-0.4781627953052521, 0.2584317624568939]]",False
early_neutral,4,967,0.6777740753082306,-1,[1],"[[-0.9878644347190857, 0.013807715848088264], [-0.5949051380157471, -0.09906487911939621], [-0.594543993473053, 0.01062819268554449], [-0.6168699264526367, 0.040597155690193176], [-0.4728466272354126, 0.25992655754089355]]",False
early_neutral,4,968,0.6774408530489837,-1,[1],"[[-0.9878644347190857, 0.013807715848088264], [-0.5860092639923096, -0.09947211295366287], [-0.5871264934539795, 0.018334360793232918], [-0.6152463555335999, 0.04609905555844307], [-0.46766725182533264, 0.261696994304657]]",False
early_neutral,4,969,0.6771076307897368,-1,[1],"[[-0.9878644347190857, 0.013807715848088264], [-0.579701840877533, -0.09842199832201004], [-0.5791090726852417, 0.025835487991571426], [-0.6128414869308472, 0.051981035619974136], [-0.4604560434818268, 0.2625807523727417]]",False
early_neutral,4,970,0.6767744085304899,-1,[1],"[[-0.9878644347190857, 0.013807715848088264], [-0.5743483304977417, -0.09610851109027863], [-0.5704677700996399, 0.0330786257982254], [-0.6096151471138, 0.058180391788482666], [-0.45210736989974976, 0.26304182410240173]]",False
early_neutral,4,971,0.676441186271243,-1,[1],"[[-0.9878644347190857, 0.013807715848088264], [-0.5685150027275085, -0.09351847320795059], [-0.5609085559844971, 0.039848268032073975], [-0.6054955124855042, 0.06466230005025864], [-0.4437408745288849, 0.26381486654281616]]",False
early_neutral,4,972,0.676107964011996,-1,[1],"[[-0.9878644347190857, 0.013807715848088264], [-0.5612843036651611, -0.0907859057188034], [-0.5504396557807922, 0.04605035483837128], [-0.6008692383766174, 0.0711192786693573], [-0.43588724732398987, 0.26520851254463196]]",True
early_neutral,4,973,0.6757747417527491,-1,[1],"[[-0.9878644347190857, 0.013807715848088264], [-0.5530475378036499, -0.08842771500349045], [-0.5390648245811462, 0.05155763030052185], [-0.5958077311515808, 0.07787197083234787], [-0.42885375022888184, 0.26825791597366333]]",True
early_neutral,4,974,0.6754415194935022,-1,[1],"[[-0.9878644347190857, 0.013807715848088264], [-0.5444374680519104, -0.08827850222587585], [-0.5268380045890808, 0.05624982714653015], [-0.5901086926460266, 0.08483444899320602], [-0.42164337635040283, 0.2721777856349945]]",True
early_neutral,4,975,0.6751082972342553,-1,[1],"[[-0.9878644347190857, 0.013807715848088264], [-0.5354877710342407, -0.08945269882678986], [-0.5139349699020386, 0.060122810304164886], [-0.583901047706604, 0.09197065979242325], [-0.41408491134643555, 0.276377409696579]]",True
early_neutral,4,976,0.6747750749750083,-1,[1],"[[-0.9878644347190857, 0.013807715848088264], [-0.5265622138977051, -0.09087784588336945], [-0.5005916357040405, 0.06332143396139145], [-0.5771980881690979, 0.09920276701450348], [-0.40602606534957886, 0.2809438407421112]]",True
early_neutral,4,977,0.6744418527157614,-1,[1],"[[-0.9878644347190857, 0.013807715848088264], [-0.5177482962608337, -0.09257199615240097], [-0.4869031608104706, 0.06584548950195312], [-0.5704765319824219, 0.10668142884969711], [-0.39787039160728455, 0.2856556475162506]]",True
early_neutral,4,978,0.6741086304565145,-1,[0],"[[-0.9878644347190857, 0.013807715848088264], [-0.508996307849884, -0.09439794719219208], [-0.472993403673172, 0.06781201809644699], [-0.5634945034980774, 0.1142401248216629], [-0.3895319700241089, 0.2906481921672821]]",True
early_neutral,4,979,0.6737754081972676,-1,[0],"[[-0.9878644347190857, 0.013807715848088264], [-0.5001516342163086, -0.09602338075637817], [-0.45893171429634094, 0.06926698982715607], [-0.5562697649002075, 0.12184170633554459], [-0.3808501660823822, 0.2959592342376709]]",True
early_neutral,4,980,0.6734421859380206,-1,[0],"[[-0.9878644347190857, 0.013807715848088264], [-0.49121958017349243, -0.09743212163448334], [-0.44477105140686035, 0.07025901973247528], [-0.5487957000732422, 0.1294483095407486], [-0.3717901110649109, 0.3013286888599396]]",True
early_neutral,4,981,0.6731089636787737,-1,[1],"[[-0.9878644347190857, 0.013807715848088264], [-0.48221442103385925, -0.09862759709358215], [-0.43055811524391174, 0.07087918370962143], [-0.5408564805984497, 0.13693425059318542], [-0.3630259931087494, 0.30574220418930054]]",True
early_neutral,4,982,0.6727757414195268,-1,[1],"[[-0.9878644347190857, 0.013807715848088264], [-0.47314849495887756, -0.09960973262786865], [-0.4163181781768799, 0.07117361575365067], [-0.5320283770561218, 0.1440531611442566], [-0.3548707664012909, 0.30921250581741333]]",True
early_neutral,4,983,0.6724425191602799,-1,[1],"[[-0.9878644347190857, 0.013807715848088264], [-0.46404874324798584, -0.10045100748538971], [-0.4020775854587555, 0.07148507982492447], [-0.522355854511261, 0.15074522793293], [-0.345893532037735, 0.3108219802379608]]",True
early_neutral,4,984,0.6721092969010329,-1,[1],"[[-0.9878644347190857, 0.013807715848088264], [-0.4549381732940674, -0.10124120861291885], [-0.38784101605415344, 0.07188219577074051], [-0.5118212699890137, 0.15690572559833527], [-0.33626633882522583, 0.3116302490234375]]",True
early_neutral,4,985,0.6717760746417861,-1,[1],"[[-0.9878644347190857, 0.013807715848088264], [-0.4458182752132416, -0.10198459774255753], [-0.37362197041511536, 0.0724906325340271], [-0.5004884004592896, 0.16247135400772095], [-0.32609298825263977, 0.3119790852069855]]",True
early_neutral,4,986,0.6714428523825392,-1,[1],"[[-0.9878644347190857, 0.013807715848088264], [-0.43669363856315613, -0.1027028039097786], [-0.35944226384162903, 0.07341267168521881], [-0.48859167098999023, 0.1675490438938141], [-0.3159950077533722, 0.31191542744636536]]",True
early_neutral,4,987,0.6711096301232923,-1,[1],"[[-0.9878644347190857, 0.013807715848088264], [-0.4275650382041931, -0.10339966416358948], [-0.3452845513820648, 0.07446981221437454], [-0.4763031303882599, 0.17224019765853882], [-0.30608677864074707, 0.311501145362854]]",True
early_neutral,4,988,0.6707764078640454,-1,[1],"[[-0.9878644347190857, 0.013807715848088264], [-0.4184435307979584, -0.10413431376218796], [-0.3310620188713074, 0.07504314929246902], [-0.4637233316898346, 0.1766144335269928], [-0.2945519983768463, 0.3113635778427124]]",True
early_neutral,4,989,0.6704431856047984,-1,[1],"[[-0.9878644347190857, 0.013807715848088264], [-0.40933629870414734, -0.10494045913219452], [-0.31681177020072937, 0.07509338855743408], [-0.45110365748405457, 0.18095561861991882], [-0.2824731469154358, 0.31124207377433777]]",True
early_neutral,4,990,0.6701099633455515,-1,[1],"[[-0.9878644347190857, 0.013807715848088264], [-0.40024545788764954, -0.10582142323255539], [-0.30256205797195435, 0.0749269649386406], [-0.43846553564071655, 0.1852858066558838], [-0.2700066864490509, 0.31113001704216003]]",True
early_neutral,4,991,0.6697767410863046,-1,[1],"[[-0.9878644347190857, 0.013807715848088264], [-0.3911745548248291, -0.10678552836179733], [-0.28831538558006287, 0.07466841489076614], [-0.4257970452308655, 0.18958723545074463], [-0.2570692002773285, 0.3110267221927643]]",True
early_neutral,4,992,0.6694435188270577,-1,[1],"[[-0.9872984886169434, 0.014022836461663246], [-0.38212496042251587, -0.10783100873231888], [-0.2740713357925415, 0.07435191422700882], [-0.4130942225456238, 0.19385242462158203], [-0.24378114938735962, 0.3109038174152374]]",True
early_neutral,4,993,0.6691102965678107,-1,[1],"[[-0.9837312698364258, 0.015130327083170414], [-0.3730914294719696, -0.10893388092517853], [-0.25982704758644104, 0.07403729856014252], [-0.4002758264541626, 0.1979726403951645], [-0.23024940490722656, 0.3107962906360626]]",True
early_neutral,4,994,0.6687770743085638,-1,[1],"[[-0.9784804582595825, 0.016226107254624367], [-0.3640727698802948, -0.11008714139461517], [-0.2455824613571167, 0.0737261101603508], [-0.387210488319397, 0.2017544060945511], [-0.2165307253599167, 0.3107265830039978]]",True
early_neutral,4,995,0.6684438520493169,-1,[1],"[[-0.971697986125946, 0.01729961857199669], [-0.35507258772850037, -0.11129988729953766], [-0.23133738338947296, 0.07342275977134705], [-0.3739348351955414, 0.20521649718284607], [-0.20347175002098083, 0.31039339303970337]]",True
early_neutral,4,996,0.66811062979007,-1,[1],"[[-0.9637343883514404, 0.01881609857082367], [-0.34609556198120117, -0.11258329451084137], [-0.2170918583869934, 0.07312814891338348], [-0.3605895936489105, 0.20856697857379913], [-0.19155824184417725, 0.30964234471321106]]",True
early_neutral,4,997,0.667777407530823,-1,[1],"[[-0.9548874497413635, 0.020591767504811287], [-0.33714157342910767, -0.11393310129642487], [-0.20284610986709595, 0.07283852994441986], [-0.3472021520137787, 0.21184752881526947], [-0.17799615859985352, 0.30963513255119324]]",True
early_neutral,4,998,0.6674441852715761,-1,[1],"[[-0.9450181126594543, 0.020566919818520546], [-0.32820403575897217, -0.11532846093177795], [-0.18860024213790894, 0.07255081087350845], [-0.33372917771339417, 0.21497730910778046], [-0.16461589932441711, 0.3096526563167572]]",True
early_neutral,4,999,0.6671109630123292,-1,[1],"[[-0.9345664978027344, 0.01915445737540722], [-0.3192823529243469, -0.11676601320505142], [-0.17435422539710999, 0.07226498425006866], [-0.3201405704021454, 0.21788915991783142], [-0.1510140597820282, 0.3097325563430786]]",True
early_neutral,4,1000,0.6667777407530823,-1,[1],"[[-0.9239702224731445, 0.01748088374733925], [-0.3103641867637634, -0.11821295320987701], [-0.16010808944702148, 0.0719810351729393], [-0.3064669370651245, 0.2206287831068039], [-0.13724316656589508, 0.30986130237579346]]",True
early_neutral,4,1001,0.6664445184938353,-1,[1],"[[-0.9129341840744019, 0.015629982575774193], [-0.3014425039291382, -0.11965057253837585], [-0.14586183428764343, 0.07169904559850693], [-0.2927890121936798, 0.22336024045944214], [-0.12334242463111877, 0.30996954441070557]]",True
early_neutral,4,1002,0.6661112962345884,-1,[1],"[[-0.9013490676879883, 0.01360833365470171], [-0.29250749945640564, -0.12105254083871841], [-0.1316152960062027, 0.07142069935798645], [-0.279110312461853, 0.22609074413776398], [-0.10934524983167648, 0.3103673756122589]]",True
early_neutral,4,1003,0.6657780739753415,-1,[1],"[[-0.889276385307312, 0.011465088464319706], [-0.2835365831851959, -0.1223537027835846], [-0.11736857891082764, 0.07114668190479279], [-0.2653643786907196, 0.22867418825626373], [-0.09532411396503448, 0.3122227191925049]]",True
early_neutral,4,1004,0.6654448517160947,-1,[1],"[[-0.876829206943512, 0.00921166967600584], [-0.2745317816734314, -0.1235516369342804], [-0.10312221199274063, 0.07086511701345444], [-0.251530259847641, 0.23105044662952423], [-0.08161446452140808, 0.31240418553352356]]",True
early_neutral,4,1005,0.6651116294568478,-1,[1],"[[-0.8640913367271423, 0.006882417947053909], [-0.2654987871646881, -0.12465616315603256], [-0.08887726068496704, 0.07055526226758957], [-0.2387302815914154, 0.2331029623746872], [-0.06827573478221893, 0.31238505244255066]]",True
early_neutral,4,1006,0.6647784071976008,-1,[1],"[[-0.851132333278656, 0.0044931829907000065], [-0.2564406991004944, -0.1256699413061142], [-0.07463395595550537, 0.07021510601043701], [-0.22924697399139404, 0.23446378111839294], [-0.054714854806661606, 0.3122473955154419]]",True
early_neutral,4,1007,0.6644451849383539,-1,[1],"[[-0.8392265439033508, 0.002286275615915656], [-0.24735985696315765, -0.12659338116645813], [-0.06039324030280113, 0.06983201205730438], [-0.22017455101013184, 0.23558959364891052], [-0.04097875952720642, 0.3119877874851227]]",True
early_neutral,4,1008,0.664111962679107,-1,[1],"[[-0.8316264152526855, 0.0008718142053112388], [-0.23825852572917938, -0.12742720544338226], [-0.04615557938814163, 0.06940346211194992], [-0.210626021027565, 0.23662300407886505], [-0.027104917913675308, 0.31175193190574646]]",True
early_neutral,4,1009,0.6637787404198601,-1,[1],"[[-0.8266257643699646, -6.683687388431281e-05], [-0.22913920879364014, -0.12817327678203583], [-0.03372342884540558, 0.06899725645780563], [-0.20018911361694336, 0.23759403824806213], [-0.013125023804605007, 0.31157752871513367]]",True
early_neutral,4,1010,0.6634455181606131,-1,[1],"[[-0.8257127404212952, -0.00023507807054556906], [-0.22000572085380554, -0.12884201109409332], [-0.024308273568749428, 0.06864047795534134], [-0.1894492208957672, 0.23846584558486938], [0.0008947807364165783, 0.31125277280807495]]",True
early_neutral,4,1011,0.6631122959013662,-1,[1],"[[-0.8255515098571777, -0.0002618702710606158], [-0.21085987985134125, -0.12943479418754578], [-0.014812923036515713, 0.06839542090892792], [-0.17825375497341156, 0.239271342754364], [0.014724540524184704, 0.3111385703086853]]",True
early_neutral,4,1012,0.6627790736421193,-1,[1],"[[-0.8255515098571777, -0.0002618702710606158], [-0.2017037719488144, -0.12995630502700806], [-0.0053002252243459225, 0.06819017976522446], [-0.1664278656244278, 0.24005451798439026], [0.028060385957360268, 0.3111321032047272]]",True
early_neutral,4,1013,0.6624458513828724,-1,[1],"[[-0.8255515098571777, -0.0002618702710606158], [-0.1925390213727951, -0.13040924072265625], [0.004236426204442978, 0.06801966577768326], [-0.1540602594614029, 0.2409154772758484], [0.041580911725759506, 0.311153382062912]]",True
early_neutral,4,1014,0.6621126291236255,-1,[1],"[[-0.8255515098571777, -0.0002618702710606158], [-0.18336711823940277, -0.13079588115215302], [0.014009986072778702, 0.06793863326311111], [-0.14126978814601898, 0.24187181890010834], [0.05529036000370979, 0.3112070560455322]]",True
early_neutral,4,1015,0.6617794068643785,-1,[1],"[[-0.8255515098571777, -0.0002618702710606158], [-0.17418964207172394, -0.13112200796604156], [0.024480411782860756, 0.06777317076921463], [-0.12813664972782135, 0.2428203523159027], [0.0691440999507904, 0.3112639784812927]]",True
early_neutral,4,1016,0.6614461846051316,-1,[1],"[[-0.8255515098571777, -0.0002618702710606158], [-0.16500765085220337, -0.13138894736766815], [0.035437192767858505, 0.06765007227659225], [-0.11472681164741516, 0.24368445575237274], [0.08288925886154175, 0.3112178444862366]]",True
early_neutral,4,1017,0.6611129623458847,-1,[1],"[[-0.8255515098571777, -0.0002618702710606158], [-0.15582281351089478, -0.13161037862300873], [0.046684350818395615, 0.06747786700725555], [-0.10110437870025635, 0.24447277188301086], [0.09623999893665314, 0.31084707379341125]]",True
early_neutral,4,1018,0.6607797400866378,-1,[1],"[[-0.8255515098571777, -0.0002618702710606158], [-0.14663580060005188, -0.1317901760339737], [0.05847378075122833, 0.06714961677789688], [-0.08731807768344879, 0.24518291652202606], [0.10887877643108368, 0.3100733757019043]]",True
early_neutral,4,1019,0.6604465178273908,-1,[1],"[[-0.8255515098571777, -0.0002618702710606158], [-0.1374473124742508, -0.13193444907665253], [0.07078973948955536, 0.06675620377063751], [-0.07340456545352936, 0.245801642537117], [0.12068331986665726, 0.30779343843460083]]",True
early_neutral,4,1020,0.6601132955681439,-1,[1],"[[-0.8255515098571777, -0.0002618702710606158], [-0.1282578706741333, -0.13205048441886902], [0.08355050534009933, 0.0663456916809082], [-0.05938507989048958, 0.246221125125885], [0.13244374096393585, 0.30508601665496826]]",True
early_neutral,4,1021,0.659780073308897,-1,[1],"[[-0.8255515098571777, -0.0002618702710606158], [-0.1190677285194397, -0.1321399062871933], [0.09665901213884354, 0.06593788415193558], [-0.04528694227337837, 0.2464187890291214], [0.14462216198444366, 0.30229321122169495]]",True
early_neutral,4,1022,0.6594468510496501,-1,[1],"[[-0.8255515098571777, -0.0002618702710606158], [-0.10987719148397446, -0.13221073150634766], [0.11003854870796204, 0.06556472927331924], [-0.03113565221428871, 0.2463371306657791], [0.15711510181427002, 0.29942235350608826]]",True
early_neutral,4,1023,0.6591136287904032,-1,[1],"[[-0.8255515098571777, -0.0002618702710606158], [-0.10068639367818832, -0.1322641372680664], [0.1236267238855362, 0.06522855907678604], [-0.016959287226200104, 0.24592918157577515], [0.16975267231464386, 0.2970881760120392]]",True
early_neutral,4,1024,0.6587804065311563,-1,[1],"[[-0.8255515098571777, -0.0002618702710606158], [-0.09149544686079025, -0.1323065608739853], [0.13737551867961884, 0.06494347751140594], [-0.0027819941751658916, 0.24521684646606445], [0.18235769867897034, 0.295386403799057]]",True
early_neutral,4,1025,0.6584471842719094,-1,[1],"[[-0.8255515098571777, -0.0002618702710606158], [-0.08230442553758621, -0.13234153389930725], [0.1512470245361328, 0.06471152603626251], [0.011386286467313766, 0.24427856504917145], [0.19467611610889435, 0.2932010293006897]]",True
early_neutral,4,1026,0.6581139620126625,-1,[1],"[[-0.8255515098571777, -0.0002618702710606158], [-0.07311335951089859, -0.1323694884777069], [0.16521134972572327, 0.06451571732759476], [0.025449855253100395, 0.24313481152057648], [0.20690210163593292, 0.2926245927810669]]",True
early_neutral,4,1027,0.6577807397534156,-1,[1],"[[-0.8255515098571777, -0.0002618702710606158], [-0.06392224133014679, -0.13239136338233948], [0.17924608290195465, 0.06434991955757141], [0.03702560067176819, 0.24213793873786926], [0.21914181113243103, 0.2926132082939148]]",True
early_neutral,4,1028,0.6574475174941686,-1,[1],"[[-0.8255515098571777, -0.0002618702710606158], [-0.0547311007976532, -0.13240808248519897], [0.19333398342132568, 0.0642004907131195], [0.046133775264024734, 0.24133600294589996], [0.23183533549308777, 0.29251930117607117]]",True
early_neutral,4,1029,0.6571142952349217,-1,[1],"[[-0.8255515098571777, -0.0002618702710606158], [-0.045539990067481995, -0.1324305236339569], [0.20746153593063354, 0.06404304504394531], [0.05524718761444092, 0.24056005477905273], [0.24497294425964355, 0.29231250286102295]]",True
early_neutral,4,1030,0.6567810729756748,-1,[1],"[[-0.8255515098571777, -0.0002618702710606158], [-0.036348938941955566, -0.1324617862701416], [0.22161900997161865, 0.0638766810297966], [0.0643780529499054, 0.23987653851509094], [0.25838690996170044, 0.29207664728164673]]",True
early_neutral,4,1031,0.6564478507164279,-1,[1],"[[-0.8255515098571777, -0.0002618702710606158], [-0.027158059179782867, -0.13250954449176788], [0.2357988953590393, 0.06369709968566895], [0.07362309098243713, 0.23928460478782654], [0.27200672030448914, 0.2921644151210785]]",True
early_neutral,4,1032,0.6561146284571809,-1,[1],"[[-0.8255515098571777, -0.0002618702710606158], [-0.01796758361160755, -0.13258306682109833], [0.24999557435512543, 0.06350348144769669], [0.08366834372282028, 0.23876552283763885], [0.2856695055961609, 0.29382258653640747]]",True
early_neutral,4,1033,0.655781406197934,-1,[1],"[[-0.8255515098571777, -0.0002618702710606158], [-0.008777706883847713, -0.13268330693244934], [0.2642044126987457, 0.06328587979078293], [0.09452531486749649, 0.23833803832530975], [0.29926982522010803, 0.2939135432243347]]",True
early_neutral,4,1034,0.6554481839386871,-1,[1],"[[-0.8255515098571777, -0.0002618702710606158], [0.00041122932452708483, -0.13281498849391937], [0.2784218192100525, 0.06303613632917404], [0.10610689967870712, 0.23798292875289917], [0.3126084506511688, 0.29388150572776794]]",True
early_neutral,4,1035,0.6551149616794402,-1,[1],"[[-0.8255515098571777, -0.0002618702710606158], [0.009598962031304836, -0.13297846913337708], [0.2926449775695801, 0.06274957954883575], [0.11831093579530716, 0.23773042857646942], [0.32616880536079407, 0.29373347759246826]]",True
early_neutral,4,1036,0.6547817394201932,-1,[1],"[[-0.8255515098571777, -0.0002618702710606158], [0.01878608763217926, -0.13315604627132416], [0.3068709969520569, 0.062410060316324234], [0.1310049146413803, 0.23757673799991608], [0.33990418910980225, 0.29346519708633423]]",True
early_neutral,4,1037,0.6544485171609463,-1,[1],"[[-0.8255515098571777, -0.0002618702710606158], [0.027973027899861336, -0.13333764672279358], [0.3210979104042053, 0.06201613321900368], [0.1440768837928772, 0.2373860627412796], [0.3537774384021759, 0.29322484135627747]]",True
early_neutral,4,1038,0.6541152949016994,-1,[1],"[[-0.8255515098571777, -0.0002618702710606158], [0.037159815430641174, -0.13352245092391968], [0.3353239893913269, 0.06156492978334427], [0.15744008123874664, 0.23713743686676025], [0.36775702238082886, 0.2930513024330139]]",True
early_neutral,4,1039,0.6537820726424525,-1,[1],"[[-0.8255515098571777, -0.0002618702710606158], [0.04634653776884079, -0.13370861113071442], [0.349547803401947, 0.06105528399348259], [0.17102470993995667, 0.23680606484413147], [0.3817768096923828, 0.29270052909851074]]",True
early_neutral,4,1040,0.6534488503832055,-1,[1],"[[-0.8255515098571777, -0.0002618702710606158], [0.055533990263938904, -0.13387535512447357], [0.36376890540122986, 0.060495566576719284], [0.1847744882106781, 0.2363608032464981], [0.3956065773963928, 0.2925795316696167]]",True
early_neutral,4,1041,0.6531156281239587,-1,[1],"[[-0.8255515098571777, -0.0002618702710606158], [0.06472250074148178, -0.13377049565315247], [0.3779880106449127, 0.059900399297475815], [0.19742955267429352, 0.23588280379772186], [0.40894243121147156, 0.2925737500190735]]",True
early_neutral,4,1042,0.6527824058647118,-1,[1],"[[-0.8255515098571777, -0.0002618702710606158], [0.07388652861118317, -0.1333218812942505], [0.3922046720981598, 0.05927060917019844], [0.2068781703710556, 0.23546606302261353], [0.4224627614021301, 0.2925982177257538]]",True
early_neutral,4,1043,0.6524491836054649,-1,[1],"[[-0.8255515098571777, -0.0002618702710606158], [0.08300869911909103, -0.13259276747703552], [0.4064188003540039, 0.0586104691028595], [0.21603959798812866, 0.2349867820739746], [0.43617191910743713, 0.29265841841697693]]",True
early_neutral,4,1044,0.652115961346218,-1,[1],"[[-0.8255515098571777, -0.0002618702710606158], [0.09208691120147705, -0.1316598355770111], [0.42063024640083313, 0.05792081728577614], [0.22517061233520508, 0.23430673778057098], [0.4493950605392456, 0.2918870449066162]]",True
early_neutral,4,1045,0.651782739086971,-1,[1],"[[-0.8255515098571777, -0.0002618702710606158], [0.1014060229063034, -0.13044461607933044], [0.43483924865722656, 0.05720388516783714], [0.23425506055355072, 0.23340028524398804], [0.4623130261898041, 0.2908760905265808]]",True
early_neutral,4,1046,0.6514495168277241,-1,[1],"[[-0.8255515098571777, -0.0002618702710606158], [0.11074328422546387, -0.12911155819892883], [0.44904541969299316, 0.05646151304244995], [0.243291437625885, 0.23230817914009094], [0.4749179184436798, 0.2901214063167572]]",True
early_neutral,4,1047,0.6511162945684772,-1,[1],"[[-0.8255515098571777, -0.0002618702710606158], [0.12008096277713776, -0.12769047915935516], [0.4632490873336792, 0.055698469281196594], [0.25228115916252136, 0.2310635894536972], [0.4867210388183594, 0.2878669798374176]]",True
early_neutral,4,1048,0.6507830723092303,-1,[1],"[[-0.8255515098571777, -0.0002618702710606158], [0.1294001340866089, -0.1261860430240631], [0.47745242714881897, 0.0549314022064209], [0.26122865080833435, 0.2296956479549408], [0.49849727749824524, 0.2851886451244354]]",True
early_neutral,4,1049,0.6504498500499833,-1,[1],"[[-0.8255515098571777, -0.0002618702710606158], [0.1386936902999878, -0.12460526078939438], [0.49165642261505127, 0.054168786853551865], [0.27016720175743103, 0.22830304503440857], [0.510699987411499, 0.282462477684021]]",True
early_neutral,4,1050,0.6501166277907364,-1,[1],"[[-0.8255515098571777, -0.0002618702710606158], [0.14898502826690674, -0.12297873198986053], [0.5058791637420654, 0.05357411503791809], [0.2790716886520386, 0.22683754563331604], [0.5232416987419128, 0.27971458435058594]]",True
early_neutral,4,1051,0.6497834055314895,-1,[1],"[[-0.8255515098571777, -0.0002618702710606158], [0.1594347059726715, -0.12128116935491562], [0.5201205611228943, 0.053214069455862045], [0.2858174443244934, 0.22386543452739716], [0.5360230207443237, 0.27690812945365906]]",True
early_neutral,4,1052,0.6494501832722426,-1,[1],"[[-0.8255515098571777, -0.0002618702710606158], [0.17008256912231445, -0.11955392360687256], [0.5343708992004395, 0.053057920187711716], [0.28933125734329224, 0.21866251528263092], [0.5475420355796814, 0.27313336730003357]]",True
early_neutral,4,1053,0.6491169610129957,-1,[1],"[[-0.8255515098571777, -0.0002618702710606158], [0.18052716553211212, -0.11791598796844482], [0.5486234426498413, 0.05305152013897896], [0.2913772463798523, 0.21277973055839539], [0.5592321157455444, 0.2696167826652527]]",True
early_neutral,4,1054,0.6487837387537487,-1,[1],"[[-0.8255515098571777, -0.0002618702710606158], [0.1909554898738861, -0.11623590439558029], [0.5628741383552551, 0.05319856107234955], [0.2931557893753052, 0.2064581662416458], [0.5703110098838806, 0.2659052908420563]]",True
early_neutral,4,1055,0.6484505164945018,-1,[1],"[[-0.8255515098571777, -0.0002618702710606158], [0.2015652060508728, -0.1147322878241539], [0.5771172642707825, 0.053533028811216354], [0.2947864830493927, 0.19961665570735931], [0.5800920128822327, 0.26102665066719055]]",True
early_neutral,4,1056,0.6481172942352549,-1,[1],"[[-0.8255515098571777, -0.0002618702710606158], [0.21196457743644714, -0.11334153264760971], [0.5913465023040771, 0.054061587899923325], [0.29658037424087524, 0.19262923300266266], [0.589975118637085, 0.25594109296798706]]",True
early_neutral,4,1057,0.647784071976008,-1,[1],"[[-0.8255515098571777, -0.0002618702710606158], [0.22265395522117615, -0.11211486160755157], [0.6055415272712708, 0.054886482656002045], [0.29866671562194824, 0.1852571964263916], [0.6002283692359924, 0.25074148178100586]]",True
early_neutral,4,1058,0.647450849716761,-1,[1],"[[-0.8255515098571777, -0.0002618702710606158], [0.2331383377313614, -0.11100655049085617], [0.6196724772453308, 0.05609041079878807], [0.3006235659122467, 0.1785847395658493], [0.6107704639434814, 0.24545539915561676]]",True
early_neutral,4,1059,0.6471176274575141,-1,[1],"[[-0.8255515098571777, -0.0002618702710606158], [0.2437838912010193, -0.1099449172616005], [0.6337746381759644, 0.05742417648434639], [0.30160796642303467, 0.1752282828092575], [0.621483325958252, 0.24005933105945587]]",True
early_neutral,4,1060,0.6467844051982673,-1,[1],"[[-0.8255515098571777, -0.0002618702710606158], [0.2544457018375397, -0.10899166017770767], [0.6479926705360413, 0.058023616671562195], [0.3007957637310028, 0.1754099428653717], [0.6304655075073242, 0.23371881246566772]]",True
early_neutral,4,1061,0.6464511829390204,-1,[1],"[[-0.8255515098571777, -0.0002618702710606158], [0.26501792669296265, -0.10799317806959152], [0.6622385382652283, 0.057832442224025726], [0.29764559864997864, 0.17680752277374268], [0.6398595571517944, 0.22753027081489563]]",True
early_neutral,4,1062,0.6461179606797735,-1,[1],"[[-0.8255515098571777, -0.0002618702710606158], [0.27609512209892273, -0.10698986053466797], [0.6764658093452454, 0.0572814904153347], [0.29329508543014526, 0.17861296236515045], [0.6499191522598267, 0.2217986136674881]]",True
early_neutral,4,1063,0.6457847384205265,-1,[1],"[[-0.8255515098571777, -0.0002618702710606158], [0.28726744651794434, -0.10603779554367065], [0.690673291683197, 0.05654588341712952], [0.2878478765487671, 0.1807395964860916], [0.6600694060325623, 0.21603068709373474]]",True
early_neutral,4,1064,0.6454515161612796,-1,[1],"[[-0.8255515098571777, -0.0002618702710606158], [0.29902657866477966, -0.10509948432445526], [0.7048629522323608, 0.05567299574613571], [0.2815655767917633, 0.18305635452270508], [0.6704487800598145, 0.21023677289485931]]",True
early_neutral,4,1065,0.6451182939020327,-1,[1],"[[-0.8255515098571777, -0.0002618702710606158], [0.31132814288139343, -0.10419604927301407], [0.7190445065498352, 0.05474542826414108], [0.27463406324386597, 0.18546757102012634], [0.680940568447113, 0.2043761909008026]]",True
early_neutral,4,1066,0.6447850716427858,-1,[1],"[[-0.8255515098571777, -0.0002618702710606158], [0.32395005226135254, -0.10337593406438828], [0.733194887638092, 0.05389295518398285], [0.2676991820335388, 0.18769411742687225], [0.6914259195327759, 0.19839556515216827]]",True
early_neutral,4,1067,0.6444518493835388,-1,[1],"[[-0.8255515098571777, -0.0002618702710606158], [0.33695974946022034, -0.10267599672079086], [0.7467897534370422, 0.05402093380689621], [0.2616746425628662, 0.18915879726409912], [0.7020609974861145, 0.19243870675563812]]",True
early_neutral,4,1068,0.6441186271242919,-1,[1],"[[-0.8255515098571777, -0.0002618702710606158], [0.3502967655658722, -0.10205124318599701], [0.7602859735488892, 0.05524935945868492], [0.25561895966529846, 0.19022083282470703], [0.7125011086463928, 0.18637898564338684]]",True
early_neutral,4,1069,0.643785404865045,-1,[1],"[[-0.8255515098571777, -0.0002618702710606158], [0.3638918697834015, -0.10149580240249634], [0.771653950214386, 0.05686277896165848], [0.2535392940044403, 0.19053907692432404], [0.7220929265022278, 0.18024569749832153]]",True
early_neutral,4,1070,0.6434521826057981,-1,[1],"[[-0.8255515098571777, -0.0002618702710606158], [0.37768012285232544, -0.10100220143795013], [0.7798587083816528, 0.05893277749419212], [0.2535392940044403, 0.19053907692432404], [0.7315950989723206, 0.17407040297985077]]",True
early_neutral,4,1071,0.6431189603465511,-1,[1],"[[-0.8255515098571777, -0.0002618702710606158], [0.39173877239227295, -0.10053382813930511], [0.785261869430542, 0.06203000620007515], [0.2535392940044403, 0.19053907692432404], [0.7412100434303284, 0.16777512431144714]]",True
early_neutral,4,1072,0.6427857380873042,-1,[1],"[[-0.8255515098571777, -0.0002618702710606158], [0.40597105026245117, -0.10017047077417374], [0.7894062995910645, 0.06481438130140305], [0.2535392940044403, 0.19053907692432404], [0.7509182691574097, 0.16139280796051025]]",True
early_neutral,4,1073,0.6424525158280573,-1,[1],"[[-0.8255515098571777, -0.0002618702710606158], [0.42030012607574463, -0.10000308603048325], [0.7938289642333984, 0.06738545000553131], [0.254191130399704, 0.19049404561519623], [0.7607240080833435, 0.15496116876602173]]",True
early_neutral,4,1074,0.6421192935688104,-1,[1],"[[-0.8255515098571777, -0.0002618702710606158], [0.4347330927848816, -0.10002613067626953], [0.7982062697410583, 0.06860800087451935], [0.25806859135627747, 0.19006216526031494], [0.7705907821655273, 0.14849062263965607]]",True
early_neutral,4,1075,0.6417860713095634,-1,[1],"[[-0.8255515098571777, -0.0002618702710606158], [0.4491539001464844, -0.10038728266954422], [0.8034651279449463, 0.06787212193012238], [0.2633287012577057, 0.18912392854690552], [0.7804577350616455, 0.14201326668262482]]",True
early_neutral,4,1076,0.6414528490503165,-1,[1],"[[-0.8255515098571777, -0.0002618702710606158], [0.4635045826435089, -0.10107811540365219], [0.8092864751815796, 0.06645956635475159], [0.26981502771377563, 0.18762047588825226], [0.7900437116622925, 0.13576798141002655]]",True
early_neutral,4,1077,0.6411196267910696,-1,[1],"[[-0.8255515098571777, -0.0002618702710606158], [0.47772711515426636, -0.10212592780590057], [0.8148399591445923, 0.06463900953531265], [0.277446448802948, 0.1856967955827713], [0.7995057106018066, 0.1296120285987854]]",True
early_neutral,4,1078,0.6407864045318227,-1,[1],"[[-0.8255515098571777, -0.0002618702710606158], [0.4918469488620758, -0.10359969735145569], [0.8197072148323059, 0.062311071902513504], [0.28550243377685547, 0.18347856402397156], [0.8091314435005188, 0.12335861474275589]]",True
early_neutral,4,1079,0.6404531822725759,-1,[1],"[[-0.8255515098571777, -0.0002618702710606158], [0.5058279633522034, -0.1054069846868515], [0.8250476121902466, 0.059578582644462585], [0.290559321641922, 0.18084630370140076], [0.8188828825950623, 0.11703088879585266]]",True
early_neutral,4,1080,0.6401199600133289,-1,[1],"[[-0.8255515098571777, -0.0002618702710606158], [0.5196119546890259, -0.10771660506725311], [0.8304473757743835, 0.056226372718811035], [0.2943040430545807, 0.17744328081607819], [0.8277154564857483, 0.11136579513549805]]",False
early_neutral,4,1081,0.639786737754082,-1,[1],"[[-0.8255515098571777, -0.0002618702710606158], [0.5331292748451233, -0.11049099266529083], [0.835900068283081, 0.05252894014120102], [0.2980439066886902, 0.17405271530151367], [0.8357863426208496, 0.10613471269607544]]",False
early_neutral,4,1082,0.6394535154948351,-1,[1],"[[-0.8255515098571777, -0.0002618702710606158], [0.5460625290870667, -0.11413183808326721], [0.841026246547699, 0.047829389572143555], [0.30182790756225586, 0.17078590393066406], [0.8416644930839539, 0.10226546227931976]]",False
early_neutral,4,1083,0.6391202932355882,-1,[0],"[[-0.8255515098571777, -0.0002618702710606158], [0.5581770539283752, -0.11874937266111374], [0.8459910154342651, 0.042148079723119736], [0.305818110704422, 0.16750185191631317], [0.844886302947998, 0.09837589412927628]]",False
early_neutral,4,1084,0.6387870709763412,-1,[0],"[[-0.8255515098571777, -0.0002618702710606158], [0.5691304206848145, -0.12457781285047531], [0.8511864542961121, 0.03753567859530449], [0.30995237827301025, 0.1643117219209671], [0.8464460372924805, 0.09339916706085205]]",False
early_neutral,4,1085,0.6384538487170943,-1,[0],"[[-0.8255515098571777, -0.0002618702710606158], [0.5783972144126892, -0.13161709904670715], [0.8571960926055908, 0.03333763778209686], [0.3142063319683075, 0.16132232546806335], [0.8468652963638306, 0.08853553235530853]]",False
early_neutral,4,1086,0.6381206264578474,-1,[0],"[[-0.8255515098571777, -0.0002618702710606158], [0.5865771770477295, -0.13915514945983887], [0.8647553324699402, 0.03078295849263668], [0.3187921345233917, 0.15838636457920074], [0.8457735180854797, 0.0854494720697403]]",False
early_neutral,4,1087,0.6377874041986005,-1,[0],"[[-0.8255515098571777, -0.0002618702710606158], [0.5960816740989685, -0.14506925642490387], [0.8736721873283386, 0.03026239015161991], [0.32350248098373413, 0.1555412858724594], [0.8431590795516968, 0.08394648879766464]]",False
early_neutral,4,1088,0.6374541819393535,-1,[0],"[[-0.8255515098571777, -0.0002618702710606158], [0.6070143580436707, -0.1492414027452469], [0.8828632831573486, 0.030241962522268295], [0.3279562294483185, 0.152675598859787], [0.8387370705604553, 0.08327244222164154]]",False
early_neutral,4,1089,0.6371209596801066,-1,[0],"[[-0.8255515098571777, -0.0002618702710606158], [0.6187688112258911, -0.15181761980056763], [0.8920544981956482, 0.030232135206460953], [0.3323594033718109, 0.1496252864599228], [0.8327620029449463, 0.08346093446016312]]",False
early_neutral,4,1090,0.6367877374208597,-1,[0],"[[-0.8255515098571777, -0.0002618702710606158], [0.6307164430618286, -0.15157529711723328], [0.9009126424789429, 0.0302901528775692], [0.33689653873443604, 0.14659848809242249], [0.8260686993598938, 0.08427967131137848]]",False
early_neutral,4,1091,0.6364545151616128,-1,[0],"[[-0.8255515098571777, -0.0002618702710606158], [0.6429367065429688, -0.1501290202140808], [0.9055397510528564, 0.030634399503469467], [0.3436209261417389, 0.14447584748268127], [0.8180268406867981, 0.08594901114702225]]",False
early_neutral,4,1092,0.6361212929023659,-1,[0],"[[-0.8255515098571777, -0.0002618702710606158], [0.6554036736488342, -0.14814703166484833], [0.9060570001602173, 0.030727552250027657], [0.35170674324035645, 0.14252969622612], [0.8093318343162537, 0.08836407214403152]]",False
early_neutral,4,1093,0.6357880706431189,-1,[0],"[[-0.8255515098571777, -0.0002618702710606158], [0.6674900650978088, -0.14578840136528015], [0.9033901691436768, 0.03018675558269024], [0.3603457808494568, 0.14010238647460938], [0.799851655960083, 0.09097258746623993]]",False
early_neutral,4,1094,0.635454848383872,-1,[0],"[[-0.8255515098571777, -0.0002618702710606158], [0.6791782975196838, -0.1433141678571701], [0.8988357782363892, 0.029187235981225967], [0.3695646822452545, 0.13724802434444427], [0.7896184921264648, 0.0937017947435379]]",False
early_neutral,4,1095,0.6351216261246251,-1,[0],"[[-0.8255515098571777, -0.0002618702710606158], [0.6899176836013794, -0.14107543230056763], [0.8929555416107178, 0.02778596617281437], [0.3790576756000519, 0.13393814861774445], [0.7787243723869324, 0.09657642245292664]]",False
early_neutral,4,1096,0.6347884038653782,-1,[0],"[[-0.8255515098571777, -0.0002618702710606158], [0.6992359757423401, -0.14020392298698425], [0.8858609199523926, 0.026027459651231766], [0.38824495673179626, 0.1300860047340393], [0.767288863658905, 0.09958746284246445]]",False
early_neutral,4,1097,0.6344551816061312,-1,[0],"[[-0.8255515098571777, -0.0002618702710606158], [0.7085444927215576, -0.1401699334383011], [0.8776984214782715, 0.023934857919812202], [0.3975243866443634, 0.12556540966033936], [0.7554468512535095, 0.10273696482181549]]",False
early_neutral,4,1098,0.6341219593468844,-1,[0],"[[-0.8255515098571777, -0.0002618702710606158], [0.7171050906181335, -0.14126572012901306], [0.8685468435287476, 0.022455113008618355], [0.40759164094924927, 0.12110317498445511], [0.7433732748031616, 0.10612520575523376]]",False
early_neutral,4,1099,0.6337887370876375,-1,[0],"[[-0.8255515098571777, -0.0002618702710606158], [0.7242282032966614, -0.1446003019809723], [0.8583496809005737, 0.022695766761898994], [0.41899755597114563, 0.11751825362443924], [0.7311666011810303, 0.10975956171751022]]",False
early_neutral,4,1100,0.6334555148283906,-1,[0],"[[-0.8255515098571777, -0.0002618702710606158], [0.7307681441307068, -0.14879876375198364], [0.8476476669311523, 0.023430796340107918], [0.4312300384044647, 0.11453858762979507], [0.7190192937850952, 0.11378812789916992]]",False
early_neutral,4,1101,0.6331222925691437,-1,[0],"[[-0.8255515098571777, -0.0002618702710606158], [0.7372775673866272, -0.1530212163925171], [0.8367058634757996, 0.02408362179994583], [0.44365522265434265, 0.11134810745716095], [0.7070699334144592, 0.11827457696199417]]",False
early_neutral,4,1102,0.6327890703098967,-1,[0],"[[-0.8255515098571777, -0.0002618702710606158], [0.7437798976898193, -0.15724821388721466], [0.8251157402992249, 0.024676740169525146], [0.45588281750679016, 0.10801776498556137], [0.6950834393501282, 0.12288033962249756]]",False
early_neutral,4,1103,0.6324558480506498,-1,[0],"[[-0.8255515098571777, -0.0002618702710606158], [0.7502795457839966, -0.1614769846200943], [0.8129453659057617, 0.025236446410417557], [0.465025931596756, 0.1049778088927269], [0.6828493475914001, 0.12732788920402527]]",False
early_neutral,4,1104,0.6321226257914029,-1,[0],"[[-0.8255515098571777, -0.0002618702710606158], [0.7567790150642395, -0.16570594906806946], [0.8002941012382507, 0.025725889950990677], [0.4724586308002472, 0.10146543383598328], [0.670418381690979, 0.13163745403289795]]",False
early_neutral,4,1105,0.631789403532156,-1,[0],"[[-0.8255515098571777, -0.0002618702710606158], [0.7632783651351929, -0.16993491351604462], [0.7873305082321167, 0.026050923392176628], [0.4781498908996582, 0.09692203253507614], [0.6578875184059143, 0.13589881360530853]]",False
early_neutral,4,1106,0.631456181272909,-1,[0],"[[-0.8255515098571777, -0.0002618702710606158], [0.7697777152061462, -0.17416389286518097], [0.774543285369873, 0.02581336535513401], [0.4814159870147705, 0.09146297723054886], [0.6452720761299133, 0.14011132717132568]]",False
early_neutral,4,1107,0.6311229590136621,-1,[0],"[[-0.8255515098571777, -0.0002618702710606158], [0.7762770056724548, -0.1783929169178009], [0.7617847919464111, 0.02513333596289158], [0.483214408159256, 0.08607181906700134], [0.6325086355209351, 0.14417582750320435]]",False
early_neutral,4,1108,0.6307897367544152,-1,[0],"[[-0.8255515098571777, -0.0002618702710606158], [0.7827763557434082, -0.18262186646461487], [0.7497937679290771, 0.02370789460837841], [0.4811207354068756, 0.08102606236934662], [0.6195796728134155, 0.14804872870445251]]",False
early_neutral,4,1109,0.6304565144951683,-1,[0],"[[-0.8255515098571777, -0.0002618702710606158], [0.789275586605072, -0.1868509203195572], [0.7384059429168701, 0.021088579669594765], [0.4765978753566742, 0.07587916404008865], [0.6064666509628296, 0.1516781449317932]]",False
early_neutral,4,1110,0.6301232922359213,-1,[0],"[[-0.8255515098571777, -0.0002618702710606158], [0.7964591979980469, -0.19004984200000763], [0.7263606190681458, 0.018686989322304726], [0.46973612904548645, 0.07150294631719589], [0.593133807182312, 0.15497517585754395]]",False
early_neutral,4,1111,0.6297900699766744,-1,[0],"[[-0.8255515098571777, -0.0002618702710606158], [0.8051117658615112, -0.1909923255443573], [0.7140445113182068, 0.0175019484013319], [0.46051573753356934, 0.06833731383085251], [0.5796053409576416, 0.15793634951114655]]",False
early_neutral,4,1112,0.6294568477174275,-1,[0],"[[-0.8255515098571777, -0.0002618702710606158], [0.8142984509468079, -0.1910373419523239], [0.7020170092582703, 0.016912791877985], [0.4505387842655182, 0.06566968560218811], [0.56591796875, 0.16058781743049622]]",False
early_neutral,4,1113,0.6291236254581806,-1,[0],"[[-0.8255515098571777, -0.0002618702710606158], [0.8234896659851074, -0.19104818999767303], [0.6903092861175537, 0.016701651737093925], [0.44001275300979614, 0.0633910745382309], [0.552092969417572, 0.16293199360370636]]",False
early_neutral,4,1114,0.6287904031989336,-1,[0],"[[-0.8255515098571777, -0.0002618702710606158], [0.8326807618141174, -0.19105164706707], [0.6774191856384277, 0.016846029087901115], [0.42868342995643616, 0.06139165535569191], [0.5381917357444763, 0.16509072482585907]]",False
early_neutral,4,1115,0.6284571809396867,-1,[0],"[[-0.8255515098571777, -0.0002618702710606158], [0.8418719172477722, -0.19105222821235657], [0.663728654384613, 0.016419269144535065], [0.4166778028011322, 0.05961417034268379], [0.5242568850517273, 0.16716508567333221]]",False
early_neutral,4,1116,0.6281239586804399,-1,[0],"[[-0.8255515098571777, -0.0002618702710606158], [0.851063072681427, -0.19105249643325806], [0.6501527428627014, 0.01468895748257637], [0.4040725827217102, 0.058263905346393585], [0.5102983117103577, 0.16917823255062103]]",False
early_neutral,4,1117,0.627790736421193,-1,[0],"[[-0.8255515098571777, -0.0002618702710606158], [0.8591496348381042, -0.1909221112728119], [0.636786162853241, 0.012104323133826256], [0.39104223251342773, 0.057175856083631516], [0.4963447153568268, 0.17121128737926483]]",False
early_neutral,4,1118,0.6274575141619461,-1,[0],"[[-0.8255515098571777, -0.0002618702710606158], [0.8621017336845398, -0.19063720107078552], [0.6234214305877686, 0.0093490956351161], [0.3776979446411133, 0.056275270879268646], [0.48239845037460327, 0.1732698380947113]]",False
early_neutral,4,1119,0.6271242919026991,-1,[0],"[[-0.8255515098571777, -0.0002618702710606158], [0.8619929552078247, -0.1906605213880539], [0.6100666522979736, 0.006454012356698513], [0.3641163110733032, 0.05552535876631737], [0.4684518277645111, 0.1753305345773697]]",False
early_neutral,4,1120,0.6267910696434522,-1,[0],"[[-0.8255515098571777, -0.0002618702710606158], [0.8586962819099426, -0.19115270674228668], [0.5966739654541016, 0.003543900791555643], [0.3503720760345459, 0.05476141721010208], [0.4545018672943115, 0.1773839294910431]]",False
early_neutral,4,1121,0.6264578473842053,-1,[0],"[[-0.8255515098571777, -0.0002618702710606158], [0.8538087010383606, -0.19146639108657837], [0.5832411050796509, 0.0006454427493736148], [0.33650630712509155, 0.05396922677755356], [0.44054046273231506, 0.17940585315227509]]",False
early_neutral,4,1122,0.6261246251249584,-1,[0],"[[-0.8255515098571777, -0.0002618702710606158], [0.8498822450637817, -0.19151991605758667], [0.5697668790817261, -0.002222258597612381], [0.3225575089454651, 0.053090620785951614], [0.4265538156032562, 0.18135379254817963]]",False
early_neutral,4,1123,0.6257914028657114,-1,[0],"[[-0.8255515098571777, -0.0002618702710606158], [0.8489587306976318, -0.19153250753879547], [0.5562499761581421, -0.005043564364314079], [0.3085537254810333, 0.05210170894861221], [0.41254234313964844, 0.18322570621967316]]",False
early_neutral,4,1124,0.6254581806064645,-1,[0],"[[-0.8255515098571777, -0.0002618702710606158], [0.8497310280799866, -0.1915207803249359], [0.5426948666572571, -0.007816861383616924], [0.29451513290405273, 0.05099896714091301], [0.3985042870044708, 0.18501220643520355]]",False
early_neutral,4,1125,0.6251249583472176,-1,[0],"[[-0.8255515098571777, -0.0002618702710606158], [0.8534011840820312, -0.19148264825344086], [0.5291044116020203, -0.010539545677602291], [0.28045859932899475, 0.049775417894124985], [0.38444045186042786, 0.18671132624149323]]",False
early_neutral,4,1126,0.6247917360879707,-1,[0],"[[-0.8255515098571777, -0.0002618702710606158], [0.8584371209144592, -0.19146378338336945], [0.5154832601547241, -0.013214551843702793], [0.2663971185684204, 0.048429399728775024], [0.3703443109989166, 0.18829341232776642]]",False
early_neutral,4,1127,0.6244585138287237,-1,[0],"[[-0.8255515098571777, -0.0002618702710606158], [0.8647302985191345, -0.19145776331424713], [0.5018733143806458, -0.015927469357848167], [0.25234442949295044, 0.04694632440805435], [0.3562122881412506, 0.18973395228385925]]",False
early_neutral,4,1128,0.6241252915694768,-1,[0],"[[-0.8255515098571777, -0.0002618702710606158], [0.8719571232795715, -0.19145312905311584], [0.48829323053359985, -0.018712829798460007], [0.23831012845039368, 0.045323703438043594], [0.34204643964767456, 0.1910262107849121]]",False
early_neutral,4,1129,0.6237920693102299,-1,[0],"[[-0.8255515098571777, -0.0002618702710606158], [0.8797580599784851, -0.1914505511522293], [0.4747215807437897, -0.02152293547987938], [0.2242940366268158, 0.04358821362257004], [0.32784634828567505, 0.19214794039726257]]",False
early_neutral,4,1130,0.623458847050983,-1,[0],"[[-0.8255515098571777, -0.0002618702710606158], [0.8879663944244385, -0.1913648545742035], [0.4611189663410187, -0.024274636059999466], [0.2102949470281601, 0.04176170751452446], [0.31361645460128784, 0.19309702515602112]]",False
early_neutral,4,1131,0.623125624791736,-1,[0],"[[-0.8255515098571777, -0.0002618702710606158], [0.8918426036834717, -0.19105294346809387], [0.4474865198135376, -0.026967784389853477], [0.1963125616312027, 0.03985739126801491], [0.2993620038032532, 0.19387459754943848]]",False
early_neutral,4,1132,0.6227924025324891,-1,[0],"[[-0.8255515098571777, -0.0002618702710606158], [0.8921645879745483, -0.1909935027360916], [0.43383029103279114, -0.02961292490363121], [0.18233495950698853, 0.037920139729976654], [0.2850879430770874, 0.1944810301065445]]",False
early_neutral,4,1133,0.6224591802732422,-1,[0],"[[-0.8255515098571777, -0.0002618702710606158], [0.8894424438476562, -0.19151806831359863], [0.42015212774276733, -0.03221205994486809], [0.16836272180080414, 0.03595323488116264], [0.27079886198043823, 0.19491496682167053]]",False
early_neutral,4,1134,0.6221259580139953,-1,[0],"[[-0.8255515098571777, -0.0002618702710606158], [0.8849295377731323, -0.19216884672641754], [0.4080926775932312, -0.034334152936935425], [0.15440157055854797, 0.033943403512239456], [0.2564997673034668, 0.19517429172992706]]",False
early_neutral,4,1135,0.6217927357547485,-1,[0],"[[-0.8255515098571777, -0.0002618702710606158], [0.8789344429969788, -0.19279058277606964], [0.3981097340583801, -0.035582005977630615], [0.1404544711112976, 0.03188534826040268], [0.24219565093517303, 0.1952568143606186]]",False
early_neutral,4,1136,0.6214595134955015,-1,[0],"[[-0.8255515098571777, -0.0002618702710606158], [0.8715689182281494, -0.19350716471672058], [0.38892489671707153, -0.0363617017865181], [0.12761704623699188, 0.02995382994413376], [0.22789202630519867, 0.19514749944210052]]",False
early_neutral,4,1137,0.6211262912362546,-1,[0],"[[-0.8255515098571777, -0.0002618702710606158], [0.8629791140556335, -0.19429631531238556], [0.379760205745697, -0.036805346608161926], [0.11818916350603104, 0.028454983606934547], [0.21359503269195557, 0.19484342634677887]]",False
early_neutral,4,1138,0.6207930689770077,-1,[0],"[[-0.8255515098571777, -0.0002618702710606158], [0.853465735912323, -0.195148304104805], [0.37057188153266907, -0.03692994266748428], [0.1097351685166359, 0.027033939957618713], [0.19931168854236603, 0.19433704018592834]]",False
early_neutral,4,1139,0.6204598467177608,-1,[0],"[[-0.8255515098571777, -0.0002618702710606158], [0.8430802226066589, -0.19606487452983856], [0.36138078570365906, -0.03695297986268997], [0.10348404198884964, 0.025945978239178658], [0.1850493997335434, 0.1936223953962326]]",False
early_neutral,4,1140,0.6201266244585139,-1,[0],"[[-0.8255515098571777, -0.0002618702710606158], [0.8323391675949097, -0.19699810445308685], [0.3521896004676819, -0.036962851881980896], [0.09728144109249115, 0.02483370155096054], [0.17081567645072937, 0.19269715249538422]]",False
early_neutral,4,1141,0.6197934021992669,-1,[0],"[[-0.8255515098571777, -0.0002618702710606158], [0.8212268352508545, -0.19794826209545135], [0.3429984748363495, -0.03696410730481148], [0.09109377861022949, 0.023686783388257027], [0.15661968290805817, 0.1915522664785385]]",False
early_neutral,4,1142,0.61946017994002,-1,[0],"[[-0.8255515098571777, -0.0002618702710606158], [0.8094725012779236, -0.19894029200077057], [0.3338072896003723, -0.03696471452713013], [0.08492321521043777, 0.02250146120786667], [0.14255143702030182, 0.19020219147205353]]",False
early_neutral,4,1143,0.6191269576807731,-1,[0],"[[-0.8255515098571777, -0.0002618702710606158], [0.7971476316452026, -0.1999674290418625], [0.32461607456207275, -0.03696483373641968], [0.07877500355243683, 0.021268095821142197], [0.13096964359283447, 0.1889776587486267]]",False
early_neutral,4,1144,0.6187937354215262,-1,[0],"[[-0.8255515098571777, -0.0002618702710606158], [0.7843656539916992, -0.20101319253444672], [0.31542491912841797, -0.03696484863758087], [0.07266690582036972, 0.01995312049984932], [0.12196550518274307, 0.18776394426822662]]",False
early_neutral,4,1145,0.6184605131622792,-1,[0],"[[-0.8255515098571777, -0.0002618702710606158], [0.7712278366088867, -0.20207224786281586], [0.3062337338924408, -0.03696485608816147], [0.06660355627536774, 0.0185532346367836], [0.1145053580403328, 0.18661664426326752]]",False
early_neutral,4,1146,0.6181272909030323,-1,[0],"[[-0.8255515098571777, -0.0002618702710606158], [0.757813572883606, -0.20313292741775513], [0.2970425486564636, -0.03696485608816147], [0.0606025829911232, 0.017044013366103172], [0.10831145942211151, 0.18548491597175598]]",False
early_neutral,4,1147,0.6177940686437854,-1,[0],"[[-0.8255515098571777, -0.0002618702710606158], [0.7441865801811218, -0.20419220626354218], [0.28785136342048645, -0.03696485608816147], [0.05467502772808075, 0.015416564419865608], [0.10219091922044754, 0.1842035949230194]]",False
early_neutral,4,1148,0.6174608463845385,-1,[0],"[[-0.8255515098571777, -0.0002618702710606158], [0.7303964495658875, -0.2052474319934845], [0.27866020798683167, -0.03696485608816147], [0.04883572831749916, 0.013659466989338398], [0.09626676887273788, 0.1827944815158844]]",False
early_neutral,4,1149,0.6171276241252915,-1,[1],"[[-0.8255515098571777, -0.0002618702710606158], [0.7164815664291382, -0.20629586279392242], [0.2694689929485321, -0.03696485608816147], [0.04310861974954605, 0.011752420105040073], [0.09036681801080704, 0.18121404945850372]]",False
early_neutral,4,1150,0.6167944018660446,-1,[1],"[[-0.8255515098571777, -0.0002618702710606158], [0.7024717330932617, -0.20733794569969177], [0.2597559094429016, -0.03696485608816147], [0.037503961473703384, 0.009697124361991882], [0.08448279649019241, 0.17945457994937897]]",False
early_neutral,4,1151,0.6164611796067977,-1,[1],"[[-0.8255515098571777, -0.0002618702710606158], [0.6883894205093384, -0.20837268233299255], [0.24923913180828094, -0.03696485608816147], [0.03203770890831947, 0.007489670068025589], [0.07787611335515976, 0.17721302807331085]]",False
early_neutral,4,1152,0.6161279573475508,-1,[1],"[[-0.8255515098571777, -0.0002618702710606158], [0.6742518544197083, -0.20939922332763672], [0.23844686150550842, -0.03696485608816147], [0.026721056550741196, 0.005132575985044241], [0.07042690366506577, 0.17431294918060303]]",False
early_neutral,4,1153,0.6157947350883038,-1,[1],"[[-0.8255515098571777, -0.0002618702710606158], [0.6600722074508667, -0.210417240858078], [0.2270812839269638, -0.037171486765146255], [0.024062715470790863, 0.0039013936184346676], [0.06245872378349304, 0.17090220749378204]]",False
early_neutral,4,1154,0.615461512829057,-1,[1],"[[-0.8255515098571777, -0.0002618702710606158], [0.6458601355552673, -0.21142667531967163], [0.21624107658863068, -0.039534956216812134], [0.024062715470790863, 0.0039013936184346676], [0.053863584995269775, 0.16708211600780487]]",False
early_neutral,4,1155,0.6151282905698101,-1,[1],"[[-0.8255515098571777, -0.0002618702710606158], [0.6316238045692444, -0.21243004500865936], [0.20716780424118042, -0.044288601726293564], [0.023614617064595222, 0.0036644216161221266], [0.04474702849984169, 0.16289152204990387]]",False
early_neutral,4,1156,0.6147950683105632,-1,[1],"[[-0.8255515098571777, -0.0002618702710606158], [0.6173689961433411, -0.2134273648262024], [0.19814202189445496, -0.04965224489569664], [0.02123086340725422, 0.0023619576822966337], [0.03509385883808136, 0.15842008590698242]]",False
early_neutral,4,1157,0.6144618460513163,-1,[1],"[[-0.8255515098571777, -0.0002618702710606158], [0.6031004190444946, -0.21442048251628876], [0.18898820877075195, -0.05537181347608566], [0.017918774858117104, 0.00047506505507044494], [0.02499529905617237, 0.15372727811336517]]",False
early_neutral,4,1158,0.6141286237920693,-1,[1],"[[-0.8266528248786926, -0.00014807353727519512], [0.5888214111328125, -0.21541063487529755], [0.17970331013202667, -0.061344511806964874], [0.013572213239967823, -0.001969307428225875], [0.014685978181660175, 0.1487375944852829]]",False
early_neutral,4,1159,0.6137954015328224,-1,[1],"[[-0.8304447531700134, 7.396236469503492e-05], [0.5745344161987305, -0.21639849245548248], [0.17024272680282593, -0.06746342778205872], [0.008810087107121944, -0.004501880146563053], [0.004568069241940975, 0.1432310789823532]]",False
early_neutral,4,1160,0.6134621792735755,-1,[1],"[[-0.8356165289878845, 6.252105958992615e-05], [0.56024169921875, -0.21738643944263458], [0.16065029799938202, -0.07369717955589294], [0.003719817381352186, -0.00706216087564826], [-0.005339904688298702, 0.1373058557510376]]",False
early_neutral,4,1161,0.6131289570143286,-1,[1],"[[-0.8420230150222778, -8.913017518352717e-05], [0.54594486951828, -0.21837487816810608], [0.15094368159770966, -0.08001037687063217], [-0.0020093596540391445, -0.009596245363354683], [-0.015321526676416397, 0.13123741745948792]]",False
early_neutral,4,1162,0.6127957347550816,-1,[1],"[[-0.8494424819946289, -0.00029588257893919945], [0.5316457152366638, -0.2193683385848999], [0.14114849269390106, -0.08638332784175873], [-0.009323764592409134, -0.012016259133815765], [-0.025368431583046913, 0.1250663846731186]]",False
early_neutral,4,1163,0.6124625124958347,-1,[1],"[[-0.8573715686798096, -0.0005503666470758617], [0.517345130443573, -0.22036805748939514], [0.13128523528575897, -0.09280136227607727], [-0.018017716705799103, -0.01408722996711731], [-0.03552476316690445, 0.1188584640622139]]",False
early_neutral,4,1164,0.6121292902365878,-1,[1],"[[-0.8662620186805725, -0.0008761050994507968], [0.5030441880226135, -0.22137711942195892], [0.12136981636285782, -0.09925342351198196], [-0.027665354311466217, -0.01608254760503769], [-0.045799918472766876, 0.1126474142074585]]",False
early_neutral,4,1165,0.6117960679773409,-1,[1],"[[-0.8759740591049194, -0.001285883248783648], [0.4887441396713257, -0.2223997265100479], [0.1114148274064064, -0.10573127865791321], [-0.03815440088510513, -0.0180442426353693], [-0.05616975948214531, 0.10643748939037323]]",False
early_neutral,4,1166,0.611462845718094,-1,[1],"[[-0.8865309357643127, -0.0017821440706029534], [0.4744456112384796, -0.22343726456165314], [0.10142980515956879, -0.11222867667675018], [-0.049375876784324646, -0.0200149267911911], [-0.06660880893468857, 0.10022678971290588]]",False
early_neutral,4,1167,0.611129623458847,-1,[1],"[[-0.8974158763885498, -0.002322941552847624], [0.4601500928401947, -0.22449655830860138], [0.09137431532144547, -0.11870171874761581], [-0.06121630594134331, -0.02201158180832863], [-0.07710271328687668, 0.09401742368936539]]",False
early_neutral,4,1168,0.6107964011996001,-1,[1],"[[-0.9089043140411377, -0.0029164752922952175], [0.4458579123020172, -0.22557808458805084], [0.08085343986749649, -0.12372689694166183], [-0.0735490471124649, -0.02401638776063919], [-0.08760741353034973, 0.08778714388608932]]",False
early_neutral,4,1169,0.6104631789403532,-1,[1],"[[-0.9209704995155334, -0.0035566312726587057], [0.4315659701824188, -0.22666242718696594], [0.07002148032188416, -0.12579333782196045], [-0.08624115586280823, -0.026091352105140686], [-0.09811009466648102, 0.08153379708528519]]",False
early_neutral,4,1170,0.6101299566811063,-1,[1],"[[-0.9335299134254456, -0.004242942202836275], [0.4172721207141876, -0.22773854434490204], [0.0582522414624691, -0.12636953592300415], [-0.09920620918273926, -0.02823413349688053], [-0.10864191502332687, 0.07528489083051682]]",False
early_neutral,4,1171,0.6097967344218593,-1,[1],"[[-0.9461133480072021, -0.0049534630961716175], [0.4029768407344818, -0.22880713641643524], [0.045905835926532745, -0.12672485411167145], [-0.11237002164125443, -0.03045720048248768], [-0.1192285567522049, 0.06906291842460632]]",False
early_neutral,4,1172,0.6094635121626124,-1,[1],"[[-0.9577774405479431, -0.005637863650918007], [0.38868042826652527, -0.22987034916877747], [0.033110056072473526, -0.12683522701263428], [-0.12567244470119476, -0.03277438506484032], [-0.12986333668231964, 0.06286635249853134]]",False
early_neutral,4,1173,0.6091302899033656,-1,[1],"[[-0.9694378972053528, -0.006347543094307184], [0.374382883310318, -0.23092833161354065], [0.01997196301817894, -0.12689106166362762], [-0.13907693326473236, -0.035170670598745346], [-0.14052966237068176, 0.056685660034418106]]",False
early_neutral,4,1174,0.6087970676441187,-1,[1],"[[-0.9788200855255127, -0.0070212651044130325], [0.36008450388908386, -0.23198239505290985], [0.006569583434611559, -0.12691010534763336], [-0.15255576372146606, -0.03763386979699135], [-0.1512259989976883, 0.05052154138684273]]",False
early_neutral,4,1175,0.6084638453848717,-1,[1],"[[-0.9837914109230042, -0.00759955495595932], [0.3457854092121124, -0.2330329865217209], [-0.007035915274173021, -0.12691475450992584], [-0.1660894751548767, -0.0401507243514061], [-0.16197454929351807, 0.044391874223947525]]",False
early_neutral,4,1176,0.6081306231256248,-1,[1],"[[-0.9869632720947266, -0.008061867207288742], [0.3314860463142395, -0.23408280313014984], [-0.02079693414270878, -0.1269168257713318], [-0.17968787252902985, -0.0426553450524807], [-0.17278359830379486, 0.03830431401729584]]",False
early_neutral,4,1177,0.6077974008663779,-1,[1],"[[-0.987504243850708, -0.008080564439296722], [0.31718704104423523, -0.23513484001159668], [-0.03467665612697601, -0.12691710889339447], [-0.19334293901920319, -0.045132484287023544], [-0.18364529311656952, 0.03225422650575638]]",False
early_neutral,4,1178,0.607464178607131,-1,[1],"[[-0.9876338839530945, -0.00807569082826376], [0.30288857221603394, -0.23618978261947632], [-0.04864673689007759, -0.12691722810268402], [-0.20611180365085602, -0.048239123076200485], [-0.19454696774482727, 0.026232877746224403]]",False
early_neutral,4,1179,0.607130956347884,-1,[1],"[[-0.9876338839530945, -0.00807569082826376], [0.288591206073761, -0.23725058138370514], [-0.06268547475337982, -0.12691724300384521], [-0.21524780988693237, -0.052717383950948715], [-0.20548509061336517, 0.020238248631358147]]",False
early_neutral,4,1180,0.6067977340886371,-1,[1],"[[-0.9876338839530945, -0.00807569082826376], [0.27429482340812683, -0.2383175790309906], [-0.07677629590034485, -0.12691724300384521], [-0.22165322303771973, -0.05888854339718819], [-0.2164383828639984, 0.014254353940486908]]",False
early_neutral,4,1181,0.6064645118293902,-1,[1],"[[-0.9876338839530945, -0.00807569082826376], [0.25999945402145386, -0.23939043283462524], [-0.09071727097034454, -0.12726867198944092], [-0.22808359563350677, -0.0655471459031105], [-0.2274024784564972, 0.008278058841824532]]",False
early_neutral,4,1182,0.6061312895701433,-1,[1],"[[-0.9876338839530945, -0.00807569082826376], [0.24570506811141968, -0.2404690533876419], [-0.10238265246152878, -0.12934139370918274], [-0.2345862239599228, -0.07256751507520676], [-0.2369939088821411, 0.003055258421227336]]",False
early_neutral,4,1183,0.6057980673108964,-1,[1],"[[-0.9876338839530945, -0.00807569082826376], [0.23141132295131683, -0.2415516972541809], [-0.11156271398067474, -0.13375183939933777], [-0.24164700508117676, -0.07966592162847519], [-0.24295546114444733, -0.00019097655604127795]]",False
early_neutral,4,1184,0.6054648450516494,-1,[1],"[[-0.9876338839530945, -0.00807569082826376], [0.21711745858192444, -0.2426338493824005], [-0.12060777842998505, -0.13892589509487152], [-0.24972695112228394, -0.08654375374317169], [-0.24486950039863586, -0.001203205669298768]]",False
early_neutral,4,1185,0.6051316227924025,-1,[1],"[[-0.9876338839530945, -0.00807569082826376], [0.20282340049743652, -0.2437150478363037], [-0.1297374814748764, -0.1445278525352478], [-0.25891077518463135, -0.0929117426276207], [-0.24747759103775024, -0.0024077342823147774]]",False
early_neutral,4,1186,0.6047984005331556,-1,[1],"[[-0.9876338839530945, -0.00807569082826376], [0.18852882087230682, -0.2447933703660965], [-0.13897143304347992, -0.15043167769908905], [-0.26888346672058105, -0.09872829169034958], [-0.2512706518173218, -0.004030910320580006]]",False
early_neutral,4,1187,0.6044651782739087,-1,[1],"[[-0.9876338839530945, -0.00807569082826376], [0.17423363029956818, -0.2458682656288147], [-0.14838667213916779, -0.15650112926959991], [-0.27928683161735535, -0.10394781082868576], [-0.25633785128593445, -0.0061018457636237144]]",False
early_neutral,4,1188,0.6041319560146617,-1,[1],"[[-0.9876338839530945, -0.00807569082826376], [0.15993785858154297, -0.2469397932291031], [-0.15793615579605103, -0.1627020537853241], [-0.2900606691837311, -0.10883445292711258], [-0.2626391053199768, -0.008591814897954464]]",False
early_neutral,4,1189,0.6037987337554148,-1,[1],"[[-0.9876338839530945, -0.00807569082826376], [0.14564144611358643, -0.24800756573677063], [-0.16786640882492065, -0.16867507994174957], [-0.301226407289505, -0.11349903047084808], [-0.27004221081733704, -0.011434377171099186]]",False
early_neutral,4,1190,0.6034655114961679,-1,[1],"[[-0.9876338839530945, -0.00807569082826376], [0.1313444823026657, -0.24907223880290985], [-0.17829114198684692, -0.17237673699855804], [-0.3123903274536133, -0.11802627891302109], [-0.27831482887268066, -0.014619911089539528]]",False
early_neutral,4,1191,0.603132289236921,-1,[1],"[[-0.9876338839530945, -0.00807569082826376], [0.11704760789871216, -0.2501373291015625], [-0.18967004120349884, -0.1733606904745102], [-0.3234267234802246, -0.12288649380207062], [-0.2873024046421051, -0.018098752945661545]]",False
early_neutral,4,1192,0.6027990669776742,-1,[1],"[[-0.9876338839530945, -0.00807569082826376], [0.10275089740753174, -0.251203328371048], [-0.20174391567707062, -0.1738024204969406], [-0.3344365358352661, -0.1278555542230606], [-0.29656982421875, -0.021649479866027832]]",False
early_neutral,4,1193,0.6024658447184272,-1,[1],"[[-0.9876338839530945, -0.00807569082826376], [0.08845419436693192, -0.25226926803588867], [-0.21432746946811676, -0.17401137948036194], [-0.34578022360801697, -0.13264374434947968], [-0.3063870072364807, -0.025353092700242996]]",False
early_neutral,4,1194,0.6021326224591803,-1,[1],"[[-0.9876338839530945, -0.00807569082826376], [0.07415736466646194, -0.25333449244499207], [-0.22730287909507751, -0.17407500743865967], [-0.3575126826763153, -0.1374647170305252], [-0.31675782799720764, -0.02923273667693138]]",False
early_neutral,4,1195,0.6017994001999334,-1,[1],"[[-0.9876338839530945, -0.00807569082826376], [0.05986051633954048, -0.25439968705177307], [-0.24057942628860474, -0.17410962283611298], [-0.36980685591697693, -0.14189988374710083], [-0.3275943398475647, -0.033283915370702744]]",False
early_neutral,4,1196,0.6014661779406865,-1,[1],"[[-0.9876338839530945, -0.00807569082826376], [0.045563891530036926, -0.25546616315841675], [-0.2540881931781769, -0.17411743104457855], [-0.3826574385166168, -0.1457037478685379], [-0.33879485726356506, -0.03747204691171646]]",False
early_neutral,4,1197,0.6011329556814395,-1,[1],"[[-0.9876338839530945, -0.00807569082826376], [0.03126749396324158, -0.2565339207649231], [-0.26777511835098267, -0.17412042617797852], [-0.3959854543209076, -0.14882129430770874], [-0.3502405881881714, -0.04180905595421791]]",False
early_neutral,4,1198,0.6007997334221926,-1,[1],"[[-0.9876338839530945, -0.00807569082826376], [0.016971146687865257, -0.2576019763946533], [-0.2815982699394226, -0.17412135004997253], [-0.40971076488494873, -0.15118438005447388], [-0.3618454337120056, -0.04629390686750412]]",False
early_neutral,4,1199,0.6004665111629457,-1,[1],"[[-0.9876338839530945, -0.00807569082826376], [0.00267481105402112, -0.2586700916290283], [-0.29552534222602844, -0.17412151396274567], [-0.42371702194213867, -0.15280181169509888], [-0.3736037015914917, -0.05085757374763489]]",False
early_neutral,4,1200,0.6001332889036988,-1,[1],"[[-0.9876338839530945, -0.00807569082826376], [-0.011621181853115559, -0.2597399950027466], [-0.3095313310623169, -0.17412158846855164], [-0.43786320090293884, -0.1538991928100586], [-0.38551804423332214, -0.05543894320726395]]",False
early_neutral,4,1201,0.5998000666444518,-1,[1],"[[-0.9876338839530945, -0.00807569082826376], [-0.02591642364859581, -0.26081418991088867], [-0.3235972225666046, -0.17412158846855164], [-0.45209261775016785, -0.15451937913894653], [-0.3975437581539154, -0.06004204601049423]]",False
early_neutral,4,1202,0.5994668443852049,-1,[1],"[[-0.9876338839530945, -0.00807569082826376], [-0.04021080583333969, -0.26189321279525757], [-0.33770859241485596, -0.17412158846855164], [-0.4663611948490143, -0.1547667235136032], [-0.4096095561981201, -0.06471072882413864]]",False
early_neutral,4,1203,0.599133622125958,-1,[1],"[[-0.9876338839530945, -0.00807569082826376], [-0.05450379475951195, -0.2629801630973816], [-0.3518543839454651, -0.17412158846855164], [-0.4806431829929352, -0.15472787618637085], [-0.42169108986854553, -0.06944474577903748]]",False
early_neutral,4,1204,0.5988003998667111,-1,[1],"[[-0.9876338839530945, -0.00807569082826376], [-0.06879530102014542, -0.26407527923583984], [-0.36602628231048584, -0.17412158846855164], [-0.49492621421813965, -0.15445497632026672], [-0.43372273445129395, -0.07429331541061401]]",False
early_neutral,4,1205,0.5984671776074642,-1,[1],"[[-0.9876338839530945, -0.00807569082826376], [-0.08308637887239456, -0.26517271995544434], [-0.38021788001060486, -0.17412158846855164], [-0.5092115998268127, -0.15413019061088562], [-0.44567060470581055, -0.07927405834197998]]",False
early_neutral,4,1206,0.5981339553482172,-1,[1],"[[-0.9876338839530945, -0.00807569082826376], [-0.09737764298915863, -0.2662692070007324], [-0.39442455768585205, -0.17412158846855164], [-0.5234677195549011, -0.15371903777122498], [-0.4566073417663574, -0.08393198996782303]]",False
early_neutral,4,1207,0.5978007330889703,-1,[1],"[[-0.9876338839530945, -0.00807569082826376], [-0.11167038977146149, -0.2673572897911072], [-0.4086424708366394, -0.17412158846855164], [-0.535885214805603, -0.15240263938903809], [-0.4639171361923218, -0.08704635500907898]]",False
early_neutral,4,1208,0.5974675108297234,-1,[1],"[[-0.9876338839530945, -0.00807569082826376], [-0.125967875123024, -0.26841869950294495], [-0.422868937253952, -0.17412158846855164], [-0.5438448190689087, -0.14990080893039703], [-0.4665321409702301, -0.08791014552116394]]",False
early_neutral,4,1209,0.5971342885704765,-1,[1],"[[-0.9876338839530945, -0.00807569082826376], [-0.1402701586484909, -0.2694522738456726], [-0.43710190057754517, -0.17412158846855164], [-0.5466907620429993, -0.14634908735752106], [-0.46829599142074585, -0.08621920645236969]]",False
early_neutral,4,1210,0.5968010663112296,-1,[1],"[[-0.9876338839530945, -0.00807569082826376], [-0.15457768738269806, -0.2704545855522156], [-0.4513396620750427, -0.17412158846855164], [-0.5462484955787659, -0.14237846434116364], [-0.4708237648010254, -0.08379016816616058]]",False
early_neutral,4,1211,0.5964678440519827,-1,[1],"[[-0.9876338839530945, -0.00807569082826376], [-0.16889044642448425, -0.2714247405529022], [-0.46558108925819397, -0.17412158846855164], [-0.5442702174186707, -0.13839127123355865], [-0.47457635402679443, -0.0808011144399643]]",False
early_neutral,4,1212,0.5961346217927358,-1,[1],"[[-0.9874664545059204, -0.008904260583221912], [-0.18320874869823456, -0.27236005663871765], [-0.47982528805732727, -0.17412158846855164], [-0.5421356558799744, -0.13436491787433624], [-0.4793684482574463, -0.0780138298869133]]",False
early_neutral,4,1213,0.5958013995334889,-1,[0],"[[-0.9872326850891113, -0.01125108078122139], [-0.19753283262252808, -0.2732571065425873], [-0.4932076930999756, -0.17412158846855164], [-0.5397458672523499, -0.12979866564273834], [-0.4840152859687805, -0.07518089562654495]]",False
early_neutral,4,1214,0.595468177274242,-1,[0],"[[-0.9873089790344238, -0.013507505878806114], [-0.2118624895811081, -0.2741154134273529], [-0.5031155347824097, -0.17412158846855164], [-0.5371919274330139, -0.12485481053590775], [-0.48566243052482605, -0.07061072438955307]]",False
early_neutral,4,1215,0.595134955014995,-1,[1],"[[-0.9876019954681396, -0.01466002780944109], [-0.2261977344751358, -0.2749330997467041], [-0.5123067498207092, -0.17412158846855164], [-0.5356510281562805, -0.11943724751472473], [-0.4847305417060852, -0.06518898904323578]]",False
early_neutral,4,1216,0.5948017327557481,-1,[1],"[[-0.9877359867095947, -0.01495741493999958], [-0.24053838849067688, -0.27570992708206177], [-0.5217010974884033, -0.17412158846855164], [-0.5374354124069214, -0.11477083712816238], [-0.4831489622592926, -0.05926935747265816]]",False
early_neutral,4,1217,0.5944685104965012,-1,[1],"[[-0.9877383708953857, -0.01496102660894394], [-0.2548840343952179, -0.2764476537704468], [-0.5319383144378662, -0.17412158846855164], [-0.5406368970870972, -0.11100143939256668], [-0.4816117286682129, -0.053317759186029434]]",False
early_neutral,4,1218,0.5941352882372543,-1,[1],"[[-0.9877383708953857, -0.01496102660894394], [-0.26923421025276184, -0.2771473526954651], [-0.5426251888275146, -0.17412158846855164], [-0.5437257289886475, -0.10727722942829132], [-0.48019295930862427, -0.04735381901264191]]",False
early_neutral,4,1219,0.5938020659780073,-1,[1],"[[-0.9877383708953857, -0.01496102660894394], [-0.2835882306098938, -0.2778133451938629], [-0.5537644624710083, -0.17412158846855164], [-0.5469807386398315, -0.10390236228704453], [-0.47901052236557007, -0.04136810824275017]]",False
early_neutral,4,1220,0.5934688437187604,-1,[1],"[[-0.9877383708953857, -0.01496102660894394], [-0.29794472455978394, -0.2784568965435028], [-0.5655285120010376, -0.17412158846855164], [-0.5519915223121643, -0.10218825936317444], [-0.47807005047798157, -0.03536427021026611]]",False
early_neutral,4,1221,0.5931356214595135,-1,[1],"[[-0.9877383708953857, -0.01496102660894394], [-0.312303364276886, -0.27907952666282654], [-0.577849805355072, -0.17412158846855164], [-0.5580002665519714, -0.10000604391098022], [-0.4773952066898346, -0.029345348477363586]]",False
early_neutral,4,1222,0.5928023992002666,-1,[1],"[[-0.9877938628196716, -0.016716932877898216], [-0.3266628086566925, -0.2796945571899414], [-0.5906165838241577, -0.17412158846855164], [-0.565311849117279, -0.09792424738407135], [-0.47699111700057983, -0.0233161598443985]]",False
early_neutral,4,1223,0.5924691769410196,-1,[1],"[[-0.9881464838981628, -0.01905173994600773], [-0.3410226106643677, -0.28030574321746826], [-0.603731095790863, -0.17412158846855164], [-0.5740041136741638, -0.09627589583396912], [-0.476863831281662, -0.01728181540966034]]",False
early_neutral,4,1224,0.5921359546817727,-1,[1],"[[-0.9886558651924133, -0.02081134170293808], [-0.35538241267204285, -0.2809182405471802], [-0.6171147227287292, -0.17412158846855164], [-0.5835578441619873, -0.09495076537132263], [-0.4770183563232422, -0.011247744783759117]]",False
early_neutral,4,1225,0.5918027324225258,-1,[1],"[[-0.9891490936279297, -0.021728552877902985], [-0.3697414994239807, -0.281538188457489], [-0.6307052373886108, -0.17412158846855164], [-0.5939920544624329, -0.09369128197431564], [-0.47746679186820984, -0.005097819492220879]]",False
early_neutral,4,1226,0.5914695101632789,-1,[1],"[[-0.9892082214355469, -0.02180609107017517], [-0.38409990072250366, -0.2821631133556366], [-0.6444544792175293, -0.17412158846855164], [-0.6051904559135437, -0.09252055734395981], [-0.47824805974960327, 0.0015783916460350156]]",False
early_neutral,4,1227,0.5911362879040319,-1,[1],"[[-0.9892082214355469, -0.02180609107017517], [-0.39845889806747437, -0.2827807664871216], [-0.6583253145217896, -0.17412158846855164], [-0.617079496383667, -0.09145327657461166], [-0.47939324378967285, 0.008732450194656849]]",False
early_neutral,4,1228,0.590803065644785,-1,[0],"[[-0.9892082214355469, -0.02180609107017517], [-0.4128188490867615, -0.28338900208473206], [-0.6707556843757629, -0.17412158846855164], [-0.6295379996299744, -0.09058208018541336], [-0.48092928528785706, 0.016311878338456154]]",False
early_neutral,4,1229,0.5904698433855382,-1,[1],"[[-0.9892082214355469, -0.02180609107017517], [-0.4271829426288605, -0.2839535176753998], [-0.6801044940948486, -0.17412158846855164], [-0.6424338817596436, -0.0898541808128357], [-0.48311135172843933, 0.024207351729273796]]",False
early_neutral,4,1230,0.5901366211262913,-1,[1],"[[-0.9892082214355469, -0.02180609107017517], [-0.44155260920524597, -0.2844545543193817], [-0.6892956495285034, -0.17412158846855164], [-0.6556752920150757, -0.08932515978813171], [-0.4859079420566559, 0.03232569247484207]]",False
early_neutral,4,1231,0.5898033988670444,-1,[1],"[[-0.9892082214355469, -0.02180609107017517], [-0.4559275209903717, -0.28488728404045105], [-0.6988311409950256, -0.17412158846855164], [-0.6691782474517822, -0.08895228058099747], [-0.48946163058280945, 0.0405578650534153]]",False
early_neutral,4,1232,0.5894701766077974,-1,[0],"[[-0.9892082214355469, -0.02180609107017517], [-0.47030767798423767, -0.28523942828178406], [-0.7091843485832214, -0.17412158846855164], [-0.6828778386116028, -0.08868549764156342], [-0.4938122034072876, 0.04881681501865387]]",False
early_neutral,4,1233,0.5891369543485505,-1,[1],"[[-0.9892082214355469, -0.02180609107017517], [-0.4846920371055603, -0.28551140427589417], [-0.7185672521591187, -0.17412158846855164], [-0.6967267394065857, -0.08851633965969086], [-0.4989386200904846, 0.05703340470790863]]",False
early_neutral,4,1234,0.5888037320893036,-1,[0],"[[-0.9892082214355469, -0.02180609107017517], [-0.499079167842865, -0.2857149541378021], [-0.7285018563270569, -0.17412158846855164], [-0.710686981678009, -0.0883621871471405], [-0.5049147009849548, 0.06512082368135452]]",False
early_neutral,4,1235,0.5884705098300567,-1,[1],"[[-0.9892082214355469, -0.02180609107017517], [-0.5134681463241577, -0.2858533263206482], [-0.7392077445983887, -0.17412158846855164], [-0.7245332598686218, -0.08803592622280121], [-0.5117353796958923, 0.07301188260316849]]",False
early_neutral,4,1236,0.5881372875708097,-1,[1],"[[-0.9892082214355469, -0.02180609107017517], [-0.5278580784797668, -0.28593477606773376], [-0.750069260597229, -0.17412158846855164], [-0.7378385066986084, -0.08720821887254715], [-0.5194742679595947, 0.08060967177152634]]",False
early_neutral,4,1237,0.5878040653115628,-1,[0],"[[-0.9892082214355469, -0.02180609107017517], [-0.5422484278678894, -0.2859690189361572], [-0.7615115642547607, -0.17412158846855164], [-0.7509336471557617, -0.08594562858343124], [-0.5280944108963013, 0.0878528505563736]]",False
early_neutral,4,1238,0.5874708430523159,-1,[1],"[[-0.9892407655715942, -0.02193322777748108], [-0.556638777256012, -0.2859650254249573], [-0.7735437750816345, -0.17412158846855164], [-0.7637445330619812, -0.08420659601688385], [-0.5376411080360413, 0.09463374316692352]]",False
early_neutral,4,1239,0.587137620793069,-1,[1],"[[-0.9897931814193726, -0.02395981177687645], [-0.5710291266441345, -0.2859671711921692], [-0.7860834002494812, -0.17412158846855164], [-0.7753003835678101, -0.08142594248056412], [-0.5479691624641418, 0.10086888074874878]]",False
early_neutral,4,1240,0.586804398533822,-1,[1],"[[-0.9904575347900391, -0.026187358424067497], [-0.5854194164276123, -0.28598159551620483], [-0.7990208864212036, -0.17412158846855164], [-0.7850501537322998, -0.07729388773441315], [-0.55680912733078, 0.10575438290834427]]",False
early_neutral,4,1241,0.5864711762745751,-1,[0],"[[-0.990975558757782, -0.027855169028043747], [-0.5998095870018005, -0.2860245704650879], [-0.8112282752990723, -0.17412158846855164], [-0.7944336533546448, -0.07232384383678436], [-0.5629687309265137, 0.10820592194795609]]",False
early_neutral,4,1242,0.5861379540153282,-1,[0],"[[-0.9911676049232483, -0.02850867435336113], [-0.6141993999481201, -0.28610554337501526], [-0.8205752968788147, -0.17412158846855164], [-0.8032301664352417, -0.06647734344005585], [-0.5690259337425232, 0.10960482805967331]]",False
early_neutral,4,1243,0.5858047317560813,-1,[0],"[[-0.9911743402481079, -0.02853231318295002], [-0.6285892724990845, -0.286215603351593], [-0.8294944167137146, -0.17411752045154572], [-0.810807466506958, -0.06073805317282677], [-0.5753442645072937, 0.11037178337574005]]",False
early_neutral,4,1244,0.5854715094968344,-1,[0],"[[-0.9911743402481079, -0.02853231318295002], [-0.642979085445404, -0.2863326966762543], [-0.834278404712677, -0.1740656942129135], [-0.8153183460235596, -0.05663948878645897], [-0.581763744354248, 0.1105320155620575]]",False
early_neutral,4,1245,0.5851382872375874,-1,[0],"[[-0.9911743402481079, -0.02853231318295002], [-0.6573687791824341, -0.28644809126853943], [-0.8345032930374146, -0.17406149208545685], [-0.8180812001228333, -0.05287149176001549], [-0.5880574584007263, 0.11042051762342453]]",False
early_neutral,4,1246,0.5848050649783405,-1,[0],"[[-0.9911743402481079, -0.02853231318295002], [-0.6717591285705566, -0.2864689826965332], [-0.8324353694915771, -0.17436392605304718], [-0.8195416927337646, -0.051335759460926056], [-0.5944167375564575, 0.11010000854730606]]",False
early_neutral,4,1247,0.5844718427190936,-1,[0],"[[-0.9911743402481079, -0.02853231318295002], [-0.6861487627029419, -0.2863686978816986], [-0.8281804323196411, -0.17471900582313538], [-0.8203678727149963, -0.051000673323869705], [-0.6007992625236511, 0.10957580804824829]]",False
early_neutral,4,1248,0.5841386204598468,-1,[1],"[[-0.9911743402481079, -0.02853231318295002], [-0.6991119384765625, -0.28619542717933655], [-0.822468638420105, -0.1748296469449997], [-0.8213765621185303, -0.05058925598859787], [-0.6071150898933411, 0.10897542536258698]]",False
early_neutral,4,1249,0.5838053982005998,-1,[1],"[[-0.9911743402481079, -0.02853231318295002], [-0.7086544632911682, -0.28584662079811096], [-0.8153650760650635, -0.17488430440425873], [-0.8220368027687073, -0.05032284930348396], [-0.6133662462234497, 0.10834844410419464]]",False
early_neutral,4,1250,0.5834721759413529,-1,[0],"[[-0.9909036159515381, -0.027395036071538925], [-0.7171134948730469, -0.28533342480659485], [-0.8070051074028015, -0.17490527033805847], [-0.822370171546936, -0.05019219219684601], [-0.6197171211242676, 0.10767856985330582]]",False
early_neutral,4,1251,0.583138953682106,-1,[0],"[[-0.9904103875160217, -0.025112101808190346], [-0.7234151363372803, -0.2844984829425812], [-0.799177348613739, -0.17491871118545532], [-0.8224756121635437, -0.05015155300498009], [-0.6229816675186157, 0.10723035037517548]]",False
early_neutral,4,1252,0.5828057314228591,-1,[0],"[[-0.9899978637695312, -0.022913021966814995], [-0.7294987440109253, -0.28325164318084717], [-0.7967822551727295, -0.17493511736392975], [-0.8223839402198792, -0.05018853768706322], [-0.6230410933494568, 0.10723994672298431]]",False
early_neutral,4,1253,0.5824725091636122,-1,[1],"[[-0.9898141026496887, -0.02165747433900833], [-0.7320577502250671, -0.2826022505760193], [-0.7967822551727295, -0.17493511736392975], [-0.819905698299408, -0.05116972699761391], [-0.6253114342689514, 0.10746151953935623]]",False
early_neutral,4,1254,0.5821392869043652,-1,[1],"[[-0.9897279739379883, -0.02085355669260025], [-0.7319032549858093, -0.28244084119796753], [-0.7967822551727295, -0.17493511736392975], [-0.8157999515533447, -0.05275037884712219], [-0.629277765750885, 0.107535719871521]]",False
early_neutral,4,1255,0.5818060646451183,-1,[1],"[[-0.9897279739379883, -0.02085355669260025], [-0.7299090027809143, -0.2806644141674042], [-0.7967822551727295, -0.17493511736392975], [-0.8106887936592102, -0.054687872529029846], [-0.634666919708252, 0.10728336125612259]]",False
early_neutral,4,1256,0.5814728423858714,-1,[1],"[[-0.9897279739379883, -0.02085355669260025], [-0.7265973091125488, -0.2783110737800598], [-0.7967822551727295, -0.17493511736392975], [-0.8054201602935791, -0.056643493473529816], [-0.6406112909317017, 0.10687106847763062]]",False
early_neutral,4,1257,0.5811396201266245,-1,[1],"[[-0.9897279739379883, -0.02085355669260025], [-0.7222750782966614, -0.27566564083099365], [-0.7981742024421692, -0.17503565549850464], [-0.7998033165931702, -0.05868513509631157], [-0.6469715237617493, 0.10631000995635986]]",False
early_neutral,4,1258,0.5808063978673775,-1,[1],"[[-0.9897279739379883, -0.02085355669260025], [-0.7180646657943726, -0.2731602191925049], [-0.8020987510681152, -0.17521654069423676], [-0.7940688729286194, -0.06007557734847069], [-0.6527862548828125, 0.10570371896028519]]",False
early_neutral,4,1259,0.5804731756081306,-1,[1],"[[-0.9897279739379883, -0.02085355669260025], [-0.7168543338775635, -0.27245208621025085], [-0.8073491454124451, -0.17532296478748322], [-0.7881553769111633, -0.05915691331028938], [-0.6540055274963379, 0.10557754337787628]]",False
early_neutral,4,1260,0.5801399533488837,-1,[1],"[[-0.9897279739379883, -0.02085355669260025], [-0.7162332534790039, -0.27211302518844604], [-0.8119608163833618, -0.17572668194770813], [-0.7824721932411194, -0.05722924321889877], [-0.6540055274963379, 0.10557754337787628]]",False
early_neutral,4,1261,0.5798067310896368,-1,[1],"[[-0.9897279739379883, -0.02085355669260025], [-0.7133356928825378, -0.2705845236778259], [-0.8135496377944946, -0.17602401971817017], [-0.7768421173095703, -0.05538950115442276], [-0.6540055274963379, 0.10557754337787628]]",False
early_neutral,4,1262,0.5794735088303898,-1,[1],"[[-0.9897018671035767, -0.01970321498811245], [-0.7092200517654419, -0.26851847767829895], [-0.8117020726203918, -0.17641893029212952], [-0.7715781331062317, -0.05372355505824089], [-0.6540055274963379, 0.10557754337787628]]",False
early_neutral,4,1263,0.5791402865711429,-1,[1],"[[-0.9894081950187683, -0.017425892874598503], [-0.704426646232605, -0.26619958877563477], [-0.8075444102287292, -0.17684905230998993], [-0.7662308812141418, -0.05296565592288971], [-0.6540055274963379, 0.10557754337787628]]",False
early_neutral,4,1264,0.578807064311896,-1,[0],"[[-0.9889460206031799, -0.015447292476892471], [-0.6993994116783142, -0.26383423805236816], [-0.8018530011177063, -0.17700856924057007], [-0.7600894570350647, -0.05365767702460289], [-0.6540055274963379, 0.10557754337787628]]",False
early_neutral,4,1265,0.5784738420526491,-1,[0],"[[-0.9888291954994202, -0.014291610568761826], [-0.6941370964050293, -0.26142555475234985], [-0.7947612404823303, -0.17706620693206787], [-0.7541342377662659, -0.05510783568024635], [-0.6540055274963379, 0.10557754337787628]]",False
early_neutral,4,1266,0.5781406197934021,-1,[0],"[[-0.9888360500335693, -0.014134181663393974], [-0.6909357905387878, -0.2599567770957947], [-0.7864146828651428, -0.17709316313266754], [-0.7500266432762146, -0.05806082859635353], [-0.6540055274963379, 0.10557754337787628]]",False
early_neutral,4,1267,0.5778073975341553,-1,[0],"[[-0.9888360500335693, -0.014134181663393974], [-0.6908599734306335, -0.25991877913475037], [-0.7772548198699951, -0.17709659039974213], [-0.7470177412033081, -0.06170675903558731], [-0.6540055274963379, 0.10557754337787628]]",False
early_neutral,4,1268,0.5774741752749084,-1,[0],"[[-0.9888360500335693, -0.014134181663393974], [-0.6886832118034363, -0.2587333023548126], [-0.7680636048316956, -0.1770983636379242], [-0.7439809441566467, -0.0659373477101326], [-0.6540055274963379, 0.10557754337787628]]",False
early_neutral,4,1269,0.5771409530156615,-1,[0],"[[-0.9888360500335693, -0.014134181663393974], [-0.6851918697357178, -0.25676798820495605], [-0.7588724493980408, -0.17709866166114807], [-0.7417158484458923, -0.06920552998781204], [-0.6540055274963379, 0.10557754337787628]]",False
early_neutral,4,1270,0.5768077307564146,-1,[0],"[[-0.9888360500335693, -0.014134181663393974], [-0.680813729763031, -0.25425639748573303], [-0.749681293964386, -0.17709872126579285], [-0.7414872646331787, -0.0695122629404068], [-0.6536117196083069, 0.1057981625199318]]",False
early_neutral,4,1271,0.5764745084971676,-1,[0],"[[-0.9888360500335693, -0.014134181663393974], [-0.676245391368866, -0.2517071068286896], [-0.7404900789260864, -0.17709875106811523], [-0.7412017583847046, -0.06937971711158752], [-0.6508568525314331, 0.10720192641019821]]",False
early_neutral,4,1272,0.5761412862379207,-1,[0],"[[-0.9888360500335693, -0.014134181663393974], [-0.6713004112243652, -0.24902886152267456], [-0.7312989234924316, -0.17709875106811523], [-0.7388464212417603, -0.06819501519203186], [-0.6468286514282227, 0.10899314284324646]]",False
early_neutral,4,1273,0.5758080639786738,-1,[0],"[[-0.9888360500335693, -0.014134181663393974], [-0.6662789583206177, -0.24642445147037506], [-0.7221077680587769, -0.17709875106811523], [-0.7356181740760803, -0.06639031320810318], [-0.641536295413971, 0.11107996106147766]]",False
early_neutral,4,1274,0.5754748417194269,-1,[0],"[[-0.9888360500335693, -0.014134181663393974], [-0.6611846685409546, -0.24405908584594727], [-0.7129165530204773, -0.17709875106811523], [-0.7315986752510071, -0.06381994485855103], [-0.6359024047851562, 0.11310111731290817]]",False
early_neutral,4,1275,0.5751416194601799,-1,[0],"[[-0.9888360500335693, -0.014134181663393974], [-0.6557520031929016, -0.2418338507413864], [-0.7037253975868225, -0.17709875106811523], [-0.7275026440620422, -0.06095915287733078], [-0.6312370300292969, 0.11469507962465286]]",False
early_neutral,4,1276,0.574808397200933,-1,[0],"[[-0.9886347055435181, -0.013822496868669987], [-0.6501256227493286, -0.23980613052845], [-0.6945341229438782, -0.17709875106811523], [-0.7231871485710144, -0.05789165943861008], [-0.6304881572723389, 0.1150294840335846]]",False
early_neutral,4,1277,0.5744751749416861,-1,[0],"[[-0.9874696731567383, -0.011690083891153336], [-0.6444664001464844, -0.23793929815292358], [-0.6853429675102234, -0.17709875106811523], [-0.718724250793457, -0.05500931665301323], [-0.6303958296775818, 0.11508827656507492]]",False
early_neutral,4,1278,0.5741419526824392,-1,[0],"[[-0.9864901900291443, -0.009307563304901123], [-0.6386994123458862, -0.23618291318416595], [-0.6761518120765686, -0.17709875106811523], [-0.7141696810722351, -0.052754513919353485], [-0.6280553936958313, 0.116383858025074]]",False
early_neutral,4,1279,0.5738087304231922,-1,[0],"[[-0.986184298992157, -0.007951285690069199], [-0.6328402757644653, -0.23453867435455322], [-0.666960597038269, -0.17709875106811523], [-0.7113258838653564, -0.051759425550699234], [-0.6242620348930359, 0.11809112876653671]]",False
early_neutral,4,1280,0.5734755081639453,-1,[0],"[[-0.9861736297607422, -0.007417865097522736], [-0.6303501725196838, -0.23378431797027588], [-0.6586969494819641, -0.1766595095396042], [-0.7088534235954285, -0.050836529582738876], [-0.6203713417053223, 0.12071588635444641]]",False
early_neutral,4,1281,0.5731422859046984,-1,[0],"[[-0.9861758351325989, -0.007406408898532391], [-0.630535364151001, -0.23363719880580902], [-0.6552429795265198, -0.17490479350090027], [-0.7055999040603638, -0.05049842968583107], [-0.6187946200370789, 0.12456133961677551]]",False
early_neutral,4,1282,0.5728090636454515,-1,[0],"[[-0.9861758351325989, -0.007406408898532391], [-0.6328434944152832, -0.23202931880950928], [-0.6562129855155945, -0.17205335199832916], [-0.7009130120277405, -0.05097426474094391], [-0.6185798645019531, 0.12837684154510498]]",False
early_neutral,4,1283,0.5724758413862046,-1,[1],"[[-0.9861758351325989, -0.007406408898532391], [-0.6365233063697815, -0.2299199104309082], [-0.6583643555641174, -0.16842928528785706], [-0.6950843930244446, -0.051263462752103806], [-0.6185582280158997, 0.12917719781398773]]",False
early_neutral,4,1284,0.5721426191269576,-1,[1],"[[-0.9861758351325989, -0.007406408898532391], [-0.6397493481636047, -0.22683629393577576], [-0.661522388458252, -0.16411711275577545], [-0.6886714100837708, -0.051863040775060654], [-0.6185582280158997, 0.12917719781398773]]",True
early_neutral,4,1285,0.5718093968677108,-1,[1],"[[-0.9861758351325989, -0.007406408898532391], [-0.6408373713493347, -0.22286565601825714], [-0.6653308272361755, -0.15914298593997955], [-0.6818654537200928, -0.05250371992588043], [-0.6179144382476807, 0.13070720434188843]]",False
early_neutral,4,1286,0.5714761746084639,-1,[1],"[[-0.9861758351325989, -0.007406408898532391], [-0.6405585408210754, -0.21882833540439606], [-0.66908198595047, -0.15342330932617188], [-0.6740026473999023, -0.05299297720193863], [-0.6165497899055481, 0.13337090611457825]]",False
early_neutral,4,1287,0.571142952349217,-1,[1],"[[-0.9861758351325989, -0.007406408898532391], [-0.6378452181816101, -0.21526379883289337], [-0.6724296808242798, -0.14712423086166382], [-0.665360152721405, -0.053576454520225525], [-0.6150703430175781, 0.13586640357971191]]",False
early_neutral,4,1288,0.57080973008997,-1,[1],"[[-0.9861758351325989, -0.007406408898532391], [-0.6343762278556824, -0.21174855530261993], [-0.6748037934303284, -0.1405167579650879], [-0.6572948694229126, -0.054191675037145615], [-0.6150090098381042, 0.13597162067890167]]",False
early_neutral,4,1289,0.5704765078307231,-1,[1],"[[-0.9861758351325989, -0.007406408898532391], [-0.6308480501174927, -0.20824776589870453], [-0.6762611865997314, -0.13332049548625946], [-0.6512476205825806, -0.0546722374856472], [-0.615070104598999, 0.1359749436378479]]",False
early_neutral,4,1290,0.5701432855714762,-1,[1],"[[-0.9861758351325989, -0.007406408898532391], [-0.6271664500236511, -0.20481452345848083], [-0.6767995953559875, -0.12564419209957123], [-0.6453842520713806, -0.05478636547923088], [-0.617365837097168, 0.13596461713314056]]",False
early_neutral,4,1291,0.5698100633122293,-1,[1],"[[-0.9861758351325989, -0.007406408898532391], [-0.6228464245796204, -0.20196832716464996], [-0.6754774451255798, -0.11765097826719284], [-0.6402384638786316, -0.054742977023124695], [-0.621304452419281, 0.13565120100975037]]",False
early_neutral,4,1292,0.5694768410529824,-1,[0],"[[-0.9861758351325989, -0.007406408898532391], [-0.6173897981643677, -0.2000432312488556], [-0.6727937459945679, -0.11024017632007599], [-0.6347286701202393, -0.05469274893403053], [-0.6258684992790222, 0.13503077626228333]]",False
early_neutral,4,1293,0.5691436187937354,-1,[0],"[[-0.9861758351325989, -0.007406408898532391], [-0.6117240786552429, -0.19806484878063202], [-0.6683588624000549, -0.10500946640968323], [-0.6282602548599243, -0.054606758058071136], [-0.627478301525116, 0.13480310142040253]]",False
early_neutral,4,1294,0.5688103965344885,-1,[0],"[[-0.9861758351325989, -0.007406408898532391], [-0.6063297986984253, -0.1957850456237793], [-0.6621842980384827, -0.10082283616065979], [-0.6201791167259216, -0.0544256754219532], [-0.6275547742843628, 0.13485004007816315]]",False
early_neutral,4,1295,0.5684771742752416,-1,[0],"[[-0.9861758351325989, -0.007406408898532391], [-0.6012246012687683, -0.19323889911174774], [-0.6573763489723206, -0.09791971743106842], [-0.612402617931366, -0.05355934798717499], [-0.6255475282669067, 0.13636299967765808]]",False
early_neutral,4,1296,0.5681439520159947,-1,[0],"[[-0.9861758351325989, -0.007406408898532391], [-0.5982576608657837, -0.19157525897026062], [-0.6524091362953186, -0.09525969624519348], [-0.6077827215194702, -0.05265113711357117], [-0.6221044063568115, 0.13835817575454712]]",False
early_neutral,4,1297,0.5678107297567477,-1,[0],"[[-0.9861758351325989, -0.007406408898532391], [-0.5982111692428589, -0.19154652953147888], [-0.6492319107055664, -0.09376081824302673], [-0.6044140458106995, -0.052509769797325134], [-0.6182742714881897, 0.14107964932918549]]",False
early_neutral,4,1298,0.5674775074975008,-1,[0],"[[-0.9861758351325989, -0.007406408898532391], [-0.5982111692428589, -0.19154652953147888], [-0.6485975384712219, -0.09355276077985764], [-0.5996143221855164, -0.05287240445613861], [-0.6154448986053467, 0.14463582634925842]]",False
early_neutral,4,1299,0.5671442852382539,-1,[0],"[[-0.9861758351325989, -0.007406408898532391], [-0.5982111692428589, -0.19154652953147888], [-0.6485975384712219, -0.09355276077985764], [-0.5948615670204163, -0.05281131714582443], [-0.6126083135604858, 0.1482914239168167]]",False
early_neutral,4,1300,0.566811062979007,-1,[0],"[[-0.9861758351325989, -0.007406408898532391], [-0.5982111692428589, -0.19154652953147888], [-0.6485975384712219, -0.09355276077985764], [-0.5930401086807251, -0.05216775834560394], [-0.610602855682373, 0.15077993273735046]]",False
early_neutral,4,1301,0.56647784071976,-1,[0],"[[-0.9861758351325989, -0.007406408898532391], [-0.5982111692428589, -0.19154652953147888], [-0.6485975384712219, -0.09355276077985764], [-0.5921756029129028, -0.051578767597675323], [-0.6099199056625366, 0.15162742137908936]]",False
early_neutral,4,1302,0.5661446184605131,-1,[0],"[[-0.9861758351325989, -0.007406408898532391], [-0.5982111692428589, -0.19154652953147888], [-0.6479423642158508, -0.09324207901954651], [-0.5890858173370361, -0.051498230546712875], [-0.6115802526473999, 0.15133345127105713]]",False
early_neutral,4,1303,0.5658113962012662,-1,[0],"[[-0.983433187007904, -0.007880998775362968], [-0.5982111692428589, -0.19154652953147888], [-0.6448879837989807, -0.0918697789311409], [-0.5845386981964111, -0.051659807562828064], [-0.6150805354118347, 0.15058551728725433]]",False
early_neutral,4,1304,0.5654781739420194,-1,[0],"[[-0.978718638420105, -0.008757919073104858], [-0.5982111692428589, -0.19154652953147888], [-0.640561044216156, -0.0900578647851944], [-0.5786052942276001, -0.05179838091135025], [-0.6191762089729309, 0.14957837760448456]]",False
early_neutral,4,1305,0.5651449516827725,-1,[0],"[[-0.9725844264030457, -0.009967917576432228], [-0.5982111692428589, -0.19154652953147888], [-0.6386507749557495, -0.0875939205288887], [-0.5717282891273499, -0.051909320056438446], [-0.6202151775360107, 0.14924344420433044]]",False
early_neutral,4,1306,0.5648117294235255,-1,[0],"[[-0.9650756120681763, -0.011316251009702682], [-0.5982111692428589, -0.19154652953147888], [-0.641489565372467, -0.08499151468276978], [-0.5640276074409485, -0.05197794735431671], [-0.6193714141845703, 0.14968298375606537]]",False
early_neutral,4,1307,0.5644785071642786,-1,[0],"[[-0.9563392996788025, -0.012667772360146046], [-0.5987327098846436, -0.19165293872356415], [-0.6469826698303223, -0.08304288238286972], [-0.5554601550102234, -0.05199731886386871], [-0.6165753602981567, 0.15136373043060303]]",False
early_neutral,4,1308,0.5641452849050317,-1,[0],"[[-0.9471206068992615, -0.013964414596557617], [-0.6017521023750305, -0.19214767217636108], [-0.6544082760810852, -0.0820789486169815], [-0.5473791360855103, -0.05201363191008568], [-0.6131454706192017, 0.15386272966861725]]",False
early_neutral,4,1309,0.5638120626457848,-1,[0],"[[-0.9405198693275452, -0.014523032121360302], [-0.6061030030250549, -0.19262924790382385], [-0.6629974842071533, -0.08116909116506577], [-0.5444168448448181, -0.05203928053379059], [-0.609489917755127, 0.15722456574440002]]",False
early_neutral,4,1310,0.5634788403865378,-1,[0],"[[-0.9379264116287231, -0.012937262654304504], [-0.6115316152572632, -0.1938900351524353], [-0.6726070642471313, -0.08039148896932602], [-0.5445666909217834, -0.05206058546900749], [-0.6064064502716064, 0.1608963906764984]]",False
early_neutral,4,1311,0.5631456181272909,-1,[0],"[[-0.9362030625343323, -0.011044582352042198], [-0.6172952055931091, -0.19664175808429718], [-0.6831193566322327, -0.08004936575889587], [-0.5482578873634338, -0.052185431122779846], [-0.6053571105003357, 0.16434699296951294]]",False
early_neutral,4,1312,0.562812395868044,-1,[0],"[[-0.9339399933815002, -0.007111226208508015], [-0.6238280534744263, -0.20005866885185242], [-0.6939573884010315, -0.08007004857063293], [-0.5535221099853516, -0.05226977542042732], [-0.6088570952415466, 0.16684511303901672]]",False
early_neutral,4,1313,0.5624791736087971,-1,[0],"[[-0.9333784580230713, -0.005740008782595396], [-0.630706250667572, -0.2040102779865265], [-0.7051344513893127, -0.08023577928543091], [-0.5602245926856995, -0.0522841215133667], [-0.6144773364067078, 0.1689644753932953]]",False
early_neutral,4,1314,0.5621459513495501,-1,[0],"[[-0.9332708716392517, -0.006413443945348263], [-0.637246310710907, -0.20820339024066925], [-0.7141316533088684, -0.0803908109664917], [-0.5682397484779358, -0.05229149013757706], [-0.6211931705474854, 0.1715077906847]]",False
early_neutral,4,1315,0.5618127290903032,-1,[0],"[[-0.9331900477409363, -0.006919855251908302], [-0.6429125070571899, -0.21067069470882416], [-0.7173933982849121, -0.0804470106959343], [-0.5770138502120972, -0.05228988453745842], [-0.6287775039672852, 0.17455343902111053]]",False
early_neutral,4,1316,0.5614795068310563,-1,[0],"[[-0.9331266283988953, -0.007316445931792259], [-0.6465829610824585, -0.20967496931552887], [-0.7153230309486389, -0.08036268502473831], [-0.5817968249320984, -0.05225272849202156], [-0.6349384784698486, 0.1768665760755539]]",False
early_neutral,4,1317,0.5611462845718094,-1,[0],"[[-0.9316967725753784, -0.007508816197514534], [-0.6497423648834229, -0.20683439075946808], [-0.7111386060714722, -0.08012320101261139], [-0.582021176815033, -0.05224969983100891], [-0.6408172249794006, 0.17856396734714508]]",False
early_neutral,4,1318,0.5608130623125624,-1,[0],"[[-0.9277174472808838, -0.007651154417544603], [-0.6536067128181458, -0.20316463708877563], [-0.7056525945663452, -0.07968510687351227], [-0.582021176815033, -0.05224969983100891], [-0.6469102501869202, 0.17990469932556152]]",False
early_neutral,4,1319,0.5604798400533155,-1,[0],"[[-0.9222585558891296, -0.008281692862510681], [-0.6578962802886963, -0.19893211126327515], [-0.6992022395133972, -0.07881224155426025], [-0.582021176815033, -0.05224969983100891], [-0.653150200843811, 0.18092016875743866]]",False
early_neutral,4,1320,0.5601466177940686,-1,[0],"[[-0.9154191017150879, -0.009282336570322514], [-0.6619723439216614, -0.19569677114486694], [-0.694064199924469, -0.07658080756664276], [-0.582021176815033, -0.05224969983100891], [-0.659493088722229, 0.18161344528198242]]",False
early_neutral,4,1321,0.5598133955348217,-1,[0],"[[-0.9073208570480347, -0.010533461347222328], [-0.6666669845581055, -0.19283844530582428], [-0.6892688870429993, -0.07383100688457489], [-0.582021176815033, -0.05224969983100891], [-0.665818452835083, 0.18211930990219116]]",False
early_neutral,4,1322,0.5594801732755748,-1,[0],"[[-0.8982738256454468, -0.011974705383181572], [-0.6719374656677246, -0.19044457376003265], [-0.6865426301956177, -0.07123170793056488], [-0.582021176815033, -0.05224969983100891], [-0.672113835811615, 0.18249653279781342]]",False
early_neutral,4,1323,0.5591469510163279,-1,[0],"[[-0.8884657621383667, -0.01351363305002451], [-0.6777151823043823, -0.1886122226715088], [-0.6889505386352539, -0.06890835613012314], [-0.582021176815033, -0.05224969983100891], [-0.6785351634025574, 0.1827549934387207]]",False
early_neutral,4,1324,0.558813728757081,-1,[0],"[[-0.8796937465667725, -0.015435433015227318], [-0.6839653849601746, -0.187676802277565], [-0.6941351890563965, -0.067245252430439], [-0.582021176815033, -0.05224969983100891], [-0.6857067942619324, 0.18303026258945465]]",False
early_neutral,4,1325,0.5584805064978341,-1,[0],"[[-0.8704560399055481, -0.018021484836935997], [-0.6909416913986206, -0.18908080458641052], [-0.7011468410491943, -0.06686591356992722], [-0.5836687684059143, -0.052060566842556], [-0.6941224336624146, 0.1834680736064911]]",False
early_neutral,4,1326,0.5581472842385872,-1,[0],"[[-0.8676782250404358, -0.018590833991765976], [-0.698200523853302, -0.19190753996372223], [-0.7051440477371216, -0.06682052463293076], [-0.5880029201507568, -0.051590386778116226], [-0.7022901177406311, 0.18397030234336853]]",False
early_neutral,4,1327,0.5578140619793402,-1,[0],"[[-0.8665977716445923, -0.018812283873558044], [-0.7041196823120117, -0.1940276175737381], [-0.7057965397834778, -0.06681311875581741], [-0.5938202738761902, -0.051010869443416595], [-0.7087031602859497, 0.18430650234222412]]",False
early_neutral,4,1328,0.5574808397200933,-1,[0],"[[-0.8657599687576294, -0.018983976915478706], [-0.7101266384124756, -0.19551922380924225], [-0.7044088840484619, -0.06678910553455353], [-0.6010163426399231, -0.05031852051615715], [-0.715122640132904, 0.18458092212677002]]",False
early_neutral,4,1329,0.5571476174608464,-1,[0],"[[-0.8658279180526733, -0.018977750092744827], [-0.7162228226661682, -0.19599421322345734], [-0.7005059719085693, -0.06661851704120636], [-0.609447717666626, -0.04951116070151329], [-0.7214938402175903, 0.18477138876914978]]",False
early_neutral,4,1330,0.5568143952015995,-1,[0],"[[-0.8685814142227173, -0.01852009817957878], [-0.7223114371299744, -0.19521287083625793], [-0.6953349113464355, -0.06621943414211273], [-0.6186671853065491, -0.04863142967224121], [-0.727815568447113, 0.18487003445625305]]",False
early_neutral,4,1331,0.5564811729423526,-1,[0],"[[-0.8719677329063416, -0.0180745217949152], [-0.7285900712013245, -0.19430673122406006], [-0.6890085935592651, -0.0656733587384224], [-0.6285055875778198, -0.047692980617284775], [-0.7342492341995239, 0.18487980961799622]]",False
early_neutral,4,1332,0.5561479506831056,-2,[0],"[[-1.0110293626785278, -0.0], [0.0, 0.02032535709440708], [0.0, -0.02032535709440708], [-0.10110294073820114, -0.10162678360939026], [-0.10110294073820114, 0.10162678360939026]]",False
early_neutral,4,1333,0.5558147284238587,-2,[0],"[[-1.0110293626785278, -0.0], [7.23067994368165e-10, 0.018482301384210587], [4.038754923385568e-05, -0.021028244867920876], [-0.10115598142147064, -0.10143979638814926], [-0.10110294073820114, 0.10162678360939026]]",False
early_neutral,4,1334,0.5554815061646118,-2,[0],"[[-1.0097105503082275, 1.0536966264795833e-11], [1.4371549506009274e-09, 0.015316246077418327], [0.00021810292673762888, -0.023486265912652016], [-0.10151389986276627, -0.09925634413957596], [-0.10116729140281677, 0.10169969499111176]]",False
early_neutral,4,1335,0.5551482839053649,-2,[0],"[[-1.0054363012313843, 3.433844528166752e-11], [1.4737490117155971e-09, 0.011602145619690418], [0.0005250800750218332, -0.02678312547504902], [-0.09998828172683716, -0.09662646055221558], [-0.10248222202062607, 0.10350131243467331]]",False
early_neutral,4,1336,0.5548150616461179,-2,[0],"[[-0.999616801738739, 4.556060043126031e-11], [1.0241310022252037e-09, 0.007712658029049635], [0.0010189465247094631, -0.030703678727149963], [-0.09485731273889542, -0.09604913741350174], [-0.10396973043680191, 0.10631496459245682]]",True
early_neutral,4,1337,0.554481839386871,-2,[0],"[[-0.992362380027771, -5.649680168140492e-10], [7.73003772103209e-10, 0.004978463985025883], [0.001822625519707799, -0.0350111648440361], [-0.08878064155578613, -0.09735994040966034], [-0.10537757724523544, 0.11004816740751266]]",True
early_neutral,4,1338,0.5541486171276241,-2,[0],"[[-0.9838249683380127, -9.123152233669884e-10], [7.386509737195013e-10, 0.0044886264950037], [0.0030383500270545483, -0.03961380571126938], [-0.08324559032917023, -0.10070143640041351], [-0.10679998248815536, 0.11436563730239868]]",True
early_neutral,4,1339,0.5538153948683772,-2,[0],"[[-0.974501371383667, -1.085142087298152e-09], [7.272216717701951e-10, 0.004327697213739157], [0.005287844687700272, -0.04459374397993088], [-0.07773755490779877, -0.10508829355239868], [-0.10819068551063538, 0.11926180124282837]]",True
early_neutral,4,1340,0.5534821726091302,-2,[0],"[[-0.9645437598228455, -1.2331574650303878e-09], [7.170385396548795e-10, 0.004271242767572403], [0.009912051260471344, -0.047311071306467056], [-0.07190204411745071, -0.10979205369949341], [-0.10949515551328659, 0.12469104677438736]]",True
early_neutral,4,1341,0.5531489503498833,-2,[0],"[[-0.9537690281867981, -1.3243957042163856e-09], [4.998120493837632e-05, 0.0047380682080984116], [0.016727620735764503, -0.048187993466854095], [-0.06568358093500137, -0.11495409905910492], [-0.11085627973079681, 0.1306908130645752]]",True
early_neutral,4,1342,0.5528157280906365,-2,[0],"[[-0.9428343176841736, -1.5108410078568113e-09], [7.724868919467553e-05, 0.005397957284003496], [0.024521587416529655, -0.049026064574718475], [-0.0590490885078907, -0.12036234885454178], [-0.11233117431402206, 0.13723507523536682]]",True
early_neutral,4,1343,0.5524825058313896,-2,[0],"[[-0.9313103556632996, -1.5486096849315345e-09], [-0.00022700385306961834, 0.006112166680395603], [0.03338901698589325, -0.04983429238200188], [-0.05175008997321129, -0.12569540739059448], [-0.11380279064178467, 0.1441209614276886]]",True
early_neutral,4,1344,0.5521492835721427,-2,[0],"[[-0.9192046523094177, -2.0042969506306463e-09], [-0.0005176078411750495, 0.006769874133169651], [0.042576681822538376, -0.05056847259402275], [-0.04362182691693306, -0.13109523057937622], [-0.11513116955757141, 0.15128149092197418]]",False
early_neutral,4,1345,0.5518160613128957,-2,[0],"[[-0.9066017270088196, -2.6114654883002686e-09], [-0.00044952749158255756, 0.007320489268749952], [0.05236004292964935, -0.05126764252781868], [-0.03565048426389694, -0.1367320567369461], [-0.11634135991334915, 0.1585853546857834]]",False
early_neutral,4,1346,0.5514828390536488,-2,[0],"[[-0.8936135768890381, -2.9491384889723804e-09], [-0.00038144082645885646, 0.007871109992265701], [0.06282854825258255, -0.05204957723617554], [-0.028311122208833694, -0.1427212804555893], [-0.11780428886413574, 0.1645410805940628]]",False
early_neutral,4,1347,0.5511496167944019,-2,[0],"[[-0.8803300261497498, -3.6793363911158394e-09], [-0.00031846220372244716, 0.008380434475839138], [0.07347072660923004, -0.05320296436548233], [-0.02212575264275074, -0.14838552474975586], [-0.11981427669525146, 0.1703762710094452]]",False
early_neutral,4,1348,0.550816394535155,-2,[0],"[[-0.8668213486671448, -3.637611545315167e-09], [-0.0009701788076199591, 0.008582187816500664], [0.08465182781219482, -0.05476364493370056], [-0.018823768943548203, -0.1515384465456009], [-0.12201229482889175, 0.1761835664510727]]",False
early_neutral,4,1349,0.550483172275908,-2,[0],"[[-0.855099081993103, -3.8104266408822696e-09], [-0.004475865513086319, 0.008343151770532131], [0.09632403403520584, -0.056658823043107986], [-0.01847136951982975, -0.15191003680229187], [-0.12411317974328995, 0.18200604617595673]]",False
early_neutral,4,1350,0.5501499500166611,-2,[0],"[[-0.8448963165283203, -3.6435574557458494e-09], [-0.009436552412807941, 0.007689901627600193], [0.1084580048918724, -0.05866711214184761], [-0.01847136951982975, -0.15191003680229187], [-0.1260821521282196, 0.18784791231155396]]",False
early_neutral,4,1351,0.5498167277574142,-2,[0],"[[-0.8363770842552185, -3.1627638286124693e-09], [-0.014761281199753284, 0.0054739536717534065], [0.12090356647968292, -0.06083862483501434], [-0.01847136951982975, -0.15191003680229187], [-0.12779833376407623, 0.1937233805656433]]",False
early_neutral,4,1352,0.5494835054981673,-2,[0],"[[-0.8319597244262695, -2.935743204091068e-09], [-0.01971900463104248, 0.0016846454236656427], [0.13367334008216858, -0.06288911402225494], [-0.01847136951982975, -0.15191003680229187], [-0.12923599779605865, 0.19954179227352142]]",False
early_neutral,4,1353,0.5491502832389203,-2,[0],"[[-0.8283935785293579, 1.0236698471999262e-05], [-0.024864427745342255, -0.002962320577353239], [0.14661960303783417, -0.06472652405500412], [-0.01847136951982975, -0.15191003680229187], [-0.1300320327281952, 0.2038687765598297]]",False
early_neutral,4,1354,0.5488170609796734,-2,[0],"[[-0.8263547420501709, 0.00014218380965758115], [-0.030229100957512856, -0.008299944922327995], [0.1571933627128601, -0.06633412092924118], [-0.01847136951982975, -0.15191003680229187], [-0.13046707212924957, 0.20804539322853088]]",False
early_neutral,4,1355,0.5484838387204265,-2,[0],"[[-0.825890839099884, 0.00022730417549610138], [-0.03524873033165932, -0.014118402265012264], [0.16625374555587769, -0.06760457158088684], [-0.01847136951982975, -0.15191003680229187], [-0.1306437999010086, 0.21090219914913177]]",False
early_neutral,4,1356,0.5481506164611796,-2,[0],"[[-0.825800895690918, 0.0002499556867405772], [-0.03650215268135071, -0.019792381674051285], [0.17415942251682281, -0.06825445592403412], [-0.01847136951982975, -0.15191003680229187], [-0.13065069913864136, 0.2110034078359604]]",False
early_neutral,4,1357,0.5478173942019327,-2,[0],"[[-0.825800895690918, 0.0002499556867405772], [-0.03390761464834213, -0.025882212445139885], [0.1779506504535675, -0.06651164591312408], [-0.01847136951982975, -0.15191003680229187], [-0.13065069913864136, 0.2110034078359604]]",False
early_neutral,4,1358,0.5474841719426857,-2,[0],"[[-0.825800895690918, 0.0002499556867405772], [-0.030897146090865135, -0.03218096122145653], [0.1792323887348175, -0.06312437355518341], [-0.01847136951982975, -0.15191003680229187], [-0.13065069913864136, 0.2110034078359604]]",False
early_neutral,4,1359,0.5471509496834388,-2,[0],"[[-0.825800895690918, 0.0002499556867405772], [-0.028232021257281303, -0.03897325322031975], [0.18019311130046844, -0.05900834873318672], [-0.01847136951982975, -0.15191003680229187], [-0.13065069913864136, 0.2110034078359604]]",False
early_neutral,4,1360,0.546817727424192,-2,[0],"[[-0.825800895690918, 0.0002499556867405772], [-0.025935063138604164, -0.046303119510412216], [0.18015480041503906, -0.05517277866601944], [-0.018468210473656654, -0.1532910019159317], [-0.1317204385995865, 0.20954321324825287]]",False
early_neutral,4,1361,0.5464845051649451,-2,[0],"[[-0.8281263113021851, -0.00030180986505001783], [-0.024776877835392952, -0.05416138470172882], [0.1769552230834961, -0.052258774638175964], [-0.018464522436261177, -0.15609334409236908], [-0.13337062299251556, 0.20685529708862305]]",False
early_neutral,4,1362,0.5461512829056981,-2,[0],"[[-0.8323959708213806, -0.0009526993380859494], [-0.02542991377413273, -0.06238022446632385], [0.17261286079883575, -0.04900724068284035], [-0.01846339739859104, -0.15983077883720398], [-0.13533787429332733, 0.2032441794872284]]",False
early_neutral,4,1363,0.5458180606464512,-2,[0],"[[-0.8381413817405701, -0.0013814863050356507], [-0.02787007950246334, -0.07062402367591858], [0.1658863127231598, -0.04700475186109543], [-0.018462860956788063, -0.1644795536994934], [-0.13798780739307404, 0.199430912733078]]",False
early_neutral,4,1364,0.5454848383872043,-2,[0],"[[-0.8449042439460754, -0.0018115867860615253], [-0.033734001219272614, -0.07805418223142624], [0.1575910896062851, -0.04563396796584129], [-0.018462659791111946, -0.16995157301425934], [-0.14117929339408875, 0.19580067694187164]]",False
early_neutral,4,1365,0.5451516161279574,-2,[0],"[[-0.8525197505950928, -0.0022538085468113422], [-0.04053321108222008, -0.08538366109132767], [0.14823263883590698, -0.044367555528879166], [-0.01846262626349926, -0.17592167854309082], [-0.1447393149137497, 0.19242537021636963]]",False
early_neutral,4,1366,0.5448183938687104,-2,[0],"[[-0.8608256578445435, -0.0026897925417870283], [-0.048162709921598434, -0.09258861094713211], [0.13791848719120026, -0.04340944066643715], [-0.018462611362338066, -0.18190254271030426], [-0.14869838953018188, 0.1892339140176773]]",False
early_neutral,4,1367,0.5444851716094635,-2,[0],"[[-0.8700159788131714, -0.003147508716210723], [-0.05658899247646332, -0.09959516674280167], [0.12679025530815125, -0.04281440004706383], [-0.018462609499692917, -0.1878834068775177], [-0.15310883522033691, 0.18618720769882202]]",False
early_neutral,4,1368,0.5441519493502166,-2,[0],"[[-0.8800867795944214, -0.0036445423029363155], [-0.0655209869146347, -0.10647902637720108], [0.1149505004286766, -0.042764343321323395], [-0.018462609499692917, -0.19386425614356995], [-0.15540526807308197, 0.18461191654205322]]",False
early_neutral,4,1369,0.5438187270909697,-2,[0],"[[-0.8908156752586365, -0.004167262464761734], [-0.07490616291761398, -0.113218754529953], [0.1026252955198288, -0.04356444999575615], [-0.018462609499692917, -0.1998451203107834], [-0.15540526807308197, 0.18461191654205322]]",False
early_neutral,4,1370,0.5434855048317228,-2,[0],"[[-0.9019148945808411, -0.00469035841524601], [-0.08457367867231369, -0.11987780034542084], [0.08995329588651657, -0.044826965779066086], [-0.018462609499692917, -0.20582598447799683], [-0.15540526807308197, 0.18461191654205322]]",False
early_neutral,4,1371,0.5431522825724758,-2,[0],"[[-0.913649320602417, -0.00522665586322546], [-0.09440352022647858, -0.12650439143180847], [0.07705896347761154, -0.04652056843042374], [-0.018462609499692917, -0.21180684864521027], [-0.15540526807308197, 0.18461191654205322]]",False
early_neutral,4,1372,0.5428190603132289,-2,[0],"[[-0.9259382486343384, -0.005782372783869505], [-0.10436589270830154, -0.13309933245182037], [0.06399448215961456, -0.04850253090262413], [-0.019999369978904724, -0.217508465051651], [-0.15510348975658417, 0.18329817056655884]]",False
early_neutral,4,1373,0.542485838053982,-2,[0],"[[-0.9386764764785767, -0.006354562938213348], [-0.11439526826143265, -0.13969117403030396], [0.050740890204906464, -0.05052851140499115], [-0.024970244616270065, -0.2222021073102951], [-0.15489840507507324, 0.18034806847572327]]",False
early_neutral,4,1374,0.5421526157947351,-2,[0],"[[-0.9509108066558838, -0.006969711743295193], [-0.12448790669441223, -0.14627240598201752], [0.03734223544597626, -0.05258774757385254], [-0.03141704574227333, -0.22646130621433258], [-0.1555178314447403, 0.17647312581539154]]",False
early_neutral,4,1375,0.5418193935354881,-2,[0],"[[-0.9627796411514282, -0.007770739030092955], [-0.13482537865638733, -0.15271379053592682], [0.02383311837911606, -0.05467331409454346], [-0.03790437430143356, -0.23069807887077332], [-0.1590348184108734, 0.17244531214237213]]",False
early_neutral,4,1376,0.5414861712762412,-2,[0],"[[-0.974250078201294, -0.008726325817406178], [-0.14547225832939148, -0.15895646810531616], [0.010240520350635052, -0.056780822575092316], [-0.044399768114089966, -0.2349296361207962], [-0.16447393596172333, 0.1683516651391983]]",False
early_neutral,4,1377,0.5411529490169943,-2,[0],"[[-0.9819126129150391, -0.00946346390992403], [-0.15646468102931976, -0.16495400667190552], [-0.0033756366465240717, -0.05901012569665909], [-0.05089828372001648, -0.23915916681289673], [-0.1704869568347931, 0.16386626660823822]]",False
early_neutral,4,1378,0.5408197267577474,-2,[0],"[[-0.9863511919975281, -0.010010339319705963], [-0.16786859929561615, -0.1706283539533615], [-0.016962436959147453, -0.06144331395626068], [-0.057397134602069855, -0.24338845908641815], [-0.17698726058006287, 0.1590851992368698]]",False
early_neutral,4,1379,0.5404865044985006,-2,[0],"[[-0.9878906607627869, -0.010187609121203423], [-0.17939111590385437, -0.17588983476161957], [-0.030508823692798615, -0.06406103074550629], [-0.0638962835073471, -0.24761754274368286], [-0.18376508355140686, 0.15415304899215698]]",False
early_neutral,4,1380,0.5401532822392536,-2,[0],"[[-0.9881876707077026, -0.01018100418150425], [-0.18863052129745483, -0.17978233098983765], [-0.04402879253029823, -0.06680144369602203], [-0.07039543986320496, -0.25184664130210876], [-0.1878412663936615, 0.15117356181144714]]",False
early_neutral,4,1381,0.5398200599800067,-2,[0],"[[-0.9882054328918457, -0.010179286822676659], [-0.19677284359931946, -0.1825547218322754], [-0.05751774460077286, -0.06965339928865433], [-0.07689455151557922, -0.25607576966285706], [-0.18835802376270294, 0.15079480409622192]]",False
early_neutral,4,1382,0.5394868377207598,-2,[0],"[[-0.9882054328918457, -0.010179286822676659], [-0.20511889457702637, -0.18505896627902985], [-0.07102441787719727, -0.0725056454539299], [-0.08339361101388931, -0.2603049576282501], [-0.18835802376270294, 0.15079480409622192]]",False
early_neutral,4,1383,0.5391536154615129,-2,[0],"[[-0.9882054328918457, -0.010179286822676659], [-0.21360935270786285, -0.18734845519065857], [-0.08456698060035706, -0.0753125324845314], [-0.08989271521568298, -0.264534056186676], [-0.18835802376270294, 0.15079480409622192]]",False
early_neutral,4,1384,0.5388203932022659,-2,[0],"[[-0.9882054328918457, -0.010179286822676659], [-0.2222183495759964, -0.1894427388906479], [-0.09817815572023392, -0.07799603790044785], [-0.09639176726341248, -0.2687632441520691], [-0.18830956518650055, 0.1499377340078354]]",False
early_neutral,4,1385,0.538487170943019,-2,[0],"[[-0.9882054328918457, -0.010179286822676659], [-0.23089256882667542, -0.19142001867294312], [-0.111911840736866, -0.08041898906230927], [-0.10289084911346436, -0.27299240231513977], [-0.18840061128139496, 0.14718163013458252]]",False
early_neutral,4,1386,0.5381539486837721,-2,[0],"[[-0.9882054328918457, -0.010179286822676659], [-0.23962466418743134, -0.19328628480434418], [-0.12575674057006836, -0.08257261663675308], [-0.10938992351293564, -0.27722156047821045], [-0.1890183687210083, 0.14347365498542786]]",False
early_neutral,4,1387,0.5378207264245252,-2,[0],"[[-0.9882054328918457, -0.010179286822676659], [-0.248408704996109, -0.1950463354587555], [-0.13970845937728882, -0.08442479372024536], [-0.11588899791240692, -0.28145071864128113], [-0.19159314036369324, 0.1397295743227005]]",False
early_neutral,4,1388,0.5374875041652782,-2,[0],"[[-0.9882054328918457, -0.010179286822676659], [-0.25668343901634216, -0.1966969221830368], [-0.15375210344791412, -0.08596717566251755], [-0.1223967969417572, -0.2856740951538086], [-0.1952752321958542, 0.13634571433067322]]",False
early_neutral,4,1389,0.5371542819060313,-2,[0],"[[-0.9882054328918457, -0.010179286822676659], [-0.2604353725910187, -0.19771958887577057], [-0.16788651049137115, -0.08711323142051697], [-0.12997156381607056, -0.2885321080684662], [-0.19902481138706207, 0.13294443488121033]]",False
early_neutral,4,1390,0.5368210596467844,-2,[0],"[[-0.9882054328918457, -0.010179286822676659], [-0.2607450783252716, -0.19784677028656006], [-0.18209390342235565, -0.0877913311123848], [-0.13842707872390747, -0.29016804695129395], [-0.2032172828912735, 0.12977106869220734]]",False
early_neutral,4,1391,0.5364878373875375,-2,[0],"[[-0.9882054328918457, -0.010179286822676659], [-0.2621643841266632, -0.1977161169052124], [-0.19633743166923523, -0.08797595649957657], [-0.14559200406074524, -0.2935185730457306], [-0.2078741192817688, 0.12688815593719482]]",False
early_neutral,4,1392,0.5361546151282905,-2,[0],"[[-0.9882054328918457, -0.010179286822676659], [-0.26608923077583313, -0.19751007854938507], [-0.21057190001010895, -0.08758442848920822], [-0.15215110778808594, -0.29766353964805603], [-0.2127758264541626, 0.12430119514465332]]",False
early_neutral,4,1393,0.5358213928690436,-2,[0],"[[-0.9882054328918457, -0.010179286822676659], [-0.2713806629180908, -0.1974908709526062], [-0.22474339604377747, -0.08662238717079163], [-0.15999449789524078, -0.3000630736351013], [-0.21794623136520386, 0.12194925546646118]]",False
early_neutral,4,1394,0.5354881706097967,-2,[0],"[[-0.9882054328918457, -0.010179286822676659], [-0.27805662155151367, -0.1975739598274231], [-0.23885798454284668, -0.08534383028745651], [-0.16902124881744385, -0.30044567584991455], [-0.22346413135528564, 0.1197979524731636]]",False
early_neutral,4,1395,0.5351549483505498,-2,[0],"[[-0.9882054328918457, -0.010179286822676659], [-0.28602027893066406, -0.197731614112854], [-0.2529234290122986, -0.08385176956653595], [-0.17821238934993744, -0.3004617691040039], [-0.2291320413351059, 0.11792008578777313]]",False
early_neutral,4,1396,0.5348217260913029,-2,[0],"[[-0.9882054328918457, -0.010179286822676659], [-0.2950555086135864, -0.19794797897338867], [-0.2669723331928253, -0.0822933241724968], [-0.18740354478359222, -0.3004699945449829], [-0.23489654064178467, 0.11632129549980164]]",False
early_neutral,4,1397,0.5344885038320559,-2,[0],"[[-0.9882054328918457, -0.010179286822676659], [-0.3049626648426056, -0.1981813907623291], [-0.28106820583343506, -0.08092538267374039], [-0.1965947151184082, -0.3004714846611023], [-0.240970179438591, 0.11494256556034088]]",False
early_neutral,4,1398,0.5341552815728091,-2,[0],"[[-0.9882054328918457, -0.010179286822676659], [-0.31559979915618896, -0.19842353463172913], [-0.2952086925506592, -0.07976918667554855], [-0.20578590035438538, -0.30047187209129333], [-0.24714212119579315, 0.11378958076238632]]",False
early_neutral,4,1399,0.5338220593135622,-2,[0],"[[-0.9882054328918457, -0.010179286822676659], [-0.326526939868927, -0.1986379772424698], [-0.3094043433666229, -0.07894984632730484], [-0.21497707068920135, -0.3004719913005829], [-0.2532244026660919, 0.11280625313520432]]",False
early_neutral,4,1400,0.5334888370543153,-2,[0],"[[-0.9882054328918457, -0.010179286822676659], [-0.33811429142951965, -0.198830708861351], [-0.32363855838775635, -0.0784934014081955], [-0.22416824102401733, -0.3004719913005829], [-0.25951942801475525, 0.11194242537021637]]",False
early_neutral,4,1401,0.5331556147950683,-2,[0],"[[-0.9882054328918457, -0.010179286822676659], [-0.35030728578567505, -0.19899918138980865], [-0.3378882110118866, -0.07832498103380203], [-0.2333594262599945, -0.3004719913005829], [-0.26614001393318176, 0.11117776483297348]]",False
early_neutral,4,1402,0.5328223925358214,-2,[1],"[[-0.9882054328918457, -0.010179286822676659], [-0.3630061149597168, -0.19910696148872375], [-0.35214003920555115, -0.07838291674852371], [-0.24264733493328094, -0.3004719913005829], [-0.27400052547454834, 0.11037448793649673]]",False
early_neutral,4,1403,0.5324891702765745,-2,[1],"[[-0.9882054328918457, -0.010179286822676659], [-0.3761003613471985, -0.19915491342544556], [-0.36638525128364563, -0.07867124676704407], [-0.25259003043174744, -0.3004719913005829], [-0.2829352617263794, 0.10957758128643036]]",False
early_neutral,4,1404,0.5321559480173276,-2,[1],"[[-0.9882054328918457, -0.010179286822676659], [-0.3895009160041809, -0.19914041459560394], [-0.38061386346817017, -0.07920390367507935], [-0.26331430673599243, -0.3004719913005829], [-0.29205718636512756, 0.10884499549865723]]",False
early_neutral,4,1405,0.5318227257580806,-2,[1],"[[-0.9882054328918457, -0.010179286822676659], [-0.4031369388103485, -0.19905734062194824], [-0.39481645822525024, -0.07997746765613556], [-0.27417686581611633, -0.3004719913005829], [-0.3011912405490875, 0.10817955434322357]]",False
early_neutral,4,1406,0.5314895034988337,-2,[1],"[[-0.9882054328918457, -0.010179286822676659], [-0.41695311665534973, -0.19892778992652893], [-0.40899917483329773, -0.0808953121304512], [-0.28563177585601807, -0.3004719913005829], [-0.30881762504577637, 0.10767455399036407]]",False
early_neutral,4,1407,0.5311562812395868,-2,[1],"[[-0.9882054328918457, -0.010179286822676659], [-0.43090635538101196, -0.19875314831733704], [-0.4231649339199066, -0.08191821724176407], [-0.29768723249435425, -0.3004719913005829], [-0.31522637605667114, 0.10730581730604172]]",False
early_neutral,4,1408,0.5308230589803399,-2,[1],"[[-0.9882054328918457, -0.010179286822676659], [-0.4449635446071625, -0.1985369473695755], [-0.43619680404663086, -0.08290863037109375], [-0.31025874614715576, -0.3004719913005829], [-0.3217802047729492, 0.10697843134403229]]",False
early_neutral,4,1409,0.530489836721093,-2,[1],"[[-0.9882054328918457, -0.010179286822676659], [-0.4590991735458374, -0.1982802450656891], [-0.44583040475845337, -0.08350345492362976], [-0.32323479652404785, -0.3004719913005829], [-0.3294681906700134, 0.10664215683937073]]",False
early_neutral,4,1410,0.530156614461846,-2,[1],"[[-0.9880027770996094, -0.011452832259237766], [-0.47329387068748474, -0.1979883313179016], [-0.4550003409385681, -0.08390617370605469], [-0.3365250527858734, -0.3004719913005829], [-0.33832305669784546, 0.10631100088357925]]",False
early_neutral,4,1411,0.5298233922025991,-2,[1],"[[-0.9878652691841125, -0.013690225780010223], [-0.48753416538238525, -0.19768653810024261], [-0.46445563435554504, -0.08407004922628403], [-0.3500577211380005, -0.3004719913005829], [-0.34750306606292725, 0.10601677745580673]]",False
early_neutral,4,1412,0.5294901699433522,-2,[1],"[[-0.9879727363586426, -0.015629347413778305], [-0.5018090009689331, -0.19737914204597473], [-0.4747692942619324, -0.08396543562412262], [-0.36377647519111633, -0.3004719913005829], [-0.35668614506721497, 0.10576631128787994]]",False
early_neutral,4,1413,0.5291569476841053,-2,[1],"[[-0.9882689714431763, -0.016656331717967987], [-0.5161119103431702, -0.19710862636566162], [-0.48545902967453003, -0.08373593538999557], [-0.37763747572898865, -0.3004719913005829], [-0.36587172746658325, 0.10555745661258698]]",False
early_neutral,4,1414,0.5288237254248583,-2,[1],"[[-0.9883439540863037, -0.01680886559188366], [-0.5289934873580933, -0.19689945876598358], [-0.4966486692428589, -0.08344917744398117], [-0.3916070759296417, -0.3004719913005829], [-0.3750589191913605, 0.1053825095295906]]",False
early_neutral,4,1415,0.5284905031656114,-2,[1],"[[-0.9883439540863037, -0.01680886559188366], [-0.5385071635246277, -0.19677798449993134], [-0.5084519982337952, -0.08311363309621811], [-0.4056590795516968, -0.3004719913005829], [-0.3842475414276123, 0.10524094849824905]]",False
early_neutral,4,1416,0.5281572809063645,-2,[1],"[[-0.9883439540863037, -0.01680886559188366], [-0.5476974248886108, -0.1966952085494995], [-0.5208023190498352, -0.08276080340147018], [-0.4197736382484436, -0.3004719913005829], [-0.39343729615211487, 0.10513561964035034]]",False
early_neutral,4,1417,0.5278240586471177,-2,[1],"[[-0.9883439540863037, -0.01680886559188366], [-0.5568884015083313, -0.19666031002998352], [-0.5335875749588013, -0.08239641785621643], [-0.4339355528354645, -0.3004719913005829], [-0.4026278257369995, 0.105067677795887]]",False
early_neutral,4,1418,0.5274908363878708,-2,[1],"[[-0.9883439540863037, -0.01680886559188366], [-0.5660896301269531, -0.19667543470859528], [-0.5467134118080139, -0.08204150199890137], [-0.4481333792209625, -0.3004719913005829], [-0.4118189513683319, 0.10504235327243805]]",False
early_neutral,4,1419,0.5271576141286238,-2,[1],"[[-0.9883439540863037, -0.01680886559188366], [-0.5759046077728271, -0.1967298537492752], [-0.560104489326477, -0.08171726763248444], [-0.4623583257198334, -0.3004719913005829], [-0.42100998759269714, 0.10506866127252579]]",False
early_neutral,4,1420,0.5268243918693769,-2,[1],"[[-0.9883439540863037, -0.01680886559188366], [-0.5865698456764221, -0.19681908190250397], [-0.5737004280090332, -0.08142963796854019], [-0.47660374641418457, -0.3004719913005829], [-0.4297408163547516, 0.1051391139626503]]",False
early_neutral,4,1421,0.52649116961013,-2,[1],"[[-0.9883439540863037, -0.01680886559188366], [-0.5979756116867065, -0.19694504141807556], [-0.587454617023468, -0.08120319992303848], [-0.4908647835254669, -0.3004719913005829], [-0.4362100660800934, 0.10523293912410736]]",False
early_neutral,4,1422,0.5261579473508831,-2,[1],"[[-0.988437294960022, -0.01809464395046234], [-0.6100447177886963, -0.19712333381175995], [-0.6013294458389282, -0.08102826029062271], [-0.50513756275177, -0.3004719913005829], [-0.44264060258865356, 0.10536640137434006]]",False
early_neutral,4,1423,0.5258247250916361,-2,[1],"[[-0.9888243675231934, -0.020896175876259804], [-0.6226415038108826, -0.1973685771226883], [-0.6152939796447754, -0.08082621544599533], [-0.519419252872467, -0.3004719913005829], [-0.44981837272644043, 0.1055499017238617]]",False
early_neutral,4,1424,0.5254915028323892,-2,[1],"[[-0.9893704056739807, -0.023584257811307907], [-0.6356542110443115, -0.19761458039283752], [-0.6293257474899292, -0.08058170229196548], [-0.5337076783180237, -0.3004719913005829], [-0.4582497179508209, 0.10579918324947357]]",False
early_neutral,4,1425,0.5251582805731423,-2,[1],"[[-0.9896751046180725, -0.02534332498908043], [-0.6489916443824768, -0.19782757759094238], [-0.6433863639831543, -0.08001977950334549], [-0.5480011105537415, -0.3004719913005829], [-0.4674154818058014, 0.10610271245241165]]",False
early_neutral,4,1426,0.5248250583138954,-2,[1],"[[-0.9897671937942505, -0.026008350774645805], [-0.6625799536705017, -0.19799983501434326], [-0.657410740852356, -0.07891537249088287], [-0.5622982382774353, -0.3004719913005829], [-0.47659310698509216, 0.10642726719379425]]",False
early_neutral,4,1427,0.5244918360546484,-2,[1],"[[-0.9897671937942505, -0.026008350774645805], [-0.6763615608215332, -0.19810140132904053], [-0.670728325843811, -0.07741797715425491], [-0.5765982866287231, -0.3004719913005829], [-0.4857690632343292, 0.10677161812782288]]",False
early_neutral,4,1428,0.5241586137954015,-2,[1],"[[-0.9897671937942505, -0.026008350774645805], [-0.690290629863739, -0.19812756776809692], [-0.6805329918861389, -0.07569347321987152], [-0.5909005403518677, -0.3004719913005829], [-0.49494287371635437, 0.10713865607976913]]",False
early_neutral,4,1429,0.5238253915361546,-2,[1],"[[-0.9897671937942505, -0.026008350774645805], [-0.7034194469451904, -0.19807523488998413], [-0.6889280676841736, -0.07324355095624924], [-0.6052044630050659, -0.3004719913005829], [-0.5041143894195557, 0.10752950608730316]]",False
early_neutral,4,1430,0.5234921692769077,-2,[1],"[[-0.9897671937942505, -0.026008350774645805], [-0.7131736874580383, -0.19799228012561798], [-0.6975670456886292, -0.07062114775180817], [-0.6192861795425415, -0.30012670159339905], [-0.5132836699485779, 0.10794241726398468]]",False
early_neutral,4,1431,0.5231589470176607,-2,[1],"[[-0.9901055693626404, -0.027276648208498955], [-0.7223630547523499, -0.19787076115608215], [-0.7071315050125122, -0.06797312200069427], [-0.6310447454452515, -0.2980928122997284], [-0.522450864315033, 0.10837431997060776]]",False
early_neutral,4,1432,0.5228257247584138,-2,[1],"[[-0.9907968044281006, -0.030091116204857826], [-0.7317619323730469, -0.19778130948543549], [-0.7172661423683167, -0.06550763547420502], [-0.6402791738510132, -0.29371926188468933], [-0.5316159725189209, 0.10882418602705002]]",False
early_neutral,4,1433,0.5224925024991669,-2,[1],"[[-0.9915823936462402, -0.033658914268016815], [-0.7420288920402527, -0.19774110615253448], [-0.7280000448226929, -0.06355629861354828], [-0.6493691205978394, -0.288558691740036], [-0.5407798290252686, 0.10928495973348618]]",False
early_neutral,4,1434,0.52215928023992,-2,[1],"[[-0.9923043847084045, -0.03720656409859657], [-0.7527546286582947, -0.197771817445755], [-0.7394973039627075, -0.06201007589697838], [-0.6585354208946228, -0.28295502066612244], [-0.5499425530433655, 0.1097552627325058]]",False
early_neutral,4,1435,0.5218260579806732,-2,[1],"[[-0.9929765462875366, -0.04075836390256882], [-0.7639421224594116, -0.19791017472743988], [-0.7513912916183472, -0.060026079416275024], [-0.6678009629249573, -0.2770392894744873], [-0.5570359230041504, 0.11010919511318207]]",False
early_neutral,4,1436,0.5214928357214262,-2,[1],"[[-0.9934638738632202, -0.043422311544418335], [-0.7751074433326721, -0.19813185930252075], [-0.763469398021698, -0.05791723355650902], [-0.6772485971450806, -0.2709536552429199], [-0.5634543895721436, 0.11039778590202332]]",False
early_neutral,4,1437,0.5211596134621793,-2,[1],"[[-0.9936840534210205, -0.044627852737903595], [-0.7843160629272461, -0.1984151303768158], [-0.7754710912704468, -0.055451422929763794], [-0.6868302822113037, -0.2647329866886139], [-0.5698762536048889, 0.11065304279327393]]",False
early_neutral,4,1438,0.5208263912029324,-2,[1],"[[-0.993441641330719, -0.04315093904733658], [-0.7934446930885315, -0.1987907588481903], [-0.7872959971427917, -0.05338447540998459], [-0.6965363025665283, -0.2584226727485657], [-0.5763023495674133, 0.11085725575685501]]",False
early_neutral,4,1439,0.5204931689436855,-2,[1],"[[-0.9930944442749023, -0.04042648896574974], [-0.800308108329773, -0.1991281509399414], [-0.798707127571106, -0.05187719687819481], [-0.7063395977020264, -0.252045214176178], [-0.5827318429946899, 0.11100887507200241]]",False
early_neutral,4,1440,0.5201599466844385,-2,[1],"[[-0.9928205013275146, -0.037579216063022614], [-0.8067167401313782, -0.1994982212781906], [-0.8086248636245728, -0.050884947180747986], [-0.7162178754806519, -0.24561738967895508], [-0.5891116261482239, 0.11110473424196243]]",False
early_neutral,4,1441,0.5198267244251916,-2,[1],"[[-0.9925845265388489, -0.03486604616045952], [-0.8131170868873596, -0.19986332952976227], [-0.8168216347694397, -0.05216069892048836], [-0.7264127731323242, -0.23948638141155243], [-0.5954357981681824, 0.11114408075809479]]",False
early_neutral,4,1442,0.5194935021659447,-2,[1],"[[-0.9924188256263733, -0.032544225454330444], [-0.819390594959259, -0.2000858038663864], [-0.8231255412101746, -0.05462036281824112], [-0.7369207739830017, -0.23561811447143555], [-0.601869523525238, 0.11112823337316513]]",False
early_neutral,4,1443,0.5191602799066978,-2,[1],"[[-0.9925456047058105, -0.031678322702646255], [-0.8257699608802795, -0.2001708298921585], [-0.8292564749717712, -0.05803212150931358], [-0.7482589483261108, -0.2345188707113266], [-0.6082866191864014, 0.11105620861053467]]",False
early_neutral,4,1444,0.5188270576474509,-2,[1],"[[-0.9925973415374756, -0.031526118516922], [-0.8284424543380737, -0.20018839836120605], [-0.8350031971931458, -0.060571473091840744], [-0.7602510452270508, -0.23378536105155945], [-0.6145716309547424, 0.11093015223741531]]",False
early_neutral,4,1445,0.5184938353882039,-2,[1],"[[-0.9925973415374756, -0.031526118516922], [-0.8284424543380737, -0.20018839836120605], [-0.8378512263298035, -0.06178472563624382], [-0.7727943658828735, -0.23334026336669922], [-0.6209990978240967, 0.11074493825435638]]",False
early_neutral,4,1446,0.518160613128957,-2,[1],"[[-0.9925973415374756, -0.031526118516922], [-0.8284424543380737, -0.20018839836120605], [-0.8379638195037842, -0.06185976043343544], [-0.7857613563537598, -0.23320716619491577], [-0.6274215579032898, 0.1105085089802742]]",False
early_neutral,4,1447,0.5178273908697101,-2,[1],"[[-0.9925973415374756, -0.031526118516922], [-0.8284424543380737, -0.20018839836120605], [-0.8379638195037842, -0.06185976043343544], [-0.7990455031394958, -0.23314183950424194], [-0.6336819529533386, 0.11023669689893723]]",False
early_neutral,4,1448,0.5174941686104632,-2,[1],"[[-0.9925973415374756, -0.031526118516922], [-0.8284424543380737, -0.20018839836120605], [-0.8379638195037842, -0.06185976043343544], [-0.812201738357544, -0.2325190305709839], [-0.6400967836380005, 0.10991594940423965]]",False
early_neutral,4,1449,0.5171609463512162,-2,[1],"[[-0.9925973415374756, -0.031526118516922], [-0.8284424543380737, -0.20018839836120605], [-0.8379638195037842, -0.06185976043343544], [-0.8229509592056274, -0.22978150844573975], [-0.6465062499046326, 0.10955405235290527]]",False
early_neutral,4,1450,0.5168277240919693,-2,[1],"[[-0.9925973415374756, -0.031526118516922], [-0.8284424543380737, -0.20018839836120605], [-0.8379638195037842, -0.06185976043343544], [-0.8319416046142578, -0.2249053567647934], [-0.6527532339096069, 0.1091640293598175]]",False
early_neutral,4,1451,0.5164945018327224,-2,[1],"[[-0.9925973415374756, -0.031526118516922], [-0.8286646604537964, -0.20005491375923157], [-0.838678777217865, -0.06241720914840698], [-0.8406891822814941, -0.21973571181297302], [-0.6591501832008362, 0.10872628539800644]]",False
early_neutral,4,1452,0.5161612795734755,-2,[1],"[[-0.9921369552612305, -0.030415335670113564], [-0.8289971351623535, -0.19976559281349182], [-0.8413572311401367, -0.0642184168100357], [-0.8489066958427429, -0.21457329392433167], [-0.6650022268295288, 0.1082986518740654]]",False
early_neutral,4,1453,0.5158280573142285,-2,[1],"[[-0.9913861155509949, -0.02803935296833515], [-0.8267414569854736, -0.20033104717731476], [-0.8453930616378784, -0.06643430888652802], [-0.8567228317260742, -0.20946349203586578], [-0.6662293672561646, 0.1082119271159172]]",False
early_neutral,4,1454,0.5154948350549817,-2,[1],"[[-0.9908947348594666, -0.025758076459169388], [-0.8226228952407837, -0.2018914818763733], [-0.850237250328064, -0.06865716725587845], [-0.8658401966094971, -0.20356400310993195], [-0.6662293672561646, 0.1082119271159172]]",False
early_neutral,4,1455,0.5151616127957348,-2,[1],"[[-0.9906010627746582, -0.024478571489453316], [-0.8183271884918213, -0.20477037131786346], [-0.8555686473846436, -0.07070992887020111], [-0.8749577403068542, -0.19766421616077423], [-0.6662293672561646, 0.1082119271159172]]",False
early_neutral,4,1456,0.5148283905364879,-2,[0],"[[-0.9903871417045593, -0.02366853505373001], [-0.8148210048675537, -0.2090836465358734], [-0.8613424897193909, -0.07255446165800095], [-0.8821267485618591, -0.19305378198623657], [-0.6662293672561646, 0.1082119271159172]]",False
early_neutral,4,1457,0.514495168277241,-2,[0],"[[-0.9903871417045593, -0.02366853505373001], [-0.8110017776489258, -0.2141357958316803], [-0.8643209934234619, -0.07342115789651871], [-0.8848044872283936, -0.19136250019073486], [-0.6662293672561646, 0.1082119271159172]]",False
early_neutral,4,1458,0.514161946017994,-2,[0],"[[-0.9903871417045593, -0.02366853505373001], [-0.8065784573554993, -0.21973785758018494], [-0.8643209934234619, -0.07342115789651871], [-0.8823145627975464, -0.1931467205286026], [-0.6662293672561646, 0.1082119271159172]]",False
early_neutral,4,1459,0.5138287237587471,-2,[0],"[[-0.9903871417045593, -0.02366853505373001], [-0.8016443252563477, -0.2258070558309555], [-0.8638384342193604, -0.07421935349702835], [-0.8786754012107849, -0.19562552869319916], [-0.6663302779197693, 0.10815940052270889]]",False
early_neutral,4,1460,0.5134955014995002,-2,[0],"[[-0.9903871417045593, -0.02366853505373001], [-0.7964121699333191, -0.2319646030664444], [-0.8622709512710571, -0.0767735093832016], [-0.8746187686920166, -0.19828249514102936], [-0.6688025593757629, 0.10691022127866745]]",False
early_neutral,4,1461,0.5131622792402533,-2,[0],"[[-0.9903871417045593, -0.02366853505373001], [-0.7907167077064514, -0.23834313452243805], [-0.8601148724555969, -0.08021087944507599], [-0.8712887167930603, -0.19998709857463837], [-0.6726046800613403, 0.10507368296384811]]",False
early_neutral,4,1462,0.5128290569810063,-2,[0],"[[-0.9903871417045593, -0.02366853505373001], [-0.7844150066375732, -0.24495893716812134], [-0.8571338057518005, -0.08439502120018005], [-0.8675722479820251, -0.20044849812984467], [-0.6776667237281799, 0.10278844088315964]]",False
early_neutral,4,1463,0.5124958347217594,-2,[0],"[[-0.9903871417045593, -0.02366853505373001], [-0.7766703963279724, -0.251345694065094], [-0.8529995679855347, -0.08910571783781052], [-0.8622904419898987, -0.20078063011169434], [-0.6840794086456299, 0.10022586584091187]]",False
early_neutral,4,1464,0.5121626124625125,-2,[0],"[[-0.9903871417045593, -0.02366853505373001], [-0.7673105597496033, -0.2571617364883423], [-0.8477763533592224, -0.09348053485155106], [-0.8556314706802368, -0.20093397796154022], [-0.6917456388473511, 0.09750297665596008]]",False
early_neutral,4,1465,0.5118293902032656,-2,[0],"[[-0.9903871417045593, -0.02366853505373001], [-0.757624626159668, -0.2620265781879425], [-0.8405235409736633, -0.0959557294845581], [-0.8487825393676758, -0.2009964883327484], [-0.7001014351844788, 0.09425608068704605]]",False
early_neutral,4,1466,0.5114961679440186,-2,[0],"[[-0.9903871417045593, -0.02366853505373001], [-0.7505837082862854, -0.2645168900489807], [-0.8318048119544983, -0.09788135439157486], [-0.8468766212463379, -0.2009924054145813], [-0.7088470458984375, 0.09038449078798294]]",False
early_neutral,4,1467,0.5111629456847717,-2,[0],"[[-0.9903871417045593, -0.02366853505373001], [-0.7449651956558228, -0.265231192111969], [-0.8222414255142212, -0.09866083413362503], [-0.8468766212463379, -0.2009924054145813], [-0.717464029788971, 0.08612901717424393]]",False
early_neutral,4,1468,0.5108297234255248,-2,[0],"[[-0.9903871417045593, -0.02366853505373001], [-0.7387130856513977, -0.2653781771659851], [-0.8118838667869568, -0.09797398746013641], [-0.8468766212463379, -0.2009924054145813], [-0.726136326789856, 0.08146844059228897]]",False
early_neutral,4,1469,0.5104965011662779,-2,[0],"[[-0.9899998903274536, -0.022075964137911797], [-0.7313051819801331, -0.2651216983795166], [-0.8011622428894043, -0.09711538255214691], [-0.8468766212463379, -0.2009924054145813], [-0.7349891066551208, 0.07632661610841751]]",False
early_neutral,4,1470,0.510163278907031,-2,[0],"[[-0.9893556833267212, -0.019250275567173958], [-0.7231187224388123, -0.2643129229545593], [-0.7900997996330261, -0.09644042700529099], [-0.8468766212463379, -0.2009924054145813], [-0.7433270215988159, 0.07034872472286224]]",False
early_neutral,4,1471,0.509830056647784,-2,[0],"[[-0.9885568618774414, -0.015507429838180542], [-0.7143062949180603, -0.26336929202079773], [-0.778398871421814, -0.09586802124977112], [-0.8468766212463379, -0.2009924054145813], [-0.750461757183075, 0.06348241120576859]]",False
early_neutral,4,1472,0.5094968343885371,-2,[0],"[[-0.9876776337623596, -0.011360094882547855], [-0.7045372724533081, -0.2624439299106598], [-0.766277015209198, -0.09458763897418976], [-0.8468766212463379, -0.2009924054145813], [-0.7556399703025818, 0.0578865185379982]]",False
early_neutral,4,1473,0.5091636121292903,-2,[0],"[[-0.9868254661560059, -0.007315542548894882], [-0.6944236159324646, -0.2615513503551483], [-0.7541835308074951, -0.09200260043144226], [-0.8468766212463379, -0.2009924054145813], [-0.7586565017700195, 0.05410405620932579]]",False
early_neutral,4,1474,0.5088303898700434,-2,[0],"[[-0.9867002964019775, -0.005015666130930185], [-0.6835938692092896, -0.2606954574584961], [-0.7421250939369202, -0.08868257701396942], [-0.8468766212463379, -0.2009924054145813], [-0.760221540927887, 0.05159258842468262]]",False
early_neutral,4,1475,0.5084971676107964,-2,[0],"[[-0.9869624376296997, -0.003565828315913677], [-0.6721876859664917, -0.25983670353889465], [-0.7300301194190979, -0.08498095721006393], [-0.8448266386985779, -0.20062941312789917], [-0.7594767808914185, 0.05154906213283539]]",False
early_neutral,4,1476,0.5081639453515495,-2,[0],"[[-0.9869909882545471, -0.00348730874247849], [-0.6601914763450623, -0.25885969400405884], [-0.7178680896759033, -0.0810549333691597], [-0.8405365943908691, -0.2002008855342865], [-0.7569044232368469, 0.05174241587519646]]",False
early_neutral,4,1477,0.5078307230923026,-2,[0],"[[-0.9869909882545471, -0.00348730874247849], [-0.6478706002235413, -0.25775736570358276], [-0.7052271962165833, -0.07755832374095917], [-0.835802435874939, -0.2000899463891983], [-0.7521576881408691, 0.05104639381170273]]",False
early_neutral,4,1478,0.5074975008330557,-2,[0],"[[-0.9869909882545471, -0.00348730874247849], [-0.6378023624420166, -0.2567104697227478], [-0.6921419501304626, -0.07458660751581192], [-0.8353057503700256, -0.2000865936279297], [-0.7472089529037476, 0.04951681196689606]]",False
early_neutral,4,1479,0.5071642785738087,-2,[0],"[[-0.9869909882545471, -0.00348730874247849], [-0.6286049485206604, -0.25553837418556213], [-0.6786299347877502, -0.07232815027236938], [-0.8353057503700256, -0.2000865936279297], [-0.7429965734481812, 0.04695075377821922]]",False
early_neutral,4,1480,0.5068310563145618,-2,[0],"[[-0.9869909882545471, -0.00348730874247849], [-0.6208226680755615, -0.25371038913726807], [-0.6647818088531494, -0.07089290022850037], [-0.8353057503700256, -0.2000865936279297], [-0.7402510643005371, 0.04395006224513054]]",False
early_neutral,4,1481,0.5064978340553149,-2,[0],"[[-0.9869909882545471, -0.00348730874247849], [-0.6174573302268982, -0.2504122257232666], [-0.651934027671814, -0.07007303088903427], [-0.8353057503700256, -0.2000865936279297], [-0.7389131188392639, 0.04046850651502609]]",False
early_neutral,4,1482,0.506164611796068,-2,[0],"[[-0.9869909882545471, -0.00348730874247849], [-0.6156488060951233, -0.2460639625787735], [-0.6430531740188599, -0.0695769339799881], [-0.8338935971260071, -0.19950371980667114], [-0.7389610409736633, 0.0366998128592968]]",False
early_neutral,4,1483,0.505831389536821,-2,[0],"[[-0.9869909882545471, -0.00348730874247849], [-0.6129553318023682, -0.24110499024391174], [-0.6352652311325073, -0.06907396018505096], [-0.8303601741790771, -0.1978108137845993], [-0.7399932742118835, 0.03293851763010025]]",False
early_neutral,4,1484,0.5054981672775741,-2,[0],"[[-0.9869909882545471, -0.00348730874247849], [-0.6095343232154846, -0.23566934466362], [-0.6304410696029663, -0.06705628335475922], [-0.8259905576705933, -0.1952560395002365], [-0.7414767742156982, 0.030683988705277443]]",False
early_neutral,4,1485,0.5051649450183272,-2,[0],"[[-0.9869909882545471, -0.00348730874247849], [-0.6055096983909607, -0.23029670119285583], [-0.6298027038574219, -0.06357460469007492], [-0.8207884430885315, -0.1919580101966858], [-0.7425041794776917, 0.03044162318110466]]",False
early_neutral,4,1486,0.5048317227590803,-2,[0],"[[-0.9869909882545471, -0.00348730874247849], [-0.6004853844642639, -0.2252931445837021], [-0.6297822594642639, -0.05917446315288544], [-0.8147496581077576, -0.1880575567483902], [-0.741590678691864, 0.03137701377272606]]",False
early_neutral,4,1487,0.5044985004998334,-2,[0],"[[-0.9869909882545471, -0.00348730874247849], [-0.594232439994812, -0.22108669579029083], [-0.6297701001167297, -0.05393624305725098], [-0.8081526756286621, -0.1837780773639679], [-0.7386941313743591, 0.033139340579509735]]",False
early_neutral,4,1488,0.5041652782405864,-2,[0],"[[-0.9852612018585205, -0.0028636178467422724], [-0.5863113403320312, -0.2186584770679474], [-0.6305124759674072, -0.048267144709825516], [-0.8010239005088806, -0.17926903069019318], [-0.7350395917892456, 0.0350932814180851]]",False
early_neutral,4,1489,0.5038320559813395,-2,[0],"[[-0.9812390804290771, -0.0017395152244716883], [-0.5777650475502014, -0.2170426994562149], [-0.6335474252700806, -0.045274198055267334], [-0.7932342290878296, -0.1744755655527115], [-0.7337305545806885, 0.03578435629606247]]",False
early_neutral,4,1490,0.5034988337220926,-2,[0],"[[-0.975627064704895, -0.0006533519481308758], [-0.5731673836708069, -0.21618704497814178], [-0.6360630393028259, -0.04303879290819168], [-0.7852529883384705, -0.16971780359745026], [-0.7337390780448914, 0.03585275635123253]]",True
early_neutral,4,1491,0.5031656114628457,-2,[0],"[[-0.9685837626457214, 0.0005539021803997457], [-0.5729518532752991, -0.21614745259284973], [-0.6377188563346863, -0.03997914120554924], [-0.776741087436676, -0.16479435563087463], [-0.7368091940879822, 0.035801831632852554]]",True
early_neutral,4,1492,0.5028323892035989,-2,[0],"[[-0.9602696895599365, 0.0018888369668275118], [-0.5729518532752991, -0.21614745259284973], [-0.6409780979156494, -0.03606005758047104], [-0.7677525877952576, -0.15961995720863342], [-0.7413678765296936, 0.03537280857563019]]",False
early_neutral,4,1493,0.5024991669443519,-2,[0],"[[-0.9541031718254089, 0.0028496894519776106], [-0.5729518532752991, -0.21614745259284973], [-0.645966649055481, -0.03195678070187569], [-0.7585402131080627, -0.1540955901145935], [-0.7469349503517151, 0.034606173634529114]]",False
early_neutral,4,1494,0.502165944685105,-2,[0],"[[-0.952800452709198, 0.0030526909977197647], [-0.5736681818962097, -0.2159007042646408], [-0.6512649655342102, -0.027228670194745064], [-0.7492411136627197, -0.1482519656419754], [-0.7517886161804199, 0.03485257551074028]]",False
early_neutral,4,1495,0.5018327224258581,-2,[0],"[[-0.953873872756958, 0.0029669010546058416], [-0.5770730376243591, -0.214919313788414], [-0.6563463807106018, -0.0221976600587368], [-0.7417062520980835, -0.14141833782196045], [-0.7549647688865662, 0.036571890115737915]]",False
early_neutral,4,1496,0.5014995001666112,-2,[0],"[[-0.9576746821403503, 0.0028746454045176506], [-0.5819300413131714, -0.21387843787670135], [-0.6620344519615173, -0.01690029539167881], [-0.7368457913398743, -0.13365349173545837], [-0.7547602653503418, 0.037349164485931396]]",False
early_neutral,4,1497,0.5011662779073642,-2,[0],"[[-0.9628250598907471, 0.0031604203395545483], [-0.584185779094696, -0.21339836716651917], [-0.6684780716896057, -0.011343147605657578], [-0.7321820259094238, -0.12562258541584015], [-0.7532398104667664, 0.038527827709913254]]",False
early_neutral,4,1498,0.5008330556481173,-2,[0],"[[-0.9690816402435303, 0.0038517708890140057], [-0.584185779094696, -0.21339836716651917], [-0.6751934885978699, -0.005790548399090767], [-0.727652370929718, -0.1173764243721962], [-0.7514964938163757, 0.040092844516038895]]",False
early_neutral,4,1499,0.5004998333888704,-2,[0],"[[-0.9753422141075134, 0.004813601728528738], [-0.584185779094696, -0.21339836716651917], [-0.6823880076408386, -1.8657108739716932e-05], [-0.7231652736663818, -0.10898012667894363], [-0.7491329908370972, 0.040163375437259674]]",False
early_neutral,4,1500,0.5001666111296235,-2,[0],"[[-0.979721188545227, 0.005545012187212706], [-0.584185779094696, -0.21339836716651917], [-0.6894194483757019, 0.005519235040992498], [-0.7184017896652222, -0.1005406379699707], [-0.7472972869873047, 0.039773598313331604]]",False
early_neutral,4,1501,0.49983338887037654,-2,[0],"[[-0.9811408519744873, 0.005654163658618927], [-0.5821561813354492, -0.21301166713237762], [-0.6962151527404785, 0.010843545198440552], [-0.7133956551551819, -0.09207790344953537], [-0.7459499835968018, 0.041382353752851486]]",False
early_neutral,4,1502,0.4995001666111296,-2,[0],"[[-0.9811863899230957, 0.005654249805957079], [-0.5780256986618042, -0.212384894490242], [-0.7018885612487793, 0.015268327668309212], [-0.7086120843887329, -0.0834985077381134], [-0.7421231269836426, 0.04273727908730507]]",False
early_neutral,4,1503,0.4991669443518827,-2,[0],"[[-0.9811863899230957, 0.005654249805957079], [-0.5724865198135376, -0.21175947785377502], [-0.7043883204460144, 0.017215033993124962], [-0.7041931748390198, -0.0747896060347557], [-0.7370782494544983, 0.04256447032094002]]",False
early_neutral,4,1504,0.49883372209263577,-2,[0],"[[-0.9811863899230957, 0.005654249805957079], [-0.565588116645813, -0.21099834144115448], [-0.7043839693069458, 0.01723450981080532], [-0.7005230188369751, -0.06690064817667007], [-0.7323356866836548, 0.041216205805540085]]",False
early_neutral,4,1505,0.49850049983338884,-2,[0],"[[-0.9811863899230957, 0.005654249805957079], [-0.5575165748596191, -0.21008461713790894], [-0.701607346534729, 0.017136454582214355], [-0.6986482739448547, -0.060876134783029556], [-0.7271385788917542, 0.0397273488342762]]",False
early_neutral,4,1506,0.498167277574142,-2,[0],"[[-0.9811863899230957, 0.005654249805957079], [-0.5509969592094421, -0.20916762948036194], [-0.6971487402915955, 0.01708214357495308], [-0.6976277828216553, -0.05538967624306679], [-0.7220796942710876, 0.03870739787817001]]",False
early_neutral,4,1507,0.49783405531489505,-2,[0],"[[-0.9811863899230957, 0.005654249805957079], [-0.5448198318481445, -0.20799946784973145], [-0.691365122795105, 0.017199084162712097], [-0.6972382068634033, -0.05121122673153877], [-0.720202624797821, 0.03633071854710579]]",False
early_neutral,4,1508,0.49750083305564813,-2,[0],"[[-0.9811863899230957, 0.005654249805957079], [-0.54022216796875, -0.20697104930877686], [-0.684295117855072, 0.017749227583408356], [-0.6971789002418518, -0.04705962538719177], [-0.7198746204376221, 0.03271246701478958]]",False
early_neutral,4,1509,0.4971676107964012,-2,[0],"[[-0.9811863899230957, 0.005654249805957079], [-0.5399096012115479, -0.20690006017684937], [-0.6765035390853882, 0.01886373944580555], [-0.6972146034240723, -0.04532073438167572], [-0.7198295593261719, 0.028195828199386597]]",False
early_neutral,4,1510,0.4968343885371543,-2,[0],"[[-0.9811863899230957, 0.005654249805957079], [-0.5399096012115479, -0.20690006017684937], [-0.670306384563446, 0.020015202462673187], [-0.6972146034240723, -0.04532073438167572], [-0.7200251817703247, 0.023272911086678505]]",False
early_neutral,4,1511,0.49650116627790736,-2,[0],"[[-0.9811863899230957, 0.005654249805957079], [-0.5399096012115479, -0.20690006017684937], [-0.6642091274261475, 0.02135036699473858], [-0.6972146034240723, -0.04532073438167572], [-0.7196959257125854, 0.018848232924938202]]",False
early_neutral,4,1512,0.49616794401866043,-2,[0],"[[-0.9811863899230957, 0.005654249805957079], [-0.5399096012115479, -0.20690006017684937], [-0.6589769721031189, 0.023892389610409737], [-0.6972070336341858, -0.04534069076180458], [-0.719753086566925, 0.013873223215341568]]",False
early_neutral,4,1513,0.4958347217594135,-2,[0],"[[-0.9811863899230957, 0.005654249805957079], [-0.5399096012115479, -0.20690006017684937], [-0.6553412675857544, 0.02828300930559635], [-0.6966131329536438, -0.046787962317466736], [-0.7201297879219055, 0.008386168628931046]]",False
early_neutral,4,1514,0.4955014995001666,-2,[0],"[[-0.9811810255050659, 0.005316142458468676], [-0.5399096012115479, -0.20690006017684937], [-0.6524319052696228, 0.03366682678461075], [-0.6957471370697021, -0.0484408475458622], [-0.7204715013504028, 0.003805957268923521]]",False
early_neutral,4,1515,0.4951682772409197,-2,[0],"[[-0.9813178777694702, 0.0030006335582584143], [-0.5406882762908936, -0.20675316452980042], [-0.6490164399147034, 0.03945187106728554], [-0.6948585510253906, -0.05005982518196106], [-0.7201591730117798, 0.0001950355217559263]]",False
early_neutral,4,1516,0.4948350549816728,-2,[0],"[[-0.981864869594574, -0.00022751007054466754], [-0.54427170753479, -0.20608828961849213], [-0.644752025604248, 0.04553866386413574], [-0.6942601203918457, -0.05091144144535065], [-0.7189868688583374, -0.002436460694298148]]",False
early_neutral,4,1517,0.49450183272242587,-2,[0],"[[-0.9822593927383423, -0.004308072384446859], [-0.5492682456970215, -0.20518310368061066], [-0.6404104232788086, 0.05089651420712471], [-0.6937257647514343, -0.05213967338204384], [-0.7180944085121155, -0.002923878375440836]]",True
early_neutral,4,1518,0.49416861046317895,-2,[0],"[[-0.9817118048667908, -0.008526142686605453], [-0.5556462407112122, -0.20402684807777405], [-0.6356967687606812, 0.056102219969034195], [-0.6933935284614563, -0.05310254916548729], [-0.7163225412368774, -0.0013208200689405203]]",True
early_neutral,4,1519,0.493835388203932,-2,[0],"[[-0.9801673293113708, -0.011966539546847343], [-0.5632984638214111, -0.20261265337467194], [-0.6311771273612976, 0.06063088774681091], [-0.6935059428215027, -0.054681986570358276], [-0.7143426537513733, 0.0014608713099732995]]",True
early_neutral,4,1520,0.4935021659446851,-2,[0],"[[-0.9772310256958008, -0.014033357612788677], [-0.5708750486373901, -0.20119164884090424], [-0.6278393268585205, 0.06459815055131912], [-0.6935339570045471, -0.05722595751285553], [-0.7121715545654297, 0.005201882217079401]]",True
early_neutral,4,1521,0.4931689436854382,-2,[0],"[[-0.9740484952926636, -0.015891313552856445], [-0.5736724734306335, -0.2006666213274002], [-0.625237762928009, 0.06873493641614914], [-0.69349205493927, -0.06059613451361656], [-0.7101181745529175, 0.009789223782718182]]",True
early_neutral,4,1522,0.49283572142619125,-2,[0],"[[-0.9709152579307556, -0.017550010234117508], [-0.5735595226287842, -0.20067991316318512], [-0.624521017074585, 0.07332774251699448], [-0.6927081942558289, -0.06476551294326782], [-0.7079595923423767, 0.0150526724755764]]",False
early_neutral,4,1523,0.49250249916694433,-2,[0],"[[-0.9675983190536499, -0.019049853086471558], [-0.5702601075172424, -0.20099472999572754], [-0.6260279417037964, 0.07852905243635178], [-0.6915709376335144, -0.06970340013504028], [-0.7057302594184875, 0.02082091197371483]]",True
early_neutral,4,1524,0.49216927690769746,-2,[0],"[[-0.964408814907074, -0.02033301442861557], [-0.5655196309089661, -0.20101000368595123], [-0.6275856494903564, 0.0843731239438057], [-0.6899657249450684, -0.07537616789340973], [-0.7038041353225708, 0.025142576545476913]]",True
early_neutral,4,1525,0.49183605464845054,-2,[0],"[[-0.9612513184547424, -0.021559637039899826], [-0.5594273209571838, -0.20067662000656128], [-0.6287094354629517, 0.09076492488384247], [-0.6880807876586914, -0.0814962163567543], [-0.7014986276626587, 0.029050078243017197]]",True
early_neutral,4,1526,0.4915028323892036,-2,[0],"[[-0.9581946134567261, -0.022699017077684402], [-0.5520052313804626, -0.200214684009552], [-0.6295088529586792, 0.09763874858617783], [-0.6860633492469788, -0.08808083087205887], [-0.6983951926231384, 0.032139647752046585]]",True
early_neutral,4,1527,0.4911696101299567,-2,[0],"[[-0.955906867980957, -0.023469798266887665], [-0.5434004068374634, -0.19962015748023987], [-0.6303098797798157, 0.10469494014978409], [-0.6840369701385498, -0.09468013048171997], [-0.6936102509498596, 0.032543715089559555]]",False
early_neutral,4,1528,0.49083638787070977,-2,[0],"[[-0.9556861519813538, -0.023536423221230507], [-0.5361908078193665, -0.19868142902851105], [-0.6311715841293335, 0.11213663220405579], [-0.6821424961090088, -0.10072452574968338], [-0.6876373291015625, 0.03202902525663376]]",False
early_neutral,4,1529,0.49050316561146284,-2,[0],"[[-0.9530906677246094, -0.02431139163672924], [-0.5307319760322571, -0.1965877115726471], [-0.6317150592803955, 0.1179705485701561], [-0.6803027987480164, -0.10659413784742355], [-0.683699369430542, 0.033546242862939835]]",False
early_neutral,4,1530,0.4901699433522159,-2,[0],"[[-0.9487696290016174, -0.02583783119916916], [-0.5264490842819214, -0.1944628655910492], [-0.6317759156227112, 0.12015752494335175], [-0.6782063841819763, -0.11242585629224777], [-0.6818345189094543, 0.03701896592974663]]",False
early_neutral,4,1531,0.489836721092969,-2,[0],"[[-0.943342387676239, -0.02806994691491127], [-0.524224579334259, -0.19098928570747375], [-0.6319964528083801, 0.11914149671792984], [-0.6752176284790039, -0.11653303354978561], [-0.679985523223877, 0.04102567583322525]]",False
early_neutral,4,1532,0.4895034988337221,-2,[0],"[[-0.9366783499717712, -0.030703706666827202], [-0.5217635035514832, -0.18552377820014954], [-0.6324417591094971, 0.11634345352649689], [-0.6711122989654541, -0.11850322782993317], [-0.677956223487854, 0.0449984148144722]]",False
early_neutral,4,1533,0.48917027657447515,-2,[0],"[[-0.9288342595100403, -0.03355328366160393], [-0.519271731376648, -0.17968632280826569], [-0.6327638030052185, 0.11257851868867874], [-0.6651782989501953, -0.11910822987556458], [-0.6757319569587708, 0.04892658814787865]]",False
early_neutral,4,1534,0.4888370543152283,-2,[0],"[[-0.9204728603363037, -0.03646503761410713], [-0.5170237421989441, -0.17430435121059418], [-0.6326483488082886, 0.1086600124835968], [-0.6579115986824036, -0.11852773278951645], [-0.6732296347618103, 0.05278311297297478]]",False
early_neutral,4,1535,0.48850383205598136,-2,[0],"[[-0.9113654494285583, -0.0396093986928463], [-0.5168442726135254, -0.1689111739397049], [-0.6314181685447693, 0.10556560754776001], [-0.6497368216514587, -0.11718916893005371], [-0.6704273223876953, 0.05654201656579971]]",False
early_neutral,4,1536,0.48817060979673443,-2,[0],"[[-0.9023799896240234, -0.04259386286139488], [-0.5162869691848755, -0.16411641240119934], [-0.6304179430007935, 0.10464354604482651], [-0.6418163180351257, -0.11397445946931839], [-0.6666011810302734, 0.058175988495349884]]",False
early_neutral,4,1537,0.4878373875374875,-2,[0],"[[-0.8971734642982483, -0.043797411024570465], [-0.5153623819351196, -0.160692036151886], [-0.6291994452476501, 0.10649412125349045], [-0.6342551112174988, -0.10961528867483139], [-0.6619508266448975, 0.056691449135541916]]",False
early_neutral,4,1538,0.4875041652782406,-2,[0],"[[-0.8948521614074707, -0.043677590787410736], [-0.5144197344779968, -0.1586473435163498], [-0.6275646686553955, 0.1091967448592186], [-0.6264667510986328, -0.1050875186920166], [-0.6572266221046448, 0.0537477508187294]]",False
early_neutral,4,1539,0.48717094301899366,-2,[0],"[[-0.8926244378089905, -0.04358088970184326], [-0.5132755041122437, -0.15880931913852692], [-0.6274808645248413, 0.1129288524389267], [-0.6180741786956787, -0.10029665380716324], [-0.6517522931098938, 0.05007798597216606]]",False
early_neutral,4,1540,0.48683772075974674,-2,[0],"[[-0.8930736184120178, -0.04058496654033661], [-0.5106241703033447, -0.16037102043628693], [-0.6284562349319458, 0.11744295805692673], [-0.6090761423110962, -0.09530392289161682], [-0.6456243395805359, 0.045792147517204285]]",False
early_neutral,4,1541,0.4865044985004998,-2,[0],"[[-0.8949823975563049, -0.03563084080815315], [-0.5071227550506592, -0.16273479163646698], [-0.6295684576034546, 0.12253832072019577], [-0.5993643403053284, -0.09029983729124069], [-0.6395138502120972, 0.04198119416832924]]",False
early_neutral,4,1542,0.4861712762412529,-2,[0],"[[-0.8966792821884155, -0.02988004870712757], [-0.5027695894241333, -0.16585299372673035], [-0.6308314800262451, 0.1283145248889923], [-0.5890161395072937, -0.0853627473115921], [-0.6366443037986755, 0.03827350586652756]]",False
early_neutral,4,1543,0.485838053982006,-2,[0],"[[-0.8982856273651123, -0.02353183925151825], [-0.4978121817111969, -0.16959336400032043], [-0.6321735978126526, 0.13444571197032928], [-0.5780659914016724, -0.08059374243021011], [-0.634999692440033, 0.03425443917512894]]",False
early_neutral,4,1544,0.4855048317227591,-2,[0],"[[-0.8999161720275879, -0.01663259230554104], [-0.49220311641693115, -0.17393773794174194], [-0.633634090423584, 0.14111553132534027], [-0.5665331482887268, -0.07609737664461136], [-0.6314035654067993, 0.03221549093723297]]",False
early_neutral,4,1545,0.4851716094635122,-2,[0],"[[-0.9015471935272217, -0.009258397854864597], [-0.48636728525161743, -0.1785576343536377], [-0.6351998448371887, 0.14826196432113647], [-0.5545663237571716, -0.07182363420724869], [-0.6256255507469177, 0.032423969358205795]]",False
early_neutral,4,1546,0.48483838720426525,-2,[0],"[[-0.9031593203544617, -0.0014638743596151471], [-0.48050886392593384, -0.18316611647605896], [-0.6368315815925598, 0.15570762753486633], [-0.5422038435935974, -0.06782066076993942], [-0.6193975210189819, 0.034124504774808884]]",False
early_neutral,4,1547,0.48450516494501833,-2,[0],"[[-0.9046957492828369, 0.006665995344519615], [-0.4746086895465851, -0.18775193393230438], [-0.6384651064872742, 0.16316021978855133], [-0.5295898914337158, -0.06397482007741928], [-0.6130736470222473, 0.03725787252187729]]",False
early_neutral,4,1548,0.4841719426857714,-2,[0],"[[-0.9061722159385681, 0.015054898336529732], [-0.4686509072780609, -0.19230614602565765], [-0.6399344205856323, 0.16941142082214355], [-0.5169052481651306, -0.06008654832839966], [-0.6059718728065491, 0.0408344641327858]]",False
early_neutral,4,1549,0.4838387204265245,-2,[0],"[[-0.9075468182563782, 0.023646045476198196], [-0.46262288093566895, -0.19682098925113678], [-0.6407673358917236, 0.17437900602817535], [-0.5041835308074951, -0.056143518537282944], [-0.5986599922180176, 0.044742126017808914]]",False
early_neutral,4,1550,0.48350549816727756,-2,[0],"[[-0.9086707830429077, 0.032400358468294144], [-0.45652833580970764, -0.20129792392253876], [-0.640813410282135, 0.18002600967884064], [-0.49152639508247375, -0.052036065608263016], [-0.5910071730613708, 0.049256227910518646]]",False
early_neutral,4,1551,0.48317227590803064,-2,[0],"[[-0.909217357635498, 0.041289933025836945], [-0.45037904381752014, -0.2057429999113083], [-0.6404593586921692, 0.1862151026725769], [-0.47896814346313477, -0.04774564877152443], [-0.5834807753562927, 0.054162848740816116]]",False
early_neutral,4,1552,0.4828390536487837,-2,[0],"[[-0.9092480540275574, 0.04995786398649216], [-0.4442683756351471, -0.2100926786661148], [-0.6400681734085083, 0.19289159774780273], [-0.46654006838798523, -0.043256595730781555], [-0.576056718826294, 0.05960359424352646]]",False
early_neutral,4,1553,0.48250583138953684,-2,[0],"[[-0.9086875915527344, 0.0573197677731514], [-0.4396985173225403, -0.21327848732471466], [-0.6396777629852295, 0.20000113546848297], [-0.45427048206329346, -0.038557086139917374], [-0.56863933801651, 0.06558608263731003]]",True
early_neutral,4,1554,0.4821726091302899,-2,[0],"[[-0.9075621366500854, 0.0646086260676384], [-0.4352474808692932, -0.21630148589611053], [-0.6394081711769104, 0.20663751661777496], [-0.44236716628074646, -0.033462103456258774], [-0.5616982579231262, 0.0717734694480896]]",False
early_neutral,4,1555,0.481839386871043,-2,[0],"[[-0.906453549861908, 0.07070077955722809], [-0.4303428828716278, -0.21946942806243896], [-0.6392681002616882, 0.2117638885974884], [-0.4316210448741913, -0.027366086840629578], [-0.5565944314002991, 0.07619132101535797]]",False
early_neutral,4,1556,0.4815061646117961,-2,[0],"[[-0.9059962630271912, 0.07321351766586304], [-0.42427441477775574, -0.2230173498392105], [-0.6391587853431702, 0.21576426923274994], [-0.42230644822120667, -0.020404713228344917], [-0.5513907074928284, 0.07792499661445618]]",False
early_neutral,4,1557,0.48117294235254915,-2,[0],"[[-0.9051587581634521, 0.07249217480421066], [-0.4175499379634857, -0.22659091651439667], [-0.6382262110710144, 0.21902647614479065], [-0.41489914059638977, -0.014508930966258049], [-0.5503063201904297, 0.07816167175769806]]",False
early_neutral,4,1558,0.4808397200933022,-2,[0],"[[-0.9032207131385803, 0.07022302597761154], [-0.4123094975948334, -0.2290702611207962], [-0.6355205774307251, 0.22026680409908295], [-0.4106811285018921, -0.011210921220481396], [-0.5519241094589233, 0.07770675420761108]]",False
early_neutral,4,1559,0.4805064978340553,-2,[0],"[[-0.9012830853462219, 0.06693671643733978], [-0.40690678358078003, -0.23134265840053558], [-0.6310791969299316, 0.21988774836063385], [-0.410042941570282, -0.010711989365518093], [-0.5535520911216736, 0.07727012038230896]]",False
early_neutral,4,1560,0.4801732755748084,-2,[0],"[[-0.8990912437438965, 0.06273165345191956], [-0.40412211418151855, -0.23244944214820862], [-0.6253008246421814, 0.21881568431854248], [-0.410042941570282, -0.010711989365518093], [-0.5548092126846313, 0.07695124298334122]]",False
early_neutral,4,1561,0.47984005331556145,-2,[0],"[[-0.8965603709220886, 0.057711679488420486], [-0.40412211418151855, -0.23244944214820862], [-0.6193692088127136, 0.21719928085803986], [-0.41046473383903503, -0.010385395959019661], [-0.5531238317489624, 0.07806412130594254]]",False
early_neutral,4,1562,0.4795068310563146,-2,[0],"[[-0.8937468528747559, 0.05204685404896736], [-0.40354230999946594, -0.2318292111158371], [-0.6135745048522949, 0.21542464196681976], [-0.41293609142303467, -0.008397447876632214], [-0.5501517057418823, 0.0792473629117012]]",True
early_neutral,4,1563,0.47917360879706766,-2,[0],"[[-0.8906388878822327, 0.04585586488246918], [-0.40118780732154846, -0.22983238101005554], [-0.6078830361366272, 0.2136615514755249], [-0.41623222827911377, -0.0055838171392679214], [-0.5461169481277466, 0.07988008856773376]]",True
early_neutral,4,1564,0.47884038653782074,-2,[0],"[[-0.8869981169700623, 0.039493657648563385], [-0.3973610997200012, -0.22742503881454468], [-0.6020860075950623, 0.2118454873561859], [-0.4187868535518646, -0.003321208292618394], [-0.540775716304779, 0.08017580956220627]]",True
early_neutral,4,1565,0.4785071642785738,-2,[0],"[[-0.8805397152900696, 0.034548718482255936], [-0.3928152024745941, -0.22490987181663513], [-0.5962777137756348, 0.21020469069480896], [-0.41859719157218933, -0.003104271600022912], [-0.534517765045166, 0.07981735467910767]]",True
early_neutral,4,1566,0.4781739420193269,-2,[0],"[[-0.8720555901527405, 0.03029843233525753], [-0.3879531919956207, -0.22235900163650513], [-0.5904395580291748, 0.2089635282754898], [-0.41636064648628235, -0.001826649415306747], [-0.5272702574729919, 0.07853624224662781]]",True
early_neutral,4,1567,0.47784071976007997,-2,[0],"[[-0.8647434711456299, 0.02722034975886345], [-0.38284286856651306, -0.2198156714439392], [-0.5841677188873291, 0.20803675055503845], [-0.41333892941474915, 0.000116454713861458], [-0.5187863707542419, 0.07853388041257858]]",True
early_neutral,4,1568,0.47750749750083304,-2,[0],"[[-0.8575084805488586, 0.0248953178524971], [-0.3802659511566162, -0.21843722462654114], [-0.577838659286499, 0.2074856013059616], [-0.4086752235889435, 0.002066360553726554], [-0.5094920992851257, 0.07855900377035141]]",True
early_neutral,4,1569,0.4771742752415861,-2,[0],"[[-0.8509712219238281, 0.02329857461154461], [-0.38019993901252747, -0.2183649241924286], [-0.5716930627822876, 0.20728960633277893], [-0.4027644693851471, 0.0032578373793512583], [-0.5001488924026489, 0.078653983771801]]",True
early_neutral,4,1570,0.4768410529823392,-2,[0],"[[-0.8450440168380737, 0.022407634183764458], [-0.3786942958831787, -0.21657678484916687], [-0.5652649998664856, 0.2074352502822876], [-0.3965456485748291, 0.004301517270505428], [-0.4909142553806305, 0.07815921306610107]]",True
early_neutral,4,1571,0.47650783072309233,-2,[0],"[[-0.8393235206604004, 0.0219965111464262], [-0.3766382336616516, -0.2137894183397293], [-0.5588691830635071, 0.20788466930389404], [-0.39020591974258423, 0.005004489794373512], [-0.48183712363243103, 0.07666751742362976]]",True
early_neutral,4,1572,0.4761746084638454,-2,[1],"[[-0.8365381956100464, 0.022023499011993408], [-0.37399888038635254, -0.21019291877746582], [-0.5526267886161804, 0.20839747786521912], [-0.38378965854644775, 0.005289109889417887], [-0.47264617681503296, 0.07670909911394119]]",True
early_neutral,4,1573,0.4758413862045985,-2,[1],"[[-0.836201548576355, 0.022051557898521423], [-0.37067869305610657, -0.206608846783638], [-0.5462716221809387, 0.20896528661251068], [-0.3773602247238159, 0.005178847815841436], [-0.4632801413536072, 0.07674576342105865]]",True
early_neutral,4,1574,0.47550816394535156,-2,[1],"[[-0.833799421787262, 0.022371305152773857], [-0.3668437898159027, -0.20326538383960724], [-0.5399066209793091, 0.20956839621067047], [-0.37097272276878357, 0.0046896301209926605], [-0.45357587933540344, 0.07653705030679703]]",True
early_neutral,4,1575,0.47517494168610463,-2,[1],"[[-0.8293218016624451, 0.022779200226068497], [-0.36273717880249023, -0.2002992182970047], [-0.5336084961891174, 0.2100653201341629], [-0.3646693229675293, 0.003855044487863779], [-0.4448160231113434, 0.07577121257781982]]",True
early_neutral,4,1576,0.4748417194268577,-2,[1],"[[-0.8245574831962585, 0.023006660863757133], [-0.35807645320892334, -0.1975020319223404], [-0.5272846817970276, 0.21042431890964508], [-0.3584635853767395, 0.0027528484351933002], [-0.4349292516708374, 0.07565835863351822]]",True
early_neutral,4,1577,0.4745084971676108,-2,[1],"[[-0.8191708326339722, 0.023124145343899727], [-0.3529777228832245, -0.19496144354343414], [-0.520860493183136, 0.21065036952495575], [-0.3523768186569214, 0.0013981970259919763], [-0.4244353175163269, 0.07571195065975189]]",True
early_neutral,4,1578,0.47417527490836386,-2,[1],"[[-0.8137766718864441, 0.0231273602694273], [-0.34774917364120483, -0.19289317727088928], [-0.5144617557525635, 0.21078753471374512], [-0.3463785648345947, -0.00011555262608453631], [-0.41340774297714233, 0.07583250850439072]]",True
early_neutral,4,1579,0.47384205264911694,-2,[1],"[[-0.8077288269996643, 0.02305745519697666], [-0.34213826060295105, -0.1912221610546112], [-0.5081601142883301, 0.21086357533931732], [-0.34046265482902527, -0.001760715851560235], [-0.40172842144966125, 0.07601144909858704]]",True
early_neutral,4,1580,0.47350883038987,-2,[1],"[[-0.8012962341308594, 0.022976264357566833], [-0.336026132106781, -0.18992218375205994], [-0.5017263889312744, 0.21088171005249023], [-0.33461132645606995, -0.003501356579363346], [-0.38946428894996643, 0.07618338614702225]]",True
early_neutral,4,1581,0.47317560813062315,-2,[1],"[[-0.7956892848014832, 0.022901011630892754], [-0.32987257838249207, -0.18904250860214233], [-0.4952968657016754, 0.21087174117565155], [-0.328797847032547, -0.005294863600283861], [-0.3768194913864136, 0.07631132751703262]]",True
early_neutral,4,1582,0.4728423858713762,-2,[1],"[[-0.7921972870826721, 0.022859342396259308], [-0.3237466812133789, -0.1885325014591217], [-0.48901841044425964, 0.2108726054430008], [-0.3230085074901581, -0.007121244445443153], [-0.3651171624660492, 0.0774160623550415]]",True
early_neutral,4,1583,0.4725091636121293,-2,[1],"[[-0.7886877059936523, 0.02282337285578251], [-0.3173200488090515, -0.18836550414562225], [-0.4825846254825592, 0.2108842432498932], [-0.3171713948249817, -0.008881872519850731], [-0.3526938259601593, 0.0780969113111496]]",True
early_neutral,4,1584,0.4721759413528824,-2,[1],"[[-0.7842862010002136, 0.022814517840743065], [-0.31089234352111816, -0.18853004276752472], [-0.47615110874176025, 0.2109101414680481], [-0.3112781047821045, -0.010561353527009487], [-0.3395039141178131, 0.07810544222593307]]",True
early_neutral,4,1585,0.47184271909363545,-2,[1],"[[-0.7796699404716492, 0.02285880781710148], [-0.30449378490448, -0.18896110355854034], [-0.4698774814605713, 0.21095725893974304], [-0.3052705228328705, -0.012057957239449024], [-0.32608795166015625, 0.07804588228464127]]",True
early_neutral,4,1586,0.47150949683438853,-2,[1],"[[-0.7745845913887024, 0.0229621734470129], [-0.2981444299221039, -0.18963521718978882], [-0.4634445905685425, 0.21102844178676605], [-0.29913201928138733, -0.013309582136571407], [-0.31246259808540344, 0.07787854224443436]]",True
early_neutral,4,1587,0.4711762745751416,-2,[1],"[[-0.7685938477516174, 0.023134306073188782], [-0.2918176054954529, -0.19039541482925415], [-0.45701441168785095, 0.21113231778144836], [-0.29289519786834717, -0.01433638297021389], [-0.29867613315582275, 0.07767956703901291]]",True
early_neutral,4,1588,0.4708430523158947,-2,[1],"[[-0.7629321813583374, 0.023342696949839592], [-0.2855069041252136, -0.19121035933494568], [-0.4507322311401367, 0.21131382882595062], [-0.28659921884536743, -0.015197092667222023], [-0.2847644090652466, 0.07752373069524765]]",True
early_neutral,4,1589,0.47050983005664776,-2,[1],"[[-0.7601011395454407, 0.023514078930020332], [-0.2792009115219116, -0.19204071164131165], [-0.4443318247795105, 0.21158811450004578], [-0.28025534749031067, -0.015892991796135902], [-0.2707742154598236, 0.07641452550888062]]",True
early_neutral,4,1590,0.4701766077974009,-2,[1],"[[-0.7597606182098389, 0.02354307658970356], [-0.2728897035121918, -0.19285428524017334], [-0.4379235506057739, 0.2119528353214264], [-0.27387410402297974, -0.016422931104898453], [-0.25680866837501526, 0.07513244450092316]]",True
early_neutral,4,1591,0.46984338553815397,-2,[1],"[[-0.7573285698890686, 0.023745398968458176], [-0.2665722668170929, -0.193644180893898], [-0.4316137731075287, 0.21241450309753418], [-0.2675122916698456, -0.016783788800239563], [-0.2433604747056961, 0.07511569559574127]]",True
early_neutral,4,1592,0.46951016327890704,-2,[1],"[[-0.752575695514679, 0.023897165432572365], [-0.26039689779281616, -0.1943691372871399], [-0.42532506585121155, 0.21298274397850037], [-0.2612214684486389, -0.016974719241261482], [-0.22993315756320953, 0.0751713439822197]]",True
early_neutral,4,1593,0.4691769410196601,-2,[1],"[[-0.7466142177581787, 0.02373461239039898], [-0.25405353307724, -0.19506315886974335], [-0.41897761821746826, 0.21366050839424133], [-0.25478821992874146, -0.017003042623400688], [-0.2162998914718628, 0.07536343485116959]]",True
early_neutral,4,1594,0.4688437187604132,-2,[1],"[[-0.7409682869911194, 0.023434065282344818], [-0.247697114944458, -0.1957002878189087], [-0.4127018451690674, 0.21417304873466492], [-0.24774307012557983, -0.016873423010110855], [-0.20298448204994202, 0.0759800374507904]]",True
early_neutral,4,1595,0.4685104965011663,-2,[1],"[[-0.7353354096412659, 0.02304266393184662], [-0.241432785987854, -0.1962139904499054], [-0.4064304828643799, 0.21437843143939972], [-0.23943932354450226, -0.01655585691332817], [-0.19076170027256012, 0.07740935683250427]]",True
early_neutral,4,1596,0.46817727424191935,-2,[1],"[[-0.7297971844673157, 0.02398063987493515], [-0.23507951200008392, -0.1966068297624588], [-0.39999982714653015, 0.2142813503742218], [-0.2303212732076645, -0.01603568345308304], [-0.17791259288787842, 0.07820300757884979]]",True
early_neutral,4,1597,0.4678440519826724,-2,[1],"[[-0.7251536846160889, 0.02671167626976967], [-0.22866004705429077, -0.1968763917684555], [-0.3934742510318756, 0.21299414336681366], [-0.2211846113204956, -0.015386213548481464], [-0.16586877405643463, 0.08015307039022446]]",True
early_neutral,4,1598,0.4675108297234255,-2,[1],"[[-0.7217493057250977, 0.029672900214791298], [-0.2222924381494522, -0.1970156729221344], [-0.386465847492218, 0.21043597161769867], [-0.21207034587860107, -0.014614926651120186], [-0.1543891429901123, 0.08306921273469925]]",True
early_neutral,4,1599,0.46717760746417863,-2,[1],"[[-0.7207412719726562, 0.03057790920138359], [-0.21597029268741608, -0.19702480733394623], [-0.3784889578819275, 0.20770962536334991], [-0.20298832654953003, -0.013697056099772453], [-0.1425107717514038, 0.08606453984975815]]",True
early_neutral,4,1600,0.4668443852049317,-2,[1],"[[-0.7206692695617676, 0.03066612407565117], [-0.20953939855098724, -0.1969044804573059], [-0.36998435854911804, 0.20544709265232086], [-0.19394803047180176, -0.012618863955140114], [-0.130251944065094, 0.08907758444547653]]",True
early_neutral,4,1601,0.4665111629456848,-2,[1],"[[-0.7233901619911194, 0.030200399458408356], [-0.20313097536563873, -0.19668996334075928], [-0.3611926734447479, 0.20371045172214508], [-0.18469928205013275, -0.011325703002512455], [-0.11771615594625473, 0.09213485568761826]]",True
early_neutral,4,1602,0.46617794068643786,-2,[1],"[[-0.7276285886764526, 0.029242102056741714], [-0.19685715436935425, -0.1964150220155716], [-0.3521769940853119, 0.20256158709526062], [-0.17468877136707306, -0.009694777429103851], [-0.10504896938800812, 0.09481977671384811]]",True
early_neutral,4,1603,0.46584471842719094,-2,[1],"[[-0.7330271601676941, 0.027754489332437515], [-0.19044551253318787, -0.19606813788414001], [-0.34302520751953125, 0.20203913748264313], [-0.16403229534626007, -0.007724061608314514], [-0.09251293540000916, 0.09649670124053955]]",True
early_neutral,4,1604,0.465511496167944,-2,[1],"[[-0.7393479347229004, 0.025970354676246643], [-0.18354375660419464, -0.19564402103424072], [-0.3338346779346466, 0.20199579000473022], [-0.15275317430496216, -0.005527714267373085], [-0.08015774935483932, 0.09891636669635773]]",True
early_neutral,4,1605,0.4651782739086971,-2,[1],"[[-0.7463746666908264, 0.023953381925821304], [-0.175364688038826, -0.19512353837490082], [-0.3246440291404724, 0.20205451548099518], [-0.14097338914871216, -0.003121019806712866], [-0.06783028692007065, 0.09994948655366898]]",True
early_neutral,4,1606,0.46484505164945017,-2,[1],"[[-0.7540715932846069, 0.02170691266655922], [-0.16628138720989227, -0.1945304423570633], [-0.3154548704624176, 0.20217745006084442], [-0.12875232100486755, -0.0006477474234998226], [-0.0554383210837841, 0.10007786750793457]]",True
early_neutral,4,1607,0.46451182939020325,-2,[1],"[[-0.7625463008880615, 0.019212059676647186], [-0.1571335643529892, -0.1939503252506256], [-0.3062652051448822, 0.2021031677722931], [-0.1177765503525734, 0.0013155395863577724], [-0.042667072266340256, 0.10026802867650986]]",True
early_neutral,4,1608,0.4641786071309563,-2,[1],"[[-0.7718198299407959, 0.016470571979880333], [-0.14798231422901154, -0.19339358806610107], [-0.29709023237228394, 0.20175671577453613], [-0.108746737241745, 0.0024255996104329824], [-0.0295436829328537, 0.10057185590267181]]",True
early_neutral,4,1609,0.46384538487170945,-2,[1],"[[-0.7816295623779297, 0.013562805950641632], [-0.1388285756111145, -0.19285430014133453], [-0.2877986431121826, 0.20100855827331543], [-0.09962842613458633, 0.0031722497660666704], [-0.01614576019346714, 0.10091934353113174]]",True
early_neutral,4,1610,0.46351216261246253,-2,[1],"[[-0.791813850402832, 0.010539460927248001], [-0.12967310845851898, -0.192327618598938], [-0.2778976261615753, 0.19970886409282684], [-0.09047062695026398, 0.0036773013416677713], [-0.002664285246282816, 0.10095515102148056]]",True
early_neutral,4,1611,0.4631789403532156,-2,[1],"[[-0.8023321628570557, 0.007413208484649658], [-0.12051615118980408, -0.19181200861930847], [-0.2675851881504059, 0.19778428971767426], [-0.08133445680141449, 0.003957873210310936], [0.010286731645464897, 0.09947379678487778]]",True
early_neutral,4,1612,0.4628457180939687,-2,[1],"[[-0.8106213212013245, 0.004947333596646786], [-0.11135847121477127, -0.1913018524646759], [-0.25742900371551514, 0.19530095160007477], [-0.07445617020130157, 0.00411955127492547], [0.02381693758070469, 0.0994233787059784]]",True
early_neutral,4,1613,0.46251249583472176,-2,[1],"[[-0.8178818821907043, 0.002785306191071868], [-0.10220006853342056, -0.19079720973968506], [-0.2469893991947174, 0.19218134880065918], [-0.06802786141633987, 0.004292877856642008], [0.037154410034418106, 0.09945917129516602]]",True
early_neutral,4,1614,0.46217927357547484,-2,[1],"[[-0.8230106234550476, 0.0013036529999226332], [-0.093039371073246, -0.19031058251857758], [-0.23696684837341309, 0.18805348873138428], [-0.061600636690855026, 0.004466654267162085], [0.050182223320007324, 0.09959293901920319]]",True
early_neutral,4,1615,0.4618460513162279,-2,[1],"[[-0.8246115446090698, 0.0009648239938542247], [-0.0838758572936058, -0.1898469477891922], [-0.23024457693099976, 0.18206292390823364], [-0.055329881608486176, 0.004589423071593046], [0.061777424067258835, 0.09979855269193649]]",True
early_neutral,4,1616,0.461512829056981,-2,[1],"[[-0.8246572613716125, 0.0009574436116963625], [-0.07471068203449249, -0.18939748406410217], [-0.2255517542362213, 0.17494720220565796], [-0.0488971471786499, 0.004665088839828968], [0.07232154905796051, 0.10044613480567932]]",True
early_neutral,4,1617,0.46117960679773407,-2,[1],"[[-0.8246572613716125, 0.0009574436116963625], [-0.06554564833641052, -0.1889466494321823], [-0.21994313597679138, 0.1677331179380417], [-0.04246354103088379, 0.004697211552411318], [0.07976929098367691, 0.10158177465200424]]",False
early_neutral,4,1618,0.4608463845384872,-2,[1],"[[-0.8246572613716125, 0.0009574436116963625], [-0.05638176575303078, -0.18848620355129242], [-0.21319043636322021, 0.16062626242637634], [-0.03617047891020775, 0.004718333017081022], [0.08688277751207352, 0.10255585610866547]]",False
early_neutral,4,1619,0.4605131622792403,-2,[1],"[[-0.8246572613716125, 0.0009574436116963625], [-0.04722682759165764, -0.18795613944530487], [-0.20478427410125732, 0.1544032096862793], [-0.02975505031645298, 0.004733674228191376], [0.09398461133241653, 0.10329551249742508]]",False
early_neutral,4,1620,0.46017994001999335,-2,[1],"[[-0.8246572613716125, 0.0009574436116963625], [-0.03808390721678734, -0.1873445361852646], [-0.19416022300720215, 0.15029819309711456], [-0.023322999477386475, 0.004734729882329702], [0.10180395096540451, 0.10396600514650345]]",False
early_neutral,4,1621,0.4598467177607464,-2,[1],"[[-0.8246572613716125, 0.0009574436116963625], [-0.02896268665790558, -0.1866094321012497], [-0.18253841996192932, 0.14701832830905914], [-0.016981519758701324, 0.004624051507562399], [0.11077701300382614, 0.10463744401931763]]",False
early_neutral,4,1622,0.4595134955014995,-2,[1],"[[-0.8246572613716125, 0.0009574436116963625], [-0.019874708727002144, -0.1857168823480606], [-0.17008525133132935, 0.1460244357585907], [-0.01064516045153141, 0.004371657036244869], [0.12037649005651474, 0.10523663461208344]]",False
early_neutral,4,1623,0.4591802732422526,-2,[1],"[[-0.8246572613716125, 0.0009574436116963625], [-0.010822487995028496, -0.18468132615089417], [-0.15725737810134888, 0.14635248482227325], [-0.004241087008267641, 0.003974332939833403], [0.13054600358009338, 0.1059325560927391]]",False
early_neutral,4,1624,0.45884705098300566,-2,[1],"[[-0.8246572613716125, 0.0009574436116963625], [-0.001796990167349577, -0.1835511475801468], [-0.14420168101787567, 0.14739438891410828], [0.0020890808664262295, 0.003424623981118202], [0.14119771122932434, 0.10676368325948715]]",False
early_neutral,4,1625,0.45851382872375873,-2,[1],"[[-0.8246572613716125, 0.0009574436116963625], [0.007069926243275404, -0.1823514997959137], [-0.13114623725414276, 0.14939263463020325], [0.008293159306049347, 0.002720447024330497], [0.15061479806900024, 0.108766108751297]]",False
early_neutral,4,1626,0.4581806064645118,-2,[1],"[[-0.8246572613716125, 0.0009574436116963625], [0.013621910475194454, -0.18144869804382324], [-0.11811496317386627, 0.15195722877979279], [0.014582239091396332, 0.0018386951414868236], [0.15902557969093323, 0.11231087148189545]]",False
early_neutral,4,1627,0.4578473842052649,-2,[1],"[[-0.8246572613716125, 0.0009574436116963625], [0.01991768553853035, -0.1805860847234726], [-0.10514344274997711, 0.1549569070339203], [0.018405085429549217, 0.0012844797456637025], [0.1672424077987671, 0.11562567949295044]]",False
early_neutral,4,1628,0.457514161946018,-2,[0],"[[-0.8246572613716125, 0.0009574436116963625], [0.025476418435573578, -0.179827019572258], [-0.09231910854578018, 0.15778270363807678], [0.018465233966708183, 0.0012569837272167206], [0.17625539004802704, 0.11735419929027557]]",False
early_neutral,4,1629,0.4571809396867711,-2,[0],"[[-0.8246572613716125, 0.0009574436116963625], [0.02802213281393051, -0.17947940528392792], [-0.08163934201002121, 0.15862785279750824], [0.018042590469121933, -0.0005323339137248695], [0.18593430519104004, 0.11788693070411682]]",False
early_neutral,4,1630,0.45684771742752417,-2,[0],"[[-0.8246572613716125, 0.0009574436116963625], [0.026590289548039436, -0.17955544590950012], [-0.07464661449193954, 0.15714263916015625], [0.01701974868774414, -0.0033649220131337643], [0.19467568397521973, 0.11807475984096527]]",False
early_neutral,4,1631,0.45651449516827725,-2,[0],"[[-0.8246572613716125, 0.0009574436116963625], [0.022711435332894325, -0.17954696714878082], [-0.06888504326343536, 0.15527960658073425], [0.015176616609096527, -0.006952543742954731], [0.2030891329050064, 0.11798381805419922]]",False
early_neutral,4,1632,0.4561812729090303,-2,[0],"[[-0.8246572613716125, 0.0009574436116963625], [0.017784660682082176, -0.17870330810546875], [-0.06306403130292892, 0.15349656343460083], [0.012452216818928719, -0.010937739163637161], [0.2099643498659134, 0.11745487153530121]]",False
early_neutral,4,1633,0.4558480506497834,-2,[0],"[[-0.8246572613716125, 0.0009574436116963625], [0.013689905405044556, -0.17576658725738525], [-0.058072205632925034, 0.1531171053647995], [0.008709383197128773, -0.01524051371961832], [0.21330156922340393, 0.11696138978004456]]",False
early_neutral,4,1634,0.4555148283905365,-2,[0],"[[-0.8246572613716125, 0.0009574436116963625], [0.010872257873415947, -0.172031968832016], [-0.05542106181383133, 0.15578404068946838], [0.003925689496099949, -0.01967437192797661], [0.21294279396533966, 0.1167755126953125]]",False
early_neutral,4,1635,0.45518160613128955,-2,[0],"[[-0.8246572613716125, 0.0009574436116963625], [0.011597312055528164, -0.1694534569978714], [-0.05498010292649269, 0.15982124209403992], [-0.002315399469807744, -0.024071238934993744], [0.20937439799308777, 0.11613736301660538]]",False
early_neutral,4,1636,0.4548483838720426,-2,[0],"[[-0.8246572613716125, 0.0009574436116963625], [0.016172336414456367, -0.1683731973171234], [-0.057166509330272675, 0.16449642181396484], [-0.010100340470671654, -0.028133267536759377], [0.20425595343112946, 0.11565535515546799]]",False
early_neutral,4,1637,0.45451516161279576,-2,[0],"[[-0.8246572613716125, 0.0009574436116963625], [0.020892493426799774, -0.16724161803722382], [-0.06026863679289818, 0.1697390228509903], [-0.01894853077828884, -0.03181742504239082], [0.1976926475763321, 0.11526212841272354]]",False
early_neutral,4,1638,0.45418193935354884,-2,[0],"[[-0.8246572613716125, 0.0009574436116963625], [0.022198647260665894, -0.16417580842971802], [-0.06195686385035515, 0.1736905425786972], [-0.028461884707212448, -0.03508753329515457], [0.18981370329856873, 0.11481446027755737]]",False
early_neutral,4,1639,0.4538487170943019,-2,[0],"[[-0.8246572613716125, 0.0009574436116963625], [0.022221311926841736, -0.16049151122570038], [-0.062109969556331635, 0.17453640699386597], [-0.03893759846687317, -0.03809966519474983], [0.18079635500907898, 0.11429662257432938]]",False
early_neutral,4,1640,0.453515494835055,-2,[0],"[[-0.8246572613716125, 0.0009574436116963625], [0.022228717803955078, -0.15970063209533691], [-0.062168654054403305, 0.173617422580719], [-0.05019393190741539, -0.04094407707452774], [0.1708534210920334, 0.11362385004758835]]",False
early_neutral,4,1641,0.45318227257580806,-2,[0],"[[-0.8246572613716125, 0.0009574436116963625], [0.022228717803955078, -0.15970063209533691], [-0.06259918957948685, 0.17103421688079834], [-0.06220542639493942, -0.04338604211807251], [0.16017863154411316, 0.11277813464403152]]",False
early_neutral,4,1642,0.45284905031656114,-2,[0],"[[-0.8246572613716125, 0.0009574436116963625], [0.022228717803955078, -0.15970063209533691], [-0.06364750862121582, 0.16758280992507935], [-0.07476669549942017, -0.04552929475903511], [0.14944404363632202, 0.11172302812337875]]",False
early_neutral,4,1643,0.4525158280573142,-2,[0],"[[-0.8246572613716125, 0.0009574436116963625], [0.022228717803955078, -0.15970063209533691], [-0.0652342289686203, 0.16387195885181427], [-0.0877281054854393, -0.047459036111831665], [0.13818159699440002, 0.11040095239877701]]",False
early_neutral,4,1644,0.4521826057980673,-2,[0],"[[-0.8246572613716125, 0.0009574436116963625], [0.022228717803955078, -0.15970063209533691], [-0.06735503673553467, 0.16003231704235077], [-0.10050249099731445, -0.0491161085665226], [0.1263761669397354, 0.10885150730609894]]",False
early_neutral,4,1645,0.45184938353882037,-2,[0],"[[-0.8260905742645264, 0.0009303952683694661], [0.022228717803955078, -0.15970063209533691], [-0.06993477791547775, 0.1562354564666748], [-0.1102418527007103, -0.050276584923267365], [0.11414812505245209, 0.10699059814214706]]",False
early_neutral,4,1646,0.4515161612795735,-2,[0],"[[-0.830032467842102, 0.000872130854986608], [0.022228717803955078, -0.15970063209533691], [-0.07204288244247437, 0.1533420979976654], [-0.11926865577697754, -0.05123729258775711], [0.10162719339132309, 0.10480687767267227]]",False
early_neutral,4,1647,0.4511829390203266,-2,[0],"[[-0.8353347182273865, 0.0008213742985390127], [0.022228717803955078, -0.15970063209533691], [-0.07284679263830185, 0.15239308774471283], [-0.12604928016662598, -0.0520055890083313], [0.08889991790056229, 0.10234592109918594]]",False
early_neutral,4,1648,0.45084971676107966,-2,[0],"[[-0.8418385982513428, 0.0007685980526730418], [0.022228717803955078, -0.15970063209533691], [-0.07371272891759872, 0.15416130423545837], [-0.13234882056713104, -0.0528557263314724], [0.0760660246014595, 0.0995776429772377]]",False
early_neutral,4,1649,0.45051649450183273,-2,[0],"[[-0.8493381142616272, 0.0007100856746546924], [0.0225120410323143, -0.15838393568992615], [-0.07489582896232605, 0.1569526344537735], [-0.13861119747161865, -0.053815409541130066], [0.06315916031599045, 0.09657341986894608]]",False
early_neutral,4,1650,0.4501832722425858,-2,[0],"[[-0.8573610782623291, 0.0006500090821646154], [0.02291964739561081, -0.15543478727340698], [-0.0765339657664299, 0.16054794192314148], [-0.14484117925167084, -0.05486059561371803], [0.05023116618394852, 0.09333847463130951]]",False
early_neutral,4,1651,0.4498500499833389,-2,[0],"[[-0.8663413524627686, 0.0005790442228317261], [0.02306664176285267, -0.15150627493858337], [-0.07909810543060303, 0.16482996940612793], [-0.15096494555473328, -0.05593213811516762], [0.037303101271390915, 0.08991029113531113]]",False
early_neutral,4,1652,0.44951682772409196,-2,[0],"[[-0.8755314350128174, 0.00048673056880943477], [0.023100202903151512, -0.14667579531669617], [-0.08274883776903152, 0.16962336003780365], [-0.15559491515159607, -0.056395627558231354], [0.024375738576054573, 0.08634001761674881]]",False
early_neutral,4,1653,0.44918360546484504,-2,[0],"[[-0.8847209215164185, 0.00037311058258637786], [0.023116737604141235, -0.14103947579860687], [-0.08692845702171326, 0.17491398751735687], [-0.15730930864810944, -0.05640150234103203], [0.011467870324850082, 0.08263672888278961]]",False
early_neutral,4,1654,0.4488503832055981,-2,[0],"[[-0.8939094543457031, 0.00022833266120869666], [0.02311895787715912, -0.13505861163139343], [-0.09299726784229279, 0.17920427024364471], [-0.15539073944091797, -0.05671260505914688], [-0.0014168483903631568, 0.07882330566644669]]",False
early_neutral,4,1655,0.4485171609463512,-2,[0],"[[-0.9030964970588684, 4.957202691002749e-05], [0.023059898987412453, -0.1305130571126938], [-0.09964530169963837, 0.18150340020656586], [-0.1511600762605667, -0.057585328817367554], [-0.014269630424678326, 0.0749083012342453]]",False
early_neutral,4,1656,0.4481839386871043,-2,[0],"[[-0.9122823476791382, -0.00015416319365613163], [0.023021988570690155, -0.12958428263664246], [-0.1057380959391594, 0.18051335215568542], [-0.14589938521385193, -0.058579109609127045], [-0.027095114812254906, 0.07091376185417175]]",False
early_neutral,4,1657,0.4478507164278574,-2,[0],"[[-0.9214674234390259, -0.0003718645020853728], [0.022621408104896545, -0.13004256784915924], [-0.11248868703842163, 0.1783093512058258], [-0.14073683321475983, -0.058170538395643234], [-0.03990396112203598, 0.0668654516339302]]",False
early_neutral,4,1658,0.4475174941686105,-2,[0],"[[-0.9306516647338867, -0.0006033418467268348], [0.020521746948361397, -0.13199086487293243], [-0.11971036344766617, 0.17518459260463715], [-0.1383923590183258, -0.0578976646065712], [-0.05271399766206741, 0.0627952441573143]]",False
early_neutral,4,1659,0.44718427190936355,-2,[0],"[[-0.9398351907730103, -0.0008476311923004687], [0.017134612426161766, -0.1343880593776703], [-0.12688203155994415, 0.17122431099414825], [-0.13804392516613007, -0.05785711109638214], [-0.06563429534435272, 0.058857209980487823]]",False
early_neutral,4,1660,0.4468510496501166,-2,[0],"[[-0.9490178823471069, -0.0011037257499992847], [0.01247988548129797, -0.13723188638687134], [-0.13430199027061462, 0.1669410765171051], [-0.1401084065437317, -0.0580010749399662], [-0.07867491990327835, 0.05507640168070793]]",False
early_neutral,4,1661,0.4465178273908697,-2,[0],"[[-0.9582031965255737, -0.0013165067648515105], [0.006642393302172422, -0.1404975950717926], [-0.14225347340106964, 0.1623314470052719], [-0.14427724480628967, -0.05816984549164772], [-0.09192587435245514, 0.05160897970199585]]",False
early_neutral,4,1662,0.4461846051316228,-2,[0],"[[-0.967391848564148, -0.001454435638152063], [-0.00027128003421239555, -0.14408519864082336], [-0.15077026188373566, 0.15756189823150635], [-0.1497620940208435, -0.05822436138987541], [-0.10541758686304092, 0.04854965582489967]]",False
early_neutral,4,1663,0.44585138287237586,-2,[0],"[[-0.9752447009086609, -0.0015150135150179267], [-0.00793739315122366, -0.1479790210723877], [-0.16009144484996796, 0.1528024524450302], [-0.1563097983598709, -0.05825510621070862], [-0.11825383454561234, 0.04597299546003342]]",False
early_neutral,4,1664,0.44551816061312893,-2,[0],"[[-0.9794595837593079, -0.0014596236869692802], [-0.0163101889193058, -0.1521501988172531], [-0.17030654847621918, 0.14811189472675323], [-0.16379623115062714, -0.0582769550383091], [-0.12730762362480164, 0.04433755576610565]]",False
early_neutral,4,1665,0.44518493835388206,-2,[0],"[[-0.9830406904220581, -0.0013472514692693949], [-0.025065531954169273, -0.15626460313796997], [-0.1817704439163208, 0.14487625658512115], [-0.17190319299697876, -0.05828620865941048], [-0.13364942371845245, 0.043636295944452286]]",False
early_neutral,4,1666,0.44485171609463514,-2,[0],"[[-0.9839219450950623, -0.0013121234951540828], [-0.034529123455286026, -0.16043370962142944], [-0.19423921406269073, 0.14376944303512573], [-0.18098224699497223, -0.058287519961595535], [-0.14005477726459503, 0.04325561225414276]]",False
early_neutral,4,1667,0.4445184938353882,-2,[0],"[[-0.9842295050621033, -0.0012984273489564657], [-0.04464104771614075, -0.16469666361808777], [-0.2071433663368225, 0.143126979470253], [-0.1901734173297882, -0.058288197964429855], [-0.1464865505695343, 0.04321923851966858]]",False
early_neutral,4,1668,0.4441852715761413,-2,[0],"[[-0.9818148016929626, -0.0013058221666142344], [-0.055375002324581146, -0.1689675748348236], [-0.22038859128952026, 0.14297540485858917], [-0.19936460256576538, -0.058288317173719406], [-0.15036800503730774, 0.04334567114710808]]",False
early_neutral,4,1669,0.44385204931689437,-2,[0],"[[-0.9770906567573547, -0.0012994204880669713], [-0.06664063036441803, -0.17319005727767944], [-0.23372597992420197, 0.14285308122634888], [-0.20855577290058136, -0.05828835070133209], [-0.1507212370634079, 0.04337112978100777]]",False
early_neutral,4,1670,0.44351882705764745,-2,[0],"[[-0.971262514591217, -0.0012623734073713422], [-0.07824848592281342, -0.17745040357112885], [-0.24507783353328705, 0.1408357173204422], [-0.21774695813655853, -0.05828836187720299], [-0.1507212370634079, 0.04337112978100777]]",False
early_neutral,4,1671,0.4431856047984005,-2,[0],"[[-0.9689659476280212, -0.0012704739347100258], [-0.09012960642576218, -0.18172869086265564], [-0.25430139899253845, 0.13637907803058624], [-0.2269381284713745, -0.05828836187720299], [-0.1507212370634079, 0.04337112978100777]]",False
early_neutral,4,1672,0.4428523825391536,-2,[0],"[[-0.9686759114265442, -0.0012768451124429703], [-0.10216645151376724, -0.18608415126800537], [-0.2631914019584656, 0.1310443878173828], [-0.2361292988061905, -0.05828836187720299], [-0.1507212370634079, 0.04337112978100777]]",False
early_neutral,4,1673,0.4425191602799067,-2,[0],"[[-0.9707859754562378, -0.0012505330378189683], [-0.11426963657140732, -0.1905597448348999], [-0.2716032862663269, 0.1249559223651886], [-0.24532048404216766, -0.05828836187720299], [-0.1507212370634079, 0.04337112978100777]]",False
early_neutral,4,1674,0.4421859380206598,-2,[0],"[[-0.974882185459137, -0.0012092487886548042], [-0.12562917172908783, -0.1948331743478775], [-0.28009164333343506, 0.11863134801387787], [-0.25451165437698364, -0.05828836187720299], [-0.1507212370634079, 0.04337112978100777]]",False
early_neutral,4,1675,0.4418527157614129,-2,[0],"[[-0.9784157276153564, -0.0011804519454017282], [-0.13334450125694275, -0.19783465564250946], [-0.2906705141067505, 0.11392247676849365], [-0.26343047618865967, -0.05829065665602684], [-0.1507212370634079, 0.04337112978100777]]",False
early_neutral,4,1676,0.44151949350216596,-2,[0],"[[-0.9801936745643616, -0.0011605466715991497], [-0.13877949118614197, -0.20003323256969452], [-0.30178049206733704, 0.110203817486763], [-0.26821285486221313, -0.05831988900899887], [-0.1507212370634079, 0.04337112978100777]]",False
early_neutral,4,1677,0.44118627124291904,-2,[0],"[[-0.9803752899169922, -0.0011579650454223156], [-0.14482863247394562, -0.20080876350402832], [-0.31068313121795654, 0.10784222185611725], [-0.2684370279312134, -0.058322254568338394], [-0.1507212370634079, 0.04337112978100777]]",False
early_neutral,4,1678,0.4408530489836721,-2,[0],"[[-0.9803752899169922, -0.0011579650454223156], [-0.15115505456924438, -0.20106114447116852], [-0.3195454180240631, 0.1062660664319992], [-0.2684370279312134, -0.058322254568338394], [-0.1507212370634079, 0.04337112978100777]]",False
early_neutral,4,1679,0.4405198267244252,-2,[0],"[[-0.9803752899169922, -0.0011579650454223156], [-0.15499737858772278, -0.20126424729824066], [-0.3285536766052246, 0.1050814613699913], [-0.2684370279312134, -0.058322254568338394], [-0.1524256020784378, 0.042592622339725494]]",False
early_neutral,4,1680,0.44018660446517827,-2,[0],"[[-0.9803752899169922, -0.0011579650454223156], [-0.15504169464111328, -0.20126648247241974], [-0.33763742446899414, 0.10417339205741882], [-0.26746684312820435, -0.0582362599670887], [-0.15598973631858826, 0.041105207055807114]]",False
early_neutral,4,1681,0.43985338220593134,-2,[0],"[[-0.9803752899169922, -0.0011579650454223156], [-0.15504169464111328, -0.20126648247241974], [-0.3455096483230591, 0.10348892956972122], [-0.26545530557632446, -0.058086272329092026], [-0.15989498794078827, 0.039626963436603546]]",False
early_neutral,4,1682,0.4395201599466844,-2,[0],"[[-0.9803752899169922, -0.0011579650454223156], [-0.15504169464111328, -0.20126648247241974], [-0.3517850339412689, 0.10257095843553543], [-0.26545530557632446, -0.058086272329092026], [-0.1602361500263214, 0.03950135037302971]]",False
early_neutral,4,1683,0.4391869376874375,-2,[0],"[[-0.9803752899169922, -0.0011579650454223156], [-0.1550724357366562, -0.2012617439031601], [-0.35792502760887146, 0.10132347792387009], [-0.26545530557632446, -0.058086272329092026], [-0.16026408970355988, 0.03949317708611488]]",False
early_neutral,4,1684,0.4388537154281906,-2,[0],"[[-0.9803752899169922, -0.0011579650454223156], [-0.15784817934036255, -0.2009456306695938], [-0.3639357089996338, 0.09983185678720474], [-0.26545530557632446, -0.058086272329092026], [-0.16208766400814056, 0.03896653279662132]]",False
early_neutral,4,1685,0.4385204931689437,-2,[0],"[[-0.9803752899169922, -0.0011579650454223156], [-0.16234365105628967, -0.2006918340921402], [-0.36980873346328735, 0.09812366217374802], [-0.26545530557632446, -0.058086272329092026], [-0.16545897722244263, 0.03800848498940468]]",False
early_neutral,4,1686,0.4381872709096968,-2,[0],"[[-0.9803752899169922, -0.0011579650454223156], [-0.16824127733707428, -0.2006104588508606], [-0.37547779083251953, 0.09614694863557816], [-0.26545530557632446, -0.058086272329092026], [-0.17015309631824493, 0.036688730120658875]]",False
early_neutral,4,1687,0.43785404865044986,-2,[0],"[[-0.9803752899169922, -0.0011579650454223156], [-0.17467054724693298, -0.2004547417163849], [-0.38084879517555237, 0.09384460002183914], [-0.2637840509414673, -0.0581313818693161], [-0.17522770166397095, 0.036452747881412506]]",False
early_neutral,4,1688,0.43752082639120293,-2,[0],"[[-0.9803752899169922, -0.0011579650454223156], [-0.18077127635478973, -0.20023396611213684], [-0.3858776390552521, 0.09123549610376358], [-0.25939932465553284, -0.058210816234350204], [-0.1786048263311386, 0.03916848078370094]]",False
early_neutral,4,1689,0.437187604131956,-2,[0],"[[-0.9803752899169922, -0.0011579650454223156], [-0.18242481350898743, -0.2001693695783615], [-0.39037439227104187, 0.08825192600488663], [-0.2535981237888336, -0.058244314044713974], [-0.18103159964084625, 0.04320630803704262]]",False
early_neutral,4,1690,0.4368543818727091,-2,[0],"[[-0.9803752899169922, -0.0011579650454223156], [-0.1838473677635193, -0.20028935372829437], [-0.39177727699279785, 0.08388472348451614], [-0.2509992718696594, -0.058279749006032944], [-0.18375025689601898, 0.04802919924259186]]",False
early_neutral,4,1691,0.43652115961346216,-2,[0],"[[-0.9803752899169922, -0.0011579650454223156], [-0.1877915859222412, -0.20051349699497223], [-0.3900700509548187, 0.07873675227165222], [-0.2512860596179962, -0.059564486145973206], [-0.18681906163692474, 0.05353929474949837]]",False
early_neutral,4,1692,0.43618793735421524,-2,[0],"[[-0.9803752899169922, -0.0011579650454223156], [-0.19312994182109833, -0.20064114034175873], [-0.38682880997657776, 0.07315300405025482], [-0.2515788674354553, -0.06195094436407089], [-0.19038355350494385, 0.059167664498090744]]",False
early_neutral,4,1693,0.43585471509496837,-2,[0],"[[-0.9803752899169922, -0.0011579650454223156], [-0.19951163232326508, -0.200829416513443], [-0.38304051756858826, 0.06707220524549484], [-0.2517092823982239, -0.0652691125869751], [-0.1948741376399994, 0.06507548689842224]]",False
early_neutral,4,1694,0.43552149283572145,-2,[0],"[[-0.9803752899169922, -0.0011579650454223156], [-0.20592890679836273, -0.20112767815589905], [-0.3790363371372223, 0.06101205572485924], [-0.25179338455200195, -0.06952544301748276], [-0.20017686486244202, 0.07104276120662689]]",False
early_neutral,4,1695,0.4351882705764745,-2,[0],"[[-0.9803752899169922, -0.0011579650454223156], [-0.2122814804315567, -0.20176587998867035], [-0.37632936239242554, 0.056923072785139084], [-0.2518295347690582, -0.07464414834976196], [-0.20648311078548431, 0.07681179791688919]]",False
early_neutral,4,1696,0.4348550483172276,-2,[0],"[[-0.9803752899169922, -0.0011579650454223156], [-0.21812671422958374, -0.20291651785373688], [-0.3738205134868622, 0.05310526862740517], [-0.2518391013145447, -0.08049486577510834], [-0.2139175832271576, 0.08256497234106064]]",False
early_neutral,4,1697,0.4345218260579807,-2,[0],"[[-0.9803752899169922, -0.0011579650454223156], [-0.21997620165348053, -0.20339758694171906], [-0.3727613091468811, 0.05150855332612991], [-0.25184357166290283, -0.08647572994232178], [-0.2220333218574524, 0.08845233917236328]]",False
early_neutral,4,1698,0.43418860379873375,-2,[0],"[[-0.9803752899169922, -0.0011579650454223156], [-0.21997620165348053, -0.20339758694171906], [-0.3727613091468811, 0.05150855332612991], [-0.25178733468055725, -0.09158676862716675], [-0.23079755902290344, 0.09438387304544449]]",False
early_neutral,4,1699,0.43385538153948683,-2,[0],"[[-0.9803752899169922, -0.0011579650454223156], [-0.2207190990447998, -0.20469428598880768], [-0.37162721157073975, 0.05071019008755684], [-0.25169122219085693, -0.09314832836389542], [-0.24028512835502625, 0.10019253194332123]]",False
early_neutral,4,1700,0.4335221592802399,-2,[0],"[[-0.9803752899169922, -0.0011579650454223156], [-0.22240403294563293, -0.206965371966362], [-0.36835139989852905, 0.048831164836883545], [-0.25169122219085693, -0.09314832836389542], [-0.250958651304245, 0.10537955164909363]]",False
early_neutral,4,1701,0.433188937020993,-2,[0],"[[-0.9803752899169922, -0.0011579650454223156], [-0.22260905802249908, -0.20722639560699463], [-0.36346837878227234, 0.046762801706790924], [-0.25169122219085693, -0.09314832836389542], [-0.2625090181827545, 0.10998508334159851]]",False
early_neutral,4,1702,0.43285571476174606,-2,[0],"[[-0.9803752899169922, -0.0011579650454223156], [-0.22260905802249908, -0.20722639560699463], [-0.3577241003513336, 0.044880472123622894], [-0.24932312965393066, -0.09349297732114792], [-0.2723723351955414, 0.11573905497789383]]",False
early_neutral,4,1703,0.4325224925024992,-2,[0],"[[-0.9803752899169922, -0.0011579650454223156], [-0.223388209939003, -0.20851483941078186], [-0.35173511505126953, 0.043354958295822144], [-0.24467958509922028, -0.09390052407979965], [-0.27926135063171387, 0.12265200912952423]]",False
early_neutral,4,1704,0.43218927024325227,-2,[0],"[[-0.9803752899169922, -0.0011579650454223156], [-0.22483964264392853, -0.21085424721240997], [-0.3455921709537506, 0.042161546647548676], [-0.2389405369758606, -0.09402848780155182], [-0.28429320454597473, 0.12853100895881653]]",False
early_neutral,4,1705,0.43185604798400534,-2,[0],"[[-0.9803752899169922, -0.0011579650454223156], [-0.22501082718372345, -0.21112556755542755], [-0.33951643109321594, 0.04122460260987282], [-0.23733919858932495, -0.09404465556144714], [-0.28655296564102173, 0.1326066553592682]]",False
early_neutral,4,1706,0.4315228257247584,-2,[0],"[[-0.9803752899169922, -0.0011579650454223156], [-0.22501082718372345, -0.21112556755542755], [-0.33318307995796204, 0.04049065709114075], [-0.23708510398864746, -0.09269974380731583], [-0.2875820994377136, 0.13564294576644897]]",False
early_neutral,4,1707,0.4311896034655115,-2,[0],"[[-0.9803752899169922, -0.0011579650454223156], [-0.22430337965488434, -0.21241913735866547], [-0.32680627703666687, 0.039987169206142426], [-0.23678529262542725, -0.08995074778795242], [-0.28694137930870056, 0.13572025299072266]]",False
early_neutral,4,1708,0.43085638120626457,-2,[0],"[[-0.9803752899169922, -0.0011579650454223156], [-0.22256134450435638, -0.2149069458246231], [-0.3205573260784149, 0.03970344364643097], [-0.2361905425786972, -0.08654502034187317], [-0.28608882427215576, 0.13554605841636658]]",False
early_neutral,4,1709,0.43052315894701765,-2,[0],"[[-0.9803752899169922, -0.0011579650454223156], [-0.21974775195121765, -0.21803773939609528], [-0.3141475319862366, 0.03962595388293266], [-0.23247170448303223, -0.08489283174276352], [-0.2844228148460388, 0.13475282490253448]]",False
early_neutral,4,1710,0.4301899366877707,-2,[0],"[[-0.9803752899169922, -0.0011579650454223156], [-0.21703989803791046, -0.22066408395767212], [-0.3077470064163208, 0.039603788405656815], [-0.2266014814376831, -0.08472684770822525], [-0.2826571762561798, 0.1333431899547577]]",False
early_neutral,4,1711,0.4298567144285238,-2,[0],"[[-0.9803752899169922, -0.0011579650454223156], [-0.21685579419136047, -0.22084325551986694], [-0.3023049533367157, 0.03783218190073967], [-0.22020457684993744, -0.08636966347694397], [-0.28164488077163696, 0.13248243927955627]]",False
early_neutral,4,1712,0.42952349216927693,-2,[0],"[[-0.9803752899169922, -0.0011579650454223156], [-0.21685579419136047, -0.22084325551986694], [-0.29764580726623535, 0.03504425287246704], [-0.21356603503227234, -0.0880519300699234], [-0.2809605598449707, 0.13231641054153442]]",False
early_neutral,4,1713,0.42919026991003,-2,[0],"[[-0.9803752899169922, -0.0011579650454223156], [-0.21618077158927917, -0.22113528847694397], [-0.2929835915565491, 0.0321614071726799], [-0.2056000679731369, -0.08826296031475067], [-0.28082382678985596, 0.1322920322418213]]",False
early_neutral,4,1714,0.4288570476507831,-2,[0],"[[-0.9803752899169922, -0.0011579650454223156], [-0.21315518021583557, -0.22249874472618103], [-0.28797364234924316, 0.029536543413996696], [-0.1966099888086319, -0.08820649236440659], [-0.28082382678985596, 0.1322920322418213]]",False
early_neutral,4,1715,0.42852382539153616,-2,[0],"[[-0.9803752899169922, -0.0011579650454223156], [-0.20912757515907288, -0.22441811859607697], [-0.2825552821159363, 0.027045054361224174], [-0.1874188482761383, -0.08818725496530533], [-0.2808495759963989, 0.13228577375411987]]",False
early_neutral,4,1716,0.42819060313228924,-2,[0],"[[-0.9803752899169922, -0.0011579650454223156], [-0.20768046379089355, -0.22512228786945343], [-0.2763440012931824, 0.023974930867552757], [-0.17979085445404053, -0.08884239196777344], [-0.2832126319408417, 0.13186483085155487]]",False
early_neutral,4,1717,0.4278573808730423,-2,[0],"[[-0.9803752899169922, -0.0011579650454223156], [-0.20700576901435852, -0.22541466355323792], [-0.26949799060821533, 0.020225349813699722], [-0.17703966796398163, -0.09114588797092438], [-0.2871151864528656, 0.1315009444952011]]",False
early_neutral,4,1718,0.4275241586137954,-2,[0],"[[-0.9803752899169922, -0.0011579650454223156], [-0.2039773315191269, -0.22677545249462128], [-0.2624472379684448, 0.016105636954307556], [-0.17683058977127075, -0.0947243720293045], [-0.2920517921447754, 0.13138632476329803]]",False
early_neutral,4,1719,0.42719093635454847,-2,[0],"[[-0.9803752899169922, -0.0011579650454223156], [-0.19993720948696136, -0.22868362069129944], [-0.254950612783432, 0.011539383791387081], [-0.176752969622612, -0.09921909123659134], [-0.2981402277946472, 0.13126157224178314]]",False
early_neutral,4,1720,0.42685771409530154,-2,[0],"[[-0.9803752899169922, -0.0011579650454223156], [-0.19848696887493134, -0.22938504815101624], [-0.2471407949924469, 0.006685999222099781], [-0.17672212421894073, -0.10455011576414108], [-0.30561187863349915, 0.1310780793428421]]",False
early_neutral,4,1721,0.4265244918360547,-2,[0],"[[-0.9803752899169922, -0.0011579650454223156], [-0.19848696887493134, -0.22938504815101624], [-0.23903271555900574, 0.0018050646176561713], [-0.17671622335910797, -0.1104886457324028], [-0.3141159117221832, 0.13083413243293762]]",False
early_neutral,4,1722,0.42619126957680775,-2,[0],"[[-0.9803752899169922, -0.0011579650454223156], [-0.19848696887493134, -0.22938504815101624], [-0.23053626716136932, -0.0031571118161082268], [-0.1767134815454483, -0.11646950989961624], [-0.3230215609073639, 0.1305641233921051]]",False
early_neutral,4,1723,0.42585804731756083,-2,[0],"[[-0.9803752899169922, -0.0011579650454223156], [-0.19848696887493134, -0.22938504815101624], [-0.2243557870388031, -0.006614181213080883], [-0.17671307921409607, -0.12245038151741028], [-0.3324167728424072, 0.13006378710269928]]",False
early_neutral,4,1724,0.4255248250583139,-2,[0],"[[-0.9803752899169922, -0.0011579650454223156], [-0.1984577178955078, -0.22957423329353333], [-0.21931445598602295, -0.009215041995048523], [-0.17671290040016174, -0.12843124568462372], [-0.34268930554389954, 0.12909254431724548]]",False
early_neutral,4,1725,0.425191602799067,-2,[0],"[[-0.9803752899169922, -0.0011579650454223156], [-0.19809547066688538, -0.23173339664936066], [-0.21426327526569366, -0.01179477572441101], [-0.17671287059783936, -0.13441209495067596], [-0.3529345393180847, 0.12767918407917023]]",False
early_neutral,4,1726,0.42485838053982006,-2,[0],"[[-0.9803752899169922, -0.0011579650454223156], [-0.1977536678314209, -0.23381155729293823], [-0.20944081246852875, -0.014406305737793446], [-0.17671287059783936, -0.1403929442167282], [-0.36177194118499756, 0.12603937089443207]]",False
early_neutral,4,1727,0.42452515828057313,-2,[0],"[[-0.9803752899169922, -0.0011579650454223156], [-0.19771218299865723, -0.2342173457145691], [-0.2046148180961609, -0.01717481017112732], [-0.17609336972236633, -0.14578846096992493], [-0.3703936040401459, 0.12405427545309067]]",False
early_neutral,4,1728,0.4241919360213262,-2,[0],"[[-0.9803752899169922, -0.0011579650454223156], [-0.19749955832958221, -0.23434773087501526], [-0.20104558765888214, -0.019323192536830902], [-0.17306216061115265, -0.14820729196071625], [-0.37618446350097656, 0.12264576554298401]]",False
early_neutral,4,1729,0.4238587137620793,-2,[0],"[[-0.9803752899169922, -0.0011579650454223156], [-0.19523078203201294, -0.2359500676393509], [-0.20080403983592987, -0.01947064884006977], [-0.1682848334312439, -0.14846183359622955], [-0.37731263041496277, 0.12242138385772705]]",False
early_neutral,4,1730,0.42352549150283236,-2,[0],"[[-0.9799933433532715, -0.0012229958083480597], [-0.19237446784973145, -0.23844821751117706], [-0.20080403983592987, -0.01947064884006977], [-0.16736933588981628, -0.14847850799560547], [-0.37783879041671753, 0.12235463410615921]]",False
early_neutral,4,1731,0.4231922692435855,-2,[0],"[[-0.9763168692588806, -0.0016871914267539978], [-0.19080913066864014, -0.2400035560131073], [-0.20080403983592987, -0.01947064884006977], [-0.16736933588981628, -0.14847850799560547], [-0.3788944184780121, 0.12199094146490097]]",False
early_neutral,4,1732,0.42285904698433857,-2,[0],"[[-0.9709805846214294, -0.0019775251857936382], [-0.19080913066864014, -0.2400035560131073], [-0.20080403983592987, -0.01947064884006977], [-0.16736933588981628, -0.14847850799560547], [-0.3799792230129242, 0.12142103910446167]]",False
early_neutral,4,1733,0.42252582472509165,-2,[0],"[[-0.9641544818878174, -0.0019769889768213034], [-0.1904039829969406, -0.24024225771427155], [-0.20080403983592987, -0.01947064884006977], [-0.16736933588981628, -0.14847850799560547], [-0.378813773393631, 0.1216525211930275]]",False
early_neutral,4,1734,0.4221926024658447,-2,[0],"[[-0.955998420715332, -0.001918191323056817], [-0.1879342496395111, -0.24147337675094604], [-0.20080403983592987, -0.01947064884006977], [-0.16639600694179535, -0.14854790270328522], [-0.37642908096313477, 0.12212446331977844]]",False
early_neutral,4,1735,0.4218593802065978,-2,[0],"[[-0.9468093514442444, -0.0018040480790659785], [-0.1841626912355423, -0.24294912815093994], [-0.20000256597995758, -0.019549623131752014], [-0.1623278260231018, -0.14875395596027374], [-0.37304064631462097, 0.12255477905273438]]",False
early_neutral,4,1736,0.4215261579473509,-2,[0],"[[-0.9371267557144165, -0.001668900134973228], [-0.17900748550891876, -0.24455460906028748], [-0.1963176280260086, -0.019793251529335976], [-0.15675325691699982, -0.14886611700057983], [-0.36876794695854187, 0.12311533838510513]]",False
early_neutral,4,1737,0.42119293568810395,-2,[0],"[[-0.9265725612640381, -0.0015160099137574434], [-0.17340701818466187, -0.24595625698566437], [-0.19119271636009216, -0.019902803003787994], [-0.15296703577041626, -0.14887453615665436], [-0.36348846554756165, 0.12413394451141357]]",False
early_neutral,4,1738,0.42085971342885703,-2,[0],"[[-0.9175347685813904, -0.0013825036585330963], [-0.16724146902561188, -0.2471488118171692], [-0.1852244734764099, -0.019896401092410088], [-0.1529301255941391, -0.14887459576129913], [-0.35831278562545776, 0.1255444586277008]]",False
early_neutral,4,1739,0.4205264911696101,-2,[0],"[[-0.913995087146759, -0.001330216764472425], [-0.16100122034549713, -0.24800382554531097], [-0.17902356386184692, -0.01984180510044098], [-0.1529301255941391, -0.14887459576129913], [-0.3529360592365265, 0.12672731280326843]]",False
early_neutral,4,1740,0.42019326891036324,-2,[0],"[[-0.9147596955299377, -0.0013582188403233886], [-0.15494653582572937, -0.24847710132598877], [-0.17259182035923004, -0.019736304879188538], [-0.1529301255941391, -0.14887459576129913], [-0.34743401408195496, 0.12845835089683533]]",False
early_neutral,4,1741,0.4198600466511163,-2,[0],"[[-0.9184222221374512, -0.0014833685709163547], [-0.1485179215669632, -0.2486083209514618], [-0.1686757504940033, -0.01969527080655098], [-0.1529301255941391, -0.14887459576129913], [-0.342500239610672, 0.13037890195846558]]",False
early_neutral,4,1742,0.4195268243918694,-2,[0],"[[-0.923443078994751, -0.001645923126488924], [-0.14291591942310333, -0.24844278395175934], [-0.16861169040203094, -0.019696777686476707], [-0.1529301255941391, -0.14887459576129913], [-0.33952784538269043, 0.13112200796604156]]",False
early_neutral,4,1743,0.41919360213262247,-2,[0],"[[-0.9297419786453247, -0.0018307006685063243], [-0.141975998878479, -0.2483680695295334], [-0.16861169040203094, -0.019696777686476707], [-0.1529301255941391, -0.14887459576129913], [-0.3384978771209717, 0.1312153935432434]]",False
early_neutral,4,1744,0.41886037987337554,-2,[0],"[[-0.9370713233947754, -0.0020190433133393526], [-0.141975998878479, -0.2483680695295334], [-0.16861169040203094, -0.019696777686476707], [-0.15129631757736206, -0.14864322543144226], [-0.33746618032455444, 0.13024340569972992]]",False
early_neutral,4,1745,0.4185271576141286,-2,[0],"[[-0.9449306130409241, -0.002192398998886347], [-0.141975998878479, -0.2483680695295334], [-0.16792777180671692, -0.019349951297044754], [-0.14695852994918823, -0.14823421835899353], [-0.33627748489379883, 0.12819725275039673]]",False
early_neutral,4,1746,0.4181939353548817,-2,[0],"[[-0.9537649154663086, -0.0023447724524885416], [-0.141975998878479, -0.2483680695295334], [-0.16537386178970337, -0.01810397394001484], [-0.14110088348388672, -0.14806346595287323], [-0.33598506450653076, 0.1256898194551468]]",False
early_neutral,4,1747,0.4178607130956348,-2,[0],"[[-0.9629554748535156, -0.0024081373121589422], [-0.141975998878479, -0.2483680695295334], [-0.16176581382751465, -0.016425514593720436], [-0.13386689126491547, -0.14802978932857513], [-0.336998850107193, 0.12339609116315842]]",False
early_neutral,4,1748,0.41752749083638785,-2,[0],"[[-0.9721020460128784, -0.0023698832374066114], [-0.141975998878479, -0.2483680695295334], [-0.16064347326755524, -0.015905780717730522], [-0.12540724873542786, -0.14801183342933655], [-0.33911728858947754, 0.12032060325145721]]",False
early_neutral,4,1749,0.4171942685771409,-2,[0],"[[-0.9781491756439209, -0.002224041149020195], [-0.141975998878479, -0.2483680695295334], [-0.1592549830675125, -0.01566830463707447], [-0.11622889339923859, -0.14800913631916046], [-0.34141963720321655, 0.11723310500383377]]",False
early_neutral,4,1750,0.41686104631789406,-2,[0],"[[-0.9819167256355286, -0.0019186886493116617], [-0.141975998878479, -0.2483680695295334], [-0.15547268092632294, -0.014839228242635727], [-0.10703771561384201, -0.14800798892974854], [-0.34304574131965637, 0.11386238038539886]]",False
early_neutral,4,1751,0.41652782405864713,-2,[0],"[[-0.984207034111023, -0.0016618074150756001], [-0.14165692031383514, -0.24776574969291687], [-0.15058685839176178, -0.01335242111235857], [-0.09784653782844543, -0.14800770580768585], [-0.345119446516037, 0.1103932335972786]]",False
early_neutral,4,1752,0.4161946017994002,-2,[0],"[[-0.9850411415100098, -0.0015720301307737827], [-0.14051401615142822, -0.24521169066429138], [-0.14649444818496704, -0.010436978191137314], [-0.08892760425806046, -0.14801287651062012], [-0.347260057926178, 0.1077394187450409]]",False
early_neutral,4,1753,0.4158613795401533,-2,[0],"[[-0.9851205348968506, -0.001563866506330669], [-0.13934658467769623, -0.24164849519729614], [-0.1429576873779297, -0.006972691975533962], [-0.08414336293935776, -0.14807967841625214], [-0.3488132059574127, 0.10686582326889038]]",False
early_neutral,4,1754,0.41552815728090636,-2,[0],"[[-0.9851205348968506, -0.001563866506330669], [-0.13869716227054596, -0.2391989678144455], [-0.13935448229312897, -0.0035043060779571533], [-0.08391812443733215, -0.1480851024389267], [-0.3493146598339081, 0.10664203017950058]]",False
early_neutral,4,1755,0.41519493502165944,-2,[0],"[[-0.9851205348968506, -0.001563866506330669], [-0.13869021832942963, -0.23917293548583984], [-0.13584935665130615, 6.381832463375758e-06], [-0.08328631520271301, -0.14656098186969757], [-0.34928467869758606, 0.10662321001291275]]",False
early_neutral,4,1756,0.4148617127624125,-2,[0],"[[-0.9851205348968506, -0.001563866506330669], [-0.13837768137454987, -0.23856939375400543], [-0.13298070430755615, 0.003509896108880639], [-0.08253753185272217, -0.1435527354478836], [-0.3488976061344147, 0.10659202933311462]]",False
early_neutral,4,1757,0.4145284905031656,-2,[0],"[[-0.9851205348968506, -0.001563866506330669], [-0.1367226243019104, -0.23613950610160828], [-0.13410353660583496, 0.006488447543233633], [-0.08230278640985489, -0.1395551711320877], [-0.34837085008621216, 0.10659413784742355]]",False
early_neutral,4,1758,0.41419526824391867,-2,[0],"[[-0.9851205348968506, -0.001563866506330669], [-0.13376948237419128, -0.23304840922355652], [-0.13652122020721436, 0.008503449149429798], [-0.0822407454252243, -0.13467001914978027], [-0.3477405309677124, 0.10662703216075897]]",False
early_neutral,4,1759,0.4138620459846718,-2,[0],"[[-0.9851205348968506, -0.001563866506330669], [-0.1302638053894043, -0.23016388714313507], [-0.13657517731189728, 0.008547589182853699], [-0.08221282064914703, -0.1289983093738556], [-0.34704074263572693, 0.10667633265256882]]",False
early_neutral,4,1760,0.4135288237254249,-2,[0],"[[-0.9851205348968506, -0.001563866506330669], [-0.12830382585525513, -0.22798915207386017], [-0.13680098950862885, 0.008668252266943455], [-0.08220915496349335, -0.12301745265722275], [-0.34667685627937317, 0.10670764744281769]]",False
early_neutral,4,1761,0.41319560146617795,-2,[0],"[[-0.9851205348968506, -0.001563866506330669], [-0.12907904386520386, -0.22539056837558746], [-0.1387006938457489, 0.009655346162617207], [-0.08220727741718292, -0.11703658849000931], [-0.34667685627937317, 0.10670764744281769]]",False
early_neutral,4,1762,0.41286237920693103,-2,[0],"[[-0.9851205348968506, -0.001563866506330669], [-0.1323462426662445, -0.22253088653087616], [-0.13873371481895447, 0.009673399850726128], [-0.08219490200281143, -0.11151006817817688], [-0.34667685627937317, 0.10670764744281769]]",False
early_neutral,4,1763,0.4125291569476841,-2,[0],"[[-0.9851205348968506, -0.001563866506330669], [-0.1376035511493683, -0.22057171165943146], [-0.13875307142734528, 0.009689646773040295], [-0.08215005695819855, -0.10917703807353973], [-0.34644362330436707, 0.10687801986932755]]",False
early_neutral,4,1764,0.4121959346884372,-2,[0],"[[-0.9851205348968506, -0.001563866506330669], [-0.14355310797691345, -0.21905198693275452], [-0.14037443697452545, 0.011154783889651299], [-0.08072048425674438, -0.10931427776813507], [-0.3442833423614502, 0.10820817947387695]]",False
early_neutral,4,1765,0.41186271242919026,-2,[0],"[[-0.9851205348968506, -0.001563866506330669], [-0.1471254974603653, -0.2180984765291214], [-0.14277569949626923, 0.013567797839641571], [-0.0773267149925232, -0.10951944440603256], [-0.3408907651901245, 0.1098642647266388]]",False
early_neutral,4,1766,0.41152949016994333,-2,[0],"[[-0.9851205348968506, -0.001563866506330669], [-0.14716725051403046, -0.2180873602628708], [-0.14555923640727997, 0.01685008965432644], [-0.07251816987991333, -0.10962177067995071], [-0.33615437150001526, 0.11189962923526764]]",False
early_neutral,4,1767,0.4111962679106964,-2,[0],"[[-0.9851205348968506, -0.001563866506330669], [-0.14716725051403046, -0.2180873602628708], [-0.14806079864501953, 0.020668083801865578], [-0.0662616714835167, -0.10968013107776642], [-0.3302070200443268, 0.11439823359251022]]",False
early_neutral,4,1768,0.41086304565144954,-2,[0],"[[-0.9851205348968506, -0.001563866506330669], [-0.14716725051403046, -0.2180873602628708], [-0.14900706708431244, 0.022294463589787483], [-0.058653026819229126, -0.10971096903085709], [-0.323164701461792, 0.11729331314563751]]",False
early_neutral,4,1769,0.4105298233922026,-2,[0],"[[-0.9851205348968506, -0.001563866506330669], [-0.14716725051403046, -0.2180873602628708], [-0.14900706708431244, 0.022294463589787483], [-0.04983067885041237, -0.10971774160861969], [-0.31523433327674866, 0.12054651230573654]]",False
early_neutral,4,1770,0.4101966011329557,-2,[0],"[[-0.9851205348968506, -0.001563866506330669], [-0.14716725051403046, -0.2180873602628708], [-0.14926482737064362, 0.023189999163150787], [-0.040639497339725494, -0.1097213625907898], [-0.30655747652053833, 0.12411055713891983]]",False
early_neutral,4,1771,0.4098633788737088,-2,[0],"[[-0.9851205348968506, -0.001563866506330669], [-0.14716725051403046, -0.2180873602628708], [-0.14971183240413666, 0.02572711929678917], [-0.03198852017521858, -0.10972201824188232], [-0.2977144122123718, 0.12791219353675842]]",False
early_neutral,4,1772,0.40953015661446185,-2,[0],"[[-0.9851205348968506, -0.001563866506330669], [-0.14716725051403046, -0.2180873602628708], [-0.1498495191335678, 0.029140379279851913], [-0.02794661559164524, -0.10972216725349426], [-0.2885722219944, 0.13210006058216095]]",False
early_neutral,4,1773,0.4091969343552149,-2,[0],"[[-0.9851205348968506, -0.001563866506330669], [-0.14716725051403046, -0.2180873602628708], [-0.15102362632751465, 0.03306790813803673], [-0.02758314274251461, -0.10972169041633606], [-0.2795287072658539, 0.1364063024520874]]",False
early_neutral,4,1774,0.408863712095968,-2,[0],"[[-0.9851205348968506, -0.001563866506330669], [-0.14716725051403046, -0.2180873602628708], [-0.15440137684345245, 0.03645436093211174], [-0.029577895998954773, -0.1096978485584259], [-0.2739773392677307, 0.13907977938652039]]",False
early_neutral,4,1775,0.4085304898367211,-2,[0],"[[-0.9851205348968506, -0.001563866506330669], [-0.14716725051403046, -0.2180873602628708], [-0.15861116349697113, 0.03945590555667877], [-0.03325667977333069, -0.10967355966567993], [-0.27341222763061523, 0.13943585753440857]]",False
early_neutral,4,1776,0.40819726757747415,-2,[0],"[[-0.9851205348968506, -0.001563866506330669], [-0.14716725051403046, -0.2180873602628708], [-0.16363610327243805, 0.04140375554561615], [-0.038355521857738495, -0.10966275632381439], [-0.275979608297348, 0.13836808502674103]]",False
early_neutral,4,1777,0.40786404531822723,-2,[0],"[[-0.9851205348968506, -0.001563866506330669], [-0.14686767756938934, -0.21652016043663025], [-0.16924050450325012, 0.04173429682850838], [-0.04489351809024811, -0.10965579748153687], [-0.2800174057483673, 0.13709309697151184]]",False
early_neutral,4,1778,0.40753082305898036,-2,[0],"[[-0.9851205348968506, -0.001563866506330669], [-0.1468195766210556, -0.21346436440944672], [-0.1755463033914566, 0.04098774865269661], [-0.05275547504425049, -0.1096528023481369], [-0.2855307459831238, 0.13574354350566864]]",False
early_neutral,4,1779,0.40719760079973344,-2,[0],"[[-0.9851205348968506, -0.001563866506330669], [-0.14778712391853333, -0.20958878099918365], [-0.18218307197093964, 0.039833858609199524], [-0.06174377724528313, -0.10965197533369064], [-0.29237276315689087, 0.13433755934238434]]",False
early_neutral,4,1780,0.4068643785404865,-2,[0],"[[-0.9851205348968506, -0.001563866506330669], [-0.1514793485403061, -0.20649300515651703], [-0.18915016949176788, 0.03823816031217575], [-0.0709349513053894, -0.1096515879034996], [-0.30041277408599854, 0.13297288119792938]]",False
early_neutral,4,1781,0.4065311562812396,-2,[0],"[[-0.9851205348968506, -0.001563866506330669], [-0.15654444694519043, -0.20396369695663452], [-0.19500605762004852, 0.03665683791041374], [-0.08012612909078598, -0.10965156555175781], [-0.3095005452632904, 0.13144539296627045]]",False
early_neutral,4,1782,0.40619793402199267,-2,[0],"[[-0.9851205348968506, -0.001563866506330669], [-0.159714013338089, -0.20246654748916626], [-0.20074599981307983, 0.03489750996232033], [-0.08931730687618256, -0.10965156555175781], [-0.31953340768814087, 0.12973250448703766]]",False
early_neutral,4,1783,0.40586471176274574,-2,[0],"[[-0.9851205348968506, -0.001563866506330669], [-0.15979431569576263, -0.20244017243385315], [-0.2071475088596344, 0.0329960361123085], [-0.09850848466157913, -0.10965156555175781], [-0.3298545181751251, 0.12793655693531036]]",False
early_neutral,4,1784,0.4055314895034988,-2,[0],"[[-0.9851205348968506, -0.001563866506330669], [-0.16206037998199463, -0.20237818360328674], [-0.21495819091796875, 0.031193381175398827], [-0.10769966244697571, -0.10965156555175781], [-0.3406500816345215, 0.1260097175836563]]",False
early_neutral,4,1785,0.4051982672442519,-2,[0],"[[-0.9851205348968506, -0.001563866506330669], [-0.16587191820144653, -0.2021283209323883], [-0.2239324301481247, 0.029648734256625175], [-0.11689083278179169, -0.10965156555175781], [-0.3520446717739105, 0.12395059317350388]]",False
early_neutral,4,1786,0.404865044985005,-2,[0],"[[-0.9851205348968506, -0.001563866506330669], [-0.1710902601480484, -0.2016194611787796], [-0.2338453084230423, 0.028277436271309853], [-0.12608200311660767, -0.10965156555175781], [-0.36399438977241516, 0.12183614820241928]]",False
early_neutral,4,1787,0.4045318227257581,-2,[1],"[[-0.9851205348968506, -0.001563866506330669], [-0.17699433863162994, -0.20103496313095093], [-0.244596928358078, 0.027105925604701042], [-0.13527318835258484, -0.10965156555175781], [-0.37639352679252625, 0.11970242857933044]]",False
early_neutral,4,1788,0.4041986004665112,-2,[1],"[[-0.9851205348968506, -0.001563866506330669], [-0.18331432342529297, -0.20042836666107178], [-0.25607576966285706, 0.02601926401257515], [-0.14460952579975128, -0.10965156555175781], [-0.38913846015930176, 0.1175420731306076]]",False
early_neutral,4,1789,0.40386537820726426,-2,[1],"[[-0.9851205348968506, -0.001563866506330669], [-0.18968364596366882, -0.19984017312526703], [-0.26816266775131226, 0.02497832477092743], [-0.15476016700267792, -0.10965156555175781], [-0.402154803276062, 0.11536989361047745]]",False
early_neutral,4,1790,0.40353215594801733,-2,[1],"[[-0.9851205348968506, -0.001563866506330669], [-0.1959867924451828, -0.19932979345321655], [-0.27959394454956055, 0.02399422600865364], [-0.16568981111049652, -0.10965156555175781], [-0.41537755727767944, 0.11318172514438629]]",False
early_neutral,4,1791,0.4031989336887704,-2,[1],"[[-0.9851205348968506, -0.001563866506330669], [-0.20230376720428467, -0.19890514016151428], [-0.28910303115844727, 0.022714698687195778], [-0.1773269921541214, -0.10965156555175781], [-0.42875370383262634, 0.11096890270709991]]",False
early_neutral,4,1792,0.4028657114295235,-2,[1],"[[-0.9851205348968506, -0.001563866506330669], [-0.2087298184633255, -0.19856056571006775], [-0.29924851655960083, 0.020911930128932], [-0.18956443667411804, -0.10965156555175781], [-0.44224560260772705, 0.10873369127511978]]",False
early_neutral,4,1793,0.40253248917027656,-2,[1],"[[-0.9851205348968506, -0.001563866506330669], [-0.2160407155752182, -0.1982998102903366], [-0.30990323424339294, 0.018589818850159645], [-0.2022765725851059, -0.10965156555175781], [-0.4558173716068268, 0.10646004229784012]]",False
early_neutral,4,1794,0.40219926691102964,-2,[1],"[[-0.9851205348968506, -0.001563866506330669], [-0.224611297249794, -0.1981835812330246], [-0.32103079557418823, 0.01585850678384304], [-0.21536004543304443, -0.10965156555175781], [-0.4694189131259918, 0.10415404289960861]]",False
early_neutral,4,1795,0.4018660446517827,-2,[1],"[[-0.9851205348968506, -0.001563866506330669], [-0.233801931142807, -0.19823558628559113], [-0.3324194848537445, 0.012626247480511665], [-0.2287319004535675, -0.10965156555175781], [-0.48096218705177307, 0.1022835224866867]]",False
early_neutral,4,1796,0.40153282239253585,-2,[1],"[[-0.9851205348968506, -0.001563866506330669], [-0.2429889291524887, -0.19841289520263672], [-0.3440644443035126, 0.009098506532609463], [-0.24232618510723114, -0.10965156555175781], [-0.490060031414032, 0.10130061954259872]]",False
early_neutral,4,1797,0.4011996001332889,-2,[1],"[[-0.9851205348968506, -0.001563866506330669], [-0.2521689534187317, -0.19870582222938538], [-0.3559199273586273, 0.005362820345908403], [-0.2560911774635315, -0.10965156555175781], [-0.4992021322250366, 0.10069640725851059]]",False
early_neutral,4,1798,0.400866377874042,-2,[1],"[[-0.9851205348968506, -0.001563866506330669], [-0.26134705543518066, -0.19902487099170685], [-0.3670671880245209, 0.0017970859771594405], [-0.2699868083000183, -0.10965156555175781], [-0.5083881616592407, 0.1005476862192154]]",False
early_neutral,4,1799,0.4005331556147951,-2,[1],"[[-0.9851205348968506, -0.001563866506330669], [-0.27052509784698486, -0.19934426248073578], [-0.375857949256897, -0.000428903556894511], [-0.2839820384979248, -0.10965156555175781], [-0.5175682902336121, 0.10082586854696274]]",False
early_neutral,4,1800,0.40019993335554815,-2,[1],"[[-0.9851205348968506, -0.001563866506330669], [-0.27970510721206665, -0.19963857531547546], [-0.3847433626651764, -0.0020930117461830378], [-0.2980530560016632, -0.10965156555175781], [-0.5267477631568909, 0.1011267602443695]]",False
early_neutral,4,1801,0.39986671109630123,-2,[1],"[[-0.9851205348968506, -0.001563866506330669], [-0.28888899087905884, -0.199876606464386], [-0.3945094048976898, -0.0033764534164220095], [-0.312181681394577, -0.10965156555175781], [-0.5362479090690613, 0.10124572366476059]]",False
early_neutral,4,1802,0.3995334888370543,-2,[1],"[[-0.9851205348968506, -0.001563866506330669], [-0.29807549715042114, -0.20006686449050903], [-0.40518316626548767, -0.00423502316698432], [-0.326354056596756, -0.10965156555175781], [-0.5458017587661743, 0.10110432654619217]]",False
early_neutral,4,1803,0.3992002665778074,-2,[1],"[[-0.9851205348968506, -0.001563866506330669], [-0.30726227164268494, -0.2002519816160202], [-0.4166078567504883, -0.0048480285331606865], [-0.3405596613883972, -0.10965156555175781], [-0.5550429821014404, 0.1006838008761406]]",False
early_neutral,4,1804,0.39886704431856046,-2,[1],"[[-0.9851205348968506, -0.001563866506330669], [-0.31644898653030396, -0.2004380226135254], [-0.42862868309020996, -0.005646818783134222], [-0.35479041934013367, -0.10965156555175781], [-0.5641669631004333, 0.09998282790184021]]",False
early_neutral,4,1805,0.39853382205931354,-2,[1],"[[-0.9851205348968506, -0.001563866506330669], [-0.3256341516971588, -0.20065359771251678], [-0.44110599160194397, -0.006667264271527529], [-0.36904001235961914, -0.10965156555175781], [-0.5732592940330505, 0.09911774098873138]]",False
early_neutral,4,1806,0.39820059980006667,-2,[1],"[[-0.9851205348968506, -0.001563866506330669], [-0.3348165452480316, -0.20091508328914642], [-0.4538847804069519, -0.00807454064488411], [-0.38330399990081787, -0.10965156555175781], [-0.5822803974151611, 0.09812084585428238]]",False
early_neutral,4,1807,0.39786737754081974,-2,[1],"[[-0.9851205348968506, -0.001563866506330669], [-0.3439970910549164, -0.20120258629322052], [-0.46681341528892517, -0.009996848180890083], [-0.3975789248943329, -0.10965156555175781], [-0.5892332792282104, 0.09715215861797333]]",False
early_neutral,4,1808,0.3975341552815728,-2,[1],"[[-0.9851205348968506, -0.001563866506330669], [-0.3531792461872101, -0.20146700739860535], [-0.4798564910888672, -0.012252417393028736], [-0.4118620753288269, -0.10965156555175781], [-0.5956929326057434, 0.09597405046224594]]",False
early_neutral,4,1809,0.3972009330223259,-2,[1],"[[-0.9851205348968506, -0.001563866506330669], [-0.3623631000518799, -0.20170633494853973], [-0.49295827746391296, -0.01480208057910204], [-0.42615148425102234, -0.10965156555175781], [-0.6023856401443481, 0.09454341232776642]]",False
early_neutral,4,1810,0.396867710763079,-2,[1],"[[-0.9851205348968506, -0.001563866506330669], [-0.3715483248233795, -0.20192138850688934], [-0.5052151679992676, -0.01736214943230152], [-0.44044554233551025, -0.10965156555175781], [-0.609862744808197, 0.09279398620128632]]",False
early_neutral,4,1811,0.39653448850383205,-2,[1],"[[-0.9851205348968506, -0.001563866506330669], [-0.38073480129241943, -0.20211246609687805], [-0.5144240260124207, -0.019167952239513397], [-0.4547431766986847, -0.10965156555175781], [-0.6180763244628906, 0.09072897583246231]]",False
early_neutral,4,1812,0.3962012662445851,-2,[1],"[[-0.9851205348968506, -0.001563866506330669], [-0.38995200395584106, -0.20229555666446686], [-0.523283839225769, -0.020758818835020065], [-0.46904370188713074, -0.10965156555175781], [-0.6264685392379761, 0.08862593024969101]]",False
early_neutral,4,1813,0.3958680439853382,-2,[1],"[[-0.9851205348968506, -0.001563866506330669], [-0.3998560309410095, -0.20250290632247925], [-0.5322301387786865, -0.022128168493509293], [-0.4833463728427887, -0.10965156555175781], [-0.635010302066803, 0.08653537184000015]]",False
early_neutral,4,1814,0.3955348217260913,-2,[1],"[[-0.9851205348968506, -0.001563866506330669], [-0.4104851186275482, -0.20273925364017487], [-0.5412593483924866, -0.023243559524416924], [-0.49765047430992126, -0.10965156555175781], [-0.6435844898223877, 0.08438349515199661]]",False
early_neutral,4,1815,0.3952015994668444,-2,[1],"[[-0.9851205348968506, -0.001563866506330669], [-0.4213990569114685, -0.20301976799964905], [-0.5484470129013062, -0.024016251787543297], [-0.5119556188583374, -0.10965156555175781], [-0.6520541906356812, 0.08206707239151001]]",False
early_neutral,4,1816,0.3948683772075975,-2,[1],"[[-0.9851205348968506, -0.001563866506330669], [-0.4329667389392853, -0.20335468649864197], [-0.5504726767539978, -0.024234019219875336], [-0.5262616276741028, -0.10965156555175781], [-0.6604464054107666, 0.07963906973600388]]",False
early_neutral,4,1817,0.39453515494835056,-2,[1],"[[-0.9851205348968506, -0.001563866506330669], [-0.4451364576816559, -0.20372481644153595], [-0.5501195788383484, -0.023819901049137115], [-0.5405683517456055, -0.10965156555175781], [-0.6688823699951172, 0.0772741287946701]]",False
early_neutral,4,1818,0.39420193268910364,-2,[1],"[[-0.9841850996017456, -0.0017520792316645384], [-0.45780861377716064, -0.2041265070438385], [-0.5482082366943359, -0.02180071733891964], [-0.5548754930496216, -0.10965156555175781], [-0.6773684024810791, 0.07498492300510406]]",False
early_neutral,4,1819,0.3938687104298567,-2,[1],"[[-0.9802935123443604, -0.0026160641573369503], [-0.46979719400405884, -0.20451995730400085], [-0.5457958579063416, -0.01900729537010193], [-0.5691831707954407, -0.10965156555175781], [-0.6859446167945862, 0.07283874601125717]]",False
early_neutral,4,1820,0.3935354881706098,-2,[1],"[[-0.975024402141571, -0.0039619337767362595], [-0.4790807366371155, -0.20483963191509247], [-0.543009340763092, -0.015427631326019764], [-0.583491325378418, -0.10965156555175781], [-0.6946074962615967, 0.07084191590547562]]",False
early_neutral,4,1821,0.39320226591136287,-2,[1],"[[-0.9684957265853882, -0.0057848538272082806], [-0.48825803399086, -0.20516812801361084], [-0.5405272841453552, -0.01166385505348444], [-0.5977995991706848, -0.10965156555175781], [-0.7033392786979675, 0.06897488981485367]]",False
early_neutral,4,1822,0.39286904365211595,-2,[1],"[[-0.960827648639679, -0.008018894121050835], [-0.4976428151130676, -0.2055014818906784], [-0.5409758687019348, -0.008245734497904778], [-0.6121082305908203, -0.10965156555175781], [-0.712105393409729, 0.06717746704816818]]",False
early_neutral,4,1823,0.392535821392869,-2,[1],"[[-0.9523933529853821, -0.010539589449763298], [-0.5078895092010498, -0.20585846900939941], [-0.5426192283630371, -0.004173627123236656], [-0.6264169216156006, -0.10965156555175781], [-0.72066330909729, 0.06548073887825012]]",False
early_neutral,4,1824,0.3922025991336221,-2,[1],"[[-0.9433619976043701, -0.013119121082127094], [-0.5174372792243958, -0.20615006983280182], [-0.5442359447479248, 0.0006157901370897889], [-0.6407256126403809, -0.10965156555175781], [-0.7270812392234802, 0.06399333477020264]]",False
early_neutral,4,1825,0.39186937687437523,-2,[1],"[[-0.9334706664085388, -0.015786470845341682], [-0.5266239643096924, -0.20633581280708313], [-0.5458032488822937, 0.006202432792633772], [-0.6550343036651611, -0.10965156555175781], [-0.7332440614700317, 0.06227891519665718]]",False
early_neutral,4,1826,0.3915361546151283,-2,[1],"[[-0.9233787655830383, -0.018443390727043152], [-0.5358138680458069, -0.20643113553524017], [-0.5474320650100708, 0.012303177267313004], [-0.6693429946899414, -0.10965156555175781], [-0.7398614883422852, 0.060254912823438644]]",False
early_neutral,4,1827,0.3912029323558814,-2,[1],"[[-0.912807285785675, -0.021211855113506317], [-0.5450049042701721, -0.20643699169158936], [-0.5497140884399414, 0.018871182575821877], [-0.6836516857147217, -0.10965156555175781], [-0.7474292516708374, 0.05780275538563728]]",False
early_neutral,4,1828,0.39086971009663446,-2,[1],"[[-0.9016773700714111, -0.024122610688209534], [-0.5541951656341553, -0.20635412633419037], [-0.5526968836784363, 0.02581867016851902], [-0.697960376739502, -0.10965156555175781], [-0.7555500268936157, 0.055058032274246216]]",False
early_neutral,4,1829,0.39053648783738754,-2,[1],"[[-0.8900872468948364, -0.02719351463019848], [-0.5633840560913086, -0.20622166991233826], [-0.5564470291137695, 0.03307138755917549], [-0.7122690081596375, -0.10965156555175781], [-0.7637830376625061, 0.0523485466837883]]",False
early_neutral,4,1830,0.3902032655781406,-2,[1],"[[-0.878227174282074, -0.030385654419660568], [-0.5725719928741455, -0.20606191456317902], [-0.5613664388656616, 0.04041942209005356], [-0.7265776991844177, -0.10965156555175781], [-0.7727357149124146, 0.04950248450040817]]",False
early_neutral,4,1831,0.3898700433188937,-2,[1],"[[-0.8688256740570068, -0.03292465582489967], [-0.5805147886276245, -0.20601418614387512], [-0.5670728087425232, 0.047848042100667953], [-0.740886390209198, -0.10965156555175781], [-0.7819633483886719, 0.04668232798576355]]",False
early_neutral,4,1832,0.38953682105964677,-2,[1],"[[-0.8626899123191833, -0.03458171710371971], [-0.5868947505950928, -0.2065339833498001], [-0.5730973482131958, 0.055423397570848465], [-0.7551950812339783, -0.10965156555175781], [-0.7919331789016724, 0.04381975159049034]]",False
early_neutral,4,1833,0.38920359880039984,-2,[1],"[[-0.8583320379257202, -0.03575862571597099], [-0.5931477546691895, -0.20751464366912842], [-0.5794294476509094, 0.06309040635824203], [-0.7695037722587585, -0.10965156555175781], [-0.8025805950164795, 0.04095713421702385]]",False
early_neutral,4,1834,0.388870376541153,-2,[1],"[[-0.8561840057373047, -0.036338742822408676], [-0.599446177482605, -0.20836444199085236], [-0.5862072706222534, 0.07074971497058868], [-0.7838123440742493, -0.10965156555175781], [-0.8140056729316711, 0.03804037347435951]]",False
early_neutral,4,1835,0.38853715428190605,-2,[1],"[[-0.9717708230018616, 5.518951181476828e-12], [-0.4135110378265381, -0.2321052849292755], [-0.5055146813392639, -0.07535884529352188], [-0.5055146813392639, 0.07535884529352188], [-0.4135110378265381, 0.23210525512695312]]",False
early_neutral,4,1836,0.3882039320226591,-2,[1],"[[-0.9678173661231995, 3.012173843686128e-11], [-0.4135110378265381, -0.2321052849292755], [-0.5055146813392639, -0.07535884529352188], [-0.5055146813392639, 0.07535884529352188], [-0.4135110378265381, 0.23210525512695312]]",False
early_neutral,4,1837,0.3878707097634122,-2,[0],"[[-0.9623076915740967, 4.4888155692479614e-11], [-0.4135110378265381, -0.2321052849292755], [-0.5055146813392639, -0.07535884529352188], [-0.5055146813392639, 0.07535884529352188], [-0.4135110378265381, 0.23210525512695312]]",False
early_neutral,4,1838,0.3875374875041653,-2,[0],"[[-0.9554811716079712, -6.015843155182665e-06], [-0.4135110378265381, -0.2321052849292755], [-0.5055146813392639, -0.07535884529352188], [-0.5055146813392639, 0.07535884529352188], [-0.4135110378265381, 0.23210525512695312]]",False
early_neutral,4,1839,0.38720426524491836,-2,[0],"[[-0.947476327419281, -1.2803742720279843e-05], [-0.4135110378265381, -0.2321052849292755], [-0.5055146813392639, -0.07535884529352188], [-0.5055146813392639, 0.07535884529352188], [-0.4135110378265381, 0.23210525512695312]]",False
early_neutral,4,1840,0.38687104298567143,-2,[0],"[[-0.9384020566940308, -1.7598893464310095e-05], [-0.41354215145111084, -0.232108935713768], [-0.5055146813392639, -0.07535884529352188], [-0.5055146813392639, 0.07535884529352188], [-0.4135110378265381, 0.23210525512695312]]",False
early_neutral,4,1841,0.3865378207264245,-2,[0],"[[-0.9291682243347168, -1.7599872080609202e-05], [-0.41634178161621094, -0.2324012815952301], [-0.5061485767364502, -0.07524989545345306], [-0.5055146813392639, 0.07535884529352188], [-0.4135110378265381, 0.23210525512695312]]",False
early_neutral,4,1842,0.3862045984671776,-2,[0],"[[-0.9198821783065796, -1.760085615387652e-05], [-0.4209027588367462, -0.2327927052974701], [-0.5099571347236633, -0.07465078681707382], [-0.5055303573608398, 0.07534096390008926], [-0.41291487216949463, 0.23364439606666565]]",False
early_neutral,4,1843,0.3858713762079307,-2,[0],"[[-0.9108595252037048, 0.0003976122534368187], [-0.42688602209091187, -0.23320059478282928], [-0.5152465105056763, -0.07393592596054077], [-0.5068909525871277, 0.07373638451099396], [-0.4115102291107178, 0.23631082475185394]]",False
early_neutral,4,1844,0.3855381539486838,-2,[0],"[[-0.9034519791603088, 0.0024514731485396624], [-0.4332926273345947, -0.23358488082885742], [-0.5208125114440918, -0.07302062213420868], [-0.5090458989143372, 0.07108355313539505], [-0.4093017578125, 0.23970544338226318]]",False
early_neutral,4,1845,0.38520493168943687,-2,[0],"[[-0.8971600532531738, 0.006268737372010946], [-0.4397055208683014, -0.23391765356063843], [-0.5248565673828125, -0.07166479527950287], [-0.5122320652008057, 0.06831147521734238], [-0.4068852663040161, 0.24372297525405884]]",False
early_neutral,4,1846,0.38487170943018995,-2,[0],"[[-0.8908971548080444, 0.01104804314672947], [-0.4460461139678955, -0.23417477309703827], [-0.5250245928764343, -0.0711066946387291], [-0.5170159339904785, 0.06801047921180725], [-0.40438687801361084, 0.2483575940132141]]",False
early_neutral,4,1847,0.384538487170943,-2,[0],"[[-0.8847410082817078, 0.01661142148077488], [-0.4523909091949463, -0.23435312509536743], [-0.5216844081878662, -0.07050158828496933], [-0.5230445265769958, 0.06877799332141876], [-0.4019467830657959, 0.25345832109451294]]",False
early_neutral,4,1848,0.3842052649116961,-2,[0],"[[-0.8789371252059937, 0.022575486451387405], [-0.4588223993778229, -0.23445430397987366], [-0.517065703868866, -0.06982783228158951], [-0.529319167137146, 0.06970194727182388], [-0.39938583970069885, 0.2591869533061981]]",False
early_neutral,4,1849,0.3838720426524492,-2,[0],"[[-0.873212456703186, 0.028929762542247772], [-0.46520882844924927, -0.2344244122505188], [-0.511094868183136, -0.06898818165063858], [-0.535528838634491, 0.07079629600048065], [-0.39664697647094727, 0.26543405652046204]]",False
early_neutral,4,1850,0.38353882039320225,-2,[0],"[[-0.8674314618110657, 0.0357198640704155], [-0.47150060534477234, -0.23423603177070618], [-0.503912627696991, -0.06800219416618347], [-0.5416806936264038, 0.07202193886041641], [-0.39377671480178833, 0.27209290862083435]]",False
early_neutral,4,1851,0.3832055981339553,-2,[0],"[[-0.8614948391914368, 0.042848777025938034], [-0.47791120409965515, -0.23388360440731049], [-0.4959678649902344, -0.06685187667608261], [-0.547791063785553, 0.07333237677812576], [-0.3910088539123535, 0.2785377502441406]]",False
early_neutral,4,1852,0.3828723758747084,-2,[0],"[[-0.8554832935333252, 0.050259001553058624], [-0.4841756820678711, -0.23328569531440735], [-0.48714154958724976, -0.0654810443520546], [-0.5538438558578491, 0.07475071400403976], [-0.38844284415245056, 0.2845272123813629]]",False
early_neutral,4,1853,0.38253915361546154,-2,[0],"[[-0.8493767976760864, 0.057872381061315536], [-0.49014806747436523, -0.23234960436820984], [-0.4782295525074005, -0.06401817500591278], [-0.5597609877586365, 0.07639290392398834], [-0.3858965337276459, 0.29047659039497375]]",False
early_neutral,4,1854,0.3822059313562146,-2,[0],"[[-0.8431939482688904, 0.06563948839902878], [-0.4962414503097534, -0.23101016879081726], [-0.46933987736701965, -0.062499046325683594], [-0.5655073523521423, 0.07826962321996689], [-0.38313689827919006, 0.2969266176223755]]",False
early_neutral,4,1855,0.3818727090969677,-2,[0],"[[-0.8369560241699219, 0.07352438569068909], [-0.501035749912262, -0.22914715111255646], [-0.4604731798171997, -0.06092390790581703], [-0.5707679390907288, 0.08041128516197205], [-0.38029247522354126, 0.30357638001441956]]",False
early_neutral,4,1856,0.38153948683772076,-2,[0],"[[-0.8306805491447449, 0.08149965852499008], [-0.5015406012535095, -0.22611138224601746], [-0.4516301453113556, -0.059293538331985474], [-0.5755685567855835, 0.08290761709213257], [-0.3775755763053894, 0.3099283277988434]]",False
early_neutral,4,1857,0.38120626457847384,-2,[0],"[[-0.824383020401001, 0.0895451232790947], [-0.5001847743988037, -0.22228094935417175], [-0.4428114593029022, -0.05760817602276802], [-0.5801122188568115, 0.08586855977773666], [-0.37503954768180847, 0.3158581256866455]]",False
early_neutral,4,1858,0.3808730423192269,-2,[0],"[[-0.8180777430534363, 0.0976463109254837], [-0.49638840556144714, -0.21922838687896729], [-0.4340181350708008, -0.05586766079068184], [-0.5823308825492859, 0.088954396545887], [-0.3724626898765564, 0.32188358902931213]]",False
early_neutral,4,1859,0.38053982005998,-2,[0],"[[-0.8117746710777283, 0.1057918593287468], [-0.4913240075111389, -0.21669715642929077], [-0.4252510070800781, -0.05407201498746872], [-0.5801946520805359, 0.09194647520780563], [-0.36966052651405334, 0.3284357786178589]]",False
early_neutral,4,1860,0.38020659780073307,-2,[0],"[[-0.8054898977279663, 0.11397600173950195], [-0.48598089814186096, -0.21436655521392822], [-0.4165114164352417, -0.052220478653907776], [-0.576402485370636, 0.09521271288394928], [-0.36700379848480225, 0.3346480429172516]]",False
early_neutral,4,1861,0.37987337554148615,-2,[0],"[[-0.7992359399795532, 0.12219461053609848], [-0.48039713501930237, -0.21228846907615662], [-0.40780138969421387, -0.05031078681349754], [-0.5720059871673584, 0.0982658714056015], [-0.3655939996242523, 0.3390296995639801]]",False
early_neutral,4,1862,0.3795401532822393,-2,[0],"[[-0.7930572628974915, 0.13039924204349518], [-0.47462430596351624, -0.21044233441352844], [-0.3991222381591797, -0.048342470079660416], [-0.5670766830444336, 0.10095274448394775], [-0.36511287093162537, 0.34169745445251465]]",False
early_neutral,4,1863,0.37920693102299236,-2,[0],"[[-0.7869734764099121, 0.13859954476356506], [-0.4689209461212158, -0.20871588587760925], [-0.39047855138778687, -0.04630918428301811], [-0.5618680119514465, 0.10340983420610428], [-0.3641735315322876, 0.3448503017425537]]",False
early_neutral,4,1864,0.37887370876374543,-2,[0],"[[-0.7810006141662598, 0.14677150547504425], [-0.4630613923072815, -0.20701618492603302], [-0.38187259435653687, -0.04420928284525871], [-0.5565086007118225, 0.10572558641433716], [-0.36230069398880005, 0.3492293357849121]]",False
early_neutral,4,1865,0.3785404865044985,-2,[0],"[[-0.7761468887329102, 0.1534411609172821], [-0.45714807510375977, -0.20536689460277557], [-0.3732871413230896, -0.042021460831165314], [-0.5510516166687012, 0.10794306546449661], [-0.3604279160499573, 0.3536083698272705]]",False
early_neutral,4,1866,0.3782072642452516,-2,[0],"[[-0.7735157012939453, 0.15705667436122894], [-0.45131659507751465, -0.2037215530872345], [-0.36414679884910583, -0.039572980254888535], [-0.545744776725769, 0.11012129485607147], [-0.3585612177848816, 0.35817334055900574]]",False
early_neutral,4,1867,0.37787404198600466,-2,[0],"[[-0.7736170291900635, 0.1569887399673462], [-0.445514053106308, -0.20204080641269684], [-0.35442060232162476, -0.03685764595866203], [-0.5403236746788025, 0.11237597465515137], [-0.3566676676273346, 0.3635141849517822]]",False
early_neutral,4,1868,0.37754081972675774,-2,[0],"[[-0.7756848335266113, 0.15489085018634796], [-0.4396614730358124, -0.20030194520950317], [-0.3445765972137451, -0.03396092355251312], [-0.5347546935081482, 0.11472968012094498], [-0.3550182580947876, 0.36828798055648804]]",True
early_neutral,4,1869,0.3772075974675108,-2,[0],"[[-0.7789590954780579, 0.15223923325538635], [-0.43385767936706543, -0.19854076206684113], [-0.3342459499835968, -0.030777810141444206], [-0.5282542705535889, 0.11756183207035065], [-0.35401302576065063, 0.37105876207351685]]",True
early_neutral,4,1870,0.3768743752082639,-2,[0],"[[-0.7832629680633545, 0.14903728663921356], [-0.42816364765167236, -0.19678016006946564], [-0.3234407603740692, -0.027336208149790764], [-0.5209047198295593, 0.1208735778927803], [-0.3533971905708313, 0.37266749143600464]]",True
early_neutral,4,1871,0.376541152949017,-2,[0],"[[-0.7883970737457275, 0.14542537927627563], [-0.42237240076065063, -0.19495640695095062], [-0.3123007118701935, -0.023599494248628616], [-0.5134305953979492, 0.12435434758663177], [-0.35277730226516724, 0.3745085597038269]]",False
early_neutral,4,1872,0.3762079306897701,-2,[0],"[[-0.7940748333930969, 0.1416483074426651], [-0.41659292578697205, -0.19312308728694916], [-0.30092740058898926, -0.01959870383143425], [-0.5060420036315918, 0.12791162729263306], [-0.35222935676574707, 0.3761504590511322]]",False
early_neutral,4,1873,0.3758747084305232,-2,[0],"[[-0.7990146279335022, 0.13847973942756653], [-0.41094186902046204, -0.19134163856506348], [-0.28943267464637756, -0.015327462926506996], [-0.498755544424057, 0.13155686855316162], [-0.3507465720176697, 0.38062670826911926]]",True
early_neutral,4,1874,0.37554148617127625,-2,[0],"[[-0.8005524277687073, 0.13751649856567383], [-0.40514492988586426, -0.1895255148410797], [-0.2779043912887573, -0.010786821134388447], [-0.49161088466644287, 0.1353190690279007], [-0.348960816860199, 0.3859228789806366]]",True
early_neutral,4,1875,0.3752082639120293,-2,[0],"[[-0.8006212115287781, 0.13747446238994598], [-0.3993307054042816, -0.18773727118968964], [-0.2664387822151184, -0.005956101696938276], [-0.48460787534713745, 0.13919252157211304], [-0.34717684984207153, 0.3916481137275696]]",True
early_neutral,4,1876,0.3748750416527824,-2,[0],"[[-0.8006212115287781, 0.13747446238994598], [-0.39361119270324707, -0.1860627382993698], [-0.2551296651363373, -0.0008095565717667341], [-0.47767484188079834, 0.14311902225017548], [-0.34520840644836426, 0.39611783623695374]]",True
early_neutral,4,1877,0.3745418193935355,-2,[0],"[[-0.8006212115287781, 0.13747446238994598], [-0.3876940608024597, -0.18441906571388245], [-0.24416157603263855, 0.004752607550472021], [-0.4707909822463989, 0.14708195626735687], [-0.34233930706977844, 0.39883285760879517]]",True
early_neutral,4,1878,0.37420859713428856,-2,[0],"[[-0.7989364266395569, 0.1367792785167694], [-0.3817345201969147, -0.18284156918525696], [-0.23382507264614105, 0.010885385796427727], [-0.463944673538208, 0.15108206868171692], [-0.3376116454601288, 0.40061986446380615]]",True
early_neutral,4,1879,0.37387537487504163,-2,[0],"[[-0.7957920432090759, 0.13549627363681793], [-0.3758905827999115, -0.18132255971431732], [-0.22423337399959564, 0.01756545528769493], [-0.45668959617614746, 0.15537451207637787], [-0.3312430679798126, 0.40153512358665466]]",True
early_neutral,4,1880,0.3735421526157947,-2,[0],"[[-0.7913795709609985, 0.13371878862380981], [-0.369920939207077, -0.17979298532009125], [-0.21568168699741364, 0.024857111275196075], [-0.44893497228622437, 0.16001008450984955], [-0.32378509640693665, 0.4019657075405121]]",True
early_neutral,4,1881,0.37320893035654784,-2,[0],"[[-0.7862662076950073, 0.13171155750751495], [-0.3639235496520996, -0.17827728390693665], [-0.20827746391296387, 0.03269071504473686], [-0.44102993607521057, 0.16478881239891052], [-0.3153635561466217, 0.40243563055992126]]",True
early_neutral,4,1882,0.3728757080973009,-2,[0],"[[-0.7805521488189697, 0.1295333057641983], [-0.35799282789230347, -0.17678765952587128], [-0.20246605575084686, 0.040931276977062225], [-0.43268677592277527, 0.1698828935623169], [-0.3087310194969177, 0.402807354927063]]",True
early_neutral,4,1883,0.372542485838054,-2,[0],"[[-0.7749252319335938, 0.12744779884815216], [-0.3520641028881073, -0.17530457675457], [-0.20040956139564514, 0.04917700216174126], [-0.42394721508026123, 0.1752842515707016], [-0.30484798550605774, 0.4030221700668335]]",True
early_neutral,4,1884,0.37220926357880707,-2,[0],"[[-0.7719197273254395, 0.1263435184955597], [-0.34605562686920166, -0.17380757629871368], [-0.19994166493415833, 0.05691564828157425], [-0.4149470329284668, 0.18099060654640198], [-0.30415260791778564, 0.403060644865036]]",True
early_neutral,4,1885,0.37187604131956015,-2,[0],"[[-0.7708867788314819, 0.12580707669258118], [-0.34007152915000916, -0.17232246696949005], [-0.20206105709075928, 0.06262345612049103], [-0.40577980875968933, 0.18696008622646332], [-0.3046025335788727, 0.40301862359046936]]",True
early_neutral,4,1886,0.3715428190603132,-2,[0],"[[-0.7739976048469543, 0.12549848854541779], [-0.33417809009552, -0.17086561024188995], [-0.20683300495147705, 0.06755921989679337], [-0.3965981900691986, 0.1932055652141571], [-0.30099326372146606, 0.4031252861022949]]",True
early_neutral,4,1887,0.3712095968010663,-2,[0],"[[-0.7786005139350891, 0.12542718648910522], [-0.32816070318222046, -0.16938388347625732], [-0.20970624685287476, 0.07092223316431046], [-0.38748466968536377, 0.19970843195915222], [-0.29581186175346375, 0.4031929075717926]]",True
early_neutral,4,1888,0.3708763745418194,-2,[0],"[[-0.7816849946975708, 0.1254759281873703], [-0.32214316725730896, -0.16791023313999176], [-0.21007142961025238, 0.07292324304580688], [-0.3784709572792053, 0.20643173158168793], [-0.29132094979286194, 0.4030822813510895]]",True
early_neutral,4,1889,0.37054315228257245,-2,[0],"[[-0.7838214039802551, 0.12551385164260864], [-0.31626081466674805, -0.16648054122924805], [-0.21007977426052094, 0.0740499272942543], [-0.36961987614631653, 0.2133672833442688], [-0.28412309288978577, 0.40306657552719116]]",True
early_neutral,4,1890,0.3702099300233256,-2,[0],"[[-0.7830641269683838, 0.12546248733997345], [-0.3102281391620636, -0.16502535343170166], [-0.2079848051071167, 0.07501163333654404], [-0.36092203855514526, 0.22047561407089233], [-0.275231271982193, 0.4030736982822418]]",True
early_neutral,4,1891,0.36987670776407866,-2,[0],"[[-0.7789559364318848, 0.1253095269203186], [-0.30418887734413147, -0.16358202695846558], [-0.20065107941627502, 0.07434765994548798], [-0.3523743152618408, 0.2277289181947708], [-0.26588693261146545, 0.40308597683906555]]",True
early_neutral,4,1892,0.36954348550483174,-2,[0],"[[-0.7734503746032715, 0.125230610370636], [-0.2982892692089081, -0.1621909886598587], [-0.19208240509033203, 0.07395477592945099], [-0.343966543674469, 0.2351025938987732], [-0.2565183937549591, 0.4031047523021698]]",True
early_neutral,4,1893,0.3692102632455848,-2,[0],"[[-0.767711877822876, 0.12520509958267212], [-0.29223066568374634, -0.16078218817710876], [-0.18250274658203125, 0.07380165904760361], [-0.3355865180492401, 0.2425285279750824], [-0.24687689542770386, 0.4031028151512146]]",True
early_neutral,4,1894,0.3688770409863379,-2,[0],"[[-0.7619733810424805, 0.12520085275173187], [-0.28616276383399963, -0.15939052402973175], [-0.17207717895507812, 0.07369163632392883], [-0.3272237181663513, 0.24999205768108368], [-0.23760418593883514, 0.40310776233673096]]",True
early_neutral,4,1895,0.36854381872709097,-2,[0],"[[-0.7568831443786621, 0.12520726025104523], [-0.2802193760871887, -0.15804466605186462], [-0.1609230786561966, 0.07362613081932068], [-0.3188047409057617, 0.2574510872364044], [-0.2298455685377121, 0.4030863642692566]]",True
early_neutral,4,1896,0.36821059646784404,-2,[0],"[[-0.751992404460907, 0.12520836293697357], [-0.2741517126560211, -0.15668824315071106], [-0.14910133183002472, 0.0735917016863823], [-0.3102884888648987, 0.2648802697658539], [-0.2247391939163208, 0.40305930376052856]]",True
early_neutral,4,1897,0.3678773742085971,-2,[0],"[[-0.7471017241477966, 0.12520423531532288], [-0.2680586278438568, -0.1553439348936081], [-0.13673341274261475, 0.07360509783029556], [-0.30165863037109375, 0.2722666561603546], [-0.22136817872524261, 0.40305981040000916]]",True
early_neutral,4,1898,0.3675441519493502,-2,[0],"[[-0.7427775859832764, 0.12519697844982147], [-0.2620287239551544, -0.15403428673744202], [-0.12393471598625183, 0.07365573942661285], [-0.29287028312683105, 0.2795834243297577], [-0.22105997800827026, 0.40305987000465393]]",True
early_neutral,4,1899,0.36721092969010327,-2,[0],"[[-0.7413514852523804, 0.1251944899559021], [-0.2559937834739685, -0.15274542570114136], [-0.11079961061477661, 0.07375001162290573], [-0.2840368151664734, 0.2867419719696045], [-0.22143295407295227, 0.4039797782897949]]",True
early_neutral,4,1900,0.3668777074308564,-2,[0],"[[-0.7413538098335266, 0.12519581615924835], [-0.2498709112405777, -0.15145966410636902], [-0.09740371257066727, 0.07388610392808914], [-0.276732474565506, 0.29235216975212097], [-0.2229781299829483, 0.4046688675880432]]",True
early_neutral,4,1901,0.3665444851716095,-2,[0],"[[-0.7444564700126648, 0.12524570524692535], [-0.24376565217971802, -0.15020129084587097], [-0.08380697667598724, 0.07406241446733475], [-0.27020263671875, 0.2965599298477173], [-0.22593243420124054, 0.40466704964637756]]",True
early_neutral,4,1902,0.36621126291236256,-2,[0],"[[-0.7490734457969666, 0.1253483146429062], [-0.23774494230747223, -0.14898495376110077], [-0.07005645334720612, 0.07428035885095596], [-0.2643333971500397, 0.2994695007801056], [-0.22894762456417084, 0.40466582775115967]]",True
early_neutral,4,1903,0.36587804065311563,-2,[0],"[[-0.7550519108772278, 0.1255209892988205], [-0.23158974945545197, -0.14776624739170074], [-0.056188199669122696, 0.07452761381864548], [-0.258179634809494, 0.30061882734298706], [-0.23253050446510315, 0.4046649932861328]]",True
early_neutral,4,1904,0.3655448183938687,-2,[0],"[[-0.7620387077331543, 0.12576508522033691], [-0.22542716562747955, -0.14657437801361084], [-0.04223019629716873, 0.07479996234178543], [-0.2526324391365051, 0.3011554777622223], [-0.23585447669029236, 0.4046364724636078]]",True
early_neutral,4,1905,0.3652115961346218,-2,[0],"[[-0.7697375416755676, 0.12608033418655396], [-0.21939526498317719, -0.1454394906759262], [-0.02820315584540367, 0.07507729530334473], [-0.25176921486854553, 0.301235556602478], [-0.238361194729805, 0.40456634759902954]]",True
early_neutral,4,1906,0.36487837387537486,-2,[0],"[[-0.7780811786651611, 0.12647008895874023], [-0.21320156753063202, -0.14430640637874603], [-0.014122053980827332, 0.07532501220703125], [-0.25176921486854553, 0.301235556602478], [-0.24567674100399017, 0.40456634759902954]]",True
early_neutral,4,1907,0.36454515161612794,-2,[0],"[[-0.7852061986923218, 0.1267683357000351], [-0.20699584484100342, -0.14320209622383118], [3.845814262604108e-07, 0.07554184645414352], [-0.25176921486854553, 0.301235556602478], [-0.25455471873283386, 0.40459510684013367]]",True
early_neutral,4,1908,0.364211929356881,-2,[0],"[[-0.7921980619430542, 0.12699845433235168], [-0.20093291997909546, -0.1421501487493515], [0.014154433272778988, 0.07572527974843979], [-0.25176921486854553, 0.301235556602478], [-0.2639005780220032, 0.4046073257923126]]",True
early_neutral,4,1909,0.36387870709763415,-2,[0],"[[-0.7972221970558167, 0.12713143229484558], [-0.19470588862895966, -0.1410972774028778], [0.028332583606243134, 0.07587465643882751], [-0.25176921486854553, 0.301235556602478], [-0.27242234349250793, 0.40461671352386475]]",True
early_neutral,4,1910,0.3635454848383872,-2,[0],"[[-0.8012375235557556, 0.12722444534301758], [-0.18846909701824188, -0.14006951451301575], [0.042528990656137466, 0.07599400728940964], [-0.25176921486854553, 0.301235556602478], [-0.2782095670700073, 0.4046400487422943]]",True
early_neutral,4,1911,0.3632122625791403,-2,[0],"[[-0.8053068518638611, 0.12735062837600708], [-0.18236057460308075, -0.1390857696533203], [0.056739211082458496, 0.07608669996261597], [-0.25176921486854553, 0.301235556602478], [-0.2821950912475586, 0.4046400487422943]]",True
early_neutral,4,1912,0.3628790403198934,-2,[0],"[[-0.8089094758033752, 0.12775982916355133], [-0.17612454295158386, -0.13810467720031738], [0.07054218649864197, 0.07609432190656662], [-0.25176921486854553, 0.301235556602478], [-0.28289300203323364, 0.4046400487422943]]",True
early_neutral,4,1913,0.36254581806064645,-2,[0],"[[-0.81019127368927, 0.12802907824516296], [-0.16986282169818878, -0.13714292645454407], [0.08415728807449341, 0.07604381442070007], [-0.25176921486854553, 0.301235556602478], [-0.28239262104034424, 0.4044848084449768]]",True
early_neutral,4,1914,0.36221259580139953,-2,[0],"[[-0.8079162240028381, 0.12836012244224548], [-0.1636669933795929, -0.13621820509433746], [0.09761986136436462, 0.07595589011907578], [-0.25176921486854553, 0.301235556602478], [-0.28313127160072327, 0.40333664417266846]]",True
early_neutral,4,1915,0.3618793735421526,-2,[0],"[[-0.8035495281219482, 0.1285420060157776], [-0.1574668288230896, -0.13532118499279022], [0.10857442021369934, 0.07583050429821014], [-0.25176921486854553, 0.301235556602478], [-0.2835361361503601, 0.40072494745254517]]",True
early_neutral,4,1916,0.3615461512829057,-2,[0],"[[-0.7978931069374084, 0.12775762379169464], [-0.15116268396377563, -0.13443997502326965], [0.1157417744398117, 0.0757133811712265], [-0.25176921486854553, 0.301235556602478], [-0.2836412191390991, 0.3977355659008026]]",True
early_neutral,4,1917,0.36121292902365876,-2,[0],"[[-0.7925662994384766, 0.12466105818748474], [-0.14394904673099518, -0.1336330622434616], [0.12242420017719269, 0.07549455761909485], [-0.2516268491744995, 0.30074000358581543], [-0.28370192646980286, 0.3933989107608795]]",True
early_neutral,4,1918,0.3608797067644119,-2,[0],"[[-0.7880187034606934, 0.12047313898801804], [-0.13542847335338593, -0.13305115699768066], [0.12911750376224518, 0.07507633417844772], [-0.2511269748210907, 0.29838722944259644], [-0.28373202681541443, 0.38824543356895447]]",True
early_neutral,4,1919,0.36054648450516497,-2,[0],"[[-0.7852522134780884, 0.11707039177417755], [-0.12625238299369812, -0.13270990550518036], [0.13577717542648315, 0.07448992878198624], [-0.2507702112197876, 0.295177698135376], [-0.28374600410461426, 0.38238292932510376]]",True
early_neutral,4,1920,0.36021326224591804,-2,[0],"[[-0.7836205959320068, 0.11402934044599533], [-0.11707247048616409, -0.13241395354270935], [0.14242219924926758, 0.07386717200279236], [-0.25063779950141907, 0.29112812876701355], [-0.28381648659706116, 0.3763178884983063]]",True
early_neutral,4,1921,0.3598800399866711,-2,[0],"[[-0.7825669050216675, 0.11052149534225464], [-0.10789018869400024, -0.13215094804763794], [0.1490536332130432, 0.07323414832353592], [-0.25075677037239075, 0.2869425415992737], [-0.2839513123035431, 0.3702804446220398]]",True
early_neutral,4,1922,0.3595468177274242,-2,[0],"[[-0.7822117805480957, 0.1066720113158226], [-0.09870734065771103, -0.13189639151096344], [0.1556670069694519, 0.07260195910930634], [-0.2510601878166199, 0.2827605903148651], [-0.28364166617393494, 0.36594241857528687]]",True
early_neutral,4,1923,0.35921359546817727,-2,[0],"[[-0.7825433015823364, 0.10272572189569473], [-0.08952440321445465, -0.13164328038692474], [0.16225148737430573, 0.07199934124946594], [-0.2515149414539337, 0.278666228055954], [-0.28350120782852173, 0.36133480072021484]]",False
early_neutral,4,1924,0.35888037320893035,-2,[0],"[[-0.7826682329177856, 0.09840437024831772], [-0.07990743964910507, -0.13139310479164124], [0.16871631145477295, 0.07145541161298752], [-0.2544877529144287, 0.27628767490386963], [-0.28362277150154114, 0.3566906452178955]]",False
early_neutral,4,1925,0.3585471509496834,-2,[0],"[[-0.7823123931884766, 0.0934905856847763], [-0.06941623240709305, -0.13115151226520538], [0.1753029078245163, 0.07092715799808502], [-0.2599325180053711, 0.27520933747291565], [-0.28372910618782043, 0.35262808203697205]]",False
early_neutral,4,1926,0.3582139286904365,-2,[0],"[[-0.7813968658447266, 0.08824161440134048], [-0.058171819895505905, -0.13093315064907074], [0.1827930063009262, 0.07035094499588013], [-0.2643035352230072, 0.273321270942688], [-0.28378990292549133, 0.3499554395675659]]",False
early_neutral,4,1927,0.3578807064311896,-2,[0],"[[-0.7801008820533752, 0.08242424577474594], [-0.046237651258707047, -0.13085846602916718], [0.19094347953796387, 0.06975044310092926], [-0.2647102475166321, 0.26983198523521423], [-0.28379926085472107, 0.3495253920555115]]",False
early_neutral,4,1928,0.3575474841719427,-2,[0],"[[-0.7789509892463684, 0.07607633620500565], [-0.03375096246600151, -0.13104863464832306], [0.19750641286373138, 0.06955606490373611], [-0.26360180974006653, 0.2656252384185791], [-0.28379926085472107, 0.3495253920555115]]",False
early_neutral,4,1929,0.3572142619126958,-2,[0],"[[-0.7779161930084229, 0.06921014934778214], [-0.020847443491220474, -0.13155104219913483], [0.19918015599250793, 0.0696704238653183], [-0.2619692087173462, 0.26128098368644714], [-0.28379926085472107, 0.3495253920555115]]",False
early_neutral,4,1930,0.35688103965344886,-2,[0],"[[-0.7768458724021912, 0.062166206538677216], [-0.007678686641156673, -0.13260100781917572], [0.19813498854637146, 0.06954396516084671], [-0.26048216223716736, 0.2572803497314453], [-0.28379926085472107, 0.3495253920555115]]",False
early_neutral,4,1931,0.35654781739420194,-2,[0],"[[-0.7756662964820862, 0.05471304804086685], [0.00565073499456048, -0.13392168283462524], [0.1941685527563095, 0.0692690834403038], [-0.2590820789337158, 0.2528909742832184], [-0.28379926085472107, 0.3495253920555115]]",False
early_neutral,4,1932,0.356214595134955,-2,[0],"[[-0.7748150825500488, 0.048061031848192215], [0.016359077766537666, -0.13473118841648102], [0.18877239525318146, 0.06926412880420685], [-0.2577066123485565, 0.24843452870845795], [-0.28379926085472107, 0.3495253920555115]]",False
early_neutral,4,1933,0.3558813728757081,-2,[0],"[[-0.7745813131332397, 0.04439932852983475], [0.0235219094902277, -0.13486440479755402], [0.18202050030231476, 0.06952790170907974], [-0.2563132047653198, 0.2439550906419754], [-0.28421664237976074, 0.34909921884536743]]",False
early_neutral,4,1934,0.35554815061646117,-2,[0],"[[-0.7746827602386475, 0.042098935693502426], [0.02885068766772747, -0.1347442865371704], [0.17404763400554657, 0.07009617984294891], [-0.2544248104095459, 0.2389361411333084], [-0.2862769067287445, 0.34697920083999634]]",True
early_neutral,4,1935,0.35521492835721424,-2,[0],"[[-0.7748235464096069, 0.040959764271974564], [0.03222643956542015, -0.13452865183353424], [0.16503125429153442, 0.07093249261379242], [-0.2527303695678711, 0.233176589012146], [-0.2890753149986267, 0.3440634310245514]]",True
early_neutral,4,1936,0.3548817060979673,-2,[0],"[[-0.775017499923706, 0.04004436731338501], [0.0341356098651886, -0.13432741165161133], [0.1551145315170288, 0.07183662056922913], [-0.2515314221382141, 0.22812744975090027], [-0.29227638244628906, 0.34024742245674133]]",True
early_neutral,4,1937,0.35454848383872045,-2,[0],"[[-0.7752808332443237, 0.03915267065167427], [0.034137990325689316, -0.13431783020496368], [0.144880473613739, 0.07275112718343735], [-0.2492407262325287, 0.22458107769489288], [-0.2953302264213562, 0.33544889092445374]]",True
early_neutral,4,1938,0.35421526157947353,-2,[0],"[[-0.7748257517814636, 0.04001883417367935], [0.03034118190407753, -0.13466106355190277], [0.13861408829689026, 0.07330933958292007], [-0.24534659087657928, 0.22249041497707367], [-0.2969639301300049, 0.33002176880836487]]",True
early_neutral,4,1939,0.3538820393202266,-2,[0],"[[-0.7730934619903564, 0.04258280619978905], [0.025067180395126343, -0.13487838208675385], [0.13764339685440063, 0.07339581102132797], [-0.23957650363445282, 0.22130973637104034], [-0.2947457730770111, 0.3255831301212311]]",True
early_neutral,4,1940,0.3535488170609797,-2,[0],"[[-0.7701309323310852, 0.04581534117460251], [0.019100965932011604, -0.1349632292985916], [0.14006829261779785, 0.07323035597801208], [-0.23257403075695038, 0.22082924842834473], [-0.2905347943305969, 0.32218602299690247]]",True
early_neutral,4,1941,0.35321559480173276,-2,[0],"[[-0.7660963535308838, 0.04970857501029968], [0.012855666689574718, -0.13494481146335602], [0.14436982572078705, 0.07299666851758957], [-0.22442249953746796, 0.2203843742609024], [-0.28513821959495544, 0.31876134872436523]]",True
early_neutral,4,1942,0.35288237254248583,-2,[0],"[[-0.7610054612159729, 0.05409111827611923], [0.006425005849450827, -0.13481736183166504], [0.14998960494995117, 0.07275568693876266], [-0.21518997848033905, 0.21964727342128754], [-0.2782911956310272, 0.3152492642402649]]",True
early_neutral,4,1943,0.3525491502832389,-2,[0],"[[-0.7567833662033081, 0.05741823837161064], [1.099672863347223e-05, -0.13463865220546722], [0.15659569203853607, 0.07243534922599792], [-0.2054828703403473, 0.21741636097431183], [-0.272189199924469, 0.3125367760658264]]",True
early_neutral,4,1944,0.352215928023992,-2,[0],"[[-0.7526102662086487, 0.06041831895709038], [-0.006271952297538519, -0.13445928692817688], [0.164110466837883, 0.07201790064573288], [-0.1965329796075821, 0.2161356657743454], [-0.2667335271835327, 0.31031808257102966]]",True
early_neutral,4,1945,0.35188270576474506,-2,[0],"[[-0.7476646900177002, 0.06269197165966034], [-0.012699292972683907, -0.13427142798900604], [0.17227520048618317, 0.07150682806968689], [-0.18777607381343842, 0.2160041779279709], [-0.26101356744766235, 0.30812835693359375]]",True
early_neutral,4,1946,0.3515494835054982,-2,[0],"[[-0.7417517304420471, 0.06379230320453644], [-0.019126683473587036, -0.13408584892749786], [0.181321918964386, 0.07077668607234955], [-0.1785644143819809, 0.21595290303230286], [-0.25523099303245544, 0.30583328008651733]]",True
early_neutral,4,1947,0.35121626124625127,-2,[0],"[[-0.7358381152153015, 0.0646527111530304], [-0.025396395474672318, -0.13391822576522827], [0.19038847088813782, 0.06979764997959137], [-0.1708567887544632, 0.21568091213703156], [-0.2497880905866623, 0.3036009967327118]]",True
early_neutral,4,1948,0.35088303898700435,-2,[0],"[[-0.7330366373062134, 0.06517203897237778], [-0.03182563558220863, -0.1337602287530899], [0.1994023323059082, 0.06862872838973999], [-0.16519688069820404, 0.21470907330513], [-0.24439460039138794, 0.301318496465683]]",True
early_neutral,4,1949,0.3505498167277574,-2,[0],"[[-0.7327132225036621, 0.06524509191513062], [-0.038255494087934494, -0.1336205005645752], [0.2083558887243271, 0.0674586370587349], [-0.161571204662323, 0.21252235770225525], [-0.23906534910202026, 0.29897305369377136]]",True
early_neutral,4,1950,0.3502165944685105,-2,[0],"[[-0.7336139678955078, 0.06400128453969955], [-0.044529255479574203, -0.1335168182849884], [0.21730655431747437, 0.06630343943834305], [-0.15937325358390808, 0.20895245671272278], [-0.2338060438632965, 0.2965616285800934]]",True
early_neutral,4,1951,0.3498833722092636,-2,[0],"[[-0.7356905341148376, 0.061594996601343155], [-0.05096064880490303, -0.13344557583332062], [0.2263210117816925, 0.06514659523963928], [-0.15894880890846252, 0.20424392819404602], [-0.2286451905965805, 0.2940620183944702]]",True
early_neutral,4,1952,0.34955014995001665,-2,[0],"[[-0.7387641668319702, 0.05859079957008362], [-0.057392265647649765, -0.13341747224330902], [0.2353862076997757, 0.06397849321365356], [-0.15895356237888336, 0.19870123267173767], [-0.22361958026885986, 0.29144835472106934]]",True
early_neutral,4,1953,0.34921692769076973,-2,[0],"[[-0.7420735359191895, 0.05545247718691826], [-0.06370709836483002, -0.13349266350269318], [0.2444492131471634, 0.06282539665699005], [-0.15869759023189545, 0.19276919960975647], [-0.21876129508018494, 0.2887045443058014]]",True
early_neutral,4,1954,0.3488837054315228,-2,[0],"[[-0.7454118728637695, 0.05231441929936409], [-0.07008211314678192, -0.13368628919124603], [0.2534823417663574, 0.06172109395265579], [-0.15851208567619324, 0.18668989837169647], [-0.2142149955034256, 0.2857435345649719]]",True
early_neutral,4,1955,0.3485504831722759,-2,[0],"[[-0.7485829591751099, 0.04881029576063156], [-0.07649550586938858, -0.13401399552822113], [0.26252642273902893, 0.060655489563941956], [-0.15820740163326263, 0.18061260879039764], [-0.21002298593521118, 0.28256887197494507]]",True
early_neutral,4,1956,0.348217260913029,-2,[0],"[[-0.7511051893234253, 0.04508310928940773], [-0.08280129730701447, -0.1348249465227127], [0.27175647020339966, 0.059571221470832825], [-0.1581706702709198, 0.1756565272808075], [-0.2062090039253235, 0.27919840812683105]]",True
early_neutral,4,1957,0.3478840386537821,-2,[0],"[[-0.7526944875717163, 0.04217003285884857], [-0.08884736895561218, -0.13624480366706848], [0.2817510962486267, 0.058393433690071106], [-0.15803129971027374, 0.1707618236541748], [-0.20279453694820404, 0.2756511867046356]]",False
early_neutral,4,1958,0.34755081639453517,-2,[0],"[[-0.7538542747497559, 0.04047885909676552], [-0.09378691762685776, -0.138946071267128], [0.2919483780860901, 0.057157523930072784], [-0.15773935616016388, 0.16612088680267334], [-0.1997051239013672, 0.27237799763679504]]",False
early_neutral,4,1959,0.34721759413528824,-2,[0],"[[-0.7541108131408691, 0.03984672203660011], [-0.09686499089002609, -0.1420455127954483], [0.302409291267395, 0.05582103133201599], [-0.1574839949607849, 0.16206113994121552], [-0.19638854265213013, 0.27018317580223083]]",False
early_neutral,4,1960,0.3468843718760413,-2,[0],"[[-0.7534059286117554, 0.03767856955528259], [-0.10020571947097778, -0.14465197920799255], [0.3125157356262207, 0.05441060662269592], [-0.1583566963672638, 0.15880939364433289], [-0.19515304267406464, 0.2699570953845978]]",False
early_neutral,4,1961,0.3465511496167944,-2,[0],"[[-0.7530888319015503, 0.034510619938373566], [-0.10424380749464035, -0.14598046243190765], [0.31794503331184387, 0.05305781960487366], [-0.16140636801719666, 0.1574047952890396], [-0.1953641176223755, 0.2720988392829895]]",False
early_neutral,4,1962,0.3462179273575475,-2,[0],"[[-0.753341794013977, 0.030419712886214256], [-0.10929973423480988, -0.14639848470687866], [0.3215367794036865, 0.05127386003732681], [-0.16643193364143372, 0.15687623620033264], [-0.19563545286655426, 0.27406075596809387]]",False
early_neutral,4,1963,0.34588470509830055,-2,[0],"[[-0.7540007829666138, 0.025467524304986], [-0.11455095559358597, -0.14668437838554382], [0.32319003343582153, 0.050044864416122437], [-0.17291855812072754, 0.15637561678886414], [-0.19563545286655426, 0.27406075596809387]]",False
early_neutral,4,1964,0.3455514828390536,-2,[0],"[[-0.7551600933074951, 0.019781403243541718], [-0.11886805295944214, -0.14687876403331757], [0.32379066944122314, 0.049812689423561096], [-0.18060320615768433, 0.1559876650571823], [-0.19563545286655426, 0.27406075596809387]]",False
early_neutral,4,1965,0.34521826057980676,-2,[0],"[[-0.7565465569496155, 0.01363489031791687], [-0.12140866369009018, -0.1455833464860916], [0.3252941370010376, 0.049068648368120193], [-0.1869269162416458, 0.15497161448001862], [-0.19563545286655426, 0.27406075596809387]]",False
early_neutral,4,1966,0.34488503832055983,-2,[0],"[[-0.758146345615387, 0.006929073948413134], [-0.1230628490447998, -0.14467853307724], [0.32823801040649414, 0.0476481057703495], [-0.1925545185804367, 0.15295104682445526], [-0.19563545286655426, 0.27406075596809387]]",False
early_neutral,4,1967,0.3445518160613129,-2,[0],"[[-0.7597081065177917, 1.3004649872527807e-06], [-0.1235198825597763, -0.14442208409309387], [0.3314377963542938, 0.04584398493170738], [-0.19650015234947205, 0.15070751309394836], [-0.19678159058094025, 0.27395913004875183]]",False
early_neutral,4,1968,0.344218593802066,-2,[0],"[[-0.7611774206161499, -0.007299670949578285], [-0.12365563213825226, -0.14394919574260712], [0.3348599076271057, 0.043432753533124924], [-0.1952017992734909, 0.14807361364364624], [-0.20003892481327057, 0.27364349365234375]]",False
early_neutral,4,1969,0.34388537154281906,-2,[0],"[[-0.7625764012336731, -0.015008971095085144], [-0.12378889322280884, -0.14314430952072144], [0.33914482593536377, 0.04112626239657402], [-0.1908881813287735, 0.14555266499519348], [-0.20463919639587402, 0.2731483578681946]]",False
early_neutral,4,1970,0.34355214928357214,-2,[0],"[[-0.7637831568717957, -0.023079944774508476], [-0.1239330917596817, -0.14227327704429626], [0.3424929976463318, 0.03844171762466431], [-0.18519499897956848, 0.14270877838134766], [-0.21028557419776917, 0.27228331565856934]]",False
early_neutral,4,1971,0.3432189270243252,-2,[0],"[[-0.7647064924240112, -0.031437963247299194], [-0.12402994930744171, -0.14149872958660126], [0.34502023458480835, 0.03497472405433655], [-0.17827871441841125, 0.13957838714122772], [-0.2161358892917633, 0.2710246741771698]]",False
early_neutral,4,1972,0.3428857047650783,-2,[0],"[[-0.7653586268424988, -0.040015123784542084], [-0.124065101146698, -0.1412152498960495], [0.347531259059906, 0.031344011425971985], [-0.1708998680114746, 0.1360318958759308], [-0.22204644978046417, 0.26937419176101685]]",False
early_neutral,4,1973,0.34255248250583137,-2,[0],"[[-0.7656482458114624, -0.048759862780570984], [-0.124065101146698, -0.1412152498960495], [0.34957998991012573, 0.027668192982673645], [-0.1640326827764511, 0.1320597380399704], [-0.22758391499519348, 0.26742246747016907]]",False
early_neutral,4,1974,0.34221926024658444,-2,[0],"[[-0.7657308578491211, -0.056568656116724014], [-0.124065101146698, -0.1412152498960495], [0.3512241840362549, 0.023654907941818237], [-0.15776978433132172, 0.12768584489822388], [-0.23269954323768616, 0.2651820480823517]]",False
early_neutral,4,1975,0.3418860379873376,-2,[0],"[[-0.7657806277275085, -0.06127631664276123], [-0.12373005598783493, -0.14095671474933624], [0.35245391726493835, 0.019560927525162697], [-0.15225543081760406, 0.12290452420711517], [-0.23767384886741638, 0.26252925395965576]]",True
early_neutral,4,1976,0.34155281572809065,-2,[0],"[[-0.7657812833786011, -0.06196954473853111], [-0.12358760833740234, -0.14084678888320923], [0.35396280884742737, 0.01559592504054308], [-0.14755570888519287, 0.1177678257226944], [-0.24223528802394867, 0.2596259117126465]]",True
early_neutral,4,1977,0.34121959346884373,-2,[0],"[[-0.7657818794250488, -0.05963297560811043], [-0.12358760833740234, -0.14084678888320923], [0.35593464970588684, 0.011539173312485218], [-0.1436336189508438, 0.1123611330986023], [-0.24633456766605377, 0.2565864324569702]]",True
early_neutral,4,1978,0.3408863712095968,-2,[0],"[[-0.765914797782898, -0.05636152625083923], [-0.12354995310306549, -0.1408560425043106], [0.3582105338573456, 0.007510705851018429], [-0.14048773050308228, 0.1067437157034874], [-0.25020065903663635, 0.25324124097824097]]",True
early_neutral,4,1979,0.3405531489503499,-2,[0],"[[-0.7657305598258972, -0.052273787558078766], [-0.1232224777340889, -0.14048437774181366], [0.3574092984199524, 0.004354557953774929], [-0.13808344304561615, 0.1009724959731102], [-0.25311148166656494, 0.2503854036331177]]",True
early_neutral,4,1980,0.34021992669110296,-2,[0],"[[-0.7648897171020508, -0.04812490940093994], [-0.12195926904678345, -0.14026102423667908], [0.3531847298145294, 0.002052636817097664], [-0.1363305151462555, 0.09510272741317749], [-0.2534620761871338, 0.25003328919410706]]",True
early_neutral,4,1981,0.33988670443185603,-2,[0],"[[-0.7633017897605896, -0.04403463378548622], [-0.1191253587603569, -0.140393927693367], [0.3476933240890503, -0.00014501709665637463], [-0.13519442081451416, 0.08916846662759781], [-0.2534620761871338, 0.25003328919410706]]",True
early_neutral,4,1982,0.3395534821726091,-2,[0],"[[-0.7610411643981934, -0.040216777473688126], [-0.1156826913356781, -0.1405240297317505], [0.3411441743373871, -0.0024560471065342426], [-0.1343635767698288, 0.08321226388216019], [-0.2534620761871338, 0.25003328919410706]]",True
early_neutral,4,1983,0.3392202599133622,-2,[0],"[[-0.7575694918632507, -0.037779536098241806], [-0.11154989898204803, -0.14055955410003662], [0.3337235450744629, -0.0047964113764464855], [-0.13377560675144196, 0.07724383473396301], [-0.2534620761871338, 0.25003328919410706]]",True
early_neutral,4,1984,0.3388870376541153,-2,[0],"[[-0.7528207302093506, -0.03637411817908287], [-0.10725618153810501, -0.14048494398593903], [0.3255618214607239, -0.007237710058689117], [-0.1332997977733612, 0.07127098739147186], [-0.2534620761871338, 0.25003328919410706]]",True
early_neutral,4,1985,0.3385538153948684,-2,[0],"[[-0.7479400038719177, -0.03564292564988136], [-0.10247442126274109, -0.1402968466281891], [0.31572726368904114, -0.009638090617954731], [-0.13282887637615204, 0.06529798358678818], [-0.2534620761871338, 0.25003328919410706]]",True
early_neutral,4,1986,0.3382205931356215,-2,[0],"[[-0.7439298629760742, -0.03653452917933464], [-0.09519517421722412, -0.1402972936630249], [0.30565547943115234, -0.01215155515819788], [-0.13233518600463867, 0.05932578444480896], [-0.2534620761871338, 0.25003328919410706]]",True
early_neutral,4,1987,0.33788737087637455,-2,[0],"[[-0.740159809589386, -0.037935029715299606], [-0.0863325446844101, -0.14074379205703735], [0.29530420899391174, -0.014892477542161942], [-0.1317225992679596, 0.05335826799273491], [-0.2534620761871338, 0.25003328919410706]]",True
early_neutral,4,1988,0.3375541486171276,-2,[0],"[[-0.735490083694458, -0.03898199275135994], [-0.07698740810155869, -0.14093363285064697], [0.28445854783058167, -0.017901010811328888], [-0.13097940385341644, 0.047397054731845856], [-0.2530808448791504, 0.24921245872974396]]",True
early_neutral,4,1989,0.3372209263578807,-2,[0],"[[-0.7329321503639221, -0.03912651538848877], [-0.06763172894716263, -0.14120148122310638], [0.2732391357421875, -0.0212402381002903], [-0.13001543283462524, 0.041449375450611115], [-0.2516007125377655, 0.24663680791854858]]",True
early_neutral,4,1990,0.3368877040986338,-2,[1],"[[-0.7345162630081177, -0.037802379578351974], [-0.058033619076013565, -0.14186397194862366], [0.2618175446987152, -0.024962956085801125], [-0.12879468500614166, 0.035521697252988815], [-0.2491033375263214, 0.24329791963100433]]",True
early_neutral,4,1991,0.33655448183938685,-2,[1],"[[-0.7368180155754089, -0.03549925610423088], [-0.04884244501590729, -0.14186397194862366], [0.2502438724040985, -0.028978751972317696], [-0.12727591395378113, 0.02962346561253071], [-0.24583326280117035, 0.23969340324401855]]",True
early_neutral,4,1992,0.33622125958013993,-2,[1],"[[-0.7411033511161804, -0.03338136151432991], [-0.03947426378726959, -0.141841858625412], [0.23863524198532104, -0.03331031650304794], [-0.12538732588291168, 0.02377064898610115], [-0.24218547344207764, 0.2362457513809204]]",True
early_neutral,4,1993,0.33588803732089306,-2,[1],"[[-0.7470857501029968, -0.03134347125887871], [-0.02934936061501503, -0.14177817106246948], [0.22762693464756012, -0.03760001063346863], [-0.12312228977680206, 0.017974764108657837], [-0.23818138241767883, 0.2329697161912918]]",True
early_neutral,4,1994,0.33555481506164614,-2,[1],"[[-0.7537838816642761, -0.028880055993795395], [-0.019524473696947098, -0.14189240336418152], [0.22007636725902557, -0.04054434970021248], [-0.12042034417390823, 0.012258841656148434], [-0.2338527888059616, 0.22987334430217743]]",True
early_neutral,4,1995,0.3352215928023992,-2,[1],"[[-0.7613246440887451, -0.026019128039479256], [-0.0111767603084445, -0.1422111690044403], [0.21489134430885315, -0.04256625100970268], [-0.11727533489465714, 0.006639689207077026], [-0.229225754737854, 0.22696559131145477]]",True
early_neutral,4,1996,0.3348883705431523,-2,[1],"[[-0.7693464756011963, -0.02289692685008049], [-0.0007817915175110102, -0.1421811580657959], [0.21163251996040344, -0.043837033212184906], [-0.11364828050136566, 0.0011452173348516226], [-0.22448886930942535, 0.22418640553951263]]",True
early_neutral,4,1997,0.33455514828390537,-2,[1],"[[-0.7780336737632751, -0.019489726051688194], [0.009926837868988514, -0.14214862883090973], [0.21138764917850494, -0.0443243570625782], [-0.10951299965381622, -0.004195076879113913], [-0.21970024704933167, 0.22149953246116638]]",True
early_neutral,4,1998,0.33422192602465844,-2,[1],"[[-0.7873908877372742, -0.015804827213287354], [0.02120230719447136, -0.14209891855716705], [0.21485836803913116, -0.04492833465337753], [-0.10566084086894989, -0.008942915126681328], [-0.2147371619939804, 0.21883553266525269]]",True
early_neutral,4,1999,0.3338887037654115,-2,[1],"[[-0.7973413467407227, -0.01187372300773859], [0.033110711723566055, -0.14203839004039764], [0.2195798009634018, -0.04579367861151695], [-0.10536577552556992, -0.013045620173215866], [-0.20966696739196777, 0.2162954956293106]]",True
early_neutral,4,2000,0.3335554815061646,-2,[1],"[[-0.8076801300048828, -0.007779023610055447], [0.04557771608233452, -0.14199084043502808], [0.2254621982574463, -0.04718038812279701], [-0.10702680796384811, -0.017083656042814255], [-0.2045292854309082, 0.21394576132297516]]",True
early_neutral,4,2001,0.3332222592469177,-2,[1],"[[-0.8173624873161316, -0.003936486784368753], [0.05832550302147865, -0.14197556674480438], [0.23219379782676697, -0.04939224198460579], [-0.10844997316598892, -0.021041428670287132], [-0.19911162555217743, 0.21168816089630127]]",True
early_neutral,4,2002,0.33288903698767075,-2,[1],"[[-0.8232966661453247, -0.0015779000241309404], [0.06968126446008682, -0.14150886237621307], [0.23781640827655792, -0.052151475101709366], [-0.1093161553144455, -0.025070635601878166], [-0.19356916844844818, 0.20957671105861664]]",True
early_neutral,4,2003,0.3325558147284239,-2,[1],"[[-0.827150285243988, -4.469974010135047e-05], [0.08184979110956192, -0.14121907949447632], [0.24143695831298828, -0.05558602139353752], [-0.10963775962591171, -0.0292506106197834], [-0.18805526196956635, 0.2076379358768463]]",True
early_neutral,4,2004,0.33222259246917696,-2,[1],"[[-0.827958881855011, 0.00025899920728988945], [0.0951184406876564, -0.14121945202350616], [0.24429133534431458, -0.05920649319887161], [-0.10793915390968323, -0.03207423537969589], [-0.18229417502880096, 0.20577457547187805]]",True
early_neutral,4,2005,0.33188937020993003,-2,[1],"[[-0.8281184434890747, 0.0002988055348396301], [0.10861397534608841, -0.14124958217144012], [0.24683734774589539, -0.06275196373462677], [-0.10316213220357895, -0.03228549286723137], [-0.17644397914409637, 0.20404309034347534]]",True
early_neutral,4,2006,0.3315561479506831,-2,[1],"[[-0.8281242847442627, 0.0002999329590238631], [0.12232128530740738, -0.14133131504058838], [0.2501089870929718, -0.06597620248794556], [-0.09745844453573227, -0.031194912269711494], [-0.17065425217151642, 0.2024872750043869]]",True
early_neutral,4,2007,0.3312229256914362,-2,[1],"[[-0.8281242847442627, 0.0002999329590238631], [0.13619133830070496, -0.14142823219299316], [0.2551698684692383, -0.06831972301006317], [-0.09190628677606583, -0.029805464670062065], [-0.1646265983581543, 0.20102882385253906]]",True
early_neutral,4,2008,0.33088970343218926,-2,[1],"[[-0.8281242847442627, 0.0002999329590238631], [0.15018628537654877, -0.1415044665336609], [0.26098325848579407, -0.07032245397567749], [-0.08610349893569946, -0.02802349254488945], [-0.15852391719818115, 0.19970889389514923]]",True
early_neutral,4,2009,0.33055648117294234,-2,[1],"[[-0.8281242847442627, 0.0002999329590238631], [0.16425955295562744, -0.14260099828243256], [0.26801472902297974, -0.0722772479057312], [-0.08048094063997269, -0.025989240035414696], [-0.1524711549282074, 0.1985401213169098]]",True
early_neutral,4,2010,0.3302232589136954,-2,[1],"[[-0.8281242847442627, 0.0002999329590238631], [0.17830687761306763, -0.1439044177532196], [0.27640774846076965, -0.07399933785200119], [-0.07499360293149948, -0.023942207917571068], [-0.14629846811294556, 0.19748817384243011]]",True
early_neutral,4,2011,0.3298900366544485,-2,[1],"[[-0.8281242847442627, 0.0002999329590238631], [0.1918337643146515, -0.143912211060524], [0.2854869067668915, -0.07534806430339813], [-0.06946365535259247, -0.021867619827389717], [-0.14002665877342224, 0.1965569257736206]]",True
early_neutral,4,2012,0.3295568143952016,-2,[1],"[[-0.8281242847442627, 0.0002999329590238631], [0.20534011721611023, -0.1438545435667038], [0.295213907957077, -0.07647520303726196], [-0.06389588117599487, -0.019770001992583275], [-0.1337737739086151, 0.19574779272079468]]",True
early_neutral,4,2013,0.3292235921359547,-2,[1],"[[-0.8281242847442627, 0.0002999329590238631], [0.21905313432216644, -0.1436602920293808], [0.3056885898113251, -0.0774187445640564], [-0.05833810195326805, -0.017730919644236565], [-0.127542182803154, 0.1950535774230957]]",True
early_neutral,4,2014,0.3288903698767078,-2,[1],"[[-0.8281242847442627, 0.0002999329590238631], [0.23292438685894012, -0.14339235424995422], [0.3164861500263214, -0.07816639542579651], [-0.05277762934565544, -0.015771135687828064], [-0.12117437273263931, 0.19445620477199554]]",True
early_neutral,4,2015,0.32855714761746085,-2,[1],"[[-0.8281242847442627, 0.0002999329590238631], [0.24692098796367645, -0.1431809812784195], [0.32795026898384094, -0.07874681055545807], [-0.047069817781448364, -0.013839256949722767], [-0.11480533331632614, 0.19395312666893005]]",True
early_neutral,4,2016,0.32822392535821393,-2,[1],"[[-0.8281242847442627, 0.0002999329590238631], [0.26080939173698425, -0.14293372631072998], [0.3400037884712219, -0.07946962863206863], [-0.0415002778172493, -0.011828345246613026], [-0.10855108499526978, 0.19353780150413513]]",True
early_neutral,4,2017,0.327890703098967,-2,[0],"[[-0.8281242847442627, 0.0002999329590238631], [0.2742626965045929, -0.14236293733119965], [0.352396696805954, -0.08083930611610413], [-0.03622134029865265, -0.009626769460737705], [-0.10213939845561981, 0.19319157302379608]]",True
early_neutral,4,2018,0.3275574808397201,-2,[0],"[[-0.8281242847442627, 0.0002999329590238631], [0.2869398593902588, -0.1413567066192627], [0.36502349376678467, -0.08266068994998932], [-0.031033553183078766, -0.007151697296649218], [-0.09572231769561768, 0.19292518496513367]]",True
early_neutral,4,2019,0.32722425858047316,-2,[0],"[[-0.8281242847442627, 0.0002999329590238631], [0.2987113296985626, -0.13883724808692932], [0.37794229388237, -0.08450699597597122], [-0.027609633281826973, -0.00535952253267169], [-0.08945628255605698, 0.1927439421415329]]",True
early_neutral,4,2020,0.32689103632122624,-2,[0],"[[-0.8281242847442627, 0.0002999329590238631], [0.3104119300842285, -0.13593681156635284], [0.39109787344932556, -0.0863553136587143], [-0.027489056810736656, -0.005295263137668371], [-0.08302459120750427, 0.19263872504234314]]",True
early_neutral,4,2021,0.32655781406197937,-2,[0],"[[-0.8281242847442627, 0.0002999329590238631], [0.3220950961112976, -0.13315723836421967], [0.4044853150844574, -0.08805779367685318], [-0.02699359506368637, -0.005193458404392004], [-0.07659375667572021, 0.19261759519577026]]",True
early_neutral,4,2022,0.32622459180273244,-2,[0],"[[-0.8281242847442627, 0.0002999329590238631], [0.33229929208755493, -0.1309281885623932], [0.41806018352508545, -0.08962458372116089], [-0.023729512467980385, -0.004274819977581501], [-0.07032372802495956, 0.1926901936531067]]",True
early_neutral,4,2023,0.3258913695434855,-2,[0],"[[-0.8281242847442627, 0.0002999329590238631], [0.33994144201278687, -0.1287572979927063], [0.4317885935306549, -0.09102688729763031], [-0.01944706216454506, -0.002562010195106268], [-0.06389763951301575, 0.1928621083498001]]",True
early_neutral,4,2024,0.3255581472842386,-2,[0],"[[-0.8281242847442627, 0.0002999329590238631], [0.3449159264564514, -0.12597060203552246], [0.44555437564849854, -0.0923435240983963], [-0.014049939811229706, -0.0002747490652836859], [-0.05748070031404495, 0.19313554465770721]]",True
early_neutral,4,2025,0.3252249250249917,-2,[0],"[[-0.8281242847442627, 0.0002999329590238631], [0.3477620482444763, -0.12257243692874908], [0.45903804898262024, -0.09354694187641144], [-0.007144596427679062, 0.0020377933979034424], [-0.05119900777935982, 0.19353723526000977]]",True
early_neutral,4,2026,0.32489170276574475,-2,[0],"[[-0.8281242847442627, 0.0002999329590238631], [0.34914687275886536, -0.11890186369419098], [0.4722692668437958, -0.09478148072957993], [0.0011693083215504885, 0.004116526339203119], [-0.04487452283501625, 0.19408626854419708]]",True
early_neutral,4,2027,0.3245584805064978,-2,[0],"[[-0.8281242847442627, 0.0002999329590238631], [0.35035431385040283, -0.11493773758411407], [0.4849136471748352, -0.0960959643125534], [0.010009108111262321, 0.005747184623032808], [-0.03853319212794304, 0.19478389620780945]]",True
early_neutral,4,2028,0.3242252582472509,-2,[0],"[[-0.8281242847442627, 0.0002999329590238631], [0.35156548023223877, -0.111072838306427], [0.49453020095825195, -0.0972512885928154], [0.019037097692489624, 0.006859067361801863], [-0.03233220800757408, 0.1956672966480255]]",True
early_neutral,4,2029,0.323892035988004,-2,[0],"[[-0.8281242847442627, 0.0002999329590238631], [0.35155776143074036, -0.1072889044880867], [0.5035362243652344, -0.0982995554804802], [0.028269754722714424, 0.00751176243647933], [-0.026245208457112312, 0.19676156342029572]]",True
early_neutral,4,2030,0.32355881372875706,-2,[0],"[[-0.8281242847442627, 0.0002999329590238631], [0.35082948207855225, -0.10309483855962753], [0.5132783055305481, -0.09942078590393066], [0.038330718874931335, 0.0077491202391684055], [-0.02014441043138504, 0.19808949530124664]]",False
early_neutral,4,2031,0.3232255914695102,-2,[0],"[[-0.8281242847442627, 0.0002999329590238631], [0.3505077064037323, -0.09896939992904663], [0.5217926502227783, -0.09982722997665405], [0.047361429780721664, 0.007843930274248123], [-0.017082849517464638, 0.1988241821527481]]",False
early_neutral,4,2032,0.32289236921026326,-2,[0],"[[-0.8281242847442627, 0.0002999329590238631], [0.3493235111236572, -0.09549643844366074], [0.5276540517807007, -0.09889139235019684], [0.05371679365634918, 0.008500590920448303], [-0.017082849517464638, 0.1988241821527481]]",False
early_neutral,4,2033,0.32255914695101634,-2,[0],"[[-0.8281242847442627, 0.0002999329590238631], [0.34635472297668457, -0.0940350815653801], [0.5316575169563293, -0.09660927206277847], [0.059928640723228455, 0.009587127715349197], [-0.017082849517464638, 0.1988241821527481]]",False
early_neutral,4,2034,0.3222259246917694,-2,[0],"[[-0.8281242847442627, 0.0002999329590238631], [0.3416973948478699, -0.09440130740404129], [0.5358288288116455, -0.09405158460140228], [0.06600283086299896, 0.01073483657091856], [-0.017082849517464638, 0.1988241821527481]]",False
early_neutral,4,2035,0.3218927024325225,-2,[0],"[[-0.8281242847442627, 0.0002999329590238631], [0.33650755882263184, -0.09646151214838028], [0.5392810702323914, -0.09155962616205215], [0.07212720066308975, 0.011905479244887829], [-0.017040500417351723, 0.198853000998497]]",False
early_neutral,4,2036,0.32155948017327557,-2,[0],"[[-0.8281242847442627, 0.0002999329590238631], [0.3313116431236267, -0.09984267503023148], [0.5402814149856567, -0.08929229527711868], [0.0783383697271347, 0.013095160014927387], [-0.015439050272107124, 0.19989824295043945]]",False
early_neutral,4,2037,0.32122625791402865,-2,[0],"[[-0.8281242847442627, 0.0002999329590238631], [0.3271294832229614, -0.10310670733451843], [0.5404290556907654, -0.08868607878684998], [0.0855572372674942, 0.014209882356226444], [-0.01267485786229372, 0.20160946249961853]]",False
early_neutral,4,2038,0.3208930356547817,-2,[0],"[[-0.8281242847442627, 0.0002999329590238631], [0.32344600558280945, -0.1065378338098526], [0.5404861569404602, -0.08854638785123825], [0.09407399594783783, 0.015059939585626125], [-0.009972994215786457, 0.20322687923908234]]",False
early_neutral,4,2039,0.3205598133955348,-2,[0],"[[-0.8281242847442627, 0.0002999329590238631], [0.3194926679134369, -0.10955674946308136], [0.5432411432266235, -0.08862762898206711], [0.10321451723575592, 0.015686770901083946], [-0.009916823357343674, 0.2032613754272461]]",False
early_neutral,4,2040,0.32022659113628793,-2,[0],"[[-0.8281242847442627, 0.0002999329590238631], [0.31471988558769226, -0.11150503903627396], [0.5477216839790344, -0.08869634568691254], [0.11234567314386368, 0.016368938609957695], [-0.009789567440748215, 0.20327606797218323]]",False
early_neutral,4,2041,0.319893368877041,-2,[0],"[[-0.8281242847442627, 0.0002999329590238631], [0.30886340141296387, -0.11175160109996796], [0.5535412430763245, -0.0887153223156929], [0.1210102066397667, 0.017071489244699478], [-0.00669615063816309, 0.2037859410047531]]",False
early_neutral,4,2042,0.3195601466177941,-2,[0],"[[-0.8281242847442627, 0.0002999329590238631], [0.30328115820884705, -0.11032461374998093], [0.5606823563575745, -0.08872724324464798], [0.1274152398109436, 0.017670413479208946], [-0.0021382602863013744, 0.20487406849861145]]",False
early_neutral,4,2043,0.31922692435854716,-2,[0],"[[-0.8281242847442627, 0.0002999329590238631], [0.29776227474212646, -0.10830086469650269], [0.5690258145332336, -0.08873101323843002], [0.13376468420028687, 0.018345817923545837], [0.003321110736578703, 0.20633728802204132]]",False
early_neutral,4,2044,0.31889370209930024,-2,[0],"[[-0.8281242847442627, 0.0002999329590238631], [0.2913695275783539, -0.10641490668058395], [0.5781876444816589, -0.08873207122087479], [0.1400650143623352, 0.019191240891814232], [0.008951920084655285, 0.207429438829422]]",False
early_neutral,4,2045,0.3185604798400533,-2,[0],"[[-0.8281242847442627, 0.0002999329590238631], [0.2834087312221527, -0.10499148070812225], [0.5873787999153137, -0.08873248845338821], [0.14627674221992493, 0.02027939446270466], [0.015270083211362362, 0.20820794999599457]]",False
early_neutral,4,2046,0.3182272575808064,-2,[0],"[[-0.8281242847442627, 0.0002999329590238631], [0.27470678091049194, -0.10448069125413895], [0.5965700149536133, -0.0887325331568718], [0.15222211182117462, 0.022010216489434242], [0.021957281976938248, 0.20860148966312408]]",False
early_neutral,4,2047,0.31789403532155946,-2,[0],"[[-0.8281242847442627, 0.0002999329590238631], [0.26948732137680054, -0.1058836281299591], [0.6057611703872681, -0.08873255550861359], [0.15754608809947968, 0.02546699345111847], [0.029871361330151558, 0.20868094265460968]]",False
early_neutral,4,2048,0.31756081306231254,-2,[0],"[[-0.8281242847442627, 0.0002999329590238631], [0.2684894800186157, -0.10928653925657272], [0.6149523258209229, -0.08873256295919418], [0.1630042940378189, 0.029691919684410095], [0.038875605911016464, 0.2083262801170349]]",False
early_neutral,4,2049,0.3172275908030656,-2,[0],"[[-0.8281242847442627, 0.0002999329590238631], [0.26854267716407776, -0.11368300765752792], [0.6241435408592224, -0.08873256295919418], [0.16624076664447784, 0.03342798352241516], [0.04837232455611229, 0.20780116319656372]]",False
early_neutral,4,2050,0.31689436854381875,-2,[0],"[[-0.8281242847442627, 0.0002999329590238631], [0.26880893111228943, -0.11892864108085632], [0.6333200931549072, -0.08873256295919418], [0.1675512194633484, 0.0375206433236599], [0.058691710233688354, 0.2072012573480606]]",False
early_neutral,4,2051,0.3165611462845718,-2,[0],"[[-0.8281242847442627, 0.0002999329590238631], [0.2691527307033539, -0.12491034716367722], [0.6395841836929321, -0.08873256295919418], [0.16720302402973175, 0.04180937260389328], [0.06915982067584991, 0.20651741325855255]]",False
early_neutral,4,2052,0.3162279240253249,-2,[0],"[[-0.8281242847442627, 0.0002999329590238631], [0.2690429985523224, -0.13150380551815033], [0.6408846974372864, -0.08873256295919418], [0.163568377494812, 0.04628802463412285], [0.07926113158464432, 0.2057061344385147]]",False
early_neutral,4,2053,0.315894701766078,-2,[0],"[[-0.8281242847442627, 0.0002999329590238631], [0.26838284730911255, -0.13842101395130157], [0.6400401592254639, -0.0887194499373436], [0.1581665724515915, 0.05089635029435158], [0.08862615376710892, 0.20485848188400269]]",False
early_neutral,4,2054,0.31556147950683106,-2,[0],"[[-0.8281242847442627, 0.0002999329590238631], [0.2669585645198822, -0.14435087144374847], [0.6368503570556641, -0.08868542313575745], [0.1513478010892868, 0.05553195998072624], [0.09781953692436218, 0.20428621768951416]]",False
early_neutral,4,2055,0.31522825724758413,-2,[0],"[[-0.8281242847442627, 0.0002999329590238631], [0.2646380662918091, -0.15013547241687775], [0.6327381730079651, -0.0886741578578949], [0.14310209453105927, 0.05994655191898346], [0.10704715549945831, 0.20404016971588135]]",False
early_neutral,4,2056,0.3148950349883372,-2,[0],"[[-0.8281242847442627, 0.0002999329590238631], [0.26087814569473267, -0.15533089637756348], [0.6275647282600403, -0.08862040936946869], [0.13413012027740479, 0.06382246315479279], [0.11623755842447281, 0.20396330952644348]]",False
early_neutral,4,2057,0.3145618127290903,-2,[0],"[[-0.8281242847442627, 0.0002999329590238631], [0.256165087223053, -0.1590341329574585], [0.6211490035057068, -0.08835206180810928], [0.1244477853178978, 0.06736646592617035], [0.12542852759361267, 0.20392586290836334]]",False
early_neutral,4,2058,0.31422859046984336,-2,[0],"[[-0.8281242847442627, 0.0002999329590238631], [0.2514016926288605, -0.16213580965995789], [0.6136859655380249, -0.08777336031198502], [0.11392484605312347, 0.07076898962259293], [0.13461969792842865, 0.20391979813575745]]",False
early_neutral,4,2059,0.3138953682105965,-2,[0],"[[-0.8281242847442627, 0.0002999329590238631], [0.2457345873117447, -0.16560940444469452], [0.6052502989768982, -0.08704429119825363], [0.10285735875368118, 0.07429236173629761], [0.14381088316440582, 0.20391759276390076]]",False
early_neutral,4,2060,0.31356214595134957,-2,[0],"[[-0.8281242847442627, 0.0002999329590238631], [0.23899084329605103, -0.1693897247314453], [0.5960420966148376, -0.08619796484708786], [0.0913594663143158, 0.07791649550199509], [0.153002068400383, 0.20391695201396942]]",False
early_neutral,4,2061,0.31322892369210265,-2,[0],"[[-0.8281242847442627, 0.0002999329590238631], [0.2318207323551178, -0.17313122749328613], [0.5865709781646729, -0.08530735224485397], [0.07964670658111572, 0.08177880942821503], [0.16219325363636017, 0.2039167881011963]]",False
early_neutral,4,2062,0.3128957014328557,-2,[0],"[[-0.8281242847442627, 0.0002999329590238631], [0.2244752049446106, -0.17672578990459442], [0.5758410692214966, -0.08463031053543091], [0.06792791932821274, 0.08601683378219604], [0.17138442397117615, 0.20391671359539032]]",False
early_neutral,4,2063,0.3125624791736088,-2,[0],"[[-0.8281242847442627, 0.0002999329590238631], [0.21800267696380615, -0.17971999943256378], [0.5643740892410278, -0.08397067338228226], [0.05733470246195793, 0.09013614803552628], [0.18057557940483093, 0.20391671359539032]]",False
early_neutral,4,2064,0.3122292569143619,-2,[0],"[[-0.8281242847442627, 0.0002999329590238631], [0.21264953911304474, -0.1820422261953354], [0.5522899627685547, -0.08336980640888214], [0.04972227290272713, 0.09368409216403961], [0.1897667795419693, 0.20391671359539032]]",False
early_neutral,4,2065,0.31189603465511495,-2,[0],"[[-0.8281242847442627, 0.0002999329590238631], [0.20719414949417114, -0.18426108360290527], [0.5397141575813293, -0.08284009248018265], [0.04301561042666435, 0.0973225012421608], [0.19895793497562408, 0.20391671359539032]]",False
early_neutral,4,2066,0.311562812395868,-2,[0],"[[-0.8281242847442627, 0.0002999329590238631], [0.2015414834022522, -0.18625874817371368], [0.5267634391784668, -0.08226057142019272], [0.03852134943008423, 0.10035081207752228], [0.20814912021160126, 0.20391671359539032]]",False
early_neutral,4,2067,0.3112295901366211,-2,[0],"[[-0.8281242847442627, 0.0002999329590238631], [0.19568732380867004, -0.18799340724945068], [0.5135250687599182, -0.08160250633955002], [0.034583766013383865, 0.10365928709506989], [0.21734029054641724, 0.20391671359539032]]",False
early_neutral,4,2068,0.31089636787737424,-2,[0],"[[-0.8281242847442627, 0.0002999329590238631], [0.18964783847332, -0.18943306803703308], [0.5000677704811096, -0.08085879683494568], [0.031225355342030525, 0.10722772777080536], [0.22653146088123322, 0.20391671359539032]]",False
early_neutral,4,2069,0.3105631456181273,-2,[0],"[[-0.8281242847442627, 0.0002999329590238631], [0.1834450215101242, -0.1905403733253479], [0.4864492416381836, -0.08000137656927109], [0.028497671708464622, 0.11101709306240082], [0.2357226461172104, 0.20391671359539032]]",False
early_neutral,4,2070,0.3102299233588804,-2,[0],"[[-0.8281242847442627, 0.0002999329590238631], [0.17708468437194824, -0.19131267070770264], [0.47272244095802307, -0.07926474511623383], [0.026686981320381165, 0.1142347976565361], [0.24491381645202637, 0.20391671359539032]]",False
early_neutral,4,2071,0.30989670109963346,-2,[0],"[[-0.8281242847442627, 0.0002999329590238631], [0.1707061231136322, -0.1920480579137802], [0.4596094489097595, -0.08039013296365738], [0.026496129110455513, 0.11458444595336914], [0.25410500168800354, 0.20391671359539032]]",False
early_neutral,4,2072,0.30956347884038654,-2,[0],"[[-0.8281242847442627, 0.0002999329590238631], [0.1648281067609787, -0.19233906269073486], [0.44741567969322205, -0.08315424621105194], [0.026496129110455513, 0.11458444595336914], [0.2632961869239807, 0.20391671359539032]]",False
early_neutral,4,2073,0.3092302565811396,-2,[0],"[[-0.8281242847442627, 0.0002999329590238631], [0.159638449549675, -0.1906796544790268], [0.43496227264404297, -0.08601892739534378], [0.026496129110455513, 0.11458444595336914], [0.2724873423576355, 0.20391671359539032]]",False
early_neutral,4,2074,0.3088970343218927,-2,[0],"[[-0.8281242847442627, 0.0002999329590238631], [0.1532425433397293, -0.1888747364282608], [0.42225202918052673, -0.08888748288154602], [0.026496129110455513, 0.11458444595336914], [0.2816784977912903, 0.20391671359539032]]",False
early_neutral,4,2075,0.30856381206264577,-2,[0],"[[-0.8281242847442627, 0.0002999329590238631], [0.1458061933517456, -0.1867699772119522], [0.4093354642391205, -0.09174282103776932], [0.026496129110455513, 0.11458444595336914], [0.29053017497062683, 0.2031237930059433]]",False
early_neutral,4,2076,0.30823058980339885,-2,[0],"[[-0.8281242847442627, 0.0002999329590238631], [0.13750596344470978, -0.18436162173748016], [0.3962424695491791, -0.09455236047506332], [0.026496129110455513, 0.11458444595336914], [0.29784342646598816, 0.20007304847240448]]",False
early_neutral,4,2077,0.3078973675441519,-2,[0],"[[-0.8281242847442627, 0.0002999329590238631], [0.1291504204273224, -0.1818699985742569], [0.3830084800720215, -0.09731331467628479], [0.026161858811974525, 0.11484330892562866], [0.3041078448295593, 0.19598685204982758]]",False
early_neutral,4,2078,0.30756414528490506,-2,[0],"[[-0.8281242847442627, 0.0002999329590238631], [0.12083719670772552, -0.1793191134929657], [0.36966386437416077, -0.1000298410654068], [0.023755721747875214, 0.1164897233247757], [0.3094131350517273, 0.1920805722475052]]",False
early_neutral,4,2079,0.30723092302565813,-2,[0],"[[-0.8281242847442627, 0.0002999329590238631], [0.11254376918077469, -0.17674104869365692], [0.35622987151145935, -0.10270059108734131], [0.020122874528169632, 0.1185830608010292], [0.31430548429489136, 0.18827679753303528]]",False
early_neutral,4,2080,0.3068977007664112,-2,[0],"[[-0.8281242847442627, 0.0002999329590238631], [0.10421311855316162, -0.17421434819698334], [0.34281665086746216, -0.10441992431879044], [0.018395064398646355, 0.1194867417216301], [0.3186275064945221, 0.18448758125305176]]",False
early_neutral,4,2081,0.3065644785071643,-2,[0],"[[-0.8281242847442627, 0.0002999329590238631], [0.09584519267082214, -0.1717403531074524], [0.3307135999202728, -0.10358977317810059], [0.018395064398646355, 0.1194867417216301], [0.324190616607666, 0.18039554357528687]]",False
early_neutral,4,2082,0.30623125624791736,-2,[0],"[[-0.8281242847442627, 0.0002999329590238631], [0.08746027201414108, -0.16929076611995697], [0.3188025951385498, -0.10128173977136612], [0.018395064398646355, 0.1194867417216301], [0.33019739389419556, 0.17598658800125122]]",False
early_neutral,4,2083,0.30589803398867044,-2,[0],"[[-0.8281242847442627, 0.0002999329590238631], [0.07906419038772583, -0.16685742139816284], [0.30653733015060425, -0.0988062247633934], [0.018249621614813805, 0.11932184547185898], [0.3331957459449768, 0.17099690437316895]]",False
early_neutral,4,2084,0.3055648117294235,-2,[0],"[[-0.8281242847442627, 0.0002999329590238631], [0.07227393239736557, -0.1649601310491562], [0.2939983308315277, -0.0961889699101448], [0.016417603939771652, 0.11752334982156754], [0.3335174024105072, 0.1652209311723709]]",False
early_neutral,4,2085,0.3052315894701766,-2,[0],"[[-0.8281242847442627, 0.0002999329590238631], [0.06626541912555695, -0.16346384584903717], [0.28120502829551697, -0.09354759007692337], [0.013431526720523834, 0.11510594934225082], [0.333536833524704, 0.15924008190631866]]",False
early_neutral,4,2086,0.30489836721092967,-2,[0],"[[-0.8281242847442627, 0.0002999329590238631], [0.06003802269697189, -0.16196294128894806], [0.2681919038295746, -0.09093692898750305], [0.011593516916036606, 0.11353816837072372], [0.33354517817497253, 0.15325923264026642]]",False
early_neutral,4,2087,0.3045651449516828,-2,[0],"[[-0.8282533884048462, 0.0002961697173304856], [0.05306391045451164, -0.1596500128507614], [0.25501853227615356, -0.08833245187997818], [0.011354467831552029, 0.11158861964941025], [0.3326214849948883, 0.14793714880943298]]",False
early_neutral,4,2088,0.3042319226924359,-2,[0],"[[-0.8313546180725098, 0.00023349901312030852], [0.04572121053934097, -0.15629838407039642], [0.24173693358898163, -0.08570156246423721], [0.011093871667981148, 0.10883719474077225], [0.3285779058933258, 0.14534437656402588]]",False
early_neutral,4,2089,0.30389870043318895,-2,[0],"[[-0.8359708786010742, 0.0002017211663769558], [0.0383431501686573, -0.15254612267017365], [0.2283688485622406, -0.08305847644805908], [0.010843346826732159, 0.10515554994344711], [0.322169691324234, 0.14424580335617065]]",False
early_neutral,4,2090,0.303565478173942,-2,[0],"[[-0.841950535774231, 0.0002201045281253755], [0.030377984046936035, -0.14845409989356995], [0.2149134874343872, -0.08045226335525513], [0.010676199570298195, 0.10056143254041672], [0.31455400586128235, 0.14312125742435455]]",False
early_neutral,4,2091,0.3032322559146951,-2,[0],"[[-0.8489465117454529, 0.0002488877798896283], [0.021913249045610428, -0.14416834712028503], [0.20138350129127502, -0.07789282500743866], [0.010647176764905453, 0.09513788670301437], [0.30580711364746094, 0.14189469814300537]]",False
early_neutral,4,2092,0.3028990336554482,-2,[0],"[[-0.8566603064537048, 0.00028750699129886925], [0.012978416867554188, -0.1399354785680771], [0.18778134882450104, -0.07540543377399445], [0.010641229338943958, 0.08917351812124252], [0.29658541083335876, 0.14060835540294647]]",False
early_neutral,4,2093,0.30256581139620126,-2,[0],"[[-0.8652003407478333, 0.000337753735948354], [0.0033244993537664413, -0.13562647998332977], [0.17411145567893982, -0.07300526648759842], [0.010639339685440063, 0.08319265395402908], [0.2866300046443939, 0.1391814947128296]]",False
early_neutral,4,2094,0.30223258913695433,-2,[0],"[[-0.8743817210197449, 0.0003946396172977984], [-0.007068713195621967, -0.1313563883304596], [0.1603804975748062, -0.07069792598485947], [0.010639038868248463, 0.07721179723739624], [0.27609783411026, 0.1376272290945053]]",False
early_neutral,4,2095,0.3018993668777074,-2,[0],"[[-0.8835724592208862, 0.0004524370306171477], [-0.01830601505935192, -0.1274099349975586], [0.14659172296524048, -0.06849421560764313], [0.010638901963829994, 0.0712309330701828], [0.26545432209968567, 0.13600118458271027]]",False
early_neutral,4,2096,0.3015661446184605,-2,[0],"[[-0.8912841081619263, 0.000514496467076242], [-0.02979586273431778, -0.1233443096280098], [0.1327706128358841, -0.06648685783147812], [0.0106388870626688, 0.06525007635354996], [0.25420910120010376, 0.13423249125480652]]",False
early_neutral,4,2097,0.3012329223592136,-2,[0],"[[-0.8937081694602966, 0.0005518166581168771], [-0.0391550175845623, -0.11758983135223389], [0.12046000361442566, -0.06583616137504578], [0.010638881474733353, 0.059269215911626816], [0.24240386486053467, 0.13233789801597595]]",False
early_neutral,4,2098,0.3008997000999667,-2,[0],"[[-0.8931516408920288, 0.0005782694788649678], [-0.04739684984087944, -0.11099007725715637], [0.11201315373182297, -0.06718837469816208], [0.010638880543410778, 0.053288355469703674], [0.23014704883098602, 0.13030995428562164]]",False
early_neutral,4,2099,0.30056647784071977,-2,[0],"[[-0.8892381191253662, 0.0006781847914680839], [-0.05583927780389786, -0.10424351692199707], [0.1058710590004921, -0.07021000236272812], [0.010638878680765629, 0.04730749502778053], [0.21753205358982086, 0.12858593463897705]]",False
early_neutral,4,2100,0.30023325558147285,-2,[0],"[[-0.8837681412696838, 0.000712842564098537], [-0.06444880366325378, -0.09738356620073318], [0.09951334446668625, -0.0741390511393547], [0.010638878680765629, 0.04132663086056709], [0.2057759016752243, 0.1292257010936737]]",False
early_neutral,4,2101,0.2999000333222259,-2,[0],"[[-0.8768427968025208, 0.0006634359015151858], [-0.07319322228431702, -0.09043975174427032], [0.09334991872310638, -0.07874712347984314], [0.010638877749443054, 0.03534577414393425], [0.19473053514957428, 0.1321631669998169]]",False
early_neutral,4,2102,0.299566811062979,-2,[0],"[[-0.8686032891273499, 0.0005825943080708385], [-0.08205104619264603, -0.08343702554702759], [0.0867667943239212, -0.08380266278982162], [0.010638877749443054, 0.02936491183936596], [0.18339605629444122, 0.13552238047122955]]",False
early_neutral,4,2103,0.2992335888037321,-2,[0],"[[-0.8593774437904358, 0.00046987010864540935], [-0.09106306731700897, -0.07642603665590286], [0.07971496880054474, -0.08924327790737152], [0.010638877749443054, 0.023384055122733116], [0.17178542912006378, 0.13914932310581207]]",False
early_neutral,4,2104,0.29890036654448515,-2,[0],"[[-0.8500415682792664, 0.0003463294415269047], [-0.10037698596715927, -0.06951248645782471], [0.07222187519073486, -0.09502649307250977], [0.01063887681812048, 0.017403192818164825], [0.15989834070205688, 0.14289993047714233]]",False
early_neutral,4,2105,0.29856714428523823,-2,[0],"[[-0.8407058715820312, 0.00021571834804490209], [-0.10985170304775238, -0.06279145926237106], [0.0643322765827179, -0.10108952224254608], [0.01063887681812048, 0.011422332376241684], [0.14770066738128662, 0.14661505818367004]]",False
early_neutral,4,2106,0.29823392202599136,-2,[0],"[[-0.8340756297111511, 0.00012069654621882364], [-0.11754180490970612, -0.05751238018274307], [0.05587969720363617, -0.10700017213821411], [0.010638875886797905, 0.005441471468657255], [0.13524942100048065, 0.15028011798858643]]",False
early_neutral,4,2107,0.29790069976674444,-2,[0],"[[-0.8326473236083984, 0.00010022607602877542], [-0.12269920110702515, -0.054495666176080704], [0.04752131551504135, -0.11045090109109879], [0.010638875886797905, -0.0005393906612880528], [0.12257857620716095, 0.15386711061000824]]",False
early_neutral,4,2108,0.2975674775074975,-2,[0],"[[-0.8337270617485046, 0.0001421215129084885], [-0.12715114653110504, -0.05324426293373108], [0.04014164209365845, -0.11056265980005264], [0.010638875886797905, -0.006520249880850315], [0.10972119122743607, 0.15736256539821625]]",False
early_neutral,4,2109,0.2972342552482506,-2,[0],"[[-0.8375204801559448, 0.0003015837864950299], [-0.13025762140750885, -0.05528167262673378], [0.03227446973323822, -0.10938076674938202], [0.01063887495547533, -0.01250111311674118], [0.09669432044029236, 0.16074073314666748]]",False
early_neutral,4,2110,0.29690103298900367,-2,[0],"[[-0.8426615595817566, 0.0005458226660266519], [-0.1321820467710495, -0.05890827998518944], [0.023711973801255226, -0.10743904113769531], [0.01063887495547533, -0.018481971696019173], [0.08351565152406693, 0.16398631036281586]]",False
early_neutral,4,2111,0.29656781072975674,-2,[0],"[[-0.8490418791770935, 0.0008656690479256213], [-0.1338936686515808, -0.06308212131261826], [0.01476290076971054, -0.1050557941198349], [0.010638874024152756, -0.024462832137942314], [0.07021965831518173, 0.16712242364883423]]",False
early_neutral,4,2112,0.2962345884705098,-2,[0],"[[-0.8564415574073792, 0.0012464195024222136], [-0.13546308875083923, -0.06788834184408188], [0.004997982177883387, -0.10254471749067307], [0.010638874024152756, -0.030443694442510605], [0.05684744939208031, 0.1701955795288086]]",False
early_neutral,4,2113,0.2959013662112629,-2,[0],"[[-0.8643523454666138, 0.0016640226822346449], [-0.13673840463161469, -0.07309914380311966], [-0.005479985848069191, -0.09993907064199448], [0.010638872161507607, -0.036424554884433746], [0.04341807961463928, 0.17322105169296265]]",False
early_neutral,4,2114,0.29556814395201597,-2,[0],"[[-0.8732236623764038, 0.002146154409274459], [-0.13759005069732666, -0.07899130880832672], [-0.016615835949778557, -0.09725746512413025], [0.010638872161507607, -0.04240541532635689], [0.029907209798693657, 0.17588672041893005]]",False
early_neutral,4,2115,0.2952349216927691,-2,[0],"[[-0.8828205466270447, 0.0026894588954746723], [-0.13775376975536346, -0.08543401211500168], [-0.02831561304628849, -0.09457032382488251], [0.010638872161507607, -0.04838627576828003], [0.01684180460870266, 0.17635641992092133]]",False
early_neutral,4,2116,0.2949016994335222,-2,[0],"[[-0.8931540250778198, 0.003313156310468912], [-0.1373160183429718, -0.09233687818050385], [-0.04034148156642914, -0.09166672080755234], [0.010638871230185032, -0.05436713621020317], [0.003886924125254154, 0.1755754053592682]]",False
early_neutral,4,2117,0.29456847717427526,-2,[0],"[[-0.9003905057907104, 0.004153793212026358], [-0.1364404261112213, -0.0993901789188385], [-0.05241178348660469, -0.08826161921024323], [0.010638871230185032, -0.06034799665212631], [-0.009361338801681995, 0.17477551102638245]]",False
early_neutral,4,2118,0.29423525491502833,-2,[0],"[[-0.9028620719909668, 0.005437615793198347], [-0.13514496386051178, -0.10682106018066406], [-0.0644775778055191, -0.08444944769144058], [0.010638870298862457, -0.06632886081933975], [-0.022844495251774788, 0.17396491765975952]]",False
early_neutral,4,2119,0.2939020326557814,-2,[0],"[[-0.9036992788314819, 0.006380743347108364], [-0.13418042659759521, -0.11310403048992157], [-0.07657568901777267, -0.08039210736751556], [0.010638870298862457, -0.0723097175359726], [-0.03650696575641632, 0.17313545942306519]]",False
early_neutral,4,2120,0.2935688103965345,-2,[0],"[[-0.9031519889831543, 0.008141088299453259], [-0.1337161362171173, -0.11907678097486496], [-0.08862748742103577, -0.07606933265924454], [0.010638870298862457, -0.07829057425260544], [-0.05030529573559761, 0.17228013277053833]]",False
early_neutral,4,2121,0.29323558813728756,-2,[0],"[[-0.896852970123291, 0.009742832742631435], [-0.13368675112724304, -0.12509484589099884], [-0.0999857485294342, -0.07089247554540634], [0.010638869367539883, -0.08427143841981888], [-0.064202219247818, 0.17137077450752258]]",False
early_neutral,4,2122,0.29290236587804064,-2,[0],"[[-0.8889548778533936, 0.010741895996034145], [-0.13416863977909088, -0.13112102448940277], [-0.11022680997848511, -0.06472080945968628], [0.010470368899405003, -0.09023749828338623], [-0.07815862447023392, 0.17032811045646667]]",False
early_neutral,4,2123,0.2925691436187937,-2,[0],"[[-0.8800893425941467, 0.012106474488973618], [-0.13521501421928406, -0.13709937036037445], [-0.11931447684764862, -0.057836297899484634], [0.0075212568044662476, -0.09553000330924988], [-0.092152439057827, 0.16915298998355865]]",False
early_neutral,4,2124,0.2922359213595468,-2,[0],"[[-0.8704192638397217, 0.013640020042657852], [-0.13746346533298492, -0.14289240539073944], [-0.12526196241378784, -0.050257839262485504], [0.0015726384008303285, -0.0999322384595871], [-0.1061740517616272, 0.16788247227668762]]",False
early_neutral,4,2125,0.2919026991002999,-2,[0],"[[-0.8599883913993835, 0.015313675627112389], [-0.1410568803548813, -0.14839082956314087], [-0.1294337809085846, -0.04224414378404617], [-0.004909803159534931, -0.10417219251394272], [-0.1202131137251854, 0.16652774810791016]]",False
early_neutral,4,2126,0.291569476841053,-2,[0],"[[-0.8494317531585693, 0.016985153779387474], [-0.14509551227092743, -0.15240491926670074], [-0.13334797322750092, -0.03398294001817703], [-0.011400394141674042, -0.10840684920549393], [-0.1342504620552063, 0.16505146026611328]]",False
early_neutral,4,2127,0.2912362545818061,-2,[0],"[[-0.8382861614227295, 0.018717899918556213], [-0.15014123916625977, -0.1549774408340454], [-0.1368623524904251, -0.025493074208498], [-0.017897937446832657, -0.11263701319694519], [-0.1482647806406021, 0.16340793669223785]]",False
early_neutral,4,2128,0.29090303232255915,-2,[0],"[[-0.8265472054481506, 0.020504839718341827], [-0.15560844540596008, -0.15718278288841248], [-0.14056998491287231, -0.01692033000290394], [-0.024396579712629318, -0.11686644703149796], [-0.16224807500839233, 0.16160281002521515]]",False
early_neutral,4,2129,0.29056981006331223,-2,[0],"[[-0.8142843842506409, 0.022277379408478737], [-0.16142897307872772, -0.15895918011665344], [-0.14489324390888214, -0.008378550410270691], [-0.030895566567778587, -0.12109564989805222], [-0.17620040476322174, 0.1596616804599762]]",False
early_neutral,4,2130,0.2902365878040653,-2,[0],"[[-0.8016076683998108, 0.02401307411491871], [-0.16757875680923462, -0.16020981967449188], [-0.14983171224594116, 9.19850790523924e-05], [-0.0373946838080883, -0.1253247708082199], [-0.1901169717311859, 0.15758846700191498]]",False
early_neutral,4,2131,0.2899033655448184,-2,[0],"[[-0.7886207699775696, 0.025742219761013985], [-0.17474901676177979, -0.161149799823761], [-0.15549184381961823, 0.008424944244325161], [-0.04389381408691406, -0.129553884267807], [-0.20399220287799835, 0.15538257360458374]]",False
early_neutral,4,2132,0.28957014328557146,-2,[0],"[[-0.7753933072090149, 0.027453215792775154], [-0.18325862288475037, -0.16173630952835083], [-0.1618584841489792, 0.016582848504185677], [-0.05039294436573982, -0.1337830126285553], [-0.21782132983207703, 0.1530439555644989]]",False
early_neutral,4,2133,0.28923692102632453,-2,[0],"[[-0.7619827389717102, 0.02914675883948803], [-0.1924445629119873, -0.16189438104629517], [-0.1689336746931076, 0.024523966014385223], [-0.05689208209514618, -0.1380121260881424], [-0.23159709572792053, 0.15056636929512024]]",False
early_neutral,4,2134,0.28890369876707767,-2,[0],"[[-0.748430073261261, 0.03081558644771576], [-0.2016320824623108, -0.16174866259098053], [-0.176700159907341, 0.0322137251496315], [-0.06339120864868164, -0.1422412395477295], [-0.24530774354934692, 0.1479334831237793]]",False
early_neutral,4,2135,0.28857047650783074,-2,[0],"[[-0.7347602844238281, 0.03243117406964302], [-0.21079836785793304, -0.1613152027130127], [-0.1851496696472168, 0.0396135188639164], [-0.06989032030105591, -0.14647036790847778], [-0.25895047187805176, 0.145150288939476]]",False
early_neutral,4,2136,0.2882372542485838,-2,[0],"[[-0.7209814786911011, 0.03392434120178223], [-0.21994003653526306, -0.16069690883159637], [-0.1942734569311142, 0.046683214604854584], [-0.07638945430517197, -0.15069948136806488], [-0.27255094051361084, 0.14227718114852905]]",False
early_neutral,4,2137,0.2879040319893369,-2,[0],"[[-0.7071146368980408, 0.035290662199258804], [-0.2290538251399994, -0.15992368757724762], [-0.20404942333698273, 0.053387030959129333], [-0.08288860321044922, -0.15492859482765198], [-0.2861161530017853, 0.13933159410953522]]",False
early_neutral,4,2138,0.28757080973008997,-2,[0],"[[-0.6931809186935425, 0.03654840216040611], [-0.23814333975315094, -0.15903684496879578], [-0.21449589729309082, 0.059658899903297424], [-0.08938774466514587, -0.15915769338607788], [-0.29916706681251526, 0.1371423751115799]]",False
early_neutral,4,2139,0.28723758747084305,-2,[0],"[[-0.6791938543319702, 0.037701837718486786], [-0.24721768498420715, -0.1580863893032074], [-0.22556620836257935, 0.0654686987400055], [-0.09588685631752014, -0.16338682174682617], [-0.3093342185020447, 0.1369663029909134]]",False
early_neutral,4,2140,0.2869043652115961,-2,[0],"[[-0.6651613712310791, 0.03874010592699051], [-0.256277859210968, -0.15708017349243164], [-0.23721985518932343, 0.07018837332725525], [-0.1023859828710556, -0.16761593520641327], [-0.31610503792762756, 0.13894784450531006]]",False
early_neutral,4,2141,0.2865711429523492,-2,[0],"[[-0.6510900855064392, 0.039650484919548035], [-0.26533353328704834, -0.15605710446834564], [-0.24887026846408844, 0.07219453901052475], [-0.10888512432575226, -0.17184503376483917], [-0.32306167483329773, 0.14181864261627197]]",False
early_neutral,4,2142,0.2862379206931023,-2,[0],"[[-0.6369816660881042, 0.04038423299789429], [-0.27439427375793457, -0.15501517057418823], [-0.26115357875823975, 0.07261011004447937], [-0.11538434028625488, -0.1760741025209427], [-0.33042266964912415, 0.14536862075328827]]",False
early_neutral,4,2143,0.2859046984338554,-2,[0],"[[-0.6228272914886475, 0.040700241923332214], [-0.28393495082855225, -0.15354375541210175], [-0.27389219403266907, 0.07271546125411987], [-0.12188351154327393, -0.1803032010793686], [-0.33765870332717896, 0.1497131884098053]]",False
early_neutral,4,2144,0.2855714761746085,-2,[0],"[[-0.6086587309837341, 0.040565162897109985], [-0.2940525412559509, -0.151387020945549], [-0.28697463870048523, 0.07245957851409912], [-0.1288742870092392, -0.1839977353811264], [-0.34465301036834717, 0.1549508422613144]]",False
early_neutral,4,2145,0.28523825391536156,-2,[0],"[[-0.5945118069648743, 0.039974961429834366], [-0.30456677079200745, -0.14854787290096283], [-0.3003150224685669, 0.07199366390705109], [-0.13722902536392212, -0.18541009724140167], [-0.3512786626815796, 0.16097316145896912]]",False
early_neutral,4,2146,0.28490503165611464,-2,[0],"[[-0.5804232358932495, 0.03892857953906059], [-0.31517651677131653, -0.1448453664779663], [-0.3138444721698761, 0.07131791114807129], [-0.1463887095451355, -0.18552064895629883], [-0.3576912581920624, 0.1675921231508255]]",False
early_neutral,4,2147,0.2845718093968677,-2,[0],"[[-0.5664613842964172, 0.03731594607234001], [-0.32542264461517334, -0.14010463654994965], [-0.32751184701919556, 0.07046041637659073], [-0.15557986497879028, -0.18553298711776733], [-0.363619327545166, 0.17478324472904205]]",False
early_neutral,4,2148,0.2842385871376208,-2,[0],"[[-0.5527868866920471, 0.03486993536353111], [-0.3354869484901428, -0.13475826382637024], [-0.3412739932537079, 0.06942064315080643], [-0.16477105021476746, -0.18553785979747772], [-0.3700614273548126, 0.18208886682987213]]",False
early_neutral,4,2149,0.28390536487837387,-2,[0],"[[-0.5395039319992065, 0.03163096681237221], [-0.34516388177871704, -0.12880487740039825], [-0.35509979724884033, 0.0682145208120346], [-0.17396220564842224, -0.1855384260416031], [-0.3775702714920044, 0.18920038640499115]]",False
early_neutral,4,2150,0.28357214261912694,-2,[0],"[[-0.5264594554901123, 0.027997910976409912], [-0.35458463430404663, -0.12244793772697449], [-0.36897239089012146, 0.06688617169857025], [-0.18315337598323822, -0.18553870916366577], [-0.38616418838500977, 0.19597509503364563]]",False
early_neutral,4,2151,0.28323892035988,-2,[0],"[[-0.5136060118675232, 0.02408556453883648], [-0.36390843987464905, -0.11585810780525208], [-0.38287362456321716, 0.06544249504804611], [-0.1923445612192154, -0.18553875386714935], [-0.3963075876235962, 0.20195171236991882]]",False
early_neutral,4,2152,0.2829056981006331,-2,[0],"[[-0.5028946399688721, 0.020389365032315254], [-0.3731512427330017, -0.10908976942300797], [-0.39679184556007385, 0.06389802694320679], [-0.20153573155403137, -0.18553875386714935], [-0.40723082423210144, 0.2069525271654129]]",False
early_neutral,4,2153,0.28257247584138623,-2,[0],"[[-0.49470067024230957, 0.01735619269311428], [-0.38257619738578796, -0.1023283451795578], [-0.41071778535842896, 0.06226139888167381], [-0.21072691679000854, -0.18553875386714935], [-0.41607666015625, 0.21009714901447296]]",False
early_neutral,4,2154,0.2822392535821393,-2,[0],"[[-0.48652809858322144, 0.014175300486385822], [-0.3921996057033539, -0.09560877829790115], [-0.42467159032821655, 0.06063707172870636], [-0.21991808712482452, -0.18553875386714935], [-0.4249686300754547, 0.21087504923343658]]",False
early_neutral,4,2155,0.2819060313228924,-2,[0],"[[-0.47898826003074646, 0.010507785715162754], [-0.4018735885620117, -0.08886093646287918], [-0.43871185183525085, 0.05928252264857292], [-0.2291092574596405, -0.18553875386714935], [-0.4318212866783142, 0.21060170233249664]]",False
early_neutral,4,2156,0.28157280906364546,-2,[0],"[[-0.47263574600219727, 0.007123428862541914], [-0.4115106761455536, -0.08204617351293564], [-0.4528191387653351, 0.05818317458033562], [-0.23830044269561768, -0.18553875386714935], [-0.4376930594444275, 0.20891687273979187]]",False
early_neutral,4,2157,0.28123958680439853,-2,[0],"[[-0.46746882796287537, 0.004222487565129995], [-0.4210192561149597, -0.07512254267930984], [-0.4662950038909912, 0.05708993226289749], [-0.24749161303043365, -0.18553875386714935], [-0.44335389137268066, 0.20692770183086395]]",False
early_neutral,4,2158,0.2809063645451516,-2,[0],"[[-0.46251317858695984, 0.0016561654629185796], [-0.43018367886543274, -0.06798061728477478], [-0.4763798713684082, 0.05627519264817238], [-0.25668278336524963, -0.18553875386714935], [-0.448868989944458, 0.204772487282753]]",False
early_neutral,4,2159,0.2805731422859047,-2,[0],"[[-0.4581935703754425, -0.00021084189938846976], [-0.4390844404697418, -0.060680557042360306], [-0.48537036776542664, 0.05556333065032959], [-0.2658739387989044, -0.18553875386714935], [-0.45395752787590027, 0.20257189869880676]]",False
early_neutral,4,2160,0.28023992002665776,-2,[0],"[[-0.4545964002609253, -0.001840264187194407], [-0.44895610213279724, -0.05392201244831085], [-0.49179407954216003, 0.05434861779212952], [-0.2750651240348816, -0.18553875386714935], [-0.4553453028202057, 0.2018982619047165]]",False
early_neutral,4,2161,0.27990669776741084,-2,[0],"[[-0.45252516865730286, -0.0032291640527546406], [-0.4600296914577484, -0.04799143597483635], [-0.4972880780696869, 0.05217722803354263], [-0.28425630927085876, -0.18553875386714935], [-0.4553453028202057, 0.2018982619047165]]",False
early_neutral,4,2162,0.27957347550816397,-2,[0],"[[-0.4521831274032593, -0.0036618744488805532], [-0.47062164545059204, -0.04316071420907974], [-0.5029825568199158, 0.05015960708260536], [-0.29344749450683594, -0.18553875386714935], [-0.4553453028202057, 0.2018982619047165]]",False
early_neutral,4,2163,0.27924025324891705,-2,[0],"[[-0.4539094865322113, -0.0036381776444613934], [-0.4790472388267517, -0.04020845890045166], [-0.5090493559837341, 0.048685889691114426], [-0.30261489748954773, -0.18525917828083038], [-0.45536693930625916, 0.20188327133655548]]",False
early_neutral,4,2164,0.2789070309896701,-2,[0],"[[-0.45975443720817566, -0.0038310375530272722], [-0.48692062497138977, -0.03813736513257027], [-0.5153642296791077, 0.04774923995137215], [-0.3116944134235382, -0.18357408046722412], [-0.45725783705711365, 0.20052655041217804]]",False
early_neutral,4,2165,0.2785738087304232,-2,[0],"[[-0.46740981936454773, -0.004122054670006037], [-0.49301809072494507, -0.03680277615785599], [-0.5202267169952393, 0.04718886688351631], [-0.31851726770401, -0.1800004243850708], [-0.4602649211883545, 0.1982611119747162]]",False
early_neutral,4,2166,0.2782405864711763,-2,[0],"[[-0.47651368379592896, -0.004153179470449686], [-0.4991569519042969, -0.03567124158143997], [-0.5208879709243774, 0.04710358381271362], [-0.324284166097641, -0.17516179382801056], [-0.46412038803100586, 0.19527053833007812]]",False
early_neutral,4,2167,0.27790736421192935,-2,[0],"[[-0.48657503724098206, -0.004075302742421627], [-0.5017407536506653, -0.03522694483399391], [-0.5208879709243774, 0.04710358381271362], [-0.32992541790008545, -0.16963903605937958], [-0.4683482050895691, 0.19211484491825104]]",False
early_neutral,4,2168,0.27757414195268243,-2,[0],"[[-0.49744269251823425, -0.003955498803406954], [-0.5017407536506653, -0.03522694483399391], [-0.5208879709243774, 0.04710358381271362], [-0.3353518843650818, -0.1636013388633728], [-0.4724515974521637, 0.18916895985603333]]",False
early_neutral,4,2169,0.2772409196934355,-2,[0],"[[-0.5090325474739075, -0.0038058916106820107], [-0.5017407536506653, -0.03522694483399391], [-0.5208879709243774, 0.04710358381271362], [-0.3407319486141205, -0.15741822123527527], [-0.47362738847732544, 0.18834228813648224]]",False
early_neutral,4,2170,0.2769076974341886,-2,[0],"[[-0.5212274789810181, -0.0036279314663261175], [-0.5017407536506653, -0.03522694483399391], [-0.5208879709243774, 0.04710358381271362], [-0.3463357090950012, -0.15082919597625732], [-0.47362738847732544, 0.18834228813648224]]",False
early_neutral,4,2171,0.27657447517494166,-2,[0],"[[-0.5338956117630005, -0.00342392036691308], [-0.5017407536506653, -0.03522694483399391], [-0.5208879709243774, 0.04710358381271362], [-0.3523673415184021, -0.14395307004451752], [-0.47362738847732544, 0.18834228813648224]]",False
early_neutral,4,2172,0.2762412529156948,-2,[0],"[[-0.5469299554824829, -0.003197985701262951], [-0.5017407536506653, -0.03522694483399391], [-0.5208879709243774, 0.04710358381271362], [-0.35898077487945557, -0.13693319261074066], [-0.47364768385887146, 0.18832650780677795]]",False
early_neutral,4,2173,0.27590803065644787,-2,[0],"[[-0.5602449774742126, -0.0029496983624994755], [-0.5017407536506653, -0.03522694483399391], [-0.5210586786270142, 0.04765668138861656], [-0.3663804531097412, -0.1299538016319275], [-0.4753674864768982, 0.18687686324119568]]",False
early_neutral,4,2174,0.27557480839720094,-2,[0],"[[-0.5737742185592651, -0.002688793232664466], [-0.5017407536506653, -0.03522694483399391], [-0.5214777588844299, 0.04971333220601082], [-0.3753524720668793, -0.123546302318573], [-0.47797277569770813, 0.1844101846218109]]",False
early_neutral,4,2175,0.275241586137954,-2,[0],"[[-0.5874660015106201, -0.00241759791970253], [-0.5017407536506653, -0.03522694483399391], [-0.5217021107673645, 0.052585385739803314], [-0.3857453763484955, -0.11788243800401688], [-0.48122379183769226, 0.1811215728521347]]",False
early_neutral,4,2176,0.2749083638787071,-2,[0],"[[-0.6012805104255676, -0.0021384130232036114], [-0.5014200806617737, -0.03462497517466545], [-0.5216121077537537, 0.05396493151783943], [-0.3973638415336609, -0.11312626302242279], [-0.48560720682144165, 0.17726711928844452]]",False
early_neutral,4,2177,0.2745751416194602,-2,[0],"[[-0.6151877641677856, -0.0018531644018366933], [-0.5002716779708862, -0.032076526433229446], [-0.5216121077537537, 0.05396493151783943], [-0.41006678342819214, -0.10951125621795654], [-0.491226464509964, 0.17304417490959167]]",False
early_neutral,4,2178,0.27424191936021325,-2,[0],"[[-0.6291648745536804, -0.0015659083146601915], [-0.4994395971298218, -0.02985634282231331], [-0.5216121077537537, 0.05396493151783943], [-0.4235342741012573, -0.10711027681827545], [-0.49759241938591003, 0.16860157251358032]]",False
early_neutral,4,2179,0.2739086971009663,-2,[0],"[[-0.6431954503059387, -0.001294874818995595], [-0.499432235956192, -0.029836762696504593], [-0.5216121077537537, 0.05396493151783943], [-0.4374982714653015, -0.10613086819648743], [-0.5046882629394531, 0.1638784408569336]]",False
early_neutral,4,2180,0.2735754748417194,-2,[0],"[[-0.6572662591934204, -0.0010427054949104786], [-0.49953970313072205, -0.02965993620455265], [-0.5210803747177124, 0.05528448149561882], [-0.4513912796974182, -0.10654933005571365], [-0.5121011137962341, 0.15894891321659088]]",False
early_neutral,4,2181,0.27324225258247253,-2,[0],"[[-0.6713671684265137, -0.0008025452843867242], [-0.5004788041114807, -0.027553843334317207], [-0.5204430222511292, 0.05805010348558426], [-0.46285489201545715, -0.10868867486715317], [-0.5196753144264221, 0.15372201800346375]]",False
early_neutral,4,2182,0.2729090303232256,-2,[0],"[[-0.6854904294013977, -0.0005704898503609002], [-0.5011764764785767, -0.024418123066425323], [-0.520243763923645, 0.061754558235406876], [-0.47142547369003296, -0.11313069611787796], [-0.5275427103042603, 0.14810019731521606]]",False
early_neutral,4,2183,0.2725758080639787,-2,[0],"[[-0.6996306777000427, -0.0003446922928560525], [-0.5013617277145386, -0.022477321326732635], [-0.5201447010040283, 0.06635084003210068], [-0.47865426540374756, -0.11758093535900116], [-0.5353759527206421, 0.1419622302055359]]",False
early_neutral,4,2184,0.27224258580473176,-2,[0],"[[-0.7137833833694458, -0.0001203948340844363], [-0.5016214847564697, -0.02239023707807064], [-0.5197039842605591, 0.0706348791718483], [-0.48342710733413696, -0.12051926553249359], [-0.5427154898643494, 0.13558614253997803]]",False
early_neutral,4,2185,0.27190936354548484,-2,[0],"[[-0.7279451489448547, 0.00011060771066695452], [-0.5046328902244568, -0.021441148594021797], [-0.5192831754684448, 0.07192043960094452], [-0.48792168498039246, -0.12328624725341797], [-0.5490460395812988, 0.12998360395431519]]",False
early_neutral,4,2186,0.2715761412862379,-2,[0],"[[-0.7421088218688965, 0.0004461906792130321], [-0.5090000629425049, -0.020189953967928886], [-0.5191142559051514, 0.07217252999544144], [-0.491038978099823, -0.12520535290241241], [-0.5532325506210327, 0.12471362203359604]]",False
early_neutral,4,2187,0.271242919026991,-2,[0],"[[-0.7562687397003174, 0.0009145099320448935], [-0.5135324597358704, -0.017894040793180466], [-0.5176374912261963, 0.07384993880987167], [-0.4929165542125702, -0.12636123597621918], [-0.555857241153717, 0.11976014822721481]]",False
early_neutral,4,2188,0.27090969676774407,-2,[0],"[[-0.7704253196716309, 0.001471103634685278], [-0.5170246958732605, -0.014517500065267086], [-0.5150887370109558, 0.07603325694799423], [-0.49393099546432495, -0.12689732015132904], [-0.5575878024101257, 0.11601094156503677]]",False
early_neutral,4,2189,0.27057647450849714,-2,[0],"[[-0.7845814228057861, 0.0020616475958377123], [-0.5198985934257507, -0.011383404023945332], [-0.5112062096595764, 0.07869022339582443], [-0.49400901794433594, -0.12509138882160187], [-0.5597483515739441, 0.11216144263744354]]",False
early_neutral,4,2190,0.2702432522492503,-2,[0],"[[-0.7987360954284668, 0.002687466563656926], [-0.5204681158065796, -0.010890551842749119], [-0.5063125491142273, 0.08140531927347183], [-0.49394145607948303, -0.12211044132709503], [-0.561587929725647, 0.1089654341340065]]",False
early_neutral,4,2191,0.26991002999000335,-2,[0],"[[-0.8128878474235535, 0.0033552926033735275], [-0.5194683074951172, -0.010220305994153023], [-0.5013784766197205, 0.08414995670318604], [-0.4938707947731018, -0.11817868053913116], [-0.5626980066299438, 0.10725358128547668]]",True
early_neutral,4,2192,0.26957680773075643,-2,[0],"[[-0.8270361423492432, 0.0040644132532179356], [-0.516374945640564, -0.00856663379818201], [-0.49835509061813354, 0.0885678380727768], [-0.49367088079452515, -0.11336412280797958], [-0.5637465119361877, 0.1062941923737526]]",True
early_neutral,4,2193,0.2692435854715095,-2,[0],"[[-0.8411918878555298, 0.004714586306363344], [-0.511728823184967, -0.006736757233738899], [-0.4965842366218567, 0.0940319299697876], [-0.4932650625705719, -0.10776467621326447], [-0.5653459429740906, 0.10574602335691452]]",True
early_neutral,4,2194,0.2689103632122626,-2,[0],"[[-0.855359673500061, 0.005248446483165026], [-0.5064265727996826, -0.00498898234218359], [-0.4929681420326233, 0.09970377385616302], [-0.49248531460762024, -0.10162948071956635], [-0.5662156939506531, 0.10532686859369278]]",True
early_neutral,4,2195,0.26857714095301566,-2,[0],"[[-0.869534432888031, 0.0057043950073421], [-0.5006737112998962, -0.003340901341289282], [-0.4863255023956299, 0.10478225350379944], [-0.49126943945884705, -0.09498970210552216], [-0.5671546459197998, 0.10598818957805634]]",True
early_neutral,4,2196,0.26824391869376873,-2,[0],"[[-0.8837082982063293, 0.006177263334393501], [-0.49464550614356995, -0.0018531741807237267], [-0.4785335063934326, 0.10944639891386032], [-0.48885440826416016, -0.08873940259218216], [-0.5670315623283386, 0.10897938907146454]]",True
early_neutral,4,2197,0.2679106964345218,-2,[0],"[[-0.8978803753852844, 0.006676461081951857], [-0.48783525824546814, -0.00011563461157493293], [-0.4699212610721588, 0.11358510702848434], [-0.48276421427726746, -0.08375760167837143], [-0.5658729076385498, 0.1123131737112999]]",True
early_neutral,4,2198,0.2675774741752749,-2,[0],"[[-0.9120445251464844, 0.007266313768923283], [-0.4800392985343933, 0.0021801621187478304], [-0.46017003059387207, 0.11741261929273605], [-0.47469937801361084, -0.07971169799566269], [-0.5641626119613647, 0.11564663052558899]]",True
early_neutral,4,2199,0.26724425191602796,-2,[0],"[[-0.9261970520019531, 0.007965256460011005], [-0.47158560156822205, 0.0049439771100878716], [-0.4494869112968445, 0.12096985429525375], [-0.46636223793029785, -0.07814718037843704], [-0.5632835030555725, 0.1176588237285614]]",True
early_neutral,4,2200,0.2669110296567811,-2,[0],"[[-0.9388914704322815, 0.00873233936727047], [-0.46243271231651306, 0.008057676255702972], [-0.4378032088279724, 0.12386798858642578], [-0.45679035782814026, -0.07868441939353943], [-0.5632448792457581, 0.11774621158838272]]",True
early_neutral,4,2201,0.26657780739753417,-2,[0],"[[-0.9492934942245483, 0.009816414676606655], [-0.45267006754875183, 0.011487443931400776], [-0.4254365563392639, 0.1262744814157486], [-0.4482831060886383, -0.07831144332885742], [-0.562835693359375, 0.11833259463310242]]",True
early_neutral,4,2202,0.26624458513828725,-2,[0],"[[-0.9578900337219238, 0.010958119295537472], [-0.4421226680278778, 0.01492328755557537], [-0.41261279582977295, 0.12835970520973206], [-0.4402734041213989, -0.07577276229858398], [-0.5623847246170044, 0.1189788430929184]]",True
early_neutral,4,2203,0.2659113628790403,-2,[0],"[[-0.961739718914032, 0.011297616176307201], [-0.43067488074302673, 0.01798224449157715], [-0.3994315564632416, 0.1301347017288208], [-0.43236470222473145, -0.0725182592868805], [-0.5620445013046265, 0.11943110078573227]]",True
early_neutral,4,2204,0.2655781406197934,-2,[0],"[[-0.9620965719223022, 0.011323058977723122], [-0.41853946447372437, 0.020706554874777794], [-0.38604575395584106, 0.13186465203762054], [-0.4253944456577301, -0.0686282366514206], [-0.5616962909698486, 0.11986229568719864]]",True
early_neutral,4,2205,0.2652449183605465,-2,[0],"[[-0.960326075553894, 0.012841342948377132], [-0.40583735704421997, 0.023033028468489647], [-0.3725088834762573, 0.13357773423194885], [-0.4194505512714386, -0.06418724358081818], [-0.5614289045333862, 0.12019319087266922]]",True
early_neutral,4,2206,0.26491169610129955,-2,[0],"[[-0.9567394852638245, 0.01485611591488123], [-0.392682284116745, 0.02493707463145256], [-0.35885849595069885, 0.13528560101985931], [-0.41619259119033813, -0.061415959149599075], [-0.5613713264465332, 0.12026316672563553]]",True
early_neutral,4,2207,0.26457847384205263,-2,[0],"[[-0.9528716206550598, 0.01705803908407688], [-0.3792237639427185, 0.02657688409090042], [-0.34512248635292053, 0.13699305057525635], [-0.4159375727176666, -0.06118924543261528], [-0.5613116025924683, 0.1203356385231018]]",True
early_neutral,4,2208,0.2642452515828057,-2,[0],"[[-0.948700487613678, 0.01902361586689949], [-0.36552271246910095, 0.0279310904443264], [-0.3312428593635559, 0.13837626576423645], [-0.41525137424468994, -0.06222423166036606], [-0.5601781010627747, 0.11957883834838867]]",True
early_neutral,4,2209,0.26391202932355884,-2,[0],"[[-0.9443334341049194, 0.02072964794933796], [-0.3515760600566864, 0.028513003140687943], [-0.3171602487564087, 0.13862909376621246], [-0.41376784443855286, -0.0646665096282959], [-0.5591452717781067, 0.11837203055620193]]",True
early_neutral,4,2210,0.2635788070643119,-2,[0],"[[-0.9406269788742065, 0.021841881796717644], [-0.3375342786312103, 0.027896935120224953], [-0.3030931353569031, 0.13776914775371552], [-0.4121467173099518, -0.06776260584592819], [-0.5585479736328125, 0.11656448245048523]]",True
early_neutral,4,2211,0.263245584805065,-2,[0],"[[-0.9367435574531555, 0.022659355774521828], [-0.32443562150001526, 0.026521386578679085], [-0.28905048966407776, 0.13656958937644958], [-0.41168802976608276, -0.0692177265882492], [-0.5577842593193054, 0.11437727510929108]]",True
early_neutral,4,2212,0.26291236254581807,-2,[0],"[[-0.9325993657112122, 0.022685542702674866], [-0.31521138548851013, 0.024621669203042984], [-0.2750109136104584, 0.13525298237800598], [-0.41166967153549194, -0.0694035142660141], [-0.5566941499710083, 0.11178921163082123]]",True
early_neutral,4,2213,0.26257914028657114,-2,[0],"[[-0.9286496639251709, 0.02166464738547802], [-0.3082650899887085, 0.021182863041758537], [-0.2609708905220032, 0.1338651031255722], [-0.41166967153549194, -0.0694035142660141], [-0.5556775331497192, 0.10968104749917984]]",True
early_neutral,4,2214,0.2622459180273242,-2,[0],"[[-0.9251598715782166, 0.020442042499780655], [-0.3031083047389984, 0.018544990569353104], [-0.24692188203334808, 0.13246193528175354], [-0.41166967153549194, -0.0694035142660141], [-0.554710328578949, 0.10817255079746246]]",True
early_neutral,4,2215,0.2619126957680773,-2,[0],"[[-0.9224668145179749, 0.019552048295736313], [-0.2980651259422302, 0.015945328399538994], [-0.23285064101219177, 0.13111640512943268], [-0.4112522006034851, -0.07005231082439423], [-0.5529538989067078, 0.10371433198451996]]",True
early_neutral,4,2216,0.2615794735088304,-2,[0],"[[-0.9210959672927856, 0.01883198507130146], [-0.29294297099113464, 0.013412600383162498], [-0.21869291365146637, 0.1301937699317932], [-0.4098159074783325, -0.07232535630464554], [-0.5512785911560059, 0.09725295752286911]]",True
early_neutral,4,2217,0.26124625124958345,-2,[0],"[[-0.9196761250495911, 0.017026986926794052], [-0.2876356244087219, 0.011046817526221275], [-0.20471204817295074, 0.12997587025165558], [-0.4079310894012451, -0.07538332045078278], [-0.5503561496734619, 0.09285320341587067]]",True
early_neutral,4,2218,0.2609130289903366,-2,[0],"[[-0.9172785878181458, 0.01474578958004713], [-0.2822393476963043, 0.00876817386597395], [-0.19115187227725983, 0.12989209592342377], [-0.40564244985580444, -0.0791952833533287], [-0.5500003099441528, 0.09005483239889145]]",True
early_neutral,4,2219,0.26057980673108966,-2,[0],"[[-0.9135169982910156, 0.013627602718770504], [-0.2772054374217987, 0.006164418533444405], [-0.18046535551548004, 0.13071024417877197], [-0.4030783176422119, -0.083580382168293], [-0.5496919751167297, 0.08763010054826736]]",True
early_neutral,4,2220,0.26024658447184273,-2,[0],"[[-0.9096949100494385, 0.015177970752120018], [-0.2726401388645172, 0.0032054148614406586], [-0.17104952037334442, 0.13065004348754883], [-0.40034911036491394, -0.08837414532899857], [-0.5494977831840515, 0.08610309660434723]]",True
early_neutral,4,2221,0.2599133622125958,-2,[0],"[[-0.9069780707359314, 0.017237208783626556], [-0.26793017983436584, -0.0004069339483976364], [-0.16124099493026733, 0.12952260673046112], [-0.39739853143692017, -0.09301961213350296], [-0.549422025680542, 0.08550725132226944]]",True
early_neutral,4,2222,0.2595801399533489,-2,[0],"[[-0.9047706127166748, 0.019155316054821014], [-0.2629256546497345, -0.004867033567279577], [-0.15000154078006744, 0.12769091129302979], [-0.39339932799339294, -0.09441347420215607], [-0.5495427846908569, 0.08645689487457275]]",True
early_neutral,4,2223,0.25924691769410196,-2,[0],"[[-0.9023548364639282, 0.02153022401034832], [-0.25849923491477966, -0.010105556808412075], [-0.13853421807289124, 0.12608817219734192], [-0.3888654410839081, -0.09285341948270798], [-0.5498477220535278, 0.08914902806282043]]",True
early_neutral,4,2224,0.25891369543485504,-2,[0],"[[-0.900644063949585, 0.023432370275259018], [-0.2560461163520813, -0.016008878126740456], [-0.1273484081029892, 0.12462121993303299], [-0.38571617007255554, -0.08923220634460449], [-0.550167977809906, 0.09291183203458786]]",True
early_neutral,4,2225,0.2585804731756081,-2,[0],"[[-0.8997133374214172, 0.024527043104171753], [-0.25730812549591064, -0.021692998707294464], [-0.11624765396118164, 0.12326043099164963], [-0.3850795328617096, -0.08424408733844757], [-0.550369381904602, 0.09717180579900742]]",True
early_neutral,4,2226,0.2582472509163612,-2,[0],"[[-0.8988823890686035, 0.02559673599898815], [-0.25889915227890015, -0.027853332459926605], [-0.10380018502473831, 0.12099216878414154], [-0.3861038386821747, -0.07853419333696365], [-0.5504032969474792, 0.10097967088222504]]",True
early_neutral,4,2227,0.25791402865711427,-2,[0],"[[-0.8974302411079407, 0.027964049950242043], [-0.2597462832927704, -0.03463418781757355], [-0.09123194962739944, 0.11868425458669662], [-0.38839274644851685, -0.07274643331766129], [-0.5504418611526489, 0.10406970977783203]]",True
early_neutral,4,2228,0.2575808063978674,-2,[0],"[[-0.8959213495254517, 0.03128800913691521], [-0.2601640224456787, -0.04167232662439346], [-0.0809018611907959, 0.11706797033548355], [-0.39150550961494446, -0.06709753721952438], [-0.5504837036132812, 0.10583578795194626]]",True
early_neutral,4,2229,0.2572475841386205,-2,[0],"[[-0.8951597809791565, 0.03290943056344986], [-0.2606699466705322, -0.04895159602165222], [-0.07558710128068924, 0.1163291335105896], [-0.3912314474582672, -0.061052750796079636], [-0.5504310727119446, 0.10574764013290405]]",True
early_neutral,4,2230,0.25691436187937355,-2,[0],"[[-0.8946886658668518, 0.033578723669052124], [-0.2612561285495758, -0.056641530245542526], [-0.0783458724617958, 0.1157805547118187], [-0.3869556784629822, -0.05508096516132355], [-0.549584686756134, 0.10567998141050339]]",True
early_neutral,4,2231,0.25658113962012663,-2,[0],"[[-0.8946886658668518, 0.033578723669052124], [-0.261801153421402, -0.0647021159529686], [-0.08270153403282166, 0.11457372456789017], [-0.3812275230884552, -0.04941956698894501], [-0.546229362487793, 0.10616009682416916]]",True
early_neutral,4,2232,0.2562479173608797,-2,[0],"[[-0.8946886658668518, 0.033578723669052124], [-0.26224297285079956, -0.07306154817342758], [-0.08816263824701309, 0.11274485290050507], [-0.3746523857116699, -0.043746158480644226], [-0.5415911078453064, 0.10632281005382538]]",True
early_neutral,4,2233,0.2559146951016328,-2,[0],"[[-0.8927420973777771, 0.033023230731487274], [-0.26264503598213196, -0.08165360987186432], [-0.09497959166765213, 0.11078794300556183], [-0.3672369420528412, -0.03794802725315094], [-0.5361167788505554, 0.10640501230955124]]",True
early_neutral,4,2234,0.25558147284238586,-2,[0],"[[-0.8886620998382568, 0.032057024538517], [-0.26303884387016296, -0.09042580425739288], [-0.10309235006570816, 0.1088903397321701], [-0.35924792289733887, -0.03195410594344139], [-0.5287641882896423, 0.10648080706596375]]",True
early_neutral,4,2235,0.25524825058313894,-2,[0],"[[-0.8830628395080566, 0.0310430396348238], [-0.2635835111141205, -0.09933304041624069], [-0.11210666596889496, 0.1069139763712883], [-0.35070255398750305, -0.025863664224743843], [-0.52018803358078, 0.1064966544508934]]",True
early_neutral,4,2236,0.254915028323892,-2,[0],"[[-0.8759681582450867, 0.030123909935355186], [-0.264877051115036, -0.10831405967473984], [-0.12191976606845856, 0.10479346662759781], [-0.3415584862232208, -0.01980552077293396], [-0.5108832120895386, 0.10652613639831543]]",True
early_neutral,4,2237,0.25458180606464514,-2,[0],"[[-0.8676176071166992, 0.029533149674534798], [-0.2668827474117279, -0.11720253527164459], [-0.1301957368850708, 0.10277314484119415], [-0.33165302872657776, -0.013988493010401726], [-0.5015616416931152, 0.10659629851579666]]",True
early_neutral,4,2238,0.2542485838053982,-2,[0],"[[-0.8613972663879395, 0.029313623905181885], [-0.2689565420150757, -0.1242256760597229], [-0.1334913969039917, 0.10112017393112183], [-0.3221525549888611, -0.008300811983644962], [-0.49302035570144653, 0.10668733716011047]]",True
early_neutral,4,2239,0.2539153615461513,-2,[0],"[[-0.8556963205337524, 0.02930781990289688], [-0.2716609239578247, -0.12994025647640228], [-0.1344727873802185, 0.09998675435781479], [-0.31661850214004517, -0.0034231047611683607], [-0.48442861437797546, 0.1067417562007904]]",True
early_neutral,4,2240,0.2535821392869044,-2,[0],"[[-0.8507215976715088, 0.029443196952342987], [-0.2748270034790039, -0.13555492460727692], [-0.13543103635311127, 0.09858479350805283], [-0.3160916566848755, 0.00023671019880566746], [-0.4751807451248169, 0.10675521194934845]]",True
early_neutral,4,2241,0.25324891702765745,-2,[0],"[[-0.8461475372314453, 0.029686320573091507], [-0.2781983017921448, -0.14111876487731934], [-0.12966005504131317, 0.09672370553016663], [-0.31936541199684143, 0.0038331225514411926], [-0.46566781401634216, 0.10675226151943207]]",True
early_neutral,4,2242,0.2529156947684105,-2,[0],"[[-0.8417903184890747, 0.03001919575035572], [-0.28173333406448364, -0.14663955569267273], [-0.12202616035938263, 0.09492076933383942], [-0.3252295255661011, 0.0070671336725354195], [-0.4564480781555176, 0.10675299912691116]]",True
early_neutral,4,2243,0.2525824725091636,-2,[0],"[[-0.837951123714447, 0.03032626397907734], [-0.2852328419685364, -0.15216991305351257], [-0.11313334107398987, 0.09338564425706863], [-0.33063992857933044, 0.009612181223928928], [-0.4462305009365082, 0.10685714334249496]]",True
early_neutral,4,2244,0.2522492502499167,-2,[0],"[[-0.8341102600097656, 0.03062410280108452], [-0.28866979479789734, -0.15771687030792236], [-0.10322938114404678, 0.09210588037967682], [-0.3358694314956665, 0.012050976976752281], [-0.4375193417072296, 0.10603093355894089]]",True
early_neutral,4,2245,0.25191602799066976,-2,[0],"[[-0.830376923084259, 0.02975715696811676], [-0.2920216917991638, -0.16328580677509308], [-0.09247665852308273, 0.09110875427722931], [-0.3401516377925873, 0.014045878313481808], [-0.4307113587856293, 0.10421610623598099]]",True
early_neutral,4,2246,0.25158280573142283,-2,[0],"[[-0.8287402391433716, 0.027188071981072426], [-0.2952752709388733, -0.16887935996055603], [-0.08099585771560669, 0.09026777744293213], [-0.34061357378959656, 0.014263547025620937], [-0.4255980849266052, 0.1013680249452591]]",True
early_neutral,4,2247,0.25124958347217596,-2,[0],"[[-0.8279827237129211, 0.02476479671895504], [-0.29800018668174744, -0.17373326420783997], [-0.06890943646430969, 0.08945697546005249], [-0.3405359983444214, 0.014196319505572319], [-0.419871985912323, 0.09794314205646515]]",True
early_neutral,4,2248,0.25091636121292904,-2,[0],"[[-0.8272964358329773, 0.022843698039650917], [-0.30007317662239075, -0.17769654095172882], [-0.0563449002802372, 0.08865527808666229], [-0.338532954454422, 0.012690532021224499], [-0.4136156737804413, 0.09432853013277054]]",True
early_neutral,4,2249,0.2505831389536821,-2,[0],"[[-0.8268468379974365, 0.021718159317970276], [-0.30193647742271423, -0.18148308992385864], [-0.04345064237713814, 0.08759388327598572], [-0.33522966504096985, 0.010657140985131264], [-0.40819400548934937, 0.09122049808502197]]",False
early_neutral,4,2250,0.2502499166944352,-2,[0],"[[-0.8268468379974365, 0.021718159317970276], [-0.30244210362434387, -0.18250951170921326], [-0.030434394255280495, 0.08621475100517273], [-0.3316602408885956, 0.0079413503408432], [-0.40409567952156067, 0.08862564712762833]]",False
early_neutral,4,2251,0.24991669443518827,-2,[0],"[[-0.8268468379974365, 0.021718159317970276], [-0.30244210362434387, -0.18250951170921326], [-0.020025301724672318, 0.08512736856937408], [-0.3284194767475128, 0.004906747490167618], [-0.39987266063690186, 0.0859171599149704]]",False
early_neutral,4,2252,0.24958347217594135,-2,[0],"[[-0.8265163898468018, 0.02101792022585869], [-0.30147692561149597, -0.18128110468387604], [-0.013357692398130894, 0.08474311977624893], [-0.32519426941871643, 0.0027732893358916044], [-0.39587581157684326, 0.08335373550653458]]",False
early_neutral,4,2253,0.24925024991669442,-2,[0],"[[-0.8252657651901245, 0.0190252885222435], [-0.29986029863357544, -0.1786917746067047], [-0.006935418583452702, 0.08449490368366241], [-0.3214944899082184, 0.0018366326112300158], [-0.39301764965057373, 0.08151250332593918]]",False
early_neutral,4,2254,0.24891702765744753,-2,[0],"[[-0.8230296969413757, 0.016315661370754242], [-0.2981203496456146, -0.17514242231845856], [-0.0005289156106300652, 0.08411156386137009], [-0.3195635676383972, 0.0015099534066393971], [-0.39256566762924194, 0.08122021704912186]]",False
early_neutral,4,2255,0.2485838053982006,-2,[0],"[[-0.8198395371437073, 0.012853534892201424], [-0.29540690779685974, -0.17086094617843628], [0.0058533004485070705, 0.08358445018529892], [-0.31929370760917664, 0.0017292448319494724], [-0.39256566762924194, 0.08122021704912186]]",True
early_neutral,4,2256,0.24825058313895368,-2,[0],"[[-0.8157870173454285, 0.008672886528074741], [-0.29132014513015747, -0.16614332795143127], [0.012192972004413605, 0.08287303149700165], [-0.3173619508743286, 0.0020691268146038055], [-0.39256566762924194, 0.08122021704912186]]",True
early_neutral,4,2257,0.24791736087970676,-2,[0],"[[-0.8103721737861633, 0.004503027535974979], [-0.2868747413158417, -0.16287000477313995], [0.018474945798516273, 0.08197054266929626], [-0.3138713836669922, 0.0030684538651257753], [-0.39256566762924194, 0.08122021704912186]]",True
early_neutral,4,2258,0.24758413862045986,-2,[0],"[[-0.8025628924369812, 0.002242031507194042], [-0.28153327107429504, -0.16054914891719818], [0.023813189938664436, 0.07986219972372055], [-0.30900001525878906, 0.004110412206500769], [-0.39117100834846497, 0.08174636214971542]]",True
early_neutral,4,2259,0.24725091636121294,-2,[0],"[[-0.7943991422653198, 0.0011155267711728811], [-0.27596500515937805, -0.15845711529254913], [0.028099963441491127, 0.07686351239681244], [-0.30301231145858765, 0.005232988391071558], [-0.3880157172679901, 0.08277563005685806]]",True
early_neutral,4,2260,0.246917694101966,-2,[0],"[[-0.789426326751709, 0.0007915761671029031], [-0.2699851989746094, -0.15692372620105743], [0.03237949311733246, 0.07374444603919983], [-0.29733285307884216, 0.006712449248880148], [-0.3834623396396637, 0.08402667939662933]]",True
early_neutral,4,2261,0.2465844718427191,-2,[0],"[[-0.7850423455238342, 0.0009817446116358042], [-0.2637280225753784, -0.15599901974201202], [0.037195634096860886, 0.07097237557172775], [-0.28920498490333557, 0.008321690373122692], [-0.37792879343032837, 0.08519288897514343]]",True
early_neutral,4,2262,0.24625124958347216,-2,[0],"[[-0.7800893187522888, 0.0014879789669066668], [-0.2575704753398895, -0.1555226594209671], [0.04249515384435654, 0.06860294938087463], [-0.2806459665298462, 0.008912713266909122], [-0.37179264426231384, 0.08609391003847122]]",True
early_neutral,4,2263,0.24591802732422527,-2,[0],"[[-0.7748692035675049, 0.0020987577736377716], [-0.2512804865837097, -0.15541964769363403], [0.04818970710039139, 0.06665961444377899], [-0.27133652567863464, 0.009336910210549831], [-0.3654213547706604, 0.08664825558662415]]",True
early_neutral,4,2264,0.24558480506497835,-2,[0],"[[-0.7704925537109375, 0.0026522506959736347], [-0.2448488026857376, -0.15569569170475006], [0.0541955791413784, 0.06516490876674652], [-0.2620294988155365, 0.009975801222026348], [-0.3591245114803314, 0.08687739819288254]]",True
early_neutral,4,2265,0.24525158280573142,-2,[0],"[[-0.7684373259544373, 0.0028249702882021666], [-0.23760175704956055, -0.15633514523506165], [0.0583941750228405, 0.06431961804628372], [-0.2528194189071655, 0.011829518713057041], [-0.35281825065612793, 0.08680762350559235]]",True
early_neutral,4,2266,0.2449183605464845,-2,[0],"[[-0.7681877613067627, 0.002833674428984523], [-0.22921068966388702, -0.15741543471813202], [0.058853629976511, 0.06420845538377762], [-0.24392615258693695, 0.012727967463433743], [-0.34641119837760925, 0.08643654733896255]]",True
early_neutral,4,2267,0.24458513828723757,-2,[0],"[[-0.7650020718574524, 0.002898339182138443], [-0.2215067744255066, -0.15866567194461823], [0.05934777483344078, 0.06431307643651962], [-0.2350948303937912, 0.01264246553182602], [-0.3400748670101166, 0.08584181219339371]]",True
early_neutral,4,2268,0.24425191602799068,-2,[0],"[[-0.7609813809394836, 0.0030531692318618298], [-0.21534480154514313, -0.15986871719360352], [0.06260810047388077, 0.06508928537368774], [-0.22576072812080383, 0.012361458502709866], [-0.3338996469974518, 0.08509591221809387]]",True
early_neutral,4,2269,0.24391869376874376,-2,[0],"[[-0.757361888885498, 0.0032429012935608625], [-0.20925937592983246, -0.16122722625732422], [0.06700710207223892, 0.06630352139472961], [-0.2164166420698166, 0.01197558268904686], [-0.32762613892555237, 0.08416834473609924]]",True
early_neutral,4,2270,0.24358547150949683,-2,[0],"[[-0.7550267577171326, 0.0033367874566465616], [-0.20318789780139923, -0.1626124083995819], [0.07237430661916733, 0.06787349283695221], [-0.20703279972076416, 0.011745816096663475], [-0.32093101739883423, 0.083027683198452]]",True
early_neutral,4,2271,0.2432522492502499,-2,[0],"[[-0.7547769546508789, 0.0033425078727304935], [-0.19711101055145264, -0.16398748755455017], [0.07806742936372757, 0.06946173310279846], [-0.1978435218334198, 0.011634770780801773], [-0.31306418776512146, 0.08157488703727722]]",True
early_neutral,4,2272,0.242919026991003,-2,[0],"[[-0.7515705227851868, 0.0033939715940505266], [-0.19046980142593384, -0.16547434031963348], [0.0828399658203125, 0.07072897255420685], [-0.18825137615203857, 0.01174150500446558], [-0.30434808135032654, 0.0798572450876236]]",True
early_neutral,4,2273,0.2425858047317561,-2,[0],"[[-0.7469629049301147, 0.0034684569109231234], [-0.1826501041650772, -0.16720010340213776], [0.08360568434000015, 0.0707867294549942], [-0.17888975143432617, 0.01178533025085926], [-0.2955397367477417, 0.07814908027648926]]",True
early_neutral,4,2274,0.24225258247250916,-2,[0],"[[-0.7427515983581543, 0.0035361205227673054], [-0.17465579509735107, -0.16894394159317017], [0.08415728807449341, 0.0706978440284729], [-0.16953407227993011, 0.011865134350955486], [-0.28670889139175415, 0.07649096846580505]]",True
early_neutral,4,2275,0.24191936021326224,-2,[0],"[[-0.7390525937080383, 0.0035903570242226124], [-0.1685609072446823, -0.17028485238552094], [0.08717869222164154, 0.07132048159837723], [-0.15993595123291016, 0.012066117487847805], [-0.2798537611961365, 0.07525330036878586]]",True
early_neutral,4,2276,0.24158613795401532,-2,[0],"[[-0.7353740334510803, 0.003638697788119316], [-0.16247230768203735, -0.17163780331611633], [0.09130249172449112, 0.07251608371734619], [-0.15074478089809418, 0.012065953575074673], [-0.27355003356933594, 0.07418438792228699]]",True
early_neutral,4,2277,0.24125291569476842,-2,[0],"[[-0.7318820953369141, 0.003682423382997513], [-0.1563865840435028, -0.17299625277519226], [0.09647458046674728, 0.07411827892065048], [-0.14106076955795288, 0.012472514063119888], [-0.2662312090396881, 0.072970449924469]]",True
early_neutral,4,2278,0.2409196934355215,-2,[0],"[[-0.728390097618103, 0.0037258139345794916], [-0.15030169486999512, -0.17435629665851593], [0.10222553461790085, 0.0757521539926529], [-0.13309484720230103, 0.013790450058877468], [-0.25775378942489624, 0.07158251106739044]]",True
early_neutral,4,2279,0.24058647117627457,-2,[0],"[[-0.7244830131530762, 0.0037706654984503984], [-0.1442335695028305, -0.1757473647594452], [0.10807157307863235, 0.07720094919204712], [-0.12654414772987366, 0.015737812966108322], [-0.25057047605514526, 0.07045333832502365]]",True
early_neutral,4,2280,0.24025324891702765,-2,[0],"[[-0.7207854986190796, 0.004215317312628031], [-0.1382235586643219, -0.17724137008190155], [0.11398431658744812, 0.07848548144102097], [-0.12144218385219574, 0.018797026947140694], [-0.24427884817123413, 0.06957845389842987]]",True
early_neutral,4,2281,0.23992002665778073,-2,[0],"[[-0.7185473442077637, 0.006252106744796038], [-0.13220958411693573, -0.17886759340763092], [0.11991341412067413, 0.07969842851161957], [-0.11611734330654144, 0.023132365196943283], [-0.2379523068666458, 0.06881873309612274]]",True
early_neutral,4,2282,0.23958680439853383,-2,[0],"[[-0.718065619468689, 0.00954524241387844], [-0.1254107803106308, -0.18097713589668274], [0.1259300857782364, 0.08071645349264145], [-0.10988238453865051, 0.027552951127290726], [-0.231575608253479, 0.06826567649841309]]",True
early_neutral,4,2283,0.2392535821392869,-2,[0],"[[-0.7182733416557312, 0.012412229552865028], [-0.11779646575450897, -0.18372631072998047], [0.13160346448421478, 0.08185796439647675], [-0.10333111882209778, 0.03180079907178879], [-0.2251727432012558, 0.06794080883264542]]",True
early_neutral,4,2284,0.23892035988003998,-2,[0],"[[-0.7188048362731934, 0.015261484310030937], [-0.11158323287963867, -0.18632888793945312], [0.1368468850851059, 0.08269786834716797], [-0.09665423631668091, 0.03605470061302185], [-0.22076962888240814, 0.0693049505352974]]",True
early_neutral,4,2285,0.23858713762079306,-2,[0],"[[-0.7194736003875732, 0.017974242568016052], [-0.1065952479839325, -0.18897055089473724], [0.1424005925655365, 0.08210088312625885], [-0.08990693837404251, 0.04026129096746445], [-0.21890096366405487, 0.07278408110141754]]",True
early_neutral,4,2286,0.23825391536154616,-2,[0],"[[-0.7200426459312439, 0.0206422321498394], [-0.10186672955751419, -0.1919948309659958], [0.1476132869720459, 0.08178635686635971], [-0.08364421129226685, 0.04414759576320648], [-0.21769413352012634, 0.07719303667545319]]",True
early_neutral,4,2287,0.23792069310229924,-2,[0],"[[-0.719304621219635, 0.02313600480556488], [-0.09667906165122986, -0.1957666575908661], [0.15055561065673828, 0.08160009235143661], [-0.07717995345592499, 0.048260416835546494], [-0.21625228226184845, 0.08239324390888214]]",True
early_neutral,4,2288,0.23758747084305232,-2,[0],"[[-0.7175407409667969, 0.025574102997779846], [-0.09120761603116989, -0.20029230415821075], [0.15124979615211487, 0.0816519632935524], [-0.07031141221523285, 0.05278371274471283], [-0.21456657350063324, 0.08822748810052872]]",True
early_neutral,4,2289,0.2372542485838054,-2,[0],"[[-0.7169631719589233, 0.028271792456507683], [-0.08721031993627548, -0.2039380967617035], [0.15307237207889557, 0.08126826584339142], [-0.06321731954813004, 0.05666854977607727], [-0.21248041093349457, 0.09419498592615128]]",True
early_neutral,4,2290,0.23692102632455847,-2,[0],"[[-0.720971405506134, 0.030226826667785645], [-0.08373869955539703, -0.20746248960494995], [0.15660548210144043, 0.08022616058588028], [-0.05622657388448715, 0.05872461944818497], [-0.20977488160133362, 0.1006004810333252]]",True
early_neutral,4,2291,0.23658780406531157,-2,[0],"[[-0.7272157669067383, 0.03079393319785595], [-0.0812416672706604, -0.21017715334892273], [0.16087524592876434, 0.07886669784784317], [-0.04962017759680748, 0.05932655185461044], [-0.20647861063480377, 0.1071406751871109]]",True
early_neutral,4,2292,0.23625458180606465,-2,[0],"[[-0.7339470982551575, 0.02940569818019867], [-0.08107148855924606, -0.2103620022535324], [0.16434428095817566, 0.07784562557935715], [-0.041787948459386826, 0.059409331530332565], [-0.20240901410579681, 0.1137838214635849]]",True
early_neutral,4,2293,0.23592135954681773,-2,[0],"[[-0.7413779497146606, 0.02699088305234909], [-0.08097999542951584, -0.21036773920059204], [0.16833005845546722, 0.07689256966114044], [-0.032694969326257706, 0.05949440225958824], [-0.19754169881343842, 0.12066642940044403]]",True
early_neutral,4,2294,0.2355881372875708,-2,[0],"[[-0.7496902346611023, 0.024420317262411118], [-0.07838696986436844, -0.21047694981098175], [0.17113617062568665, 0.07644709199666977], [-0.023503810167312622, 0.05950339511036873], [-0.19176173210144043, 0.12767675518989563]]",True
early_neutral,4,2295,0.23525491502832388,-2,[0],"[[-0.7580540180206299, 0.0218123160302639], [-0.07428399473428726, -0.21054241061210632], [0.1733427196741104, 0.07623721659183502], [-0.013866139575839043, 0.059550635516643524], [-0.18476301431655884, 0.1345704346895218]]",True
early_neutral,4,2296,0.23492169276907698,-2,[0],"[[-0.7664065957069397, 0.01918887346982956], [-0.06877139955759048, -0.2104942351579666], [0.17739026248455048, 0.07562171667814255], [-0.004550007171928883, 0.05956415459513664], [-0.17690666019916534, 0.14136633276939392]]",True
early_neutral,4,2297,0.23458847050983006,-2,[0],"[[-0.774755597114563, 0.016560599207878113], [-0.06277357786893845, -0.21031080186367035], [0.18249978125095367, 0.07485374808311462], [0.004851195961236954, 0.05961314216256142], [-0.16816915571689606, 0.1479395031929016]]",True
early_neutral,4,2298,0.23425524825058314,-2,[0],"[[-0.7831020355224609, 0.013928934000432491], [-0.05636104941368103, -0.20997454226016998], [0.18802842497825623, 0.0738266259431839], [0.014403789304196835, 0.05969727411866188], [-0.15954676270484924, 0.1539214849472046]]",True
early_neutral,4,2299,0.2339220259913362,-2,[0],"[[-0.7914469242095947, 0.011295478790998459], [-0.04997020959854126, -0.20950470864772797], [0.19336740672588348, 0.07275280356407166], [0.023594960570335388, 0.059697285294532776], [-0.15408949553966522, 0.15900132060050964]]",True
early_neutral,4,2300,0.23358880373208932,-2,[0],"[[-0.7997912764549255, 0.008661143481731415], [-0.043742142617702484, -0.2089453637599945], [0.19872626662254333, 0.07176917046308517], [0.033751584589481354, 0.059804726392030716], [-0.15013059973716736, 0.1643957644701004]]",True
early_neutral,4,2301,0.2332555814728424,-2,[0],"[[-0.8071641325950623, 0.006332738324999809], [-0.0374106839299202, -0.20827573537826538], [0.20154115557670593, 0.07141946256160736], [0.042093146592378616, 0.06090954691171646], [-0.14636731147766113, 0.16985228657722473]]",True
early_neutral,4,2302,0.23292235921359547,-2,[0],"[[-0.8136414289474487, 0.004286753013730049], [-0.031085118651390076, -0.2075112909078598], [0.20235352218151093, 0.07153249531984329], [0.04883944243192673, 0.06279565393924713], [-0.14253170788288116, 0.17528745532035828]]",True
early_neutral,4,2303,0.23258913695434855,-2,[0],"[[-0.8193809390068054, 0.002477319212630391], [-0.024843059480190277, -0.20672768354415894], [0.20496273040771484, 0.07171063125133514], [0.05394184961915016, 0.0657510906457901], [-0.13839878141880035, 0.1806282252073288]]",True
early_neutral,4,2304,0.23225591469510162,-2,[0],"[[-0.8219802379608154, 0.001814819173887372], [-0.018609758466482162, -0.20593461394309998], [0.20938803255558014, 0.07169080525636673], [0.05906024947762489, 0.07007242739200592], [-0.1337064653635025, 0.18576955795288086]]",True
early_neutral,4,2305,0.23192269243585473,-2,[0],"[[-0.8223406672477722, 0.00175129109993577], [-0.012298520654439926, -0.2051212638616562], [0.21474608778953552, 0.07131583243608475], [0.06509439647197723, 0.0746101513504982], [-0.1289033591747284, 0.1903294324874878]]",True
early_neutral,4,2306,0.2315894701766078,-2,[0],"[[-0.8223426342010498, 0.0017510707257315516], [-0.006015299819409847, -0.20431409776210785], [0.22048544883728027, 0.07071751356124878], [0.07163306325674057, 0.07885211706161499], [-0.12466839700937271, 0.1934783160686493]]",True
early_neutral,4,2307,0.23125624791736088,-2,[0],"[[-0.8223426342010498, 0.0017510707257315516], [0.00017213141836691648, -0.20352892577648163], [0.22693650424480438, 0.07000374048948288], [0.07830307632684708, 0.08311056345701218], [-0.11992400884628296, 0.19630181789398193]]",True
early_neutral,4,2308,0.23092302565811396,-2,[0],"[[-0.8223426342010498, 0.0017510707257315516], [0.006489810533821583, -0.20273703336715698], [0.23281550407409668, 0.06935437768697739], [0.08504390716552734, 0.08732154965400696], [-0.11490325629711151, 0.19881179928779602]]",True
early_neutral,4,2309,0.23058980339886703,-2,[0],"[[-0.8223426342010498, 0.0017510707257315516], [0.011863029561936855, -0.20206813514232635], [0.23876957595348358, 0.06870386004447937], [0.09145674109458923, 0.09129980206489563], [-0.10965874046087265, 0.20106235146522522]]",True
early_neutral,4,2310,0.23025658113962014,-2,[0],"[[-0.8223426342010498, 0.0017510707257315516], [0.014108994975686073, -0.2017885446548462], [0.24384529888629913, 0.06827046722173691], [0.09793023765087128, 0.09540936350822449], [-0.10405094176530838, 0.20311282575130463]]",True
early_neutral,4,2311,0.2299233588803732,-2,[0],"[[-0.8223426342010498, 0.0017510707257315516], [0.014162734150886536, -0.20178185403347015], [0.24531403183937073, 0.06831217557191849], [0.10454834252595901, 0.0997057855129242], [-0.09828750789165497, 0.20488950610160828]]",True
early_neutral,4,2312,0.2295901366211263,-2,[0],"[[-0.8223426342010498, 0.0017510707257315516], [0.014162734150886536, -0.20178185403347015], [0.24803876876831055, 0.06827197968959808], [0.1113058552145958, 0.10412487387657166], [-0.09247205406427383, 0.20637787878513336]]",True
early_neutral,4,2313,0.22925691436187937,-2,[0],"[[-0.8223426342010498, 0.0017510707257315516], [0.015422207303345203, -0.20133337378501892], [0.2524000406265259, 0.06799426674842834], [0.11780665069818497, 0.1083529144525528], [-0.08634135872125626, 0.20764519274234772]]",True
early_neutral,4,2314,0.22892369210263244,-2,[0],"[[-0.8223426342010498, 0.0017510707257315516], [0.01910349912941456, -0.20031169056892395], [0.25805288553237915, 0.06744346022605896], [0.12455199658870697, 0.11279080808162689], [-0.07973262667655945, 0.20872236788272858]]",True
early_neutral,4,2315,0.22859046984338555,-2,[0],"[[-0.8223426342010498, 0.0017510707257315516], [0.024319082498550415, -0.19933445751667023], [0.2644323706626892, 0.06690110266208649], [0.1311558336019516, 0.11710867285728455], [-0.07183048129081726, 0.20973874628543854]]",True
early_neutral,4,2316,0.22825724758413862,-2,[0],"[[-0.8223426342010498, 0.0017510707257315516], [0.030120449140667915, -0.19841276109218597], [0.27082884311676025, 0.0664515495300293], [0.13774491846561432, 0.1214306578040123], [-0.06286898255348206, 0.21059148013591766]]",True
early_neutral,4,2317,0.2279240253248917,-2,[0],"[[-0.8223426342010498, 0.0017510707257315516], [0.036257803440093994, -0.19750194251537323], [0.27724218368530273, 0.06611968576908112], [0.14446645975112915, 0.12588952481746674], [-0.05373478680849075, 0.21125441789627075]]",True
early_neutral,4,2318,0.22759080306564478,-2,[0],"[[-0.8223426342010498, 0.0017510707257315516], [0.042499154806137085, -0.19663824141025543], [0.28209638595581055, 0.0659405067563057], [0.1509655863046646, 0.13011862337589264], [-0.04457401856780052, 0.2117377668619156]]",True
early_neutral,4,2319,0.22725758080639788,-2,[0],"[[-0.8223426342010498, 0.0017510707257315516], [0.04515555128455162, -0.19618450105190277], [0.28276127576828003, 0.06592121720314026], [0.15762968361377716, 0.1346094012260437], [-0.03539937362074852, 0.21209591627120972]]",True
early_neutral,4,2320,0.22692435854715096,-2,[1],"[[-0.8223426342010498, 0.0017510707257315516], [0.04515555128455162, -0.19618450105190277], [0.28305310010910034, 0.06593073159456253], [0.16419896483421326, 0.13894975185394287], [-0.02621978335082531, 0.21239560842514038]]",True
early_neutral,4,2321,0.22659113628790403,-2,[1],"[[-0.8223426342010498, 0.0017510707257315516], [0.04515555128455162, -0.19618450105190277], [0.28634557127952576, 0.06607519835233688], [0.17072981595993042, 0.14319826662540436], [-0.01703847385942936, 0.21267133951187134]]",True
early_neutral,4,2322,0.2262579140286571,-2,[1],"[[-0.8223426342010498, 0.0017510707257315516], [0.04515555128455162, -0.19618450105190277], [0.2889556884765625, 0.06620543450117111], [0.17752382159233093, 0.1476089358329773], [-0.007870761677622795, 0.21309557557106018]]",True
early_neutral,4,2323,0.22592469176941019,-2,[1],"[[-0.8223426342010498, 0.0017510707257315516], [0.04703759774565697, -0.19554993510246277], [0.2889556884765625, 0.06620543450117111], [0.18491993844509125, 0.1524009108543396], [0.0012740889796987176, 0.21369299292564392]]",True
early_neutral,4,2324,0.2255914695101633,-2,[1],"[[-0.8223426342010498, 0.0017510707257315516], [0.05102595314383507, -0.19451704621315002], [0.28911876678466797, 0.06604766100645065], [0.19118346273899078, 0.15651053190231323], [0.01036020740866661, 0.21458832919597626]]",True
early_neutral,4,2325,0.22525824725091637,-2,[1],"[[-0.8223426342010498, 0.0017510707257315516], [0.05646531656384468, -0.1935233771800995], [0.29091331362724304, 0.06425287574529648], [0.19758084416389465, 0.16069507598876953], [0.019342990592122078, 0.21585017442703247]]",True
early_neutral,4,2326,0.22492502499166944,-2,[1],"[[-0.8223426342010498, 0.0017510707257315516], [0.06224970147013664, -0.19255471229553223], [0.2933654487133026, 0.06167992949485779], [0.20503738522529602, 0.16553908586502075], [0.02700478583574295, 0.2172095626592636]]",True
early_neutral,4,2327,0.22459180273242252,-2,[1],"[[-0.8223426342010498, 0.0017510707257315516], [0.06845132261514664, -0.1915588080883026], [0.2967938184738159, 0.058507975190877914], [0.2126818150281906, 0.17049261927604675], [0.03309892863035202, 0.2185503989458084]]",True
early_neutral,4,2328,0.2242585804731756,-2,[1],"[[-0.8223426342010498, 0.0017510707257315516], [0.07471121102571487, -0.19059209525585175], [0.301388144493103, 0.055766500532627106], [0.22079399228096008, 0.17573679983615875], [0.039157748222351074, 0.22011031210422516]]",True
early_neutral,4,2329,0.2239253582139287,-2,[1],"[[-0.8223426342010498, 0.0017510707257315516], [0.08089283108711243, -0.1896275132894516], [0.30688223242759705, 0.05374075844883919], [0.22934234142303467, 0.18125773966312408], [0.046141140162944794, 0.2219940721988678]]",True
early_neutral,4,2330,0.22359213595468178,-2,[1],"[[-0.8223426342010498, 0.0017510707257315516], [0.08706048130989075, -0.18864096701145172], [0.31286561489105225, 0.05175665393471718], [0.23825588822364807, 0.18701161444187164], [0.05419851839542389, 0.2242102026939392]]",True
early_neutral,4,2331,0.22325891369543485,-2,[1],"[[-0.8223426342010498, 0.0017510707257315516], [0.09324832260608673, -0.18762721121311188], [0.3191012740135193, 0.04974699392914772], [0.24759112298488617, 0.1921711266040802], [0.06092480570077896, 0.2262013703584671]]",True
early_neutral,4,2332,0.22292569143618793,-2,[1],"[[-0.8223426342010498, 0.0017510707257315516], [0.09588093310594559, -0.1871175318956375], [0.32553982734680176, 0.04792487248778343], [0.2573169469833374, 0.19697993993759155], [0.06654957681894302, 0.22823208570480347]]",True
early_neutral,4,2333,0.22259246917694103,-2,[1],"[[-0.8223426342010498, 0.0017510707257315516], [0.09588093310594559, -0.1871175318956375], [0.33210471272468567, 0.0462096631526947], [0.2669052481651306, 0.20226207375526428], [0.07194973528385162, 0.23049943149089813]]",True
early_neutral,4,2334,0.2222592469176941,-2,[1],"[[-0.8223426342010498, 0.0017510707257315516], [0.09588093310594559, -0.1871175318956375], [0.3389771580696106, 0.04462414234876633], [0.2776249945163727, 0.20613645017147064], [0.07706806808710098, 0.23286189138889313]]",True
early_neutral,4,2335,0.22192602465844719,-2,[1],"[[-0.8223426342010498, 0.0017510707257315516], [0.09588093310594559, -0.1871175318956375], [0.3461313545703888, 0.0431695394217968], [0.2889407277107239, 0.20948509871959686], [0.0821400061249733, 0.23541489243507385]]",True
early_neutral,4,2336,0.22159280239920026,-2,[1],"[[-0.8223426342010498, 0.0017510707257315516], [0.09780340641736984, -0.1865350753068924], [0.3535356819629669, 0.04177100956439972], [0.30059614777565, 0.21298567950725555], [0.0870688334107399, 0.2381051480770111]]",True
early_neutral,4,2337,0.22125958013995334,-2,[1],"[[-0.8223426342010498, 0.0017510707257315516], [0.10179305821657181, -0.18550041317939758], [0.361601322889328, 0.04046666994690895], [0.3123946785926819, 0.2165968269109726], [0.09185214340686798, 0.2408272624015808]]",True
early_neutral,4,2338,0.22092635788070644,-2,[1],"[[-0.8223426342010498, 0.0017510707257315516], [0.10715808719396591, -0.18434585630893707], [0.3706107437610626, 0.03927511349320412], [0.3242919147014618, 0.22026246786117554], [0.09656739234924316, 0.24359500408172607]]",True
early_neutral,4,2339,0.22059313562145952,-2,[1],"[[-0.8223426342010498, 0.0017510707257315516], [0.1128530353307724, -0.18317215144634247], [0.3804510235786438, 0.03825700655579567], [0.336347371339798, 0.2236020863056183], [0.10127392411231995, 0.2464473992586136]]",True
early_neutral,4,2340,0.2202599133622126,-2,[1],"[[-0.8223426342010498, 0.0017510707257315516], [0.11895393580198288, -0.18194064497947693], [0.39091184735298157, 0.03737878426909447], [0.3484334647655487, 0.22600285708904266], [0.10558441281318665, 0.24941448867321014]]",True
early_neutral,4,2341,0.21992669110296567,-2,[1],"[[-0.8223426342010498, 0.0017510707257315516], [0.12510943412780762, -0.18072259426116943], [0.4017353355884552, 0.03661222755908966], [0.3603683114051819, 0.22916251420974731], [0.10941501706838608, 0.2525950074195862]]",True
early_neutral,4,2342,0.21959346884371875,-2,[1],"[[-0.8223426342010498, 0.0017510707257315516], [0.13119477033615112, -0.1795257180929184], [0.41322264075279236, 0.0359213650226593], [0.3724040687084198, 0.23097984492778778], [0.11290781944990158, 0.25610920786857605]]",True
early_neutral,4,2343,0.21926024658447185,-2,[1],"[[-0.8223426342010498, 0.0017510707257315516], [0.13727550208568573, -0.17833220958709717], [0.4253000319004059, 0.0352504625916481], [0.3846933841705322, 0.23179973661899567], [0.11770811676979065, 0.2591078579425812]]",True
early_neutral,4,2344,0.21892702432522493,-2,[1],"[[-0.8223426342010498, 0.0017510707257315516], [0.1434362828731537, -0.17712552845478058], [0.43786391615867615, 0.0346188098192215], [0.39737945795059204, 0.23267488181591034], [0.12511591613292694, 0.2608037292957306]]",True
early_neutral,4,2345,0.218593802065978,-2,[1],"[[-0.8223426342010498, 0.0017510707257315516], [0.1495727300643921, -0.17593269050121307], [0.45081058144569397, 0.03402503952383995], [0.41041287779808044, 0.23362812399864197], [0.13389793038368225, 0.26190152764320374]]",True
early_neutral,4,2346,0.21826057980673108,-2,[1],"[[-0.8223426342010498, 0.0017510707257315516], [0.15561829507350922, -0.17477025091648102], [0.4640584886074066, 0.033488575369119644], [0.4237210750579834, 0.23461350798606873], [0.14341923594474792, 0.2630044221878052]]",True
early_neutral,4,2347,0.21792735754748419,-2,[1],"[[-0.8223426342010498, 0.0017510707257315516], [0.16179372370243073, -0.17359569668769836], [0.47754472494125366, 0.033072568476200104], [0.43724727630615234, 0.23559154570102692], [0.1537371575832367, 0.2641533315181732]]",True
early_neutral,4,2348,0.21759413528823726,-2,[1],"[[-0.8223426342010498, 0.0017510707257315516], [0.1679733693599701, -0.17244170606136322], [0.4912165701389313, 0.03325571119785309], [0.4489184021949768, 0.2352672517299652], [0.1619788408279419, 0.26427802443504333]]",True
early_neutral,4,2349,0.21726091302899034,-2,[1],"[[-0.8223426342010498, 0.0017510707257315516], [0.174020916223526, -0.17134344577789307], [0.5049596428871155, 0.034147974103689194], [0.4619711637496948, 0.23557542264461517], [0.1660350114107132, 0.26209256052970886]]",True
early_neutral,4,2350,0.21692769076974341,-2,[1],"[[-0.8223426342010498, 0.0017510707257315516], [0.18023033440113068, -0.1702473908662796], [0.5187538266181946, 0.03535500168800354], [0.47529006004333496, 0.2360372394323349], [0.16853481531143188, 0.25825536251068115]]",True
early_neutral,4,2351,0.2165944685104965,-2,[1],"[[-0.8223426342010498, 0.0017510707257315516], [0.18645250797271729, -0.16918447613716125], [0.5326056480407715, 0.03666780889034271], [0.4887881278991699, 0.2365218847990036], [0.17147518694400787, 0.25361010432243347]]",True
early_neutral,4,2352,0.2162612462512496,-2,[1],"[[-0.8223426342010498, 0.0017510707257315516], [0.1925368309020996, -0.16818873584270477], [0.546501874923706, 0.03805527091026306], [0.5024693012237549, 0.2370513379573822], [0.17485135793685913, 0.24826647341251373]]",True
early_neutral,4,2353,0.21592802399200267,-2,[1],"[[-0.8223426342010498, 0.0017510707257315516], [0.19879242777824402, -0.16721020638942719], [0.5604446530342102, 0.03944424167275429], [0.5162961483001709, 0.2375594526529312], [0.18037360906600952, 0.24312791228294373]]",True
early_neutral,4,2354,0.21559480173275575,-2,[1],"[[-0.8223426342010498, 0.0017510707257315516], [0.20425504446029663, -0.16638430953025818], [0.5744242072105408, 0.04082885757088661], [0.5302379131317139, 0.23800446093082428], [0.1879812330007553, 0.238493874669075]]",True
early_neutral,4,2355,0.21526157947350882,-2,[1],"[[-0.8223426342010498, 0.0017510707257315516], [0.2051718384027481, -0.1662314534187317], [0.5884368419647217, 0.042188674211502075], [0.5442004799842834, 0.23976631462574005], [0.19580286741256714, 0.2350539118051529]]",True
early_neutral,4,2356,0.2149283572142619,-2,[1],"[[-0.8223426342010498, 0.0017510707257315516], [0.2065591812133789, -0.1659892499446869], [0.6024770736694336, 0.0435173325240612], [0.5580892562866211, 0.24082191288471222], [0.20493540167808533, 0.2343129813671112]]",True
early_neutral,4,2357,0.214595134955015,-2,[1],"[[-0.8223426342010498, 0.0017510707257315516], [0.21046945452690125, -0.16542662680149078], [0.6165359020233154, 0.044832874089479446], [0.5714643597602844, 0.24085697531700134], [0.2143150418996811, 0.23465026915073395]]",True
early_neutral,4,2358,0.21426191269576808,-2,[1],"[[-0.8223426342010498, 0.0017510707257315516], [0.21582841873168945, -0.16485825181007385], [0.6306046843528748, 0.04615763574838638], [0.5849392414093018, 0.2407933473587036], [0.21928012371063232, 0.2354547679424286]]",True
early_neutral,4,2359,0.21392869043652116,-2,[1],"[[-0.8223426342010498, 0.0017510707257315516], [0.22174131870269775, -0.16430483758449554], [0.6446817517280579, 0.04748455435037613], [0.5986078977584839, 0.24060048162937164], [0.22143545746803284, 0.23658059537410736]]",True
early_neutral,4,2360,0.21359546817727423,-2,[1],"[[-0.8223426342010498, 0.0017510707257315516], [0.2279789000749588, -0.1637500375509262], [0.6587727069854736, 0.048779357224702835], [0.6124265789985657, 0.24037231504917145], [0.2228240817785263, 0.23749226331710815]]",True
early_neutral,4,2361,0.21326224591802734,-2,[1],"[[-0.8223426342010498, 0.0017510707257315516], [0.23435929417610168, -0.16321180760860443], [0.6724733710289001, 0.05004957690834999], [0.6263629794120789, 0.24019992351531982], [0.2209051102399826, 0.23969636857509613]]",True
early_neutral,4,2362,0.21292902365878041,-2,[1],"[[-0.8223426342010498, 0.0017510707257315516], [0.24071656167507172, -0.16271211206912994], [0.6829874515533447, 0.051230449229478836], [0.6403733491897583, 0.23913760483264923], [0.21539396047592163, 0.24315662682056427]]",True
early_neutral,4,2363,0.2125958013995335,-2,[1],"[[-0.8223426342010498, 0.0017510707257315516], [0.24698175489902496, -0.16225996613502502], [0.6910960674285889, 0.05261901393532753], [0.6543539762496948, 0.2379172146320343], [0.20922985672950745, 0.24725781381130219]]",True
early_neutral,4,2364,0.21226257914028657,-2,[1],"[[-0.8223426342010498, 0.0017510707257315516], [0.2533828914165497, -0.16183863580226898], [0.6978612542152405, 0.05475470796227455], [0.6678057909011841, 0.2378995269536972], [0.20260778069496155, 0.25192442536354065]]",True
early_neutral,4,2365,0.21192935688103964,-2,[1],"[[-0.8223426342010498, 0.0017510707257315516], [0.2597849369049072, -0.16146433353424072], [0.7019035816192627, 0.05564994364976883], [0.6812348961830139, 0.23795253038406372], [0.19562163949012756, 0.2571023404598236]]",True
early_neutral,4,2366,0.21159613462179275,-2,[1],"[[-0.8223426342010498, 0.0017510707257315516], [0.266044557094574, -0.16115209460258484], [0.7033851146697998, 0.05580868571996689], [0.6948684453964233, 0.2381366491317749], [0.18837454915046692, 0.2627505958080292]]",True
early_neutral,4,2367,0.21126291236254582,-2,[1],"[[-0.8223426342010498, 0.0017510707257315516], [0.27246537804603577, -0.16088654100894928], [0.7067009210586548, 0.05697660893201828], [0.7086589932441711, 0.23839156329631805], [0.18107490241527557, 0.26891613006591797]]",True
early_neutral,4,2368,0.2109296901032989,-2,[1],"[[-0.8223426342010498, 0.0017510707257315516], [0.2788896858692169, -0.16067726910114288], [0.7114017605781555, 0.05842243507504463], [0.7214697003364563, 0.23756155371665955], [0.1740800142288208, 0.2755585312843323]]",True
early_neutral,4,2369,0.21059646784405198,-2,[1],"[[-0.8223426342010498, 0.0017510707257315516], [0.285158634185791, -0.1605319082736969], [0.7178906798362732, 0.05917756259441376], [0.7343572974205017, 0.23693892359733582], [0.16903482377529144, 0.2808961868286133]]",True
early_neutral,4,2370,0.21026324558480505,-2,[1],"[[-0.8223426342010498, 0.0017510707257315516], [0.29159098863601685, -0.1604434698820114], [0.7255493998527527, 0.058453112840652466], [0.746895968914032, 0.23620198667049408], [0.16646035015583038, 0.28476300835609436]]",True
early_neutral,4,2371,0.20993002332555816,-2,[1],"[[-0.8223426342010498, 0.0017510707257315516], [0.2982318103313446, -0.16040225327014923], [0.7339919805526733, 0.05693979188799858], [0.7587014436721802, 0.23399001359939575], [0.16588842868804932, 0.2887132167816162]]",True
early_neutral,4,2372,0.20959680106631123,-2,[1],"[[-0.8223426342010498, 0.0017510707257315516], [0.3060585856437683, -0.1603369414806366], [0.7423141002655029, 0.05391853302717209], [0.7706380486488342, 0.2314385026693344], [0.1680382937192917, 0.29249510169029236]]",True
early_neutral,4,2373,0.2092635788070643,-2,[1],"[[-0.8223426342010498, 0.0017510707257315516], [0.31500306725502014, -0.1602308750152588], [0.7504256963729858, 0.04978496581315994], [0.7829745411872864, 0.2288452386856079], [0.17159323394298553, 0.2959352731704712]]",True
early_neutral,4,2374,0.2089303565478174,-2,[1],"[[-0.8223426342010498, 0.0017510707257315516], [0.3241931200027466, -0.16013705730438232], [0.7587971687316895, 0.045574065297842026], [0.7956238389015198, 0.22622103989124298], [0.17695198953151703, 0.29802367091178894]]",True
early_neutral,4,2375,0.20859713428857046,-2,[1],"[[-0.8223426342010498, 0.0017510707257315516], [0.3333839178085327, -0.1600845903158188], [0.7677798271179199, 0.041297025978565216], [0.8084971308708191, 0.22353573143482208], [0.18298518657684326, 0.2994270622730255]]",True
early_neutral,4,2376,0.20826391202932357,-2,[1],"[[-0.8223426342010498, 0.0017510707257315516], [0.3425750732421875, -0.16007781028747559], [0.7774190902709961, 0.03692086786031723], [0.8203009366989136, 0.2201625108718872], [0.18916623294353485, 0.3005838692188263]]",True
early_neutral,4,2377,0.20793068977007664,-2,[1],"[[-0.8223426342010498, 0.0017510707257315516], [0.351765900850296, -0.160127654671669], [0.7878025770187378, 0.03262361139059067], [0.8317801356315613, 0.21660509705543518], [0.1954837590456009, 0.3013686239719391]]",True
early_neutral,4,2378,0.20759746751082972,-2,[0],"[[-0.8223426342010498, 0.0017510707257315516], [0.3609555661678314, -0.16023531556129456], [0.7989077568054199, 0.028551988303661346], [0.8433982729911804, 0.21336466073989868], [0.20187902450561523, 0.30182164907455444]]",True
early_neutral,4,2379,0.2072642452515828,-2,[0],"[[-0.8223426342010498, 0.0017510707257315516], [0.3701428174972534, -0.16040897369384766], [0.8104956150054932, 0.024586493149399757], [0.8535560965538025, 0.2087974101305008], [0.20829789340496063, 0.30210307240486145]]",True
early_neutral,4,2380,0.2069310229923359,-2,[0],"[[-0.8223426342010498, 0.0017510707257315516], [0.37932640314102173, -0.16065096855163574], [0.8225034475326538, 0.0207729022949934], [0.8634632229804993, 0.20384079217910767], [0.21472850441932678, 0.30222901701927185]]",True
early_neutral,4,2381,0.20659780073308898,-2,[0],"[[-0.8223426342010498, 0.0017510707257315516], [0.38850459456443787, -0.16096822917461395], [0.8347324132919312, 0.0170171819627285], [0.873740553855896, 0.19875510036945343], [0.22116193175315857, 0.30227184295654297]]",True
early_neutral,4,2382,0.20626457847384205,-2,[0],"[[-0.8223426342010498, 0.0017510707257315516], [0.3976750075817108, -0.16136935353279114], [0.8465232849121094, 0.013275430537760258], [0.8843206763267517, 0.1935805380344391], [0.22759568691253662, 0.302261084318161]]",True
early_neutral,4,2383,0.20593135621459513,-2,[0],"[[-0.8223426342010498, 0.0017510707257315516], [0.4068353474140167, -0.16185763478279114], [0.8583921790122986, 0.009577993303537369], [0.8950926065444946, 0.18829990923404694], [0.2340289205312729, 0.30220460891723633]]",True
early_neutral,4,2384,0.2055981339553482,-2,[0],"[[-0.8223426342010498, 0.0017510707257315516], [0.4159812927246094, -0.16244961321353912], [0.8703006505966187, 0.005794473923742771], [0.9058157801628113, 0.1830560863018036], [0.2404613047838211, 0.3021162748336792]]",True
early_neutral,4,2385,0.2052649116961013,-2,[0],"[[-0.8223426342010498, 0.0017510707257315516], [0.42510950565338135, -0.1631477177143097], [0.8823033571243286, 0.0019195621134713292], [0.9156176447868347, 0.17829720675945282], [0.24689248204231262, 0.30199673771858215]]",True
early_neutral,4,2386,0.2049316894368544,-2,[0],"[[-0.8223426342010498, 0.0017510707257315516], [0.4342128038406372, -0.16397202014923096], [0.8925178647041321, -0.001279253396205604], [0.9239188432693481, 0.17427438497543335], [0.2533223032951355, 0.3018496334552765]]",True
early_neutral,4,2387,0.20459846717760746,-2,[0],"[[-0.8223426342010498, 0.0017510707257315516], [0.44328415393829346, -0.1649337112903595], [0.9012895226478577, -0.0037393267266452312], [0.9316206574440002, 0.17049266397953033], [0.2597505748271942, 0.3016756772994995]]",False
early_neutral,4,2388,0.20426524491836054,-2,[0],"[[-0.8223426342010498, 0.0017510707257315516], [0.45129701495170593, -0.16631901264190674], [0.9102402925491333, -0.0056226481683552265], [0.9389176964759827, 0.1668984740972519], [0.2661767601966858, 0.3014719784259796]]",False
early_neutral,4,2389,0.20393202265911362,-2,[0],"[[-0.8223426342010498, 0.0017510707257315516], [0.4542202353477478, -0.16845616698265076], [0.9193364977836609, -0.006488628685474396], [0.9463086724281311, 0.16315822303295135], [0.272600382566452, 0.30123648047447205]]",False
early_neutral,4,2390,0.20359880039986672,-2,[0],"[[-0.8223426342010498, 0.0017510707257315516], [0.4524421691894531, -0.171123668551445], [0.9288468956947327, -0.006292776204645634], [0.9513499736785889, 0.1596526950597763], [0.27901944518089294, 0.3009539842605591]]",False
early_neutral,4,2391,0.2032655781406198,-2,[0],"[[-0.8223426342010498, 0.0017510707257315516], [0.4482254683971405, -0.17372338473796844], [0.9373107552528381, -0.004252841230481863], [0.9529839754104614, 0.1567535400390625], [0.28542619943618774, 0.30057162046432495]]",False
early_neutral,4,2392,0.20293235588137287,-2,[0],"[[-0.8223426342010498, 0.0017510707257315516], [0.4423518180847168, -0.1762809008359909], [0.9424533843994141, -0.0013030858244746923], [0.9518408179283142, 0.15373724699020386], [0.29181575775146484, 0.30008259415626526]]",False
early_neutral,4,2393,0.20259913362212595,-2,[0],"[[-0.8223426342010498, 0.0017510707257315516], [0.43788981437683105, -0.17814762890338898], [0.9451367855072021, 0.0013617207296192646], [0.9476577639579773, 0.15081045031547546], [0.2981698513031006, 0.2994277775287628]]",False
early_neutral,4,2394,0.20226591136287905,-2,[0],"[[-0.8223426342010498, 0.0017510707257315516], [0.4369168281555176, -0.17841550707817078], [0.9486044645309448, 0.004205865319818258], [0.9413540363311768, 0.14843882620334625], [0.3044711947441101, 0.2985842823982239]]",False
early_neutral,4,2395,0.20193268910363213,-2,[0],"[[-0.8223426342010498, 0.0017510707257315516], [0.43766361474990845, -0.178287535905838], [0.9547158479690552, 0.006955789867788553], [0.9337576627731323, 0.14618097245693207], [0.30874398350715637, 0.29791685938835144]]",False
early_neutral,4,2396,0.2015994668443852,-2,[0],"[[-0.8223426342010498, 0.0017510707257315516], [0.4413430392742157, -0.17787238955497742], [0.961416482925415, 0.009279923513531685], [0.9251026511192322, 0.1441672146320343], [0.3088953495025635, 0.2978927195072174]]",False
early_neutral,4,2397,0.20126624458513828,-2,[0],"[[-0.8223426342010498, 0.0017510707257315516], [0.4465509057044983, -0.17770686745643616], [0.9673302173614502, 0.011006228625774384], [0.9156467914581299, 0.14387594163417816], [0.3094518780708313, 0.2976672649383545]]",False
early_neutral,4,2398,0.20093302232589136,-2,[0],"[[-0.8223426342010498, 0.0017510707257315516], [0.45290809869766235, -0.17782673239707947], [0.9724456667900085, 0.01270731259137392], [0.905829131603241, 0.14583173394203186], [0.3128484785556793, 0.2963961362838745]]",False
early_neutral,4,2399,0.20059980006664446,-2,[0],"[[-0.8223426342010498, 0.0017510707257315516], [0.4593236744403839, -0.17813710868358612], [0.9783134460449219, 0.014036555774509907], [0.8960175514221191, 0.1486121416091919], [0.31767088174819946, 0.2948105037212372]]",False
early_neutral,4,2400,0.20026657780739754,-2,[0],"[[-0.8223426342010498, 0.0017510707257315516], [0.46571460366249084, -0.17860470712184906], [0.985370397567749, 0.014542370103299618], [0.8861075639724731, 0.15168075263500214], [0.3235079050064087, 0.29310473799705505]]",False
early_neutral,4,2401,0.19993335554815062,-2,[0],"[[-0.8223426342010498, 0.0017510707257315516], [0.47193291783332825, -0.1791369915008545], [0.9933499693870544, 0.015066276304423809], [0.8757414817810059, 0.15510524809360504], [0.32944825291633606, 0.291497141122818]]",False
early_neutral,4,2402,0.1996001332889037,-2,[0],"[[-0.8223426342010498, 0.0017510707257315516], [0.4782955050468445, -0.17975792288780212], [1.0025391578674316, 0.015186714939773083], [0.8648238182067871, 0.15866462886333466], [0.3355938792228699, 0.2901984453201294]]",False
early_neutral,4,2403,0.19926691102965677,-2,[0],"[[-0.8223426342010498, 0.0017510707257315516], [0.48463937640190125, -0.18040528893470764], [1.0115097761154175, 0.015225902199745178], [0.8533911108970642, 0.1622430980205536], [0.34287548065185547, 0.29043543338775635]]",False
early_neutral,4,2404,0.19893368877040987,-2,[0],"[[-0.8223426342010498, 0.0017510707257315516], [0.49085870385169983, -0.18083412945270538], [1.017214298248291, 0.015515105798840523], [0.8414989113807678, 0.16504113376140594], [0.351173996925354, 0.2915051579475403]]",False
early_neutral,4,2405,0.19860046651116295,-2,[0],"[[-0.8223426342010498, 0.0017510707257315516], [0.49726173281669617, -0.18103164434432983], [1.0183416604995728, 0.015670359134674072], [0.8304030299186707, 0.1650742143392563], [0.36039429903030396, 0.29243049025535583]]",False
early_neutral,4,2406,0.19826724425191602,-2,[0],"[[-0.8223426342010498, 0.0017510707257315516], [0.5036947727203369, -0.18100081384181976], [1.0164116621017456, 0.015143529511988163], [0.8196683526039124, 0.16260534524917603], [0.37043389678001404, 0.2931690216064453]]",False
early_neutral,4,2407,0.1979340219926691,-2,[0],"[[-0.8223426342010498, 0.0017510707257315516], [0.5100493431091309, -0.18089540302753448], [1.0125830173492432, 0.013878854922950268], [0.8087602853775024, 0.1593167781829834], [0.3811396658420563, 0.29366937279701233]]",False
early_neutral,4,2408,0.1976007997334222,-2,[0],"[[-0.8223426342010498, 0.0017510707257315516], [0.5163969993591309, -0.18075834214687347], [1.0077040195465088, 0.011978748254477978], [0.7980263233184814, 0.15510214865207672], [0.39198240637779236, 0.29408520460128784]]",False
early_neutral,4,2409,0.19726757747417528,-2,[0],"[[-0.8223426342010498, 0.0017510707257315516], [0.5228254795074463, -0.18058811128139496], [1.0015134811401367, 0.009787525050342083], [0.7871417999267578, 0.15054111182689667], [0.40347450971603394, 0.29445013403892517]]",False
early_neutral,4,2410,0.19693435521492836,-2,[0],"[[-0.8223426342010498, 0.0017510707257315516], [0.5292239189147949, -0.18040576577186584], [0.9939902424812317, 0.007532368879765272], [0.775962233543396, 0.1458984911441803], [0.41556456685066223, 0.2948407530784607]]",False
early_neutral,4,2411,0.19660113295568143,-2,[0],"[[-0.8223426342010498, 0.0017510707257315516], [0.5355216264724731, -0.18022404611110687], [0.98573237657547, 0.005389110650867224], [0.7643744945526123, 0.1414514183998108], [0.4280593693256378, 0.2952940762042999]]",False
early_neutral,4,2412,0.1962679106964345,-2,[0],"[[-0.8223426342010498, 0.0017510707257315516], [0.5419490337371826, -0.18003633618354797], [0.9775600433349609, 0.003588539082556963], [0.751878559589386, 0.13888521492481232], [0.44037893414497375, 0.29576441645622253]]",False
early_neutral,4,2413,0.19593468843718762,-2,[0],"[[-0.8223426342010498, 0.0017510707257315516], [0.5458068251609802, -0.1799316555261612], [0.9693765044212341, 0.0021421799901872873], [0.7388966679573059, 0.13771846890449524], [0.45264923572540283, 0.2962139844894409]]",False
early_neutral,4,2414,0.1956014661779407,-2,[0],"[[-0.8223426342010498, 0.0017510707257315516], [0.5458518862724304, -0.17993052303791046], [0.9604764580726624, 0.001015269197523594], [0.72563236951828, 0.1365993171930313], [0.4646768569946289, 0.29663747549057007]]",False
early_neutral,4,2415,0.19526824391869377,-2,[0],"[[-0.8223426342010498, 0.0017510707257315516], [0.5458518862724304, -0.17993052303791046], [0.9513891935348511, 0.00012026959302602336], [0.7121338844299316, 0.1355489194393158], [0.4762471318244934, 0.29704177379608154]]",False
early_neutral,4,2416,0.19493502165944684,-2,[0],"[[-0.8223426342010498, 0.0017510707257315516], [0.5458518862724304, -0.17993052303791046], [0.9422851204872131, -0.0007010500994510949], [0.6984491348266602, 0.13459083437919617], [0.4878174662590027, 0.29744574427604675]]",False
early_neutral,4,2417,0.19460179940019992,-2,[0],"[[-0.8223426342010498, 0.0017510707257315516], [0.5458329916000366, -0.17991404235363007], [0.9331755042076111, -0.0014959353720769286], [0.684613049030304, 0.133771151304245], [0.49773234128952026, 0.29772087931632996]]",False
early_neutral,4,2418,0.19426857714095302,-2,[0],"[[-0.8223426342010498, 0.0017510707257315516], [0.5441137552261353, -0.1784495860338211], [0.9240591526031494, -0.0022576916962862015], [0.6706585884094238, 0.13310635089874268], [0.5069214701652527, 0.2978426516056061]]",False
early_neutral,4,2419,0.1939353548817061,-2,[0],"[[-0.8223426342010498, 0.0017510707257315516], [0.5412780046463013, -0.17610764503479004], [0.9149349331855774, -0.002978214994072914], [0.6566070318222046, 0.13267256319522858], [0.5161125659942627, 0.29786205291748047]]",False
early_neutral,4,2420,0.19360213262245918,-2,[0],"[[-0.8223426342010498, 0.0017510707257315516], [0.5370110869407654, -0.17362065613269806], [0.9058012962341309, -0.003645653137937188], [0.6424849033355713, 0.13247916102409363], [0.5253037214279175, 0.297868937253952]]",False
early_neutral,4,2421,0.19326891036321225,-2,[0],"[[-0.8223426342010498, 0.0017510707257315516], [0.5313674211502075, -0.17195940017700195], [0.8966498970985413, -0.004200789146125317], [0.628316342830658, 0.13255634903907776], [0.5345213413238525, 0.29785752296447754]]",False
early_neutral,4,2422,0.19293568810396536,-2,[0],"[[-0.8223426342010498, 0.0017510707257315516], [0.525400698184967, -0.1703970581293106], [0.8874832987785339, -0.004635772202163935], [0.614124596118927, 0.13291701674461365], [0.543849527835846, 0.29752352833747864]]",False
early_neutral,4,2423,0.19260246584471843,-2,[0],"[[-0.8223426342010498, 0.0017510707257315516], [0.5193682312965393, -0.16894319653511047], [0.8783062100410461, -0.004965653643012047], [0.5999300479888916, 0.13355088233947754], [0.5531149506568909, 0.29674530029296875]]",False
early_neutral,4,2424,0.1922692435854715,-2,[0],"[[-0.8223426342010498, 0.0017510707257315516], [0.5132188200950623, -0.16771401464939117], [0.8691220879554749, -0.005198994185775518], [0.5857483148574829, 0.13443896174430847], [0.5622316002845764, 0.2958482503890991]]",False
early_neutral,4,2425,0.1919360213262246,-2,[0],"[[-0.8223426342010498, 0.0017510707257315516], [0.5070037841796875, -0.16666734218597412], [0.8599336743354797, -0.005343514494597912], [0.5715937614440918, 0.1355755776166916], [0.570307731628418, 0.29475048184394836]]",False
early_neutral,4,2426,0.19160279906697766,-2,[0],"[[-0.8223426342010498, 0.0017510707257315516], [0.500885009765625, -0.16576503217220306], [0.850743293762207, -0.005418377462774515], [0.5574714541435242, 0.13692240417003632], [0.5763307809829712, 0.29172831773757935]]",False
early_neutral,4,2427,0.19126957680773077,-2,[0],"[[-0.8223426342010498, 0.0017510707257315516], [0.49457040429115295, -0.16496357321739197], [0.8415520787239075, -0.005430921446532011], [0.5433894395828247, 0.13847124576568604], [0.5820948481559753, 0.28809723258018494]]",False
early_neutral,4,2428,0.19093635454848384,-2,[0],"[[-0.8223426342010498, 0.0017510707257315516], [0.48830053210258484, -0.16416454315185547], [0.8322188258171082, -0.005460150074213743], [0.5293410420417786, 0.14016859233379364], [0.5884758234024048, 0.28392353653907776]]",False
early_neutral,4,2429,0.19060313228923692,-2,[0],"[[-0.8223426342010498, 0.0017510707257315516], [0.48235535621643066, -0.16308905184268951], [0.822087824344635, -0.00553276389837265], [0.5153185725212097, 0.14197088778018951], [0.594968318939209, 0.27969011664390564]]",False
early_neutral,4,2430,0.19026991002999,-2,[0],"[[-0.8223426342010498, 0.0017510707257315516], [0.47631821036338806, -0.16164501011371613], [0.8115096092224121, -0.005596818868070841], [0.5013167858123779, 0.14385272562503815], [0.6014667749404907, 0.27546054124832153]]",False
early_neutral,4,2431,0.18993668777074307,-2,[0],"[[-0.8223426342010498, 0.0017510707257315516], [0.4704417586326599, -0.1600039005279541], [0.8004785776138306, -0.005601722281426191], [0.48730969429016113, 0.14572666585445404], [0.6079654693603516, 0.27123117446899414]]",False
early_neutral,4,2432,0.18960346551149618,-2,[0],"[[-0.8223426342010498, 0.0017510707257315516], [0.4646891951560974, -0.15876714885234833], [0.7888178825378418, -0.005552976857870817], [0.4732950031757355, 0.14758352935314178], [0.6144647598266602, 0.267002135515213]]",False
early_neutral,4,2433,0.18927024325224925,-2,[0],"[[-0.8223426342010498, 0.0017510707257315516], [0.458448201417923, -0.15789076685905457], [0.7765912413597107, -0.005436890292912722], [0.4592597186565399, 0.14937880635261536], [0.6209641098976135, 0.26277315616607666]]",False
early_neutral,4,2434,0.18893702099300233,-2,[0],"[[-0.8223426342010498, 0.0017510707257315516], [0.45205578207969666, -0.15742990374565125], [0.7639109492301941, -0.00521762715652585], [0.4451996684074402, 0.15109433233737946], [0.6274634003639221, 0.2585441470146179]]",False
early_neutral,4,2435,0.1886037987337554,-2,[0],"[[-0.8223426342010498, 0.0017510707257315516], [0.44562920928001404, -0.15724243223667145], [0.7508742809295654, -0.004934131167829037], [0.4311097264289856, 0.15270553529262543], [0.6339628100395203, 0.25431519746780396]]",False
early_neutral,4,2436,0.1882705764745085,-2,[0],"[[-0.8223426342010498, 0.0017510707257315516], [0.43919649720191956, -0.1572847068309784], [0.7375609278678894, -0.004591980017721653], [0.41698119044303894, 0.15416952967643738], [0.6404621005058289, 0.2500861585140228]]",False
early_neutral,4,2437,0.1879373542152616,-2,[0],"[[-0.8223426342010498, 0.0017510707257315516], [0.4327702522277832, -0.15748631954193115], [0.7240280508995056, -0.0042996699921786785], [0.40281692147254944, 0.1554812788963318], [0.6469614505767822, 0.24585719406604767]]",False
early_neutral,4,2438,0.18760413195601466,-2,[0],"[[-0.8223426342010498, 0.0017510707257315516], [0.42635035514831543, -0.15776097774505615], [0.7103232741355896, -0.0044455877505242825], [0.38861533999443054, 0.15661120414733887], [0.6534608006477356, 0.24162819981575012]]",False
early_neutral,4,2439,0.18727090969676774,-2,[0],"[[-0.8223426342010498, 0.0017510707257315516], [0.41993555426597595, -0.15808232128620148], [0.6965219378471375, -0.005071454215794802], [0.3743811249732971, 0.15755295753479004], [0.6599600911140442, 0.23739919066429138]]",False
early_neutral,4,2440,0.18693768743752082,-2,[0],"[[-0.8223426342010498, 0.0017510707257315516], [0.41351214051246643, -0.15831853449344635], [0.6827623248100281, -0.006482351571321487], [0.360125869512558, 0.15835195779800415], [0.6664594411849976, 0.23317022621631622]]",False
early_neutral,4,2441,0.18660446517827392,-2,[0],"[[-0.8223426342010498, 0.0017510707257315516], [0.4070817828178406, -0.15845176577568054], [0.669204831123352, -0.008768443949520588], [0.3458574116230011, 0.1590455025434494], [0.6729586720466614, 0.2289411723613739]]",False
early_neutral,4,2442,0.186271242919027,-2,[0],"[[-0.8223426342010498, 0.0017510707257315516], [0.40064823627471924, -0.15847113728523254], [0.6558579802513123, -0.011661632917821407], [0.33157768845558167, 0.1596354991197586], [0.6794580817222595, 0.22471225261688232]]",False
early_neutral,4,2443,0.18593802065978007,-2,[0],"[[-0.8223426342010498, 0.0017510707257315516], [0.39421650767326355, -0.15837045013904572], [0.6426259875297546, -0.014853636734187603], [0.31728920340538025, 0.1601286381483078], [0.6859573721885681, 0.2204832285642624]]",False
early_neutral,4,2444,0.18560479840053315,-2,[0],"[[-0.8223426342010498, 0.0017510707257315516], [0.38742125034332275, -0.15817970037460327], [0.6294876933097839, -0.018219172954559326], [0.30307769775390625, 0.16052386164665222], [0.6919828653335571, 0.21643918752670288]]",False
early_neutral,4,2445,0.18527157614128623,-2,[0],"[[-0.8223426342010498, 0.0017510707257315516], [0.3794088363647461, -0.15798123180866241], [0.6162624359130859, -0.019889337942004204], [0.2913151681423187, 0.16062389314174652], [0.6944780945777893, 0.21433593332767487]]",False
early_neutral,4,2446,0.18493835388203933,-2,[0],"[[-0.8223426342010498, 0.0017510707257315516], [0.3703814744949341, -0.15778930485248566], [0.6035181283950806, -0.019221371039748192], [0.28453293442726135, 0.16005192697048187], [0.69465172290802, 0.21410273015499115]]",False
early_neutral,4,2447,0.1846051316227924,-2,[0],"[[-0.8223426342010498, 0.0017510707257315516], [0.3611970543861389, -0.15755994617938995], [0.5905104875564575, -0.018190043047070503], [0.2820712625980377, 0.1580493003129959], [0.6919775009155273, 0.21467094123363495]]",False
early_neutral,4,2448,0.18427190936354548,-2,[0],"[[-0.8223426342010498, 0.0017510707257315516], [0.3520161509513855, -0.1572779268026352], [0.5772422552108765, -0.01711791381239891], [0.2821855843067169, 0.15566185116767883], [0.6875329613685608, 0.21542206406593323]]",False
early_neutral,4,2449,0.18393868710429856,-2,[0],"[[-0.8223426342010498, 0.0017510707257315516], [0.34283819794654846, -0.15695731341838837], [0.5637710690498352, -0.01602024957537651], [0.2823704779148102, 0.15497566759586334], [0.6816574931144714, 0.2161998599767685]]",False
early_neutral,4,2450,0.18360546484505164,-2,[0],"[[-0.8223426342010498, 0.0017510707257315516], [0.3336620628833771, -0.1566152721643448], [0.5501376986503601, -0.014932840131223202], [0.2823818027973175, 0.15495198965072632], [0.6744375228881836, 0.2171027660369873]]",False
early_neutral,4,2451,0.18327224258580474,-2,[0],"[[-0.8223426342010498, 0.0017510707257315516], [0.324487566947937, -0.156254842877388], [0.5363783836364746, -0.013860389590263367], [0.2823818027973175, 0.15495198965072632], [0.6660116910934448, 0.21810020506381989]]",False
early_neutral,4,2452,0.18293902032655782,-2,[0],"[[-0.8223426342010498, 0.0017510707257315516], [0.315313458442688, -0.15589088201522827], [0.5225207805633545, -0.012809292413294315], [0.2823818027973175, 0.15495198965072632], [0.6568198204040527, 0.2191476672887802]]",False
early_neutral,4,2453,0.1826057980673109,-2,[0],"[[-0.8223426342010498, 0.0017510707257315516], [0.30613940954208374, -0.15552547574043274], [0.5085867643356323, -0.011782683432102203], [0.2823818027973175, 0.15495198965072632], [0.6468164324760437, 0.2202519327402115]]",False
early_neutral,4,2454,0.18227257580806397,-2,[0],"[[-0.8223426342010498, 0.0017510707257315516], [0.2969648241996765, -0.1551666259765625], [0.49459201097488403, -0.010788965038955212], [0.2823818027973175, 0.15495198965072632], [0.6363577842712402, 0.22137027978897095]]",False
early_neutral,4,2455,0.18193935354881707,-2,[0],"[[-0.8223426342010498, 0.0017510707257315516], [0.28778916597366333, -0.15481892228126526], [0.48054832220077515, -0.009837823919951916], [0.2823818027973175, 0.15495198965072632], [0.6254544854164124, 0.2224912792444229]]",False
early_neutral,4,2456,0.18160613128957015,-2,[0],"[[-0.8223426342010498, 0.0017510707257315516], [0.2786121368408203, -0.15448731184005737], [0.466465562582016, -0.008932015858590603], [0.2823818027973175, 0.15495198965072632], [0.6139079928398132, 0.22363971173763275]]",False
early_neutral,4,2457,0.18127290903032323,-2,[0],"[[-0.8223426342010498, 0.0017510707257315516], [0.26943281292915344, -0.15418416261672974], [0.45235034823417664, -0.008081377483904362], [0.2823818027973175, 0.15495198965072632], [0.601781964302063, 0.22480465471744537]]",False
early_neutral,4,2458,0.1809396867710763,-2,[0],"[[-0.8223426342010498, 0.0017510707257315516], [0.2602512538433075, -0.15391050279140472], [0.43820878863334656, -0.0072876769118011], [0.2823818027973175, 0.15495198965072632], [0.5891832113265991, 0.2259529083967209]]",False
early_neutral,4,2459,0.18060646451182938,-2,[0],"[[-0.8223426342010498, 0.0017510707257315516], [0.2510673403739929, -0.15367291867733002], [0.4240458011627197, -0.006550929043442011], [0.2823818027973175, 0.15495198965072632], [0.576213538646698, 0.22708749771118164]]",False
early_neutral,4,2460,0.18027324225258248,-2,[0],"[[-0.8223426342010498, 0.0017510707257315516], [0.24188129603862762, -0.15347333252429962], [0.4098653793334961, -0.005871213041245937], [0.2823818027973175, 0.15495198965072632], [0.5629510879516602, 0.22818820178508759]]",False
early_neutral,4,2461,0.17994001999333556,-2,[0],"[[-0.8223426342010498, 0.0017510707257315516], [0.2326933890581131, -0.15331411361694336], [0.3956700563430786, -0.005254797637462616], [0.2840462923049927, 0.15505436062812805], [0.5494612455368042, 0.22925695776939392]]",False
early_neutral,4,2462,0.17960679773408864,-2,[0],"[[-0.8223426342010498, 0.0017510707257315516], [0.223503977060318, -0.15319807827472687], [0.381460964679718, -0.004716754425317049], [0.2884065806865692, 0.15523456037044525], [0.535796046257019, 0.2302977293729782]]",False
early_neutral,4,2463,0.1792735754748417,-2,[0],"[[-0.8223426342010498, 0.0017510707257315516], [0.21431349217891693, -0.15312553942203522], [0.3672407567501068, -0.0042551239021122456], [0.29416900873184204, 0.15530982613563538], [0.521994411945343, 0.23130503296852112]]",False
early_neutral,4,2464,0.1789403532155948,-2,[0],"[[-0.8223426342010498, 0.0017510707257315516], [0.2051224410533905, -0.15309807658195496], [0.353013813495636, -0.0038363898638635874], [0.3000631034374237, 0.15532563626766205], [0.5080811977386475, 0.23224224150180817]]",False
early_neutral,4,2465,0.1786071309563479,-2,[0],"[[-0.8223426342010498, 0.0017510707257315516], [0.1959313154220581, -0.15311583876609802], [0.3387819230556488, -0.0034509298857301474], [0.3073228597640991, 0.15533645451068878], [0.49407926201820374, 0.23309682309627533]]",False
early_neutral,4,2466,0.17827390869710097,-2,[0],"[[-0.8223426342010498, 0.0017510707257315516], [0.1867407262325287, -0.15318123996257782], [0.3245462477207184, -0.0030930896755307913], [0.31582099199295044, 0.15533919632434845], [0.480011910200119, 0.2338980883359909]]",False
early_neutral,4,2467,0.17794068643785405,-2,[0],"[[-0.8223426342010498, 0.0017510707257315516], [0.17755126953125, -0.15329568088054657], [0.3103078007698059, -0.002755943452939391], [0.32500821352005005, 0.15534019470214844], [0.46589818596839905, 0.234683096408844]]",False
early_neutral,4,2468,0.17760746417860712,-2,[0],"[[-0.8223426342010498, 0.0017510707257315516], [0.16961276531219482, -0.15343493223190308], [0.29606714844703674, -0.002439125906676054], [0.3319929540157318, 0.15531256794929504], [0.45174840092658997, 0.23544999957084656]]",False
early_neutral,4,2469,0.17727424191936023,-2,[0],"[[-0.8223426342010498, 0.0017510707257315516], [0.1631840467453003, -0.15360139310359955], [0.28182461857795715, -0.0021407499443739653], [0.3334192931652069, 0.1552918553352356], [0.4375700056552887, 0.23619259893894196]]",False
early_neutral,4,2470,0.1769410196601133,-2,[0],"[[-0.8223426342010498, 0.0017510707257315516], [0.15675872564315796, -0.15381605923175812], [0.267580509185791, -0.0018607941456139088], [0.3333628177642822, 0.15506663918495178], [0.42336905002593994, 0.23690976202487946]]",False
early_neutral,4,2471,0.17660779740086638,-2,[0],"[[-0.8223426342010498, 0.0017510707257315516], [0.1503373235464096, -0.15407568216323853], [0.2533344328403473, -0.001613304135389626], [0.33302345871925354, 0.1531444489955902], [0.40915024280548096, 0.2376014143228531]]",False
early_neutral,4,2472,0.17627457514161946,-2,[0],"[[-0.8223426342010498, 0.0017510707257315516], [0.14392046630382538, -0.1543792486190796], [0.23908643424510956, -0.0014063105918467045], [0.33281370997428894, 0.15039919316768646], [0.3949173092842102, 0.2382674217224121]]",False
early_neutral,4,2473,0.17594135288237253,-2,[0],"[[-0.8223426342010498, 0.0017510707257315516], [0.13750827312469482, -0.15472213923931122], [0.22483684122562408, -0.0012419584672898054], [0.33272382616996765, 0.14672933518886566], [0.38067254424095154, 0.23890160024166107]]",False
early_neutral,4,2474,0.17560813062312564,-2,[0],"[[-0.8223426342010498, 0.0017510707257315516], [0.13110053539276123, -0.15509866178035736], [0.21058590710163116, -0.0011255221907049417], [0.33266088366508484, 0.14215484261512756], [0.3664165437221527, 0.23948858678340912]]",False
early_neutral,4,2475,0.1752749083638787,-2,[0],"[[-0.8223426342010498, 0.0017510707257315516], [0.12469788640737534, -0.15551015734672546], [0.19633404910564423, -0.0010584486881271005], [0.33264291286468506, 0.1367560476064682], [0.35215193033218384, 0.24003686010837555]]",False
early_neutral,4,2476,0.1749416861046318,-2,[0],"[[-0.8223426342010498, 0.0017510707257315516], [0.1183018758893013, -0.1559632122516632], [0.1820816695690155, -0.0010555046610534191], [0.33263522386550903, 0.13079692423343658], [0.33789071440696716, 0.2406589835882187]]",False
early_neutral,4,2477,0.17460846384538486,-2,[0],"[[-0.8223426342010498, 0.0017510707257315516], [0.11196567863225937, -0.15645399689674377], [0.16782957315444946, -0.0011209396179765463], [0.33263280987739563, 0.12481606006622314], [0.3236386477947235, 0.2413872480392456]]",False
early_neutral,4,2478,0.17427524158613794,-2,[0],"[[-0.8223426342010498, 0.0017510707257315516], [0.10931295156478882, -0.15666458010673523], [0.15357887744903564, -0.0012734505580738187], [0.33263254165649414, 0.1188352033495903], [0.30938956141471863, 0.24215823411941528]]",False
early_neutral,4,2479,0.17394201932689105,-2,[0],"[[-0.8223426342010498, 0.0017510707257315516], [0.10931295156478882, -0.15666458010673523], [0.13933192193508148, -0.0015358765376731753], [0.3326324224472046, 0.11285433918237686], [0.295134574174881, 0.24289432168006897]]",False
early_neutral,4,2480,0.17360879706764412,-2,[0],"[[-0.8223426342010498, 0.0017510707257315516], [0.10792437940835953, -0.15678296983242035], [0.12509098649024963, -0.001911250757984817], [0.3326324224472046, 0.10687347501516342], [0.28087371587753296, 0.24359160661697388]]",False
early_neutral,4,2481,0.1732755748083972,-2,[0],"[[-0.8223426342010498, 0.0017510707257315516], [0.10404933989048004, -0.15722467005252838], [0.11085939407348633, -0.002414850750938058], [0.3326324224472046, 0.10089261829853058], [0.2666054666042328, 0.24423041939735413]]",False
early_neutral,4,2482,0.17294235254915027,-2,[0],"[[-0.8223426342010498, 0.0017510707257315516], [0.09933601319789886, -0.15792542695999146], [0.09666776657104492, -0.003046101424843073], [0.3326324224472046, 0.09491176158189774], [0.25233039259910583, 0.24480803310871124]]",False
early_neutral,4,2483,0.17260913028990338,-2,[0],"[[-0.8223426342010498, 0.0017510707257315516], [0.09765230864286423, -0.158139169216156], [0.08463555574417114, -0.0036496687680482864], [0.3326324224472046, 0.0889308974146843], [0.2380484640598297, 0.24531444907188416]]",False
early_neutral,4,2484,0.17227590803065645,-2,[0],"[[-0.8223426342010498, 0.0017510707257315516], [0.09765230864286423, -0.158139169216156], [0.07544320821762085, -0.004251726437360048], [0.3326324224472046, 0.08295004069805145], [0.2237602025270462, 0.2457437813282013]]",False
early_neutral,4,2485,0.17194268577140953,-2,[0],"[[-0.8223426342010498, 0.0017510707257315516], [0.09765230864286423, -0.158139169216156], [0.06632331013679504, -0.004992362577468157], [0.3326324224472046, 0.07696918398141861], [0.20946569740772247, 0.24607692658901215]]",False
early_neutral,4,2486,0.1716094635121626,-2,[0],"[[-0.8223426342010498, 0.0017510707257315516], [0.09765230864286423, -0.158139169216156], [0.057255957275629044, -0.005968315061181784], [0.3326324224472046, 0.07098831981420517], [0.1951647698879242, 0.2462664544582367]]",False
early_neutral,4,2487,0.17127624125291568,-2,[0],"[[-0.8223426342010498, 0.0017510707257315516], [0.09710586816072464, -0.15849658846855164], [0.04825470969080925, -0.007176313083618879], [0.3326324224472046, 0.06500746309757233], [0.18086084723472595, 0.24631182849407196]]",False
early_neutral,4,2488,0.1709430189936688,-2,[0],"[[-0.8223426342010498, 0.0017510707257315516], [0.09451254457235336, -0.1601693034172058], [0.03930685669183731, -0.008542779833078384], [0.3326324224472046, 0.05902659893035889], [0.16655707359313965, 0.24623289704322815]]",False
early_neutral,4,2489,0.17060979673442186,-2,[0],"[[-0.8223426342010498, 0.0017510707257315516], [0.09096543490886688, -0.1624150574207306], [0.030410997569561005, -0.010046136565506458], [0.3326324224472046, 0.053045738488435745], [0.15225592255592346, 0.24603530764579773]]",False
early_neutral,4,2490,0.17027657447517494,-2,[0],"[[-0.8223426342010498, 0.0017510707257315516], [0.08661384880542755, -0.16531290113925934], [0.02157861925661564, -0.011700144968926907], [0.3326324224472046, 0.047064878046512604], [0.1393948495388031, 0.24578438699245453]]",False
early_neutral,4,2491,0.16994335221592802,-2,[0],"[[-0.8223426342010498, 0.0017510707257315516], [0.08232772350311279, -0.168434739112854], [0.012824291363358498, -0.013521402142941952], [0.3326324224472046, 0.04108401760458946], [0.12989996373653412, 0.24545815587043762]]",False
early_neutral,4,2492,0.1696101299566811,-2,[0],"[[-0.8223426342010498, 0.0017510707257315516], [0.07919564843177795, -0.17085464298725128], [0.004809538368135691, -0.01535097137093544], [0.3326324224472046, 0.03510316088795662], [0.1207355335354805, 0.24500401318073273]]",False
early_neutral,4,2493,0.1692769076974342,-2,[0],"[[-0.8223426342010498, 0.0017510707257315516], [0.07898125797510147, -0.17101888358592987], [-0.001124051515944302, -0.01696806401014328], [0.3326324224472046, 0.02912229672074318], [0.11159350723028183, 0.24438826739788055]]",False
early_neutral,4,2494,0.16894368543818727,-2,[0],"[[-0.8223426342010498, 0.0017510707257315516], [0.07892056554555893, -0.17120486497879028], [-0.006907087750732899, -0.018801573663949966], [0.3326324224472046, 0.023141440004110336], [0.10248174518346786, 0.24360528588294983]]",False
early_neutral,4,2495,0.16861046317894035,-2,[0],"[[-0.8223426342010498, 0.0017510707257315516], [0.07844504714012146, -0.17333459854125977], [-0.012486254796385765, -0.02088472619652748], [0.3326324224472046, 0.017160575836896896], [0.09341807663440704, 0.24261479079723358]]",False
early_neutral,4,2496,0.16827724091969343,-2,[0],"[[-0.8223426342010498, 0.0017510707257315516], [0.07819998264312744, -0.176407590508461], [-0.017814485356211662, -0.023229612037539482], [0.3326324224472046, 0.01117971632629633], [0.08442074805498123, 0.2413947433233261]]",False
early_neutral,4,2497,0.16794401866044653,-2,[0],"[[-0.8223426342010498, 0.0017510707257315516], [0.07835802435874939, -0.1803579479455948], [-0.022839892655611038, -0.025841517373919487], [0.3326324224472046, 0.005198856350034475], [0.07671383023262024, 0.24014753103256226]]",False
early_neutral,4,2498,0.1676107964011996,-2,[0],"[[-0.8223426342010498, 0.0017510707257315516], [0.07882538437843323, -0.18453311920166016], [-0.027470339089632034, -0.028746014460921288], [0.3326324224472046, -0.0007820065366104245], [0.07059094309806824, 0.23886388540267944]]",False
early_neutral,4,2499,0.16727757414195268,-2,[0],"[[-0.8223426342010498, 0.0017510707257315516], [0.0794132724404335, -0.1881633847951889], [-0.03165839985013008, -0.03192199394106865], [0.3326324224472046, -0.006762865465134382], [0.0646018460392952, 0.23733627796173096]]",False
early_neutral,4,2500,0.16694435188270576,-2,[0],"[[-0.8223426342010498, 0.0017510707257315516], [0.07941314578056335, -0.18895147740840912], [-0.03530881926417351, -0.035367000848054886], [0.3326324224472046, -0.012743727304041386], [0.05878044292330742, 0.23555539548397064]]",False
early_neutral,4,2501,0.16661112962345884,-2,[0],"[[-0.8223426342010498, 0.0017510707257315516], [0.07940661907196045, -0.1889715939760208], [-0.03836362808942795, -0.03904927894473076], [0.3326324224472046, -0.018724586814641953], [0.053155381232500076, 0.23352481424808502]]",False
early_neutral,4,2502,0.16627790736421194,-2,[0],"[[-0.8223426342010498, 0.0017510707257315516], [0.0788271576166153, -0.1907421350479126], [-0.040933962911367416, -0.042886726558208466], [0.3326324224472046, -0.024705449119210243], [0.047751929610967636, 0.2312536984682083]]",False
early_neutral,4,2503,0.16594468510496502,-2,[0],"[[-0.8223426342010498, 0.0017510707257315516], [0.07788461446762085, -0.19358329474925995], [-0.043183356523513794, -0.04680858179926872], [0.3326324224472046, -0.030686311423778534], [0.042230717837810516, 0.22865749895572662]]",False
early_neutral,4,2504,0.1656114628457181,-2,[0],"[[-0.8223426342010498, 0.0017510707257315516], [0.07648017257452011, -0.19726885855197906], [-0.04510529339313507, -0.05080350115895271], [0.3326324224472046, -0.03666716814041138], [0.03578165918588638, 0.22552287578582764]]",False
early_neutral,4,2505,0.16527824058647117,-2,[0],"[[-0.8223426342010498, 0.0017510707257315516], [0.0743500366806984, -0.20121759176254272], [-0.046690434217453, -0.05485684797167778], [0.3326324224472046, -0.04264803230762482], [0.028534650802612305, 0.221897155046463]]",False
early_neutral,4,2506,0.16494501832722425,-2,[0],"[[-0.8223426342010498, 0.0017510707257315516], [0.07181189209222794, -0.20483340322971344], [-0.04788334295153618, -0.058888647705316544], [0.3326324224472046, -0.04862889274954796], [0.020611707121133804, 0.2179040014743805]]",False
early_neutral,4,2507,0.16461179606797735,-2,[0],"[[-0.8223426342010498, 0.0017510707257315516], [0.0710948258638382, -0.20580518245697021], [-0.04869939759373665, -0.06297993659973145], [0.3326324224472046, -0.0546097531914711], [0.012071764096617699, 0.2135937362909317]]",False
early_neutral,4,2508,0.16427857380873043,-2,[0],"[[-0.8223426342010498, 0.0017510707257315516], [0.0710948258638382, -0.20580518245697021], [-0.049143265932798386, -0.06712151318788528], [0.3326324224472046, -0.06059061363339424], [0.004325319081544876, 0.20969030261039734]]",False
early_neutral,4,2509,0.1639453515494835,-2,[0],"[[-0.8223426342010498, 0.0017510707257315516], [0.0710948258638382, -0.20580518245697021], [-0.04928097128868103, -0.06885822117328644], [0.3326324224472046, -0.06657146662473679], [-0.0029609263874590397, 0.20604464411735535]]",False
early_neutral,4,2510,0.16361212929023658,-2,[0],"[[-0.8223426342010498, 0.0017510707257315516], [0.0710948258638382, -0.20580518245697021], [-0.04928097128868103, -0.06885822117328644], [0.3326324224472046, -0.07255233824253082], [-0.010258542373776436, 0.20240864157676697]]",False
early_neutral,4,2511,0.16327890703098968,-2,[0],"[[-0.8223426342010498, 0.0017510707257315516], [0.070790134370327, -0.20534177124500275], [-0.04928097128868103, -0.06885822117328644], [0.3326324224472046, -0.07853319495916367], [-0.017535241320729256, 0.1987549066543579]]",False
early_neutral,4,2512,0.16294568477174276,-2,[0],"[[-0.8223426342010498, 0.0017510707257315516], [0.06903478503227234, -0.20323684811592102], [-0.04928097128868103, -0.06885822117328644], [0.3326324224472046, -0.08451405167579651], [-0.024786479771137238, 0.19507980346679688]]",False
early_neutral,4,2513,0.16261246251249584,-2,[0],"[[-0.8223426342010498, 0.0017510707257315516], [0.06608771532773972, -0.20057621598243713], [-0.04930637776851654, -0.0689157024025917], [0.3326324224472046, -0.09049491584300995], [-0.032006874680519104, 0.1913791000843048]]",False
early_neutral,4,2514,0.1622792402532489,-2,[0],"[[-0.8223426342010498, 0.0017510707257315516], [0.06204088777303696, -0.19734147191047668], [-0.049983467906713486, -0.07051858305931091], [0.3326324224472046, -0.09647577255964279], [-0.03919333592057228, 0.18765053153038025]]",False
early_neutral,4,2515,0.161946017994002,-2,[0],"[[-0.8223426342010498, 0.0017510707257315516], [0.05707508325576782, -0.19350959360599518], [-0.050967756658792496, -0.07299578934907913], [0.3326324224472046, -0.10245662927627563], [-0.0462665893137455, 0.18383222818374634]]",False
early_neutral,4,2516,0.1616127957347551,-2,[0],"[[-0.8223426342010498, 0.0017510707257315516], [0.051247257739305496, -0.1891895830631256], [-0.05227690190076828, -0.0763598307967186], [0.3326324224472046, -0.10843750089406967], [-0.053021326661109924, 0.1797773241996765]]",False
early_neutral,4,2517,0.16127957347550817,-2,[0],"[[-0.8223426342010498, 0.0017510707257315516], [0.04467996209859848, -0.184529110789299], [-0.05384085327386856, -0.08009517937898636], [0.3326324224472046, -0.11441836506128311], [-0.05925105884671211, 0.17562423646450043]]",False
early_neutral,4,2518,0.16094635121626125,-2,[0],"[[-0.8223426342010498, 0.0017510707257315516], [0.03741816058754921, -0.17956975102424622], [-0.055649202316999435, -0.08411197364330292], [0.3326324224472046, -0.12039921432733536], [-0.06320951879024506, 0.17222271859645844]]",False
early_neutral,4,2519,0.16061312895701432,-2,[0],"[[-0.8223426342010498, 0.0017510707257315516], [0.029762685298919678, -0.17462898790836334], [-0.05757521092891693, -0.08810558170080185], [0.3326324224472046, -0.1263800710439682], [-0.06627647578716278, 0.16854646801948547]]",False
early_neutral,4,2520,0.1602799066977674,-2,[0],"[[-0.8223426342010498, 0.0017510707257315516], [0.021438486874103546, -0.16955573856830597], [-0.05957325920462608, -0.0919860377907753], [0.3326324224472046, -0.13236093521118164], [-0.0669214054942131, 0.16536374390125275]]",False
early_neutral,4,2521,0.1599466844385205,-2,[0],"[[-0.8223426342010498, 0.0017510707257315516], [0.013101709075272083, -0.16400836408138275], [-0.061728864908218384, -0.09591669589281082], [0.3326324224472046, -0.13834179937839508], [-0.06299342215061188, 0.16379743814468384]]",False
early_neutral,4,2522,0.15961346217927358,-2,[0],"[[-0.8223426342010498, 0.0017510707257315516], [0.008074994198977947, -0.15713949501514435], [-0.06399019062519073, -0.09983532875776291], [0.3326324224472046, -0.14432266354560852], [-0.05700026452541351, 0.16331714391708374]]",False
early_neutral,4,2523,0.15928023992002666,-2,[0],"[[-0.8223426342010498, 0.0017510707257315516], [0.005951448809355497, -0.14941707253456116], [-0.06611236184835434, -0.1037282720208168], [0.3326324224472046, -0.15030352771282196], [-0.05057360604405403, 0.16342048346996307]]",False
early_neutral,4,2524,0.15894701766077973,-2,[0],"[[-0.8223426342010498, 0.0017510707257315516], [0.003597596660256386, -0.1413818597793579], [-0.06806181371212006, -0.10765933245420456], [0.3326324224472046, -0.1562843769788742], [-0.0442303903400898, 0.16410163044929504]]",False
early_neutral,4,2525,0.1586137954015328,-2,[0],"[[-0.8223426342010498, 0.0017510707257315516], [0.0006168741965666413, -0.1331567019224167], [-0.06986264884471893, -0.11167822033166885], [0.3326324224472046, -0.16226524114608765], [-0.03798907622694969, 0.16502772271633148]]",False
early_neutral,4,2526,0.1582805731422859,-2,[0],"[[-0.8223426342010498, 0.0017510707257315516], [-0.0032065880950540304, -0.12486206740140915], [-0.07144306600093842, -0.11570634692907333], [0.3326324224472046, -0.1682461053133011], [-0.03186795115470886, 0.16600389778614044]]",False
early_neutral,4,2527,0.157947350883039,-2,[0],"[[-0.8223426342010498, 0.0017510707257315516], [-0.008431225083768368, -0.1167202815413475], [-0.07277359068393707, -0.11971163749694824], [0.3326324224472046, -0.17422696948051453], [-0.025644337758421898, 0.16706515848636627]]",False
early_neutral,4,2528,0.15761412862379207,-2,[0],"[[-0.8223426342010498, 0.0017510707257315516], [-0.014874069951474667, -0.10883939266204834], [-0.07390172779560089, -0.12383313477039337], [0.3326324224472046, -0.18020783364772797], [-0.019426072016358376, 0.16809536516666412]]",False
early_neutral,4,2529,0.15728090636454514,-2,[0],"[[-0.8223426342010498, 0.0017510707257315516], [-0.023450760170817375, -0.10222261399030685], [-0.07492724061012268, -0.12796282768249512], [0.3326324224472046, -0.1861886829137802], [-0.013297577388584614, 0.16896216571331024]]",False
early_neutral,4,2530,0.15694768410529825,-2,[0],"[[-0.8223426342010498, 0.0017510707257315516], [-0.03361574932932854, -0.09688197076320648], [-0.07598624378442764, -0.131988987326622], [0.3326324224472046, -0.19216954708099365], [-0.006966825574636459, 0.16970735788345337]]",False
early_neutral,4,2531,0.15661446184605132,-2,[0],"[[-0.8223426342010498, 0.0017510707257315516], [-0.04482525214552879, -0.09242071211338043], [-0.07713038474321365, -0.13610883057117462], [0.3326324224472046, -0.1981504112482071], [-0.002163421828299761, 0.17019695043563843]]",False
early_neutral,4,2532,0.1562812395868044,-2,[0],"[[-0.8223426342010498, 0.0017510707257315516], [-0.057201728224754333, -0.09010016918182373], [-0.07915965467691422, -0.1400299221277237], [0.33257853984832764, -0.20269569754600525], [-0.001836388953961432, 0.1702306866645813]]",False
early_neutral,4,2533,0.15594801732755748,-2,[0],"[[-0.8223426342010498, 0.0017510707257315516], [-0.07011064141988754, -0.08837123215198517], [-0.08299316465854645, -0.1433398425579071], [0.3325387239456177, -0.2036241888999939], [-0.001836388953961432, 0.1702306866645813]]",False
early_neutral,4,2534,0.15561479506831055,-2,[0],"[[-0.8223426342010498, 0.0017510707257315516], [-0.08352966606616974, -0.08773432672023773], [-0.08713837713003159, -0.1465386152267456], [0.3325387239456177, -0.2036241888999939], [-0.001836388953961432, 0.1702306866645813]]",False
early_neutral,4,2535,0.15528157280906366,-2,[0],"[[-0.8223426342010498, 0.0017510707257315516], [-0.0966973528265953, -0.08810421079397202], [-0.09136534482240677, -0.1496945470571518], [0.3325387239456177, -0.2036241888999939], [-0.001836388953961432, 0.1702306866645813]]",False
early_neutral,4,2536,0.15494835054981673,-2,[0],"[[-0.8230993747711182, 0.001562772085890174], [-0.10668759047985077, -0.08855585008859634], [-0.09577731043100357, -0.15274137258529663], [0.3325387239456177, -0.2036241888999939], [-0.001836388953961432, 0.1702306866645813]]",False
early_neutral,4,2537,0.1546151282905698,-2,[0],"[[-0.826635479927063, 0.0009109572856687009], [-0.11584166437387466, -0.08909203857183456], [-0.10043200105428696, -0.15563033521175385], [0.3325387239456177, -0.2036241888999939], [-0.001836388953961432, 0.1702306866645813]]",False
early_neutral,4,2538,0.15428190603132289,-2,[0],"[[-0.8316328525543213, 0.00042305898386985064], [-0.12500257790088654, -0.08957531303167343], [-0.1053905040025711, -0.15829670429229736], [0.3325387239456177, -0.2036241888999939], [-0.002212153747677803, 0.16978855431079865]]",False
early_neutral,4,2539,0.15394868377207596,-2,[0],"[[-0.8379257917404175, 3.5957964428234845e-05], [-0.13417823612689972, -0.08992045372724533], [-0.11062569171190262, -0.16072890162467957], [0.3325387239456177, -0.2036241888999939], [-0.00370337488129735, 0.16756252944469452]]",False
early_neutral,4,2540,0.15361546151282907,-2,[0],"[[-0.8452304601669312, -0.00037393608363345265], [-0.14363528788089752, -0.09003512561321259], [-0.11610205471515656, -0.16292482614517212], [0.3325387239456177, -0.2036241888999939], [-0.005137457512319088, 0.16434571146965027]]",False
early_neutral,4,2541,0.15328223925358214,-2,[0],"[[-0.8530691862106323, -0.0007714704843237996], [-0.15394097566604614, -0.08968274295330048], [-0.12179295718669891, -0.16487614810466766], [0.3325387239456177, -0.2036241888999939], [-0.006855967920273542, 0.16038274765014648]]",False
early_neutral,4,2542,0.15294901699433522,-2,[0],"[[-0.861870288848877, -0.0011764608789235353], [-0.16494148969650269, -0.08880428969860077], [-0.12765604257583618, -0.16659869253635406], [0.3325387239456177, -0.2036241888999939], [-0.00901870895177126, 0.1564406156539917]]",False
early_neutral,4,2543,0.1526157947350883,-2,[0],"[[-0.8713930249214172, -0.001602437230758369], [-0.1765131652355194, -0.08736424893140793], [-0.13366077840328217, -0.16810041666030884], [0.3325387239456177, -0.2036241888999939], [-0.012227377854287624, 0.15288296341896057]]",False
early_neutral,4,2544,0.1522825724758414,-2,[0],"[[-0.8817927837371826, -0.0020597439724951982], [-0.18832597136497498, -0.08499810099601746], [-0.13830043375492096, -0.16912169754505157], [0.33020177483558655, -0.20404532551765442], [-0.016779392957687378, 0.1500588357448578]]",False
early_neutral,4,2545,0.15194935021659448,-2,[0],"[[-0.8925289511680603, -0.0025297782849520445], [-0.20031195878982544, -0.0820266604423523], [-0.13966669142246246, -0.16941922903060913], [0.3257795572280884, -0.205011248588562], [-0.021533267572522163, 0.1472417563199997]]",False
early_neutral,4,2546,0.15161612795734755,-2,[0],"[[-0.903817892074585, -0.0030243403743952513], [-0.21258313953876495, -0.07888489216566086], [-0.1396837681531906, -0.16962340474128723], [0.32010215520858765, -0.20636102557182312], [-0.026457838714122772, 0.1445491909980774]]",False
early_neutral,4,2547,0.15128290569810063,-2,[0],"[[-0.914486289024353, -0.0034730215556919575], [-0.22499273717403412, -0.07550415396690369], [-0.13919194042682648, -0.1709217131137848], [0.31319376826286316, -0.2057766169309616], [-0.03169069066643715, 0.1421152502298355]]",False
early_neutral,4,2548,0.1509496834388537,-2,[0],"[[-0.9236676096916199, -0.0037490448448807], [-0.23546753823757172, -0.07084918022155762], [-0.1399931013584137, -0.17261920869350433], [0.3059370815753937, -0.20332413911819458], [-0.0376979298889637, 0.13973158597946167]]",False
early_neutral,4,2549,0.1506164611796068,-2,[0],"[[-0.9328545331954956, -0.0039278725162148476], [-0.24283140897750854, -0.06456983834505081], [-0.14110851287841797, -0.17477568984031677], [0.29828888177871704, -0.20011919736862183], [-0.045056119561195374, 0.13725414872169495]]",False
early_neutral,4,2550,0.15028323892035989,-2,[0],"[[-0.9420437216758728, -0.004053161945194006], [-0.24973778426647186, -0.05769527703523636], [-0.14332519471645355, -0.17545995116233826], [0.2905532419681549, -0.1968892514705658], [-0.05343259125947952, 0.13487541675567627]]",False
early_neutral,4,2551,0.14995001666111296,-2,[0],"[[-0.951233983039856, -0.004137471318244934], [-0.2565966248512268, -0.050488755106925964], [-0.1477203518152237, -0.17436833679676056], [0.2828059792518616, -0.19367115199565887], [-0.062015779316425323, 0.13273757696151733]]",False
early_neutral,4,2552,0.14961679440186604,-2,[0],"[[-0.9599376320838928, -0.004187142010778189], [-0.2629815638065338, -0.043634671717882156], [-0.152094766497612, -0.17326325178146362], [0.2750295102596283, -0.19048303365707397], [-0.07074470818042755, 0.1308697909116745]]",False
early_neutral,4,2553,0.14928357214261911,-2,[0],"[[-0.9685752391815186, -0.004216626286506653], [-0.26779893040657043, -0.03935837745666504], [-0.15633243322372437, -0.17183449864387512], [0.2672220766544342, -0.18732714653015137], [-0.07914571464061737, 0.1292354017496109]]",False
early_neutral,4,2554,0.14895034988337222,-2,[0],"[[-0.9764882326126099, -0.004216048866510391], [-0.2725822329521179, -0.036670614033937454], [-0.1583283394575119, -0.17161376774311066], [0.25940269231796265, -0.1841837763786316], [-0.08559346944093704, 0.12895485758781433]]",False
early_neutral,4,2555,0.1486171276241253,-2,[0],"[[-0.9800410866737366, -0.004040154628455639], [-0.2772093415260315, -0.03647555038332939], [-0.1590954065322876, -0.17178069055080414], [0.2515821158885956, -0.1810416430234909], [-0.09203978627920151, 0.13020937144756317]]",False
early_neutral,4,2556,0.14828390536487837,-2,[0],"[[-0.9804621338844299, -0.003989430144429207], [-0.28219547867774963, -0.0383194200694561], [-0.15917503833770752, -0.17186346650123596], [0.24375402927398682, -0.17790748178958893], [-0.09940382838249207, 0.13208100199699402]]",False
early_neutral,4,2557,0.14795068310563145,-2,[0],"[[-0.9804621338844299, -0.003989430144429207], [-0.2855721712112427, -0.04058357700705528], [-0.15933047235012054, -0.1718561351299286], [0.23590274155139923, -0.17479798197746277], [-0.10746010392904282, 0.13469251990318298]]",False
early_neutral,4,2558,0.14761746084638455,-2,[0],"[[-0.9804621338844299, -0.003989430144429207], [-0.28372955322265625, -0.043206214904785156], [-0.1597149521112442, -0.17183803021907806], [0.22802726924419403, -0.17171448469161987], [-0.11564145982265472, 0.13756254315376282]]",True
early_neutral,4,2559,0.14728423858713763,-2,[0],"[[-0.9804621338844299, -0.003989430144429207], [-0.2789393663406372, -0.045449599623680115], [-0.1597149521112442, -0.17183803021907806], [0.22012141346931458, -0.1686640977859497], [-0.12446191161870956, 0.14056183397769928]]",True
early_neutral,4,2560,0.1469510163278907,-2,[0],"[[-0.9804621338844299, -0.003989430144429207], [-0.27196580171585083, -0.04664863646030426], [-0.1597149521112442, -0.17183803021907806], [0.21218366920948029, -0.16564896702766418], [-0.1339169144630432, 0.14367593824863434]]",True
early_neutral,4,2561,0.14661779406864378,-2,[0],"[[-0.9800863862037659, -0.004068445414304733], [-0.2637369632720947, -0.04765401780605316], [-0.1597149521112442, -0.17183803021907806], [0.20422688126564026, -0.16265514492988586], [-0.14370101690292358, 0.14672072231769562]]",True
early_neutral,4,2562,0.14628457180939686,-2,[0],"[[-0.976560652256012, -0.004886257462203503], [-0.25460687279701233, -0.04911566898226738], [-0.1597149521112442, -0.17183803021907806], [0.19626635313034058, -0.1596655547618866], [-0.154165118932724, 0.14981293678283691]]",True
early_neutral,4,2563,0.14595134955014996,-2,[0],"[[-0.9716236591339111, -0.006215339992195368], [-0.2447243183851242, -0.05099846422672272], [-0.1597149521112442, -0.17183803021907806], [0.1882956326007843, -0.15668749809265137], [-0.1652163565158844, 0.15300770103931427]]",True
early_neutral,4,2564,0.14561812729090304,-2,[0],"[[-0.965423047542572, -0.008035383187234402], [-0.23452717065811157, -0.05328794941306114], [-0.16137105226516724, -0.17162102460861206], [0.1802830845117569, -0.15375737845897675], [-0.1767617166042328, 0.15627610683441162]]",True
early_neutral,4,2565,0.14528490503165611,-2,[0],"[[-0.9579483866691589, -0.010109584778547287], [-0.22416287660598755, -0.055733464658260345], [-0.1603245586156845, -0.17009751498699188], [0.1722143143415451, -0.15088017284870148], [-0.188690185546875, 0.15961070358753204]]",True
early_neutral,4,2566,0.1449516827724092,-2,[0],"[[-0.9494110345840454, -0.012291337363421917], [-0.21328754723072052, -0.05839192122220993], [-0.15989594161510468, -0.1673097461462021], [0.16344428062438965, -0.14804764091968536], [-0.20088814198970795, 0.1630415916442871]]",True
early_neutral,4,2567,0.14461846051316227,-2,[0],"[[-0.9402174949645996, -0.014097770676016808], [-0.2019835263490677, -0.06128057837486267], [-0.15991917252540588, -0.1636616736650467], [0.15371310710906982, -0.1452932506799698], [-0.21328991651535034, 0.1665550023317337]]",True
early_neutral,4,2568,0.14428523825391537,-2,[0],"[[-0.9299463629722595, -0.015388517640531063], [-0.19242100417613983, -0.06368619948625565], [-0.16076332330703735, -0.1588534563779831], [0.1431557685136795, -0.14270856976509094], [-0.22583018243312836, 0.170159712433815]]",True
early_neutral,4,2569,0.14395201599466845,-2,[0],"[[-0.919694185256958, -0.015959884971380234], [-0.1834927350282669, -0.06566987931728363], [-0.16076362133026123, -0.15356573462486267], [0.13152964413166046, -0.14168784022331238], [-0.23846320807933807, 0.17385423183441162]]",True
early_neutral,4,2570,0.14361879373542152,-2,[0],"[[-0.909710168838501, -0.015941161662340164], [-0.1744314730167389, -0.06744305044412613], [-0.16072368621826172, -0.14764077961444855], [0.11936585605144501, -0.14242301881313324], [-0.24943768978118896, 0.17706675827503204]]",True
early_neutral,4,2571,0.1432855714761746,-2,[0],"[[-0.900937557220459, -0.01548807043582201], [-0.16517437994480133, -0.06877906620502472], [-0.1614007204771042, -0.14186164736747742], [0.10724012553691864, -0.144346222281456], [-0.2579292356967926, 0.17943985760211945]]",True
early_neutral,4,2572,0.1429523492169277,-2,[0],"[[-0.8949964642524719, -0.01490954402834177], [-0.15578939020633698, -0.06965824216604233], [-0.16208091378211975, -0.1371142566204071], [0.09627556800842285, -0.148442804813385], [-0.26551878452301025, 0.18148934841156006]]",True
early_neutral,4,2573,0.14261912695768078,-2,[0],"[[-0.8892398476600647, -0.014110096730291843], [-0.14635278284549713, -0.06993777304887772], [-0.1607217639684677, -0.13349251449108124], [0.08537471294403076, -0.15303760766983032], [-0.2715066075325012, 0.18302084505558014]]",True
early_neutral,4,2574,0.14228590469843386,-2,[0],"[[-0.8848598599433899, -0.014317615889012814], [-0.1380525678396225, -0.06961219757795334], [-0.15739908814430237, -0.1311047077178955], [0.07414207607507706, -0.15766431391239166], [-0.2773823142051697, 0.1844514161348343]]",True
early_neutral,4,2575,0.14195268243918693,-2,[0],"[[-0.8806575536727905, -0.015061396174132824], [-0.13058531284332275, -0.06904689967632294], [-0.15204210579395294, -0.12968309223651886], [0.06262312829494476, -0.16228410601615906], [-0.2793841063976288, 0.18493697047233582]]",True
early_neutral,4,2576,0.14161946017994,-2,[0],"[[-0.8764213919639587, -0.015774745494127274], [-0.12149558216333389, -0.06811284273862839], [-0.14482228457927704, -0.12998910248279572], [0.050768155604600906, -0.16677014529705048], [-0.2793841063976288, 0.18493697047233582]]",True
early_neutral,4,2577,0.14128623792069311,-2,[0],"[[-0.8722909688949585, -0.016731021925807], [-0.11337566375732422, -0.06716671586036682], [-0.13647425174713135, -0.1301678568124771], [0.03859584406018257, -0.1710759848356247], [-0.2793841063976288, 0.18493697047233582]]",True
early_neutral,4,2578,0.1409530156614462,-2,[0],"[[-0.8682184219360352, -0.017944833263754845], [-0.1087903082370758, -0.06684930622577667], [-0.12810656428337097, -0.12937062978744507], [0.026249337941408157, -0.17531947791576385], [-0.2793841063976288, 0.18493697047233582]]",True
early_neutral,4,2579,0.14061979340219927,-2,[0],"[[-0.8629827499389648, -0.019403476268053055], [-0.10481656342744827, -0.06715276092290878], [-0.1192309781908989, -0.13048055768013], [0.013809217140078545, -0.17956244945526123], [-0.2793841063976288, 0.18493697047233582]]",True
early_neutral,4,2580,0.14028657114295234,-2,[0],"[[-0.8562260270118713, -0.020889747887849808], [-0.10261929780244827, -0.06736747175455093], [-0.1102568730711937, -0.12971962988376617], [0.001356263179332018, -0.18387672305107117], [-0.2793841063976288, 0.18493697047233582]]",True
early_neutral,4,2581,0.13995334888370542,-2,[0],"[[-0.8481004238128662, -0.022348275408148766], [-0.10132386535406113, -0.06669575721025467], [-0.10157958418130875, -0.12954844534397125], [-0.010933422483503819, -0.188447967171669], [-0.2793841063976288, 0.18493697047233582]]",True
early_neutral,4,2582,0.13962012662445852,-2,[0],"[[-0.8395289182662964, -0.02368587628006935], [-0.10163789987564087, -0.06493344157934189], [-0.09224633872509003, -0.1295124739408493], [-0.023019805550575256, -0.19328847527503967], [-0.27772271633148193, 0.18526431918144226]]",True
early_neutral,4,2583,0.1392869043652116,-2,[1],"[[-0.8311781287193298, -0.02462027780711651], [-0.10287369042634964, -0.0627681314945221], [-0.08437474817037582, -0.1294824779033661], [-0.03475052863359451, -0.19851745665073395], [-0.2742992043495178, 0.18581117689609528]]",True
early_neutral,4,2584,0.13895368210596468,-2,[1],"[[-0.8262448310852051, -0.023621832951903343], [-0.10521378368139267, -0.06003768742084503], [-0.07655082643032074, -0.12946325540542603], [-0.046050600707530975, -0.2041563242673874], [-0.26945871114730835, 0.18641731142997742]]",True
early_neutral,4,2585,0.13862045984671775,-2,[1],"[[-0.8246565461158752, -0.020551513880491257], [-0.10902094841003418, -0.05683114007115364], [-0.0665183961391449, -0.1294555813074112], [-0.05714917182922363, -0.2099805772304535], [-0.263651579618454, 0.1870844066143036]]",True
early_neutral,4,2586,0.13828723758747083,-2,[1],"[[-0.8235865235328674, -0.01651734858751297], [-0.11347995698451996, -0.054895032197237015], [-0.05620620772242546, -0.1294599026441574], [-0.068356454372406, -0.21572886407375336], [-0.25739920139312744, 0.1877688616514206]]",True
early_neutral,4,2587,0.13795401532822393,-2,[1],"[[-0.8229278922080994, -0.011767308227717876], [-0.11853524297475815, -0.05250535532832146], [-0.04522990062832832, -0.12947572767734528], [-0.07931943982839584, -0.221221461892128], [-0.25104618072509766, 0.18842913210391998]]",True
early_neutral,4,2588,0.137620793068977,-2,[1],"[[-0.8228579759597778, -0.006652753800153732], [-0.12205047905445099, -0.048161640763282776], [-0.033592190593481064, -0.12949959933757782], [-0.08802663534879684, -0.22511543333530426], [-0.24473170936107635, 0.18902131915092468]]",True
early_neutral,4,2589,0.1372875708097301,-2,[1],"[[-0.8233344554901123, -0.0016906431410461664], [-0.12415041774511337, -0.0432259738445282], [-0.02137737162411213, -0.12952910363674164], [-0.09611880034208298, -0.2278866171836853], [-0.23845791816711426, 0.1895337998867035]]",True
early_neutral,4,2590,0.13695434855048316,-2,[1],"[[-0.8237981796264648, 0.00023879787477198988], [-0.12301980704069138, -0.03914935886859894], [-0.010058707557618618, -0.12918363511562347], [-0.10146751254796982, -0.22953592240810394], [-0.23206087946891785, 0.1899803727865219]]",True
early_neutral,4,2591,0.13662112629123627,-2,[1],"[[-0.8239341974258423, 0.00048553579836152494], [-0.11968491971492767, -0.035575248301029205], [0.00010007923992816359, -0.1283569037914276], [-0.10210442543029785, -0.22972440719604492], [-0.22566990554332733, 0.1903638243675232]]",True
early_neutral,4,2592,0.13628790403198934,-2,[1],"[[-0.8239341974258423, 0.00048553579836152494], [-0.11392596364021301, -0.03319164365530014], [0.008126970380544662, -0.12658850848674774], [-0.10129282623529434, -0.22877323627471924], [-0.21940255165100098, 0.19068895280361176]]",True
early_neutral,4,2593,0.13595468177274242,-2,[1],"[[-0.8239341974258423, 0.00048553579836152494], [-0.10607998818159103, -0.03202815726399422], [0.014036050997674465, -0.12355872988700867], [-0.0991630032658577, -0.22629263997077942], [-0.21298331022262573, 0.19097039103507996]]",True
early_neutral,4,2594,0.1356214595134955,-2,[1],"[[-0.8239341974258423, 0.00048553579836152494], [-0.09851541370153427, -0.03136100992560387], [0.02027617022395134, -0.12011251598596573], [-0.09629794955253601, -0.22300033271312714], [-0.20656120777130127, 0.1912224292755127]]",True
early_neutral,4,2595,0.13528823725424857,-2,[1],"[[-0.8239341974258423, 0.00048553579836152494], [-0.09217089414596558, -0.030666934326291084], [0.02733457460999489, -0.11631329357624054], [-0.09178921580314636, -0.22013579308986664], [-0.20029950141906738, 0.191477432847023]]",True
early_neutral,4,2596,0.13495501499500168,-2,[1],"[[-0.8239341974258423, 0.00048553579836152494], [-0.0858674868941307, -0.02983013354241848], [0.03381045162677765, -0.11293791234493256], [-0.08651445806026459, -0.21785606443881989], [-0.19387921690940857, 0.19174902141094208]]",True
early_neutral,4,2597,0.13462179273575475,-2,[1],"[[-0.8239341974258423, 0.00048553579836152494], [-0.0796719565987587, -0.028705501928925514], [0.04062684625387192, -0.10971355438232422], [-0.0811794251203537, -0.21552133560180664], [-0.1886187046766281, 0.1919410526752472]]",True
early_neutral,4,2598,0.13428857047650783,-2,[1],"[[-0.8239341974258423, 0.00048553579836152494], [-0.0736369863152504, -0.027257651090621948], [0.04794130474328995, -0.10551723092794418], [-0.07558758556842804, -0.2134530246257782], [-0.18797606229782104, 0.1919056922197342]]",True
early_neutral,4,2599,0.1339553482172609,-2,[1],"[[-0.8239341974258423, 0.00048553579836152494], [-0.06773737818002701, -0.025601720437407494], [0.055177681148052216, -0.1005174070596695], [-0.06976109743118286, -0.21167951822280884], [-0.18691161274909973, 0.19219978153705597]]",True
early_neutral,4,2600,0.13362212595801398,-2,[1],"[[-0.8239341974258423, 0.00048553579836152494], [-0.06202744320034981, -0.023906132206320763], [0.06255576759576797, -0.09535457193851471], [-0.06379044055938721, -0.21012091636657715], [-0.18378084897994995, 0.19284965097904205]]",True
early_neutral,4,2601,0.13328890369876709,-2,[1],"[[-0.8239341974258423, 0.00048553579836152494], [-0.055975764989852905, -0.022130684927105904], [0.07037346810102463, -0.0898878425359726], [-0.057708945125341415, -0.20875577628612518], [-0.17923741042613983, 0.19345825910568237]]",True
early_neutral,4,2602,0.13295568143952016,-2,[1],"[[-0.8239341974258423, 0.00048553579836152494], [-0.04848843440413475, -0.020677505061030388], [0.07859927415847778, -0.08414455503225327], [-0.05155942961573601, -0.20758448541164398], [-0.17349274456501007, 0.1940508633852005]]",True
early_neutral,4,2603,0.13262245918027324,-2,[1],"[[-0.8239341974258423, 0.00048553579836152494], [-0.0396028608083725, -0.019916901364922523], [0.08729598671197891, -0.07838784158229828], [-0.04547080025076866, -0.2066178023815155], [-0.16731643676757812, 0.19459615647792816]]",True
early_neutral,4,2604,0.13228923692102632,-2,[1],"[[-0.8239341974258423, 0.00048553579836152494], [-0.029771924018859863, -0.01946108415722847], [0.09692665189504623, -0.0735708549618721], [-0.03915839269757271, -0.20581014454364777], [-0.16092365980148315, 0.19506746530532837]]",True
early_neutral,4,2605,0.13195601466177942,-2,[1],"[[-0.8239341974258423, 0.00048553579836152494], [-0.019110294058918953, -0.019014162942767143], [0.10627134144306183, -0.06805223226547241], [-0.032826319336891174, -0.205225870013237], [-0.15454190969467163, 0.1955164521932602]]",True
early_neutral,4,2606,0.1316227924025325,-2,[1],"[[-0.8239341974258423, 0.00048553579836152494], [-0.007722483016550541, -0.018572937697172165], [0.11603027582168579, -0.06318195164203644], [-0.026634352281689644, -0.20495378971099854], [-0.14829708635807037, 0.19599269330501556]]",True
early_neutral,4,2607,0.13128957014328557,-2,[1],"[[-0.8239341974258423, 0.00048553579836152494], [0.0043161408975720406, -0.01809007301926613], [0.12684088945388794, -0.05946183204650879], [-0.020202144980430603, -0.20498253405094147], [-0.14191393554210663, 0.1965169608592987]]",True
early_neutral,4,2608,0.13095634788403865,-2,[1],"[[-0.8239341974258423, 0.00048553579836152494], [0.016874797642230988, -0.01756073720753193], [0.13805456459522247, -0.0557030625641346], [-0.013879331760108471, -0.2055823802947998], [-0.13553421199321747, 0.19705763459205627]]",True
early_neutral,4,2609,0.13062312562479172,-2,[1],"[[-0.8239341974258423, 0.00048553579836152494], [0.029842060059309006, -0.016983238980174065], [0.14956451952457428, -0.0517885722219944], [-0.00822814553976059, -0.2075064778327942], [-0.12930908799171448, 0.1975654512643814]]",True
early_neutral,4,2610,0.13028990336554483,-2,[1],"[[-0.8239341974258423, 0.00048553579836152494], [0.04312581941485405, -0.016344165429472923], [0.1613151878118515, -0.04776415601372719], [-0.002830710494890809, -0.20975740253925323], [-0.12292136251926422, 0.19806566834449768]]",True
early_neutral,4,2611,0.1299566811062979,-2,[1],"[[-0.8239341974258423, 0.00048553579836152494], [0.05665334686636925, -0.01564428210258484], [0.17328153550624847, -0.04369015246629715], [0.00152580498252064, -0.2099093496799469], [-0.11653010547161102, 0.19854605197906494]]",True
early_neutral,4,2612,0.12962345884705098,-2,[1],"[[-0.8239341974258423, 0.00048553579836152494], [0.07036406546831131, -0.014861784875392914], [0.1845727264881134, -0.03876017779111862], [0.0038013476878404617, -0.20712599158287048], [-0.11029263585805893, 0.19899781048297882]]",True
early_neutral,4,2613,0.12929023658780406,-2,[1],"[[-0.8239341974258423, 0.00048553579836152494], [0.08421313762664795, -0.014002978801727295], [0.19540368020534515, -0.0335250161588192], [0.004747982602566481, -0.20308654010295868], [-0.10389755666255951, 0.19944354891777039]]",True
early_neutral,4,2614,0.12895701432855713,-2,[1],"[[-0.8239341974258423, 0.00048553579836152494], [0.09816739708185196, -0.013083592988550663], [0.2068527191877365, -0.02913655899465084], [0.004959838464856148, -0.19815529882907867], [-0.0973627045750618, 0.19988520443439484]]",True
early_neutral,4,2615,0.12862379206931024,-2,[1],"[[-0.8239341974258423, 0.00048553579836152494], [0.11219991743564606, -0.012106508947908878], [0.21829089522361755, -0.024629274383187294], [0.004092817194759846, -0.19249512255191803], [-0.08972767740488052, 0.20041963458061218]]",True
early_neutral,4,2616,0.12829056981006332,-2,[1],"[[-0.8239341974258423, 0.00048553579836152494], [0.1262815147638321, -0.011027118191123009], [0.2298215925693512, -0.0199646707624197], [0.0028848436195403337, -0.1864715814590454], [-0.08095045387744904, 0.2010648399591446]]",True
early_neutral,4,2617,0.1279573475508164,-2,[1],"[[-0.8239341974258423, 0.00048553579836152494], [0.14038962125778198, -0.009819703176617622], [0.24229420721530914, -0.01572035439312458], [0.0015499815344810486, -0.17992819845676422], [-0.07182519882917404, 0.20177970826625824]]",True
early_neutral,4,2618,0.12762412529156947,-2,[1],"[[-0.8239341974258423, 0.00048553579836152494], [0.1545068770647049, -0.008473312482237816], [0.25383347272872925, -0.01170507911592722], [0.00023189013882074505, -0.17308960855007172], [-0.06271032989025116, 0.20254860818386078]]",True
early_neutral,4,2619,0.12729090303232257,-2,[1],"[[-0.8239341974258423, 0.00048553579836152494], [0.1686139702796936, -0.006960348226130009], [0.2626040577888489, -0.008463980630040169], [-0.0009613821166567504, -0.16594937443733215], [-0.05457456409931183, 0.20330119132995605]]",True
early_neutral,4,2620,0.12695768077307565,-2,[1],"[[-0.8239341974258423, 0.00048553579836152494], [0.1827237904071808, -0.005375449545681477], [0.2701598107814789, -0.006019350606948137], [-0.0020668560173362494, -0.15838411450386047], [-0.04825904220342636, 0.20409828424453735]]",True
early_neutral,4,2621,0.12662445851382872,-2,[1],"[[-0.8239341974258423, 0.00048553579836152494], [0.1970268189907074, -0.00488679576665163], [0.27869167923927307, -0.0034401880111545324], [-0.003039631526917219, -0.15043480694293976], [-0.04200959578156471, 0.20509161055088043]]",True
early_neutral,4,2622,0.1262912362545818,-2,[1],"[[-0.8239341974258423, 0.00048553579836152494], [0.2112874537706375, -0.005839191842824221], [0.2873845398426056, -0.0010995082557201385], [-0.003759334795176983, -0.14217141270637512], [-0.03585069626569748, 0.2063005417585373]]",True
early_neutral,4,2623,0.12595801399533488,-2,[1],"[[-0.8239341974258423, 0.00048553579836152494], [0.22537696361541748, -0.007641940843313932], [0.2958395779132843, 0.0010910948039963841], [-0.0037741209380328655, -0.13366086781024933], [-0.029804615303874016, 0.20773038268089294]]",True
early_neutral,4,2624,0.12562479173608798,-2,[1],"[[-0.8239341974258423, 0.00048553579836152494], [0.23943038284778595, -0.009583677165210247], [0.30534884333610535, 0.003540865145623684], [-0.0022516497410833836, -0.12502332031726837], [-0.023893753066658974, 0.20935432612895966]]",True
early_neutral,4,2625,0.12529156947684106,-2,[1],"[[-0.8239341974258423, 0.00048553579836152494], [0.2534429728984833, -0.011663011275231838], [0.3155907094478607, 0.005064565688371658], [0.0005388142308220267, -0.1163705587387085], [-0.018233751878142357, 0.21109865605831146]]",True
early_neutral,4,2626,0.12495834721759413,-2,[1],"[[-0.8239341974258423, 0.00048553579836152494], [0.26741185784339905, -0.013875236734747887], [0.326435923576355, 0.005671464838087559], [0.004093106370419264, -0.1077229231595993], [-0.012542103417217731, 0.21305003762245178]]",True
early_neutral,4,2627,0.12462512495834721,-2,[1],"[[-0.8239341974258423, 0.00048553579836152494], [0.281122088432312, -0.01627783663570881], [0.3372686803340912, 0.006137024145573378], [0.008423831313848495, -0.09913766384124756], [-0.007973690517246723, 0.21475477516651154]]",True
early_neutral,4,2628,0.1242919026991003,-2,[1],"[[-0.8239341974258423, 0.00048553579836152494], [0.29376816749572754, -0.019512277096509933], [0.3482944369316101, 0.006730843335390091], [0.014194515533745289, -0.09085293114185333], [-0.007482307031750679, 0.21494315564632416]]",True
early_neutral,4,2629,0.12395868043985338,-2,[1],"[[-0.8239341974258423, 0.00048553579836152494], [0.30590400099754333, -0.02359904535114765], [0.3586389124393463, 0.008188439533114433], [0.0215611532330513, -0.08306331187486649], [-0.007441543508321047, 0.21497292816638947]]",False
early_neutral,4,2630,0.12362545818060647,-2,[1],"[[-0.8239341974258423, 0.00048553579836152494], [0.3173339068889618, -0.028506571426987648], [0.36807942390441895, 0.010900070890784264], [0.029844408854842186, -0.0756198912858963], [-0.005838449113070965, 0.2160165160894394]]",False
early_neutral,4,2631,0.12329223592135954,-2,[1],"[[-0.8239341974258423, 0.00048553579836152494], [0.3279864192008972, -0.03426308184862137], [0.37649789452552795, 0.014159850776195526], [0.0383288599550724, -0.06823691725730896], [-0.002960827900096774, 0.2176344394683838]]",False
early_neutral,4,2632,0.12295901366211263,-2,[1],"[[-0.8239341974258423, 0.00048553579836152494], [0.3378506898880005, -0.04088250547647476], [0.3850305378437042, 0.01610368862748146], [0.04700686037540436, -0.060921963304281235], [0.0011872993782162666, 0.21969948709011078]]",False
early_neutral,4,2633,0.12262579140286571,-2,[1],"[[-0.8239341974258423, 0.00048553579836152494], [0.34516438841819763, -0.04787391424179077], [0.3942764103412628, 0.016946393996477127], [0.05587078258395195, -0.05368055775761604], [0.00596230523660779, 0.22199472784996033]]",False
early_neutral,4,2634,0.12229256914361879,-2,[1],"[[-0.8239341974258423, 0.00048553579836152494], [0.34783604741096497, -0.054807234555482864], [0.40393969416618347, 0.017491759732365608], [0.06491537392139435, -0.04651787132024765], [0.011173280887305737, 0.22443151473999023]]",False
early_neutral,4,2635,0.12195934688437188,-2,[1],"[[-0.8239341974258423, 0.00048553579836152494], [0.3477616310119629, -0.062270842492580414], [0.41402021050453186, 0.018239490687847137], [0.07415415346622467, -0.03944821283221245], [0.01599120907485485, 0.22663497924804688]]",False
early_neutral,4,2636,0.12162612462512495,-2,[1],"[[-0.8239341974258423, 0.00048553579836152494], [0.34697118401527405, -0.07013503462076187], [0.42419254779815674, 0.01900014467537403], [0.08359277248382568, -0.032481398433446884], [0.016996515914797783, 0.2271011620759964]]",False
early_neutral,4,2637,0.12129290236587804,-2,[1],"[[-0.8239341974258423, 0.00048553579836152494], [0.34534952044487, -0.07828230410814285], [0.4348452091217041, 0.019523175433278084], [0.09323630481958389, -0.025626899674534798], [0.016996515914797783, 0.2271011620759964]]",False
early_neutral,4,2638,0.12095968010663112,-2,[1],"[[-0.8239341974258423, 0.00048553579836152494], [0.3431721031665802, -0.08664076775312424], [0.44613218307495117, 0.0198618583381176], [0.10310360789299011, -0.01890273578464985], [0.016996515914797783, 0.2271011620759964]]",False
early_neutral,4,2639,0.12062645784738421,-2,[1],"[[-0.8239341974258423, 0.00048553579836152494], [0.34033873677253723, -0.09512561559677124], [0.4580332636833191, 0.02004539780318737], [0.1131690964102745, -0.012307199649512768], [0.016996515914797783, 0.2271011620759964]]",False
early_neutral,4,2640,0.12029323558813729,-2,[1],"[[-0.8239341974258423, 0.00048553579836152494], [0.33724284172058105, -0.10373564809560776], [0.4702686667442322, 0.020192932337522507], [0.1214490458369255, -0.005171953700482845], [0.016996515914797783, 0.2271011620759964]]",False
early_neutral,4,2641,0.11996001332889036,-2,[1],"[[-0.8239341974258423, 0.00048553579836152494], [0.33410903811454773, -0.112466000020504], [0.4827979505062103, 0.02067589946091175], [0.1258103847503662, 0.002501492854207754], [0.016996515914797783, 0.2271011620759964]]",False
early_neutral,4,2642,0.11962679106964345,-2,[1],"[[-0.8239341974258423, 0.00048553579836152494], [0.33108457922935486, -0.12130901217460632], [0.4957773685455322, 0.020342573523521423], [0.1291213035583496, 0.010617499239742756], [0.01703193224966526, 0.22713369131088257]]",False
early_neutral,4,2643,0.11929356881039653,-2,[1],"[[-0.8239341974258423, 0.00048553579836152494], [0.328602135181427, -0.1302964836359024], [0.507754385471344, 0.019334612414240837], [0.13255354762077332, 0.01893061399459839], [0.018414145335555077, 0.22830365598201752]]",False
early_neutral,4,2644,0.11896034655114962,-2,[1],"[[-0.8239341974258423, 0.00048553579836152494], [0.3266662657260895, -0.1392795294523239], [0.5196486711502075, 0.018166711553931236], [0.13596338033676147, 0.027069944888353348], [0.020879458636045456, 0.2301882803440094]]",False
early_neutral,4,2645,0.1186271242919027,-2,[1],"[[-0.8239341974258423, 0.00048553579836152494], [0.3251151740550995, -0.14643734693527222], [0.5315301418304443, 0.01703035831451416], [0.13893188536167145, 0.033194031566381454], [0.024386826902627945, 0.23270636796951294]]",True
early_neutral,4,2646,0.11829390203265579,-2,[1],"[[-0.8239341974258423, 0.00048553579836152494], [0.3235420286655426, -0.15232983231544495], [0.5442246198654175, 0.0163235105574131], [0.1422235518693924, 0.03877750039100647], [0.028233107179403305, 0.23563699424266815]]",True
early_neutral,4,2647,0.11796067977340886,-2,[1],"[[-0.8239341974258423, 0.00048553579836152494], [0.32325106859207153, -0.15740489959716797], [0.5564412474632263, 0.017079422250390053], [0.14611391723155975, 0.044194296002388], [0.03222757205367088, 0.23890474438667297]]",True
early_neutral,4,2648,0.11762745751416194,-2,[1],"[[-0.8239341974258423, 0.00048553579836152494], [0.32663312554359436, -0.15980128943920135], [0.5684044361114502, 0.0187896229326725], [0.1506822556257248, 0.049382101744413376], [0.03604597598314285, 0.2422698736190796]]",True
early_neutral,4,2649,0.11729423525491503,-2,[1],"[[-0.8239341974258423, 0.00048553579836152494], [0.33265426754951477, -0.16045142710208893], [0.5808055400848389, 0.02055247128009796], [0.15590661764144897, 0.05430055037140846], [0.03956308960914612, 0.2456720769405365]]",True
early_neutral,4,2650,0.1169610129956681,-2,[1],"[[-0.8239341974258423, 0.00048553579836152494], [0.340082049369812, -0.1608249396085739], [0.5935449600219727, 0.02240733616054058], [0.16177229583263397, 0.058902639895677567], [0.04287584871053696, 0.2492186427116394]]",True
early_neutral,4,2651,0.1166277907364212,-2,[0],"[[-0.8239341974258423, 0.00048553579836152494], [0.3487471640110016, -0.16086357831954956], [0.6065497398376465, 0.024314988404512405], [0.168016254901886, 0.06304538249969482], [0.0458967350423336, 0.25279632210731506]]",True
early_neutral,4,2652,0.11629456847717427,-2,[0],"[[-0.8239341974258423, 0.00048553579836152494], [0.3580333888530731, -0.16070722043514252], [0.6197676658630371, 0.026241960003972054], [0.17305171489715576, 0.06577956676483154], [0.046904027462005615, 0.25402238965034485]]",True
early_neutral,4,2653,0.11596134621792736,-2,[0],"[[-0.8239341974258423, 0.00048553579836152494], [0.3681004047393799, -0.16045981645584106], [0.6331520080566406, 0.02817915938794613], [0.17840135097503662, 0.0681021586060524], [0.046904027462005615, 0.25402238965034485]]",True
early_neutral,4,2654,0.11562812395868044,-2,[0],"[[-0.8239341974258423, 0.00048553579836152494], [0.37875595688819885, -0.16013149917125702], [0.6466690301895142, 0.030109882354736328], [0.1839916855096817, 0.07011478394269943], [0.04859395697712898, 0.25430744886398315]]",True
early_neutral,4,2655,0.11529490169943352,-2,[0],"[[-0.8239341974258423, 0.00048553579836152494], [0.38975343108177185, -0.1597152203321457], [0.6599113345146179, 0.03197235241532326], [0.18963931500911713, 0.07186878472566605], [0.052627455443143845, 0.25497403740882874]]",True
early_neutral,4,2656,0.1149616794401866,-2,[0],"[[-0.8239341974258423, 0.00048553579836152494], [0.4011380672454834, -0.15921761095523834], [0.6732576489448547, 0.03350616246461868], [0.19559960067272186, 0.07344360649585724], [0.05800481513142586, 0.2558353543281555]]",True
early_neutral,4,2657,0.11462845718093968,-2,[0],"[[-0.8239341974258423, 0.00048553579836152494], [0.4104936420917511, -0.15877598524093628], [0.6850733757019043, 0.035040631890296936], [0.20169563591480255, 0.0747801885008812], [0.06382210552692413, 0.2567106783390045]]",False
early_neutral,4,2658,0.11429523492169277,-2,[0],"[[-0.8239341974258423, 0.00048553579836152494], [0.41965728998184204, -0.1583135575056076], [0.6934385299682617, 0.03673136234283447], [0.20790888369083405, 0.07586435228586197], [0.07002082467079163, 0.25757721066474915]]",False
early_neutral,4,2659,0.11396201266244585,-2,[0],"[[-0.8239341974258423, 0.00048553579836152494], [0.4288185238838196, -0.1578313410282135], [0.7009174823760986, 0.03814524784684181], [0.21421226859092712, 0.07670063525438309], [0.07633104920387268, 0.25839295983314514]]",False
early_neutral,4,2660,0.11362879040319894,-2,[0],"[[-0.8239341974258423, 0.00048553579836152494], [0.4379785358905792, -0.15733924508094788], [0.707308292388916, 0.039799388498067856], [0.22055584192276, 0.07739876210689545], [0.08260870724916458, 0.25913456082344055]]",False
early_neutral,4,2661,0.11329556814395202,-2,[0],"[[-0.8239341974258423, 0.00048553579836152494], [0.44713810086250305, -0.15684354305267334], [0.7132062315940857, 0.041211239993572235], [0.22692492604255676, 0.07799036055803299], [0.0888485237956047, 0.25980034470558167]]",False
early_neutral,4,2662,0.11296234588470509,-2,[0],"[[-0.8239341974258423, 0.00048553579836152494], [0.45630109310150146, -0.15637558698654175], [0.7201938629150391, 0.04148106649518013], [0.23331092298030853, 0.07849966734647751], [0.0952141284942627, 0.26040810346603394]]",False
early_neutral,4,2663,0.11262912362545818,-2,[0],"[[-0.8239341974258423, 0.00048553579836152494], [0.4654678404331207, -0.15594002604484558], [0.7284528613090515, 0.041052546352148056], [0.23970626294612885, 0.07895656675100327], [0.10157616436481476, 0.26096370816230774]]",False
early_neutral,4,2664,0.11229590136621126,-2,[0],"[[-0.8239341974258423, 0.00048553579836152494], [0.4746410548686981, -0.1555669903755188], [0.7376949787139893, 0.040731124579906464], [0.24630995094776154, 0.07936990261077881], [0.1078147143125534, 0.2614735960960388]]",False
early_neutral,4,2665,0.11196267910696435,-1,[0],"[[-1.0110293626785278, -0.0], [-0.040441177785396576, 0.04065071418881416], [-0.040405213832855225, -0.04061456769704819], [-0.10110294073820114, -0.10162678360939026], [-0.10110294073820114, 0.10162678360939026]]",False
early_neutral,4,2666,0.11162945684771743,-1,[0],"[[-1.0110293626785278, -0.0], [-0.03990904241800308, 0.040115825831890106], [-0.038683414459228516, -0.03888384625315666], [-0.10120227187871933, -0.10129483789205551], [-0.10110294073820114, 0.10162678360939026]]",False
early_neutral,4,2667,0.11129623458847052,-1,[0],"[[-1.0093553066253662, 1.3054980707583042e-11], [-0.03769470751285553, 0.03789002075791359], [-0.03600102663040161, -0.0361875556409359], [-0.10173477977514267, -0.09900997579097748], [-0.10124688595533371, 0.10179223120212555]]",False
early_neutral,4,2668,0.11096301232922359,-1,[0],"[[-1.0049360990524292, 3.6144025272744074e-11], [-0.03496631979942322, 0.03506189212203026], [-0.03281576931476593, -0.03295266255736351], [-0.10219541192054749, -0.09576693922281265], [-0.10264653712511063, 0.10373032093048096]]",False
early_neutral,4,2669,0.11062979006997667,-1,[0],"[[-0.9989966154098511, -2.1658204743535414e-11], [-0.03393698111176491, 0.033732254058122635], [-0.03072229027748108, -0.029947778210043907], [-0.1024564802646637, -0.09307713061571121], [-0.10416195541620255, 0.10659679025411606]]",False
early_neutral,4,2670,0.11029656781072976,-1,[0],"[[-0.9916472434997559, -6.081576353622609e-10], [-0.03429501876235008, 0.033783216029405594], [-0.03026927262544632, -0.028545750305056572], [-0.10252311825752258, -0.0923905149102211], [-0.1057051420211792, 0.11034757643938065]]",False
early_neutral,4,2671,0.10996334555148284,-1,[0],"[[-0.9830399751663208, -9.219351393419117e-10], [-0.03497224301099777, 0.03405193239450455], [-0.03292238339781761, -0.029216112568974495], [-0.10248662531375885, -0.09286925941705704], [-0.10741707682609558, 0.11467678099870682]]",False
early_neutral,4,2672,0.10963012329223593,-1,[0],"[[-0.9737061262130737, -1.0964209540276215e-09], [-0.03647688403725624, 0.03524300828576088], [-0.03716779127717018, -0.02984945848584175], [-0.10243222117424011, -0.09524751454591751], [-0.10926280170679092, 0.11953834444284439]]",False
early_neutral,4,2673,0.109296901032989,-1,[0],"[[-0.9637555480003357, -1.2318035480518574e-09], [-0.03734850138425827, 0.0364166684448719], [-0.04265151545405388, -0.030791539698839188], [-0.10259830206632614, -0.0984726995229721], [-0.11134717613458633, 0.1248612329363823]]",False
early_neutral,4,2674,0.10896367877374209,-1,[0],"[[-0.9530174732208252, -1.3402219334324172e-09], [-0.038710661232471466, 0.038735002279281616], [-0.04937942698597908, -0.0320294015109539], [-0.10290074348449707, -0.10251624882221222], [-0.1152186468243599, 0.12831148505210876]]",False
early_neutral,4,2675,0.10863045651449517,-1,[0],"[[-0.9421531558036804, -1.5105223738487439e-09], [-0.04030212387442589, 0.04177231341600418], [-0.056811850517988205, -0.03346595913171768], [-0.10320514440536499, -0.10712387412786484], [-0.12128674238920212, 0.1288578063249588]]",False
early_neutral,4,2676,0.10829723425524825,-1,[0],"[[-0.9306966662406921, -1.536997640272375e-09], [-0.03968416899442673, 0.04538342356681824], [-0.0652075856924057, -0.0351426862180233], [-0.10349617153406143, -0.11219299584627151], [-0.12852570414543152, 0.1284351795911789]]",False
early_neutral,4,2677,0.10796401199600134,-1,[0],"[[-0.9186450839042664, -2.0619432827828632e-09], [-0.035183630883693695, 0.049252867698669434], [-0.07421080023050308, -0.03701123595237732], [-0.10373114049434662, -0.11788550764322281], [-0.13679730892181396, 0.12723563611507416]]",False
early_neutral,4,2678,0.10763078973675441,-1,[0],"[[-0.9060883522033691, -2.6196704805414583e-09], [-0.02922787144780159, 0.05335020273923874], [-0.08393115550279617, -0.03913768008351326], [-0.10367713123559952, -0.12403903156518936], [-0.14562858641147614, 0.12519633769989014]]",False
early_neutral,4,2679,0.1072975674775075,-1,[0],"[[-0.8931393027305603, -3.0154780894520172e-09], [-0.022820206359028816, 0.05763795226812363], [-0.09429553896188736, -0.04151953011751175], [-0.10327616333961487, -0.13073576986789703], [-0.15491904318332672, 0.12247975170612335]]",False
early_neutral,4,2680,0.10696434521826058,-1,[0],"[[-0.8798882365226746, -3.6886156351556565e-09], [-0.016337869688868523, 0.06187794730067253], [-0.10521591454744339, -0.04419466108083725], [-0.10248512774705887, -0.13760875165462494], [-0.16455906629562378, 0.11910773813724518]]",False
early_neutral,4,2681,0.10663112295901367,-1,[0],"[[-0.8664385080337524, -3.6068290576452e-09], [-0.009843742474913597, 0.06611032038927078], [-0.11649062484502792, -0.04729144275188446], [-0.10121861100196838, -0.1448119729757309], [-0.17445634305477142, 0.11512483656406403]]",False
early_neutral,4,2682,0.10629790069976675,-1,[0],"[[-0.8549770712852478, -3.869653042443133e-09], [-0.003346184967085719, 0.07034045457839966], [-0.12667016685009003, -0.05034265294671059], [-0.09950427711009979, -0.15236780047416687], [-0.18418876826763153, 0.11031188815832138]]",False
early_neutral,4,2683,0.10596467844051982,-1,[0],"[[-0.844711422920227, -3.640185264330853e-09], [0.00315271969884634, 0.07456972450017929], [-0.13483954966068268, -0.053082600235939026], [-0.09758870303630829, -0.15844357013702393], [-0.19358186423778534, 0.10475318133831024]]",False
early_neutral,4,2684,0.10563145618127291,-1,[0],"[[-0.8365631103515625, -3.2296241236906553e-09], [0.009651754051446915, 0.07879889756441116], [-0.14246255159378052, -0.055853039026260376], [-0.09559009224176407, -0.1629413366317749], [-0.20251937210559845, 0.0985550656914711]]",False
early_neutral,4,2685,0.10529823392202599,-1,[0],"[[-0.8323334455490112, -2.975541812944016e-09], [0.01615087501704693, 0.08302801847457886], [-0.1480211764574051, -0.05800857022404671], [-0.09370335191488266, -0.16638235747814178], [-0.21076492965221405, 0.0917225331068039]]",False
early_neutral,4,2686,0.10496501166277908,-1,[0],"[[-0.8288911581039429, -1.541020253625902e-07], [0.02265000529587269, 0.08725713938474655], [-0.15346351265907288, -0.06024128943681717], [-0.09230112284421921, -0.16850267350673676], [-0.21857985854148865, 0.08450013399124146]]",False
early_neutral,4,2687,0.10463178940353215,-1,[0],"[[-0.8281782865524292, -1.7816823856264818e-06], [0.028968622907996178, 0.09149328619241714], [-0.15621158480644226, -0.06138612702488899], [-0.09138524532318115, -0.16967912018299103], [-0.22591260075569153, 0.07693426311016083]]",False
early_neutral,4,2688,0.10429856714428523,-1,[0],"[[-0.8278859853744507, -3.2009704682423035e-06], [0.03161603957414627, 0.09527081251144409], [-0.15621158480644226, -0.06138612702488899], [-0.09138582646846771, -0.1696833223104477], [-0.23205819725990295, 0.06997904926538467]]",False
early_neutral,4,2689,0.10396534488503832,-1,[0],"[[-0.8299949765205383, -1.8901615476352163e-05], [0.028979668393731117, 0.09826423972845078], [-0.15726953744888306, -0.06152969226241112], [-0.09324535727500916, -0.16751454770565033], [-0.23575587570667267, 0.06423693895339966]]",False
early_neutral,4,2690,0.1036321226257914,-1,[0],"[[-0.8341979384422302, -3.6122008168604225e-05], [0.0241122767329216, 0.10125735402107239], [-0.16099828481674194, -0.06183319166302681], [-0.09577004611492157, -0.16453823447227478], [-0.2382204681634903, 0.05836629867553711]]",False
early_neutral,4,2691,0.10329890036654449,-1,[0],"[[-0.8397528529167175, -3.926311546820216e-05], [0.018124517053365707, 0.1047065258026123], [-0.16601057350635529, -0.06189057603478432], [-0.10069577395915985, -0.16239796578884125], [-0.23857970535755157, 0.05238346382975578]]",False
early_neutral,4,2692,0.10296567810729756,-1,[0],"[[-0.8464438319206238, -4.0058919694274664e-05], [0.01102535706013441, 0.10844537615776062], [-0.1722567230463028, -0.06182655692100525], [-0.10694880038499832, -0.16169796884059906], [-0.2389836609363556, 0.04612642154097557]]",False
early_neutral,4,2693,0.10263245584805065,-1,[0],"[[-0.8540515899658203, -4.0793132939143106e-05], [0.002718021161854267, 0.1121470257639885], [-0.17945227026939392, -0.06174607574939728], [-0.11242270469665527, -0.16234944760799408], [-0.23962198197841644, 0.03935219347476959]]",False
early_neutral,4,2694,0.10229923358880373,-1,[0],"[[-0.8622740507125854, -4.1401122871320695e-05], [-0.006727604661136866, 0.11563747376203537], [-0.18730272352695465, -0.06165095418691635], [-0.11534900963306427, -0.16536009311676025], [-0.24041305482387543, 0.032550059258937836]]",False
early_neutral,4,2695,0.10196601132955681,-1,[0],"[[-0.8713546991348267, -3.907211066689342e-05], [-0.016928616911172867, 0.11921807378530502], [-0.1961328685283661, -0.06155890226364136], [-0.1176687479019165, -0.16946488618850708], [-0.24127554893493652, 0.026183392852544785]]",False
early_neutral,4,2696,0.1016327890703099,-1,[0],"[[-0.8805458545684814, -3.0301995138870552e-05], [-0.027481095865368843, 0.12321317195892334], [-0.2056584358215332, -0.06155680865049362], [-0.1209142655134201, -0.1741512566804886], [-0.24191910028457642, 0.020541241392493248]]",False
early_neutral,4,2697,0.10129956681106297,-1,[0],"[[-0.889737069606781, -2.0576371753122658e-05], [-0.03825744241476059, 0.12758685648441315], [-0.21600309014320374, -0.06165565922856331], [-0.12530994415283203, -0.17924194037914276], [-0.24181436002254486, 0.015366549603641033]]",False
early_neutral,4,2698,0.10096634455181606,-1,[0],"[[-0.898928165435791, -3.732044933713041e-05], [-0.04912036284804344, 0.1323358118534088], [-0.22663605213165283, -0.061833322048187256], [-0.12965114414691925, -0.18264533579349518], [-0.24108698964118958, 0.010277205146849155]]",False
early_neutral,4,2699,0.10063312229256914,-1,[0],"[[-0.9081191420555115, -8.402717503486201e-05], [-0.05995139479637146, 0.13745777308940887], [-0.23784777522087097, -0.06209421902894974], [-0.1346360445022583, -0.18257121741771698], [-0.24004778265953064, 0.005064740311354399]]",False
early_neutral,4,2700,0.10029990003332223,-1,[0],"[[-0.9173096418380737, -0.00015039756544865668], [-0.07101207226514816, 0.1426330953836441], [-0.24966606497764587, -0.062413524836301804], [-0.14071343839168549, -0.181656152009964], [-0.23889362812042236, -0.00020603348093573004]]",False
early_neutral,4,2701,0.09996667777407531,-1,[0],"[[-0.9265000820159912, -0.00023054600751493126], [-0.08237773925065994, 0.14773063361644745], [-0.26201996207237244, -0.06275622546672821], [-0.14806398749351501, -0.1826218217611313], [-0.23729757964611053, -0.0054718563333153725]]",False
early_neutral,4,2702,0.09963345551482838,-1,[0],"[[-0.9356904029846191, -0.0003098791348747909], [-0.09404453635215759, 0.1526978313922882], [-0.27479860186576843, -0.06312070041894913], [-0.15615685284137726, -0.18459850549697876], [-0.23594000935554504, -0.010768267326056957]]",False
early_neutral,4,2703,0.09930023325558147,-1,[0],"[[-0.9448813796043396, -0.0003524385392665863], [-0.10605484992265701, 0.15744014084339142], [-0.28736692667007446, -0.06348492205142975], [-0.16460171341896057, -0.18695759773254395], [-0.23532220721244812, -0.016476185992360115]]",False
early_neutral,4,2704,0.09896701099633455,-1,[0],"[[-0.9539662599563599, -0.00035586999729275703], [-0.11836529523134232, 0.16195349395275116], [-0.29700154066085815, -0.06373912841081619], [-0.17284631729125977, -0.1895996481180191], [-0.23505015671253204, -0.022454287856817245]]",False
early_neutral,4,2705,0.09863378873708764,-1,[0],"[[-0.9628027081489563, -0.0003103766939602792], [-0.13093189895153046, 0.1662450134754181], [-0.30614277720451355, -0.06394706666469574], [-0.18130697309970856, -0.19194157421588898], [-0.23498323559761047, -0.028434911742806435]]",False
early_neutral,4,2706,0.09830056647784072,-1,[0],"[[-0.9716383218765259, -0.00021309660223778337], [-0.14372959733009338, 0.17030766606330872], [-0.3120609521865845, -0.06402511894702911], [-0.19055385887622833, -0.19301217794418335], [-0.2349688708782196, -0.03441576287150383]]",False
early_neutral,4,2707,0.09796734421859381,-1,[0],"[[-0.9782533645629883, -0.00011006565910065547], [-0.15672406554222107, 0.1741538941860199], [-0.3127610981464386, -0.06402616202831268], [-0.19937673211097717, -0.19159381091594696], [-0.23496322333812714, -0.04039662331342697]]",False
early_neutral,4,2708,0.09763412195934688,-1,[0],"[[-0.9821351766586304, -2.157266135327518e-05], [-0.16989082098007202, 0.1777893602848053], [-0.3127610981464386, -0.06402616202831268], [-0.20759432017803192, -0.18816375732421875], [-0.23496250808238983, -0.04637748748064041]]",False
early_neutral,4,2709,0.09730089970009996,-1,[0],"[[-0.984858512878418, 5.3318140999181196e-05], [-0.18323740363121033, 0.18104028701782227], [-0.3127610981464386, -0.06402616202831268], [-0.21510688960552216, -0.1833522468805313], [-0.23496213555335999, -0.05235835164785385]]",False
early_neutral,4,2710,0.09696767744085305,-1,[0],"[[-0.9855756163597107, 6.98901349096559e-05], [-0.19637228548526764, 0.18221421539783478], [-0.3127610981464386, -0.06402616202831268], [-0.22254469990730286, -0.17829036712646484], [-0.23496241867542267, -0.05798769369721413]]",False
early_neutral,4,2711,0.09663445518160613,-1,[0],"[[-0.9857542514801025, 7.334268593695015e-05], [-0.20908105373382568, 0.181394562125206], [-0.3127610981464386, -0.06402616202831268], [-0.23024284839630127, -0.1730710119009018], [-0.23496375977993011, -0.0606178343296051]]",False
early_neutral,4,2712,0.09630123292235922,-1,[0],"[[-0.9857542514801025, 7.334268593695015e-05], [-0.2219858020544052, 0.1798550933599472], [-0.3127610981464386, -0.06402616202831268], [-0.23838648200035095, -0.16756120324134827], [-0.23491548001766205, -0.060865502804517746]]",False
early_neutral,4,2713,0.0959680106631123,-1,[0],"[[-0.9857542514801025, 7.334268593695015e-05], [-0.23479479551315308, 0.17726720869541168], [-0.3127610981464386, -0.06402616202831268], [-0.24690189957618713, -0.1617744266986847], [-0.2326042801141739, -0.059474751353263855]]",False
early_neutral,4,2714,0.09563478840386538,-1,[0],"[[-0.9857542514801025, 7.334268593695015e-05], [-0.24744533002376556, 0.1739390641450882], [-0.3127610981464386, -0.06402616202831268], [-0.25562605261802673, -0.1558094471693039], [-0.22904515266418457, -0.05725274980068207]]",False
early_neutral,4,2715,0.09530156614461846,-1,[0],"[[-0.9857542514801025, 7.334268593695015e-05], [-0.2599297761917114, 0.17008228600025177], [-0.3127610981464386, -0.06402616202831268], [-0.2625136375427246, -0.1511572301387787], [-0.22453494369983673, -0.054339699447155]]",False
early_neutral,4,2716,0.09496834388537154,-1,[0],"[[-0.9857542514801025, 7.334268593695015e-05], [-0.27221059799194336, 0.16576871275901794], [-0.3127610981464386, -0.06402616202831268], [-0.2671923041343689, -0.1482003778219223], [-0.21910586953163147, -0.05081481859087944]]",False
early_neutral,4,2717,0.09463512162612463,-1,[0],"[[-0.9857542514801025, 7.334268593695015e-05], [-0.2844257950782776, 0.16123920679092407], [-0.31278225779533386, -0.06401089578866959], [-0.2706230878829956, -0.1461023986339569], [-0.21286463737487793, -0.04675633832812309]]",False
early_neutral,4,2718,0.0943018993668777,-1,[0],"[[-0.9857542514801025, 7.334268593695015e-05], [-0.2965765595436096, 0.15653571486473083], [-0.3146994411945343, -0.06270010769367218], [-0.2715536653995514, -0.1455336958169937], [-0.206365168094635, -0.042527440935373306]]",False
early_neutral,4,2719,0.0939686771076308,-1,[0],"[[-0.9857542514801025, 7.334268593695015e-05], [-0.30876854062080383, 0.1518004685640335], [-0.31789398193359375, -0.06067458912730217], [-0.27157989144325256, -0.14583911001682281], [-0.19986587762832642, -0.038298431783914566]]",False
early_neutral,4,2720,0.09363545484838387,-1,[0],"[[-0.9857542514801025, 7.334268593695015e-05], [-0.32106027007102966, 0.14711639285087585], [-0.3222801089286804, -0.05818786099553108], [-0.27153950929641724, -0.148098886013031], [-0.19336670637130737, -0.03406934067606926]]",False
early_neutral,4,2721,0.09330223258913696,-1,[0],"[[-0.9857542514801025, 7.334268593695015e-05], [-0.33268463611602783, 0.14276531338691711], [-0.3274668753147125, -0.055712856352329254], [-0.27174803614616394, -0.15120850503444672], [-0.18686755001544952, -0.029840242117643356]]",False
early_neutral,4,2722,0.09296901032989004,-1,[0],"[[-0.9857542514801025, 7.334268593695015e-05], [-0.34144604206085205, 0.13972552120685577], [-0.3326636850833893, -0.05362303555011749], [-0.27198079228401184, -0.1551412045955658], [-0.18036840856075287, -0.025611132383346558]]",False
early_neutral,4,2723,0.09263578807064311,-1,[0],"[[-0.9857542514801025, 7.334268593695015e-05], [-0.3497435748577118, 0.1371539682149887], [-0.3343484103679657, -0.052932221442461014], [-0.2718547582626343, -0.1592569649219513], [-0.17386925220489502, -0.021382026374340057]]",False
early_neutral,4,2724,0.0923025658113962,-1,[0],"[[-0.9857542514801025, 7.334268593695015e-05], [-0.35822391510009766, 0.1348493993282318], [-0.3343484103679657, -0.052932221442461014], [-0.2699506878852844, -0.16246886551380157], [-0.16737011075019836, -0.017152918502688408]]",False
early_neutral,4,2725,0.09196934355214928,-1,[0],"[[-0.9857542514801025, 7.334268593695015e-05], [-0.3668788969516754, 0.13283853232860565], [-0.335978239774704, -0.05209175497293472], [-0.26593077182769775, -0.1655510514974594], [-0.16087102890014648, -0.012923781760036945]]",False
early_neutral,4,2726,0.09163612129290237,-1,[0],"[[-0.9857542514801025, 7.334268593695015e-05], [-0.3760601282119751, 0.1309751272201538], [-0.33939558267593384, -0.050507839769124985], [-0.2634422481060028, -0.16751447319984436], [-0.15437191724777222, -0.008694654330611229]]",False
early_neutral,4,2727,0.09130289903365545,-1,[0],"[[-0.9857542514801025, 7.334268593695015e-05], [-0.38613271713256836, 0.12909714877605438], [-0.3440609276294708, -0.04858184605836868], [-0.26287269592285156, -0.16794484853744507], [-0.14787276089191437, -0.0044655511155724525]]",False
early_neutral,4,2728,0.09096967677440854,-1,[0],"[[-0.9857542514801025, 7.334268593695015e-05], [-0.3967721462249756, 0.12719464302062988], [-0.34950926899909973, -0.04637163504958153], [-0.2627534568309784, -0.1671040803194046], [-0.14320047199726105, -0.0004911686410196126]]",False
early_neutral,4,2729,0.09063645451516161,-1,[0],"[[-0.9857542514801025, 7.334268593695015e-05], [-0.40574654936790466, 0.1252906322479248], [-0.3549743890762329, -0.04416241869330406], [-0.26251259446144104, -0.16437466442584991], [-0.14375808835029602, 0.0023880023509263992]]",False
early_neutral,4,2730,0.09030323225591469,-1,[0],"[[-0.9857542514801025, 7.334268593695015e-05], [-0.4125051200389862, 0.12350711226463318], [-0.3604128360748291, -0.04196137189865112], [-0.2623775005340576, -0.16068986058235168], [-0.14747512340545654, 0.0049909609369933605]]",False
early_neutral,4,2731,0.08997000999666778,-1,[0],"[[-0.9857542514801025, 7.334268593695015e-05], [-0.41795337200164795, 0.12180362641811371], [-0.36575889587402344, -0.03978923708200455], [-0.2623692452907562, -0.15611068904399872], [-0.15174436569213867, 0.007832658477127552]]",False
early_neutral,4,2732,0.08963678773742086,-1,[0],"[[-0.9857542514801025, 7.334268593695015e-05], [-0.42126572132110596, 0.12059656530618668], [-0.3712103068828583, -0.03756571188569069], [-0.2624731957912445, -0.15072235465049744], [-0.15481430292129517, 0.010166800580918789]]",False
early_neutral,4,2733,0.08930356547817395,-1,[0],"[[-0.9857542514801025, 7.334268593695015e-05], [-0.42313480377197266, 0.11982127279043198], [-0.3766641318798065, -0.03535022959113121], [-0.2627309560775757, -0.14472930133342743], [-0.15519320964813232, 0.012366034090518951]]",False
early_neutral,4,2734,0.08897034321892702,-1,[0],"[[-0.9857542514801025, 7.334268593695015e-05], [-0.42408379912376404, 0.11965674161911011], [-0.3820095360279083, -0.03320863097906113], [-0.26316720247268677, -0.13839130103588104], [-0.15261134505271912, 0.015006698668003082]]",False
early_neutral,4,2735,0.08863712095968011,-1,[0],"[[-0.9857542514801025, 7.334268593695015e-05], [-0.424114465713501, 0.1216585785150528], [-0.3875088691711426, -0.03103567659854889], [-0.26382163166999817, -0.13153347373008728], [-0.14734672009944916, 0.017042923718690872]]",False
early_neutral,4,2736,0.08830389870043319,-1,[0],"[[-0.9857542514801025, 7.334268593695015e-05], [-0.4257361590862274, 0.12434087693691254], [-0.3930453658103943, -0.02891177125275135], [-0.2648809850215912, -0.12458872050046921], [-0.13998454809188843, 0.017712602391839027]]",False
early_neutral,4,2737,0.08797067644118627,-1,[0],"[[-0.9857542514801025, 7.334268593695015e-05], [-0.4298671782016754, 0.12692272663116455], [-0.3974084258079529, -0.02719891630113125], [-0.26644980907440186, -0.11734794825315475], [-0.1315039098262787, 0.01747281849384308]]",False
early_neutral,4,2738,0.08763745418193936,-1,[0],"[[-0.9857542514801025, 7.334268593695015e-05], [-0.4336158037185669, 0.12876155972480774], [-0.3985443115234375, -0.026595255360007286], [-0.2689793109893799, -0.1098785549402237], [-0.12376242876052856, 0.015094254165887833]]",False
early_neutral,4,2739,0.08730423192269243,-1,[0],"[[-0.9857542514801025, 7.334268593695015e-05], [-0.4342702329158783, 0.12904588878154755], [-0.39862746000289917, -0.02653815597295761], [-0.274780809879303, -0.10371176153421402], [-0.11708405613899231, 0.011072727851569653]]",False
early_neutral,4,2740,0.08697100966344552,-1,[0],"[[-0.9857542514801025, 7.334268593695015e-05], [-0.4346436858177185, 0.12911245226860046], [-0.3986590504646301, -0.026537535712122917], [-0.28390932083129883, -0.0994684025645256], [-0.10951155424118042, 0.008227752521634102]]",False
early_neutral,4,2741,0.0866377874041986,-1,[0],"[[-0.9857542514801025, 7.334268593695015e-05], [-0.43584123253822327, 0.12819024920463562], [-0.4014280140399933, -0.026416471228003502], [-0.2946249544620514, -0.09689889848232269], [-0.10069939494132996, 0.007562032900750637]]",False
early_neutral,4,2742,0.08630456514495169,-1,[0],"[[-0.9857542514801025, 7.334268593695015e-05], [-0.4377858638763428, 0.12658368051052094], [-0.4058193862438202, -0.02607608586549759], [-0.3058779239654541, -0.09739386290311813], [-0.09187641739845276, 0.00698087876662612]]",False
early_neutral,4,2743,0.08597134288570477,-1,[0],"[[-0.9857542514801025, 7.334268593695015e-05], [-0.4405694007873535, 0.12460504472255707], [-0.40945547819137573, -0.025683578103780746], [-0.3174610435962677, -0.09922459721565247], [-0.08521581441164017, 0.004617738537490368]]",False
early_neutral,4,2744,0.08563812062645784,-1,[0],"[[-0.9857542514801025, 7.334268593695015e-05], [-0.4437508285045624, 0.12188774347305298], [-0.4095039665699005, -0.025677835568785667], [-0.32941845059394836, -0.10148616135120392], [-0.0803404226899147, 0.0016058735782280564]]",False
early_neutral,4,2745,0.08530489836721093,-1,[0],"[[-0.9857542514801025, 7.334268593695015e-05], [-0.4473542869091034, 0.11912422627210617], [-0.4097725450992584, -0.025602953508496284], [-0.34153255820274353, -0.104267418384552], [-0.07501469552516937, -0.0018420241540297866]]",False
early_neutral,4,2746,0.08497167610796401,-1,[0],"[[-0.9857542514801025, 7.334268593695015e-05], [-0.45185330510139465, 0.11660316586494446], [-0.4128633439540863, -0.0248392466455698], [-0.3517785370349884, -0.10861777514219284], [-0.06888148188591003, -0.005825046915560961]]",False
early_neutral,4,2747,0.0846384538487171,-1,[0],"[[-0.9857542514801025, 7.334268593695015e-05], [-0.45704588294029236, 0.11440351605415344], [-0.4173698127269745, -0.0239219032227993], [-0.3594985902309418, -0.1147184744477272], [-0.06238152086734772, -0.010053621605038643]]",False
early_neutral,4,2748,0.08430523158947018,-1,[0],"[[-0.9857542514801025, 7.334268593695015e-05], [-0.4635177552700043, 0.1121770590543747], [-0.423240065574646, -0.022980185225605965], [-0.3660690188407898, -0.1194942370057106], [-0.055881958454847336, -0.01428245659917593]]",False
early_neutral,4,2749,0.08397200933022327,-1,[0],"[[-0.9857542514801025, 7.334268593695015e-05], [-0.47122371196746826, 0.11000891029834747], [-0.43046191334724426, -0.0221547894179821], [-0.3740362226963043, -0.12243995070457458], [-0.04911840334534645, -0.01824895851314068]]",False
early_neutral,4,2750,0.08363878707097634,-1,[0],"[[-0.9857542514801025, 7.334268593695015e-05], [-0.4799526333808899, 0.10880023241043091], [-0.43806320428848267, -0.021618831902742386], [-0.38253265619277954, -0.12400303035974503], [-0.0410226434469223, -0.02013728953897953]]",False
early_neutral,4,2751,0.08330556481172942,-1,[0],"[[-0.9857542514801025, 7.334268593695015e-05], [-0.48955821990966797, 0.10926520079374313], [-0.44447654485702515, -0.02128582075238228], [-0.39095374941825867, -0.12278690189123154], [-0.03192976489663124, -0.02035532332956791]]",False
early_neutral,4,2752,0.08297234255248251,-1,[0],"[[-0.9857542514801025, 7.334268593695015e-05], [-0.49945253133773804, 0.11036426573991776], [-0.45084619522094727, -0.02103981375694275], [-0.39870932698249817, -0.12020295858383179], [-0.022738615050911903, -0.020369146019220352]]",False
early_neutral,4,2753,0.08263912029323559,-1,[0],"[[-0.9857542514801025, 7.334268593695015e-05], [-0.5097208023071289, 0.11152883619070053], [-0.45351606607437134, -0.02095876634120941], [-0.4024571180343628, -0.11897598206996918], [-0.013547445647418499, -0.02037549763917923]]",False
early_neutral,4,2754,0.08230589803398868,-1,[0],"[[-0.9857542514801025, 7.334268593695015e-05], [-0.5206125378608704, 0.11281084269285202], [-0.45351606607437134, -0.02095876634120941], [-0.40253356099128723, -0.11895187944173813], [-0.004356272518634796, -0.020376380532979965]]",False
early_neutral,4,2755,0.08197267577474175,-1,[0],"[[-0.9857542514801025, 7.334268593695015e-05], [-0.5288891196250916, 0.11388969421386719], [-0.4521578252315521, -0.020718097686767578], [-0.40253356099128723, -0.11895187944173813], [0.004834906198084354, -0.020376751199364662]]",False
early_neutral,4,2756,0.08163945351549484,-1,[0],"[[-0.9857542514801025, 7.334268593695015e-05], [-0.5352818965911865, 0.11482462286949158], [-0.4484105706214905, -0.019800463691353798], [-0.40253356099128723, -0.11895187944173813], [0.013846713118255138, -0.020416606217622757]]",False
early_neutral,4,2757,0.08130623125624792,-1,[0],"[[-0.9857542514801025, 7.334268593695015e-05], [-0.5417765974998474, 0.11581521481275558], [-0.4435877501964569, -0.018243160098791122], [-0.4036094844341278, -0.11888577044010162], [0.019037162885069847, -0.020752817392349243]]",False
early_neutral,4,2758,0.080973008997001,-1,[0],"[[-0.9857542514801025, 7.334268593695015e-05], [-0.5482462048530579, 0.11696108430624008], [-0.437010258436203, -0.01756991446018219], [-0.407413512468338, -0.11884994804859161], [0.0197796318680048, -0.020879007875919342]]",False
early_neutral,4,2759,0.08063978673775409,-1,[0],"[[-0.9857542514801025, 7.334268593695015e-05], [-0.5545672178268433, 0.1181921511888504], [-0.4291413724422455, -0.017685767263174057], [-0.41253507137298584, -0.11911598592996597], [0.017994657158851624, -0.020163962617516518]]",False
early_neutral,4,2760,0.08030656447850716,-1,[0],"[[-0.9857542514801025, 7.334268593695015e-05], [-0.5606396198272705, 0.1195148304104805], [-0.42020323872566223, -0.017747681587934494], [-0.4183167517185211, -0.11813019961118698], [0.014460786245763302, -0.01852712593972683]]",False
early_neutral,4,2761,0.07997334221926025,-1,[0],"[[-0.9857542514801025, 7.334268593695015e-05], [-0.565942108631134, 0.12133818864822388], [-0.411012202501297, -0.01778031885623932], [-0.4238988757133484, -0.11615708470344543], [0.010010382160544395, -0.016140230000019073]]",False
early_neutral,4,2762,0.07964011996001333,-1,[0],"[[-0.9857542514801025, 7.334268593695015e-05], [-0.5698466897010803, 0.12409596145153046], [-0.4018210172653198, -0.01778634637594223], [-0.4288669526576996, -0.11513976752758026], [0.0045652310363948345, -0.013161427341401577]]",False
early_neutral,4,2763,0.0793068977007664,-1,[0],"[[-0.9857542514801025, 7.334268593695015e-05], [-0.5746195912361145, 0.12632322311401367], [-0.39262986183166504, -0.017788151279091835], [-0.43166041374206543, -0.11729425191879272], [-0.0018028768245130777, -0.009668036364018917]]",False
early_neutral,4,2764,0.0789736754415195,-1,[0],"[[-0.9857542514801025, 7.334268593695015e-05], [-0.5799134373664856, 0.1274859458208084], [-0.38343867659568787, -0.01778872311115265], [-0.43277907371520996, -0.12075220048427582], [-0.008947794325649738, -0.005764739587903023]]",False
early_neutral,4,2765,0.07864045318227257,-1,[0],"[[-0.9857542514801025, 7.334268593695015e-05], [-0.5858576893806458, 0.12709420919418335], [-0.3742474913597107, -0.01778881624341011], [-0.43341830372810364, -0.12217820435762405], [-0.01676907390356064, -0.0015214235754683614]]",False
early_neutral,4,2766,0.07830723092302566,-1,[0],"[[-0.9857542514801025, 7.334268593695015e-05], [-0.5912355780601501, 0.1251963973045349], [-0.3650563359260559, -0.017788860946893692], [-0.43353545665740967, -0.12234803289175034], [-0.025043392553925514, 0.002931085415184498]]",False
early_neutral,4,2767,0.07797400866377874,-1,[0],"[[-0.9857542514801025, 7.334268593695015e-05], [-0.596418023109436, 0.12279076129198074], [-0.35586512088775635, -0.01778886280953884], [-0.43404141068458557, -0.12055128067731857], [-0.03349127992987633, 0.0074305287562310696]]",False
early_neutral,4,2768,0.07764078640453183,-1,[0],"[[-0.9857542514801025, 7.334268593695015e-05], [-0.6017164587974548, 0.1206265538930893], [-0.3466739356517792, -0.01778886280953884], [-0.43437811732292175, -0.11744316667318344], [-0.042470261454582214, 0.012171134352684021]]",False
early_neutral,4,2769,0.0773075641452849,-1,[0],"[[-0.9857542514801025, 7.334268593695015e-05], [-0.606738269329071, 0.11839386075735092], [-0.337482750415802, -0.01778886280953884], [-0.4340900480747223, -0.11340012401342392], [-0.051933806389570236, 0.01713196560740471]]",False
early_neutral,4,2770,0.07697434188603798,-1,[0],"[[-0.9857542514801025, 7.334268593695015e-05], [-0.6106376051902771, 0.11640547215938568], [-0.3282915949821472, -0.01778886280953884], [-0.4337168335914612, -0.10849496722221375], [-0.06181824207305908, 0.02225465700030327]]",False
early_neutral,4,2771,0.07664111962679107,-1,[0],"[[-0.9857542514801025, 7.334268593695015e-05], [-0.6108343601226807, 0.11441802233457565], [-0.31910040974617004, -0.01778886280953884], [-0.43346622586250305, -0.10281568765640259], [-0.07203948497772217, 0.02749996818602085]]",False
early_neutral,4,2772,0.07630789736754415,-1,[0],"[[-0.9857542514801025, 7.334268593695015e-05], [-0.6098529696464539, 0.11143577098846436], [-0.3099091947078705, -0.01778886280953884], [-0.43456658720970154, -0.09806817024946213], [-0.08254502713680267, 0.03282304108142853]]",False
early_neutral,4,2773,0.07597467510829724,-1,[0],"[[-0.9857542514801025, 7.334268593695015e-05], [-0.610148012638092, 0.10756969451904297], [-0.3007180094718933, -0.01778886280953884], [-0.4382133185863495, -0.09653480350971222], [-0.09328332543373108, 0.03819582983851433]]",False
early_neutral,4,2774,0.07564145284905031,-1,[0],"[[-0.9857542514801025, 7.334268593695015e-05], [-0.6100441217422485, 0.1032814234495163], [-0.2915268540382385, -0.01778886280953884], [-0.4436497092247009, -0.0968218445777893], [-0.10421863198280334, 0.04359181970357895]]",False
early_neutral,4,2775,0.0753082305898034,-1,[0],"[[-0.9857542514801025, 7.334268593695015e-05], [-0.610061764717102, 0.0995061993598938], [-0.28233566880226135, -0.01778886280953884], [-0.44963526725769043, -0.09887789934873581], [-0.11532247811555862, 0.04899047315120697]]",False
early_neutral,4,2776,0.07497500833055648,-1,[0],"[[-0.9857542514801025, 7.334268593695015e-05], [-0.6109145283699036, 0.0958995372056961], [-0.2731444835662842, -0.01778886280953884], [-0.4560398459434509, -0.10197792202234268], [-0.12656545639038086, 0.054381996393203735]]",False
early_neutral,4,2777,0.07464178607130956,-1,[0],"[[-0.9857542514801025, 7.334268593695015e-05], [-0.6121900677680969, 0.0922883003950119], [-0.2639533281326294, -0.01778886280953884], [-0.46398478746414185, -0.104273222386837], [-0.1379280388355255, 0.0597558468580246]]",False
early_neutral,4,2778,0.07430856381206265,-1,[0],"[[-0.9857542514801025, 7.334268593695015e-05], [-0.6142616868019104, 0.08957778662443161], [-0.2547621428966522, -0.01778886280953884], [-0.47287261486053467, -0.10514553636312485], [-0.14954248070716858, 0.06477139890193939]]",False
early_neutral,4,2779,0.07397534155281572,-1,[0],"[[-0.9857542514801025, 7.334268593695015e-05], [-0.617692768573761, 0.0890275165438652], [-0.24557095766067505, -0.01778886280953884], [-0.4815702438354492, -0.10504189878702164], [-0.16092240810394287, 0.06753098219633102]]",False
early_neutral,4,2780,0.07364211929356881,-1,[0],"[[-0.9857542514801025, 7.334268593695015e-05], [-0.6220800280570984, 0.08931373059749603], [-0.23637978732585907, -0.01778886280953884], [-0.4885236620903015, -0.10198704153299332], [-0.17249219119548798, 0.06749480962753296]]",False
early_neutral,4,2781,0.07330889703432189,-1,[0],"[[-0.9857542514801025, 7.334268593695015e-05], [-0.6249768733978271, 0.08799418061971664], [-0.22736798226833344, -0.017828626558184624], [-0.493662029504776, -0.0973794087767601], [-0.1846124678850174, 0.06680714339017868]]",False
early_neutral,4,2782,0.07297567477507498,-1,[0],"[[-0.9857542514801025, 7.334268593695015e-05], [-0.6256693005561829, 0.0851505771279335], [-0.22217753529548645, -0.018164822831749916], [-0.495025098323822, -0.09405886381864548], [-0.19715924561023712, 0.06577408313751221]]",False
early_neutral,4,2783,0.07264245251582806,-1,[0],"[[-0.9857542514801025, 7.334268593695015e-05], [-0.6253513693809509, 0.08158273249864578], [-0.2214350551366806, -0.018291009590029716], [-0.4931398332118988, -0.09098973870277405], [-0.2100437879562378, 0.06452775746583939]]",False
early_neutral,4,2784,0.07230923025658113,-1,[0],"[[-0.9857542514801025, 7.334268593695015e-05], [-0.6240164041519165, 0.07721524685621262], [-0.2235521823167801, -0.01757338084280491], [-0.488925963640213, -0.0884573683142662], [-0.22321940958499908, 0.0632481724023819]]",False
early_neutral,4,2785,0.07197600799733422,-1,[0],"[[-0.9857542514801025, 7.334268593695015e-05], [-0.6214210987091064, 0.07197507470846176], [-0.22770555317401886, -0.01627453975379467], [-0.48207780718803406, -0.08729580789804459], [-0.2366218864917755, 0.061947062611579895]]",False
early_neutral,4,2786,0.0716427857380873,-1,[0],"[[-0.9857542514801025, 7.334268593695015e-05], [-0.6184117794036865, 0.06610404700040817], [-0.23323853313922882, -0.014712877571582794], [-0.47377702593803406, -0.0870787650346756], [-0.25020915269851685, 0.06067241355776787]]",False
early_neutral,4,2787,0.07130956347884039,-1,[0],"[[-0.9857542514801025, 7.334268593695015e-05], [-0.6150434017181396, 0.05975247547030449], [-0.24003708362579346, -0.012883484363555908], [-0.4646192789077759, -0.08697692304849625], [-0.26394253969192505, 0.059437260031700134]]",False
early_neutral,4,2788,0.07097634121959347,-1,[0],"[[-0.9857542514801025, 7.334268593695015e-05], [-0.6110055446624756, 0.053413569927215576], [-0.2479737102985382, -0.010819424875080585], [-0.45542824268341064, -0.0869482159614563], [-0.27779150009155273, 0.05825163051486015]]",False
early_neutral,4,2789,0.07064311896034656,-1,[0],"[[-0.9857542514801025, 7.334268593695015e-05], [-0.606016993522644, 0.04687287658452988], [-0.2566458582878113, -0.008590860292315483], [-0.44625183939933777, -0.08693362772464752], [-0.2917326092720032, 0.05712463706731796]]",False
early_neutral,4,2790,0.07030989670109963,-1,[0],"[[-0.9857542514801025, 7.334268593695015e-05], [-0.6006532311439514, 0.040835507214069366], [-0.2659321427345276, -0.00617216806858778], [-0.43996545672416687, -0.08663742989301682], [-0.30575183033943176, 0.056088779121637344]]",False
early_neutral,4,2791,0.06997667444185271,-1,[0],"[[-0.9857542514801025, 7.334268593695015e-05], [-0.5948694348335266, 0.03527744486927986], [-0.27583181858062744, -0.0035680439323186874], [-0.4386632442474365, -0.08644136041402817], [-0.3198450207710266, 0.0552225336432457]]",False
early_neutral,4,2792,0.0696434521826058,-1,[0],"[[-0.9857542514801025, 7.334268593695015e-05], [-0.5890988111495972, 0.03075113333761692], [-0.28587251901626587, -0.0009525221539661288], [-0.4392698109149933, -0.08725112676620483], [-0.33399713039398193, 0.05453646928071976]]",False
early_neutral,4,2793,0.06931022992335888,-1,[0],"[[-0.9847754836082458, 5.380547372624278e-05], [-0.581868052482605, 0.028331689536571503], [-0.2964930534362793, 0.0017841170774772763], [-0.4411402642726898, -0.08950779587030411], [-0.34819912910461426, 0.05409567430615425]]",False
early_neutral,4,2794,0.06897700766411197,-1,[0],"[[-0.9806729555130005, -3.842590012936853e-05], [-0.5737531781196594, 0.02738056518137455], [-0.307740718126297, 0.004531337879598141], [-0.4438181519508362, -0.09246331453323364], [-0.36243531107902527, 0.053919821977615356]]",False
early_neutral,4,2795,0.06864378540486504,-1,[0],"[[-0.9750361442565918, -0.00018735291087068617], [-0.5665745735168457, 0.027831831946969032], [-0.3196506202220917, 0.007026238366961479], [-0.4472768008708954, -0.09613251686096191], [-0.37669020891189575, 0.05394826829433441]]",False
early_neutral,4,2796,0.06831056314561813,-1,[0],"[[-0.9687106609344482, 0.000730101193767041], [-0.5591252446174622, 0.028573311865329742], [-0.3321090638637543, 0.009218346327543259], [-0.45147600769996643, -0.100459024310112], [-0.39095500111579895, 0.0541062094271183]]",False
early_neutral,4,2797,0.06797734088637121,-1,[0],"[[-0.962174654006958, 0.0033863645512610674], [-0.5504243969917297, 0.02890620194375515], [-0.3450649380683899, 0.010902977548539639], [-0.4565366208553314, -0.10401047021150589], [-0.40521490573883057, 0.05451009422540665]]",False
early_neutral,4,2798,0.06764411862712429,-1,[0],"[[-0.9549688100814819, 0.0067081875167787075], [-0.541233479976654, 0.028950635343790054], [-0.3584173619747162, 0.011968502774834633], [-0.4614675045013428, -0.10396745055913925], [-0.41866448521614075, 0.05571259930729866]]",False
early_neutral,4,2799,0.06731089636787738,-1,[0],"[[-0.94721919298172, 0.010333850048482418], [-0.532042384147644, 0.02897338941693306], [-0.3720456659793854, 0.012093380093574524], [-0.46609777212142944, -0.10140885412693024], [-0.4312772750854492, 0.0577642060816288]]",False
early_neutral,4,2800,0.06697767410863045,-1,[0],"[[-0.9908088445663452, -0.0], [-0.44070321321487427, -0.16735979914665222], [-0.505167543888092, -0.027403535321354866], [-0.6147697567939758, 0.09336511790752411], [-0.4611770510673523, 0.18573923408985138]]",False
early_neutral,4,2801,0.06664445184938354,-1,[0],"[[-0.9908088445663452, -0.0], [-0.44070321321487427, -0.16735979914665222], [-0.505167543888092, -0.027403535321354866], [-0.6147697567939758, 0.09336511790752411], [-0.4611770510673523, 0.18573923408985138]]",False
early_neutral,4,2802,0.06631122959013662,-1,[0],"[[-0.9908088445663452, -0.0], [-0.44070321321487427, -0.16735979914665222], [-0.505167543888092, -0.027403535321354866], [-0.6147697567939758, 0.09336511790752411], [-0.4611770510673523, 0.18573923408985138]]",False
early_neutral,4,2803,0.06597800733088971,-1,[0],"[[-0.9908088445663452, -0.0], [-0.44070321321487427, -0.16735979914665222], [-0.505167543888092, -0.027403535321354866], [-0.6127290725708008, 0.09336511790752411], [-0.4611770510673523, 0.18573923408985138]]",False
early_neutral,4,2804,0.06564478507164279,-1,[0],"[[-0.9908088445663452, -0.0], [-0.44070321321487427, -0.16735979914665222], [-0.505167543888092, -0.027403535321354866], [-0.6082179546356201, 0.09336511790752411], [-0.4611770510673523, 0.18573923408985138]]",False
early_neutral,4,2805,0.06531156281239586,-1,[0],"[[-0.9908088445663452, -0.0], [-0.44070321321487427, -0.16735979914665222], [-0.505167543888092, -0.027403535321354866], [-0.6022429466247559, 0.09336885064840317], [-0.4611770510673523, 0.18573923408985138]]",False
early_neutral,4,2806,0.06497834055314895,-1,[0],"[[-0.9908088445663452, -0.0], [-0.44070321321487427, -0.16735979914665222], [-0.505167543888092, -0.027403535321354866], [-0.5948888659477234, 0.09338937699794769], [-0.4611770510673523, 0.18573923408985138]]",False
early_neutral,4,2807,0.06464511829390203,-1,[0],"[[-0.9908088445663452, -0.0], [-0.44070321321487427, -0.16735979914665222], [-0.505167543888092, -0.027403535321354866], [-0.5871683955192566, 0.09341149777173996], [-0.4611770510673523, 0.18573923408985138]]",False
early_neutral,4,2808,0.06431189603465512,-1,[0],"[[-0.9908088445663452, -0.0], [-0.44070321321487427, -0.16735979914665222], [-0.505167543888092, -0.027403535321354866], [-0.5809954404830933, 0.09342311322689056], [-0.4611770510673523, 0.18573923408985138]]",False
early_neutral,4,2809,0.0639786737754082,-1,[0],"[[-0.9904378056526184, 8.792616426944733e-05], [-0.4388740062713623, -0.16800324618816376], [-0.505045473575592, -0.02737594209611416], [-0.574994683265686, 0.09342311322689056], [-0.4625070095062256, 0.18512555956840515]]",False
early_neutral,4,2810,0.06364545151616129,-1,[0],"[[-0.9870047569274902, 0.0010541515657678246], [-0.43526238203048706, -0.16938824951648712], [-0.5021011233329773, -0.026812957599759102], [-0.5678871870040894, 0.09342311322689056], [-0.4644770920276642, 0.1832648515701294]]",False
early_neutral,4,2811,0.06331222925691436,-1,[0],"[[-0.9823379516601562, 0.002739585004746914], [-0.4305972754955292, -0.17132756114006042], [-0.49761876463890076, -0.026173386722803116], [-0.561664342880249, 0.09402887523174286], [-0.46610450744628906, 0.18063774704933167]]",False
early_neutral,4,2812,0.06297900699766744,-1,[0],"[[-0.9766924381256104, 0.005202019587159157], [-0.4251464307308197, -0.1735425889492035], [-0.491792231798172, -0.025529438629746437], [-0.5575557351112366, 0.09634032845497131], [-0.4669815003871918, 0.17818182706832886]]",False
early_neutral,4,2813,0.06264578473842053,-1,[0],"[[-0.9701180458068848, 0.008302232250571251], [-0.4196327328681946, -0.17569996416568756], [-0.4846971929073334, -0.024707773700356483], [-0.5544964671134949, 0.09947052597999573], [-0.46761804819107056, 0.17685694992542267]]",False
early_neutral,4,2814,0.062312562479173605,-1,[0],"[[-0.9628633260726929, 0.011952061206102371], [-0.41399675607681274, -0.1777183562517166], [-0.47645342350006104, -0.02369501069188118], [-0.5532419681549072, 0.10077767074108124], [-0.4679034352302551, 0.1764899343252182]]",True
early_neutral,4,2815,0.06197934021992669,-1,[0],"[[-0.9551077485084534, 0.0156398955732584], [-0.4082113802433014, -0.17954906821250916], [-0.4674690365791321, -0.02250143140554428], [-0.5532298684120178, 0.10079027712345123], [-0.4679034352302551, 0.1764899343252182]]",True
early_neutral,4,2816,0.06164611796067977,-1,[0],"[[-0.9464159607887268, 0.019432339817285538], [-0.4022802710533142, -0.1811695545911789], [-0.4584932327270508, -0.02121451310813427], [-0.5520028471946716, 0.10094631463289261], [-0.46976950764656067, 0.17621247470378876]]",True
early_neutral,4,2817,0.061312895701432855,-1,[0],"[[-0.9372027516365051, 0.02312079630792141], [-0.39619702100753784, -0.18253029882907867], [-0.44954654574394226, -0.019844401627779007], [-0.5483383536338806, 0.10152489691972733], [-0.46919625997543335, 0.17523729801177979]]",True
early_neutral,4,2818,0.06097967344218594,-1,[0],"[[-0.9274761080741882, 0.02671591378748417], [-0.38998788595199585, -0.18362419307231903], [-0.4406285881996155, -0.018397165462374687], [-0.5433711409568787, 0.10250462591648102], [-0.4652455747127533, 0.17462819814682007]]",True
early_neutral,4,2819,0.06064645118293902,-1,[0],"[[-0.9170405268669128, 0.030317097902297974], [-0.38368362188339233, -0.18445661664009094], [-0.4317404627799988, -0.016874168068170547], [-0.5372774600982666, 0.10367056727409363], [-0.46104419231414795, 0.17417952418327332]]",True
early_neutral,4,2820,0.060313228923692105,-1,[0],"[[-0.905914843082428, 0.03382319584488869], [-0.3773108720779419, -0.1850270926952362], [-0.4228821098804474, -0.015279382467269897], [-0.5310579538345337, 0.10474155843257904], [-0.4564085900783539, 0.1735134720802307]]",True
early_neutral,4,2821,0.05998000666444518,-1,[0],"[[-0.8941187858581543, 0.03705231472849846], [-0.3709001839160919, -0.1853785216808319], [-0.4140547215938568, -0.01361349131911993], [-0.5248122215270996, 0.10573180764913559], [-0.44886088371276855, 0.1726614087820053]]",True
early_neutral,4,2822,0.059646784405198265,-1,[0],"[[-0.8818469047546387, 0.040099456906318665], [-0.3644731342792511, -0.18556532263755798], [-0.4052579998970032, -0.011880229227244854], [-0.5186980962753296, 0.10665769129991531], [-0.4401111602783203, 0.17244085669517517]]",True
early_neutral,4,2823,0.05931356214595135,-1,[0],"[[-0.8691798448562622, 0.04292916879057884], [-0.35803985595703125, -0.18558718264102936], [-0.39649254083633423, -0.010081233456730843], [-0.5124170780181885, 0.10756462812423706], [-0.4307706952095032, 0.17226561903953552]]",True
early_neutral,4,2824,0.05898033988670443,-1,[0],"[[-0.8562074899673462, 0.04556455835700035], [-0.3516169786453247, -0.18543781340122223], [-0.38775601983070374, -0.008223531767725945], [-0.5061303377151489, 0.10845283418893814], [-0.42126283049583435, 0.1714310348033905]]",True
early_neutral,4,2825,0.058647117627457515,-1,[0],"[[-0.8430107235908508, 0.04805148392915726], [-0.34534546732902527, -0.1850477159023285], [-0.37904322147369385, -0.006319157313555479], [-0.5000132918357849, 0.10935718566179276], [-0.4117581844329834, 0.170488178730011]]",True
early_neutral,4,2826,0.0583138953682106,-1,[0],"[[-0.8298131823539734, 0.0503624752163887], [-0.33908811211586, -0.18438619375228882], [-0.3703549802303314, -0.004367958288639784], [-0.4937543272972107, 0.11032658070325851], [-0.4025559425354004, 0.17046648263931274]]",True
early_neutral,4,2827,0.05798067310896368,-1,[0],"[[-0.8190499544143677, 0.05201677232980728], [-0.3328689634799957, -0.18345990777015686], [-0.36169368028640747, -0.0023666447959840298], [-0.48751312494277954, 0.1113431453704834], [-0.3932117819786072, 0.17050157487392426]]",True
early_neutral,4,2828,0.05764745084971676,-1,[0],"[[-0.8092668652534485, 0.05314727872610092], [-0.33027681708335876, -0.18303640186786652], [-0.35306039452552795, -0.000314706121571362], [-0.48130178451538086, 0.11243442445993423], [-0.38386863470077515, 0.17059814929962158]]",True
early_neutral,4,2829,0.05731422859046984,-1,[0],"[[-0.8020753860473633, 0.0538051575422287], [-0.33027681708335876, -0.18303640186786652], [-0.3444487452507019, 0.0017754175933077931], [-0.4751241207122803, 0.11360368132591248], [-0.37482237815856934, 0.17072585225105286]]",True
early_neutral,4,2830,0.056981006331222925,-1,[0],"[[-0.7973190546035767, 0.05399525910615921], [-0.33027681708335876, -0.18303640186786652], [-0.3358532786369324, 0.003893507644534111], [-0.4689801037311554, 0.11484590172767639], [-0.3657963275909424, 0.17080186307430267]]",True
early_neutral,4,2831,0.05664778407197601,-1,[0],"[[-0.7930729389190674, 0.0540156289935112], [-0.33027681708335876, -0.18303640186786652], [-0.3272760510444641, 0.006042736582458019], [-0.4628704786300659, 0.11615796387195587], [-0.35654544830322266, 0.1708194762468338]]",True
early_neutral,4,2832,0.05631456181272909,-1,[0],"[[-0.7894622683525085, 0.053974710404872894], [-0.3301851451396942, -0.18303173780441284], [-0.3187241554260254, 0.008234270848333836], [-0.4567919969558716, 0.11753000319004059], [-0.3470151126384735, 0.17080727219581604]]",True
early_neutral,4,2833,0.055981339553482175,-1,[0],"[[-0.7859095931053162, 0.05388670042157173], [-0.32765570282936096, -0.18279893696308136], [-0.3101988434791565, 0.010469195432960987], [-0.45073312520980835, 0.11893831193447113], [-0.33779385685920715, 0.1708076447248459]]",True
early_neutral,4,2834,0.05564811729423526,-1,[0],"[[-0.7829054594039917, 0.053553614765405655], [-0.3238014876842499, -0.18223513662815094], [-0.30170461535453796, 0.012753689661622047], [-0.4446929693222046, 0.1203802078962326], [-0.3282971978187561, 0.1707882583141327]]",True
early_neutral,4,2835,0.055314895034988334,-1,[0],"[[-0.7805684208869934, 0.053270015865564346], [-0.3186279237270355, -0.1812821924686432], [-0.29324379563331604, 0.01509006042033434], [-0.43866124749183655, 0.12183709442615509], [-0.3188400864601135, 0.1707712560892105]]",True
early_neutral,4,2836,0.05498167277574142,-1,[0],"[[-0.7772601246833801, 0.053834300488233566], [-0.3128587007522583, -0.18023070693016052], [-0.28484243154525757, 0.01751520298421383], [-0.432635098695755, 0.12330362945795059], [-0.30956926941871643, 0.17076368629932404]]",True
early_neutral,4,2837,0.0546484505164945,-1,[0],"[[-0.773735523223877, 0.05413180962204933], [-0.30665457248687744, -0.1791236400604248], [-0.27654901146888733, 0.020092852413654327], [-0.4266045391559601, 0.12476251274347305], [-0.2999263405799866, 0.17072060704231262]]",True
early_neutral,4,2838,0.054315228257247584,-1,[0],"[[-0.770321249961853, 0.05412359535694122], [-0.3004378080368042, -0.17805862426757812], [-0.26837268471717834, 0.022824255749583244], [-0.42055773735046387, 0.12619268894195557], [-0.29069510102272034, 0.1707167774438858]]",True
early_neutral,4,2839,0.05398200599800067,-1,[0],"[[-0.7671728134155273, 0.05378776043653488], [-0.2943156063556671, -0.1771526336669922], [-0.26033446192741394, 0.025723950937390327], [-0.41449302434921265, 0.12759017944335938], [-0.2811984121799469, 0.17067189514636993]]",True
early_neutral,4,2840,0.05364878373875375,-1,[0],"[[-0.7656305432319641, 0.053484901785850525], [-0.2880135774612427, -0.17638015747070312], [-0.2524454891681671, 0.028792301192879677], [-0.4084004759788513, 0.12893551588058472], [-0.2717413008213043, 0.17063282430171967]]",True
early_neutral,4,2841,0.053315561479506834,-1,[0],"[[-0.7656305432319641, 0.053484901785850525], [-0.2816529870033264, -0.17575202882289886], [-0.2446703016757965, 0.03198164328932762], [-0.4022798538208008, 0.13022573292255402], [-0.2624704837799072, 0.17061389982700348]]",True
early_neutral,4,2842,0.05298233922025991,-1,[0],"[[-0.7656305432319641, 0.053484901785850525], [-0.27535414695739746, -0.17520008981227875], [-0.23697705566883087, 0.03525403514504433], [-0.39612844586372375, 0.13145238161087036], [-0.25282755494117737, 0.170506551861763]]",True
early_neutral,4,2843,0.052649116961012994,-1,[0],"[[-0.7632918953895569, 0.05391345173120499], [-0.26905107498168945, -0.1746956706047058], [-0.2293388843536377, 0.03858070448040962], [-0.38994574546813965, 0.132610484957695], [-0.24359631538391113, 0.17049703001976013]]",True
early_neutral,4,2844,0.05231589470176608,-1,[0],"[[-0.7586745619773865, 0.054345324635505676], [-0.26265719532966614, -0.17423047125339508], [-0.22165659070014954, 0.0418640598654747], [-0.38373374938964844, 0.1337001919746399], [-0.23334206640720367, 0.17062623798847198]]",True
early_neutral,4,2845,0.05198267244251916,-1,[0],"[[-0.753865122795105, 0.05427306517958641], [-0.25630277395248413, -0.1737332046031952], [-0.21403662860393524, 0.04504912346601486], [-0.3774946928024292, 0.13472232222557068], [-0.22445766627788544, 0.16977731883525848]]",True
early_neutral,4,2846,0.051649450183272244,-1,[0],"[[-0.7501519322395325, 0.053083691745996475], [-0.2500617802143097, -0.17316368222236633], [-0.208286315202713, 0.04728291183710098], [-0.37122997641563416, 0.13567551970481873], [-0.2174474000930786, 0.1679166704416275]]",True
early_neutral,4,2847,0.05131622792402533,-1,[0],"[[-0.7467880249023438, 0.051497507840394974], [-0.24370895326137543, -0.17250190675258636], [-0.20261046290397644, 0.04925362765789032], [-0.36493682861328125, 0.13654594123363495], [-0.21228286623954773, 0.1650727242231369]]",True
early_neutral,4,2848,0.050983005664778404,-1,[0],"[[-0.7440786957740784, 0.049062229692935944], [-0.2373826801776886, -0.1717657893896103], [-0.19651465117931366, 0.05043238028883934], [-0.35861673951148987, 0.13732928037643433], [-0.20733842253684998, 0.1603337973356247]]",True
early_neutral,4,2849,0.05064978340553149,-1,[0],"[[-0.7430203557014465, 0.04591743275523186], [-0.23122301697731018, -0.17097967863082886], [-0.19012661278247833, 0.05048634484410286], [-0.35226884484291077, 0.13801027834415436], [-0.20089122653007507, 0.156676784157753]]",True
early_neutral,4,2850,0.05031656114628457,-1,[0],"[[-0.7426448464393616, 0.043209951370954514], [-0.2249310165643692, -0.17010575532913208], [-0.18369616568088531, 0.05040919780731201], [-0.3458930552005768, 0.13857011497020721], [-0.19388717412948608, 0.15477769076824188]]",True
early_neutral,4,2851,0.049983338887037654,-1,[0],"[[-0.7423673868179321, 0.04213828220963478], [-0.2186511904001236, -0.16920031607151031], [-0.1770983785390854, 0.05001142993569374], [-0.3394964039325714, 0.1390189677476883], [-0.18713517487049103, 0.15441963076591492]]",True
early_neutral,4,2852,0.04965011662779074,-1,[0],"[[-0.7422616481781006, 0.04204317554831505], [-0.21250875294208527, -0.16837389767169952], [-0.1693905144929886, 0.04957616701722145], [-0.33309075236320496, 0.1394098401069641], [-0.17938224971294403, 0.1533195525407791]]",True
early_neutral,4,2853,0.04931689436854382,-1,[0],"[[-0.7393853068351746, 0.04281672462821007], [-0.20618921518325806, -0.16758857667446136], [-0.16057394444942474, 0.049201078712940216], [-0.32667815685272217, 0.13974961638450623], [-0.1705668568611145, 0.15237164497375488]]",True
early_neutral,4,2854,0.048983672109296904,-1,[0],"[[-0.7360292673110962, 0.043953150510787964], [-0.19985321164131165, -0.16687694191932678], [-0.15132582187652588, 0.04886883869767189], [-0.32025861740112305, 0.14002792537212372], [-0.16134923696517944, 0.15236851572990417]]",True
early_neutral,4,2855,0.04865044985004998,-1,[0],"[[-0.7325608134269714, 0.04528600722551346], [-0.19363301992416382, -0.16630569100379944], [-0.14136932790279388, 0.04853714630007744], [-0.3138330280780792, 0.14023879170417786], [-0.1520053893327713, 0.1524289846420288]]",True
early_neutral,4,2856,0.048317227590803064,-1,[0],"[[-0.7284109592437744, 0.04643893614411354], [-0.1872566193342209, -0.16585849225521088], [-0.13083083927631378, 0.04820217192173004], [-0.30703192949295044, 0.14040519297122955], [-0.14266370236873627, 0.15257205069065094]]",True
early_neutral,4,2857,0.04798400533155615,-1,[0],"[[-0.724094808101654, 0.04715605825185776], [-0.18084204196929932, -0.16554279625415802], [-0.119951993227005, 0.04786137863993645], [-0.2990017533302307, 0.14057902991771698], [-0.1334596425294876, 0.1529637575149536]]",True
early_neutral,4,2858,0.04765078307230923,-1,[0],"[[-0.7218650579452515, 0.047465380281209946], [-0.17449863255023956, -0.16532710194587708], [-0.10843189060688019, 0.04750464856624603], [-0.2899622619152069, 0.14075037837028503], [-0.12436550110578537, 0.15383562445640564]]",True
early_neutral,4,2859,0.047317560813062313,-1,[0],"[[-0.72123122215271, 0.04756411910057068], [-0.16815198957920074, -0.16519850492477417], [-0.0963311493396759, 0.047138914465904236], [-0.2807741165161133, 0.14090313017368317], [-0.11572345346212387, 0.1541772186756134]]",True
early_neutral,4,2860,0.0469843385538154,-1,[0],"[[-0.7195720076560974, 0.04779953509569168], [-0.16171863675117493, -0.16515468060970306], [-0.08375212550163269, 0.046776216477155685], [-0.2715851664543152, 0.14103509485721588], [-0.10650792717933655, 0.15399150550365448]]",True
early_neutral,4,2861,0.04665111629456848,-1,[0],"[[-0.7152244448661804, 0.04814692586660385], [-0.15531452000141144, -0.16515865921974182], [-0.07079596072435379, 0.04641485959291458], [-0.26419687271118164, 0.1411379724740982], [-0.09719425439834595, 0.15369749069213867]]",True
early_neutral,4,2862,0.046317894035321557,-1,[0],"[[-0.7104761004447937, 0.048186421394348145], [-0.1490112543106079, -0.16518791019916534], [-0.05754480138421059, 0.04605359584093094], [-0.25776517391204834, 0.14124533534049988], [-0.08869414776563644, 0.1531824767589569]]",True
early_neutral,4,2863,0.04598467177607464,-1,[0],"[[-0.7079102993011475, 0.04798750579357147], [-0.14257802069187164, -0.16524332761764526], [-0.04406427964568138, 0.04569237306714058], [-0.2513337731361389, 0.14135956764221191], [-0.07993171364068985, 0.15214577317237854]]",True
early_neutral,4,2864,0.04565144951682772,-1,[0],"[[-0.707251787185669, 0.04787842184305191], [-0.13614922761917114, -0.16530802845954895], [-0.03040715679526329, 0.04531737044453621], [-0.24490101635456085, 0.1414353996515274], [-0.07131477445363998, 0.15178541839122772]]",True
early_neutral,4,2865,0.045318227257580806,-1,[1],"[[-0.7085584998130798, 0.04750871658325195], [-0.12987129390239716, -0.165360689163208], [-0.016614198684692383, 0.04492681846022606], [-0.23846742510795593, 0.1414669156074524], [-0.06214595586061478, 0.15103580057621002]]",True
early_neutral,4,2866,0.04498500499833389,-1,[1],"[[-0.7120859026908875, 0.046381983906030655], [-0.1234378069639206, -0.16540391743183136], [-0.0027175445575267076, 0.04451417922973633], [-0.2320336103439331, 0.14146558940410614], [-0.05290323868393898, 0.15026593208312988]]",True
early_neutral,4,2867,0.04465178273908697,-1,[1],"[[-0.7166559100151062, 0.04466888681054115], [-0.11700422316789627, -0.16543595492839813], [0.011257914826273918, 0.044075001031160355], [-0.22559992969036102, 0.14143800735473633], [-0.04287346825003624, 0.15027308464050293]]",True
early_neutral,4,2868,0.044318560479840056,-1,[1],"[[-0.7222155928611755, 0.04249114543199539], [-0.11073005199432373, -0.16545513272285461], [0.02529384009540081, 0.04361788555979729], [-0.21916666626930237, 0.1413840651512146], [-0.0325632318854332, 0.1503402590751648]]",True
early_neutral,4,2869,0.04398533822059313,-1,[1],"[[-0.7286192178726196, 0.03995562344789505], [-0.1042962446808815, -0.16546227037906647], [0.03937721252441406, 0.043162934482097626], [-0.21273402869701385, 0.14130374789237976], [-0.021581552922725677, 0.15047703683376312]]",True
early_neutral,4,2870,0.043652115961346216,-1,[1],"[[-0.7354505062103271, 0.03722146153450012], [-0.09786243736743927, -0.16545894742012024], [0.05350007861852646, 0.042764756828546524], [-0.2063269317150116, 0.14105486869812012], [-0.0099303238093853, 0.1506507843732834]]",True
early_neutral,4,2871,0.0433188937020993,-1,[1],"[[-0.7430711984634399, 0.034146036952733994], [-0.09156927466392517, -0.16545554995536804], [0.06765096634626389, 0.043074190616607666], [-0.20031584799289703, 0.1387123018503189], [0.002307262970134616, 0.15078990161418915]]",True
early_neutral,4,2872,0.04298567144285238,-1,[1],"[[-0.7513303160667419, 0.030804771929979324], [-0.08515431731939316, -0.16545335948467255], [0.08170976489782333, 0.04427744075655937], [-0.19500474631786346, 0.13464370369911194], [0.0144738694652915, 0.15174074470996857]]",True
early_neutral,4,2873,0.042652449183605466,-1,[1],"[[-0.7602802515029907, 0.02717755362391472], [-0.07872050255537033, -0.1654532253742218], [0.09562230855226517, 0.04612906277179718], [-0.1894827038049698, 0.12982392311096191], [0.026851652190089226, 0.15284191071987152]]",True
early_neutral,4,2874,0.04231922692435855,-1,[1],"[[-0.7694649696350098, 0.02345201186835766], [-0.07236342132091522, -0.16546446084976196], [0.10942539572715759, 0.04833361878991127], [-0.18314999341964722, 0.1246744692325592], [0.040020838379859924, 0.15285542607307434]]",True
early_neutral,4,2875,0.04198600466511163,-1,[1],"[[-0.7791702747344971, 0.019513072445988655], [-0.0660126730799675, -0.16548991203308105], [0.12312227487564087, 0.050827134400606155], [-0.17619715631008148, 0.1197195053100586], [0.05338333919644356, 0.15280570089817047]]",True
early_neutral,4,2876,0.04165278240586471,-1,[1],"[[-0.7893819212913513, 0.015367258340120316], [-0.05957914516329765, -0.16552965342998505], [0.13683398067951202, 0.053303588181734085], [-0.16816984117031097, 0.11719702184200287], [0.06696292012929916, 0.1526312679052353]]",True
early_neutral,4,2877,0.04131956014661779,-1,[1],"[[-0.8000237345695496, 0.01104574091732502], [-0.05317490175366402, -0.1655699908733368], [0.15057626366615295, 0.055720653384923935], [-0.15847009420394897, 0.11617303639650345], [0.08043066412210464, 0.15357710421085358]]",True
early_neutral,4,2878,0.040986337887370876,-1,[1],"[[-0.810523271560669, 0.006780858151614666], [-0.04687156900763512, -0.16560296714305878], [0.16437941789627075, 0.057996317744255066], [-0.15049946308135986, 0.11414851993322372], [0.09307176619768143, 0.15419383347034454]]",True
early_neutral,4,2879,0.04065311562812396,-1,[1],"[[-0.8178137540817261, 0.0038190160412341356], [-0.04043787717819214, -0.16562983393669128], [0.17825616896152496, 0.06008295342326164], [-0.1435507982969284, 0.11029127240180969], [0.10316392034292221, 0.15369293093681335]]",True
early_neutral,4,2880,0.04031989336887704,-1,[1],"[[-0.8234124183654785, 0.001544327475130558], [-0.03400835767388344, -0.165653795003891], [0.1921970695257187, 0.06198769062757492], [-0.13631658256053925, 0.1060064360499382], [0.11154064536094666, 0.1529090404510498]]",True
early_neutral,4,2881,0.039986671109630126,-1,[1],"[[-0.8260459303855896, 0.0005298808100633323], [-0.027730001136660576, -0.1656792014837265], [0.20618996024131775, 0.0637299045920372], [-0.12843644618988037, 0.10173451900482178], [0.12070122361183167, 0.1517271101474762]]",True
early_neutral,4,2882,0.0396534488503832,-1,[1],"[[-0.8266007900238037, 0.0003798688412643969], [-0.021296320483088493, -0.1657073199748993], [0.22024476528167725, 0.0652451291680336], [-0.11966919898986816, 0.0974041000008583], [0.1296578049659729, 0.1502184122800827]]",False
early_neutral,4,2883,0.039320226591136286,-1,[1],"[[-0.8266122937202454, 0.00037754097138531506], [-0.014863066375255585, -0.1657446026802063], [0.23446305096149445, 0.06573988497257233], [-0.11069582402706146, 0.09458673000335693], [0.13832169771194458, 0.14831705391407013]]",False
early_neutral,4,2884,0.03898700433188937,-1,[1],"[[-0.8266122937202454, 0.00037754097138531506], [-0.008589866571128368, -0.16580691933631897], [0.2486545592546463, 0.06498056650161743], [-0.1042926162481308, 0.0948357954621315], [0.14716088771820068, 0.1460055112838745]]",False
early_neutral,4,2885,0.03865378207264245,-1,[1],"[[-0.8266122937202454, 0.00037754097138531506], [-0.0021575873252004385, -0.16589833796024323], [0.26270392537117004, 0.06342824548482895], [-0.09930963814258575, 0.09769999980926514], [0.1520581841468811, 0.14287182688713074]]",False
early_neutral,4,2886,0.038320559813395536,-1,[1],"[[-0.8266122937202454, 0.00037754097138531506], [0.004273656290024519, -0.16601550579071045], [0.27668726444244385, 0.06163977086544037], [-0.09482797980308533, 0.10190147161483765], [0.15639914572238922, 0.13981130719184875]]",False
early_neutral,4,2887,0.03798733755414862,-1,[1],"[[-0.8266122937202454, 0.00037754097138531506], [0.010563425719738007, -0.16614694893360138], [0.2906099259853363, 0.05965879559516907], [-0.08958985656499863, 0.10657999664545059], [0.1612122654914856, 0.13755078613758087]]",False
early_neutral,4,2888,0.0376541152949017,-1,[1],"[[-0.8266122937202454, 0.00037754097138531506], [0.01697419583797455, -0.16629718244075775], [0.3045397996902466, 0.05769852176308632], [-0.08328444510698318, 0.11116259545087814], [0.16537080705165863, 0.13495782017707825]]",True
early_neutral,4,2889,0.03732089303565478,-1,[1],"[[-0.8266122937202454, 0.00037754097138531506], [0.02340298891067505, -0.16646257042884827], [0.3184862434864044, 0.055787961930036545], [-0.07574264705181122, 0.11571533977985382], [0.1688452959060669, 0.13132818043231964]]",False
early_neutral,4,2890,0.03698767077640786,-1,[1],"[[-0.8266122937202454, 0.00037754097138531506], [0.029755374416708946, -0.1666232943534851], [0.3324606120586395, 0.05396507680416107], [-0.06750098615884781, 0.11971808969974518], [0.1734747290611267, 0.12676884233951569]]",False
early_neutral,4,2891,0.036654448517160945,-1,[1],"[[-0.8266122937202454, 0.00037754097138531506], [0.03610191121697426, -0.16677606105804443], [0.3461848497390747, 0.0523637980222702], [-0.05815557762980461, 0.12325002998113632], [0.17873497307300568, 0.12179673463106155]]",False
early_neutral,4,2892,0.03632122625791403,-1,[1],"[[-0.8266122937202454, 0.00037754097138531506], [0.04253149405121803, -0.16692154109477997], [0.3575877249240875, 0.051468126475811005], [-0.04771121218800545, 0.12637822329998016], [0.18477179110050201, 0.11648362129926682]]",False
early_neutral,4,2893,0.03598800399866711,-1,[1],"[[-0.8266122937202454, 0.00037754097138531506], [0.048919569700956345, -0.16696423292160034], [0.3645378053188324, 0.05142052099108696], [-0.03615652769804001, 0.12871666252613068], [0.19134315848350525, 0.11108323186635971]]",False
early_neutral,4,2894,0.035654781739420195,-1,[1],"[[-0.8266122937202454, 0.00037754097138531506], [0.05521519109606743, -0.16685239970684052], [0.36962005496025085, 0.05190330743789673], [-0.02369961515069008, 0.12992742657661438], [0.19842210412025452, 0.10549549013376236]]",False
early_neutral,4,2895,0.03532155948017328,-1,[1],"[[-0.8266122937202454, 0.00037754097138531506], [0.06163531541824341, -0.16658303141593933], [0.3725162446498871, 0.05264152213931084], [-0.012820257805287838, 0.13196086883544922], [0.20557689666748047, 0.0997018963098526]]",False
early_neutral,4,2896,0.034988337220926355,-1,[1],"[[-0.8266122937202454, 0.00037754097138531506], [0.06552143394947052, -0.16627322137355804], [0.3740219473838806, 0.05325547233223915], [-0.006673287600278854, 0.13527770340442657], [0.21220041811466217, 0.09418575465679169]]",False
early_neutral,4,2897,0.03465511496167944,-1,[1],"[[-0.8266122937202454, 0.00037754097138531506], [0.06558364629745483, -0.16626301407814026], [0.3740663528442383, 0.05358072742819786], [-0.004870033822953701, 0.13975323736667633], [0.21784278750419617, 0.0888790488243103]]",False
early_neutral,4,2898,0.03432189270243252,-1,[1],"[[-0.8266122937202454, 0.00037754097138531506], [0.06558364629745483, -0.16626301407814026], [0.3707645535469055, 0.05353564769029617], [-0.005202616099268198, 0.1449524462223053], [0.22337396442890167, 0.08337065577507019]]",False
early_neutral,4,2899,0.033988670443185605,-1,[1],"[[-0.8266122937202454, 0.00037754097138531506], [0.06558364629745483, -0.16626301407814026], [0.36589932441711426, 0.053784050047397614], [-0.005881492514163256, 0.15083271265029907], [0.22947007417678833, 0.07764406502246857]]",False
early_neutral,4,2900,0.03365544818393869,-1,[1],"[[-0.8266122937202454, 0.00037754097138531506], [0.06558364629745483, -0.16626301407814026], [0.35985660552978516, 0.05442915856838226], [-0.006714727729558945, 0.1573060154914856], [0.23616336286067963, 0.07241898775100708]]",False
early_neutral,4,2901,0.03332222592469177,-1,[1],"[[-0.8266122937202454, 0.00037754097138531506], [0.06558364629745483, -0.16626301407814026], [0.3526746928691864, 0.05549322068691254], [-0.0077911727130413055, 0.1642748862504959], [0.24327950179576874, 0.06742111593484879]]",False
early_neutral,4,2902,0.032989003665444855,-1,[1],"[[-0.8266122937202454, 0.00037754097138531506], [0.06558364629745483, -0.16626301407814026], [0.344473272562027, 0.05701106786727905], [-0.008894087746739388, 0.17125298082828522], [0.25031793117523193, 0.06271850317716599]]",False
early_neutral,4,2903,0.03265578140619793,-1,[1],"[[-0.8266122937202454, 0.00037754097138531506], [0.06558364629745483, -0.16626301407814026], [0.33534368872642517, 0.058673202991485596], [-0.009969914332032204, 0.17849573493003845], [0.2582957446575165, 0.05741606652736664]]",False
early_neutral,4,2904,0.032322559146951015,-1,[0],"[[-0.8266122937202454, 0.00037754097138531506], [0.06558364629745483, -0.16626301407814026], [0.3259144425392151, 0.06061355024576187], [-0.011016910895705223, 0.18612079322338104], [0.26722264289855957, 0.051571235060691833]]",False
early_neutral,4,2905,0.0319893368877041,-1,[0],"[[-0.8266122937202454, 0.00037754097138531506], [0.06734088808298111, -0.16549240052700043], [0.316595196723938, 0.062766894698143], [-0.011116385459899902, 0.19228604435920715], [0.2745530605316162, 0.04678499326109886]]",False
early_neutral,4,2906,0.03165611462845718,-1,[0],"[[-0.8266122937202454, 0.00037754097138531506], [0.07100791484117508, -0.16405683755874634], [0.30682608485221863, 0.06515580415725708], [-0.008239144459366798, 0.19574087858200073], [0.28104907274246216, 0.04255383461713791]]",False
early_neutral,4,2907,0.031322892369210265,-1,[0],"[[-0.8280079364776611, 0.00016800691082607955], [0.07506836205720901, -0.16262467205524445], [0.296947717666626, 0.0678677186369896], [-0.0032142559066414833, 0.19755452871322632], [0.2852829098701477, 0.03866429254412651]]",False
early_neutral,4,2908,0.030989670109963344,-1,[0],"[[-0.8319020867347717, -0.00015560101019218564], [0.07582416385412216, -0.1623041033744812], [0.286546915769577, 0.07060454785823822], [0.0019439090974628925, 0.19759686291217804], [0.28450658917427063, 0.03627406060695648]]",False
early_neutral,4,2909,0.030656447850716428,-1,[0],"[[-0.8367440700531006, -0.00015636481111869216], [0.07582416385412216, -0.1623041033744812], [0.275214284658432, 0.07311300933361053], [0.008517168462276459, 0.1976279616355896], [0.28021976351737976, 0.035019971430301666]]",False
early_neutral,4,2910,0.03032322559146951,-1,[0],"[[-0.8390073776245117, 6.609248521272093e-05], [0.07582416385412216, -0.1623041033744812], [0.2631564140319824, 0.0755603089928627], [0.016395559534430504, 0.1976383775472641], [0.2741653323173523, 0.03501319885253906]]",False
early_neutral,4,2911,0.02999000333222259,-1,[0],"[[-0.8403600454330444, 0.000320654857205227], [0.07582416385412216, -0.1623041033744812], [0.2507495880126953, 0.07808329164981842], [0.025395002216100693, 0.19764341413974762], [0.2669997215270996, 0.03590456768870354]]",False
early_neutral,4,2912,0.029656781072975674,-1,[0],"[[-0.8385050892829895, 0.0007002470665611327], [0.07582416385412216, -0.1623041033744812], [0.23808307945728302, 0.08069265633821487], [0.03458617627620697, 0.19764505326747894], [0.25915825366973877, 0.036781683564186096]]",False
early_neutral,4,2913,0.029323558813728758,-1,[0],"[[-0.8350980877876282, 0.0009846693137660623], [0.07582416385412216, -0.1623041033744812], [0.22524291276931763, 0.08342600613832474], [0.043777354061603546, 0.1976453959941864], [0.2502371072769165, 0.0374869629740715]]",False
early_neutral,4,2914,0.02899033655448184,-1,[0],"[[-0.8315276503562927, 0.0009702694951556623], [0.07438630610704422, -0.16220416128635406], [0.21221241354942322, 0.08606673777103424], [0.05296853184700012, 0.19764553010463715], [0.2410721629858017, 0.03827865794301033]]",False
early_neutral,4,2915,0.02865711429523492,-1,[0],"[[-0.8295977711677551, 0.0007844765204936266], [0.07104617357254028, -0.16178491711616516], [0.19946350157260895, 0.08672264963388443], [0.0621597021818161, 0.19764555990695953], [0.2318783849477768, 0.039743974804878235]]",False
early_neutral,4,2916,0.028323892035988004,-1,[0],"[[-0.8282296061515808, 0.0004931146977469325], [0.06643522530794144, -0.16092918813228607], [0.1872745156288147, 0.08495882898569107], [0.07135088741779327, 0.19764555990695953], [0.2239973247051239, 0.04299512505531311]]",False
early_neutral,4,2917,0.027990669776741087,-1,[0],"[[-0.828011155128479, 0.0004325822810642421], [0.06084738299250603, -0.15974046289920807], [0.17486685514450073, 0.08273617923259735], [0.08054205775260925, 0.19764555990695953], [0.21559782326221466, 0.04614042490720749]]",False
early_neutral,4,2918,0.027657447517494167,-1,[0],"[[-0.828011155128479, 0.0004325822810642421], [0.05491666868329048, -0.15837959945201874], [0.1622152328491211, 0.08032018691301346], [0.08973323553800583, 0.19764555990695953], [0.20605868101119995, 0.04900067672133446]]",False
early_neutral,4,2919,0.02732422525824725,-1,[0],"[[-0.828011155128479, 0.0004325822810642421], [0.048899196088314056, -0.15689833462238312], [0.14943628013134003, 0.07828278839588165], [0.09892440587282181, 0.19764555990695953], [0.19610323011875153, 0.05066291615366936]]",False
early_neutral,4,2920,0.026991002999000334,-1,[0],"[[-0.828011155128479, 0.0004325822810642421], [0.04294850304722786, -0.15536066889762878], [0.13808953762054443, 0.07859113067388535], [0.10811557620763779, 0.19764555990695953], [0.185567706823349, 0.05027171969413757]]",False
early_neutral,4,2921,0.026657780739753417,-1,[0],"[[-0.828011155128479, 0.0004325822810642421], [0.0371207594871521, -0.153798446059227], [0.12801776826381683, 0.08167222142219543], [0.11730676144361496, 0.19764555990695953], [0.17443829774856567, 0.049295224249362946]]",False
early_neutral,4,2922,0.026324558480506497,-1,[0],"[[-0.828011155128479, 0.0004325822810642421], [0.031203370541334152, -0.1521550714969635], [0.1180892065167427, 0.08581564575433731], [0.12649792432785034, 0.19764555990695953], [0.16265560686588287, 0.048259176313877106]]",False
early_neutral,4,2923,0.02599133622125958,-1,[0],"[[-0.828011155128479, 0.0004325822810642421], [0.027658509090542793, -0.15115898847579956], [0.10872827470302582, 0.09104122221469879], [0.13568910956382751, 0.19764555990695953], [0.15033774077892303, 0.04719198867678642]]",False
early_neutral,4,2924,0.025658113962012664,-1,[0],"[[-0.828011155128479, 0.0004325822810642421], [0.027617037296295166, -0.15114739537239075], [0.09969671815633774, 0.09691745042800903], [0.1448802798986435, 0.19764555990695953], [0.1375720202922821, 0.046231649816036224]]",False
early_neutral,4,2925,0.025324891702765744,-1,[0],"[[-0.828011155128479, 0.0004325822810642421], [0.027275536209344864, -0.15109561383724213], [0.09083017706871033, 0.10319992899894714], [0.15407145023345947, 0.19764555990695953], [0.12442965060472488, 0.045552365481853485]]",False
early_neutral,4,2926,0.024991669443518827,-1,[0],"[[-0.828011155128479, 0.0004325822810642421], [0.02444576658308506, -0.15050292015075684], [0.08215244859457016, 0.1098204031586647], [0.16326262056827545, 0.19764555990695953], [0.11110766232013702, 0.04545459896326065]]",False
early_neutral,4,2927,0.02465844718427191,-1,[0],"[[-0.828011155128479, 0.0004325822810642421], [0.02059078961610794, -0.14937414228916168], [0.07352948188781738, 0.11664403229951859], [0.17245382070541382, 0.19764555990695953], [0.09929468482732773, 0.047516707330942154]]",False
early_neutral,4,2928,0.02432522492502499,-1,[0],"[[-0.828011155128479, 0.0004325822810642421], [0.018526360392570496, -0.1486862450838089], [0.06499148160219193, 0.12364435195922852], [0.1816449910402298, 0.19764555990695953], [0.08867204934358597, 0.051553644239902496]]",False
early_neutral,4,2929,0.023992002665778073,-1,[0],"[[-0.828011155128479, 0.0004325822810642421], [0.018526360392570496, -0.1486862450838089], [0.05659006908535957, 0.13081391155719757], [0.19081294536590576, 0.1977551132440567], [0.07852387428283691, 0.05655171722173691]]",False
early_neutral,4,2930,0.023658780406531157,-1,[0],"[[-0.828011155128479, 0.0004325822810642421], [0.018183892592787743, -0.14863717555999756], [0.04836792126297951, 0.138146311044693], [0.19893613457679749, 0.1996719390153885], [0.06953364610671997, 0.06273752450942993]]",False
early_neutral,4,2931,0.02332555814728424,-1,[0],"[[-0.828011155128479, 0.0004325822810642421], [0.015320329926908016, -0.14811556041240692], [0.04039179906249046, 0.14564937353134155], [0.20570778846740723, 0.20352715253829956], [0.06105969101190567, 0.06947263330221176]]",False
early_neutral,4,2932,0.02299233588803732,-1,[0],"[[-0.828011155128479, 0.0004325822810642421], [0.011346892453730106, -0.14717498421669006], [0.032772187143564224, 0.15335014462471008], [0.2122235894203186, 0.20774537324905396], [0.05242772400379181, 0.07630529999732971]]",False
early_neutral,4,2933,0.022659113628790403,-1,[0],"[[-0.828011155128479, 0.0004325822810642421], [0.006249542813748121, -0.14567823708057404], [0.02564508095383644, 0.1610536426305771], [0.21873126924037933, 0.21196892857551575], [0.04349334537982941, 0.08308669924736023]]",False
early_neutral,4,2934,0.022325891369543487,-1,[0],"[[-0.828011155128479, 0.0004325822810642421], [0.000995499431155622, -0.1438017338514328], [0.020276442170143127, 0.16709493100643158], [0.22523197531700134, 0.21619701385498047], [0.03293897584080696, 0.08823911845684052]]",False
early_neutral,4,2935,0.021992669110296566,-1,[0],"[[-0.828011155128479, 0.0004325822810642421], [-0.00438830116763711, -0.14151142537593842], [0.0159309059381485, 0.1723649501800537], [0.2317315638065338, 0.2204258292913437], [0.021038265898823738, 0.09135519713163376]]",False
early_neutral,4,2936,0.02165944685104965,-1,[0],"[[-0.8293776512145996, 0.0007147395517677069], [-0.009532601572573185, -0.13900361955165863], [0.011596973985433578, 0.17743103206157684], [0.2382308542728424, 0.22465482354164124], [0.008494380861520767, 0.09337873756885529]]",False
early_neutral,4,2937,0.021326224591802733,-1,[0],"[[-0.8332329392433167, 0.0012779602548107505], [-0.014434593729674816, -0.13646240532398224], [0.007545118220150471, 0.18109598755836487], [0.24473008513450623, 0.22888389229774475], [-0.004100495018064976, 0.09297850728034973]]",False
early_neutral,4,2938,0.020993002332555816,-1,[0],"[[-0.8385244011878967, 0.0016605780692771077], [-0.01935085467994213, -0.13376198709011078], [0.0019152648746967316, 0.18303363025188446], [0.25122925639152527, 0.23311297595500946], [-0.016908196732401848, 0.09177136421203613]]",False
early_neutral,4,2939,0.020659780073308896,-1,[0],"[[-0.8450130820274353, 0.0019954380113631487], [-0.024150490760803223, -0.1309758871793747], [-0.004019865300506353, 0.1846453994512558], [0.2569044828414917, 0.2376592457294464], [-0.029897043481469154, 0.09006062895059586]]",False
early_neutral,4,2940,0.02032655781406198,-1,[0],"[[-0.852489709854126, 0.0023449251893907785], [-0.028747666627168655, -0.1281842291355133], [-0.010170124471187592, 0.18586888909339905], [0.2590721547603607, 0.243089959025383], [-0.04296327382326126, 0.08785830438137054]]",False
early_neutral,4,2941,0.019993335554815063,-1,[0],"[[-0.8604929447174072, 0.002679964294657111], [-0.03333931416273117, -0.12526987493038177], [-0.01643097773194313, 0.18683303892612457], [0.25915223360061646, 0.24898043274879456], [-0.05623073875904083, 0.08567169308662415]]",False
early_neutral,4,2942,0.019660113295568143,-1,[0],"[[-0.869444727897644, 0.0030207352247089148], [-0.03762390837073326, -0.1224353089928627], [-0.022647961974143982, 0.1877691000699997], [0.25677919387817383, 0.2530650496482849], [-0.06969937682151794, 0.08362311869859695]]",False
early_neutral,4,2943,0.019326891036321226,-1,[0],"[[-0.8791541457176208, 0.003378076944500208], [-0.03880128264427185, -0.12160949409008026], [-0.027023430913686752, 0.18695379793643951], [0.25117936730384827, 0.2547529935836792], [-0.08338099718093872, 0.08187910914421082]]",False
early_neutral,4,2944,0.01899366877707431,-1,[0],"[[-0.8896816372871399, 0.0037557228934019804], [-0.03880128264427185, -0.12160949409008026], [-0.029275687411427498, 0.18395617604255676], [0.2442009001970291, 0.2560208737850189], [-0.09727244079113007, 0.08061150461435318]]",False
early_neutral,4,2945,0.01866044651782739,-1,[0],"[[-0.9004884362220764, 0.004138651303946972], [-0.03880128264427185, -0.12160949409008026], [-0.030893659219145775, 0.1804044246673584], [0.2360323965549469, 0.25738438963890076], [-0.11129897832870483, 0.0797136127948761]]",False
early_neutral,4,2946,0.018327224258580473,-1,[0],"[[-0.9119096994400024, 0.004539946559816599], [-0.03880128264427185, -0.12160949409008026], [-0.03211452066898346, 0.17594370245933533], [0.2270023673772812, 0.25877273082733154], [-0.12537556886672974, 0.07881321758031845]]",False
early_neutral,4,2947,0.017994001999333556,-1,[0],"[[-0.9239277839660645, 0.0049600861966609955], [-0.03880128264427185, -0.12160949409008026], [-0.03252941370010376, 0.17063824832439423], [0.217575341463089, 0.2601667046546936], [-0.13948297500610352, 0.07786492258310318]]",False
early_neutral,4,2948,0.01766077974008664,-1,[0],"[[-0.9364532232284546, 0.005396331660449505], [-0.03880128264427185, -0.12160949409008026], [-0.032663743942976, 0.16471165418624878], [0.2073255330324173, 0.26163533329963684], [-0.1535419225692749, 0.07652164250612259]]",False
early_neutral,4,2949,0.01732755748083972,-1,[0],"[[-0.9488326907157898, 0.005843836348503828], [-0.03980259597301483, -0.12093977630138397], [-0.032717227935791016, 0.15873092412948608], [0.1968250721693039, 0.2630808651447296], [-0.16747868061065674, 0.07464535534381866]]",False
early_neutral,4,2950,0.016994335221592802,-1,[0],"[[-0.9601775407791138, 0.006412656977772713], [-0.04270350933074951, -0.11915485560894012], [-0.03272397816181183, 0.15275005996227264], [0.18586646020412445, 0.26452648639678955], [-0.18023206293582916, 0.072654128074646]]",False
early_neutral,4,2951,0.016661112962345886,-1,[0],"[[-0.9714645743370056, 0.007145165465772152], [-0.04682741314172745, -0.1168811023235321], [-0.0327274389564991, 0.1467691957950592], [0.1742839813232422, 0.2660064697265625], [-0.189801424741745, 0.07165447622537613]]",False
early_neutral,4,2952,0.016327890703098966,-1,[0],"[[-0.9799913763999939, 0.007799563463777304], [-0.051547057926654816, -0.11452094465494156], [-0.032717265188694, 0.14113983511924744], [0.16214382648468018, 0.2675061523914337], [-0.1988382786512375, 0.07140506058931351]]",False
early_neutral,4,2953,0.01599466844385205,-1,[0],"[[-0.9845476746559143, 0.008238926529884338], [-0.05670211836695671, -0.11217866837978363], [-0.0326753631234169, 0.13850966095924377], [0.1495525985956192, 0.2689956724643707], [-0.20578157901763916, 0.07324525713920593]]",False
early_neutral,4,2954,0.015661446184605132,-1,[0],"[[-0.987072229385376, 0.008495399728417397], [-0.062136441469192505, -0.10993882268667221], [-0.03268655017018318, 0.13825078308582306], [0.13660745322704315, 0.27047601342201233], [-0.2102235108613968, 0.07662422209978104]]",False
early_neutral,4,2955,0.015328223925358214,-1,[0],"[[-0.9873409867286682, 0.008490161038935184], [-0.06767641752958298, -0.1078818067908287], [-0.03456469997763634, 0.139609694480896], [0.12338021397590637, 0.27192407846450806], [-0.21479833126068115, 0.08026526123285294]]",False
early_neutral,4,2956,0.014995001666111295,-1,[0],"[[-0.9874122142791748, 0.008483631536364555], [-0.07328443974256516, -0.10602130740880966], [-0.03769940137863159, 0.14176376163959503], [0.10985776036977768, 0.27294591069221497], [-0.22105772793293, 0.08395206183195114]]",False
early_neutral,4,2957,0.014661779406864379,-1,[0],"[[-0.9874122142791748, 0.008483631536364555], [-0.07914528995752335, -0.10429513454437256], [-0.040426693856716156, 0.14358416199684143], [0.0960930660367012, 0.2726806104183197], [-0.22860319912433624, 0.08688505738973618]]",False
early_neutral,4,2958,0.01432855714761746,-1,[0],"[[-0.9874122142791748, 0.008483631536364555], [-0.08509984612464905, -0.10398059338331223], [-0.040483035147190094, 0.14362302422523499], [0.08235333859920502, 0.2712947130203247], [-0.2356795221567154, 0.08698560297489166]]",False
early_neutral,4,2959,0.013995334888370544,-1,[0],"[[-0.9874122142791748, 0.008483631536364555], [-0.09076923877000809, -0.10554870218038559], [-0.040483035147190094, 0.14362302422523499], [0.06859119236469269, 0.2696155607700348], [-0.24180498719215393, 0.08527657389640808]]",False
early_neutral,4,2960,0.013662112629123625,-1,[0],"[[-0.9874122142791748, 0.008483631536364555], [-0.09611281752586365, -0.10786654055118561], [-0.04104884713888168, 0.14232322573661804], [0.05480972304940224, 0.2677555978298187], [-0.24827301502227783, 0.0829576626420021]]",False
early_neutral,4,2961,0.013328890369876709,-1,[0],"[[-0.9874122142791748, 0.008483631536364555], [-0.10174001753330231, -0.10989216715097427], [-0.04171443730592728, 0.13965310156345367], [0.04100830852985382, 0.26578274369239807], [-0.25556546449661255, 0.08005840331315994]]",False
early_neutral,4,2962,0.01299566811062979,-1,[0],"[[-0.9874122142791748, 0.008483631536364555], [-0.10766542702913284, -0.11151833832263947], [-0.04193295165896416, 0.13611426949501038], [0.027188703417778015, 0.26373615860939026], [-0.2633384168148041, 0.07683154195547104]]",False
early_neutral,4,2963,0.012662445851382872,-1,[0],"[[-0.9874122142791748, 0.008483631536364555], [-0.11382026970386505, -0.11273132264614105], [-0.0420580618083477, 0.13186879456043243], [0.01336216926574707, 0.26161572337150574], [-0.2716737985610962, 0.0735553726553917]]",False
early_neutral,4,2964,0.012329223592135955,-1,[0],"[[-0.9874122142791748, 0.008483631536364555], [-0.1201358512043953, -0.11352036893367767], [-0.042147088795900345, 0.12700997292995453], [-0.0004615832003764808, 0.25941887497901917], [-0.28043490648269653, 0.07027553766965866]]",False
early_neutral,4,2965,0.011996001332889037,-1,[0],"[[-0.9874122142791748, 0.008483631536364555], [-0.12654340267181396, -0.11387687921524048], [-0.04218467324972153, 0.12174540013074875], [-0.014275853522121906, 0.2571464478969574], [-0.2885705232620239, 0.06749355792999268]]",False
early_neutral,4,2966,0.01166277907364212,-1,[0],"[[-0.9874122142791748, 0.008483631536364555], [-0.13296709954738617, -0.11383280158042908], [-0.04370969533920288, 0.11620981246232986], [-0.02807590365409851, 0.25480061769485474], [-0.2968728542327881, 0.0649285688996315]]",False
early_neutral,4,2967,0.011329556814395202,-1,[0],"[[-0.9874122142791748, 0.008483631536364555], [-0.13922250270843506, -0.11357361078262329], [-0.048656124621629715, 0.11153040081262589], [-0.04185766726732254, 0.2523822486400604], [-0.3053250014781952, 0.06257981061935425]]",False
early_neutral,4,2968,0.010996334555148283,-1,[0],"[[-0.9874122142791748, 0.008483631536364555], [-0.14559414982795715, -0.11310944706201553], [-0.055103544145822525, 0.10727176070213318], [-0.055616673082113266, 0.2498895525932312], [-0.313911110162735, 0.06044672429561615]]",False
early_neutral,4,2969,0.010663112295901367,-1,[0],"[[-0.9874122142791748, 0.008483631536364555], [-0.15195001661777496, -0.11246473342180252], [-0.06159103661775589, 0.1030350849032402], [-0.06934871524572372, 0.24731971323490143], [-0.32261547446250916, 0.05852700024843216]]",False
early_neutral,4,2970,0.010329890036654448,-1,[0],"[[-0.9874122142791748, 0.008483631536364555], [-0.15823334455490112, -0.1118680015206337], [-0.06808649003505707, 0.0988035798072815], [-0.08305202424526215, 0.24467454850673676], [-0.3314164876937866, 0.05680398643016815]]",False
early_neutral,4,2971,0.009996667777407531,-1,[0],"[[-0.9874122142791748, 0.008483631536364555], [-0.16453705728054047, -0.11137484014034271], [-0.07458506524562836, 0.09457410126924515], [-0.09672794491052628, 0.2419617772102356], [-0.34030258655548096, 0.05527681112289429]]",False
early_neutral,4,2972,0.009663445518160613,-1,[0],"[[-0.9874122142791748, 0.008483631536364555], [-0.17094175517559052, -0.11097873002290726], [-0.08108395338058472, 0.09034482389688492], [-0.11037519574165344, 0.23918485641479492], [-0.3492525815963745, 0.05391649156808853]]",False
early_neutral,4,2973,0.009330223258913695,-1,[0],"[[-0.9874122142791748, 0.008483631536364555], [-0.177324578166008, -0.11067630350589752], [-0.08758305013179779, 0.08611568063497543], [-0.12377769500017166, 0.2373451441526413], [-0.3582550585269928, 0.052711620926856995]]",False
early_neutral,4,2974,0.008997000999666778,-1,[0],"[[-0.9874122142791748, 0.008483631536364555], [-0.18361786007881165, -0.11046288907527924], [-0.09408216178417206, 0.08188656717538834], [-0.13565777242183685, 0.23806919157505035], [-0.3676725924015045, 0.051793549209833145]]",False
early_neutral,4,2975,0.00866377874041986,-1,[0],"[[-0.9874122142791748, 0.008483631536364555], [-0.19004832208156586, -0.1103302389383316], [-0.10058131814002991, 0.07765746861696243], [-0.14725308120250702, 0.24055729806423187], [-0.37802132964134216, 0.051393307745456696]]",False
early_neutral,4,2976,0.008330556481172943,-1,[0],"[[-0.9874122142791748, 0.008483631536364555], [-0.19647516310214996, -0.11027228832244873], [-0.10708048939704895, 0.07342837750911713], [-0.1592305302619934, 0.24326108396053314], [-0.3886558413505554, 0.051523175090551376]]",False
early_neutral,4,2977,0.007997334221926024,-1,[0],"[[-0.9874122142791748, 0.008483631536364555], [-0.20275242626667023, -0.11027563363313675], [-0.1135796457529068, 0.06919927895069122], [-0.17150981724262238, 0.24612584710121155], [-0.3978421688079834, 0.051366981118917465]]",False
early_neutral,4,2978,0.007664111962679107,-1,[0],"[[-0.9874122142791748, 0.008483631536364555], [-0.2091854214668274, -0.1103401780128479], [-0.12007880210876465, 0.06497016549110413], [-0.18374434113502502, 0.24761651456356049], [-0.4069923162460327, 0.05081409960985184]]",False
early_neutral,4,2979,0.007330889703432189,-1,[0],"[[-0.9874122142791748, 0.008483631536364555], [-0.21561633050441742, -0.11045696586370468], [-0.1265779435634613, 0.06074105575680733], [-0.19503244757652283, 0.24619168043136597], [-0.4161101281642914, 0.050059881061315536]]",False
early_neutral,4,2980,0.006997667444185272,-1,[0],"[[-0.9874122142791748, 0.008483631536364555], [-0.2218862771987915, -0.11060025542974472], [-0.13307708501815796, 0.05651194974780083], [-0.20641936361789703, 0.2437547743320465], [-0.4252375364303589, 0.049365509301424026]]",False
early_neutral,4,2981,0.006664445184938354,-1,[0],"[[-0.9874122142791748, 0.008483631536364555], [-0.22831439971923828, -0.11077653616666794], [-0.13957622647285461, 0.05228284373879433], [-0.2184373140335083, 0.24367909133434296], [-0.4346863329410553, 0.04922579228878021]]",False
early_neutral,4,2982,0.006331222925691436,-1,[0],"[[-0.9874122142791748, 0.008483631536364555], [-0.23474067449569702, -0.11097906529903412], [-0.1460665762424469, 0.048048101365566254], [-0.2305721640586853, 0.24535514414310455], [-0.44494885206222534, 0.049719005823135376]]",False
early_neutral,4,2983,0.005998000666444518,-1,[0],"[[-0.9874122142791748, 0.008483631536364555], [-0.24102559685707092, -0.11118806898593903], [-0.1504533588886261, 0.04313371703028679], [-0.24309059977531433, 0.2471715360879898], [-0.45550230145454407, 0.050473619252443314]]",False
early_neutral,4,2984,0.005664778407197601,-1,[0],"[[-0.9874122142791748, 0.008483631536364555], [-0.24743139743804932, -0.11141033470630646], [-0.15148580074310303, 0.03740222752094269], [-0.2559413015842438, 0.24903331696987152], [-0.4662610590457916, 0.051295485347509384]]",False
early_neutral,4,2985,0.005331556147950683,-1,[0],"[[-0.9874122142791748, 0.008483631536364555], [-0.25385525822639465, -0.11164267361164093], [-0.15223312377929688, 0.03197353333234787], [-0.2690967917442322, 0.25078850984573364], [-0.4744549095630646, 0.05084044486284256]]",False
early_neutral,4,2986,0.004998333888703766,-1,[0],"[[-0.9874122142791748, 0.008483631536364555], [-0.2602015435695648, -0.11188414692878723], [-0.15558183193206787, 0.02943575009703636], [-0.282541960477829, 0.25226032733917236], [-0.48165562748908997, 0.04876838997006416]]",False
early_neutral,4,2987,0.004665111629456847,-1,[0],"[[-0.9874122142791748, 0.008483631536364555], [-0.26654037833213806, -0.11213820427656174], [-0.16125273704528809, 0.02950517274439335], [-0.29621070623397827, 0.2534591555595398], [-0.4873462915420532, 0.04515176638960838]]",False
early_neutral,4,2988,0.00433188937020993,-1,[0],"[[-0.9874122142791748, 0.008483631536364555], [-0.27297458052635193, -0.11240886151790619], [-0.16820243000984192, 0.030019648373126984], [-0.31005603075027466, 0.2543565034866333], [-0.48994171619415283, 0.040212541818618774]]",False
early_neutral,4,2989,0.003998667110963012,-1,[0],"[[-0.9874122142791748, 0.008483631536364555], [-0.280262291431427, -0.1127227172255516], [-0.1763473004102707, 0.03064725175499916], [-0.3240330219268799, 0.2549552023410797], [-0.49119848012924194, 0.03479353338479996]]",False
early_neutral,4,2990,0.0036654448517160947,-1,[0],"[[-0.9858975410461426, 0.008947416208684444], [-0.2887741029262543, -0.11309316009283066], [-0.18539442121982574, 0.031335264444351196], [-0.33810296654701233, 0.25528037548065186], [-0.49194884300231934, 0.028844840824604034]]",False
early_neutral,4,2991,0.003332222592469177,-1,[0],"[[-0.9819198250770569, 0.01019589975476265], [-0.2979392111301422, -0.11350232362747192], [-0.1951206475496292, 0.032016802579164505], [-0.3522360622882843, 0.2553369998931885], [-0.49213406443595886, 0.022865811362862587]]",False
early_neutral,4,2992,0.002999000333222259,-1,[0],"[[-0.9766111373901367, 0.011920169927179813], [-0.3071061074733734, -0.11393703520298004], [-0.20554986596107483, 0.03269708529114723], [-0.3660389482975006, 0.25467759370803833], [-0.4921736419200897, 0.01688500866293907]]",False
early_neutral,4,2993,0.0026657780739753416,-1,[0],"[[-0.9700680375099182, 0.014085289090871811], [-0.3162698447704315, -0.11439856141805649], [-0.21626275777816772, 0.03334307670593262], [-0.3773447573184967, 0.2520533800125122], [-0.4921891987323761, 0.010904157534241676]]",False
early_neutral,4,2994,0.0023325558147284237,-1,[0],"[[-0.9624232053756714, 0.016643790528178215], [-0.3254290223121643, -0.11489728838205338], [-0.2276185303926468, 0.03397848457098007], [-0.38693156838417053, 0.24738407135009766], [-0.4921911954879761, 0.004923297092318535]]",False
early_neutral,4,2995,0.001999333555481506,-1,[0],"[[-0.9541333317756653, 0.019433706998825073], [-0.33458277583122253, -0.11543630063533783], [-0.239571213722229, 0.03460922837257385], [-0.39665722846984863, 0.24228814244270325], [-0.49219226837158203, -0.0010575653286650777]]",False
early_neutral,4,2996,0.0016661112962345886,-1,[0],"[[-0.945283830165863, 0.022392237558960915], [-0.3437322676181793, -0.11600517481565475], [-0.2520311176776886, 0.03520366549491882], [-0.4065212309360504, 0.23687933385372162], [-0.4921923875808716, -0.007038424257189035]]",False
early_neutral,4,2997,0.0013328890369876708,-1,[0],"[[-0.9357219338417053, 0.025567373260855675], [-0.3528791666030884, -0.1165914386510849], [-0.26489174365997314, 0.035769350826740265], [-0.4165633022785187, 0.23128186166286469], [-0.4921923875808716, -0.013019286096096039]]",False
early_neutral,4,2998,0.000999666777740753,-1,[0],"[[-0.9260515570640564, 0.02878892980515957], [-0.3620220422744751, -0.11720359325408936], [-0.27806180715560913, 0.03635753318667412], [-0.42679253220558167, 0.22557491064071655], [-0.4921923875808716, -0.01900014467537403]]",False
early_neutral,4,2999,0.0006664445184938354,-1,[0],"[[-0.9158664345741272, 0.03219987079501152], [-0.37115347385406494, -0.1178840696811676], [-0.29147228598594666, 0.036969926208257675], [-0.43716999888420105, 0.21978572010993958], [-0.4921923875808716, -0.02498100884258747]]",False
early_neutral,4,3000,0.0003332222592469177,-1,[0],"[[-0.9051641225814819, 0.035801008343696594], [-0.3802712857723236, -0.11863794177770615], [-0.30506637692451477, 0.03762536868453026], [-0.4476747512817383, 0.2139430046081543], [-0.4921923875808716, -0.030961869284510612]]",False
